Name,Team,W,L,QS,ERA,G,GS,SV,HLD,BS,IP,TBF,H,R,ER,HR,BB,IBB,HBP,SO,K/9,BB/9,K/BB,HR/9,K%,BB%,K-BB%,AVG,WHIP,BABIP,LOB%,GB%,HR/FB,FIP,WAR,RA9-WAR,ADP,InterSD,InterSK,IntraSD,Vol,Skew,Dim,FPTS,FPTS/IP,SPTS,SPTS/IP,P10,P20,P30,P40,P50,P60,P70,P80,P90,TT10,TT20,TT30,TT40,TT50,TT60,TT70,TT80,TT90,NameASCII,PlayerId,MLBAMID
"Paul Skenes","PIT",13.704,8.99586,13.1223,2.81978,32,32,0,0,,185.504,740.075,143.736,62.19,58.12,15.0695,45.6335,0.4506,6.5588,214.98,10.4301,2.21398,4.71102,0.73112,0.290485,0.0616607,0.2288239188492298,0.208955,1.02084,0.281035,0.755797,,,2.71746,6.0461,5.72047,9.890000343322754,,,,,,,1088.5,5.852150537634409,1006,5.408602150537634,,,,,,,,,,,,,,,,,,,"Paul Skenes","33677",694973
"Tarik Skubal","DET",13.7123,8.95194,13.046,2.8198,32,32,0,0,,185.056,728.505,140.254,62.33,57.98,19.391,37.8984,0.494179,5.92976,222.511,10.8216,1.84315,5.87124,0.94306,0.305434,0.0520221,0.25341232493519783,0.204847,0.962696,0.272967,0.767011,,,2.80305,5.81448,5.64841,6.440000057220459,,,,,,,1085.3,5.866486486486486,992,5.3621621621621625,,,,,,,,,,,,,,,,,,,"Tarik Skubal","22267",669373
"Garrett Crochet","BOS",14.2063,9.07326,14.9196,3.1599,32,32,0,0,,194.56,781.803,156.443,73.46,68.31,22.0784,47.9528,0.573569,5.55919,235.026,10.8719,2.21821,4.90119,1.02131,0.30062,0.0613362,0.2392837405204773,0.214808,1.05055,0.285162,0.754734,,,3.01951,5.48946,5.06684,10.5600004196167,,,,,,,1074.8000000000002,5.511794871794873,997,5.112820512820512,,,,,,,,,,,,,,,,,,,"Garrett Crochet","27463",676979
"Logan Webb","SFG",13.41,9.90064,15.3121,3.35012,32,32,0,0,,196.032,804.32,182.345,78.3,72.97,15.348,45.7127,0.827672,6.23211,185.814,8.53087,2.09871,4.06482,0.704642,0.231019,0.0568339,0.1741856038570404,0.242358,1.16337,0.302961,0.724971,,,3.05215,5.10591,4.56448,54.88999938964844,,,,,,,1008.7,5.146428571428571,1001,5.107142857142857,,,,,,,,,,,,,,,,,,,"Logan Webb","17995",657277
"Cole Ragans","KCR",11.8287,8.66972,12.2824,3.3102,29,29,0,0,,168.461,692.455,131.139,66.12,61.96,17.7338,60.0902,0.570566,5.41866,210.66,11.2545,3.21031,3.50572,0.947423,0.304222,0.0867785,0.21744300425052643,0.209171,1.13515,0.284543,0.751849,,,3.16925,4.51288,4.00383,49.720001220703125,,,,,,,908.1999999999999,5.405952380952381,833,4.958333333333333,,,,,,,,,,,,,,,,,,,"Cole Ragans","21846",666142
"Cristopher Sánchez","PHI",12.8171,9.38271,12.5635,3.30015,32,32,0,0,,180.128,736.174,162.479,71.39,66.05,15.3977,44.293,0.457278,5.48334,175.225,8.75501,2.21307,3.95604,0.769338,0.238021,0.0601664,0.1778545044362545,0.236713,1.14792,0.29667,0.730945,,,3.12986,4.48514,4.25454,29.389999389648438,,,,,,,929.3,5.1627777777777775,908,5.044444444444444,,,,,,,,,,,,,,,,,,,"Cristopher Sanchez","20778",650911
"Chris Sale","ATL",11.8157,8.30302,12.9722,3.59011,28,28,0,0,,168.112,692.539,141.787,71.88,67.06,18.8933,46.9937,0.438916,8.88675,208.564,11.1656,2.51584,4.43812,1.01147,0.301158,0.0678571,0.23330069333314896,0.222704,1.12294,0.300325,0.720142,,,3.1121,4.44001,3.33859,33.439998626708984,,,,,,,890.3,5.2994047619047615,843,5.017857142857143,,,,,,,,,,,,,,,,,,,"Chris Sale","10603",519242
"Bryan Woo","SEA",12.5483,9.66618,12.5839,3.32005,32,32,0,0,,180.16,718.406,147.731,71.03,66.46,23.5028,34.0098,0.478313,6.56882,181.418,9.06286,1.69898,5.33429,1.1741,0.252529,0.0473407,0.20518805086612701,0.217947,1.00877,0.26269,0.743839,,,3.4928,4.25269,4.25454,41,,,,,,,891,4.95,827,4.594444444444444,,,,,,,,,,,,,,,,,,,"Bryan Woo","30279",693433
"Jesús Luzardo","PHI",12.2903,9.80166,14.1394,3.74976,31,31,0,0,,184.14,765.255,160.717,82.83,76.72,22.242,57.8493,0.513816,5.71328,205.396,10.0389,2.82743,3.55053,1.0871,0.268402,0.0755948,0.19280683249235153,0.229043,1.18696,0.292109,0.724207,,,3.51008,4.13201,3.20717,70.27999877929688,,,,,,,890.4,4.839130434782609,852,4.630434782608695,,,,,,,,,,,,,,,,,,,"Jesus Luzardo","19959",666200
"George Kirby","SEA",11.7876,9.90399,12.9713,3.63992,31,31,0,0,,177.754,722.815,159.07,76.93,71.89,21.7655,35.2234,0.477329,6.51736,170.634,8.63948,1.78343,4.84432,1.10203,0.236068,0.0487309,0.18733718246221542,0.233557,1.09305,0.280973,0.716409,,,3.51154,4.1221,3.45735,64.55999755859375,,,,,,,849.1999999999999,4.770786516853932,820,4.606741573033708,,,,,,,,,,,,,,,,,,,"George Kirby","25436",669923
"Yoshinobu Yamamoto","LAD",12.866,7.11098,12.2463,3.26007,28,28,0,0,,165.116,673.863,135.644,64.12,59.81,15.6762,50.2478,0.396934,5.39376,179.198,9.76755,2.73887,3.56628,0.854464,0.265926,0.0745669,0.19135920703411102,0.21941,1.12582,0.283379,0.742759,,,3.20975,4.10879,4.02722,24.719999313354492,,,,,,,863.6,5.233939393939394,810,4.909090909090909,,,,,,,,,,,,,,,,,,,"Yoshinobu Yamamoto","33825",808967
"Logan Gilbert","SEA",11.0342,8.92508,11.0694,3.40988,29,29,0,0,,160.95,645.641,130.469,65.32,60.98,21.3497,36.6119,0.50359,4.93313,188.861,10.5607,2.04726,5.15845,1.19383,0.292517,0.0567063,0.2358105517923832,0.215974,1.03809,0.277034,0.741745,,,3.2871,4.03493,3.63707,39.060001373291016,,,,,,,847.1000000000001,5.261490683229814,784,4.869565217391305,,,,,,,,,,,,,,,,,,,"Logan Gilbert","22250",669302
"Hunter Brown","HOU",12.1651,9.72948,13.4339,3.59976,31,31,0,0,,180.637,747.431,151.692,76.91,72.25,19.6907,61.0194,0.548994,7.08955,194.654,9.69837,3.04021,3.19003,0.981061,0.26043,0.0816388,0.17879167199134827,0.223299,1.17756,0.283887,0.733489,,,3.52818,3.93835,3.6582,38.720001220703125,,,,,,,884.2,4.8850828729281774,831,4.5911602209944755,,,,,,,,,,,,,,,,,,,"Hunter Brown","25880",686613
"Max Fried","NYY",13.8393,8.59429,14.3608,3.31022,31,31,0,0,,187.302,770.662,158.091,74.14,68.89,17.6754,59.2134,0.495436,7.0612,174.879,8.40305,2.84525,2.95336,0.849316,0.22692,0.0768344,0.15008563548326492,0.224437,1.16018,0.274338,0.743484,,,3.5561,3.9342,4.40055,58.279998779296875,,,,,,,903.5999999999999,4.832085561497326,853,4.561497326203209,,,,,,,,,,,,,,,,,,,"Max Fried","13743",608331
"Dylan Cease","TOR",12.6187,9.96929,14.0832,3.78017,32,32,0,0,,186.944,777.414,151.741,83.84,78.52,24.9226,68.9836,0.641225,6.28449,224.784,10.8217,3.32106,3.25852,1.19984,0.289143,0.0887346,0.20040863752365112,0.21611,1.1807,0.280298,0.7366,,,3.67129,3.88845,3.29697,69.77999877929688,,,,,,,906.0999999999999,4.845454545454545,835,4.46524064171123,,,,,,,,,,,,,,,,,,,"Dylan Cease","18525",656302
"Spencer Schwellenbach","ATL",10.9759,8.4187,11.2655,3.63025,28,28,0,0,,157.948,644.758,144.782,68.14,63.71,17.732,31.8252,0.596681,5.37516,153.397,8.74068,1.81343,4.81998,1.01039,0.237914,0.0493599,0.18855397030711174,0.238302,1.11814,0.291114,0.714624,,,3.35878,3.83383,3.10617,79.77999877929688,,,,,,,765.8,4.846835443037975,751,4.753164556962025,,,,,,,,,,,,,,,,,,,"Spencer Schwellenbach","31846",680885
"Joe Ryan","MIN",10.9833,10.389,12.2762,3.79,31,31,0,0,,173.042,703.416,144.4,77.64,72.87,26.4298,40.2947,0.444454,7.5669,188.532,9.80563,2.09574,4.67883,1.37463,0.268023,0.0572842,0.2107388898730278,0.220272,1.06734,0.267754,0.724847,,,3.77145,3.75663,3.0182,62.560001373291016,,,,,,,820.0000000000001,4.739884393063584,761,4.398843930635838,,,,,,,,,,,,,,,,,,,"Joe Ryan","21390",657746
"Ranger Suárez",,11.329,9.19951,12.6791,3.58984,29,29,0,0,,169.679,702.402,155.268,72.72,67.68,16.9192,46.5116,0.543753,5.52657,156.031,8.27611,2.46704,3.35467,0.897419,0.22214,0.0662179,0.15592170506715775,0.23874,1.18918,0.289788,0.724676,,,3.51233,3.70145,3.36165,169.44000244140625,,,,,,,798.9000000000001,4.699411764705883,782,4.6,,,,,,,,,,,,,,,,,,,"Ranger Suarez","17277",624133
"Hunter Greene","CIN",10.7859,10.9519,13.3834,3.94006,31,31,0,0,,178.901,739.2,146.487,83.41,78.32,26.8382,56.3669,0.483659,9.29953,209.507,10.5397,2.83566,3.71685,1.35015,0.283424,0.0762539,0.20717036724090576,0.21749,1.13389,0.273678,0.722674,,,3.84436,3.54976,2.87929,44.720001220703125,,,,,,,837.9,4.681005586592178,769,4.29608938547486,,,,,,,,,,,,,,,,,,,"Hunter Greene","22182",668881
"Framber Valdez",,12.0791,9.92886,13.7726,3.63014,31,31,0,0,,182.497,764.262,163.935,79.36,73.61,16.315,63.3244,0.476856,8.43596,173.37,8.5499,3.1229,2.73781,0.804591,0.226846,0.0828569,0.1439894586801529,0.236728,1.24528,0.293586,0.723513,,,3.57699,3.50164,3.50661,94.5,,,,,,,856.6,4.706593406593407,835,4.587912087912088,,,,,,,,,,,,,,,,,,,"Framber Valdez","17295",664285
"Freddy Peralta","MIL",12.3123,9.76006,13.9759,3.67023,31,31,0,0,,183.52,757.509,143.609,79.83,74.84,25.3119,67.0682,0.464122,8.35866,204.247,10.0165,3.28909,3.04536,1.24132,0.269629,0.0885378,0.1810915693640709,0.210545,1.14798,0.261416,0.746672,,,3.93528,3.49708,3.53124,62.279998779296875,,,,,,,862.7000000000002,4.68858695652174,778,4.228260869565218,,,,,,,,,,,,,,,,,,,"Freddy Peralta","18679",642547
"Brandon Woodruff","MIL",10.7066,8.52426,10.6695,3.47024,28,28,0,0,,155.064,626.416,122.051,63.94,59.79,21.6757,41.2541,0.444504,5.87665,172.662,10.0214,2.39441,4.18534,1.25807,0.275636,0.0658574,0.20977823436260223,0.210692,1.05314,0.26075,0.747335,,,3.6372,3.47723,3.34352,111.77999877929688,,,,,,,764.2,4.930322580645162,694,4.47741935483871,,,,,,,,,,,,,,,,,,,"Brandon Woodruff","16162",605540
"Blake Snell","LAD",11.5403,7.9821,11.8268,3.81017,28,28,0,0,,160.552,672.504,132.447,73.11,67.97,19.0347,65.1581,0.537945,4.3157,190.355,10.6707,3.65254,2.92144,1.06702,0.283054,0.0968887,0.1861656978726387,0.219636,1.23079,0.288112,0.728227,,,3.60328,3.34939,2.76554,61.33000183105469,,,,,,,787.5,4.891304347826087,731,4.540372670807454,,,,,,,,,,,,,,,,,,,"Blake Snell","13543",605483
"Jacob deGrom","TEX",10.9701,10.0549,11.3306,3.70974,31,31,0,0,,167.834,676.238,133.725,73.52,69.18,25.2154,43.2755,0.478162,4.52386,183.036,9.81518,2.32063,4.22954,1.35216,0.270667,0.0639945,0.20667289942502975,0.21279,1.05462,0.258241,0.730285,,,3.76151,3.33433,3.11764,44.779998779296875,,,,,,,809.3000000000001,4.817261904761905,737,4.386904761904762,,,,,,,,,,,,,,,,,,,"Jacob deGrom","10954",594798
"MacKenzie Gore","WSN",9.87826,12.0971,14.3657,4.21017,31,31,0,0,,183.52,783.736,168.379,92.14,85.85,23.1686,70.103,0.486581,6.47943,201.642,9.88873,3.43792,2.87637,1.13621,0.257283,0.0894473,0.16783610731363297,0.238109,1.29949,0.301053,0.71024,,,3.83072,3.30654,2.26383,195.72000122070312,,,,,,,817.9000000000003,4.445108695652175,797,4.331521739130435,,,,,,,,,,,,,,,,,,,"MacKenzie Gore","22201",669022
"Pablo López","MIN",10.3953,10.7759,11.9685,4.02994,31,31,0,0,,170.221,712.107,160.913,81.48,76.22,21.6669,44.0619,0.462105,7.27569,165.19,8.73399,2.32966,3.74904,1.14558,0.231973,0.0618754,0.1700979620218277,0.243524,1.20417,0.293823,0.707135,,,3.75376,3.2672,2.50555,140.61000061035156,,,,,,,745.8000000000001,4.387058823529412,741,4.358823529411764,,,,,,,,,,,,,,,,,,,"Pablo Lopez","17085",641154
"Zack Wheeler","PHI",9.08771,6.10921,9.75956,3.32979,21,21,0,0,,127.008,515.611,100.591,50.42,46.99,15.2079,36.4735,0.311963,5.11634,148.05,10.491,2.58457,4.0591,1.07766,0.287134,0.0707384,0.21639563143253326,0.212209,1.07918,0.274754,0.748398,,,3.34279,3.18359,3.01788,145.72000122070312,,,,,,,665.7000000000002,5.241732283464568,613,4.826771653543307,,,,,,,,,,,,,,,,,,,"Zack Wheeler","10310",554430
"Michael King","SDP",11.0392,10.2793,12.3778,3.9598,31,31,0,0,,172.918,728.073,154.348,81.58,76.08,21.8602,59.5068,0.703157,7.64227,171.522,8.92734,3.0972,2.88239,1.13778,0.235583,0.0817319,0.15385154634714127,0.233533,1.23674,0.283371,0.721825,,,3.95972,3.11395,2.5948,137.55999755859375,,,,,,,749.1999999999999,4.330635838150289,719,4.15606936416185,,,,,,,,,,,,,,,,,,,"Michael King","19853",650633
"Spencer Strider","ATL",10.1943,9.20014,11.8073,4.19023,28,28,0,0,,158.984,670.938,143.161,79,74.02,21.7911,52.7863,0.530413,6.3957,183.431,10.3839,2.9882,3.47497,1.23358,0.273394,0.0786753,0.19471918791532516,0.234016,1.2325,0.298548,0.706888,,,3.72619,3.09578,2.00755,103.22000122070312,,,,,,,723.2,4.548427672955975,698,4.389937106918239,,,,,,,,,,,,,,,,,,,"Spencer Strider","27498",675911
"Sonny Gray","BOS",10.4963,10.3571,11.2036,4.00991,31,31,0,0,,165.819,689.774,151.929,79.39,73.88,23.2807,44.9464,0.418609,5.92616,168.681,9.15535,2.43951,3.75294,1.26358,0.244546,0.0651611,0.1793844848871231,0.237797,1.18729,0.287842,0.715142,,,3.84618,3.05359,2.45632,112.33000183105469,,,,,,,735.3,4.429518072289157,716,4.313253012048193,,,,,,,,,,,,,,,,,,,"Sonny Gray","12768",543243
"Shohei Ohtani","LAD",10.0341,6.11986,9.68571,3.46975,23,23,0,0,,132.779,548.068,105.51,54.77,51.19,15.6436,47.1696,0.342707,5.70541,157.474,10.6739,3.19724,3.33846,1.06035,0.287325,0.0860653,0.20126011967658997,0.213069,1.14988,0.279023,0.748667,,,3.48944,3.04947,2.86186,1.059999942779541,,,,,,,666.8000000000001,5.013533834586466,612,4.601503759398496,,,,,,,,,,,,,,,,,,,"Shohei Ohtani","19755",660271
"Matthew Boyd","CHC",11.0892,10.0094,11.7618,3.89025,31,31,0,0,,169.601,703.255,149.959,78.51,73.31,22.5546,47.7111,0.460203,7.39642,152.222,8.07777,2.53182,3.19049,1.19688,0.216454,0.0678433,0.14861023426055908,0.231366,1.1655,0.269143,0.717427,,,4.04367,3.04931,2.71565,225.1699981689453,,,,,,,724.0999999999999,4.259411764705882,690,4.0588235294117645,,,,,,,,,,,,,,,,,,,"Matthew Boyd","15440",571510
"Tanner Bibee","CLE",10.5453,11.3575,13.9504,4.03017,31,31,0,0,,181.846,758.542,165.141,87.35,81.43,24.7184,52.2378,0.53833,7.60796,162.226,8.02897,2.58537,3.10553,1.22337,0.213866,0.068866,0.14499980211257935,0.236356,1.1954,0.274396,0.711422,,,4.10532,3.04135,2.65323,177.61000061035156,,,,,,,754.3,4.144505494505494,729,4.0054945054945055,,,,,,,,,,,,,,,,,,,"Tanner Bibee","30134",676440
"Eury Pérez","MIA",9.22699,9.88537,10.4338,3.75993,28,28,0,0,,152.572,626.78,123.053,68.28,63.74,21.6034,48.9636,0.45803,5.42719,167.456,9.878,2.88829,3.42001,1.27435,0.267169,0.0781193,0.1890498548746109,0.214981,1.12744,0.264653,0.731715,,,3.85024,3.01587,2.77416,83.94000244140625,,,,,,,713.8,4.665359477124182,651,4.254901960784314,,,,,,,,,,,,,,,,,,,"Eury Perez","27768",691587
"Nathan Eovaldi","TEX",10.7892,9.51763,12.3481,3.81,29,29,0,0,,166.866,686.526,147.491,75.35,70.64,21.781,43.7227,0.540984,6.4746,161.048,8.68623,2.35821,3.6834,1.17477,0.234585,0.0636869,0.1708977222442627,0.231785,1.14591,0.277201,0.720903,,,3.80422,3.00242,2.94575,142.11000061035156,,,,,,,754.9999999999998,4.520958083832334,721,4.317365269461078,,,,,,,,,,,,,,,,,,,"Nathan Eovaldi","9132",543135
"Nick Pivetta","SDP",11.477,10.8325,13.7345,4.11009,32,32,0,0,,183.456,761.56,160.916,89.46,83.78,30.0231,53.0613,0.70832,5.46004,190.943,9.36729,2.60308,3.59853,1.47287,0.250726,0.0696745,0.18105150759220123,0.228887,1.16637,0.271522,0.72417,,,4.13798,2.92651,2.50925,86.83000183105469,,,,,,,774.6,4.232786885245901,733,4.005464480874317,,,,,,,,,,,,,,,,,,,"Nick Pivetta","15454",601713
"Jack Flaherty","DET",10.0448,10.1729,12.3839,4.08985,29,29,0,0,,165.967,697,148.85,80.79,75.42,24.4391,51.9504,0.513843,7.67961,182.508,9.89699,2.81715,3.51313,1.32527,0.261848,0.0745343,0.18731418251991272,0.233538,1.20988,0.289044,0.720412,,,3.92795,2.87621,2.24841,216.88999938964844,,,,,,,731.8000000000001,4.408433734939759,704,4.240963855421687,,,,,,,,,,,,,,,,,,,"Jack Flaherty","17479",656427
"Kyle Bradish","BAL",9.59344,8.49198,8.06898,3.63984,28,28,0,0,,139.16,578.281,117.304,60.07,56.28,16.6576,47.4539,0.420129,5.98923,153.677,9.93885,3.06902,3.23844,1.07731,0.265748,0.0820603,0.18368729203939438,0.223505,1.18395,0.283908,0.740172,,,3.63474,2.80894,2.70949,73.44000244140625,,,,,,,664.3000000000002,4.7791366906474835,623,4.482014388489208,,,,,,,,,,,,,,,,,,,"Kyle Bradish","24586",680694
"Sandy Alcantara","MIA",10.6055,11.4462,14.4482,4.08998,31,31,0,0,,184.512,774.83,175.358,89.93,83.85,21.136,54.4505,0.515265,7.17385,141.415,6.89786,2.65595,2.59714,1.03096,0.182512,0.0702741,0.1122373640537262,0.245873,1.24549,0.28007,0.69863,,,4.09339,2.80152,2.53393,156.8300018310547,,,,,,,754.7,4.07945945945946,751,4.059459459459459,,,,,,,,,,,,,,,,,,,"Sandy Alcantara","18684",645261
"Luis Castillo","SEA",10.9625,10.8389,13.904,4.20007,31,31,0,0,,180.854,755.721,166.37,90.4,84.4,26.6506,51.7371,0.668451,6.65792,162.99,8.11104,2.57464,3.15036,1.32624,0.215676,0.0684606,0.14721491187810898,0.238583,1.20598,0.275209,0.706359,,,4.21701,2.78567,2.27822,162.77999877929688,,,,,,,724.7000000000002,4.003867403314918,703,3.883977900552486,,,,,,,,,,,,,,,,,,,"Luis Castillo","15689",622491
"David Peterson","NYM",10.855,10.8946,13.831,4.25993,31,31,0,0,,180.172,777.807,181.181,91.37,85.28,18.5447,66.2555,0.615228,8.12199,155.546,7.76986,3.30961,2.34766,0.92635,0.19998,0.0851825,0.11479736119508743,0.257568,1.37334,0.307244,0.704672,,,3.985,2.7559,2.1124,355.7799987792969,,,,,,,717.6999999999999,3.987222222222222,743,4.127777777777778,,,,,,,,,,,,,,,,,,,"David Peterson","20302",656849
"Tyler Glasnow","LAD",10.4746,7.53833,10.8093,3.91983,26,26,0,0,,147.68,612.795,122.254,68.53,64.32,20.0041,52.6137,0.372348,4.13847,167.698,10.2199,3.20642,3.18734,1.2191,0.273661,0.0858586,0.1878020390868187,0.219863,1.1841,0.277595,0.724065,,,3.77783,2.73517,2.34094,113.22000122070312,,,,,,,697,4.70945945945946,645,4.358108108108108,,,,,,,,,,,,,,,,,,,"Tyler Glasnow","14374",607192
"Kevin Gausman","TOR",11.053,10.7657,14.2945,4.46981,31,31,0,0,,182.001,768.341,173.006,96.33,90.39,27.5861,55.2861,0.62687,4.48264,174.506,8.62937,2.73391,3.15642,1.36414,0.22712,0.0719552,0.15516526252031326,0.244162,1.25435,0.28712,0.695741,,,4.17311,2.7303,1.73312,117.22000122070312,,,,,,,725.6000000000001,3.9868131868131877,719,3.9505494505494507,,,,,,,,,,,,,,,,,,,"Kevin Gausman","14107",592332
"Drew Rasmussen","TBR",9.39091,10.9496,9.54168,3.97005,31,31,0,0,,156.24,648.69,145.649,73.89,68.92,19.7739,40.9238,0.522382,5.49463,133.926,7.71464,2.35736,3.27257,1.13905,0.206456,0.0630868,0.1433693692088127,0.241832,1.19414,0.280612,0.70919,,,3.95736,2.68769,2.33324,147.5,,,,,,,658.8000000000001,4.223076923076923,650,4.166666666666667,,,,,,,,,,,,,,,,,,,"Drew Rasmussen","25385",656876
"Trevor Rogers","BAL",10.4234,9.40953,11.521,4.13028,29,29,0,0,,160.747,680.073,148.651,78.98,73.77,20.2196,55.152,0.713324,5.74743,148.689,8.3249,3.08788,2.69599,1.13207,0.218637,0.0810972,0.1375400722026825,0.24008,1.26785,0.285236,0.71126,,,4.05692,2.62659,2.13517,164.72000122070312,,,,,,,673.0000000000001,4.180124223602485,660,4.099378881987578,,,,,,,,,,,,,,,,,,,"Trevor Rogers","22286",669432
"Aaron Nola","PHI",10.8728,10.7574,13.6443,4.36013,31,31,0,0,,178.653,750.981,169.469,92.57,86.55,27.8927,51.7901,0.463998,5.88995,171.667,8.64808,2.60903,3.31467,1.40515,0.228591,0.0689633,0.15962746739387512,0.244438,1.23849,0.286743,0.706271,,,4.21158,2.61033,1.84674,211.3300018310547,,,,,,,710.8000000000003,3.9709497206703928,701,3.916201117318436,,,,,,,,,,,,,,,,,,,"Aaron Nola","16149",605400
"Nolan McLean","NYM",9.55784,9.23027,9.8111,3.83002,28,28,0,0,,148.652,623.589,131.719,67.66,63.26,17.1582,51.1102,0.444357,7.51435,143.353,8.67915,3.09442,2.80478,1.03883,0.229883,0.0819613,0.1479218602180481,0.233146,1.22992,0.283249,0.725212,,,3.89009,2.60156,2.51129,93.94000244140625,,,,,,,659.3000000000002,4.424832214765102,633,4.248322147651007,,,,,,,,,,,,,,,,,,,"Nolan McLean","33703",690997
"Andrew Painter","PHI",8.10008,7.53465,5.11932,3.60156,37,21,0,0,,115.175,473.124,100.015,49.37,46.09,13.6608,29.6421,0.671586,4.36142,121.939,9.52856,2.31629,4.11371,1.06748,0.257732,0.0626519,0.19507993757724762,0.227763,1.12574,0.28451,0.726371,,,3.4453,2.5719,2.14883,999,,,,,,,560.8,4.8765217391304345,535,4.6521739130434785,,,,,,,,,,,,,,,,,,,"Andrew Painter","sa3017880",691725
"Zac Gallen",,11.5452,11.2982,15.3445,4.24988,32,32,0,0,,192.288,813.366,175.796,96.95,90.8,27.0068,66.6176,0.59503,7.28948,183.165,8.57299,3.11802,2.7495,1.26405,0.225194,0.0819036,0.14329001307487488,0.237736,1.26068,0.281113,0.710952,,,4.20894,2.53948,2.26003,216.44000244140625,,,,,,,775.1000000000003,4.036979166666668,753,3.921875,,,,,,,,,,,,,,,,,,,"Zac Gallen","19291",668678
"Kris Bubic","KCR",8.67346,9.0831,5.95684,3.86006,40,24,0,0.6688,,128.423,541.533,119.398,59,55.08,13.4986,41.2964,0.99877,4.47491,125.692,8.80861,2.89409,3.04365,0.945996,0.232104,0.0762583,0.15584569424390793,0.240837,1.25129,0.296993,0.717186,,,3.61334,2.53729,1.94121,221.27999877929688,,,,,,,598.9000000000001,4.678906250000001,592,4.625,,,,,,,,,,,,,,,,,,,"Kris Bubic","21455",663460
"Mitch Keller","PIT",9.32675,11.8907,12.7472,4.74997,31,31,0,0,,171.74,741.682,178.247,96.6,90.64,21.8874,52.2533,0.4414,9.11624,145.287,7.61376,2.73832,2.78045,1.147,0.195889,0.0704523,0.12543664127588272,0.262007,1.34214,0.304712,0.669977,,,4.17199,2.53049,1.01895,344.55999755859375,,,,,,,646.3999999999999,3.7581395348837203,681,3.9593023255813953,,,,,,,,,,,,,,,,,,,"Mitch Keller","17594",656605
"Gavin Williams","CLE",10.3793,11.6342,14.4873,4.20999,31,31,0,0,,184.233,788.545,162.178,91.97,86.18,23.6062,80.2441,0.485583,7.82267,184.517,9.01389,3.92002,2.29945,1.15319,0.233997,0.101762,0.13223499804735184,0.231525,1.31585,0.281448,0.718583,,,4.23182,2.52248,2.26383,146.11000061035156,,,,,,,751.2,4.0826086956521745,714,3.880434782608696,,,,,,,,,,,,,,,,,,,"Gavin Williams","30122",668909
"Sean Manaea","NYM",9.72833,9.78266,12.0911,4.22983,28,28,0,0,,160.496,677.301,143.687,80.58,75.43,24.4407,54.721,0.483394,6.94142,166.511,9.33731,3.06855,3.04291,1.37054,0.245845,0.0807928,0.16505246609449387,0.233395,1.23622,0.280786,0.717627,,,4.19245,2.47854,1.86636,268.5,,,,,,,662.4,4.14,636,3.975,,,,,,,,,,,,,,,,,,,"Sean Manaea","15873",640455
"Nick Lodolo","CIN",8.83218,10.2658,10.7888,4.17987,28,28,0,0,,153.048,644.129,142.942,76.21,71.08,21.5771,41.9779,0.497656,11.4023,151.782,8.92557,2.46851,3.61577,1.26884,0.23564,0.06517,0.17046964913606644,0.241967,1.20825,0.290771,0.702659,,,4.03079,2.46769,1.93373,125.22000122070312,,,,,,,634.8,4.149019607843137,624,4.078431372549019,,,,,,,,,,,,,,,,,,,"Nick Lodolo","26378",666157
"Shane McClanahan","TBR",8.11831,8.46467,9.74019,3.99996,24,24,0,0,,134.664,561.667,125.21,64.2,59.85,18.8454,38.2166,0.513717,3.13484,140.761,9.40751,2.55413,3.68326,1.2595,0.250614,0.0680414,0.1825723648071289,0.240642,1.21359,0.294876,0.724054,,,3.78506,2.46348,2.02367,247.88999938964844,,,,,,,599.3,4.439259259259259,587,4.348148148148148,,,,,,,,,,,,,,,,,,,"Shane McClanahan","21483",663556
"Bubba Chandler","PIT",8.81327,10.1148,6.55617,4.01615,38,26,0,0.6574,,136.564,575.192,127.426,65.19,60.94,16.2961,41.6642,0.744025,5.98737,128.738,8.48423,2.74581,3.08988,1.07397,0.223817,0.0724353,0.15138130635023117,0.241548,1.23818,0.290531,0.710305,,,3.84784,2.41244,1.93079,151.88999938964844,,,,,,,604.8000000000002,4.414598540145986,595,4.343065693430657,,,,,,,,,,,,,,,,,,,"Bubba Chandler","29868",696149
"José Soriano","LAA",10.5465,11.1914,13.43,3.98999,31,31,0,0,,178.963,768.914,169.203,84.83,79.34,17.0139,74.2269,0.623075,9.80346,150.508,7.56902,3.73285,2.02768,0.855626,0.195741,0.0965348,0.0992065966129303,0.247054,1.36023,0.294165,0.722188,,,4.09766,2.37537,2.66864,340.7799987792969,,,,,,,726.1000000000003,4.056424581005588,724,4.044692737430168,,,,,,,,,,,,,,,,,,,"Jose Soriano","22100",667755
"Merrill Kelly","ARI",10.1673,10.9956,12.425,4.45004,31,31,0,0,,171.12,723.01,165.852,90.29,84.61,24.874,50.2413,0.518458,4.73856,145.17,7.63515,2.64242,2.88945,1.30824,0.200785,0.069489,0.13129591196775436,0.24827,1.26282,0.283095,0.694011,,,4.292,2.35208,1.64787,230.38999938964844,,,,,,,651.3000000000001,3.808771929824562,655,3.8304093567251463,,,,,,,,,,,,,,,,,,,"Merrill Kelly","11156",518876
"Quinn Priester","MIL",10.0072,9.64864,10.8664,4.00984,29,29,0,0,,157.383,660.413,150.235,75.17,70.12,18.6168,45.072,0.421538,6.43358,122.528,7.0068,2.57746,2.7185,1.06461,0.185532,0.0682482,0.11728417128324509,0.246729,1.24097,0.281378,0.709847,,,4.09763,2.34966,2.29361,282.8900146484375,,,,,,,631.0999999999999,4.019745222929935,631,4.019108280254777,,,,,,,,,,,,,,,,,,,"Quinn Priester","25977",682990
"Chase Burns","CIN",7.65845,9.07022,5.70864,3.86943,33,23,0,0.6661,,116.808,485.353,97.9503,53.65,50.22,16.2998,39.1351,0.53571,4.41167,140.653,10.8373,3.01534,3.59404,1.25589,0.289795,0.0806323,0.2091631069779396,0.221704,1.1736,0.286641,0.730188,,,3.65934,2.34808,1.81162,117.11000061035156,,,,,,,571.2000000000003,4.882051282051284,534,4.564102564102564,,,,,,,,,,,,,,,,,,,"Chase Burns","35333",695505
"Chris Bassitt",,9.90846,10.5194,13.3385,4.42021,29,29,0,0,,170.259,732.208,161.75,89.49,83.62,22.201,62.999,0.629413,10.4553,153.278,8.10237,3.33017,2.43302,1.17356,0.209337,0.0860397,0.12329696118831635,0.245539,1.32004,0.288757,0.698407,,,4.32403,2.33743,1.68598,415.2799987792969,,,,,,,653.2,3.842352941176471,651,3.8294117647058825,,,,,,,,,,,,,,,,,,,"Chris Bassitt","12304",605135
"Brandon Pfaadt","ARI",9.89102,11.4354,13.1753,4.75022,31,31,0,0,,174.251,742.735,183.22,98.17,91.97,27.329,40.6505,0.784402,7.04894,146.235,7.55299,2.09958,3.59737,1.41153,0.196887,0.0547308,0.14215636625885963,0.263612,1.28476,0.298944,0.677229,,,4.3168,2.31734,1.04354,375.2799987792969,,,,,,,627.7,3.6074712643678164,667,3.8333333333333335,,,,,,,,,,,,,,,,,,,"Brandon Pfaadt","27782",694297
"Grayson Rodriguez","LAA",7.53315,8.40069,9.46451,4.06023,23,23,0,0,,129.628,544.718,118.787,62.5,58.48,17.6085,40.3635,0.375749,4.96054,133.836,9.29213,2.80242,3.31575,1.22255,0.245697,0.0740998,0.17159702628850937,0.237863,1.22775,0.290785,0.718599,,,3.88506,2.30866,1.90997,312.7200012207031,,,,,,,564.2,4.340000000000001,549,4.223076923076923,,,,,,,,,,,,,,,,,,,"Grayson Rodriguez","24492",680570
"Andrew Abbott","CIN",9.06635,10.8943,11.8844,4.3902,29,29,0,0,,161.849,682.549,151.281,84.21,78.95,25.368,50.1002,0.528907,4.18645,143.138,7.95954,2.78594,2.85704,1.41065,0.209711,0.0734016,0.13630956411361694,0.240794,1.24426,0.27387,0.706422,,,4.4102,2.30403,1.68818,215.94000244140625,,,,,,,622.6999999999999,3.8438271604938268,609,3.759259259259259,,,,,,,,,,,,,,,,,,,"Andrew Abbott","29911",671096
"Lucas Giolito",,9.90477,10.6356,13.7485,4.49982,29,29,0,0,,172.347,736.168,160.379,92.06,86.17,26.2255,63.7555,0.673639,5.68674,160.617,8.38745,3.32933,2.51926,1.3695,0.21818,0.0866046,0.13157514482736588,0.240547,1.30048,0.279554,0.704702,,,4.45819,2.29808,1.51094,381.2200012207031,,,,,,,649,3.7732558139534884,634,3.686046511627907,,,,,,,,,,,,,,,,,,,"Lucas Giolito","15474",608337
"Nick Martinez",,9.24501,10.0244,11.5202,4.34985,28,28,0,0,,156.688,657.48,154.218,80.92,75.73,21.6135,37.9696,0.461767,6.04974,116.501,6.6917,2.18093,3.06827,1.24146,0.177193,0.0577502,0.11944303289055824,0.251391,1.22656,0.278965,0.68714,,,4.28412,2.2943,1.67721,577.719970703125,,,,,,,592.8,3.7757961783439487,601,3.828025477707006,,,,,,,,,,,,,,,,,,,"Nick Martinez","12730",607259
"Carlos Rodón","NYY",10.743,9.16552,13.1938,4.22983,28,28,0,0,,166.964,702.382,142.295,83.69,78.47,25.6472,62.3218,0.45169,7.06747,173.838,9.37051,3.35938,2.78936,1.38248,0.247497,0.0887291,0.1587679162621498,0.224796,1.22551,0.269078,0.716769,,,4.2965,2.29332,2.00351,196.22000122070312,,,,,,,687.8,4.118562874251497,638,3.820359281437126,,,,,,,,,,,,,,,,,,,"Carlos Rodon","16137",607074
"Shane Baz","BAL",10.2628,9.4885,11.3637,4.19019,29,29,0,0,,159.587,673.811,141.732,79.2,74.3,22.9744,57.0827,0.422104,7.85986,154.273,8.70031,3.21921,2.70262,1.29565,0.228956,0.0847163,0.1442396268248558,0.232779,1.24581,0.275143,0.717758,,,4.29406,2.28061,2.07129,185.44000244140625,,,,,,,644.9000000000001,4.030625000000001,614,3.8375,,,,,,,,,,,,,,,,,,,"Shane Baz","22264",669358
"Chad Patrick","MIL",8.55745,8.93299,9.55195,4.23027,26,26,0,0,,139.204,585.625,129.211,70.07,65.43,21.0398,40.8896,0.463764,5.34299,132.596,8.57279,2.64365,3.24279,1.3603,0.226418,0.0698221,0.15659627318382263,0.239549,1.22195,0.280413,0.711229,,,4.19131,2.2625,1.65902,356.55999755859375,,,,,,,562.9000000000002,4.049640287769786,550,3.9568345323741005,,,,,,,,,,,,,,,,,,,"Chad Patrick","30113",694477
"Braxton Ashcraft","PIT",7.99377,9.21753,5.84254,4.08054,41,23,0,0.6574,,128.498,541.999,123.039,62.3,58.26,14.0403,38.0389,0.8251,4.85616,116.009,8.1253,2.66425,3.04975,0.983383,0.214039,0.0701826,0.14385683834552765,0.246521,1.25355,0.295347,0.698465,,,3.75141,2.26153,1.60717,288.7799987792969,,,,,,,562.2,4.3921875,565,4.4140625,,,,,,,,,,,,,,,,,,,"Braxton Ashcraft","23793",677952
"Joe Musgrove","SDP",9.07115,9.54089,9.64787,4.17974,28,28,0,0,,146.356,613.821,136.242,72.61,67.97,21.2177,38.6597,0.554816,8.93952,135.888,8.35626,2.37734,3.51497,1.30476,0.22138,0.0629821,0.15839789062738419,0.240617,1.19505,0.281154,0.704504,,,4.13853,2.23018,1.7963,242.1699981689453,,,,,,,596.5000000000001,4.0856164383561655,585,4.006849315068493,,,,,,,,,,,,,,,,,,,"Joe Musgrove","12970",605397
"Edward Cabrera","MIA",8.23601,9.55251,10.0281,4.05024,26,26,0,0,,142.636,603.526,124.164,68.78,64.19,17.6048,56.5349,0.427881,7.23651,146.277,9.22973,3.56722,2.58737,1.11082,0.24237,0.0936743,0.14869607985019684,0.230038,1.26685,0.283498,0.717189,,,4.02988,2.22668,2.01746,195.44000244140625,,,,,,,614.4000000000001,4.296503496503497,581,4.062937062937063,,,,,,,,,,,,,,,,,,,"Edward Cabrera","21690",665795
"Zack Littell",,9.86047,11.2616,12.2578,4.45987,31,31,0,0,,170.097,713.927,170.187,90.01,84.29,27.2919,37.5308,0.535524,5.89291,130.572,6.9087,1.98579,3.47906,1.44404,0.182893,0.0525696,0.13032332807779312,0.253819,1.22117,0.278743,0.694403,,,4.45157,2.22302,1.58553,431.2200012207031,,,,,,,613.9000000000001,3.611176470588236,629,3.7,,,,,,,,,,,,,,,,,,,"Zack Littell","15823",641793
"Robbie Ray","SFG",10.3689,11.6557,14.9672,4.55999,31,31,0,0,,185.566,795.268,167.303,101.19,94.02,30.7456,75.8652,0.521695,6.58679,198.76,9.63989,3.67948,2.6199,1.49117,0.249928,0.0953958,0.15453194826841354,0.234707,1.31041,0.282545,0.70945,,,4.47983,2.21287,1.48454,147.11000061035156,,,,,,,709.9000000000001,3.8166666666666673,676,3.6344086021505375,,,,,,,,,,,,,,,,,,,"Robbie Ray","11486",592662
"Michael Wacha","KCR",9.07555,10.4083,10.7204,4.45975,29,29,0,0,,154.744,658.687,152.45,81.77,76.68,20.9202,46.5425,0.478916,5.15083,114.353,6.65086,2.70694,2.45697,1.21673,0.173608,0.0706595,0.1029486283659935,0.251156,1.28595,0.278831,0.690746,,,4.41684,2.21191,1.45139,359.7200012207031,,,,,,,565.5,3.6483870967741936,574,3.703225806451613,,,,,,,,,,,,,,,,,,,"Michael Wacha","14078",608379
"Clay Holmes","NYM",10.5248,10.5604,11.8086,4.05005,31,31,0,0,,169.198,723.807,161.625,81.45,76.14,16.5729,62.6727,0.480786,9.85593,126.452,6.72623,3.33369,2.01765,0.88155,0.174703,0.0865876,0.08811581879854202,0.248165,1.32565,0.285392,0.710347,,,4.19975,2.20622,2.44104,343.8299865722656,,,,,,,653.3000000000002,3.865680473372782,657,3.8875739644970415,,,,,,,,,,,,,,,,,,,"Clay Holmes","13649",605280
"Ryne Nelson","ARI",9.28069,10.3929,11.3597,4.55017,29,29,0,0,,158.137,671.845,159.848,85.16,79.95,22.7639,41.4655,0.635555,5.11233,128.36,7.30531,2.35991,3.09558,1.29555,0.191056,0.0617189,0.12933694198727608,0.255648,1.27303,0.28912,0.685498,,,4.26671,2.19806,1.33877,260.7799987792969,,,,,,,588.3000000000001,3.7234177215189876,609,3.8544303797468356,,,,,,,,,,,,,,,,,,,"Ryne Nelson","26253",669194
"Shane Bieber","TOR",9.07003,8.61625,10.0814,4.15978,26,26,0,0,,142.558,595.852,135.222,70.72,65.89,20.6748,38.8881,0.402449,4.36875,132.713,8.37846,2.45509,3.41268,1.30525,0.222728,0.0652648,0.15746332705020905,0.244703,1.22133,0.286936,0.712222,,,4.06891,2.18264,1.8107,172,,,,,,,585.9000000000001,4.097202797202798,579,4.048951048951049,,,,,,,,,,,,,,,,,,,"Shane Bieber","19427",669456
"Matthew Liberatore","STL",7.93496,10.8278,10.0727,4.58983,28,28,0,0,,147.28,628.637,149.549,80.16,75.11,19.4022,42.1327,0.412211,5.3354,116.185,7.09985,2.57465,2.7576,1.18563,0.184821,0.0670224,0.11779843270778656,0.257324,1.30148,0.292083,0.677866,,,4.23687,2.13054,1.15429,438.7200012207031,,,,,,,555.0999999999999,3.7761904761904757,579,3.938775510204082,,,,,,,,,,,,,,,,,,,"Matthew Liberatore","22294",669461
"Casey Mize","DET",8.90847,10.4643,10.1885,4.27972,29,29,0,0,,152.337,641.351,147.04,77.97,72.44,21.3632,40.4774,0.496309,7.06647,124.373,7.34789,2.39139,3.07265,1.26213,0.193923,0.0631128,0.13081052899360657,0.247623,1.23094,0.280485,0.695059,,,4.26163,2.07584,1.66628,260.7200012207031,,,,,,,591.3,3.890131578947368,594,3.9078947368421053,,,,,,,,,,,,,,,,,,,"Casey Mize","20492",663554
"Joey Cantillo","CLE",7.59978,9.23061,5.29537,3.88871,54,21,0,0.6864,,131.318,557.642,112.684,60.82,56.74,15.1857,55.6067,1.20664,4.58212,139.782,9.58009,3.81104,2.51377,1.04076,0.250667,0.0997176,0.15094946324825287,0.226523,1.28155,0.28468,0.730941,,,3.88458,2.04978,1.76215,275.2799987792969,,,,,,,592.1000000000001,4.519847328244276,561,4.282442748091603,,,,,,,,,,,,,,,,,,,"Joey Cantillo","23335",676282
"Shota Imanaga","CHC",9.8873,9.79604,11.1147,4.18004,29,29,0,0,,158.166,651.58,143.259,78.92,73.46,29.0201,36.2973,0.405363,4.37151,143.377,8.15845,2.0654,3.95007,1.65131,0.220044,0.0557065,0.1643378548324108,0.2345,1.13524,0.260513,0.724377,,,4.47876,2.04906,1.94394,171,,,,,,,606.7,3.8398734177215195,579,3.6645569620253164,,,,,,,,,,,,,,,,,,,"Shota Imanaga","33829",684007
"Noah Cameron","KCR",8.4262,9.25974,10.1658,4.38006,26,26,0,0,,142.272,606.513,138.669,74.32,69.24,19.7704,45.6337,0.491636,4.65087,123.207,7.794,2.88675,2.69992,1.25066,0.203141,0.0752395,0.12790127843618393,0.249302,1.29542,0.287715,0.702207,,,4.26997,2.04597,1.44239,253.3300018310547,,,,,,,536.4,3.777464788732394,543,3.823943661971831,,,,,,,,,,,,,,,,,,,"Noah Cameron","30184",702070
"Reese Olson","DET",8.12707,9.11137,5.98478,3.92617,32,24,0,0.6108,,121.561,510.702,110.023,57.09,53.03,14.4059,39.6961,0.680548,4.98739,112.959,8.36314,2.93897,2.8456,1.06657,0.221184,0.0777284,0.14345580339431763,0.236092,1.23164,0.282346,0.715003,,,3.92,2.04199,1.83841,306.44000244140625,,,,,,,539.6000000000001,4.422950819672132,523,4.286885245901639,,,,,,,,,,,,,,,,,,,"Reese Olson","24968",681857
"Gerrit Cole","NYY",8.45417,7.36682,9.36581,4.10995,23,23,0,0,,128.892,534.769,114.11,62.7,58.86,20.4042,37.0037,0.402855,4.21163,126.826,8.85575,2.58382,3.42739,1.42474,0.237161,0.0691956,0.16796495020389557,0.231201,1.17241,0.270573,0.721463,,,4.18445,1.99289,1.74162,281.1099853515625,,,,,,,543.1999999999999,4.210852713178294,516,4,,,,,,,,,,,,,,,,,,,"Gerrit Cole","13125",543037
"Justin Steele","CHC",5.85199,4.48309,5.78274,3.41949,15,15,0,0,,83.565,341.497,74.0944,34.3,31.75,8.11331,20.5239,0.209134,2.90992,76.017,8.18707,2.21043,3.70384,0.873809,0.222599,0.0600996,0.16249936819076538,0.232955,1.13227,0.282051,0.72446,,,3.41923,1.9907,1.88824,399.3299865722656,,,,,,,410.80000000000007,4.890476190476191,396,4.714285714285714,,,,,,,,,,,,,,,,,,,"Justin Steele","17312",657006
"Eduardo Rodriguez","ARI",8.36577,9.57301,11.1844,4.73008,26,26,0,0,,147.004,637.705,149.968,82.65,77.26,20.0713,54.1409,0.672782,3.8516,126.181,7.72518,3.31466,2.33061,1.22882,0.197868,0.0848996,0.112968310713768,0.258694,1.38846,0.299675,0.690072,,,4.37688,1.96784,0.86171,545.3300170898438,,,,,,,529.8,3.604081632653061,553,3.761904761904762,,,,,,,,,,,,,,,,,,,"Eduardo Rodriguez","13164",593958
"Cody Ponce","TOR",8.55201,9.02726,6.16921,4.22078,40,24,0,0.6504,,128.94,543.662,118.075,64.78,60.47,19.7384,40.6052,0.732638,5.8289,139.924,9.76665,2.83423,3.44597,1.37774,0.257373,0.0746883,0.18268492072820663,0.237467,1.23065,0.291311,0.716542,,,4.03519,1.95659,1.38422,311.6099853515625,,,,,,,544.8,4.223255813953488,528,4.093023255813954,,,,,,,,,,,,,,,,,,,"Cody Ponce","17920",664074
"Cade Horton","CHC",8.2916,8.68856,8.1705,4.12975,26,26,0,0,,131.456,549.849,120.589,64.62,60.32,17.3218,38.7815,0.374324,5.34442,108.579,7.43377,2.65514,2.79977,1.18592,0.197471,0.0705312,0.12693999707698822,0.23845,1.21235,0.271884,0.701233,,,4.20319,1.94237,1.66305,194.8300018310547,,,,,,,531.7,4.058778625954199,520,3.969465648854962,,,,,,,,,,,,,,,,,,,"Cade Horton","31872",690990
"Cam Schlittler","NYY",8.83349,8.58644,9.55768,4.31996,26,26,0,0,,138.918,593.029,125.79,71.12,66.68,18.9657,53.7699,0.399404,7.04636,137.734,8.92329,3.48356,2.56154,1.22872,0.232255,0.0906699,0.14158492535352707,0.236354,1.29256,0.284477,0.708722,,,4.24036,1.93009,1.55716,129.55999755859375,,,,,,,560.3000000000001,4.030935251798562,541,3.8920863309352516,,,,,,,,,,,,,,,,,,,"Cam Schlittler","32095",693645
"Ryan Pepiot","TBR",9.62915,11.7367,12.9656,4.54011,31,31,0,0,,173.91,740.452,157.392,93.91,87.73,29.4355,63.9844,0.47131,8.54632,170.291,8.81273,3.31125,2.66145,1.52331,0.229983,0.0864127,0.14357014745473862,0.235644,1.27293,0.273297,0.707491,,,4.62827,1.88927,1.43574,139.88999938964844,,,,,,,643.7,3.699425287356322,614,3.528735632183908,,,,,,,,,,,,,,,,,,,"Ryan Pepiot","26221",686752
"Hurston Waldrep","ATL",8.16946,9.03972,9.16308,4.62025,26,26,0,0,,135.538,586.198,134.293,74.2,69.58,16.3291,51.3709,0.479114,5.55682,120.494,8.00107,3.41113,2.34558,1.08428,0.205552,0.0876339,0.11791808158159256,0.253731,1.36983,0.300584,0.684653,,,4.18335,1.8734,1.06922,271.7200012207031,,,,,,,530.2000000000002,3.898529411764707,541,3.9779411764705883,,,,,,,,,,,,,,,,,,,"Hurston Waldrep","33527",694462
"Brady Singer","CIN",9.14368,12.1812,13.0457,4.79024,31,31,0,0,,173.321,748.358,175.384,98.22,92.25,26.1865,57.842,0.457614,9.14656,153.649,7.97852,3.00355,2.65636,1.35978,0.205315,0.0772919,0.12802352011203766,0.257399,1.34563,0.297483,0.686827,,,4.48576,1.84672,0.982754,324.94000244140625,,,,,,,612.4000000000001,3.539884393063584,634,3.6647398843930636,,,,,,,,,,,,,,,,,,,"Brady Singer","25377",663903
"Cade Cavalli","WSN",6.78126,10.3306,8.03212,4.36991,26,26,0,0,,129.792,556.065,125.971,67.52,63.02,15.4013,45.0801,0.397665,6.61995,106.999,7.41948,3.12593,2.37353,1.06796,0.192421,0.0810698,0.11135164648294449,0.249762,1.31789,0.289477,0.692567,,,4.22395,1.83987,1.29479,335,,,,,,,507.9,3.9069230769230767,513,3.9461538461538463,,,,,,,,,,,,,,,,,,,"Cade Cavalli","27473",676917
"Tyler Mahle","SFG",8.06859,9.58567,10.0365,4.43008,26,26,0,0,,141.336,603.04,139.338,74.58,69.57,19.1753,44.868,0.461935,4.95853,112.166,7.14248,2.85711,2.4999,1.22105,0.186,0.074403,0.11159718036651611,0.25187,1.30332,0.284831,0.696655,,,4.36927,1.83946,1.27975,393.6099853515625,,,,,,,522.3000000000001,3.7042553191489365,532,3.773049645390071,,,,,,,,,,,,,,,,,,,"Tyler Mahle","16358",641816
"Shane Smith","CHW",8.41279,10.8449,10.0315,4.56027,29,29,0,0,,150.307,644.167,144.137,81.44,76.16,21.7117,51.9715,0.468952,8.12902,139.465,8.3508,3.11192,2.68349,1.30004,0.216504,0.0806803,0.13582419604063034,0.246782,1.30472,0.289498,0.691974,,,4.35679,1.83441,1.24039,272.94000244140625,,,,,,,563,3.7533333333333334,562,3.7466666666666666,,,,,,,,,,,,,,,,,,,"Shane Smith","31687",681343
"Ryan Weathers","MIA",7.22173,9.08578,9.08244,4.28007,24,24,0,0,,129.888,551.84,125.852,66.39,61.77,18.1971,41.5278,0.48083,4.59538,117.249,8.12426,2.87748,2.82339,1.26089,0.21247,0.0752533,0.13721653819084167,0.248858,1.28865,0.290746,0.711677,,,4.21632,1.83063,1.49731,318.05999755859375,,,,,,,506,3.8923076923076922,509,3.9153846153846152,,,,,,,,,,,,,,,,,,,"Ryan Weathers","23796",677960
"Michael Soroka","ARI",8.40058,9.3168,5.92823,4.20051,49,23,0,0.5678,,133.934,571.356,120.271,66.64,62.51,16.0233,51.6861,1.03405,8.19537,128.219,8.61602,3.47318,2.48073,1.07672,0.224412,0.0904622,0.13395020365715027,0.235146,1.2839,0.283875,0.704347,,,4.11703,1.82066,1.40156,389.6700134277344,,,,,,,562.8,4.199999999999999,542,4.044776119402985,,,,,,,,,,,,,,,,,,,"Michael Soroka","18383",647336
"Jacob Lopez","ATH",7.69611,8.75371,9.789,4.48974,24,24,0,0,,133.344,571.243,119.67,71.21,66.52,21.1405,52.5543,0.431392,7.24633,144.012,9.72002,3.54713,2.74025,1.42687,0.252103,0.0919999,0.16010276973247528,0.233984,1.29158,0.284528,0.708237,,,4.38157,1.80083,1.1818,365.6700134277344,,,,,,,521.9000000000001,3.9240601503759405,500,3.7593984962406015,,,,,,,,,,,,,,,,,,,"Jacob Lopez","25098",682052
"Parker Messick","CLE",6.53755,8.71874,7.62751,4.32021,23,23,0,0,,118.036,502.562,116.244,60.72,56.66,15.9791,34.9721,0.376975,5.56766,106.551,8.12429,2.66655,3.04674,1.21837,0.212016,0.0695877,0.14242804795503616,0.251599,1.2811,0.295338,0.702362,,,4.11997,1.7938,1.24825,299,,,,,,,465.80000000000007,3.9474576271186446,473,4.008474576271187,,,,,,,,,,,,,,,,,,,"Parker Messick","31986",800048
"Brayan Bello","BOS",9.83343,10.2452,12.364,4.39008,29,29,0,0,,164.662,709.189,162.896,86.67,80.32,20.0176,59.5412,0.425969,7.89756,124.852,6.82408,3.25437,2.0969,1.09411,0.176049,0.0839567,0.09209217876195908,0.25383,1.35087,0.28755,0.698346,,,4.42773,1.77842,1.57438,336.6700134277344,,,,,,,597.2,3.6193939393939396,611,3.703030303030303,,,,,,,,,,,,,,,,,,,"Brayan Bello","23920",678394
"Reynaldo López","ATL",7.43378,8.22295,5.54476,4.53461,37,21,0,0.6599,,115.154,493.336,109.788,61.68,58.02,14.691,41.9144,0.651201,3.83835,115.073,8.99366,3.27586,2.74544,1.14819,0.233256,0.0849612,0.1482943519949913,0.245291,1.31739,0.299219,0.686487,,,3.98699,1.76998,0.806292,382.3299865722656,,,,,,,476.5,4.143478260869565,476,4.139130434782609,,,,,,,,,,,,,,,,,,,"Reynaldo Lopez","16400",625643
"Jack Leiter","TEX",9.32421,10.629,12.1345,4.57021,29,29,0,0,,162.603,695.555,146.893,87.94,82.57,25.1996,63.957,0.470265,7.64268,152.712,8.45255,3.53999,2.38773,1.39479,0.219555,0.091951,0.12760349363088608,0.235423,1.29672,0.272829,0.700061,,,4.59249,1.76645,1.35068,242.11000061035156,,,,,,,606.5,3.7208588957055215,580,3.558282208588957,,,,,,,,,,,,,,,,,,,"Jack Leiter","30146",683004
"Justin Verlander",,8.51638,9.72162,11.95,4.64009,26,26,0,0,,151.814,648.838,141.218,83.73,78.27,24.2661,54.4887,0.505314,6.15775,129.567,7.68111,3.23026,2.37786,1.43857,0.19969,0.0839788,0.11571141332387924,0.240089,1.28912,0.269252,0.692351,,,4.70459,1.76327,1.06925,519.8900146484375,,,,,,,542.9999999999999,3.572368421052631,528,3.473684210526316,,,,,,,,,,,,,,,,,,,"Justin Verlander","8700",434378
"Jameson Taillon","CHC",9.4971,10.1731,11.3137,4.46007,29,29,0,0,,158.224,661.836,153.116,83.81,78.41,25.9793,38.6878,0.408278,4.51459,116.096,6.60372,2.20061,3.00085,1.47774,0.175415,0.0584552,0.11696027591824532,0.247506,1.21223,0.26678,0.694794,,,4.62129,1.75953,1.43832,315,,,,,,,551.6000000000001,3.49113924050633,552,3.4936708860759493,,,,,,,,,,,,,,,,,,,"Jameson Taillon","11674",592791
"Yusei Kikuchi","LAA",9.27017,12.3971,14.1007,4.7799,31,31,0,0,,179.552,774.849,179.818,102.64,95.36,31.3231,62.5819,0.78369,6.12722,173.697,8.70652,3.1369,2.77552,1.57006,0.224169,0.0807665,0.14340240508317947,0.25465,1.35003,0.296327,0.703912,,,4.61623,1.75505,0.924018,346.8299865722656,,,,,,,623.7,3.4650000000000003,638,3.5444444444444443,,,,,,,,,,,,,,,,,,,"Yusei Kikuchi","20633",579328
"Aaron Civale",,8.19534,9.45418,10.0946,4.46027,26,26,0,0,,141.57,602.138,133.958,75.13,70.16,21.9035,45.8662,0.438562,6.51979,125.067,7.95086,2.91584,2.72678,1.39246,0.207705,0.0761722,0.13153263181447983,0.24367,1.27021,0.278201,0.701895,,,4.48972,1.7483,1.34202,648.280029296875,,,,,,,522.8,3.68169014084507,515,3.6267605633802815,,,,,,,,,,,,,,,,,,,"Aaron Civale","19479",650644
"Jacob Misiorowski","MIL",8.6747,9.05722,6.06861,4.03037,40,24,0,0.6325,,127.462,546.285,103.428,60.89,57.08,16.5344,61.5086,0.715143,8.53097,146.108,10.3166,4.34307,2.37541,1.16748,0.267458,0.112594,0.1548636183142662,0.217174,1.29401,0.277082,0.733816,,,4.1774,1.72499,1.67035,126.72000122070312,,,,,,,545.9000000000001,4.298425196850395,497,3.9133858267716537,,,,,,,,,,,,,,,,,,,"Jacob Misiorowski","31623",694819
"Braxton Garrett","MIA",6.18599,7.85916,4.56823,4.08828,40,18,0,0.6413,,105.602,443.305,105.155,51.67,47.97,13.1671,24.9534,0.892404,4.71975,94.8144,8.08063,2.12668,3.79965,1.12218,0.213881,0.0562896,0.1575913093984127,0.254223,1.23206,0.300958,0.702384,,,3.80333,1.71063,1.19852,492.7799987792969,,,,,,,455.5000000000001,4.297169811320756,465,4.386792452830188,,,,,,,,,,,,,,,,,,,"Braxton Garrett","21844",666129
"Landen Roupp","SFG",7.41007,9.23339,5.92823,4.26023,33,23,0,0.6691,,117.881,506.835,112.969,59.88,55.8,13.1832,45.7858,0.660262,4.73207,105.266,8.03689,3.49567,2.2991,1.00652,0.207693,0.0903368,0.11735617369413376,0.247567,1.34674,0.29534,0.704747,,,4.08867,1.70865,1.25523,416.1700134277344,,,,,,,480.50000000000006,4.072033898305086,482,4.084745762711864,,,,,,,,,,,,,,,,,,,"Landen Roupp","30076",694738
"Emmet Sheehan","LAD",7.62152,6.1683,4.52212,3.92958,40,18,0,0.7738,,105.286,439.072,86.7221,49.2,45.97,15.1462,37.9438,0.676762,4.32068,119.72,10.2338,3.24349,3.15519,1.29471,0.272666,0.0864182,0.18624752759933472,0.21855,1.18407,0.273252,0.729412,,,3.93537,1.70685,1.44637,121.16999816894531,,,,,,,484.3,4.612380952380953,448,4.266666666666667,,,,,,,,,,,,,,,,,,,"Emmet Sheehan","29839",686218
"Trey Yesavage","TOR",8.40482,8.83024,6.14686,4.19018,34,24,0,0.6504,,123.138,521.574,110.925,61.36,57.33,17.2273,44.8092,0.596629,5.41554,124.808,9.12203,3.27505,2.78531,1.25912,0.23929,0.0859115,0.15337859094142914,0.235334,1.26471,0.284522,0.717041,,,4.15037,1.69756,1.46997,139.27999877929688,,,,,,,516.5,4.199186991869919,498,4.048780487804878,,,,,,,,,,,,,,,,,,,"Trey Yesavage","35456",702056
"Mike Burrows","HOU",7.81535,9.26135,6.23628,4.33902,34,24,0,0.6635,,125.634,531.692,115.377,64.73,60.57,19.3713,41.8395,0.729224,5.37214,124.265,8.90192,2.99724,2.97004,1.38769,0.233717,0.0786913,0.15502526611089706,0.238145,1.25138,0.28167,0.710905,,,4.28873,1.6632,1.24939,310.1700134277344,,,,,,,510.70000000000005,4.053174603174604,494,3.9206349206349205,,,,,,,,,,,,,,,,,,,"Mike Burrows","24728",681347
"Michael McGreevy","STL",7.55581,9.95875,6.21392,4.29899,34,24,0,0.6791,,126.134,534.005,132.048,64.29,60.25,14.4386,30.226,0.681252,3.93466,79.3155,5.65937,2.1567,2.62409,1.03023,0.14853,0.0566024,0.09192712977528572,0.264177,1.28652,0.289613,0.689736,,,4.1781,1.6601,1.35112,466.55999755859375,,,,,,,477.00000000000006,3.785714285714286,508,4.031746031746032,,,,,,,,,,,,,,,,,,,"Michael McGreevy","29869",700241
"Foster Griffin","WSN",6.74321,10.2389,6.01928,4.38953,37,23,0,0.6602,,122.733,525.822,118.715,64.12,59.86,15.7892,42.4792,0.77448,5.79811,111.406,8.16937,3.11499,2.62259,1.15782,0.211869,0.0807862,0.13108311593532562,0.248593,1.31337,0.293779,0.697926,,,4.17218,1.65418,1.12514,554.3900146484375,,,,,,,486.0000000000001,3.951219512195123,489,3.975609756097561,,,,,,,,,,,,,,,,,,,"Foster Griffin","16432",656492
"Adrian Houser","SFG",8.0735,9.73205,10.5702,4.54999,26,26,0,0,,144.04,623.683,148.828,78.14,72.82,16.927,49.9723,0.437797,6.18328,99.3025,6.20468,3.1224,1.98715,1.05764,0.15922,0.0801245,0.07909505069255829,0.262239,1.38017,0.29227,0.689083,,,4.45361,1.6461,1.1676,485.55999755859375,,,,,,,499.10000000000014,3.465972222222223,529,3.673611111111111,,,,,,,,,,,,,,,,,,,"Adrian Houser","12718",605288
"Bryce Miller","SEA",8.09901,9.32967,9.47519,4.43974,26,26,0,0,,138.008,581.163,128.853,72.67,68.08,21.7701,41.6109,0.470567,5.12991,117.605,7.66944,2.71359,2.8263,1.41971,0.202361,0.0715993,0.13076207041740417,0.241108,1.23518,0.271064,0.6986,,,4.49755,1.64317,1.29282,246,,,,,,,510.20000000000005,3.6971014492753627,499,3.6159420289855073,,,,,,,,,,,,,,,,,,,"Bryce Miller","29837",682243
"Hunter Barco","PIT",5.87035,6.69236,4.11281,4.06634,38,16,0,0.6574,,99.6203,423.433,95.143,48.2,45.01,10.5267,33.061,0.826994,3.92017,88.8131,8.02365,2.98683,2.68634,0.951019,0.209745,0.0780784,0.13166694343090057,0.246196,1.28693,0.294715,0.705089,,,3.83946,1.63931,1.22025,999,,,,,,,428.70000000000005,4.287000000000001,428,4.28,,,,,,,,,,,,,,,,,,,"Hunter Barco","33174",682995
"Dustin May","STL",7.55963,10.4039,6.34805,4.50793,40,24,0,0.6791,,132.407,568.689,126.182,70.65,66.32,15.4397,48.4251,1.04012,7.80965,110.962,7.54239,3.29157,2.29142,1.04947,0.19512,0.0851523,0.10996748507022858,0.246231,1.31872,0.286858,0.679496,,,4.2491,1.62717,0.9616,444.55999755859375,,,,,,,522.7000000000002,3.959848484848486,523,3.962121212121212,,,,,,,,,,,,,,,,,,,"Dustin May","19716",669160
"Max Scherzer",,7.54121,8.79266,9.48961,4.54027,24,24,0,0,,131.424,554.253,120.51,70.63,66.3,23.5496,40.0098,0.42908,5.7635,125.174,8.57201,2.7399,3.12859,1.61269,0.225843,0.0721869,0.15365592390298843,0.237,1.22139,0.269516,0.704739,,,4.60455,1.62558,1.05794,533.4400024414062,,,,,,,471.6,3.6,455,3.4732824427480917,,,,,,,,,,,,,,,,,,,"Max Scherzer","3137",453286
"Dean Kremer","BAL",9.85988,9.62512,12.3935,4.54012,28,28,0,0,,161.084,685.96,155.829,86.75,81.26,26.0295,51.8419,0.420881,5.5507,132.079,7.37947,2.89648,2.54774,1.4543,0.192547,0.0755757,0.11697114259004593,0.247911,1.28921,0.275899,0.706191,,,4.66478,1.61813,1.32645,411.05999755859375,,,,,,,556.0000000000001,3.4534161490683237,557,3.459627329192547,,,,,,,,,,,,,,,,,,,"Dean Kremer","19350",665152
"Reid Detmers","LAA",7.17798,10.3335,6.33128,4.52735,34,24,0,0.6594,,123.41,528.619,115.94,66.45,62.08,19.5119,43.9414,0.76366,5.88336,134.45,9.80511,3.20454,3.05975,1.42296,0.254342,0.0831249,0.17121679335832596,0.24215,1.29553,0.296854,0.704798,,,4.2228,1.59667,0.96248,346.7200012207031,,,,,,,484.6,3.939837398373984,477,3.8780487804878048,,,,,,,,,,,,,,,,,,,"Reid Detmers","27468",672282
"Andre Pallante","STL",8.02439,9.9286,10.8719,4.47,26,26,0,0,,146.094,629.783,148.412,77.2,72.56,14.3889,54.2708,0.386445,5.47548,93.6235,5.7676,3.34331,1.72512,0.886414,0.14866,0.0861737,0.062486134469509125,0.260356,1.38735,0.290078,0.687433,,,4.3607,1.57917,1.39121,737.719970703125,,,,,,,534.4000000000001,3.6602739726027402,559,3.828767123287671,,,,,,,,,,,,,,,,,,,"Andre Pallante","26108",669467
"Seth Lugo","KCR",9.06174,10.5204,12.8572,4.78993,28,28,0,0,,162.848,703.176,166.469,92.76,86.67,24.932,53.0586,0.58939,6.62804,131.969,7.29344,2.93235,2.48724,1.3779,0.187676,0.0754555,0.11222027242183685,0.258697,1.34805,0.290875,0.68663,,,4.60422,1.56322,0.863036,340.2200012207031,,,,,,,551.1,3.380981595092025,574,3.521472392638037,,,,,,,,,,,,,,,,,,,"Seth Lugo","12447",607625
"Zebby Matthews","MIN",6.67011,8.16889,4.99457,4.43507,43,19,0,0.6546,,112.564,475.838,112.54,59.37,55.47,17.8995,28.1404,0.865843,3.40985,107.365,8.58434,2.24995,3.81536,1.43114,0.225634,0.0591385,0.16649582237005234,0.253305,1.24978,0.296658,0.70325,,,4.13557,1.55008,0.907556,291.8900146484375,,,,,,,446.00000000000006,3.946902654867257,456,4.035398230088496,,,,,,,,,,,,,,,,,,,"Zebby Matthews","31827",805673
"Grant Taylor","CHW",3.25686,2.61292,0.489418,3.22153,72,2,0,9.487,,79.7044,327.856,64.137,30.56,28.53,6.52211,26.5024,1.50423,3.54703,92.1632,10.4068,2.99258,3.47754,0.736458,0.281109,0.0808356,0.20027365535497665,0.215365,1.1372,0.289347,0.737094,,,3.01732,1.53141,1.21427,311.94000244140625,,,,,,,466.5,5.83125,436,5.45,,,,,,,,,,,,,,,,,,,"Grant Taylor","33927",691799
"Brad Lord","WSN",7.18335,10.911,6.30334,4.41184,44,24,0,0.6602,,133.373,573.832,133.484,70.01,65.38,15.7826,46.0048,0.829811,6.18568,101.226,6.83071,3.1044,2.20033,1.06501,0.176403,0.0801712,0.09623195976018906,0.255893,1.34577,0.290885,0.695576,,,4.32949,1.51762,1.09014,615.1099853515625,,,,,,,491.6000000000001,3.69624060150376,507,3.81203007518797,,,,,,,,,,,,,,,,,,,"Brad Lord","31972",695418
"Jared Jones","PIT",4.97354,5.71154,5.55944,4.18013,16,16,0,0,,83.904,354.381,78.9028,41.62,38.97,11.2935,25.1966,0.278818,3.64367,83.6403,8.97172,2.70273,3.3195,1.2114,0.236018,0.0711005,0.16491790860891342,0.242375,1.2407,0.293181,0.707673,,,3.92242,1.50662,1.03349,446.1099853515625,,,,,,,361.9,4.308333333333333,358,4.261904761904762,,,,,,,,,,,,,,,,,,,"Jared Jones","27863",683003
"Patrick Sandoval","BOS",6.86393,7.38277,4.82202,4.083,35,19,0,0.6704,,105.694,455.563,98.9398,51.82,47.95,11.0171,45.2082,1.14857,3.95881,93.8777,7.99379,3.84953,2.07656,0.938115,0.20607,0.099236,0.10683366656303406,0.243457,1.36382,0.291617,0.717255,,,4.10934,1.47704,1.25399,605.3900146484375,,,,,,,436.70000000000016,4.119811320754718,432,4.0754716981132075,,,,,,,,,,,,,,,,,,,"Patrick Sandoval","19447",663776
"Simeon Woods Richardson","MIN",7.09357,8.78606,5.52031,4.45605,39,21,0,0.6546,,115.811,494.616,107.664,61.11,57.34,15.9123,42.5134,0.725047,3.99657,102.783,7.98751,3.30383,2.41765,1.23659,0.207803,0.0859522,0.12185050547122955,0.240264,1.29674,0.278532,0.696382,,,4.35112,1.47236,0.952054,367.3900146484375,,,,,,,449.8000000000001,3.8775862068965528,441,3.8017241379310347,,,,,,,,,,,,,,,,,,,"Simeon Woods Richardson","24494",680573
"Bailey Ober","MIN",7.5056,9.40406,6.01928,4.45849,35,23,0,0.6546,,119.058,499.655,112.541,63.05,58.98,20.8769,30.9407,0.541611,4.19184,104.681,7.9132,2.33891,3.38328,1.57816,0.209507,0.0619243,0.14758292958140373,0.242273,1.20514,0.270425,0.703973,,,4.54147,1.44827,0.995969,295.8900146484375,,,,,,,437.49999999999994,3.6764705882352935,431,3.6218487394957983,,,,,,,,,,,,,,,,,,,"Bailey Ober","21224",641927
"Will Warren","NYY",8.45051,8.84776,6.00857,4.39635,45,23,0,0.6915,,127.906,546.718,122.583,66.83,62.48,18.2311,43.8944,0.825097,5.62968,121.259,8.53227,3.08859,2.76252,1.28282,0.221794,0.0802871,0.14150727540254593,0.246549,1.30156,0.291726,0.70695,,,4.25361,1.44825,1.06367,330.44000244140625,,,,,,,502.00000000000006,3.9218750000000004,502,3.921875,,,,,,,,,,,,,,,,,,,"Will Warren","30182",701542
"Cody Bradford","TEX",5.79692,6.28955,4.04574,4.02532,30,16,0,0.6629,,89.3891,369.26,82.4139,42.74,39.98,12.8784,20.1987,0.668047,2.63022,76.8926,7.7418,2.03367,3.80682,1.29664,0.208234,0.0547003,0.15353381261229515,0.237894,1.14793,0.270924,0.707857,,,4.05382,1.43415,1.11663,586.3300170898438,,,,,,,374.50000000000006,4.2078651685393265,365,4.101123595505618,,,,,,,,,,,,,,,,,,,"Cody Bradford","27597",674003
"Zach Eflin","BAL",8.40612,8.9563,9.55833,4.56996,26,26,0,0,,138.034,580.698,143.39,75.03,70.09,23.222,28.2293,0.376279,4.45717,99.5885,6.4933,1.84059,3.52784,1.51411,0.171498,0.0486127,0.12288505956530571,0.261656,1.24332,0.282615,0.694346,,,4.58962,1.42118,1.09382,446.55999755859375,,,,,,,470.50000000000006,3.4094202898550727,495,3.5869565217391304,,,,,,,,,,,,,,,,,,,"Zach Eflin","13774",621107
"Jeffrey Springs","ATH",8.88495,12.1495,12.5863,5.11987,31,31,0,0,,169.229,734.785,175.321,103.09,96.27,30.5751,57.0505,0.538027,4.80866,143.356,7.62401,3.03408,2.51279,1.62606,0.195099,0.0776425,0.11745673418045044,0.260535,1.37312,0.290075,0.681985,,,4.88627,1.41993,0.266755,414.6099853515625,,,,,,,514.3000000000002,3.0431952662721904,542,3.2071005917159763,,,,,,,,,,,,,,,,,,,"Jeffrey Springs","17677",605488
"Taj Bradley","MIN",6.59744,7.69133,4.66882,4.26274,44,18,0,0.6546,,109.915,467.689,101.972,55.68,52.06,14.9846,39.2851,0.890459,3.86861,101.658,8.32391,3.21672,2.5877,1.22696,0.217363,0.0839984,0.13336458057165146,0.240197,1.28515,0.282526,0.711491,,,4.23548,1.41687,1.00461,400.3299865722656,,,,,,,443.3,4.03,434,3.9454545454545453,,,,,,,,,,,,,,,,,,,"Taj Bradley","22543",671737
"Chris Paddack",,6.98533,8.67738,9.26158,4.74982,23,23,0,0,,126.27,539.108,131.791,71.36,66.64,20.5112,33.0303,0.356908,3.79807,95.997,6.84227,2.35426,2.90634,1.46196,0.178067,0.0612684,0.11679811775684357,0.262386,1.30531,0.288461,0.686682,,,4.60134,1.40511,0.751838,749.5,,,,,,,411.90000000000015,3.2690476190476203,438,3.4761904761904763,,,,,,,,,,,,,,,,,,,"Chris Paddack","20099",663978
"Kumar Rocker","TEX",7.03521,8.69591,7.79009,4.53008,24,24,0,0,,121.488,516.429,116.725,65.07,61.15,17.2094,39.4788,0.390097,5.2712,102.018,7.55763,2.92465,2.58412,1.2749,0.197545,0.0764458,0.12109927088022232,0.247467,1.28576,0.282353,0.68983,,,4.40223,1.37436,1.03422,501.6700134277344,,,,,,,454.1000000000001,3.752892561983472,456,3.768595041322314,,,,,,,,,,,,,,,,,,,"Kumar Rocker","31843",677958
"Hunter Dobbins","STL",5.1972,6.81009,3.93959,4.35904,37,15,0,0.6791,,96.379,414.468,97.4903,49.81,46.68,10.0209,31.6471,0.986401,4.07766,73.1962,6.83516,2.95525,2.31289,0.935769,0.176603,0.076356,0.10024682432413101,0.257405,1.33989,0.295979,0.689156,,,4.07989,1.37111,0.759469,696.6699829101562,,,,,,,377.2000000000001,3.9291666666666676,392,4.083333333333333,,,,,,,,,,,,,,,,,,,"Hunter Dobbins","30240",690928
"Logan Henderson","MIL",5.38412,5.234,3.25387,3.83617,37,13,0,0.6325,,83.6382,341.984,69.4886,38.29,35.65,13.9439,21.8816,0.745957,2.94647,92.8677,9.99316,2.3546,4.2441,1.50046,0.271556,0.0639843,0.20757155865430832,0.219099,1.09245,0.264066,0.738778,,,3.97232,1.36823,1.21989,304.5,,,,,,,385.0000000000001,4.583333333333335,353,4.2023809523809526,,,,,,,,,,,,,,,,,,,"Logan Henderson","31475",701656
"Slade Cecconi","CLE",7.90459,11.213,11.2772,4.79008,28,28,0,0,,153.58,652.94,156.241,87.14,81.74,27.4928,38.7198,0.55204,6.44328,122.543,7.18121,2.26903,3.16487,1.61112,0.187679,0.0593007,0.1283785030245781,0.257069,1.26944,0.281268,0.689079,,,4.74869,1.3603,0.897425,417.94000244140625,,,,,,,512.9000000000001,3.3305194805194813,530,3.4415584415584415,,,,,,,,,,,,,,,,,,,"Slade Cecconi","27500",677944
"Kodai Senga","NYM",6.70092,7.55607,4.83529,4.16575,35,19,0,0.7021,,104.545,448.205,90.5472,51.8,48.39,12.9217,48.0301,0.624206,4.24685,103.276,8.89073,4.13477,2.15023,1.11239,0.230422,0.107161,0.12326054275035858,0.228696,1.32552,0.277502,0.720222,,,4.26633,1.35169,1.19176,294.5,,,,,,,434.5,4.1380952380952385,410,3.9047619047619047,,,,,,,,,,,,,,,,,,,"Kodai Senga","31838",673540
"Roki Sasaki","LAD",8.15309,7.53016,5.54965,4.41963,41,21,0,0.7738,,117.397,503.262,109.763,61.62,57.65,15.5936,43.5825,0.812893,6.27191,107.608,8.2496,3.34117,2.46907,1.19545,0.213822,0.0866002,0.12722182273864746,0.242085,1.30622,0.285185,0.697456,,,4.30266,1.33309,0.896258,250.3300018310547,,,,,,,453.0000000000002,3.8717948717948736,447,3.8205128205128207,,,,,,,,,,,,,,,,,,,"Roki Sasaki","35323",808963
"Luis Severino","ATH",9.44647,12.0826,14.0545,5.06005,31,31,0,0,,178.095,776.181,186.554,106.82,100.13,28.5356,60.3534,0.605239,10.4385,133.337,6.73817,3.04995,2.20927,1.44204,0.171786,0.0777569,0.09402924031019211,0.264469,1.38638,0.290733,0.676889,,,4.9132,1.31971,0.424246,433.44000244140625,,,,,,,530.3,2.9792134831460673,569,3.196629213483146,,,,,,,,,,,,,,,,,,,"Luis Severino","15890",622663
"Griffin Canning",,7.55787,8.94044,10.0462,4.64981,24,24,0,0,,134.328,579.719,129.281,74.03,69.4,20.5388,52.8889,0.456078,4.95341,119.353,7.99665,3.54357,2.25667,1.3761,0.20588,0.091232,0.1146482601761818,0.247723,1.35616,0.284676,0.704882,,,4.63762,1.2591,0.947099,750.1699829101562,,,,,,,461.9,3.4470149253731344,461,3.4402985074626864,,,,,,,,,,,,,,,,,,,"Griffin Canning","19867",656288
"Cristian Javier","HOU",7.84134,10.4647,9.1682,4.84984,28,28,0,0,,140.98,606.14,126.904,80.86,75.97,23.9752,58.3652,0.44536,6.32223,125.163,7.99024,3.72597,2.14447,1.53055,0.206491,0.09629,0.11020143330097198,0.234378,1.31416,0.262364,0.688244,,,4.94684,1.25121,0.68914,388.05999755859375,,,,,,,476.00000000000006,3.3758865248226955,451,3.198581560283688,,,,,,,,,,,,,,,,,,,"Cristian Javier","17606",664299
"Ian Seymour","TBR",5.56296,6.86185,4.15007,4.25546,34,16,0,0.6594,,94.9181,402.311,88.215,48.23,44.88,13.8297,30.6156,0.861791,4.27547,92.1642,8.73888,2.90293,3.01037,1.31132,0.229087,0.0760993,0.15298744291067123,0.240093,1.25193,0.284536,0.709775,,,4.19006,1.2281,0.943193,304.1099853515625,,,,,,,384.99999999999994,4.052631578947368,376,3.957894736842105,,,,,,,,,,,,,,,,,,,"Ian Seymour","27932",693855
"Tyler Anderson",,7.93135,9.95991,11.1141,4.86981,26,26,0,0,,146.094,633.789,140.118,84.37,79.05,23.2971,59.0463,0.789386,5.29265,115.818,7.13487,3.6375,1.96148,1.4352,0.182739,0.0931639,0.08957502990961075,0.246059,1.36326,0.271465,0.689255,,,4.94386,1.22422,0.704613,999,,,,,,,473.5000000000001,3.2431506849315075,471,3.2260273972602738,,,,,,,,,,,,,,,,,,,"Tyler Anderson","12880",542881
"Martín Pérez",,7.32454,9.10298,9.9347,4.78003,24,24,0,0,,133.248,580.051,136.364,75.92,70.77,18.9377,50.1949,0.399864,5.43434,103.922,7.01921,3.39032,2.07037,1.27912,0.17916,0.0865353,0.09262440353631973,0.260027,1.40009,0.292423,0.691294,,,4.67538,1.22032,0.691639,748.3900146484375,,,,,,,439.9,3.307518796992481,461,3.4661654135338344,,,,,,,,,,,,,,,,,,,"Martin Perez","6902",527048
"Kyle Leahy","STL",6.14592,8.68509,4.85744,4.80613,50,18,0,0.6791,,120.933,525.832,128.529,68.75,64.58,15.6409,39.3855,0.991328,4.56218,95.5554,7.11136,2.93113,2.42615,1.16402,0.181722,0.0749014,0.10682082921266556,0.266721,1.38849,0.304536,0.679128,,,4.32641,1.20174,0.312316,556.8300170898438,,,,,,,427.20000000000016,3.5305785123966955,461,3.809917355371901,,,,,,,,,,,,,,,,,,,"Kyle Leahy","24763",681517
"Steven Matz","TBR",7.01067,10.0266,6.20673,4.80522,35,23,0,0.6594,,121.537,522.794,128.113,69.57,64.89,19.1299,34.703,0.804634,4.47506,93.3728,6.91443,2.56982,2.69063,1.4166,0.178604,0.0663798,0.11222372204065323,0.264907,1.33965,0.293666,0.68546,,,4.61187,1.19372,0.481899,535.9400024414062,,,,,,,409.3000000000001,3.354918032786886,436,3.5737704918032787,,,,,,,,,,,,,,,,,,,"Steven Matz","13361",571927
"Jon Gray",,6.7547,8.7613,8.89309,4.85985,23,23,0,0,,123.763,534.775,124.266,71.31,66.83,19.6312,43.1601,0.496747,5.09719,104.785,7.6199,3.13859,2.42781,1.42757,0.195942,0.0807071,0.11523449420928955,0.255419,1.35279,0.288964,0.686825,,,4.67363,1.18831,0.630364,999,,,,,,,415.19999999999993,3.348387096774193,426,3.435483870967742,,,,,,,,,,,,,,,,,,,"Jon Gray","14916",592351
"Kyle Freeland","COL",7.28607,13.8035,10.9937,5.63004,32,32,0,0,,160.736,711.366,193.666,108.19,100.55,27.1793,43.0865,0.639012,5.79918,113.211,6.33898,2.41252,2.62754,1.52184,0.159146,0.0605687,0.09857772290706635,0.292335,1.47293,0.318885,0.647013,,,4.83709,1.17488,-0.662181,745.8300170898438,,,,,,,433.9000000000001,2.6950310559006216,533,3.31055900621118,,,,,,,,,,,,,,,,,,,"Kyle Freeland","16256",607536
"Kyle Wright",,5.31945,5.76751,6.82252,4.40032,16,16,0,0,,90.832,389.109,89.7118,47.46,44.41,11.6924,30.1123,0.265539,4.83499,79.3444,7.86176,2.98365,2.63495,1.15853,0.203913,0.0773878,0.12652507424354553,0.253307,1.31918,0.296511,0.699476,,,4.21575,1.16841,0.967005,999,,,,,,,344.79999999999995,3.7890109890109884,352,3.868131868131868,,,,,,,,,,,,,,,,,,,"Kyle Wright","19665",657140
"Kutter Crawford","BOS",6.27682,6.89156,4.16497,4.36207,46,16,0,0.6704,,105.865,445.174,96.9768,55.12,51.31,17.8573,31.1341,0.960507,4.26324,96.6713,8.21842,2.64684,3.105,1.51812,0.217154,0.069937,0.14721710234880447,0.236658,1.21014,0.267976,0.707888,,,4.50475,1.14709,0.810994,524.9400024414062,,,,,,,403.8000000000001,3.809433962264152,389,3.669811320754717,,,,,,,,,,,,,,,,,,,"Kutter Crawford","20531",676710
"Drew Anderson","DET",5.03895,5.62352,3.32955,4.07904,38,13,0,0.6108,,86.8439,369.825,72.7776,42.21,39.36,11.8759,37.4812,0.88788,4.62246,99.4569,10.3071,3.88433,2.65352,1.23075,0.26893,0.101348,0.16758117079734802,0.222071,1.26962,0.281446,0.726764,,,4.07686,1.14452,0.982755,626.0599975585938,,,,,,,382.40000000000003,4.395402298850575,355,4.080459770114943,,,,,,,,,,,,,,,,,,,"Drew Anderson","15130",623454
"Marcus Stroman",,7.99501,9.99189,11.4066,4.8699,26,26,0,0,,147.81,645.696,151.181,85.71,79.98,19.4717,58.7867,0.443231,6.29501,104.751,6.37817,3.57946,1.78188,1.18561,0.162229,0.0910438,0.07118550688028336,0.260381,1.42052,0.288588,0.680091,,,4.75123,1.14162,0.633348,999,,,,,,,483.9,3.2695945945945946,508,3.4324324324324325,,,,,,,,,,,,,,,,,,,"Marcus Stroman","13431",573186
"Patrick Corbin",,7.23691,10.4464,10.8042,5.30992,26,26,0,0,,142.714,626.021,156.507,90.31,84.2,23.3879,49.3413,0.529294,4.21803,116.249,7.33103,3.11162,2.35602,1.47492,0.185695,0.0788172,0.10687779635190964,0.273392,1.44238,0.307558,0.667445,,,4.76233,1.12739,-0.0380117,749.5599975585938,,,,,,,440.1000000000001,3.077622377622378,489,3.4195804195804196,,,,,,,,,,,,,,,,,,,"Patrick Corbin","9323",571578
"J.T. Ginn","ATH",5.20397,6.24657,3.89069,4.26374,31,15,0,0.6389,,88.4645,376.251,83.7215,44.81,41.91,11.7536,29.4577,0.902382,5.05423,81.4864,8.29007,2.9969,2.76622,1.19576,0.216575,0.0782927,0.13828199356794357,0.244987,1.27937,0.289611,0.706847,,,4.19047,1.11048,0.825833,506.6099853515625,,,,,,,349.20000000000005,3.9681818181818187,348,3.9545454545454546,,,,,,,,,,,,,,,,,,,"J.T. Ginn","27889",669372
"Randy Vásquez","SDP",7.70698,10.5664,9.23958,5.04024,28,28,0,0,,140.672,614.522,149.781,84.19,78.78,20.586,46.7547,0.598118,7.46024,85.042,5.44087,2.9913,1.8189,1.31707,0.138387,0.076083,0.06230410933494568,0.26732,1.39712,0.284146,0.669861,,,4.98468,1.08256,0.401051,706.1099853515625,,,,,,,403.10000000000014,2.858865248226951,440,3.120567375886525,,,,,,,,,,,,,,,,,,,"Randy Vasquez","24719",681190
"JP Sears","SDP",7.4162,9.26942,6.14246,4.66979,31,23,0,0.6601,,117.584,498.757,113.45,65.5,61.01,21.0926,33.3003,0.568907,5.64185,95.5568,7.31405,2.54885,2.86955,1.61445,0.19159,0.0667666,0.12482327967882156,0.24673,1.24805,0.269134,0.69314,,,4.83534,1.07524,0.670343,563.280029296875,,,,,,,400.1000000000001,3.3906779661016957,396,3.3559322033898304,,,,,,,,,,,,,,,,,,,"JP Sears","23429",676664
"Miles Mikolas",,7.6741,10.8017,9.6813,5.00028,28,28,0,0,,143.416,613.769,154.306,85.16,79.68,25.3411,32.7942,0.461819,4.8816,94.4118,5.92477,2.05798,2.87892,1.59027,0.153823,0.0534309,0.10039219632744789,0.26785,1.3046,0.282608,0.672329,,,4.90368,1.06949,0.425633,999,,,,,,,424.30000000000007,2.9671328671328676,464,3.2447552447552446,,,,,,,,,,,,,,,,,,,"Miles Mikolas","9803",571945
"Mason Miller","SDP",2.75835,1.5281,0,2.58904,66,0,0,2.0107,,45.7466,182.008,28.2513,14.1,13.16,4.26817,17.1176,1.13142,1.9132,68.3356,13.4441,3.36764,3.99213,0.839702,0.375455,0.0940488,0.28140608966350555,0.173346,0.991744,0.26538,0.793759,,,2.60848,1.0544,1.03667,27.440000534057617,,,,,,,305.40000000000003,6.63913043478261,265,5.760869565217392,,,,,,,,,,,,,,,,,,,"Mason Miller","31757",695243
"Jacob Latz","TEX",6.5784,8.22443,5.10518,4.64022,41,19,0,0.6629,,111.603,482.777,102.666,61.36,57.54,16.0206,48.9893,1.03133,4.16072,100.111,8.07327,3.95066,2.04352,1.29196,0.207365,0.101474,0.1058906614780426,0.238967,1.35889,0.276386,0.698738,,,4.63597,1.03477,0.660187,456.7200012207031,,,,,,,409.2000000000002,3.6535714285714307,397,3.544642857142857,,,,,,,,,,,,,,,,,,,"Jacob Latz","21306",656641
"Jose Quintana",,7.86747,10.1146,11.4881,4.98992,26,26,0,0,,147.862,650.114,154.089,87.65,81.98,20.8931,60.3058,0.420286,5.80665,106.028,6.45366,3.67067,1.75817,1.27171,0.163091,0.0927619,0.07032941281795502,0.26385,1.44996,0.291405,0.684572,,,4.87928,1.00999,0.443281,668.8300170898438,,,,,,,450.5000000000001,3.0439189189189197,481,3.25,,,,,,,,,,,,,,,,,,,"Jose Quintana","11423",500779
"Cade Smith","CLE",2.50194,1.84584,0,3.07933,70,0,0,3.3265,,48.4002,198.499,37.2525,17.76,16.56,3.86203,15.9905,1.0509,2.57702,62.0056,11.5299,2.97343,3.87765,0.718144,0.312372,0.080557,0.2318148836493492,0.207037,1.10006,0.292734,0.741761,,,2.76113,0.993833,0.728607,34.66999816894531,,,,,,,288.80000000000007,6.016666666666668,267,5.5625,,,,,,,,,,,,,,,,,,,"Cade Smith","27867",671922
"Sean Burke","CHW",7.63671,11.137,10.5819,5.10026,28,28,0,0,,148.316,646.732,142.842,89.94,84.05,26.2609,62.5157,0.415074,6.58248,137.994,8.37367,3.79353,2.20735,1.59354,0.213372,0.0966641,0.11670781672000885,0.247288,1.3846,0.28202,0.684596,,,4.97376,0.970443,0.250465,496.8299865722656,,,,,,,469.6000000000001,3.1729729729729734,468,3.1621621621621623,,,,,,,,,,,,,,,,,,,"Sean Burke","29878",680732
"Connelly Early","BOS",3.8579,3.83634,2.50996,3.82199,22,10,0,0.6704,,59.3172,249.887,52.8995,27.02,25.19,6.63428,20.9343,0.527268,2.6686,59.1846,8.97988,3.1763,2.82716,1.0066,0.236846,0.0837753,0.1530706211924553,0.233775,1.24473,0.28832,0.72528,,,3.78731,0.963328,0.869923,217.5,,,,,,,262.7,4.452542372881355,254,4.305084745762712,,,,,,,,,,,,,,,,,,,"Connelly Early","33666",813349
"Carmen Mlodzinski","PIT",3.54685,3.97858,2.09739,4.30954,38,8,0,0.6574,,70.0655,301.27,70.3687,35.81,33.55,7.02931,23.3102,0.786681,2.95126,58.5516,7.52103,2.99423,2.51185,0.902924,0.19435,0.0773732,0.11697639524936676,0.255878,1.33702,0.302441,0.690248,,,3.89246,0.94357,0.459077,577.0599975585938,,,,,,,293.9,4.198571428571428,303,4.328571428571428,,,,,,,,,,,,,,,,,,,"Carmen Mlodzinski","27572",669387
"Ryan Weiss","HOU",4.07067,4.66001,2.68694,4.41336,44,10,0,0,,89.6051,384.705,82.0448,47.02,43.94,12.9565,34.709,1.25527,4.53347,96.6356,9.70614,3.48619,2.78417,1.30136,0.251194,0.0902222,0.1609715148806572,0.237492,1.30298,0.292907,0.707134,,,4.17181,0.923629,0.53899,999,,,,,,,366.90000000000003,4.076666666666667,355,3.9444444444444446,,,,,,,,,,,,,,,,,,,"Ryan Weiss","sa3007778",680802
"Colin Rea","CHC",7.27639,8.78772,5.63279,4.73119,39,21,0,0.7242,,117.484,501.973,117.556,66.06,61.76,18.5849,35.2338,0.751691,5.258,87.3923,6.69478,2.69913,2.48035,1.42372,0.174097,0.0701906,0.10390682518482208,0.254737,1.30052,0.278397,0.684147,,,4.73786,0.919006,0.511482,468.1099853515625,,,,,,,383.3000000000001,3.2760683760683773,396,3.3846153846153846,,,,,,,,,,,,,,,,,,,"Colin Rea","12317",607067
"Jordan Montgomery",,4.69804,6.13146,6.31051,4.8997,16,16,0,0,,86.736,375.7,91.6052,50.57,47.22,12.4025,28.0528,0.356538,2.65287,66.1279,6.86164,2.91085,2.35727,1.28692,0.176013,0.0746682,0.10134463012218475,0.265527,1.37957,0.297237,0.675383,,,4.53125,0.917528,0.328621,746.0599975585938,,,,,,,296.00000000000006,3.4022988505747134,318,3.6551724137931036,,,,,,,,,,,,,,,,,,,"Jordan Montgomery","16511",656756
"José Urquidy",,5.77683,8.06735,7.2154,4.97988,21,21,0,0,,107.352,460.479,109.798,63.17,59.4,18.4273,31.4861,0.306773,3.62674,77.411,6.48985,2.63968,2.45858,1.54488,0.16811,0.0683767,0.09973295032978058,0.258125,1.31608,0.277276,0.676395,,,4.90568,0.917527,0.375827,999,,,,,,,333.4000000000001,3.1158878504672907,350,3.2710280373831777,,,,,,,,,,,,,,,,,,,"Jose Urquidy","18413",664353
"Germán Márquez",,7.25679,10.3175,10.3935,5.21022,26,26,0,0,,140.66,612.373,149.123,86.99,81.43,23.2651,47.2099,0.499901,4.66303,103.976,6.65278,3.02068,2.20241,1.4886,0.169791,0.0770934,0.09269793331623077,0.266053,1.3958,0.29049,0.667695,,,4.91329,0.915966,0.122699,746.6699829101562,,,,,,,425.10000000000014,3.0148936170212774,458,3.24822695035461,,,,,,,,,,,,,,,,,,,"German Marquez","15038",608566
"Lance McCullers Jr.","HOU",6.67863,8.43984,5.58389,4.62727,33,21,0,0.6635,,114.015,498.755,105.848,62.65,58.62,14.8118,55.1932,0.665684,6.94642,105.543,8.33124,4.35677,1.91225,1.1692,0.211613,0.110662,0.1009514182806015,0.242428,1.41245,0.287851,0.701268,,,4.60763,0.909657,0.679672,669.6699829101562,,,,,,,413.4999999999999,3.6271929824561395,405,3.5526315789473686,,,,,,,,,,,,,,,,,,,"Lance McCullers Jr.","14120",621121
"Walker Buehler",,7.11375,9.40858,10.4226,5.06014,24,24,0,0,,135.192,592.188,136.452,81.09,76.01,20.1799,55.3948,0.392867,6.59757,103.395,6.88321,3.68774,1.86651,1.34342,0.174598,0.0935425,0.08105560392141342,0.257362,1.41907,0.285947,0.677019,,,4.92168,0.908692,0.334912,702.8300170898438,,,,,,,419.4,3.1066666666666665,435,3.2222222222222223,,,,,,,,,,,,,,,,,,,"Walker Buehler","19374",621111
"Joe Boyle","TBR",5.59224,7.78487,4.84068,4.71281,28,18,0,0.6594,,95.9427,421.232,84.6265,53.71,50.24,13.0898,51.863,0.64088,5.29637,100.577,9.43473,4.86506,1.93928,1.2279,0.238769,0.123122,0.11564674973487854,0.232444,1.42261,0.285684,0.700548,,,4.59946,0.883021,0.480625,455.2200012207031,,,,,,,364.5000000000001,3.7968750000000013,346,3.6041666666666665,,,,,,,,,,,,,,,,,,,"Joe Boyle","29608",671212
"Andrew Alvarez","WSN",4.17657,5.67605,2.89159,4.09996,47,11,0,0.6602,,88.113,378.685,85.3683,43.12,40.14,8.56228,33.485,1.16013,3.6525,66.5942,6.80204,3.42022,1.98878,0.874565,0.175856,0.0884244,0.08743191510438919,0.249945,1.34887,0.28832,0.708675,,,4.15126,0.871079,0.837094,999,,,,,,,346.5,3.9375,350,3.977272727272727,,,,,,,,,,,,,,,,,,,"Andrew Alvarez","29914",674841
"Connor Prielipp","MIN",2.63906,2.03941,0.516895,3.65877,54,2,0,0,,62.726,264.703,53.6446,27.34,25.5,5.80095,24.4564,1.43062,2.44151,67.2453,9.64844,3.50903,2.7496,0.832327,0.25404,0.0923916,0.16164877265691757,0.225582,1.24511,0.290386,0.725368,,,3.47974,0.870075,0.710235,999,,,,,,,308,4.888888888888889,293,4.650793650793651,,,,,,,,,,,,,,,,,,,"Connor Prielipp","sa3020808",687570
"Richard Fitts","STL",5.38994,7.5223,4.32145,4.66881,40,16,0,0.6791,,103.17,439.81,101.915,57.12,53.52,15.8455,31.6167,0.989299,3.9074,82.7304,7.21697,2.75807,2.61667,1.38228,0.188105,0.0718871,0.11621768772602081,0.252086,1.29429,0.281538,0.686241,,,4.56097,0.864616,0.472326,563.6099853515625,,,,,,,362.2000000000001,3.5165048543689332,369,3.5825242718446604,,,,,,,,,,,,,,,,,,,"Richard Fitts","30160",690916
"Max Meyer","MIA",4.62251,6.08915,3.38706,4.31441,37,13,0,0.6413,,84.0879,358.26,81.2749,43.37,40.31,11.7461,28.107,0.866228,3.2867,74.6999,7.99519,3.00832,2.65769,1.2572,0.208507,0.0784542,0.13005299866199493,0.248649,1.3008,0.289196,0.710285,,,4.29442,0.846626,0.704802,417.05999755859375,,,,,,,324.4,3.8619047619047615,325,3.869047619047619,,,,,,,,,,,,,,,,,,,"Max Meyer","27474",676974
"Grant Holmes","ATL",4.47188,4.74364,2.90952,4.51028,35,11,0,0.6599,,75.8268,326.995,73.8424,40.66,38,10.7171,27.3678,0.964677,3.36118,77.7465,9.22785,3.24833,2.8408,1.27203,0.23776,0.0836947,0.1540656015276909,0.249243,1.33476,0.303775,0.702388,,,4.13764,0.832724,0.39906,511.5,,,,,,,304.69999999999993,4.009210526315789,307,4.0394736842105265,,,,,,,,,,,,,,,,,,,"Grant Holmes","16944",656550
"Sean Sullivan","COL",3.43801,6.13165,3.92475,4.9905,15,15,0,0,,69.45,300.05,75.6193,41.38,38.51,11.265,18.082,0.229896,2.14902,55.2839,7.16423,2.34323,3.05741,1.45983,0.184249,0.0602632,0.12398611754179001,0.270244,1.34919,0.301751,0.671386,,,4.52564,0.817115,0.204515,999,,,,,,,227.70000000000002,3.3000000000000003,252,3.652173913043478,,,,,,,,,,,,,,,,,,,"Sean Sullivan","sa3023162",807743
"Ricky Tiedemann","TOR",2.53806,2.12196,1.24101,3.4524,25,5,0,0,,43.5089,180.976,34.4361,17.84,16.69,4.56923,16.9587,0.644158,1.89985,52.7689,10.9155,3.50798,3.11161,0.945165,0.29158,0.093707,0.19787275046110153,0.212414,1.18125,0.285046,0.745697,,,3.37504,0.803601,0.760324,999,,,,,,,224.70000000000002,5.106818181818182,204,4.636363636363637,,,,,,,,,,,,,,,,,,,"Ricky Tiedemann","sa3018096",694357
"Logan Allen","CLE",6.02031,9.36664,5.68658,4.83567,29,21,0,0.6864,,106.254,463.451,108.082,61.32,57.09,15.9344,41.5784,0.588598,4.04499,81.2098,6.87869,3.5218,1.95317,1.34969,0.175228,0.0897148,0.08551372587680817,0.258676,1.40852,0.287348,0.69367,,,4.84423,0.802952,0.426797,704.5599975585938,,,,,,,334.8000000000001,3.158490566037737,350,3.30188679245283,,,,,,,,,,,,,,,,,,,"Logan Allen","27589",671106
"Davis Martin","CHW",7.4504,11.3511,10.803,5.2997,28,28,0,0,,148.848,654.494,158.854,93.73,87.65,24.504,53.858,0.505717,7.59282,107.753,6.5152,3.25649,2.00068,1.48162,0.164635,0.0822895,0.08234572410583496,0.267863,1.42906,0.291567,0.666916,,,5.06596,0.802907,-0.0633449,686.3300170898438,,,,,,,411.70000000000016,2.7630872483221487,450,3.0201342281879193,,,,,,,,,,,,,,,,,,,"Davis Martin","21448",663436
"Garrett Whitlock","BOS",2.76688,1.67245,0,3.42017,70,0,0,14.1255,,49.2081,202.04,42.2824,20.13,18.7,4.80401,12.7837,0.965441,2.05292,53.3906,9.76496,2.33809,4.17647,0.878637,0.264257,0.0632728,0.20098426192998886,0.225863,1.11904,0.290509,0.722708,,,3.13881,0.799178,0.575634,426.2200012207031,,,,,,,308.90000000000003,6.3040816326530615,297,6.061224489795919,,,,,,,,,,,,,,,,,,,"Garrett Whitlock","20191",676477
"Troy Melton","DET",6.30695,8.13616,4.85325,4.67307,46,18,0,0.6108,,113.341,484.468,110.926,63.28,58.85,18.7308,36.0289,0.963052,4.67281,94.491,7.5032,2.86093,2.62264,1.48735,0.195041,0.0743681,0.12067267298698425,0.249966,1.29658,0.278921,0.693066,,,4.69348,0.796076,0.463814,274.55999755859375,,,,,,,382.9,3.388495575221239,387,3.424778761061947,,,,,,,,,,,,,,,,,,,"Troy Melton","31807",675512
"Luis Gil","NYY",7.24244,7.94297,5.1096,4.69146,49,19,0,0.6915,,116.848,509.877,103.353,64.62,60.91,16.9356,58.4505,0.95042,5.63283,105.002,8.08753,4.50203,1.79642,1.30443,0.205935,0.114637,0.09129894524812698,0.23184,1.38473,0.266838,0.70375,,,4.86738,0.781653,0.499942,358.2200012207031,,,,,,,410.90000000000015,3.5119658119658133,386,3.299145299145299,,,,,,,,,,,,,,,,,,,"Luis Gil","21052",661563
"Austin Gomber",,6.54273,9.29576,8.3303,5.05002,24,24,0,0,,122.952,528.599,129.678,73.8,68.99,22.5741,34.7139,0.356545,3.14592,88.8898,6.50667,2.54103,2.56064,1.65241,0.168161,0.0656715,0.10248971730470657,0.26425,1.33704,0.28239,0.682228,,,4.99979,0.780411,0.281883,999,,,,,,,353.30000000000007,2.8723577235772364,380,3.089430894308943,,,,,,,,,,,,,,,,,,,"Austin Gomber","16561",596295
"Griffin Jax","TBR",2.58826,1.72479,0,3.43998,67,0,0,9.7908,,48.3753,198.59,40.6462,19.85,18.49,5.36777,13.3129,1.00607,2.22367,59.2635,11.0257,2.47679,4.4516,0.998649,0.298422,0.0670369,0.23138461261987686,0.222046,1.11543,0.297904,0.73441,,,3.09097,0.777001,0.521768,189,,,,,,,300.1,6.252083333333334,288,6,,,,,,,,,,,,,,,,,,,"Griffin Jax","20253",643377
"Alex Cobb",,3.57498,4.02544,4.66547,4.50072,11,11,0,0,,62.15,266.417,65.0984,33.3,31.08,7.66426,18.462,0.185423,2.43232,47.6037,6.89354,2.6735,2.57847,1.10987,0.178681,0.0692974,0.10938383638858795,0.265142,1.3445,0.30188,0.690102,,,4.21496,0.775458,0.560696,999,,,,,,,227.39999999999998,3.6677419354838707,242,3.903225806451613,,,,,,,,,,,,,,,,,,,"Alex Cobb","6562",502171
"Luis Morales","ATH",5.78837,8.07885,7.28342,4.97981,21,21,0,0,,107.751,467.188,106.09,63.63,59.62,18.6537,40.8698,0.355871,4.63986,91.425,7.63636,3.41368,2.23698,1.55807,0.195692,0.0874802,0.10821171849966049,0.251589,1.36388,0.280604,0.689561,,,4.95579,0.772983,0.340356,412.55999755859375,,,,,,,333.9,3.0916666666666663,337,3.1203703703703702,,,,,,,,,,,,,,,,,,,"Luis Morales","32227",806960
"Trevor McDonald","SFG",3.01486,3.40178,2.03219,3.91886,22,8,0,0.6691,,51.2368,216.13,50.0293,23.99,22.31,5.08794,14.4365,0.502135,2.61664,40.5754,7.12726,2.53585,2.8106,0.893721,0.187736,0.0667958,0.12094051390886307,0.251307,1.25819,0.292943,0.705858,,,3.84072,0.772304,0.649621,570.4400024414062,,,,,,,220.90000000000003,4.331372549019608,225,4.411764705882353,,,,,,,,,,,,,,,,,,,"Trevor McDonald","26448",686790
"Quinn Mathews","STL",2.38968,2.86163,2.44178,3.9394,8,8,0,0,,40.232,168.944,36.6382,18.81,17.61,4.54802,13.0259,0.121343,1.53739,38.4555,8.6026,2.91392,2.95224,1.0174,0.227623,0.0771018,0.1505214273929596,0.237324,1.23444,0.288122,0.712617,,,3.77898,0.772007,0.595581,560.1099853515625,,,,,,,169.3,4.2325,166,4.15,,,,,,,,,,,,,,,,,,,"Quinn Mathews","sa3023407",687273
"Bryan Abreu","HOU",2.23863,1.43615,0,3.66048,68,0,0,13.5815,,58.1727,245.088,45.7844,25.31,23.66,6.22945,24.7531,0.723873,3.52129,75.4702,11.6761,3.8296,3.04892,0.963769,0.307931,0.100997,0.20693384110927582,0.211169,1.21255,0.292752,0.731644,,,3.39068,0.766524,0.544789,261.1700134277344,,,,,,,354.80000000000007,6.117241379310346,331,5.706896551724138,,,,,,,,,,,,,,,,,,,"Bryan Abreu","16609",650556
"Ryan Feltner","COL",5.14056,8.99076,5.38834,5.38947,27,19,0,0.6096,,100.713,444.972,111.309,64.32,60.31,15.202,35.5428,0.608758,4.05296,79.0535,7.06444,3.17621,2.22418,1.35849,0.177659,0.0798765,0.09778285026550293,0.274582,1.45812,0.308905,0.657262,,,4.70699,0.764047,-0.167311,748.9400024414062,,,,,,,316.30000000000007,3.1316831683168322,352,3.485148514851485,,,,,,,,,,,,,,,,,,,"Ryan Feltner","21446",663372
"Spencer Turnbull",,3.73812,4.82896,4.36678,4.6506,13,13,0,0,,66.456,288.013,64.3289,36.81,34.34,8.66912,26.0042,0.209347,4.21918,59.3679,8.04007,3.52169,2.28301,1.17404,0.206129,0.0902882,0.11584102362394333,0.24954,1.35929,0.293328,0.684471,,,4.40865,0.757414,0.41167,999,,,,,,,239.3000000000001,3.6257575757575773,241,3.6515151515151514,,,,,,,,,,,,,,,,,,,"Spencer Turnbull","16207",605513
"Charlie Morton",,4.99241,6.18843,7.38451,4.92042,16,16,0,0,,92.992,409.347,88.5922,54.26,50.84,14.1134,42.8709,0.392798,6.83464,92.9017,8.99126,4.14915,2.16701,1.36593,0.226951,0.10473,0.12222114205360413,0.246335,1.4137,0.294818,0.691137,,,4.71362,0.753321,0.402367,999,,,,,,,320.6,3.4473118279569896,319,3.4301075268817205,,,,,,,,,,,,,,,,,,,"Charlie Morton","4676",450203
"Sean Newcomb","CHW",4.69239,5.86777,2.94538,4.51138,53,11,0,0.6116,,93.8826,406.972,88.8839,50.44,47.06,11.7005,39.4717,1.21186,4.65844,82.2588,7.88569,3.78393,2.08399,1.12166,0.202124,0.0969886,0.10513517260551453,0.244966,1.36719,0.287052,0.695831,,,4.41311,0.745324,0.443749,683.4400024414062,,,,,,,352.6,3.7510638297872343,350,3.723404255319149,,,,,,,,,,,,,,,,,,,"Sean Newcomb","16943",656794
"Josiah Gray","WSN",5.50265,8.92049,8.76692,4.98995,21,21,0,0,,116.424,504.729,110.819,68.9,64.55,20.3091,47.2675,0.434027,5.12064,93.9109,7.25966,3.65395,1.9868,1.56997,0.186062,0.0936492,0.09241295605897903,0.24499,1.35785,0.267685,0.687882,,,5.13954,0.743789,0.343655,722.219970703125,,,,,,,355.80000000000007,3.0672413793103455,352,3.0344827586206895,,,,,,,,,,,,,,,,,,,"Josiah Gray","24580",680686
"Ben Brown","CHC",2.35664,1.80125,0.498266,3.6493,42,2,0,0.7242,,49.8177,207.551,41.9966,21.62,20.2,5.48113,17.0172,1.14219,2.01435,55.0309,9.94181,3.0743,3.23384,0.990214,0.265145,0.0819906,0.1831539124250412,0.222771,1.18459,0.285261,0.728353,,,3.50223,0.742601,0.523893,468.8299865722656,,,,,,,256.3,5.126,242,4.84,,,,,,,,,,,,,,,,,,,"Ben Brown","23590",676962
"Jhoan Duran","PHI",2.84144,1.70262,0,3.24965,70,0,0,3.1503,,48.5221,199.375,41.7608,18.86,17.52,4.06851,13.726,1.353,2.58946,51.7256,9.59419,2.54592,3.76845,0.754637,0.259439,0.068845,0.19059421122074127,0.228127,1.14354,0.296171,0.735612,,,3.10187,0.74233,0.679096,35,,,,,,,269.20000000000005,5.493877551020409,258,5.26530612244898,,,,,,,,,,,,,,,,,,,"Jhoan Duran","21029",661395
"Edwin Díaz","LAD",2.7545,1.40525,0,3.51046,66,0,0,2.9465,,45.2761,186.44,34.8533,18.95,17.66,5.15539,15.7857,0.598798,2.74658,61.8944,12.3034,3.13788,3.92093,1.02479,0.33198,0.0846687,0.24731100350618362,0.207574,1.11845,0.294452,0.729801,,,3.10925,0.731442,0.463269,29.719999313354492,,,,,,,259.5,5.766666666666667,239,5.311111111111111,,,,,,,,,,,,,,,,,,,"Edwin Diaz","14710",621242
"Robert Gasser","MIL",2.94803,2.71205,1.28409,3.92802,39,5,0,0.6325,,55.8831,235.09,50.5952,26.2,24.39,6.69989,17.0807,0.963538,2.80816,52.4631,8.44921,2.75085,3.07149,1.07902,0.223162,0.0726558,0.15050596743822098,0.235106,1.21102,0.281311,0.71147,,,3.88382,0.731438,0.571787,565,,,,,,,243.70000000000007,4.3517857142857155,237,4.232142857142857,,,,,,,,,,,,,,,,,,,"Robert Gasser","29812",688107
"Spencer Arrighetti","HOU",4.21275,5.54314,3.55356,4.85841,27,13,0,0.6635,,78.8962,343.991,74.2802,45.43,42.59,11.8613,34.2203,0.653078,4.25913,78.3911,8.94238,3.90364,2.29078,1.35306,0.227887,0.0994803,0.12840721011161804,0.243134,1.37523,0.289972,0.686334,,,4.56553,0.723244,0.277474,445.1099853515625,,,,,,,290.6,3.6784810126582284,285,3.607594936708861,,,,,,,,,,,,,,,,,,,"Spencer Arrighetti","29921",681293
"Josh Hader","HOU",2.29161,1.35446,0,3.40957,66,0,0,2.0213,,56.4617,230.674,38.8859,22.89,21.39,8.04783,22.3033,0.987099,2.56434,77.9471,12.4248,3.55515,3.49487,1.28283,0.33791,0.0966876,0.2412227988243103,0.188944,1.08373,0.257389,0.767177,,,3.54835,0.721926,0.643653,52,,,,,,,303.60000000000014,5.4214285714285735,265,4.732142857142857,,,,,,,,,,,,,,,,,,,"Josh Hader","14212",623352
"Abner Uribe","MIL",2.91071,1.66293,0,2.9291,72,0,0,4.3787,,48.8854,203.965,36.074,17.03,15.91,2.89353,22.8763,1.15948,2.8574,54.4055,10.0163,4.21162,2.37825,0.532711,0.26674,0.112158,0.15458163619041443,0.2024,1.20589,0.274373,0.763584,,,3.25799,0.714848,0.886524,129.8300018310547,,,,,,,278.1,5.675510204081633,252,5.142857142857143,,,,,,,,,,,,,,,,,,,"Abner Uribe","25327",682842
"Jose A. Ferrer","SEA",2.6853,1.7047,0,3.14089,70,0,0,16.1713,,46.0475,189.139,40.6437,17.27,16.07,2.97604,12.0806,1.16412,1.97307,40.968,8.00722,2.36116,3.39122,0.581668,0.216603,0.0638716,0.1527310311794281,0.232136,1.145,0.287229,0.730145,,,3.11154,0.695036,0.723996,629.8300170898438,,,,,,,300.9000000000001,6.541304347826089,295,6.413043478260869,,,,,,,,,,,,,,,,,,,"Jose A. Ferrer","24017",678606
"Andrés Muñoz","SEA",2.50193,1.49743,0,2.96932,64,0,0,3.357,,42.1006,171.869,31.0188,14.86,13.89,3.27483,15.3789,1.17837,2.46481,50.9774,10.8976,3.28762,3.31476,0.700074,0.296606,0.0894805,0.2071254476904869,0.201388,1.10207,0.278071,0.754257,,,2.99616,0.694761,0.715166,31.889999389648438,,,,,,,256.30000000000007,6.102380952380954,234,5.571428571428571,,,,,,,,,,,,,,,,,,,"Andres Munoz","20373",662253
"José Berríos","TOR",6.10164,6.95535,4.31028,4.68279,46,16,0,0.6504,,104.88,449.035,103.384,58.21,54.57,17.1505,32.9722,1.11697,5.59323,86.4969,7.42251,2.82942,2.62333,1.47173,0.192628,0.073429,0.11919937282800674,0.251867,1.30012,0.281053,0.695588,,,4.71465,0.686831,0.447545,448.2799987792969,,,,,,,359.09999999999997,3.4199999999999995,363,3.4571428571428573,,,,,,,,,,,,,,,,,,,"Jose Berrios","14168",621244
"Devin Williams","NYM",2.43115,1.47856,0,3.09989,64,0,0,3.1109,,41.9241,172.58,29.6287,15.44,14.44,3.60458,18.0522,0.802674,2.14178,55.1427,11.8377,3.87533,3.05463,0.773808,0.31952,0.104602,0.21491841226816177,0.194432,1.13732,0.277921,0.756216,,,3.0673,0.686356,0.715166,53.439998626708984,,,,,,,245.60000000000002,5.847619047619048,220,5.238095238095238,,,,,,,,,,,,,,,,,,,"Devin Williams","15816",642207
"Matt Svanson","STL",2.47788,1.67693,0,3.33016,65,0,0,14.6665,,46.8626,194.845,39.4718,18.55,17.34,3.40587,15.7449,1.25256,2.45735,47.0183,9.0299,3.02383,2.98625,0.6541,0.241311,0.0808073,0.16050348430871964,0.223455,1.17827,0.285741,0.726815,,,3.23856,0.680596,0.571207,489.2200012207031,,,,,,,309.5,6.585106382978723,296,6.297872340425532,,,,,,,,,,,,,,,,,,,"Matt Svanson","29629",694335
"Anthony Kay","CHW",6.45385,9.77544,9.64061,5.32979,24,24,0,0,,129.72,576.466,135.169,82.16,76.82,20.6802,56.6329,0.487436,6.74161,99.8029,6.92435,3.9292,1.76228,1.4348,0.173129,0.0982415,0.07488752156496048,0.26344,1.47858,0.29161,0.67327,,,5.13452,0.677044,-0.05257,554.3900146484375,,,,,,,360.70000000000005,2.774615384615385,385,2.9615384615384617,,,,,,,,,,,,,,,,,,,"Anthony Kay","20387",641743
"Robby Snelling","MIA",3.00591,4.33234,3.84618,4.64067,11,11,0,0,,57.134,245.86,59.5871,31.65,29.46,8.05487,17.8426,0.174984,1.74301,44.2867,6.97623,2.81065,2.48207,1.26884,0.180129,0.0725722,0.1075572520494461,0.26334,1.35523,0.296276,0.692029,,,4.44604,0.66935,0.35125,999,,,,,,,195.39999999999998,3.428070175438596,209,3.6666666666666665,,,,,,,,,,,,,,,,,,,"Robby Snelling","sa3020707",702281
"Christian Scott","NYM",2.5485,2.44717,1.2608,3.78883,29,5,0,0.7021,,46.3442,190.916,40.1849,20.88,19.51,6.23166,12.3647,0.644386,1.96287,43.5681,8.46089,2.40122,3.52358,1.21018,0.228205,0.0647651,0.16344024240970612,0.227562,1.1339,0.267793,0.722633,,,3.93045,0.660444,0.546448,534.0599975585938,,,,,,,212.60000000000002,4.621739130434783,202,4.391304347826087,,,,,,,,,,,,,,,,,,,"Christian Scott","30107",681035
"Jeremiah Estrada","SDP",2.75042,1.88748,0,3.50954,70,0,0,17.5202,,48.5191,202.517,36.636,20.31,18.92,5.99641,20.0805,1.36868,2.12806,65.1031,12.0762,3.72481,3.2421,1.1123,0.321469,0.0991544,0.22231458872556686,0.203185,1.16895,0.280558,0.753422,,,3.43137,0.657847,0.575634,369.3900146484375,,,,,,,328.6,6.706122448979592,303,6.183673469387755,,,,,,,,,,,,,,,,,,,"Jeremiah Estrada","22210",669093
"Justin Wrobleski","LAD",2.61443,1.83528,0.785822,3.97293,41,3,0,0.7738,,51.8987,219.454,47.7888,24.56,22.91,5.81327,17.4662,1.00439,1.90705,52.7276,9.14375,3.02889,3.01884,1.00811,0.240267,0.0795891,0.16067787259817123,0.238847,1.25735,0.296563,0.712492,,,3.67921,0.643256,0.369482,567.8900146484375,,,,,,,239.2,4.6,235,4.519230769230769,,,,,,,,,,,,,,,,,,,"Justin Wrobleski","31204",680736
"Alek Manoah","LAA",4.86929,7.64701,6.27816,4.92,19,19,0,0,,95.817,419.982,89.8548,55.84,52.38,15.0297,43.1873,0.396425,7.10648,84.8517,7.97004,4.05655,1.96473,1.41172,0.202036,0.102831,0.09920497983694077,0.243056,1.3885,0.277328,0.689301,,,4.97786,0.635744,0.387174,676.4400024414062,,,,,,,311.9000000000001,3.2489583333333343,305,3.1770833333333335,,,,,,,,,,,,,,,,,,,"Alek Manoah","26410",666201
"Chase Dollander","COL",5.4877,10.3468,8.31783,5.65031,24,24,0,0,,120.912,542.077,131.921,80.96,75.91,19.6929,51.4906,0.396829,6.47976,100.105,7.45124,3.83267,1.94414,1.46583,0.184669,0.0949877,0.08968163281679153,0.272504,1.5169,0.308058,0.657408,,,5.03494,0.631932,-0.482291,652.0599975585938,,,,,,,335.2000000000001,2.7702479338842982,374,3.090909090909091,,,,,,,,,,,,,,,,,,,"Chase Dollander","33482",801403
"Alex Vesia","LAD",2.66143,1.31037,0,3.38096,61,0,0,17.8989,,41.8461,171.744,29.9543,16.87,15.72,5.1423,16.3601,1.03542,1.93907,53.3785,11.4803,3.51863,3.26273,1.10597,0.310803,0.0952587,0.21554436534643173,0.195212,1.10678,0.261388,0.752761,,,3.49336,0.631359,0.508132,672.8300170898438,,,,,,,295.3,7.030952380952381,269,6.404761904761905,,,,,,,,,,,,,,,,,,,"Alex Vesia","25007",681911
"Tomoyuki Sugano",,7.25679,10.3175,10.3996,5.21982,26,26,0,0,,140.66,610.166,152.016,87.14,81.58,25.9391,39.0182,0.538129,7.13208,95.2438,6.09409,2.49655,2.44101,1.65969,0.156095,0.063947,0.09214809536933899,0.269525,1.35813,0.284707,0.671501,,,5.16251,0.630836,0.122699,731.8900146484375,,,,,,,380.40000000000015,2.697872340425533,419,2.971631205673759,,,,,,,,,,,,,,,,,,,"Tomoyuki Sugano","35321",608372
"Kyle Harrison","BOS",3.82101,3.96207,2.11043,4.32943,42,8,0,0.6704,,72.342,310.936,65.8265,37.4,34.8,9.8941,29.1025,1.39662,3.7943,72.0491,8.96356,3.62061,2.4757,1.23092,0.231717,0.0935964,0.13812045007944107,0.236753,1.31223,0.28523,0.709558,,,4.28544,0.629243,0.452857,552.219970703125,,,,,,,287.20000000000005,3.9888888888888894,279,3.875,,,,,,,,,,,,,,,,,,,"Kyle Harrison","27758",690986
"A.J. Minter","NYM",2.25977,1.47634,0,3.3409,60,0,0,15.4795,,39.3038,160.502,30.9986,15.64,14.59,3.89545,12.5354,0.76809,1.30781,44.1831,10.1173,2.87042,3.52467,0.892001,0.275281,0.0781013,0.1971798613667488,0.211366,1.10763,0.274936,0.732504,,,3.23193,0.628552,0.449593,742.0599975585938,,,,,,,264.80000000000007,6.789743589743591,249,6.384615384615385,,,,,,,,,,,,,,,,,,,"A.J. Minter","18655",621345
"Mick Abel","MIN",5.15164,6.5955,3.59594,4.87103,53,13,0,0.6546,,102.12,449.712,98.2797,59.08,55.27,14.4572,47.0108,1.41184,5.29114,96.6945,8.52184,4.14314,2.05686,1.27413,0.215014,0.104535,0.11047899723052979,0.247301,1.42274,0.292821,0.689406,,,4.61829,0.626537,0.0568271,489.6099853515625,,,,,,,369.8000000000001,3.6254901960784327,370,3.627450980392157,,,,,,,,,,,,,,,,,,,"Mick Abel","27756",690953
"Jonathan Cannon","CHW",5.23083,7.57041,4.42205,4.99002,38,16,0,0.6116,,97.8272,423.959,100.548,58.09,54.24,15.5745,32.3681,0.822021,4.29387,72.2791,6.6496,2.97783,2.23303,1.43284,0.170486,0.0763472,0.09413870424032211,0.259614,1.35868,0.283771,0.673431,,,4.85139,0.621359,0.0893579,999,,,,,,,305.80000000000007,3.120408163265307,322,3.2857142857142856,,,,,,,,,,,,,,,,,,,"Jonathan Cannon","31730",686563
"David Bednar","NYY",2.56145,1.53929,0,3.5101,65,0,0,1.5559,,43.3834,178.447,34.8025,18.07,16.92,4.92339,13.9023,1.09123,1.80793,51.0362,10.5876,2.88406,3.67107,1.02137,0.286002,0.0779071,0.20809538662433624,0.213858,1.12266,0.279828,0.732678,,,3.34403,0.621273,0.458683,42.16999816894531,,,,,,,227.7,5.2953488372093025,212,4.930232558139535,,,,,,,,,,,,,,,,,,,"David Bednar","19569",670280
"Corbin Burnes","ARI",2.13818,2.00328,2.44463,4.00961,6,6,0,0,,33.714,141.218,31.0377,16.04,15.02,3.92176,10.266,0.118397,1.29655,30.6284,8.17628,2.74051,2.98349,1.04692,0.216887,0.072696,0.1441914215683937,0.239387,1.22512,0.285116,0.705429,,,3.85928,0.619207,0.522116,556.4400024414062,,,,,,,150.80000000000004,4.43529411764706,147,4.323529411764706,,,,,,,,,,,,,,,,,,,"Corbin Burnes","19361",669203
"Matt Strahm","KCR",2.59487,1.74947,0,3.70022,66,0,0,16.738,,44.7298,185.423,37.3085,19.65,18.39,5.33127,13.3828,0.799528,2.05115,49.6029,9.98052,2.69273,3.70647,1.0727,0.267513,0.0721746,0.19533833116292953,0.219477,1.13328,0.277932,0.718091,,,3.50184,0.618719,0.360221,628.1099853515625,,,,,,,298.3,6.6288888888888895,283,6.288888888888889,,,,,,,,,,,,,,,,,,,"Matt Strahm","13799",621381
"Stephen Kolek","KCR",3.6722,4.11382,2.13092,4.47626,41,8,0,0.6688,,69.9288,303.599,72.829,37.18,34.78,7.05056,23.0396,0.953177,4.28818,49.4226,6.3608,2.96525,2.14511,0.907423,0.162789,0.0758883,0.08690060675144196,0.263614,1.37095,0.299268,0.682443,,,4.20473,0.615212,0.340841,599.280029296875,,,,,,,263.09999999999997,3.758571428571428,280,4,,,,,,,,,,,,,,,,,,,"Stephen Kolek","21487",663568
"Rhett Lowder","CIN",3.94935,5.48492,3.01198,4.75646,37,11,0,0.6661,,76.046,327.579,78.2648,42.89,40.19,10.8077,23.8295,0.765262,3.22924,60.2947,7.13584,2.82021,2.53025,1.27908,0.184062,0.0727443,0.11131729185581207,0.260431,1.34253,0.294036,0.680794,,,4.46442,0.611428,0.184514,483.94000244140625,,,,,,,267.29999999999995,3.517105263157894,280,3.6842105263157894,,,,,,,,,,,,,,,,,,,"Rhett Lowder","33876",695076
"Orion Kerkering","PHI",2.54714,1.60101,0,3.50974,63,0,0,13.0009,,43.6699,181.693,37.7303,18.27,17.03,3.73887,13.5899,0.882951,2.47848,43.959,9.05957,2.80077,3.23467,0.770549,0.241941,0.0747961,0.16714465618133545,0.227806,1.17518,0.288242,0.717145,,,3.33877,0.611048,0.512673,703.719970703125,,,,,,,269.6,6.127272727272728,260,5.909090909090909,,,,,,,,,,,,,,,,,,,"Orion Kerkering","31776",689147
"Drew Thorpe","CHW",3.6504,4.91887,4.3418,4.67016,13,13,0,0,,66.274,281.981,64.0806,36.78,34.39,10.4332,21.3601,0.183941,2.30935,46.4432,6.30698,2.9007,2.1743,1.41683,0.164703,0.0757502,0.08895324915647507,0.248075,1.2892,0.266326,0.686966,,,4.85155,0.605032,0.41167,999,,,,,,,222.00000000000009,3.363636363636365,223,3.378787878787879,,,,,,,,,,,,,,,,,,,"Drew Thorpe","31967",689672
"Tyler Wells","BAL",5.22547,5.09784,2.89928,4.36317,49,11,0,0.665,,88.6558,369.045,78.273,45.88,42.98,16.5448,25.7444,0.979768,3.19966,78.1742,7.93595,2.61347,3.03656,1.67957,0.211829,0.0697595,0.1420690268278122,0.230146,1.17327,0.25156,0.719036,,,4.77707,0.604113,0.578158,391.3900146484375,,,,,,,319.7,3.5921348314606742,297,3.337078651685393,,,,,,,,,,,,,,,,,,,"Tyler Wells","20000",669330
"Adrian Morejon","SDP",2.66167,1.83413,0,3.5001,68,0,0,13.5104,,47.1329,194.722,41.4095,19.75,18.33,4.53323,13.6489,1.06703,1.39674,45.6372,8.7144,2.60625,3.34365,0.865619,0.234371,0.0700945,0.1642768308520317,0.230467,1.16815,0.284746,0.724842,,,3.4066,0.603177,0.467833,450.2200012207031,,,,,,,282.70000000000005,6.0148936170212774,273,5.808510638297872,,,,,,,,,,,,,,,,,,,"Adrian Morejon","20039",670970
"Jonah Tong","NYM",2.48914,2.83212,2.78411,4.35011,8,8,0,0,,41.792,178.265,38.7924,21.56,20.2,5.57112,15.5452,0.127664,1.61278,38.9572,8.38952,3.3477,2.50606,1.19975,0.218536,0.0872031,0.13133280724287033,0.240787,1.30019,0.28497,0.704319,,,4.23545,0.595437,0.41526,326.1099853515625,,,,,,,159.6,3.8,156,3.7142857142857144,,,,,,,,,,,,,,,,,,,"Jonah Tong","32157",804636
"Kohl Drake","ARI",2.50901,2.8228,1.60098,4.33823,24,6,0,0,,46.1801,197.344,44.5802,23.87,22.26,6.07072,15.252,0.54485,1.74937,44.3682,8.64687,2.97245,2.909,1.18312,0.224826,0.0772864,0.14753995090723038,0.247197,1.29563,0.296446,0.700564,,,4.02702,0.578882,0.291415,999,,,,,,,186.60000000000002,4.056521739130435,189,4.108695652173913,,,,,,,,,,,,,,,,,,,"Kohl Drake","sa3021723",684442
"Aroldis Chapman","BOS",2.50717,1.46478,0,3.33078,62,0,0,1.9184,,43.5843,183.048,30.0915,17.35,16.13,4.22826,23.2848,0.810544,1.87069,59.3695,12.2596,4.80822,2.54971,0.873119,0.324338,0.127206,0.19713231921195984,0.190582,1.22467,0.27428,0.75914,,,3.40346,0.574701,0.616188,46.83000183105469,,,,,,,249.40000000000003,5.668181818181819,219,4.9772727272727275,,,,,,,,,,,,,,,,,,,"Aroldis Chapman","10233",547973
"Brandon Sproat","NYM",2.90997,3.28873,2.06944,4.20923,18,8,0,0.7021,,47.1464,200.132,44.1161,23.55,22.05,5.84065,16.2244,0.350659,2.14838,39.2113,7.48523,3.09715,2.41681,1.11495,0.195927,0.0810683,0.1148587241768837,0.242717,1.27985,0.279981,0.705291,,,4.25132,0.57242,0.433175,494.2799987792969,,,,,,,187.6,3.9914893617021274,185,3.9361702127659575,,,,,,,,,,,,,,,,,,,"Brandon Sproat","33850",687075
"Bryan King","HOU",2.22572,1.42702,0,3.66958,67,0,0,16.8576,,57.3172,241.946,49.7023,25.06,23.37,5.56902,21.3187,1.13618,2.90254,57.017,8.95286,3.34748,2.6745,0.874453,0.23566,0.0881136,0.14754661917686462,0.228281,1.23909,0.284477,0.726951,,,3.67646,0.569109,0.490904,746.0599975585938,,,,,,,327.99999999999994,5.75438596491228,317,5.56140350877193,,,,,,,,,,,,,,,,,,,"Bryan King","25890",687911
"David Festa","MIN",2.14208,2.01764,0.784425,4.06863,35,3,0,0.6546,,45.5682,193.394,40.1928,22.07,20.6,5.55415,17.0894,0.882566,2.19577,48.4744,9.57401,3.37526,2.83652,1.09698,0.250651,0.0883654,0.16228529810905457,0.230848,1.25706,0.288461,0.711265,,,3.86175,0.560372,0.355335,632.3900146484375,,,,,,,205.60000000000002,4.469565217391305,195,4.239130434782608,,,,,,,,,,,,,,,,,,,"David Festa","30056",701581
"Jimmy Herget","COL",3.23965,3.38585,0.563934,4.75121,76,2,0,14.0266,,88.3669,381.094,88.9746,50.05,46.65,12.9164,26.7589,2.44191,4.64526,82.1282,8.3646,2.72534,3.06919,1.31551,0.215506,0.070216,0.14529042690992355,0.254439,1.30969,0.298683,0.672638,,,4.24266,0.55882,-0.302909,750,,,,,,,383.9000000000001,4.362500000000001,395,4.488636363636363,,,,,,,,,,,,,,,,,,,"Jimmy Herget","17556",623474
"Payton Tolle","BOS",3.41876,3.73315,2.12719,4.43564,32,8,0,0.6704,,62.1489,267.086,56.7692,32.9,30.63,9.05609,25.3072,0.822113,2.5468,62.2721,9.01783,3.66482,2.46065,1.31144,0.233153,0.0947528,0.13840042799711227,0.237297,1.32064,0.284169,0.708616,,,4.37003,0.551452,0.326554,345.2200012207031,,,,,,,243.89999999999998,3.9338709677419352,237,3.8225806451612905,,,,,,,,,,,,,,,,,,,"Payton Tolle","35466",801139
"Seranthony Domínguez",,3.6122,3.65824,0,3.84,63,0,0,0,,63,266.283,49.9143,28.75,26.88,7.36789,28.2267,1.17494,3.63188,72.8328,10.4047,4.03238,2.58028,1.05256,0.273517,0.106003,0.16751397401094437,0.212923,1.24033,0.275875,0.728202,,,3.86042,0.550567,0.401739,537,,,,,,,300.1,4.7634920634920634,274,4.349206349206349,,,,,,,,,,,,,,,,,,,"Seranthony Dominguez","19249",622554
"Gabe Speier","SEA",2.19898,1.46026,0,3.39915,58,0,0,11.7185,,38.1536,156.532,31.1392,15.51,14.41,4.29524,11.1812,1.04297,1.68279,45.5498,10.7447,2.63752,4.07379,1.0132,0.290994,0.0714309,0.21956344693899155,0.216745,1.10921,0.286114,0.738435,,,3.22242,0.550034,0.395738,702.5599975585938,,,,,,,252.4,6.6421052631578945,239,6.2894736842105265,,,,,,,,,,,,,,,,,,,"Gabe Speier","17170",642100
"Erik Sabrowski","CLE",2.1703,1.74808,0,3.45897,61,0,0,13.7034,,42.1773,179.254,30.3586,17.34,16.21,3.84352,22.8027,0.942927,2.37601,55.612,11.8668,4.86576,2.43883,0.82015,0.310242,0.127209,0.18303260207176208,0.197038,1.26042,0.280228,0.749708,,,3.47366,0.546928,0.508132,999,,,,,,,276.6,6.585714285714286,251,5.976190476190476,,,,,,,,,,,,,,,,,,,"Erik Sabrowski","24978",681870
"Bryce Elder","ATL",3.47395,4.01505,2.69392,4.72087,18,10,0,0.6599,,55.782,240.684,57.7558,31.24,29.26,7.22793,18.2679,0.40953,2.26267,43.4915,7.01702,2.94738,2.38077,1.16617,0.1807,0.0758998,0.10479988157749176,0.262343,1.36287,0.298216,0.679523,,,4.36441,0.54611,0.308433,667.0599975585938,,,,,,,207.50000000000006,3.7053571428571437,219,3.9107142857142856,,,,,,,,,,,,,,,,,,,"Bryce Elder","27779",693821
"Daniel Palencia","CHC",2.80116,1.82945,0,3.62973,67,0,0,4.4788,,46.6894,196.625,37.1592,20.14,18.83,4.61407,20.0201,0.959218,2.66102,52.8128,10.1804,3.85913,2.638,0.889423,0.268597,0.101819,0.16677835583686831,0.213628,1.22467,0.279317,0.730276,,,3.61491,0.534132,0.467855,131.05999755859375,,,,,,,243.10000000000002,5.172340425531916,223,4.74468085106383,,,,,,,,,,,,,,,,,,,"Daniel Palencia","27914",694037
"Matt Brash","SEA",2.35699,1.64043,0,3.47902,63,0,0,12.3151,,41.4427,175.632,33.632,17.14,16.02,3.36785,18.7519,0.94781,2.18142,48.53,10.5391,4.07229,2.58801,0.731386,0.276317,0.106768,0.16954872757196426,0.217404,1.26401,0.294396,0.739347,,,3.3649,0.531825,0.454122,475.5,,,,,,,261.1,6.36829268292683,249,6.073170731707317,,,,,,,,,,,,,,,,,,,"Matt Brash","25756",666374
"Janson Junk","MIA",3.11099,3.74165,1.32717,4.57307,55,5,0,4.2752,,73.1521,314.099,76.5893,39.96,37.17,9.71981,19.9785,1.4533,2.66092,53.0382,6.52536,2.45798,2.65477,1.19584,0.168859,0.0636058,0.10525275766849518,0.262779,1.3201,0.292388,0.68235,,,4.34083,0.530837,0.0549979,581.8300170898438,,,,,,,270.00000000000006,3.698630136986302,288,3.9452054794520546,,,,,,,,,,,,,,,,,,,"Janson Junk","23301",676083
"Tanner Gordon","COL",5.51138,11.3566,8.10696,5.87035,26,26,0,0,,124.904,552.412,150.67,87.05,81.47,25.0161,32.014,0.414859,4.12457,90.0257,6.48683,2.30678,2.81207,1.80254,0.162968,0.057953,0.10501519590616226,0.291842,1.4626,0.313171,0.647658,,,5.16529,0.530336,-0.802652,999,,,,,,,296.9,2.3752,372,2.976,,,,,,,,,,,,,,,,,,,"Tanner Gordon","27669",685299
"Brant Hurter","DET",2.10483,1.31017,0,3.35913,55,0,0,9.2384,,38.6618,161.16,34.1727,15.51,14.43,2.80174,11.537,1.19004,2.21955,36.1213,8.40861,2.68567,3.13091,0.652211,0.224134,0.0715873,0.15254641324281693,0.231832,1.1823,0.289187,0.722701,,,3.27609,0.523063,0.449746,999,,,,,,,229.30000000000004,5.879487179487181,222,5.6923076923076925,,,,,,,,,,,,,,,,,,,"Brant Hurter","30133",676428
"Ryan Bergert","KCR",3.27219,3.94578,2.17004,4.71772,32,8,0,0.6688,,61.0845,265.624,59.6323,34.2,32.02,8.48524,23.9708,0.793793,2.38168,55.1669,8.12811,3.53178,2.30142,1.25019,0.207688,0.0902433,0.1174447312951088,0.249225,1.36865,0.291239,0.688797,,,4.42895,0.520735,0.16646,604.1699829101562,,,,,,,233.0000000000001,3.819672131147543,237,3.8852459016393444,,,,,,,,,,,,,,,,,,,"Ryan Bergert","29863",686701
"AJ Blubaugh","HOU",2.07086,1.74212,0.528073,4.033,46,2,0,0.6635,,63.9796,269.992,54.4713,30.7,28.67,8.8032,24.0917,1.53024,3.03426,67.6419,9.51517,3.38898,2.80768,1.23834,0.250533,0.0892311,0.16130155324935913,0.224285,1.22794,0.274412,0.722586,,,4.08131,0.519067,0.368453,554.3900146484375,,,,,,,281.5,4.3984375,262,4.09375,,,,,,,,,,,,,,,,,,,"AJ Blubaugh","31764",805123
"Aaron Bummer","ATL",2.38284,1.51166,0,3.78103,61,0,0,13.1733,,40.3462,172.313,37.7861,18.24,16.95,2.29977,15.222,1.00176,2.35249,39.6242,8.83895,3.39557,2.60308,0.513008,0.229955,0.0883395,0.14161524921655655,0.244193,1.31383,0.314554,0.698317,,,3.21872,0.516999,0.297308,999,,,,,,,253.59999999999997,6.339999999999999,255,6.375,,,,,,,,,,,,,,,,,,,"Aaron Bummer","16258",607481
"Phil Maton","CHC",2.68386,1.77152,0,3.67982,65,0,0,14.1687,,45.2957,190.457,37.356,19.83,18.52,4.64334,17.0283,0.93741,3.41692,51.6698,10.2665,3.38342,3.03435,0.922605,0.271293,0.0894073,0.18188592046499252,0.219726,1.20065,0.287713,0.721631,,,3.54046,0.516584,0.360233,421.3299865722656,,,,,,,275.3,6.117777777777778,260,5.777777777777778,,,,,,,,,,,,,,,,,,,"Phil Maton","18064",664208
"Dylan Lee","ATL",2.61867,1.6119,0,3.78072,65,0,0,16.2635,,42.9918,177.356,38.2507,19.44,18.06,5.82918,10.8857,0.896344,1.08246,47.284,9.89853,2.27884,4.34366,1.22029,0.266605,0.061378,0.20522747933864594,0.231279,1.14292,0.288771,0.724735,,,3.53326,0.512494,0.355624,713.6099853515625,,,,,,,267.59999999999997,6.223255813953488,259,6.023255813953488,,,,,,,,,,,,,,,,,,,"Dylan Lee","19996",669276
"Chris Martin","TEX",2.07328,1.42893,0,3.63002,54,0,0,12.3147,,37.7602,153.64,34.994,16.3,15.23,4.309,6.17709,0.877607,1.45648,36.0772,8.59888,1.47229,5.84049,1.02704,0.234817,0.040205,0.19461175426840782,0.239674,1.09033,0.290522,0.707802,,,3.31425,0.51067,0.395833,633.4400024414062,,,,,,,240,6.315789473684211,237,6.2368421052631575,,,,,,,,,,,,,,,,,,,"Chris Martin","11847",455119
"Cal Quantrill",,4.17696,6.37646,5.63157,5.34001,16,16,0,0,,81.792,359.83,85.0088,51.47,48.53,12.9512,31.62,0.235318,4.3618,61.239,6.73845,3.47931,1.93672,1.42509,0.170189,0.0878749,0.08231403678655624,0.262496,1.42592,0.288626,0.66153,,,5.01592,0.5053,0.0312492,999,,,,,,,239.9000000000001,2.925609756097562,255,3.1097560975609757,,,,,,,,,,,,,,,,,,,"Cal Quantrill","19312",615698
"Will Vest","DET",2.52279,1.73652,0,3.76914,68,0,0,11.6776,,46.8489,197.407,43.4841,21.14,19.62,4.60614,14.5331,0.798919,2.23903,45.5477,8.75003,2.79191,3.13406,0.884872,0.23073,0.07362,0.15710963308811188,0.240729,1.23839,0.297958,0.715109,,,3.54285,0.487977,0.364806,335.5,,,,,,,263.5,5.6063829787234045,259,5.51063829787234,,,,,,,,,,,,,,,,,,,"Will Vest","19769",676684
"Pete Fairbanks","MIA",2.22581,1.76705,0,3.6796,62,0,0,4.1289,,42.4611,177.789,37.0669,18.76,17.36,4.16498,14.8046,0.810495,1.93689,42.241,8.95335,3.13797,2.85323,0.882804,0.237591,0.0832707,0.15431980043649673,0.230161,1.22162,0.286998,0.719182,,,3.6035,0.48004,0.301907,113.11000061035156,,,,,,,214.40000000000003,5.104761904761905,207,4.928571428571429,,,,,,,,,,,,,,,,,,,"Pete Fairbanks","17998",664126
"Kody Funderburk","MIN",2.44567,1.64835,0,3.81961,65,0,0,9.4288,,45.9707,198.023,42.4693,20.97,19.51,2.96681,19.2147,1.0972,2.55724,42.4191,8.30469,3.76179,2.20764,0.580834,0.214213,0.0970324,0.11718039959669113,0.240959,1.34181,0.301856,0.707695,,,3.54945,0.479043,0.311099,737.5599975585938,,,,,,,248.30000000000007,5.397826086956523,245,5.326086956521739,,,,,,,,,,,,,,,,,,,"Kody Funderburk","24993",681892
"Tyler Kinley",,3.66954,3.78454,0,3.99938,64,0,0,0,,64,270.359,52.9791,30.41,28.44,8.12862,25.6073,1.54491,3.13841,66.5769,9.36238,3.60102,2.59992,1.14309,0.246254,0.0947159,0.15153787285089493,0.219272,1.22791,0.268714,0.716843,,,4.05319,0.477797,0.352583,659.219970703125,,,,,,,284.40000000000003,4.4437500000000005,263,4.109375,,,,,,,,,,,,,,,,,,,"Tyler Kinley","18297",641755
"José Alvarado","PHI",2.53242,1.68419,0,3.74906,64,0,0,12.5227,,44.3631,187.999,38.6316,19.92,18.48,4.00942,17.9175,1.0084,2.10139,47.1818,9.57183,3.63495,2.63328,0.813397,0.250968,0.0953062,0.15566153079271317,0.229977,1.27469,0.29645,0.719122,,,3.53672,0.476837,0.306499,630.3300170898438,,,,,,,261,5.931818181818182,254,5.7727272727272725,,,,,,,,,,,,,,,,,,,"Jose Alvarado","17780",621237
"Raisel Iglesias","ATL",2.64014,1.66751,0,3.90074,66,0,0,4.5226,,43.6532,181.28,40.0173,20.28,18.92,5.69045,10.6982,0.970221,1.58574,44.7487,9.22586,2.20565,4.18283,1.1732,0.246849,0.0590148,0.18783383443951607,0.236794,1.16178,0.289539,0.71196,,,3.62376,0.474683,0.306483,70.16999816894531,,,,,,,218.8,4.972727272727273,213,4.840909090909091,,,,,,,,,,,,,,,,,,,"Raisel Iglesias","17130",628452
"Brusdar Graterol","LAD",2.31577,1.10199,0,3.23879,54,0,0,11.4914,,35.8467,147.825,33.0806,13.9,12.9,2.12214,8.45507,0.821836,1.92716,25.7491,6.4648,2.12281,3.0454,0.532803,0.174187,0.0571967,0.11699036508798599,0.240688,1.1587,0.282543,0.716606,,,3.337,0.472905,0.494579,999,,,,,,,222,6.166666666666667,220,6.111111111111111,,,,,,,,,,,,,,,,,,,"Brusdar Graterol","20367",660813
"Cole Sands","MIN",2.543,1.85347,0,4.1807,68,0,0,14.7893,,48.0924,204.256,45.1592,23.97,22.34,5.37101,14.9938,0.888668,2.57817,44.8057,8.38494,2.80594,2.98828,1.00513,0.219361,0.0734069,0.1459537148475647,0.241902,1.25078,0.291473,0.687451,,,3.81981,0.468204,0.110559,551.8300170898438,,,,,,,272.70000000000005,5.681250000000001,271,5.645833333333333,,,,,,,,,,,,,,,,,,,"Cole Sands","21461",663485
"Tink Hence","STL",1.13863,1.16333,0.512704,3.70488,16,2,0,0,,26.9158,112.23,23.4675,11.84,11.08,2.78758,8.58339,0.482695,1.08161,28.3205,9.46968,2.87007,3.29945,0.932098,0.252343,0.0764804,0.17586297541856766,0.228806,1.19078,0.289404,0.718015,,,3.45437,0.467919,0.329341,999,,,,,,,129.10000000000002,4.7814814814814826,122,4.518518518518518,,,,,,,,,,,,,,,,,,,"Tink Hence","sa3014709",693311
"Evan Sisk","PIT",1.99616,1.26469,0,3.54034,52,0,0,6.837,,38.3607,164.188,32.9257,16.21,15.09,2.54889,17.3305,1.10123,1.95255,41.2394,9.67538,4.06599,2.37959,0.598008,0.251171,0.105552,0.14561853557825089,0.227222,1.3101,0.300412,0.729232,,,3.35687,0.463862,0.395886,999,,,,,,,211.5,5.565789473684211,204,5.368421052631579,,,,,,,,,,,,,,,,,,,"Evan Sisk","24995",681895
"Tyler Rogers","TOR",2.84154,1.82358,0,3.6306,74,0,0,17.6852,,49.3555,203.574,47.5139,21.35,19.91,4.48143,9.62835,0.731231,2.4029,31.9945,5.83421,1.75573,3.32295,0.81719,0.157164,0.0472966,0.10986756160855293,0.248059,1.15777,0.277509,0.703627,,,3.75033,0.458039,0.472321,712.3900146484375,,,,,,,288.6,5.889795918367348,293,5.979591836734694,,,,,,,,,,,,,,,,,,,"Tyler Rogers","15541",643511
"Tyler Alexander","TEX",3.3686,3.18143,0.806081,4.44135,69,3,0,13.6122,,81.0362,342.406,79.3704,42.89,39.99,12.3982,20.9902,2.06875,2.7752,67.3259,7.47732,2.33121,3.20749,1.37696,0.196626,0.0613021,0.13532361015677452,0.24909,1.23847,0.280316,0.692391,,,4.34226,0.455059,0.0814185,999,,,,,,,364.4,4.498765432098765,367,4.530864197530864,,,,,,,,,,,,,,,,,,,"Tyler Alexander","17735",641302
"Aaron Ashby","MIL",2.47182,1.55374,0,3.39051,64,0,0,13.2476,,43.4537,185.187,36.3543,17.56,16.37,2.91504,20.4322,1.00488,2.28678,45.977,9.52261,4.23186,2.25022,0.603755,0.248273,0.110333,0.13794032484292984,0.223763,1.30683,0.294421,0.744259,,,3.45959,0.449859,0.458707,549.219970703125,,,,,,,265.70000000000005,6.179069767441861,254,5.906976744186046,,,,,,,,,,,,,,,,,,,"Aaron Ashby","23550",676879
"Mason Barnett","ATH",2.37479,2.7844,1.35744,4.4766,31,5,0,0.6389,,52.0306,223.984,48.4063,27.75,25.88,7.20258,20.327,0.900843,2.80066,48.332,8.36023,3.51606,2.37773,1.24587,0.215783,0.0907519,0.12503129988908768,0.240999,1.32102,0.283534,0.698781,,,4.41039,0.44708,0.170968,999,,,,,,,204.90000000000003,3.940384615384616,200,3.8461538461538463,,,,,,,,,,,,,,,,,,,"Mason Barnett","31741",686930
"Javier Assad","CHC",3.58504,3.4856,1.33183,4.46218,55,5,0,4.8279,,74.0221,319.355,70.4391,39.27,36.7,8.54143,29.555,1.28016,3.68055,57.9502,7.04589,3.59345,1.96076,1.03851,0.18146,0.092546,0.08891431242227554,0.246188,1.35087,0.28183,0.689764,,,4.41644,0.445895,0.212985,678.9400024414062,,,,,,,288.90000000000003,3.9040540540540545,287,3.8783783783783785,,,,,,,,,,,,,,,,,,,"Javier Assad","21741",665871
"Shawn Armstrong","CLE",2.30601,2.1723,0,4.14039,68,0,0,16.6041,,47.0173,199.125,43.4738,23.15,21.63,5.67574,14.568,0.659793,2.55377,46.6789,8.93522,2.78859,3.20421,1.08644,0.23442,0.07316,0.16125988215208054,0.238863,1.23448,0.291542,0.696502,,,3.81132,0.444909,0.15945,576.6099853515625,,,,,,,270.2,5.748936170212766,265,5.638297872340425,,,,,,,,,,,,,,,,,,,"Shawn Armstrong","12857",542888
"Caleb Thielbar","CHC",2.7513,1.89458,0,3.8491,66,0,0,15.1732,,45.9926,191.753,39.2948,21.12,19.67,5.77439,15.4702,0.827386,1.48153,45.8234,8.9669,3.02728,2.96204,1.12995,0.238971,0.080678,0.1582932323217392,0.224797,1.19074,0.272074,0.720745,,,3.88038,0.441793,0.311091,999,,,,,,,269.20000000000005,5.85217391304348,256,5.565217391304348,,,,,,,,,,,,,,,,,,,"Caleb Thielbar","10078",573204
"Thomas Harrington","PIT",1.84733,2.31307,1.34347,4.55116,15,5,0,0.6574,,35.8524,153.057,36.1359,19.39,18.13,5.0181,9.97833,0.386294,1.4224,29.2749,7.34885,2.50485,2.93385,1.25969,0.191268,0.0651937,0.1260744407773018,0.255096,1.28622,0.289837,0.683678,,,4.27558,0.441178,0.238206,748.6699829101562,,,,,,,140.30000000000004,3.8972222222222235,144,4,,,,,,,,,,,,,,,,,,,"Thomas Harrington","31989",802419
"Porter Hodge","CHC",2.19317,1.39397,0,3.50884,52,0,0,7.5315,,36.8327,155.85,28.5164,15.37,14.36,3.04147,17.4163,1.1952,2.15806,41.113,10.0459,4.25565,2.3606,0.743179,0.263799,0.111751,0.15204867720603943,0.209256,1.24706,0.276538,0.733365,,,3.57052,0.440714,0.445241,724.6099853515625,,,,,,,218.50000000000003,5.905405405405406,203,5.486486486486487,,,,,,,,,,,,,,,,,,,"Porter Hodge","26413",687863
"Ryan Walker","SFG",2.14791,1.7191,0,3.97953,63,0,0,3.891,,41.8844,178.764,39.6357,19.95,18.52,4.13904,14.0333,0.831504,2.5162,41.9671,9.01778,3.01543,2.99055,0.889386,0.234763,0.0785017,0.15626127272844315,0.244341,1.28136,0.30572,0.704322,,,3.60122,0.439918,0.199194,190.8300018310547,,,,,,,206.60000000000002,4.919047619047619,207,4.928571428571429,,,,,,,,,,,,,,,,,,,"Ryan Walker","20423",676254
"Luis Medina","ATH",5.21311,7.56229,4.48539,5.19714,40,16,0,0.6389,,101.617,452.996,103.305,62.66,58.68,14.9033,47.8537,1.26022,6.11548,88.019,7.79563,4.23828,1.83934,1.31995,0.194304,0.105638,0.0886659249663353,0.258892,1.48753,0.298548,0.679223,,,4.90267,0.437654,-0.181379,999,,,,,,,320.50000000000006,3.1421568627450984,333,3.264705882352941,,,,,,,,,,,,,,,,,,,"Luis Medina","21649",665622
"Steven Okert","HOU",2.11335,1.47928,0,4.08981,64,0,0,13.8983,,54.7507,230.715,44.7437,26.64,24.88,8.15766,21.2228,1.16367,3.07575,63.5788,10.4512,3.48863,2.99578,1.34097,0.275573,0.0919873,0.18358609080314636,0.216765,1.20485,0.271653,0.720982,,,4.08102,0.436668,0.177881,999,,,,,,,303.6,5.5200000000000005,283,5.1454545454545455,,,,,,,,,,,,,,,,,,,"Steven Okert","13580",595345
"Justin Wilson",,2.79086,2.9825,0,4.03036,50,0,0,0,,50.4447,214.357,45.4566,24.21,22.59,5.92671,18.7548,1.14425,2.08478,51.4462,9.17869,3.34611,2.74309,1.0574,0.240003,0.0874937,0.1525094360113144,0.234897,1.27291,0.290354,0.71541,,,3.86214,0.43471,0.217663,999,,,,,,,218.2,4.364,211,4.22,,,,,,,,,,,,,,,,,,,"Justin Wilson","4301",458677
"Jedixson Paez","CHW",1.83075,1.44649,0,3.61901,50,0,0,0,,35.1643,142.769,31.9867,15.21,14.14,4.47634,5.77598,0.909094,1.26739,32.5429,8.32909,1.47831,5.63418,1.14568,0.227941,0.0404568,0.18748413026332855,0.235672,1.07389,0.278709,0.716054,,,3.54,0.433989,0.337429,999,,,,,,,171.60000000000002,4.902857142857144,168,4.8,,,,,,,,,,,,,,,,,,,"Jedixson Paez","sa3016264",699151
"Edwin Uceta","TBR",2.65242,2.06514,0,4.1099,70,0,0,11.7169,,50.5414,214.915,42.2321,24.76,23.08,7.46903,20.2975,1.53398,2.94919,62.2769,11.0898,3.61441,3.0682,1.33003,0.289775,0.0944443,0.1953301951289177,0.220339,1.2372,0.285124,0.725321,,,3.97175,0.42918,0.168663,263.94000244140625,,,,,,,285.1000000000001,5.590196078431374,267,5.235294117647059,,,,,,,,,,,,,,,,,,,"Edwin Uceta","20539",670955
"Andrew Nardi","MIA",1.88066,1.42952,0,3.56972,52,0,0,6.6693,,34.7674,145.102,28.5005,14.88,13.79,4.11838,12.794,0.764226,1.44446,41.341,10.7017,3.31189,3.23128,1.0661,0.28491,0.0881725,0.196737602353096,0.217788,1.18773,0.285491,0.743468,,,3.52551,0.427423,0.337389,999,,,,,,,202.4,5.782857142857143,191,5.457142857142857,,,,,,,,,,,,,,,,,,,"Andrew Nardi","25942",677053
"Mason Montgomery","PIT",2.27126,1.53975,0,3.89082,60,0,0,12.1345,,41.6133,177.696,36.5551,19.29,17.99,4.18878,17.1113,1.03838,1.71206,45.8448,9.91517,3.70077,2.67922,0.905937,0.257995,0.096295,0.16170012205839157,0.23009,1.28965,0.297377,0.71914,,,3.59736,0.425361,0.301926,671.1699829101562,,,,,,,248.40000000000003,5.9142857142857155,241,5.738095238095238,,,,,,,,,,,,,,,,,,,"Mason Montgomery","29770",682254
"Caden Dana","LAA",4.36791,6.5062,6.38868,5,16,16,0,0,,86.976,374.894,84.1813,51.47,48.32,16.4419,31.5387,0.280774,4.02413,75.4911,7.81158,3.26353,2.3936,1.70136,0.201366,0.084127,0.11723928153514862,0.24808,1.33048,0.273807,0.693086,,,5.08339,0.424875,0.328621,719.1099853515625,,,,,,,270.6,3.110344827586207,269,3.0919540229885056,,,,,,,,,,,,,,,,,,,"Caden Dana","31508",702674
"Ryan Yarbrough","NYY",3.6051,3.25674,1.34696,4.34001,57,5,0,7.1917,,73.8247,313.252,68.7911,38.18,35.6,10.4614,23.4915,1.34057,4.53835,60.0038,7.31509,2.86386,2.55428,1.27536,0.191551,0.0749923,0.11655888706445694,0.241184,1.25002,0.271607,0.696869,,,4.49078,0.423787,0.308496,651.719970703125,,,,,,,309.20000000000005,4.178378378378379,304,4.108108108108108,,,,,,,,,,,,,,,,,,,"Ryan Yarbrough","16502",642232
"Mitch Bratt","ARI",1.89922,2.21794,1.33881,4.44827,15,5,0,0,,33.6266,142.93,33.964,17.8,16.62,4.50862,8.96512,0.351585,1.0462,28.1864,7.54397,2.39948,3.14401,1.20671,0.197204,0.0627239,0.13448051363229752,0.255524,1.27664,0.293896,0.686268,,,4.09489,0.423633,0.219318,999,,,,,,,127.70000000000002,3.755882352941177,131,3.8529411764705883,,,,,,,,,,,,,,,,,,,"Mitch Bratt","sa3017719",683352
"Jordan Wicks","CHC",2.12574,1.90039,0.779535,4.04899,31,3,0,0.7242,,42.9885,181.633,40.4734,20.77,19.34,4.95629,13.9973,0.783016,1.52272,37.5744,7.86652,2.93046,2.6844,1.03764,0.20687,0.0770639,0.129806287586689,0.24365,1.2671,0.287397,0.709013,,,3.96892,0.422391,0.300282,746.1699829101562,,,,,,,184.7,4.2953488372093025,182,4.232558139534884,,,,,,,,,,,,,,,,,,,"Jordan Wicks","30094",696136
"Ryan Helsley","BAL",2.649,1.64076,0,3.82015,64,0,0,3.9288,,42.925,179.813,36.8217,19.46,18.22,5.22429,14.9151,0.948974,1.62202,44.3728,9.30356,3.12723,2.97502,1.09537,0.246772,0.082948,0.16382408887147903,0.225518,1.20528,0.277954,0.726582,,,3.80564,0.414919,0.355637,65.16999816894531,,,,,,,213.5,4.965116279069767,203,4.72093023255814,,,,,,,,,,,,,,,,,,,"Ryan Helsley","18138",664854
"Angel Zerpa","MIL",2.35701,1.47488,0,3.41992,60,0,0,11.8063,,40.7378,169.094,36.0641,16.64,15.48,3.64943,12.2778,0.846881,1.65524,35.1425,7.76385,2.71247,2.86228,0.806249,0.207828,0.0726095,0.13521899282932281,0.232431,1.18666,0.278552,0.733285,,,3.60047,0.413452,0.454203,731.3900146484375,,,,,,,236.60000000000005,5.770731707317075,229,5.585365853658536,,,,,,,,,,,,,,,,,,,"Angel Zerpa","22717",672582
"Camilo Doval","NYY",2.48907,1.53847,0,3.63026,64,0,0,13.7604,,42.716,181.475,35.2815,18.4,17.23,3.47291,19.2121,1.07765,2.62193,44.8685,9.45353,4.04787,2.33544,0.731722,0.247244,0.105866,0.14137766510248184,0.221006,1.27572,0.285794,0.727231,,,3.62471,0.411495,0.458707,510.05999755859375,,,,,,,270.3,6.286046511627907,256,5.953488372093023,,,,,,,,,,,,,,,,,,,"Camilo Doval","21992",666808
"Trevor Megill","MIL",2.44196,1.81216,0,4.1092,66,0,0,10.7699,,44.8116,190.401,39.9926,22.06,20.46,6.21243,15.9709,1.15815,1.97129,53.3304,10.7109,3.2076,3.33923,1.24771,0.280095,0.0838803,0.19621489942073822,0.231896,1.24886,0.299162,0.71729,,,3.75835,0.410314,0.154844,117.66999816894531,,,,,,,251.2,5.582222222222222,243,5.4,,,,,,,,,,,,,,,,,,,"Trevor Megill","17722",656730
"Wikelman González","CHW",2.26812,1.87326,0,3.78907,62,0,0,12.0367,,42.9445,184.569,33.3801,19.31,18.08,3.88387,22.6404,1.20844,2.71349,46.8823,9.82525,4.74481,2.07074,0.813952,0.25401,0.122667,0.13134365528821945,0.209655,1.30448,0.271984,0.725746,,,3.89862,0.407453,0.355663,999,,,,,,,247.2,5.748837209302326,227,5.27906976744186,,,,,,,,,,,,,,,,,,,"Wikelman Gonzalez","26641",682790
"Ryan Brasier",,2.9987,3.25794,0,4.20041,54,0,0,0,,54.4447,230.003,52.148,27.28,25.41,6.72493,15.2499,1.02651,2.21517,47.301,7.81911,2.52089,3.10173,1.11167,0.205654,0.066303,0.1393510401248932,0.245359,1.23792,0.28656,0.691891,,,3.96565,0.404586,0.124379,999,,,,,,,221.3,4.098148148148148,222,4.111111111111111,,,,,,,,,,,,,,,,,,,"Ryan Brasier","5615",518489
"JoJo Romero","STL",2.37209,1.77832,0,3.7606,64,0,0,9.2003,,46.1416,195.687,42.4465,20.68,19.28,3.9477,16.7242,0.98006,2.07996,40.8232,7.96264,3.26209,2.44097,0.770005,0.208615,0.0854641,0.12315083295106888,0.239969,1.28237,0.29141,0.717522,,,3.70049,0.403618,0.311107,466.94000244140625,,,,,,,243.00000000000006,5.282608695652175,239,5.195652173913044,,,,,,,,,,,,,,,,,,,"JoJo Romero","19574",668941
"Austin Peterson","CLE",1.6089,1.95105,0.793506,4.24403,25,3,0,0,,35.6901,150.02,34.8512,18.05,16.83,4.85708,8.67132,0.583751,1.41303,30.5461,7.70284,2.18665,3.52266,1.22481,0.203614,0.057801,0.1458124741911888,0.249051,1.21945,0.286935,0.693646,,,4.04023,0.402766,0.228866,999,,,,,,,145.90000000000003,4.052777777777779,147,4.083333333333333,,,,,,,,,,,,,,,,,,,"Austin Peterson","sa3020868",804926
"Jason Adam","SDP",1.86328,1.25504,0,3.42963,46,0,0,0.6601,,33.3272,136.553,25.5168,13.59,12.7,3.53953,11.0944,0.777473,2.05235,34.5554,9.33168,2.99604,3.11467,0.955848,0.253054,0.081246,0.1718083918094635,0.20677,1.09854,0.257612,0.727233,,,3.62553,0.400198,0.332909,681.9400024414062,,,,,,,162.40000000000006,4.921212121212123,148,4.484848484848484,,,,,,,,,,,,,,,,,,,"Jason Adam","11861",592094
"Cade Povich","BAL",2.21289,2.1929,1.31203,4.3016,19,5,0,0.665,,38.3508,163.906,35.5833,19.63,18.33,5.39652,14.3046,0.673092,1.37067,37.2563,8.74315,3.35694,2.6045,1.26643,0.227304,0.0872735,0.1400301530957222,0.240054,1.30083,0.28592,0.714763,,,4.2477,0.397911,0.229161,469.2799987792969,,,,,,,159.1,4.186842105263158,158,4.157894736842105,,,,,,,,,,,,,,,,,,,"Cade Povich","30055",700249
"Scott Barlow",,3.48136,3.7273,0,4.10952,62,0,0,0,,62,266.768,51.7489,30.24,28.31,6.70134,29.9107,1.51395,3.8987,66.3459,9.63086,4.34187,2.21814,0.972776,0.248703,0.112122,0.1365804299712181,0.222138,1.31709,0.281704,0.711417,,,4.036,0.395854,0.245272,999,,,,,,,267.49999999999994,4.314516129032257,249,4.016129032258065,,,,,,,,,,,,,,,,,,,"Scott Barlow","14993",605130
"Blake Treinen","LAD",2.37731,1.33443,0,3.96073,58,0,0,14.2481,,39.7881,167.561,35.3583,18.79,17.51,4.47778,13.5879,0.839333,1.94158,41.1653,9.3115,3.07356,3.02955,1.01287,0.245674,0.0810926,0.1645813286304474,0.232573,1.23017,0.290263,0.706609,,,3.69986,0.395689,0.194599,749.0599975585938,,,,,,,245.8,6.1450000000000005,238,5.95,,,,,,,,,,,,,,,,,,,"Blake Treinen","12572",595014
"Eduard Bazardo","SEA",2.53524,1.90407,0,3.93948,68,0,0,14.0191,,44.7318,187.322,38.3649,20.97,19.58,5.67906,15.2513,0.911987,1.99731,46.5932,9.3745,3.06854,3.05504,1.14262,0.248733,0.0814172,0.16731565445661545,0.225578,1.19861,0.277466,0.714898,,,3.85916,0.395427,0.257404,744.6099853515625,,,,,,,259.4,5.764444444444444,246,5.466666666666667,,,,,,,,,,,,,,,,,,,"Eduard Bazardo","20997",660825
"Keider Montero","DET",4.05521,5.2018,2.75447,4.86586,44,10,0,0.6108,,81.7348,355.649,82.9011,47.32,44.19,12.8691,29.3582,1.09932,4.05546,66.3183,7.30246,3.2327,2.25894,1.41705,0.186471,0.0825483,0.10392317920923233,0.257269,1.37346,0.288141,0.689065,,,4.78563,0.389397,0.0691501,737.1099853515625,,,,,,,268.1000000000001,3.269512195121952,278,3.3902439024390243,,,,,,,,,,,,,,,,,,,"Keider Montero","22630",672456
"McCade Brown","COL",4.21023,9.17447,5.71541,5.91046,21,21,0,0,,95.886,429.048,111.412,67.22,62.97,17.8068,33.0277,0.332169,4.65081,76.8287,7.21125,3.10003,2.32619,1.67138,0.179068,0.0769791,0.10208859294652939,0.284671,1.50637,0.31545,0.646135,,,5.1257,0.386012,-0.638794,999,,,,,,,240.4000000000001,2.5041666666666678,286,2.9791666666666665,,,,,,,,,,,,,,,,,,,"McCade Brown","30004",685326
"Joey Wentz","ATL",2.82029,2.93506,1.37607,4.81166,39,5,0,0.6599,,57.2173,249.7,56.5282,32.84,30.59,8.03053,23.4762,0.971817,1.91698,54.0927,8.50851,3.69269,2.30415,1.26316,0.216631,0.0940178,0.12261307239532471,0.252013,1.39826,0.29903,0.685911,,,4.40033,0.385779,-0.0837265,735.219970703125,,,,,,,212.2,3.7228070175438592,218,3.824561403508772,,,,,,,,,,,,,,,,,,,"Joey Wentz","19962",666214
"Gordon Graceffo","STL",2.18593,1.77599,0,4.1403,60,0,0,12.6761,,43.2578,184.467,41.5021,21.29,19.9,4.39244,13.9035,1.09551,1.72719,36.1913,7.52978,2.8927,2.60303,0.91387,0.196194,0.0753714,0.12082281708717346,0.245813,1.28082,0.289349,0.692616,,,3.8659,0.384131,0.150241,999,,,,,,,235.8,5.4837209302325585,239,5.558139534883721,,,,,,,,,,,,,,,,,,,"Gordon Graceffo","29519",700669
"Travis Adams","MIN",2.63472,2.40815,0.54903,4.53044,58,2,0,10.0801,,66.828,288.858,65.6884,36.13,33.64,8.45012,23.8911,1.60505,2.92793,57.4064,7.73116,3.21751,2.40284,1.13801,0.198736,0.0827089,0.11602696776390076,0.250682,1.34045,0.291761,0.687459,,,4.26484,0.383846,0.000822512,999,,,,,,,298.79999999999995,4.459701492537313,304,4.537313432835821,,,,,,,,,,,,,,,,,,,"Travis Adams","30180",701519
"Gregory Soto","PIT",2.28847,1.61365,0,3.96957,61,0,0,13.795,,42.3068,183.094,38.5137,20.02,18.66,3.5074,18.462,0.80786,2.73347,42.231,8.98386,3.92745,2.28745,0.746135,0.230652,0.100833,0.12981826066970825,0.237887,1.34672,0.301362,0.709795,,,3.71946,0.381789,0.199199,614.8300170898438,,,,,,,237.20000000000002,5.647619047619048,235,5.595238095238095,,,,,,,,,,,,,,,,,,,"Gregory Soto","19677",642397
"Tyler Holton","DET",2.81773,1.79897,0,3.55067,72,0,0,13.961,,49.6047,203.36,43.5099,21.09,19.57,5.80875,12.2308,0.894608,1.75019,39.6143,7.18741,2.2191,3.23889,1.05391,0.194799,0.0601439,0.13465549796819687,0.229751,1.1237,0.261894,0.727827,,,3.90579,0.381397,0.526241,732.5599975585938,,,,,,,275.79999999999995,5.515999999999999,266,5.32,,,,,,,,,,,,,,,,,,,"Tyler Holton","26231",663947
"Mitchell Parker","WSN",2.9203,4.17496,1.66246,4.74532,52,6,0,0.6602,,73.74,322.875,76.0607,41.61,38.88,9.25848,28.339,1.43832,2.20764,54.5584,6.65888,3.45879,1.92521,1.13,0.168977,0.087771,0.08120624721050262,0.26019,1.41578,0.292337,0.686693,,,4.53035,0.380023,-0.0454549,750.719970703125,,,,,,,263.30000000000007,3.558108108108109,277,3.7432432432432434,,,,,,,,,,,,,,,,,,,"Mitchell Parker","27636",680730
"Kevin Ginkel","ARI",2.16952,1.71504,0,4.10099,60,0,0,14.7285,,40.6219,172.821,38.0828,19.84,18.51,4.30517,13.5468,0.803191,1.94778,39.1669,8.67764,3.00138,2.89122,0.953833,0.226633,0.0783867,0.14824650436639786,0.242063,1.27098,0.296675,0.697104,,,3.72884,0.378513,0.145634,674.280029296875,,,,,,,245.40000000000003,5.9853658536585375,243,5.926829268292683,,,,,,,,,,,,,,,,,,,"Kevin Ginkel","19876",656464
"Ryan Fernandez","STL",2.22405,1.79114,0,4.09084,61,0,0,13.1501,,43.9787,186.652,40.7261,21.38,19.99,4.90567,15.03,1.25401,1.73541,41.9327,8.58129,3.07581,2.78993,1.00392,0.224657,0.0805243,0.14413275569677353,0.239725,1.2678,0.291109,0.703158,,,3.82194,0.378402,0.203806,750.1699829101562,,,,,,,242.50000000000003,5.511363636363637,240,5.454545454545454,,,,,,,,,,,,,,,,,,,"Ryan Fernandez","24862",681676
"Andrew Saalfrank","ARI",2.35177,1.7046,0,3.67993,63,0,0,7.7698,,42.653,181.866,38.2671,18.75,17.44,3.06265,17.6459,1.22292,1.74809,37.1998,7.84935,3.72337,2.10813,0.646235,0.204545,0.0970268,0.10751865059137344,0.235531,1.31088,0.288067,0.71986,,,3.68836,0.375139,0.35565,644.719970703125,,,,,,,228.5,5.313953488372093,222,5.162790697674419,,,,,,,,,,,,,,,,,,,"Andrew Saalfrank","26203",685314
"Bryan Baker","TBR",2.39657,1.84669,0,4.08972,63,0,0,12.3719,,45.4872,192.152,39.1592,22.17,20.67,6.41198,16.8766,0.812655,2.03271,51.1188,10.1142,3.33916,3.02898,1.26866,0.266033,0.0878293,0.17820411175489426,0.226037,1.2319,0.283007,0.719645,,,3.96715,0.374899,0.154846,650.1099853515625,,,,,,,250.79999999999998,5.573333333333333,240,5.333333333333333,,,,,,,,,,,,,,,,,,,"Bryan Baker","19804",641329
"Carlos Rodriguez","MIL",1.6841,1.43488,0.51969,3.793,28,2,0,0.6325,,33.9072,142.263,27.8484,15.3,14.29,4.22127,12.8052,0.705418,1.72243,32.7874,8.70278,3.39891,2.56046,1.12045,0.230469,0.0900108,0.1404586136341095,0.218016,1.19897,0.26042,0.72973,,,4.10498,0.374213,0.378576,999,,,,,,,154.60000000000002,4.5470588235294125,143,4.205882352941177,,,,,,,,,,,,,,,,,,,"Carlos Rodriguez","30161",692230
"Taylor Rogers",,3.13019,3.49735,0,4.26947,57,0,0,0,,57,245.576,52.1287,28.98,27.04,6.87999,23.2037,1.34829,3.09745,58.0558,9.16671,3.66374,2.50201,1.08631,0.236407,0.0944868,0.1419200897216797,0.237733,1.32162,0.293178,0.705512,,,4.05148,0.372544,0.0801541,999,,,,,,,238.49999999999994,4.1842105263157885,232,4.0701754385964914,,,,,,,,,,,,,,,,,,,"Taylor Rogers","13449",573124
"Dauri Moreta",,2.1167,2.19871,0,3.93941,37,0,0,0,,37.4447,157.039,30.8298,17.56,16.39,5.09952,13.8068,0.88047,1.89785,42.0412,10.1048,3.31852,3.04497,1.22569,0.267713,0.0879195,0.1797931045293808,0.218134,1.19207,0.273165,0.722095,,,3.9183,0.372542,0.136446,999,,,,,,,167.70000000000002,4.532432432432433,156,4.216216216216216,,,,,,,,,,,,,,,,,,,"Dauri Moreta","21101",664294
"Luke Little","CHC",1.57575,0.861178,0,2.83145,36,0,0,0.7242,,25.683,107.867,18.2633,8.62,8.08,1.01422,13.5359,0.751251,1.78543,28.3602,9.93817,4.74335,2.09518,0.35541,0.262918,0.125487,0.1374308466911316,0.197344,1.23815,0.273053,0.762994,,,3.22969,0.370688,0.472732,999,,,,,,,145.3,5.588461538461539,129,4.961538461538462,,,,,,,,,,,,,,,,,,,"Luke Little","28036",681432
"Cristian Mena","ARI",1.75484,1.89651,0.81656,4.4253,27,3,0,0.668,,37.9703,163.538,36.9829,20.01,18.67,4.84289,13.6256,0.874718,1.45205,37.1315,8.80119,3.22965,2.72512,1.1479,0.227051,0.0833177,0.14373331516981125,0.249109,1.33284,0.301823,0.698142,,,4.02866,0.369758,0.13162,734.5599975585938,,,,,,,156.5,4.118421052631579,158,4.157894736842105,,,,,,,,,,,,,,,,,,,"Cristian Mena","27974",691441
"Robert Garcia","TEX",2.4173,1.78151,0,3.96077,64,0,0,6.3642,,44.764,189.608,40.0962,21.19,19.7,5.24905,16.2398,1.37387,1.75356,46.2957,9.30795,3.26509,2.85075,1.05534,0.244165,0.0856495,0.1585157811641693,0.233641,1.25851,0.290224,0.717451,,,3.79697,0.3685,0.257422,337.55999755859375,,,,,,,229.5,5.1,222,4.933333333333334,,,,,,,,,,,,,,,,,,,"Robert Garcia","23363",676395
"Mike Clevinger",,2.72818,3.86479,3.44522,5.01937,10,10,0,0,,51.12,221.48,50.0758,30.43,28.51,8.71094,18.8923,0.179329,2.38051,41.0813,7.23263,3.32611,2.1745,1.53362,0.185485,0.0853,0.10018520802259445,0.25012,1.34914,0.275005,0.678813,,,4.99151,0.368443,0.181829,999,,,,,,,155.70000000000005,3.052941176470589,157,3.0784313725490198,,,,,,,,,,,,,,,,,,,"Mike Clevinger","12808",605182
"Tanner Scott","LAD",2.58865,1.41685,0,3.85047,63,0,0,14.6742,,43.2181,185.014,37.5443,19.85,18.49,4.25039,18.9021,0.984068,2.34863,45.787,9.53495,3.93629,2.42232,0.885126,0.247479,0.102166,0.1453125700354576,0.229259,1.30608,0.292756,0.724741,,,3.7699,0.368443,0.252819,448.5,,,,,,,259.2,6.027906976744186,252,5.8604651162790695,,,,,,,,,,,,,,,,,,,"Tanner Scott","17586",656945
"Kendry Rojas","MIN",1.63634,1.00924,0,3.54842,42,0,0,0,,28.3563,118.038,24.7127,12,11.18,2.67479,8.74987,0.846082,0.914717,28.1636,8.93884,2.77712,3.21875,0.848949,0.238598,0.0741276,0.16447044163942337,0.228033,1.18007,0.284232,0.722211,,,3.39747,0.364161,0.269903,999,,,,,,,131.30000000000004,4.689285714285716,127,4.535714285714286,,,,,,,,,,,,,,,,,,,"Kendry Rojas","sa3016746",696070
"Kyle Hurt","LAD",2.42907,2.15454,1.33998,4.50366,23,5,0,0.7738,,40.2073,174.953,36.6333,21.51,20.12,5.22175,18.7226,0.452326,2.14448,43.0208,9.62977,4.19087,2.29779,1.16884,0.245898,0.107015,0.13888345658779144,0.237745,1.37676,0.296773,0.704456,,,4.24047,0.359711,0.121329,999,,,,,,,165.3,4.1325,162,4.05,,,,,,,,,,,,,,,,,,,"Kyle Hurt","27514",669165
"Kyle Hart","SDP",3.21935,3.86712,2.17377,4.73296,30,8,0,0.6601,,61.1541,264.346,59.5882,34.51,32.16,9.92658,22.0084,0.697857,2.80022,56.0899,8.25471,3.23896,2.54857,1.46089,0.212184,0.083256,0.12892775237560272,0.248764,1.33428,0.2862,0.695524,,,4.62795,0.358755,0.0786388,999,,,,,,,213.4000000000001,3.4983606557377063,216,3.540983606557377,,,,,,,,,,,,,,,,,,,"Kyle Hart","19646",606996
"Jared Koenig","MIL",2.50793,1.65814,0,3.71969,65,0,0,15.5886,,44.1327,185.782,38.5814,19.65,18.24,4.70928,15.5689,1.23375,2.12271,42.9173,8.75215,3.17498,2.7566,0.960367,0.231008,0.083802,0.14720633625984192,0.229527,1.22699,0.28118,0.725447,,,3.78003,0.358454,0.306491,742.8900146484375,,,,,,,258.70000000000005,5.879545454545456,251,5.704545454545454,,,,,,,,,,,,,,,,,,,"Jared Koenig","27517",657649
"Danny Coulombe",,2.71339,2.84465,0,4.02026,48,0,0,0,,48.4447,204.23,42.2178,23.24,21.64,6.12036,18.0609,0.896573,1.71726,49.4305,9.18314,3.35534,2.73688,1.13703,0.242033,0.0884341,0.15359905362129211,0.228882,1.24428,0.280039,0.716275,,,3.96161,0.356287,0.213063,999,,,,,,,210.20000000000005,4.379166666666667,200,4.166666666666667,,,,,,,,,,,,,,,,,,,"Danny Coulombe","13293",543056
"Chase Petty","CIN",2.01163,2.30404,0.834025,4.45866,37,3,0,0.6661,,46.265,199.431,45.0071,24.46,22.92,5.72397,16.7265,0.963952,2.24435,40.1715,7.81461,3.25383,2.40167,1.11349,0.20143,0.0838711,0.1175592765212059,0.249402,1.33435,0.291927,0.693849,,,4.23707,0.35592,0.144635,739.8300170898438,,,,,,,176.60000000000002,3.8391304347826094,179,3.891304347826087,,,,,,,,,,,,,,,,,,,"Chase Petty","30170",695534
"Garrett Cleavinger","TBR",2.50971,1.8553,0,3.94915,66,0,0,13.4398,,47.6533,203.127,39.6367,22.46,20.91,6.13324,20.601,0.906239,2.76417,57.7947,10.9154,3.89078,2.80544,1.15835,0.284525,0.101419,0.1831062063574791,0.220496,1.26408,0.289238,0.731401,,,3.85362,0.352912,0.315699,480.1700134277344,,,,,,,273.40000000000003,5.695833333333334,258,5.375,,,,,,,,,,,,,,,,,,,"Garrett Cleavinger","17897",664076
"Brendon Little","TOR",2.07105,1.25321,0,3.38085,54,0,0,9.6583,,36.683,155.824,30.0931,14.8,13.78,2.84707,17.4194,1.09917,1.78757,39.3665,9.65837,4.27376,2.25992,0.698513,0.252634,0.111789,0.14084526151418686,0.220274,1.29522,0.288613,0.751552,,,3.56857,0.351285,0.445169,999,,,,,,,219.90000000000003,5.943243243243244,207,5.594594594594595,,,,,,,,,,,,,,,,,,,"Brendon Little","21574",663893
"Bailey Falter","KCR",3.25887,3.51304,1.38655,4.69042,53,5,0,4.2805,,70.6696,305.082,70.3067,39.4,36.83,9.91144,24.9032,1.50152,2.3437,53.1581,6.76986,3.1715,2.13459,1.26225,0.174242,0.0816278,0.092614084482193,0.253052,1.34725,0.281215,0.686183,,,4.61064,0.350494,0.0502728,750.6099853515625,,,,,,,261.4,3.68169014084507,266,3.7464788732394365,,,,,,,,,,,,,,,,,,,"Bailey Falter","20070",663559
"Hayden Birdsong","SFG",2.89609,3.8536,2.18122,4.72439,26,8,0,0.6691,,55.0929,241.355,50.8417,30.98,28.92,8.33214,26.331,0.596806,3.03007,55.1576,9.01057,4.30144,2.09478,1.36114,0.228533,0.109096,0.11943629384040833,0.239826,1.40078,0.286251,0.705149,,,4.6977,0.350256,0.151362,626.5599975585938,,,,,,,203.00000000000003,3.6909090909090914,198,3.6,,,,,,,,,,,,,,,,,,,"Hayden Birdsong","31635",806185
"Ryan Thompson","ARI",2.21242,1.83535,0,4.21956,62,0,0,12.878,,41.9759,178.702,42.3856,21.07,19.68,3.99713,12.0449,1.03372,1.98637,33.8328,7.25405,2.58252,2.8089,0.857018,0.189325,0.0674019,0.12192319333553314,0.257396,1.29671,0.30265,0.683134,,,3.76385,0.349396,0.0967392,744.5,,,,,,,230.40000000000003,5.485714285714287,236,5.619047619047619,,,,,,,,,,,,,,,,,,,"Ryan Thompson","16647",657044
"Lucas Erceg","KCR",2.36676,1.71613,0,3.94965,62,0,0,12.8931,,42.0189,180.847,38.5051,19.7,18.44,3.45634,17.1624,0.874608,2.69706,37.7785,8.09175,3.676,2.20124,0.740312,0.208898,0.0949001,0.11399749666452408,0.239181,1.32482,0.292677,0.707623,,,3.8242,0.348328,0.199196,496.3900146484375,,,,,,,240.50000000000003,5.726190476190477,239,5.690476190476191,,,,,,,,,,,,,,,,,,,"Lucas Erceg","19360",668674
"Bennett Sousa","HOU",1.63675,1.10254,0,3.97047,50,0,0,4.4237,,43.204,181.978,37.6102,20.49,19.06,5.51922,15.4845,1.1719,1.58111,46.4628,9.67885,3.22564,3.00059,1.14973,0.255321,0.08509,0.17023055255413055,0.228062,1.22893,0.284166,0.718675,,,3.83001,0.347895,0.2529,999,,,,,,,202.59999999999997,4.7116279069767435,194,4.511627906976744,,,,,,,,,,,,,,,,,,,"Bennett Sousa","21345",656986
"Hunter Harvey","CHC",2.11255,1.48308,0,3.97066,52,0,0,12.9543,,36.8327,153.642,33.5357,17.42,16.25,4.48631,10.4024,0.675349,1.54999,36.6575,8.95719,2.54181,3.52395,1.09622,0.238591,0.0677055,0.1708851009607315,0.236685,1.19291,0.288917,0.704196,,,3.70159,0.347247,0.23906,555.4400024414062,,,,,,,226.20000000000002,6.113513513513514,223,6.027027027027027,,,,,,,,,,,,,,,,,,,"Hunter Harvey","15507",640451
"Kenley Jansen","DET",2.32949,1.61118,0,3.89939,60,0,0,4.2286,,41.3372,171.467,33.1868,19.26,17.91,5.75737,14.1862,0.909825,1.66686,41.7047,9.08,3.08864,2.93981,1.2535,0.243223,0.0827344,0.16048891842365265,0.213264,1.14601,0.25362,0.715112,,,4.07849,0.344046,0.248226,108.05999755859375,,,,,,,195.8,4.775609756097562,179,4.365853658536586,,,,,,,,,,,,,,,,,,,"Kenley Jansen","3096",445276
"Andrew Kittredge","BAL",2.71847,1.72319,0,3.99959,67,0,0,12.9697,,44.9371,187.036,41.4603,21.37,19.97,6.0997,11.7244,0.867396,1.69188,44.3851,8.88943,2.34816,3.7857,1.22165,0.237308,0.0626854,0.17462275177240372,0.2388,1.18354,0.28717,0.712613,,,3.81998,0.340436,0.257408,493.8299865722656,,,,,,,250.6,5.568888888888889,245,5.444444444444445,,,,,,,,,,,,,,,,,,,"Andrew Kittredge","12828",552640
"Andrew Chafin",,2.57085,2.71458,0,3.9996,46,0,0,0,,46.4447,200.063,40.2251,22.1,20.64,4.79645,22.08,0.962116,2.00869,49.1713,9.52836,4.27864,2.22696,0.929451,0.245779,0.110365,0.135413758456707,0.228585,1.34149,0.290383,0.723242,,,3.91622,0.340259,0.208463,999,,,,,,,200.90000000000003,4.3673913043478265,191,4.1521739130434785,,,,,,,,,,,,,,,,,,,"Andrew Chafin","12988",605177
"David Morgan","SDP",2.45872,1.85379,0,3.95015,64,0,0,13.8256,,44.3604,188.55,38.223,20.88,19.47,4.92461,17.8437,1.22173,2.35683,45.0159,9.13299,3.6202,2.52279,0.999125,0.238747,0.0946362,0.14411089569330215,0.227045,1.26389,0.281214,0.715581,,,3.91488,0.339563,0.203799,999,,,,,,,251.3,5.711363636363637,241,5.4772727272727275,,,,,,,,,,,,,,,,,,,"David Morgan","31616",688158
"José Leclerc",,2.51463,2.66181,0,4.04998,44,0,0,0,,44.4447,189.509,35.8624,21.36,20,5.2654,20.6291,0.914719,2.59901,47.5563,9.63011,4.17736,2.30531,1.06624,0.250946,0.108856,0.1420900672674179,0.215674,1.27105,0.269675,0.715218,,,4.10312,0.339302,0.203864,999,,,,,,,194.50000000000003,4.420454545454546,179,4.068181818181818,,,,,,,,,,,,,,,,,,,"Jose Leclerc","14524",600917
"Josh Sborz",,2.50679,2.81183,0,4.33096,46,0,0,0,,46.4447,200.175,41.5168,23.97,22.35,5.56317,20.2296,0.952397,2.07191,51.1733,9.9163,3.92007,2.52962,1.07802,0.255643,0.10106,0.15458299219608307,0.233406,1.32946,0.296801,0.700108,,,3.92918,0.335964,0.00378398,999,,,,,,,193.40000000000003,4.204347826086957,188,4.086956521739131,,,,,,,,,,,,,,,,,,,"Josh Sborz","18323",622250
"John Schreiber","KCR",2.44735,1.78721,0,4.0192,64,0,0,13.5886,,43.3743,185.042,40.2263,20.75,19.37,4.4615,15.281,0.753454,2.30441,38.7589,8.04232,3.17075,2.53641,0.925743,0.20946,0.0825812,0.12687885016202927,0.240219,1.27973,0.287878,0.705572,,,3.90144,0.33517,0.150238,999,,,,,,,248,5.767441860465116,246,5.72093023255814,,,,,,,,,,,,,,,,,,,"John Schreiber","20020",670167
"Gabriel Hughes","COL",3.43901,5.66326,3.14774,5.31211,29,11,0,0,,73.7842,325.078,80.2347,46.64,43.55,12.1156,25.7999,0.793783,3.21379,60.5524,7.38601,3.147,2.34701,1.47783,0.18627,0.0793651,0.10690522193908691,0.271004,1.43709,0.304925,0.66681,,,4.80811,0.334882,-0.269444,999,,,,,,,227,3.0675675675675675,249,3.364864864864865,,,,,,,,,,,,,,,,,,,"Gabriel Hughes","sa3020661",687312
"Jose Corniell","TEX",2.01337,1.94562,0.799095,4.09883,31,3,0,0.6629,,42.4877,177.311,37.4175,20.71,19.35,6.35558,12.5746,0.842492,2.18507,40.6524,8.61123,2.66363,3.2329,1.34628,0.229272,0.0709183,0.15835320949554443,0.230189,1.17663,0.268833,0.712559,,,4.20831,0.334169,0.243252,749.280029296875,,,,,,,181.8,4.328571428571429,173,4.119047619047619,,,,,,,,,,,,,,,,,,,"Jose Corniell","27984",692030
"Cooper Criswell","NYM",2.64938,2.64815,0.803287,4.47866,53,3,0,4.6807,,61.5921,265.418,63.1303,32.85,30.65,7.48165,18.442,1.2348,3.84942,45.1981,6.60446,2.69479,2.45083,1.09324,0.17029,0.0694828,0.10080734640359879,0.25966,1.32439,0.2922,0.685284,,,4.33236,0.333032,0.0817862,999,,,,,,,252.89999999999992,4.079032258064514,263,4.241935483870968,,,,,,,,,,,,,,,,,,,"Cooper Criswell","24975",681867
"Hoby Milner","CHC",2.45444,1.68089,0,3.82934,60,0,0,13.5182,,41.8114,175.127,40.487,19.18,17.79,4.32117,10.7026,0.709765,1.80717,33.102,7.12528,2.30377,3.09288,0.930141,0.189017,0.0611135,0.12790311500430107,0.24897,1.2243,0.288877,0.709119,,,3.79287,0.331246,0.301926,999,,,,,,,240.60000000000002,5.7285714285714295,241,5.738095238095238,,,,,,,,,,,,,,,,,,,"Hoby Milner","13346",571948
"Sam Hentges","SFG",1.81568,1.5072,0,4.12023,54,0,0,7.2262,,36.0416,154.768,35.3031,17.79,16.5,3.70722,12.8449,0.669942,1.30083,35.2885,8.81194,3.20751,2.74729,0.925734,0.228009,0.0829941,0.14501455426216125,0.251048,1.3359,0.310901,0.706692,,,3.69155,0.330092,0.0829193,999,,,,,,,182.20000000000005,5.061111111111113,184,5.111111111111111,,,,,,,,,,,,,,,,,,,"Sam Hentges","18548",656529
"Yimi García","TOR",2.30053,1.52738,0,3.83902,60,0,0,11.3588,,40.018,165.492,33.9911,18.28,17.07,5.70469,11.6428,0.933938,1.93721,41.2409,9.27503,2.61845,3.54218,1.28298,0.249202,0.0703527,0.17884938418865204,0.223756,1.14033,0.269481,0.726583,,,3.94525,0.329581,0.297317,672.9400024414062,,,,,,,217.79999999999998,5.444999999999999,206,5.15,,,,,,,,,,,,,,,,,,,"Yimi Garcia","12095",554340
"Joe Rock","TBR",1.82912,1.98955,0.813765,4.33004,29,3,0,0.6594,,42.1936,180.695,41.5439,21.87,20.3,5.29247,13.5944,1.09054,1.69139,36.9723,7.88629,2.89973,2.71966,1.1289,0.204611,0.075234,0.129377119243145,0.251158,1.30679,0.294381,0.697027,,,4.10009,0.328784,0.148317,750.6699829101562,,,,,,,170.10000000000002,4.050000000000001,175,4.166666666666667,,,,,,,,,,,,,,,,,,,"Joe Rock","30016",697812
"Robert Suarez","ATL",2.63143,1.78465,0,4.17966,67,0,0,11.1139,,44.3147,187.579,41.3856,22.07,20.58,5.81191,14.073,0.980908,1.82971,44.3645,9.01013,2.85813,3.15246,1.18036,0.236511,0.0750242,0.16148637980222702,0.241067,1.25147,0.292787,0.705563,,,3.91443,0.32715,0.101346,182.72000122070312,,,,,,,229.20000000000002,5.20909090909091,226,5.136363636363637,,,,,,,,,,,,,,,,,,,"Robert Suarez","30115",663158
"David Robertson",,2.32035,2.36043,0,3.86974,41,0,0,0,,41.4447,176.18,35.1112,19.06,17.82,4.75081,17.5123,0.975014,2.09462,45.5287,9.88688,3.80291,2.59982,1.03167,0.258421,0.0993996,0.15902146697044373,0.224247,1.26973,0.285627,0.73008,,,3.8475,0.326286,0.248377,750.0599975585938,,,,,,,182.90000000000003,4.460975609756098,172,4.195121951219512,,,,,,,,,,,,,,,,,,,"David Robertson","8241",502085
"River Ryan","LAD",2.40391,2.24027,1.5912,4.50512,14,6,0,0.7738,,34.9603,149.927,33.3467,18.71,17.5,4.77988,12.9752,0.234731,1.65448,30.0171,7.72746,3.34027,2.31342,1.23051,0.200211,0.0865432,0.11366765946149826,0.246469,1.32499,0.284245,0.696741,,,4.45072,0.325708,0.204614,589.8300170898438,,,,,,,130.7,3.734285714285714,129,3.6857142857142855,,,,,,,,,,,,,,,,,,,"River Ryan","29514",689981
"Pierce Johnson",,3.39692,3.81201,0,4.36065,62,0,0,0,,62,266.972,56.2011,32.21,30.04,8.27792,25.6406,1.3554,2.83431,65.77,9.54726,3.72203,2.56507,1.20163,0.246355,0.0960424,0.1503128781914711,0.235647,1.32003,0.291416,0.706475,,,4.12704,0.32488,0.0405932,737.3900146484375,,,,,,,259.79999999999995,4.1903225806451605,251,4.048387096774194,,,,,,,,,,,,,,,,,,,"Pierce Johnson","13435",572955
"Justin Topa","MIN",2.24474,1.81566,0,4.56906,63,0,0,9.992,,44.5562,193.6,47.6465,24.27,22.62,4.22111,13.8563,1.25079,2.4452,34.6688,7.00282,2.79887,2.50202,0.85263,0.179074,0.0715719,0.10750222951173782,0.268736,1.38034,0.313748,0.669736,,,3.90813,0.324601,-0.0495678,670.1099853515625,,,,,,,221,4.911111111111111,235,5.222222222222222,,,,,,,,,,,,,,,,,,,"Justin Topa","15145",623437
"Tobias Myers","MIL",2.47996,2.41855,0.805382,4.50902,45,3,0,0.6325,,55.4489,237.985,53.4943,29.85,27.78,8.3246,18.8273,1.08866,2.29833,48.7361,7.91043,3.05588,2.58859,1.35118,0.204786,0.0791111,0.125675231218338,0.246677,1.30429,0.282666,0.700075,,,4.47194,0.324423,0.0166424,631.5,,,,,,,209.8,3.814545454545455,210,3.8181818181818183,,,,,,,,,,,,,,,,,,,"Tobias Myers","22191",668964
"Logan Evans","SEA",2.7503,3.16568,1.62613,4.53131,32,6,0,0.6494,,52.614,226.265,50.682,28.28,26.49,7.12991,19.0628,0.765826,2.61861,41.4738,7.09439,3.26083,2.17564,1.21962,0.183298,0.08425,0.09904754161834717,0.247733,1.3256,0.279217,0.693822,,,4.55654,0.320006,0.253019,744.719970703125,,,,,,,193.50000000000003,3.6509433962264155,194,3.660377358490566,,,,,,,,,,,,,,,,,,,"Logan Evans","33699",688138
"Luke Weaver","NYM",2.41186,1.82041,0,4.10943,67,0,0,14.1594,,43.8893,184.786,38.8981,21.49,20.04,6.30296,14.1358,0.786405,1.91027,46.2503,9.48416,2.8987,3.27186,1.2925,0.25029,0.0764979,0.17379257082939148,0.230521,1.20836,0.28054,0.713506,,,3.99129,0.319749,0.203793,450.2799987792969,,,,,,,250.4,5.690909090909091,242,5.5,,,,,,,,,,,,,,,,,,,"Luke Weaver","16918",596133
"Ian Hamilton","ATL",2.10962,1.41491,0,4.10091,54,0,0,9.799,,36.826,158.668,33.5178,17.97,16.78,3.62178,15.5973,0.728468,2.01216,37.9547,9.27585,3.81186,2.43342,0.885138,0.239208,0.0983013,0.1409069523215294,0.237616,1.33371,0.300516,0.707126,,,3.78691,0.317866,0.136424,999,,,,,,,198.20000000000002,5.3567567567567576,195,5.27027027027027,,,,,,,,,,,,,,,,,,,"Ian Hamilton","19261",641656
"Hunter Gaddis","CLE",2.30524,2.15824,0,4.12977,66,0,0,13.6364,,45.6345,191.656,39.5688,22.42,20.94,6.87284,14.6571,1.00729,2.44403,45.4428,8.9622,2.89066,3.1004,1.35546,0.237106,0.0764762,0.16063016653060913,0.226684,1.18827,0.267476,0.713074,,,4.22565,0.315423,0.208402,586.6099853515625,,,,,,,245.30000000000007,5.332608695652175,234,5.086956521739131,,,,,,,,,,,,,,,,,,,"Hunter Gaddis","25636",683769
"Evan Phillips",,1.49493,1.42922,0,3.63135,26,0,0,0,,26.4447,109.749,22.5754,11.43,10.67,2.84476,8.12951,0.650616,1.27177,27.5995,9.39301,2.76674,3.39497,0.968165,0.251479,0.074074,0.17740503698587418,0.224973,1.1611,0.282257,0.721306,,,3.51278,0.313853,0.26578,746.6699829101562,,,,,,,124.7,4.796153846153846,120,4.615384615384615,,,,,,,,,,,,,,,,,,,"Evan Phillips","17734",623465
"Clayton Beeter","WSN",2.02953,1.83248,0,3.96919,63,0,0,9.1184,,43.0138,185.389,34.0683,20.32,18.97,4.90656,22.9001,1.1202,2.25927,50.6391,10.5955,4.7915,2.21131,1.02662,0.273151,0.123525,0.14962604641914368,0.212622,1.32442,0.27857,0.731517,,,4.01823,0.312254,0.252819,402.6700134277344,,,,,,,231.29999999999998,5.37906976744186,213,4.953488372093023,,,,,,,,,,,,,,,,,,,"Clayton Beeter","27494",690925
"Johan Oviedo","BOS",3.45824,3.51951,1.59959,4.51578,48,6,0,0.6704,,71.0111,309.335,64.1848,38.14,35.63,9.15668,33.2755,1.30954,4.61864,63.91,8.10001,4.21736,1.92064,1.16052,0.206605,0.107571,0.09903378039598465,0.23646,1.37247,0.277396,0.700846,,,4.61236,0.312046,0.204507,403.2799987792969,,,,,,,266.29999999999995,3.750704225352112,256,3.6056338028169015,,,,,,,,,,,,,,,,,,,"Johan Oviedo","22487",670912
"Graham Ashcraft","CIN",2.27815,1.91951,0,4.11038,65,0,0,15.9084,,43.8135,187.763,43.1389,21.42,20.01,4.14214,14.7717,1.0451,2.36579,35.6343,7.31986,3.03435,2.41233,0.850863,0.189783,0.078672,0.11111115664243698,0.252827,1.32175,0.298028,0.70024,,,3.91096,0.311636,0.203797,722.780029296875,,,,,,,249.60000000000002,5.672727272727273,253,5.75,,,,,,,,,,,,,,,,,,,"Graham Ashcraft","27552",668933
"Pierson Ohl","MIN",2.17476,1.7141,0,4.54937,60,0,0,11.4852,,42.4345,180.71,45.0538,23.01,21.45,5.94012,8.77347,1.26299,1.41642,34.7045,7.36054,1.86078,3.95562,1.25985,0.192045,0.04855,0.14349528402090073,0.264214,1.26848,0.301163,0.677138,,,4.03964,0.311025,-0.1074,999,,,,,,,204,4.857142857142857,216,5.142857142857143,,,,,,,,,,,,,,,,,,,"Pierson Ohl","30179",701487
"Dennis Santana","PIT",2.53627,1.85631,0,4.28992,68,0,0,4.6423,,47.1617,203.111,44.1868,24.08,22.48,4.9912,18.077,1.24499,2.5003,43.4771,8.29685,3.44967,2.40511,0.952485,0.214056,0.0890003,0.12505558133125305,0.242075,1.32022,0.292362,0.690783,,,3.97614,0.309777,0.0571193,144.22000122070312,,,,,,,214.9,4.572340425531915,213,4.531914893617022,,,,,,,,,,,,,,,,,,,"Dennis Santana","17878",642701
"JR Ritchie","ATL",1.53003,1.73421,1.63705,4.59854,5,5,0,0,,25.345,107.876,25.1384,13.86,12.95,3.80199,7.4783,0.0825545,1.05349,21.4383,7.61274,2.65554,2.86674,1.35009,0.198731,0.069323,0.12940804660320282,0.253043,1.28691,0.287925,0.687212,,,4.40342,0.309751,0.157369,999,,,,,,,88.80000000000001,3.5520000000000005,91,3.64,,,,,,,,,,,,,,,,,,,"JR Ritchie","sa3020395",702275
"Paul Sewald",,3.00072,3.2647,0,4.26048,53,0,0,0,,53.4447,224.483,46.0167,27.09,25.3,8.80074,17.6901,1.25699,2.38361,56.9891,9.59687,2.97899,3.22152,1.48203,0.253868,0.0788038,0.17506404221057892,0.22512,1.19201,0.268475,0.712586,,,4.27,0.309057,0.0709434,750.9400024414062,,,,,,,215.90000000000006,4.073584905660378,202,3.811320754716981,,,,,,,,,,,,,,,,,,,"Paul Sewald","13892",623149
"Clarke Schmidt","NYY",1.62961,1.4742,0.772549,4.14136,19,3,0,0.6915,,28.0994,118.982,25.14,13.82,12.93,3.67588,9.82274,0.390212,1.47102,26.9095,8.61886,3.14614,2.73951,1.17735,0.226165,0.0825569,0.1436082199215889,0.233453,1.24425,0.278385,0.709095,,,4.12621,0.305998,0.199977,749.8900146484375,,,,,,,118.00000000000006,4.214285714285716,113,4.035714285714286,,,,,,,,,,,,,,,,,,,"Clarke Schmidt","19899",657376
"Jeff Hoffman","TOR",2.36282,1.6618,0,4.09958,63,0,0,3.7823,,42.0189,176.481,35.0896,20.54,19.14,6.47213,15.3282,0.73209,2.17105,49.2161,10.5416,3.28313,3.21083,1.38626,0.278876,0.0868548,0.19202084839344025,0.220715,1.19988,0.277051,0.72244,,,4.04433,0.304958,0.0967392,115.66999816894531,,,,,,,209,4.976190476190476,195,4.642857142857143,,,,,,,,,,,,,,,,,,,"Jeff Hoffman","17432",656546
"Luis García",,2.86965,3.26651,0,4.33963,53,0,0,0,,53.4447,230.192,53.3236,27.68,25.77,5.57967,18.406,1.22644,2.81179,45.1694,7.60646,3.09953,2.45407,0.939608,0.196225,0.0799591,0.11626579612493515,0.255168,1.34213,0.301746,0.689157,,,3.99304,0.302577,-0.0311002,999,,,,,,,207.60000000000002,3.916981132075472,214,4.037735849056604,,,,,,,,,,,,,,,,,,,"Luis Garcia","6984",472610
"Justin Martinez","ARI",1.27501,0.874342,0,3.36024,34,0,0,0.668,,23.3287,100.016,18.9102,9.33,8.71,1.35383,11.8129,0.829601,1.54,26.4169,10.1914,4.55733,2.23627,0.522297,0.264126,0.11811,0.14601586759090424,0.218203,1.31697,0.298108,0.742102,,,3.34195,0.301311,0.310253,999,,,,,,,122.5,5.326086956521739,116,5.043478260869565,,,,,,,,,,,,,,,,,,,"Justin Martinez","24453",679885
"Richard Lovelady","NYM",1.9132,1.34313,0,3.6806,52,0,0,7.3019,,34.1113,143.904,30.5025,15,13.95,2.99909,11.8636,0.849935,1.7312,29.2356,7.71359,3.13013,2.46431,0.791287,0.20316,0.0824412,0.12071928381919861,0.234078,1.242,0.280434,0.717002,,,3.7596,0.300119,0.283578,999,,,,,,,178.10000000000005,5.238235294117649,175,5.147058823529412,,,,,,,,,,,,,,,,,,,"Richard Lovelady","19337",663992
"Louis Varland","TOR",2.43872,1.79115,0,4.21937,67,0,0,13.4056,,44.6868,190.155,42.6456,22.49,20.95,6.1168,14.2391,1.18816,1.87686,44.8496,9.0328,2.86779,3.14974,1.23194,0.235858,0.0748817,0.16097616404294968,0.245034,1.27297,0.296806,0.711794,,,3.98924,0.297296,0.154843,546.780029296875,,,,,,,241.39999999999998,5.364444444444444,241,5.355555555555555,,,,,,,,,,,,,,,,,,,"Louis Varland","27691",686973
"Juan Morillo","ARI",2.03295,1.63829,0,4.09957,56,0,0,11.2896,,37.9138,163.786,34.4726,18.49,17.27,3.56268,16.6872,1.10559,1.96076,36.2524,8.60562,3.96123,2.17246,0.845711,0.22134,0.101885,0.11945592612028122,0.237517,1.34937,0.293479,0.707567,,,3.91992,0.293406,0.189997,999,,,,,,,202.6,5.3315789473684205,197,5.184210526315789,,,,,,,,,,,,,,,,,,,"Juan Morillo","21924",666661
"Braydon Fisher","TOR",1.98025,1.31325,0,3.8496,52,0,0,6.7641,,35.3491,150.859,27.6879,16.17,15.12,4.1357,17.3135,1.49391,1.83917,41.8443,10.6537,4.40808,2.41685,1.05296,0.277373,0.114766,0.16260671615600586,0.210224,1.27306,0.274736,0.735281,,,3.91404,0.292475,0.234452,999,,,,,,,192,5.485714285714286,178,5.085714285714285,,,,,,,,,,,,,,,,,,,"Braydon Fisher","24609",680755
"Liam Hendriks",,1.35195,1.4077,0,3.92846,24,0,0,0,,24.4447,101.279,21.6383,11.46,10.67,3.39419,6.37759,0.499569,0.940537,26.935,9.91687,2.34809,4.22338,1.24967,0.265947,0.0629703,0.2029770240187645,0.23029,1.14609,0.286713,0.711652,,,3.63459,0.291635,0.157947,999,,,,,,,116.50000000000001,4.854166666666667,114,4.75,,,,,,,,,,,,,,,,,,,"Liam Hendriks","3548",521230
"Luis Curvelo","TEX",2.04039,1.44752,0,3.88105,52,0,0,6.8945,,36.3613,151.162,29.7678,16.75,15.68,4.95268,12.1341,0.922795,1.81394,37.2531,9.22074,3.00338,3.07012,1.22587,0.246445,0.0802722,0.16617299616336823,0.216944,1.15238,0.261189,0.71928,,,4.00757,0.290023,0.185401,999,,,,,,,186.90000000000003,5.191666666666667,175,4.861111111111111,,,,,,,,,,,,,,,,,,,"Luis Curvelo","24710",681168
"Ty Johnson","TBR",1.36665,1.9152,1.61537,4.66985,5,5,0,0,,25.17,107.918,24.9101,14.01,13.06,3.96792,8.04857,0.0808115,1.19205,23.5396,8.41702,2.87791,2.92469,1.4188,0.218125,0.0745806,0.14354468882083893,0.25244,1.30944,0.294257,0.691467,,,4.41545,0.289545,0.157369,999,,,,,,,91.80000000000001,3.6720000000000006,94,3.76,,,,,,,,,,,,,,,,,,,"Ty Johnson","sa3023410",694494
"Wade Miley",,2.74809,3.8456,3.43466,4.95933,10,10,0,0,,51.14,223.789,52.8081,30.21,28.18,7.62108,20.184,0.160742,2.00328,33.7512,5.93979,3.55213,1.67218,1.34121,0.150817,0.0901919,0.06062500178813934,0.261942,1.4273,0.282014,0.686462,,,5.05405,0.288782,0.181829,999,,,,,,,143.2,2.8078431372549018,153,3,,,,,,,,,,,,,,,,,,,"Wade Miley","8779",489119
"A.J. Puk","ARI",1.17294,0.880826,0,3.82123,32,0,0,0.668,,21.9746,92.2661,19.4246,10.03,9.33,2.45708,6.97147,0.505221,1.06533,24.7361,10.131,2.85526,3.54819,1.00633,0.268095,0.0755583,0.19253695011138916,0.230615,1.20121,0.297487,0.712927,,,3.43458,0.287711,0.153249,999,,,,,,,118.80000000000001,5.4,114,5.181818181818182,,,,,,,,,,,,,,,,,,,"A.J. Puk","19343",640462
"Joel Payamps","ATL",2.24881,1.5974,0,4.34962,58,0,0,11.9069,,38.3619,163.01,37.7694,19.92,18.54,4.93372,10.8039,0.964311,1.87461,34.4586,8.08424,2.53468,3.18945,1.15749,0.211389,0.0662775,0.14511142671108246,0.25124,1.26618,0.295978,0.687689,,,4.00206,0.285816,-0.0146685,999,,,,,,,197.89999999999998,5.207894736842104,202,5.315789473684211,,,,,,,,,,,,,,,,,,,"Joel Payamps","14332",606303
"Kevin Kelly","TBR",1.66166,1.247,0,4.00064,44,0,0,0.6594,,32.6423,136.972,31.8232,15.61,14.51,3.52921,7.82626,0.631472,1.98108,27.1243,7.47861,2.15782,3.46581,0.973058,0.198028,0.0571377,0.14089080318808556,0.250252,1.21466,0.293168,0.692608,,,3.7801,0.28323,0.12722,999,,,,,,,139.80000000000007,4.236363636363638,141,4.2727272727272725,,,,,,,,,,,,,,,,,,,"Kevin Kelly","25679",687330
"Ryan Gusto","MIA",1.4943,1.63208,0.525278,4.22063,28,2,0,0.6413,,34.374,146.875,31.7582,17.32,16.12,4.41009,12.5056,0.766538,1.53544,31.1099,8.14538,3.27428,2.48769,1.15468,0.211812,0.0851443,0.12666812539100647,0.239082,1.28771,0.28103,0.707378,,,4.21835,0.283025,0.172758,750.1699829101562,,,,,,,140.20000000000005,4.123529411764707,139,4.088235294117647,,,,,,,,,,,,,,,,,,,"Ryan Gusto","26440",687473
"Brent Suter",,3.48981,3.7281,0,4.14,62,0,0,0,,62,262.607,59.1544,30.57,28.52,7.44436,19.4019,0.988392,2.36201,47.9347,6.95826,2.81641,2.47061,1.08063,0.182534,0.0738821,0.1086520180106163,0.245614,1.26704,0.278815,0.704291,,,4.20286,0.281036,0.142806,999,,,,,,,252.29999999999993,4.0693548387096765,252,4.064516129032258,,,,,,,,,,,,,,,,,,,"Brent Suter","13942",608718
"Eric Lauer","TOR",2.39652,2.05374,0.540182,4.38384,50,2,0,4.1625,,55.8209,238.492,50.3175,29.08,27.19,8.74902,21.5514,1.52635,1.92879,58.3823,9.41297,3.47473,2.70898,1.4106,0.244798,0.0903654,0.1544325277209282,0.234023,1.28749,0.281096,0.717691,,,4.34281,0.276568,0.123352,542.8900146484375,,,,,,,233.7000000000001,4.1732142857142875,223,3.982142857142857,,,,,,,,,,,,,,,,,,,"Eric Lauer","19316",641778
"Jake Bird","NYY",2.16283,1.43186,0,3.96016,57,0,0,12.2628,,38.0439,162.287,34.1735,17.91,16.74,3.87767,14.4341,0.851984,2.41918,37.9427,8.97606,3.41465,2.62869,0.917336,0.233801,0.0889418,0.1448587402701378,0.234977,1.27767,0.292394,0.71094,,,3.79448,0.274195,0.189994,999,,,,,,,219.6,5.778947368421052,214,5.631578947368421,,,,,,,,,,,,,,,,,,,"Jake Bird","21267",656234
"Erik Miller","SFG",2.17327,1.61427,0,3.71942,61,0,0,12.556,,40.5547,175.129,33.3524,18.03,16.76,3.38528,21.7352,1.09506,2.04635,40.9889,9.09636,4.82352,1.88583,0.75127,0.234049,0.124109,0.1099400445818901,0.220369,1.35835,0.280135,0.736026,,,3.95811,0.272718,0.351068,999,,,,,,,242.70000000000005,5.9195121951219525,228,5.560975609756097,,,,,,,,,,,,,,,,,,,"Erik Miller","26252",669062
"Luinder Avila","KCR",1.63572,1.11307,0,3.74099,42,0,0,0.6688,,28.3642,121.357,24.4742,12.62,11.79,2.03829,12.2314,0.760656,1.70345,26.4408,8.38971,3.88103,2.16172,0.646752,0.217876,0.100788,0.11708775162696838,0.227832,1.29408,0.284203,0.711497,,,3.6788,0.272009,0.16701,999,,,,,,,134.20000000000005,4.7928571428571445,128,4.571428571428571,,,,,,,,,,,,,,,,,,,"Luinder Avila","24452",679883
"Kyle Finnegan","DET",2.35887,1.76099,0,4.14963,64,0,0,13.4475,,44.0931,186.555,41.249,21.87,20.33,5.43366,14.4085,0.937377,1.80075,40.2872,8.22316,2.94098,2.79607,1.10908,0.215953,0.0772345,0.13871820271015167,0.242148,1.26227,0.287384,0.703168,,,4.01262,0.271271,0.101346,361.3900146484375,,,,,,,241.50000000000003,5.488636363636364,239,5.431818181818182,,,,,,,,,,,,,,,,,,,"Kyle Finnegan","15009",640448
"Sam Aldegheri","LAA",2.18971,3.20133,1.66805,4.83338,24,6,0,0.6594,,46.8306,205.307,46.3105,26.92,25.15,6.84138,19.4272,0.635351,2.33201,42.4209,8.15255,3.73356,2.18358,1.31479,0.206622,0.094625,0.11199669539928436,0.252307,1.40374,0.293919,0.691201,,,4.61651,0.270681,0.0476917,999,,,,,,,167.10000000000005,3.5553191489361713,169,3.595744680851064,,,,,,,,,,,,,,,,,,,"Sam Aldegheri","26443",691951
"Fernando Cruz","NYY",2.28987,1.59995,0,4.21996,61,0,0,15.9947,,40.7136,174.474,33.0904,20.41,19.09,6.21629,18.8296,0.657397,2.23684,54.5709,12.0632,4.16241,2.89814,1.37415,0.312773,0.107922,0.2048512026667595,0.215702,1.27525,0.290153,0.729108,,,3.99159,0.268241,0.145633,671.5599975585938,,,,,,,254.8,6.214634146341464,238,5.804878048780488,,,,,,,,,,,,,,,,,,,"Fernando Cruz","7048",518585
"Justin Lawrence","PIT",2.11795,1.60478,0,4.30018,58,0,0,11.5066,,40.2262,176.48,38.7824,20.56,19.22,3.4282,18.0515,0.929284,2.68622,37.8536,8.46918,4.03875,2.09698,0.767008,0.214493,0.102286,0.11220627278089523,0.249017,1.41286,0.308877,0.697114,,,3.90758,0.265707,-0.0100628,631.1699829101562,,,,,,,218.70000000000002,5.4675,222,5.55,,,,,,,,,,,,,,,,,,,"Justin Lawrence","17639",664875
"Joe Jiménez","ATL",1.83788,1.26169,0,4.27972,47,0,0,4.1351,,32.1961,136.824,28.3442,16.39,15.31,4.37665,11.718,0.525227,1.79378,36.9282,10.3228,3.27562,3.1514,1.22344,0.269894,0.0856428,0.18425169587135315,0.229857,1.24432,0.29226,0.697578,,,3.86739,0.264145,0.073706,741.719970703125,,,,,,,162.8,5.0875,156,4.875,,,,,,,,,,,,,,,,,,,"Joe Jimenez","15761",641729
"PJ Poulin","WSN",1.94038,1.75597,0,4.01937,61,0,0,14.7982,,41.6483,179.557,37.2395,20.01,18.6,4.0244,18.3554,1.39601,2.04187,39.3462,8.50253,3.96652,2.14357,0.869654,0.219129,0.102226,0.11690307408571243,0.233976,1.33487,0.286858,0.712257,,,3.97111,0.259789,0.199199,744.280029296875,,,,,,,243.40000000000003,5.795238095238096,236,5.619047619047619,,,,,,,,,,,,,,,,,,,"PJ Poulin","23394",676571
"Jake Irvin","WSN",4.24214,7.33045,4.13519,5.01817,30,15,0,0.6602,,86.123,373.307,90.191,51.59,48.02,14.9521,27.5257,0.646438,3.52161,59.2665,6.19345,2.87648,2.15313,1.56252,0.158761,0.0737348,0.08502588421106339,0.263516,1.36684,0.280699,0.683241,,,5.09728,0.259159,0.0139759,742.5,,,,,,,243.89999999999998,2.8360465116279068,261,3.0348837209302326,,,,,,,,,,,,,,,,,,,"Jake Irvin","21504",663623
"Matt Pushard","STL",2.0919,1.6522,0,4.09943,56,0,0,0,,40.3739,170.784,35.0508,19.67,18.39,5.08979,14.7738,1.01979,1.99314,38.0024,8.47135,3.29333,2.57227,1.1346,0.222518,0.0865062,0.1360115334391594,0.227578,1.23408,0.270102,0.706215,,,4.13735,0.258964,0.0921326,999,,,,,,,168.5,4.2125,160,4,,,,,,,,,,,,,,,,,,,"Matt Pushard","sa3019955",690155
"Dane Dunning",,1.42582,1.86941,1.68768,4.71831,5,5,0,0,,25.56,110.775,25.749,14.33,13.4,3.64877,9.07175,0.0721537,1.37439,21.3067,7.50237,3.19428,2.34869,1.28478,0.192343,0.0818938,0.11044932901859283,0.256647,1.36231,0.293212,0.689635,,,4.54981,0.2577,0.218982,999,,,,,,,87.6,3.369230769230769,90,3.4615384615384617,,,,,,,,,,,,,,,,,,,"Dane Dunning","19409",641540
"Keegan Akin","BAL",2.66184,1.75396,0,4.15981,66,0,0,15.6138,,44.2664,187.693,41.1718,21.94,20.46,6.11987,14.3542,1.0002,1.60031,42.6029,8.66177,2.91841,2.96798,1.24426,0.226981,0.0764766,0.150504469871521,0.239735,1.25436,0.284937,0.715232,,,4.08882,0.257567,0.101346,700.0599975585938,,,,,,,247.20000000000002,5.618181818181818,244,5.545454545454546,,,,,,,,,,,,,,,,,,,"Keegan Akin","19362",669211
"Andrew Morris","MIN",1.07597,0.690989,0,3.59904,28,0,0,0,,18.4549,77.1074,17.0221,7.93,7.38,1.55745,5.06593,0.493953,0.767613,17.0949,8.33673,2.47053,3.37448,0.75953,0.221702,0.0656997,0.15600237995386124,0.238827,1.19686,0.293884,0.711187,,,3.32792,0.2572,0.14407,999,,,,,,,80.40000000000002,4.466666666666668,80,4.444444444444445,,,,,,,,,,,,,,,,,,,"Andrew Morris","sa3020569",702193
"Coleman Crow","MIL",1.34322,1.2187,0.521087,3.976,20,2,0,0,,26.0312,108.876,23.7308,12.35,11.5,3.46802,7.38834,0.471637,1.13056,23.0918,7.98374,2.55444,3.12544,1.19903,0.212093,0.0678603,0.14423274248838425,0.236464,1.19546,0.274574,0.714636,,,4.07468,0.254783,0.255486,999,,,,,,,115.1,4.426923076923076,113,4.346153846153846,,,,,,,,,,,,,,,,,,,"Coleman Crow","sa3015142",689441
"Riley O'Brien","STL",2.29875,1.87286,0,4.13931,63,0,0,8.8854,,45.4207,196.97,39.6434,22.27,20.89,4.43567,21.9321,1.15626,3.32897,45.126,8.94161,4.3458,2.05753,0.878918,0.229101,0.111348,0.11775334179401398,0.230875,1.35567,0.28824,0.709927,,,4.08614,0.25276,0.154846,247.05999755859375,,,,,,,230.8,5.1288888888888895,224,4.977777777777778,,,,,,,,,,,,,,,,,,,"Riley O'Brien","20348",676617
"Hayden Wesneski","HOU",1.34141,1.26768,0.524813,4.20423,24,2,0,0.6635,,37.1198,156.163,33.5706,18.54,17.34,5.64513,11.6455,0.721092,1.73881,34.7191,8.41793,2.82356,2.98132,1.36871,0.222325,0.0745728,0.14775251597166061,0.235122,1.21811,0.27267,0.714929,,,4.32322,0.252573,0.149753,999,,,,,,,143.6,3.881081081081081,139,3.7567567567567566,,,,,,,,,,,,,,,,,,,"Hayden Wesneski","27581",669713
"Grant Anderson","MIL",2.11792,1.55941,0,4.06896,56,0,0,9.7402,,38.022,161.26,34.2185,18.49,17.19,5.02644,13.2665,0.97656,1.91734,37.8555,8.96058,3.14026,2.85345,1.18979,0.234747,0.0822678,0.1524796113371849,0.234251,1.24888,0.282884,0.716847,,,4.06051,0.252221,0.189997,999,,,,,,,202.29999999999998,5.323684210526316,196,5.157894736842105,,,,,,,,,,,,,,,,,,,"Grant Anderson","20546",681982
"Eric Orze","MIN",2.30778,1.74892,0,4.38004,62,0,0,12.0861,,43.8489,189.482,39.3741,22.82,21.34,5.45371,18.9902,1.10847,2.46595,44.4219,9.11761,3.89774,2.3392,1.11937,0.234439,0.100222,0.1342172846198082,0.234334,1.33103,0.287097,0.700669,,,4.19384,0.251892,-0.00085879,745.6699829101562,,,,,,,235.70000000000002,5.356818181818182,228,5.181818181818182,,,,,,,,,,,,,,,,,,,"Eric Orze","27626",679358
"Mason Fluharty","TOR",1.62482,1.02658,0,3.66848,42,0,0,0.6504,,28.6794,120.008,23.6512,12.55,11.69,3.48323,10.6381,1.39034,1.15637,29.7654,9.34079,3.33837,2.79801,1.09309,0.24803,0.0886451,0.15938443690538406,0.218562,1.19561,0.269034,0.739111,,,3.87206,0.245733,0.220714,999,,,,,,,143.3,4.941379310344828,134,4.620689655172414,,,,,,,,,,,,,,,,,,,"Mason Fluharty","31553",689254
"Cade Gibson","MIA",2.10696,1.74069,0,3.97966,60,0,0,11.9706,,41.0914,177.278,38.9137,19.53,18.17,3.12855,16.4853,1.19662,2.27996,33.0727,7.24372,3.61067,2.0062,0.685228,0.186559,0.0929911,0.09356758743524551,0.245493,1.34819,0.292574,0.703051,,,3.88521,0.245175,0.145634,999,,,,,,,225.10000000000005,5.490243902439025,226,5.512195121951219,,,,,,,,,,,,,,,,,,,"Cade Gibson","31815",806188
"Carlos Estévez","KCR",2.44739,1.94233,0,4.41909,65,0,0,2.0065,,44.0521,189.183,41.8873,23.13,21.63,5.80638,14.8998,1.38901,2.18792,39.1236,7.99309,3.04408,2.62578,1.18626,0.206803,0.0787586,0.1280440390110016,0.243396,1.28909,0.283732,0.691705,,,4.23608,0.24482,-0.000863741,84.5,,,,,,,177.60000000000002,4.036363636363637,177,4.0227272727272725,,,,,,,,,,,,,,,,,,,"Carlos Estevez","14542",608032
"Brady Basso","ATH",1.91233,1.47468,0,4.1093,54,0,0,8.9182,,40.4083,171.722,37.4136,19.77,18.45,4.95593,13.9027,1.18729,1.65031,37.6715,8.39043,3.09649,2.70966,1.10382,0.219374,0.0809602,0.13841424882411957,0.239571,1.26994,0.285865,0.710854,,,4.01968,0.243608,0.0921326,999,,,,,,,202.3,5.0575,199,4.975,,,,,,,,,,,,,,,,,,,"Brady Basso","25582",669620
"Matt Waldron","SDP",1.44598,1.84911,1.72126,4.8409,5,5,0,0,,25.675,110.223,26.072,14.77,13.81,4.23517,7.61156,0.0756201,1.21872,19.9039,6.97702,2.66812,2.61495,1.48458,0.180578,0.0690561,0.1115223616361618,0.257139,1.31192,0.282664,0.681463,,,4.76085,0.24293,0.121081,999,,,,,,,88.6,3.4076923076923076,91,3.5,,,,,,,,,,,,,,,,,,,"Matt Waldron","25550",663362
"Jhonathan Díaz","SEA",1.419,1.38133,0.534127,4.13419,24,2,0,0.6494,,29.9986,129.6,27.7349,14.74,13.78,2.8346,12.2991,0.617173,2.0615,26.0894,7.82719,3.68989,2.12125,0.85042,0.201307,0.0949,0.10640667378902435,0.240671,1.33453,0.288479,0.701333,,,4.06027,0.241809,0.16285,999,,,,,,,126.3,4.21,125,4.166666666666667,,,,,,,,,,,,,,,,,,,"Jhonathan Diaz","20298",646242
"Bryan Hudson","CHW",1.37923,1.10495,0,3.76055,38,0,0,0.6116,,26.8524,113.691,22.9783,12.04,11.22,2.55308,10.6842,0.705425,1.22945,26.1975,8.78049,3.58096,2.45199,0.855704,0.230426,0.0939751,0.13645100593566895,0.22577,1.25361,0.279694,0.718638,,,3.75094,0.240773,0.216153,999,,,,,,,123.10000000000001,4.559259259259259,116,4.296296296296297,,,,,,,,,,,,,,,,,,,"Bryan Hudson","19924",663542
"Jonathan Loáisiga",,2.48147,2.75244,0,4.19059,45,0,0,0,,45.4447,193.408,45.567,22.73,21.16,4.99743,13.1031,1.07164,2.44329,34.611,6.85446,2.59498,2.64144,0.989706,0.178953,0.0677483,0.11120449751615524,0.256193,1.29102,0.293443,0.69552,,,4.06778,0.240616,0.0525234,999,,,,,,,176.9,3.9311111111111114,185,4.111111111111111,,,,,,,,,,,,,,,,,,,"Jonathan Loaisiga","19753",642528
"Yilber Díaz","ARI",1.60515,1.64595,0.549962,4.47374,30,2,0,0.5678,,37.1971,162.255,33.522,19.76,18.49,4.65353,17.5801,0.886907,1.84099,37.826,9.15218,4.25358,2.15164,1.12594,0.233126,0.108348,0.1247783750295639,0.234691,1.37382,0.287664,0.70294,,,4.29402,0.240311,0.0296597,746.780029296875,,,,,,,143.9,3.889189189189189,140,3.7837837837837838,,,,,,,,,,,,,,,,,,,"Yilber Diaz","29271",700270
"Scott Alexander","SFG",1.99039,1.99529,0,3.80875,35,0,0,0,,35.4447,149.623,34.1988,16.14,15,2.89123,10.8831,1.13123,1.49682,24.1583,6.13421,2.7634,2.21981,0.734131,0.161462,0.0727368,0.08872475475072861,0.249185,1.2719,0.284115,0.705312,,,3.88021,0.239989,0.234632,999,,,,,,,145.7,4.162857142857143,148,4.228571428571429,,,,,,,,,,,,,,,,,,,"Scott Alexander","10591",518397
"Brandon Williamson","CIN",2.21552,2.52428,0.824244,4.64422,43,3,0,0.6661,,53.1951,231.213,51.4239,29.35,27.45,7.22028,21.2435,1.22775,2.35881,46.4012,7.85054,3.59415,2.18425,1.22159,0.200686,0.0918786,0.10880737751722336,0.247694,1.36605,0.287057,0.692425,,,4.48617,0.237733,0.0118939,999,,,,,,,200.50000000000003,3.783018867924529,201,3.792452830188679,,,,,,,,,,,,,,,,,,,"Brandon Williamson","25463",682227
"George Klassen","LAA",1.12967,1.29855,0.52947,4.06679,18,2,0,0,,26.0254,110.895,22.3658,12.56,11.76,3.34248,10.9223,0.470542,1.33641,27.3761,9.46708,3.77711,2.50643,1.15588,0.246865,0.0984926,0.14837238192558289,0.22675,1.27906,0.280094,0.724541,,,4.11404,0.235991,0.159887,999,,,,,,,116.3,4.473076923076923,109,4.1923076923076925,,,,,,,,,,,,,,,,,,,"George Klassen","sa3023440",691946
"Tim Herrin","CLE",1.86236,1.66775,0,3.93971,54,0,0,10.1933,,36.8708,158.66,32.2785,17.31,16.14,3.49156,16.7226,0.839565,2.00583,35.8472,8.75015,4.08191,2.14364,0.852276,0.225937,0.105399,0.120538130402565,0.230673,1.32899,0.286172,0.718408,,,3.94557,0.234574,0.239046,999,,,,,,,208.7,5.64054054054054,201,5.4324324324324325,,,,,,,,,,,,,,,,,,,"Tim Herrin","25139",682120
"Andre Granillo","STL",1.63212,1.34989,0,4.22915,44,0,0,0.6791,,34.6027,148.344,29.0873,17.32,16.26,4.31787,15.5864,1.21128,1.64862,35.1264,9.13621,4.05394,2.25366,1.12306,0.236791,0.105069,0.13172117620706558,0.221857,1.29105,0.270219,0.708118,,,4.22131,0.234335,0.131827,999,,,,,,,154.4,4.411428571428572,143,4.085714285714285,,,,,,,,,,,,,,,,,,,"Andre Granillo","29542",701552
"Brent Headrick","NYY",2.01789,1.35188,0,4.07122,53,0,0,10.0788,,33.8891,143.38,29.691,16.4,15.33,4.83617,12.0711,0.922687,1.38872,37.8349,10.0479,3.20576,3.13433,1.28435,0.263878,0.0841899,0.17968858033418655,0.228533,1.23232,0.284873,0.724809,,,3.94897,0.231764,0.18079,748.6699829101562,,,,,,,189.10000000000002,5.561764705882354,182,5.352941176470588,,,,,,,,,,,,,,,,,,,"Brent Headrick","27702",687396
"Max Lazar","PHI",1.63258,1.19478,0,4.23973,42,0,0,0.6501,,29.5066,123.783,29.4006,14.92,13.9,3.85585,6.49183,0.662123,1.0564,24.2952,7.41044,1.98011,3.74243,1.1761,0.196273,0.0524454,0.14382781088352203,0.252942,1.21642,0.290006,0.68775,,,3.95462,0.230799,0.0690994,999,,,,,,,128.4,4.28,129,4.3,,,,,,,,,,,,,,,,,,,"Max Lazar","23426",676661
"Jack Perkins","ATH",1.23695,0.906776,0,3.79029,34,0,0,0.6389,,25.8344,110.102,21.487,11.65,10.88,2.47911,11.431,0.686186,1.58966,25.8913,9.01983,3.98224,2.26502,0.863653,0.235157,0.103821,0.1313358172774315,0.221329,1.27419,0.276635,0.722241,,,3.89024,0.228796,0.16245,524.9400024414062,,,,,,,130.20000000000002,5.0076923076923086,121,4.653846153846154,,,,,,,,,,,,,,,,,,,"Jack Perkins","31468",678022
"Anthony Bender","MIA",2.14003,1.81887,0,4.0997,61,0,0,12.4182,,41.7763,178.277,38.727,20.53,19.03,4.69986,15.076,0.964563,2.49189,37.7839,8.13991,3.24786,2.50624,1.01251,0.21194,0.084565,0.12737471610307693,0.240976,1.28788,0.287816,0.70459,,,4.05034,0.228615,0.0967392,740.6699829101562,,,,,,,220.9,5.2595238095238095,218,5.190476190476191,,,,,,,,,,,,,,,,,,,"Anthony Bender","19742",669622
"Elvis Alvarado","ATH",2.03731,1.63537,0,4.2291,58,0,0,10.4908,,42.2643,183.268,36.316,21.31,19.86,4.99767,20.297,1.24261,2.88608,46.0563,9.80749,4.32216,2.26912,1.06423,0.251306,0.110751,0.1405554786324501,0.226855,1.3395,0.287243,0.711521,,,4.1385,0.227882,0.0967392,739.3900146484375,,,,,,,218.70000000000002,5.207142857142857,208,4.9523809523809526,,,,,,,,,,,,,,,,,,,"Elvis Alvarado","21662",665660
"Yohan Ramírez","PIT",1.87515,1.36492,0,4.14052,50,0,0,4.3827,,36.9736,160.672,33.0668,18.21,17.01,3.7167,16.3254,1.00925,3.56163,37.3583,9.09365,3.97388,2.28835,0.904709,0.232513,0.101607,0.1309058889746666,0.234875,1.33588,0.294355,0.705658,,,4.03474,0.227756,0.136428,999,,,,,,,168.8,4.562162162162163,163,4.405405405405405,,,,,,,,,,,,,,,,,,,"Yohan Ramirez","19444",670990
"Tony Santillan","CIN",2.40714,2.1992,0,4.5397,70,0,0,13.5711,,47.1838,206.079,43.1142,25.42,23.8,6.21544,21.3461,1.13008,3.09855,50.2105,9.57733,4.07164,2.35221,1.18555,0.243647,0.103582,0.1400647982954979,0.237368,1.36616,0.294699,0.700166,,,4.27353,0.226775,-0.0449874,483.44000244140625,,,,,,,246.2,5.238297872340425,241,5.127659574468085,,,,,,,,,,,,,,,,,,,"Tony Santillan","19926",663574
"Carson Whisenhunt","SFG",1.28733,1.55434,0.806081,4.42174,15,3,0,0.6691,,25.8088,111.326,24.7171,13.61,12.68,3.46678,9.95189,0.34774,1.08828,23.8414,8.31392,3.4704,2.39566,1.20893,0.214159,0.0893944,0.1247645765542984,0.246467,1.3433,0.29119,0.70631,,,4.31713,0.22459,0.102493,680.219970703125,,,,,,,109.5,4.211538461538462,110,4.230769230769231,,,,,,,,,,,,,,,,,,,"Carson Whisenhunt","31676",687931
"Colin Selby","BAL",2.37031,1.54707,0,4.05107,58,0,0,12.0003,,38.9008,166.673,33.482,18.7,17.51,4.46368,17.2775,1.18051,2.17123,38.7654,8.96868,3.99728,2.2437,1.03271,0.232584,0.103661,0.1289227530360222,0.227421,1.30484,0.279035,0.72027,,,4.13365,0.223336,0.141028,999,,,,,,,222.60000000000002,5.707692307692308,212,5.435897435897436,,,,,,,,,,,,,,,,,,,"Colin Selby","24986",681882
"Jordan Leasure","CHW",2.3661,2.13586,0,4.27014,66,0,0,6.9858,,45.7152,194.611,37.9976,23.17,21.69,7.12685,19.5129,1.39088,2.17092,50.9875,10.038,3.84154,2.61301,1.40307,0.261997,0.100267,0.16173073649406433,0.219733,1.25802,0.26888,0.722458,,,4.35411,0.22307,0.105952,262.6099853515625,,,,,,,219.50000000000006,4.771739130434784,203,4.413043478260869,,,,,,,,,,,,,,,,,,,"Jordan Leasure","29950",673929
"Tommy Nance","TOR",2.1165,1.5532,0,4.25989,58,0,0,11.7359,,38.6841,165.317,36.1039,19.59,18.31,4.66972,14.0373,0.88633,2.09923,37.2093,8.65688,3.26583,2.65075,1.08643,0.225078,0.0849113,0.14016708731651306,0.242015,1.29617,0.292953,0.700658,,,4.03208,0.22094,0.038698,999,,,,,,,207.50000000000003,5.320512820512821,204,5.230769230769231,,,,,,,,,,,,,,,,,,,"Tommy Nance","19178",667297
"Brandon Eisert","CHW",2.07472,1.89812,0,4.37015,60,0,0,11.4156,,41.5592,177.757,39.8116,21.71,20.18,5.52993,13.9117,1.28108,1.69058,40.1526,8.69539,3.01269,2.88625,1.19755,0.225885,0.0782623,0.1476225182414055,0.245516,1.29269,0.294334,0.696223,,,4.05889,0.219859,-0.00546095,999,,,,,,,209,4.976190476190476,208,4.9523809523809526,,,,,,,,,,,,,,,,,,,"Brandon Eisert","27668",685126
"Riley Martin","CHC",1.24833,0.799664,0,3.57877,30,0,0,0,,21.5018,91.6701,16.8718,9.16,8.55,1.85106,11.0785,0.56996,1.01301,25.0935,10.5034,4.63713,2.26506,0.774798,0.273737,0.120852,0.15288478881120682,0.212015,1.29991,0.285381,0.740978,,,3.60726,0.219857,0.256389,999,,,,,,,108.00000000000001,4.90909090909091,98,4.454545454545454,,,,,,,,,,,,,,,,,,,"Riley Martin","sa3017601",702303
"Calvin Faucher","MIA",2.14894,2.04157,0,4.48041,64,0,0,11.5391,,43.8308,191.861,42.8807,23.44,21.82,4.90948,18.8083,1.24271,2.19012,42.4172,8.70973,3.86199,2.25524,1.00809,0.221083,0.0980305,0.12305205315351486,0.250966,1.40743,0.307369,0.697774,,,4.093,0.215514,-0.000862142,444.6700134277344,,,,,,,221.3,5.029545454545455,224,5.090909090909091,,,,,,,,,,,,,,,,,,,"Calvin Faucher","20116",676534
"Paul Blackburn","NYY",2.71845,2.62236,0.817957,4.91989,53,3,0,4.6101,,62.4892,271.968,65.0106,36.52,34.16,8.9145,21.2034,1.29079,2.78077,51.2143,7.37613,3.05382,2.41538,1.28391,0.18831,0.0779628,0.11034702509641647,0.262156,1.37966,0.298613,0.673966,,,4.50197,0.215487,-0.322892,999,,,,,,,229.09999999999997,3.69516129032258,243,3.9193548387096775,,,,,,,,,,,,,,,,,,,"Paul Blackburn","14739",621112
"Zak Kent","STL",1.45188,1.22021,0,4.25899,40,0,0,0.6791,,31.7188,136.151,29.4433,16.04,15.01,3.65481,12.1103,1.04964,1.52943,29.1284,8.26499,3.4362,2.40527,1.03703,0.213942,0.0889473,0.12499475479125977,0.240332,1.31006,0.287408,0.700214,,,4.08646,0.214381,0.0737061,999,,,,,,,132.20000000000002,4.1312500000000005,128,4,,,,,,,,,,,,,,,,,,,"Zak Kent","25703",687849
"Brock Burke","LAA",2.11465,1.96472,0,4.28103,63,0,0,12.7807,,43.5596,185.606,42.8369,22.26,20.72,5.68017,13.013,1.30807,1.76257,37.2622,7.69887,2.68866,2.86346,1.1736,0.200759,0.0701108,0.1306486576795578,0.250756,1.28215,0.29054,0.701284,,,4.13708,0.213757,0.101346,999,,,,,,,221,5.0227272727272725,223,5.068181818181818,,,,,,,,,,,,,,,,,,,"Brock Burke","17968",656271
"Jalen Beeks",,2.7963,3.15492,0,4.34039,51,0,0,0,,51.4447,222.198,49.535,26.57,24.81,6.02529,20.0623,1.16713,2.20446,44.7522,7.82919,3.5098,2.23066,1.0541,0.201407,0.0902901,0.11111682653427124,0.24776,1.35286,0.29171,0.703498,,,4.21639,0.212877,-0.0356938,999,,,,,,,197.60000000000002,3.874509803921569,201,3.9411764705882355,,,,,,,,,,,,,,,,,,,"Jalen Beeks","17192",656222
"Braden Nett","ATH",2.03642,2.61522,1.39237,4.78111,23,5,0,0,,43.5777,191.699,41.2154,24.7,23.15,6.03394,20.8983,0.629223,2.52989,39.8344,8.2269,4.31608,1.9061,1.24617,0.207797,0.109017,0.09878041595220566,0.244935,1.42535,0.287425,0.697156,,,4.71982,0.212664,0.0531105,999,,,,,,,153.20000000000002,3.4818181818181824,150,3.409090909090909,,,,,,,,,,,,,,,,,,,"Braden Nett","sa3020336",804556
"Mitch Farris","LAA",1.32936,2.03213,1.87798,4.99868,5,5,0,0,,26.485,115.351,26.1743,15.71,14.71,4.57651,10.4513,0.0894262,0.954704,24.2867,8.25298,3.55151,2.32379,1.55517,0.210546,0.0906043,0.1199413537979126,0.251808,1.38288,0.287656,0.692146,,,4.83947,0.210985,0.0260555,999,,,,,,,78.30000000000001,3.011538461538462,80,3.076923076923077,,,,,,,,,,,,,,,,,,,"Mitch Farris","33628",815083
"Chris Roycroft","STL",1.86719,1.5953,0,4.34056,52,0,0,7.0624,,40.3704,176.514,38.7456,20.76,19.47,3.29249,18.044,1.14667,2.32962,31.7208,7.07169,4.02266,1.75796,0.734014,0.179707,0.102225,0.07748265564441681,0.248147,1.40672,0.292694,0.690485,,,4.1379,0.210468,-0.0100494,999,,,,,,,189.70000000000002,4.742500000000001,193,4.825,,,,,,,,,,,,,,,,,,,"Chris Roycroft","31261",688297
"Jovani Morán","BOS",2.02694,1.35238,0,3.94977,52,0,0,6.9722,,36.6401,159.083,30.0863,17.21,16.08,3.35743,20.3109,1.14454,1.71915,38.1381,9.36795,4.98903,1.87771,0.824695,0.239737,0.127675,0.11206188797950745,0.219523,1.37547,0.279715,0.726248,,,4.04836,0.208115,0.23906,999,,,,,,,196.89999999999998,5.321621621621621,184,4.972972972972973,,,,,,,,,,,,,,,,,,,"Jovani Moran","20422",663558
"John Klein","MIN",1.85474,1.41025,0,4.41874,50,0,0,0,,34.0142,146.79,31.9493,17.87,16.7,4.12852,12.8041,0.897883,1.98641,31.2784,8.27611,3.3879,2.44285,1.09239,0.213082,0.087227,0.12585514783859253,0.24204,1.31572,0.28802,0.689787,,,4.17839,0.206499,-0.0238608,999,,,,,,,136.20000000000005,4.005882352941178,135,3.9705882352941178,,,,,,,,,,,,,,,,,,,"John Klein","sa3020405",804619
"Sawyer Gipson-Long","DET",2.22702,2.32544,0.815861,4.67967,41,3,0,0.6108,,52.0614,222.627,51.531,29.16,27.07,8.55771,15.4431,1.11255,2.21631,47.8325,8.26895,2.66969,3.09735,1.4794,0.214855,0.0693675,0.14548777043819427,0.251411,1.28644,0.289232,0.687613,,,4.45211,0.206236,-0.0383829,582.4400024414062,,,,,,,187.90000000000003,3.613461538461539,192,3.6923076923076925,,,,,,,,,,,,,,,,,,,"Sawyer Gipson-Long","26048",687830
"Emiliano Teodo","TEX",1.27093,0.832398,0,3.4596,32,0,0,0,,22.3725,94.4369,16.7365,9.19,8.6,2.08836,11.0603,0.802071,1.32393,25.4586,10.2415,4.44933,2.3018,0.840103,0.269584,0.117118,0.1524650827050209,0.203973,1.24245,0.268745,0.748069,,,3.73337,0.205871,0.25632,734.280029296875,,,,,,,108.00000000000001,4.90909090909091,98,4.454545454545454,,,,,,,,,,,,,,,,,,,"Emiliano Teodo","sa3015158",693713
"Jakob Junis",,3.5424,4.23422,0,4.67045,66,0,0,0,,66,281.572,67.7837,36.7,34.25,10.1547,16.5809,1.45679,3.0474,56.3074,7.67828,2.26104,3.39591,1.38473,0.199975,0.0588872,0.14108818396925926,0.258772,1.27825,0.294806,0.679485,,,4.32121,0.205249,-0.255443,999,,,,,,,240.60000000000008,3.645454545454547,252,3.8181818181818183,,,,,,,,,,,,,,,,,,,"Jakob Junis","13619",596001
"Brenan Hanifee","DET",2.12986,1.59393,0,4.18926,58,0,0,11.0216,,39.9593,171.339,39.6465,20.07,18.6,3.83229,13.0029,1.00957,2.06685,28.3712,6.39002,2.92864,2.18191,0.863143,0.165585,0.0758902,0.08969521522521973,0.253707,1.31758,0.288672,0.689013,,,4.09328,0.205203,0.0921325,999,,,,,,,197.8,4.945,203,5.075,,,,,,,,,,,,,,,,,,,"Brenan Hanifee","22304",669724
"Caleb Ferguson","CIN",2.08265,1.8341,0,4.33941,60,0,0,12.6866,,40.4432,175.33,39.0605,20.86,19.5,4.2953,16.0461,0.777605,2.37705,35.1818,7.82915,3.57081,2.19254,0.955851,0.200661,0.0915198,0.10914090275764465,0.248941,1.36257,0.296052,0.697584,,,4.1426,0.204007,-0.0100667,999,,,,,,,213.4,5.335,216,5.4,,,,,,,,,,,,,,,,,,,"Caleb Ferguson","19349",657571
"Sam Moll","CIN",1.82893,1.54167,0,4.17891,52,0,0,6.927,,33.985,146.345,31.0292,16.95,15.78,3.91884,13.9959,1.31735,1.82501,33.7267,8.93161,3.70644,2.40975,1.0378,0.230461,0.0956365,0.13482410460710526,0.237728,1.32485,0.291891,0.710066,,,4.04596,0.203458,0.0783126,999,,,,,,,169.80000000000004,4.994117647058824,166,4.882352941176471,,,,,,,,,,,,,,,,,,,"Sam Moll","14874",594580
"Juan Burgos","ARI",1.71095,1.3869,0,4.19887,47,0,0,4.1864,,32.1301,138.726,28.9795,16.03,14.99,3.34586,13.7462,0.902959,1.91544,30.2933,8.48551,3.85046,2.20377,0.937214,0.218368,0.0990886,0.11927953362464905,0.235482,1.32977,0.286649,0.701752,,,4.06555,0.203066,0.073706,999,,,,,,,152.5,4.765625,149,4.65625,,,,,,,,,,,,,,,,,,,"Juan Burgos","27271",686228
"Kai-Wei Teng","SFG",1.38483,1.71874,0.815861,4.66309,19,3,0,0.6691,,29.6649,131.484,28.3097,16.45,15.37,3.65717,14.2415,0.51951,2.39402,29.994,9.09986,4.32073,2.10609,1.10955,0.228119,0.108314,0.11980506777763367,0.246495,1.4344,0.303611,0.697312,,,4.39797,0.202266,0.112318,660.0599975585938,,,,,,,116.00000000000001,3.866666666666667,114,3.8,,,,,,,,,,,,,,,,,,,"Kai-Wei Teng","24282",678906
"Gavin Stone","LAD",1.33426,1.0669,0.531333,4.39591,18,2,0,0.7738,,24.1179,103.062,23.8318,12.59,11.78,3.10716,7.71138,0.391001,0.85468,20.7211,7.73243,2.87763,2.68708,1.15949,0.201054,0.0748226,0.12623155862092972,0.252198,1.30787,0.293267,0.696983,,,4.15716,0.201238,0.0456735,662.8900146484375,,,,,,,97.30000000000001,4.054166666666667,100,4.166666666666667,,,,,,,,,,,,,,,,,,,"Gavin Stone","27792",694813
"Jean Cabrera","PHI",0.877261,1.06242,0.914995,4.55796,3,3,0,0,,14.829,63.4853,15.5947,8.05,7.51,1.95335,4.05869,0.0428446,0.602909,10.7535,6.52653,2.4633,2.64951,1.18553,0.169386,0.0639311,0.10545509308576584,0.265109,1.32533,0.295799,0.685832,,,4.3403,0.197905,0.133973,999,,,,,,,51.800000000000004,3.4533333333333336,56,3.7333333333333334,,,,,,,,,,,,,,,,,,,"Jean Cabrera","sa3015433",691893
"Nolan Hoffman","PHI",0.955254,0.629478,0,3.66775,24,0,0,0.6501,,17.0295,72.2014,15.5682,7.46,6.94,1.19273,6.13805,0.483768,0.876558,15.2077,8.03719,3.24392,2.47761,0.630353,0.210629,0.0850129,0.125616155564785,0.238824,1.27463,0.294662,0.711017,,,3.49533,0.197847,0.193393,999,,,,,,,84.9,4.9941176470588236,85,5,,,,,,,,,,,,,,,,,,,"Nolan Hoffman","23381",676510
"Yoendrys Gómez","TBR",3.68613,4.7197,2.23338,4.89311,48,8,0,0.6594,,79.4771,346.437,75.4282,46.26,43.21,13.2869,33.0949,1.17661,4.61047,73.3669,8.30808,3.74767,2.21686,1.50461,0.211775,0.0955294,0.11624608933925629,0.244316,1.36546,0.279817,0.692417,,,4.88548,0.197177,-0.0815155,733.5,,,,,,,265.70000000000005,3.363291139240507,262,3.3164556962025316,,,,,,,,,,,,,,,,,,,"Yoendrys Gomez","22872",672782
"Isaac Mattson","PIT",2.40347,1.8387,0,4.42016,64,0,0,13.0817,,44.3875,194.367,38.7005,23.2,21.8,5.16424,22.8081,1.02787,2.58309,44.4433,9.01131,4.62456,1.94858,1.0471,0.228656,0.117345,0.11131090670824051,0.229029,1.38572,0.280947,0.705776,,,4.3612,0.196799,-0.000862142,999,,,,,,,224.70000000000002,5.106818181818182,217,4.931818181818182,,,,,,,,,,,,,,,,,,,"Isaac Mattson","20385",676755
"Spencer Bivens","SFG",2.42172,2.01578,0,4.20042,70,0,0,14.1341,,46.5382,199.584,45.1561,23.4,21.72,5.0348,16.2186,1.24154,2.50205,34.7857,6.72719,3.13651,2.1448,0.973678,0.174291,0.0812622,0.09302893280982971,0.24967,1.3188,0.284462,0.699016,,,4.25342,0.196726,0.159449,999,,,,,,,238.3,5.070212765957447,239,5.085106382978723,,,,,,,,,,,,,,,,,,,"Spencer Bivens","30226",702352
"Colin Poche",,1.93712,2.10706,0,4.19891,34,0,0,0,,34.4447,146.679,28.9186,17.18,16.07,4.66675,14.7069,0.731794,1.55631,34.3565,8.97695,3.84274,2.33608,1.21937,0.234229,0.100266,0.13396339118480682,0.221742,1.26654,0.26536,0.712969,,,4.31803,0.19524,0.0783129,999,,,,,,,131.70000000000002,3.8735294117647063,122,3.588235294117647,,,,,,,,,,,,,,,,,,,"Colin Poche","19403",621363
"Colton Gordon","HOU",1.28782,0.927287,0,4.29101,40,0,0,0.6635,,34.6492,147.215,32.5301,17.7,16.52,4.78759,11.1077,1.10212,1.34938,32.4094,8.41823,2.88517,2.91775,1.24356,0.220149,0.0754517,0.14469778537750244,0.241395,1.25942,0.284359,0.702251,,,4.13923,0.1948,0.0294973,999,,,,,,,143.7,4.105714285714285,142,4.057142857142857,,,,,,,,,,,,,,,,,,,"Colton Gordon","31312",676467
"Adam Mazur","MIA",1.17426,1.42753,0.544839,4.49495,20,2,0,0.6413,,26.4296,113.594,26.4176,14.15,13.2,3.3812,8.49015,0.516669,1.08083,19.993,6.80815,2.89112,2.35485,1.15139,0.176003,0.0747409,0.1012624055147171,0.253959,1.32078,0.285638,0.687934,,,4.37172,0.191588,0.0507873,999,,,,,,,104.9,4.0346153846153845,108,4.153846153846154,,,,,,,,,,,,,,,,,,,"Adam Mazur","31900",800049
"Juan Mejia","COL",2.36548,2.24886,0,4.78976,66,0,0,14.313,,48.5724,216.344,47.5485,27.75,25.85,5.90971,23.1087,1.98986,3.26287,50.9115,9.43342,4.28182,2.20313,1.09501,0.235327,0.106815,0.12851214408874512,0.250292,1.45468,0.312718,0.687796,,,4.24931,0.190985,-0.243848,732.5599975585938,,,,,,,244,4.979591836734694,247,5.040816326530612,,,,,,,,,,,,,,,,,,,"Juan Mejia","23237",675848
"Elmer Rodríguez","NYY",1.21413,1.06478,0.527141,4.03795,16,2,0,0,,21.4639,90.8193,18.9164,10.29,9.63,2.54489,8.134,0.339225,0.998116,19.3403,8.10955,3.41066,2.37771,1.0671,0.212953,0.0895626,0.12339085340499878,0.231572,1.26028,0.273762,0.713587,,,4.15077,0.190322,0.187167,999,,,,,,,80.1,3.814285714285714,77,3.6666666666666665,,,,,,,,,,,,,,,,,,,"Elmer Rodriguez","sa3019459",695684
"Andrew Hoffmann","ARI",1.76336,1.56311,0,4.58942,50,0,0,6.6804,,34.1612,149.021,32.7858,18.67,17.42,4.13859,14.0422,1.18704,1.73135,32.2433,8.49473,3.69952,2.29617,1.09034,0.216367,0.0942296,0.12213741987943649,0.246051,1.3708,0.295741,0.686212,,,4.20757,0.188772,-0.125722,999,,,,,,,160.60000000000002,4.723529411764707,162,4.764705882352941,,,,,,,,,,,,,,,,,,,"Andrew Hoffmann","29633",694851
"Steven Cruz","KCR",1.74045,1.26999,0,4.02963,45,0,0,0.6688,,30.3973,130.801,26.5201,14.56,13.61,2.89864,13.6691,0.61478,1.71271,27.5742,8.16412,4.04712,2.01727,0.858224,0.21081,0.104503,0.10630723088979721,0.229772,1.32213,0.278075,0.709339,,,4.07862,0.187877,0.0690994,999,,,,,,,126.89999999999999,4.2299999999999995,123,4.1,,,,,,,,,,,,,,,,,,,"Steven Cruz","23165",674444
"Austin Love","STL",1.36179,1.15333,0,4.33103,38,0,0,0,,30.2769,130.66,28.6091,15.55,14.57,3.41853,11.7728,0.771881,1.55845,28.4739,8.46404,3.49955,2.41861,1.01618,0.217923,0.0901027,0.12782015651464462,0.243837,1.33376,0.294846,0.697605,,,4.04299,0.185285,-0.0330276,999,,,,,,,123.69999999999999,4.123333333333333,125,4.166666666666667,,,,,,,,,,,,,,,,,,,"Austin Love","sa3017609",676153
"Tanner Banks","PHI",2.33848,1.81081,0,4.51081,62,0,0,12.5389,,42.9767,184.44,43.5759,23.22,21.54,5.95624,12.902,0.77681,1.55174,39.6293,8.29899,2.70187,3.07157,1.24733,0.214863,0.0699521,0.14491093158721924,0.25635,1.31415,0.302408,0.69087,,,4.10156,0.185249,-0.0541691,999,,,,,,,216.99999999999997,5.046511627906976,224,5.209302325581396,,,,,,,,,,,,,,,,,,,"Tanner Banks","16990",621383
"Dylan Dodd","ATL",1.89957,1.37419,0,4.52892,50,0,0,6.5986,,34.1803,146.67,35.3896,18.44,17.2,4.31322,9.80351,0.914479,1.05987,29.5088,7.76995,2.58136,3.01002,1.13571,0.201191,0.0668404,0.13435067981481552,0.260587,1.3222,0.304715,0.683269,,,4.00243,0.184621,-0.0238608,999,,,,,,,166.40000000000003,4.894117647058825,173,5.088235294117647,,,,,,,,,,,,,,,,,,,"Dylan Dodd","29928",689266
"Drew Smith",,2.43588,2.78172,0,4.46915,44,0,0,0,,44.4447,191.459,39.7031,23.63,22.07,6.33762,18.1501,0.998337,2.39231,44.5198,9.01521,3.67537,2.45287,1.28336,0.232529,0.0947985,0.13773008435964584,0.232295,1.30169,0.277908,0.69871,,,4.3721,0.182929,-0.102621,999,,,,,,,177.8,4.040909090909091,172,3.909090909090909,,,,,,,,,,,,,,,,,,,"Drew Smith","17755",622098
"Brad Keller","PHI",2.68578,1.88594,0,4.0307,68,0,0,16.2429,,47.1358,203.575,42.2358,22.65,21.11,4.81525,21.6725,0.975805,2.47811,43.6093,8.32666,4.1381,2.01219,0.919414,0.214218,0.10646,0.10775798559188843,0.235397,1.35583,0.285654,0.721716,,,4.1499,0.182389,0.15945,472.8900146484375,,,,,,,257.1,5.470212765957447,250,5.319148936170213,,,,,,,,,,,,,,,,,,,"Brad Keller","15734",641745
"Yoniel Curet","PHI",0.951437,0.98708,0.53599,4.23906,10,2,0,0,,17.8342,77.2344,15.2238,8.97,8.4,2.10934,8.69149,0.265199,1.23957,18.5058,9.33894,4.38616,2.12918,1.06448,0.239605,0.112534,0.12707141041755676,0.226197,1.34098,0.280895,0.712964,,,4.26796,0.181471,0.14146,999,,,,,,,77.60000000000002,4.311111111111113,72,4,,,,,,,,,,,,,,,,,,,"Yoniel Curet","sa3015446",692414
"Mason Black","KCR",1.8955,2.11033,0.839613,4.7845,31,3,0,0.6688,,41.5154,181.096,40.6992,23.59,22.07,6.11876,16.1349,0.782091,2.36831,37.2449,8.07421,3.49785,2.30834,1.32647,0.205664,0.0890961,0.11656786501407623,0.250314,1.36899,0.290034,0.688743,,,4.59397,0.180785,-0.0615324,999,,,,,,,154.4,3.6761904761904765,156,3.7142857142857144,,,,,,,,,,,,,,,,,,,"Mason Black","30171",696131
"Cole Henry","WSN",2.07491,1.96107,0,4.19964,64,0,0,8.1061,,43.6966,187.732,36.2083,21.77,20.39,5.4786,20.1428,1.06417,3.12263,42.2722,8.70662,4.14872,2.09863,1.1284,0.225173,0.107295,0.11787760257720947,0.220156,1.2896,0.263287,0.71036,,,4.42754,0.180548,0.101346,696.5599975585938,,,,,,,217.50000000000003,4.943181818181819,202,4.590909090909091,,,,,,,,,,,,,,,,,,,"Cole Henry","27570",669371
"Yuki Matsui","SDP",2.01079,1.55944,0,4.12954,52,0,0,6.8648,,37.486,159.885,31.9473,18.47,17.2,5.07196,15.8718,1.06927,1.35389,37.199,8.9311,3.81067,2.34371,1.21773,0.232662,0.0992706,0.1333908662199974,0.223942,1.27566,0.267715,0.720784,,,4.28796,0.180073,0.136426,999,,,,,,,180.10000000000002,4.867567567567568,171,4.621621621621622,,,,,,,,,,,,,,,,,,,"Yuki Matsui","33826",673513
"Dom Hamel","TEX",3.1846,3.57001,1.39819,4.82538,53,5,0,4.2428,,72.1808,316.42,68.4237,41.29,38.7,10.6511,32.1633,1.58127,3.59607,66.4923,8.29071,4.01034,2.06733,1.32805,0.210139,0.101648,0.10849180072546005,0.243795,1.39354,0.283871,0.692111,,,4.69729,0.179199,-0.0956528,999,,,,,,,260.70000000000005,3.620833333333334,257,3.5694444444444446,,,,,,,,,,,,,,,,,,,"Dom Hamel","30153",687589
"Brooks Raley","NYM",2.05669,1.73235,0,4.45008,59,0,0,12.8875,,38.6487,166.621,36.607,20.5,19.11,5.53822,14.0852,0.798597,2.21136,38.4755,8.95966,3.27998,2.73162,1.28967,0.230917,0.0845347,0.1463819295167923,0.24352,1.31161,0.292245,0.703147,,,4.27193,0.175954,0.0386976,748.8900146484375,,,,,,,198.60000000000002,5.092307692307693,197,5.051282051282051,,,,,,,,,,,,,,,,,,,"Brooks Raley","10061",548384
"Tim Mayza",,2.39341,2.68092,0,4.32943,44,0,0,0,,44.4447,190.701,45.1531,22.96,21.38,4.94938,14.1615,1.17449,1.78946,35.1492,7.11768,2.86768,2.48203,1.00224,0.184316,0.0742599,0.11005578190088272,0.258387,1.33457,0.298576,0.693982,,,4.0778,0.175417,-0.000814928,999,,,,,,,169.10000000000002,3.8431818181818187,177,4.0227272727272725,,,,,,,,,,,,,,,,,,,"Tim Mayza","15042",641835
"Connor Phillips","CIN",2.02419,1.78705,0,4.39927,58,0,0,11.6581,,39.0951,171.385,33.387,20.41,19.11,4.86977,20.9344,1.09658,2.29977,44.5192,10.2487,4.81927,2.1266,1.12106,0.259762,0.122149,0.13761286437511444,0.225358,1.38947,0.288748,0.713868,,,4.25986,0.17537,0.038698,596.3300170898438,,,,,,,210.3,5.392307692307693,199,5.102564102564102,,,,,,,,,,,,,,,,,,,"Connor Phillips","27649",683175
"Chase Lee","TOR",0.937109,0.621005,0,3.81985,25,0,0,0.6504,,17.341,72.6188,15.5841,7.89,7.36,2.06776,5.11845,0.634948,0.863134,17.8952,9.28765,2.65648,3.49622,1.07317,0.246427,0.0704839,0.17594323307275772,0.233865,1.19385,0.28959,0.719496,,,3.65616,0.17457,0.0904001,999,,,,,,,81.60000000000002,4.800000000000002,81,4.764705882352941,,,,,,,,,,,,,,,,,,,"Chase Lee","29574",695445
"Brandon Young","BAL",1.66634,1.64692,0.81167,4.5958,21,3,0,0.665,,32.8409,141.261,31.9258,17.94,16.77,5.02037,11.546,0.531626,1.41936,28.3924,7.78089,3.16418,2.45906,1.37583,0.200993,0.0817357,0.11925709247589111,0.248846,1.32371,0.283566,0.70059,,,4.57774,0.173339,0.0733142,749.6699829101562,,,,,,,120.50000000000004,3.6515151515151527,121,3.6666666666666665,,,,,,,,,,,,,,,,,,,"Brandon Young","27819",687064
"Yerry De los Santos","NYY",1.53173,1.04587,0,4.00161,40,0,0,0.6915,,25.2124,107.589,23.5432,12.01,11.21,2.27295,9.23183,0.575516,1.33338,19.5945,6.9946,3.29546,2.12249,0.81137,0.182123,0.0858063,0.09631700813770294,0.242653,1.29996,0.283012,0.701689,,,4.00991,0.172698,0.108796,999,,,,,,,112,4.48,113,4.52,,,,,,,,,,,,,,,,,,,"Yerry De los Santos","21420",660787
"Josh Simpson","MIA",1.40208,1.15388,0,3.9086,40,0,0,0.6413,,26.5492,115.161,23.3566,12.38,11.53,2.50398,13.0142,0.699195,1.48814,27.9496,9.47473,4.41175,2.14761,0.848832,0.242699,0.113009,0.12969036400318146,0.232037,1.36994,0.297024,0.729976,,,3.89447,0.171508,0.216128,999,,,,,,,121.10000000000001,4.485185185185186,114,4.222222222222222,,,,,,,,,,,,,,,,,,,"Josh Simpson","25957",681006
"Ethan Roberts","CHC",1.70397,1.23355,0,4.18897,42,0,0,0.7242,,29.8641,127.216,27.0316,14.92,13.9,3.57491,10.8303,0.914821,1.59776,27.6027,8.3185,3.26389,2.54865,1.07735,0.216975,0.0851333,0.13184164464473724,0.235491,1.26781,0.280547,0.698234,,,4.09122,0.17069,0.0690994,999,,,,,,,123.60000000000001,4.12,119,3.966666666666667,,,,,,,,,,,,,,,,,,,"Ethan Roberts","24930",681799
"Yennier Cano","BAL",2.05848,1.39271,0,4.20939,52,0,0,4.6109,,36.1121,154.585,35.0129,18.08,16.89,3.85082,12.908,0.659943,1.81596,31.6362,7.88449,3.21699,2.45089,0.959717,0.204652,0.0835011,0.12115105241537094,0.250341,1.327,0.298562,0.701648,,,3.99248,0.170467,0.0829193,999,,,,,,,165.20000000000005,4.58888888888889,167,4.638888888888889,,,,,,,,,,,,,,,,,,,"Yennier Cano","25911",666974
"Ryan Pressly",,2.77223,3.15152,0,4.38063,51,0,0,0,,51.4447,221.482,52.144,26.87,25.04,5.87687,17.2582,0.843628,2.15025,40.3984,7.0675,3.01923,2.34083,1.02813,0.1824,0.0779214,0.1044790968298912,0.258045,1.34906,0.296969,0.695259,,,4.18146,0.170316,-0.0356938,999,,,,,,,191.40000000000003,3.752941176470589,200,3.9215686274509802,,,,,,,,,,,,,,,,,,,"Ryan Pressly","7005",519151
"Jason Alexander","HOU",2.10994,2.69582,1.39819,5.16027,29,5,0,0.6635,,53.7007,236.386,58.1907,33.02,30.79,8.22963,18.5162,0.933189,2.86469,42.045,7.04657,3.10324,2.27071,1.37925,0.177866,0.0783304,0.09953554719686508,0.270648,1.42842,0.30329,0.670194,,,4.75593,0.170121,-0.204689,745.8900146484375,,,,,,,172.40000000000003,3.192592592592593,188,3.4814814814814814,,,,,,,,,,,,,,,,,,,"Jason Alexander","19666",669920
"Matt Festa","CLE",1.9478,1.9989,0,4.51088,58,0,0,12.386,,40.103,172.532,36.5474,21.5,20.1,5.81843,15.7718,0.953917,2.37682,40.3109,9.04666,3.53954,2.55589,1.30578,0.233643,0.0914137,0.14222922176122665,0.236731,1.30462,0.283859,0.697687,,,4.36855,0.168686,-0.111988,749.8300170898438,,,,,,,200,5,196,4.9,,,,,,,,,,,,,,,,,,,"Matt Festa","19330",670036
"Mike Vasil","CHW",2.5641,2.33644,0,4.28064,72,0,0,15.6633,,49.8711,214.157,45.1694,25.43,23.72,5.83731,20.113,1.4663,2.94113,41.7072,7.52671,3.6297,2.07365,1.05343,0.194751,0.0939171,0.10083382576704025,0.236362,1.30902,0.27398,0.697816,,,4.37098,0.166465,0.115166,740.280029296875,,,,,,,258.2,5.164,251,5.02,,,,,,,,,,,,,,,,,,,"Mike Vasil","30105",678024
"Cody Laweryson","LAA",1.41203,1.33695,0,4.42037,42,0,0,0.6594,,29.6242,126.409,27.8666,15.59,14.55,4.13173,9.65225,0.961823,1.29641,27.49,8.35162,2.93241,2.84804,1.25524,0.217468,0.0763571,0.14111096411943436,0.241351,1.26649,0.283101,0.691011,,,4.20111,0.164428,-0.0330452,999,,,,,,,125.00000000000001,4.166666666666667,123,4.1,,,,,,,,,,,,,,,,,,,"Cody Laweryson","26429",689520
"Mason Englert","TBR",2.22536,1.82097,0,4.45002,60,0,0,11.9394,,43.3212,184.078,42.143,23.03,21.42,6.71208,12.2527,0.904621,2.0523,40.3438,8.38144,2.54551,3.29263,1.39444,0.219167,0.0665629,0.15260428190231323,0.248232,1.25564,0.288721,0.697034,,,4.27741,0.164231,-0.0541605,999,,,,,,,208.90000000000003,4.858139534883722,210,4.883720930232558,,,,,,,,,,,,,,,,,,,"Mason Englert","22288",669438
"Joel Peguero","SFG",2.14356,1.86506,0,4.42077,64,0,0,12.4644,,42.5492,186.142,41.9927,22.49,20.9,4.35159,17.9505,1.35411,2.25659,36.6467,7.7515,3.79689,2.04154,0.920447,0.196875,0.0964344,0.1004403606057167,0.253067,1.4088,0.301281,0.695497,,,4.16685,0.162896,0.0479081,999,,,,,,,221.8,5.158139534883722,225,5.232558139534884,,,,,,,,,,,,,,,,,,,"Joel Peguero","21951",666711
"Prelander Berroa","CHW",1.22276,1.08132,0,4.06988,34,0,0,0.6116,,24.0818,104.393,19.3577,11.66,10.89,2.58478,13.3415,0.682491,1.25256,26.1257,9.76387,4.98607,1.95823,0.966,0.250264,0.127801,0.12246266007423401,0.215568,1.35784,0.274569,0.723482,,,4.17878,0.161979,0.0552795,999,,,,,,,105.30000000000001,4.3875,95,3.9583333333333335,,,,,,,,,,,,,,,,,,,"Prelander Berroa","22932",672860
"Jordan Romano","LAA",1.86589,1.76137,0,4.361,55,0,0,9.9741,,38.6127,163.731,34.4639,20.04,18.71,5.96125,13.7019,1.18437,1.99077,39.8194,9.28127,3.1937,2.90612,1.38947,0.2432,0.0836856,0.15951478481292725,0.232804,1.24741,0.278734,0.706323,,,4.29889,0.160852,0.0386994,604.780029296875,,,,,,,198.4,5.087179487179488,189,4.846153846153846,,,,,,,,,,,,,,,,,,,"Jordan Romano","16122",605447
"Emilio Pagán","CIN",2.37579,2.0079,0,4.33941,66,0,0,4.0578,,44.4876,186.817,38.0983,22.88,21.45,8.04957,15.1649,0.780065,1.73941,48.7843,9.86924,3.06792,3.21692,1.62846,0.261134,0.0811752,0.17995869368314743,0.224223,1.19726,0.265732,0.723516,,,4.43412,0.158633,-0.000865292,98.61000061035156,,,,,,,191.40000000000003,4.3500000000000005,179,4.068181818181818,,,,,,,,,,,,,,,,,,,"Emilio Pagan","14771",641941
"Ron Marinaccio","SDP",2.05881,1.64042,0,4.25085,54,0,0,9.8021,,38.8722,168.095,31.8984,19.61,18.36,4.50852,19.7415,0.71933,2.76545,41.3197,9.56666,4.57071,2.09303,1.04385,0.245811,0.117443,0.1283688172698021,0.2191,1.32845,0.274557,0.706625,,,4.25399,0.158318,0.0386999,999,,,,,,,196.90000000000003,5.048717948717949,183,4.6923076923076925,,,,,,,,,,,,,,,,,,,"Ron Marinaccio","23488",676760
"Jason Foley","SFG",1.15213,0.95653,0,4.15871,34,0,0,0.6691,,22.745,97.288,23.5539,11.33,10.51,2.08241,6.53518,0.514144,1.07787,16.8041,6.64922,2.58591,2.57132,0.823989,0.172725,0.0671736,0.10555147379636765,0.262659,1.32289,0.303319,0.690339,,,3.85188,0.155397,0.104199,741.8900146484375,,,,,,,97.20000000000002,4.22608695652174,103,4.478260869565218,,,,,,,,,,,,,,,,,,,"Jason Foley","19531",671345
"Pedro Avila","CLE",1.51154,1.90673,0.545305,4.75254,32,2,0,0.6864,,39.0107,172.745,38.949,22.03,20.6,4.55897,17.6183,0.674888,2.4443,35.3868,8.16394,4.06464,2.00853,1.05178,0.204849,0.10199,0.1028595119714737,0.255098,1.45004,0.305047,0.688203,,,4.38302,0.154657,-0.0670088,999,,,,,,,139.70000000000002,3.5820512820512826,144,3.6923076923076925,,,,,,,,,,,,,,,,,,,"Pedro Avila","18864",658648
"Seth Johnson","PHI",2.02655,1.94916,0.572317,4.68023,40,2,0,0.6501,,47.5938,206.972,45.0771,26.58,24.75,6.76614,20.2844,0.997723,2.15314,46.2034,8.73707,3.83578,2.27778,1.27948,0.223236,0.0980057,0.12522992491722107,0.244275,1.37332,0.291195,0.693904,,,4.45601,0.154607,-0.0947178,999,,,,,,,182.10000000000002,3.7937500000000006,179,3.7291666666666665,,,,,,,,,,,,,,,,,,,"Seth Johnson","26020",686751
"Alexis Díaz","TEX",2.31561,1.80057,0,4.26986,60,0,0,11.846,,41.9662,180.353,33.0569,21.18,19.91,5.27896,20.8676,0.845779,3.40904,43.4066,9.3089,4.47523,2.08009,1.13212,0.240676,0.115705,0.12497178465127945,0.2118,1.28495,0.258663,0.703669,,,4.43721,0.153811,0.0967392,620.6699829101562,,,,,,,225.5,5.369047619047619,207,4.928571428571429,,,,,,,,,,,,,,,,,,,"Alexis Diaz","21132",664747
"Wilber Dotel","PIT",1.44876,1.72911,0.835422,4.68474,19,3,0,0,,32.4863,141.671,31.1525,18.08,16.91,4.31832,13.9102,0.562826,1.74245,25.5299,7.0728,3.85368,1.83534,1.19634,0.180205,0.0981864,0.08201877772808075,0.247206,1.38713,0.279027,0.691562,,,4.73693,0.153356,0.0254693,999,,,,,,,111.00000000000003,3.468750000000001,112,3.5,,,,,,,,,,,,,,,,,,,"Wilber Dotel","sa3015163",696062
"Emerson Hancock","SEA",2.45359,2.47297,0.808177,4.46333,45,3,0,0.6494,,54.1613,232.056,51.0291,28.78,26.86,7.70232,19.2422,1.27737,2.73929,41.1072,6.8308,3.19749,2.1363,1.2799,0.177143,0.0829205,0.09422265738248825,0.242909,1.29744,0.268668,0.697473,,,4.68348,0.153184,0.062491,750.4400024414062,,,,,,,188.60000000000005,3.4925925925925934,186,3.4444444444444446,,,,,,,,,,,,,,,,,,,"Emerson Hancock","27470",676106
"Rolddy Muñoz","ATL",0.866115,0.565544,0,3.95958,22,0,0,0.6599,,15.6607,67.3179,14.0383,7.38,6.89,1.50546,6.52494,0.59704,0.911376,16.6299,9.55696,3.74979,2.54867,0.865169,0.247035,0.0969274,0.15010808408260345,0.234435,1.31305,0.300216,0.714323,,,3.68557,0.152959,0.139543,999,,,,,,,71.4,4.4625,68,4.25,,,,,,,,,,,,,,,,,,,"Rolddy Munoz","27407",691548
"RJ Petit","COL",1.86037,1.76757,0,4.84941,52,0,0,0,,41.1452,180.751,42.4577,23.79,22.17,5.22363,15.4011,1.26851,2.24032,38.4767,8.4163,3.36879,2.49831,1.1426,0.212871,0.0852059,0.12766525894403458,0.260302,1.40621,0.311819,0.674019,,,4.20155,0.150222,-0.26189,999,,,,,,,157.70000000000005,3.8463414634146353,165,4.024390243902439,,,,,,,,,,,,,,,,,,,"RJ Petit","sa3017848",696275
"Taylor Clarke",,2.703,3.13136,0,4.49047,49,0,0,0,,49.4447,209.902,47.7113,26.43,24.67,8.03698,14.1318,0.967967,2.11849,43.9056,7.99177,2.57229,3.10687,1.4629,0.209172,0.0673257,0.14184639602899551,0.246377,1.25075,0.27997,0.699983,,,4.45824,0.149528,-0.0402863,999,,,,,,,179.40000000000003,3.661224489795919,181,3.693877551020408,,,,,,,,,,,,,,,,,,,"Taylor Clarke","17611",664199
"Kervin Castro","NYY",1.30822,0.868671,0,4.00184,34,0,0,0.6915,,21.2078,90.0252,18.7863,10.1,9.43,2.39378,7.84048,0.577692,1.02489,19.9938,8.48482,3.32729,2.55007,1.01586,0.222091,0.0870921,0.1349988803267479,0.231473,1.25552,0.278916,0.710051,,,3.97105,0.147587,0.0995916,999,,,,,,,98.4,4.685714285714286,96,4.571428571428571,,,,,,,,,,,,,,,,,,,"Kervin Castro","21656",665645
"Ty Madden","DET",1.21667,1.36212,0.555085,4.68047,20,2,0,0.6108,,28.151,121.705,26.7656,15.73,14.64,4.37011,10.8226,0.567635,1.33292,26.8558,8.58591,3.46004,2.48145,1.39714,0.220662,0.0889249,0.13173743337392807,0.244324,1.33524,0.285934,0.694572,,,4.54065,0.146974,-0.0386486,999,,,,,,,109.80000000000005,3.9214285714285735,110,3.9285714285714284,,,,,,,,,,,,,,,,,,,"Ty Madden","30140",680744
"Marco Raya","MIN",0.856026,0.569573,0,3.76174,22,0,0,0,,14.2115,59.9398,11.9962,6.36,5.94,1.54321,5.37713,0.391363,0.746269,14.441,9.14535,3.40529,2.68564,0.977297,0.240925,0.0897089,0.15121640264987946,0.22291,1.22249,0.276299,0.72395,,,3.80712,0.1466,0.134934,999,,,,,,,57.800000000000026,4.128571428571431,54,3.857142857142857,,,,,,,,,,,,,,,,,,,"Marco Raya","sa3014550",694397
"Cole Winn","TEX",2.41017,1.81879,0,4.18908,63,0,0,11.3279,,44.0646,190.625,37.0145,21.89,20.51,4.8014,21.8153,1.26919,2.62469,41.8456,8.54678,4.45569,1.91817,0.980665,0.219517,0.114441,0.1050766184926033,0.22273,1.33508,0.269479,0.708911,,,4.31629,0.146516,0.101346,744.8900146484375,,,,,,,220.90000000000003,5.020454545454546,208,4.7272727272727275,,,,,,,,,,,,,,,,,,,"Cole Winn","22113",668390
"Kyle Backhus","PHI",1.21119,0.851743,0,4.07189,31,0,0,0.6501,,21.8817,94.2962,20.4019,10.63,9.9,2.11984,8.83245,0.644075,1.07172,19.9078,8.18811,3.63281,2.25394,0.871894,0.21112,0.0936671,0.11745244264602661,0.241751,1.33602,0.293149,0.70829,,,3.93283,0.144861,0.0506729,999,,,,,,,100.20000000000002,4.554545454545456,98,4.454545454545454,,,,,,,,,,,,,,,,,,,"Kyle Backhus","29615",679775
"Tyler Uberstine","BOS",1.27174,1.30537,0.552756,4.60783,20,2,0,0,,27.8331,119.432,27.3306,15.27,14.25,4.02495,9.18609,0.490156,1.18829,23.7719,7.68681,2.97038,2.58782,1.30149,0.199042,0.0769148,0.12212686240673065,0.250607,1.31199,0.286801,0.688001,,,4.4251,0.144643,0.0625341,999,,,,,,,105.8,3.7785714285714285,106,3.7857142857142856,,,,,,,,,,,,,,,,,,,"Tyler Uberstine","sa3017643",700413
"Gavin Hollowell","CHC",0.843514,0.564849,0,3.74039,20,0,0,0.7242,,14.5333,61.0656,11.6159,6.45,6.04,1.57801,5.98051,0.403334,0.824229,15.0857,9.34213,3.70355,2.52248,0.977215,0.247041,0.0979358,0.1491054818034172,0.214076,1.21077,0.266986,0.724396,,,3.8753,0.140261,0.188937,999,,,,,,,68.2,4.546666666666667,62,4.133333333333334,,,,,,,,,,,,,,,,,,,"Gavin Hollowell","25427",668970
"Julian Aguiar","CIN",1.59358,1.80471,0.558345,4.62243,32,2,0,0.6661,,37.6555,161.35,37.7445,20.69,19.34,5.74634,10.9664,0.88375,1.99232,29.1645,6.97058,2.62106,2.65945,1.37343,0.180753,0.0679663,0.11278650164604187,0.254357,1.29359,0.28197,0.689049,,,4.60237,0.139968,-0.0211855,999,,,,,,,131.59999999999997,3.4631578947368413,135,3.5526315789473686,,,,,,,,,,,,,,,,,,,"Julian Aguiar","30031",687924
"Victor Vodnik","COL",2.29191,2.13362,0,4.70059,64,0,0,4.5019,,47.1005,210.014,48.2001,26.38,24.6,4.42566,23.1245,1.3629,2.1251,42.6067,8.14132,4.41866,1.84249,0.845658,0.202876,0.11011,0.09276612848043442,0.260874,1.51431,0.317824,0.69009,,,4.1557,0.138649,-0.146809,387.2200012207031,,,,,,,204.8,4.357446808510638,214,4.553191489361702,,,,,,,,,,,,,,,,,,,"Victor Vodnik","24614",680767
"Colin Holderman","CLE",1.42888,1.39724,0,4.27108,42,0,0,0.6864,,28.5736,123.375,26.127,14.5,13.56,3.12796,11.9103,0.559215,1.87581,25.2121,7.94122,3.75148,2.11682,0.985232,0.204353,0.0965375,0.10781548917293549,0.238409,1.33121,0.283069,0.699305,,,4.24097,0.138039,0.118008,999,,,,,,,122.10000000000002,4.210344827586208,118,4.068965517241379,,,,,,,,,,,,,,,,,,,"Colin Holderman","22361",670059
"Ben Kudrna","KCR",1.04364,1.16442,0.547633,4.54434,14,2,0,0,,21.0922,91.3623,20.6004,11.42,10.65,2.81348,8.09335,0.352198,0.944675,18.0881,7.71819,3.45342,2.23494,1.20051,0.197983,0.0885852,0.109397292137146,0.250235,1.3604,0.289583,0.697792,,,4.43956,0.138023,0.0927878,999,,,,,,,72.9,3.4714285714285715,75,3.5714285714285716,,,,,,,,,,,,,,,,,,,"Ben Kudrna","sa3018253",695667
"Brycen Mautz","STL",0.659248,0.498042,0,3.91042,18,0,0,0,,15.8576,67.6846,14.5367,7.37,6.89,1.39394,5.98201,0.466877,0.700398,15.0348,8.533,3.39509,2.51333,0.791133,0.22213,0.0883806,0.13374942541122437,0.238298,1.29393,0.294856,0.708169,,,3.64586,0.137608,0.139627,999,,,,,,,76.10000000000001,4.7562500000000005,76,4.75,,,,,,,,,,,,,,,,,,,"Brycen Mautz","sa3020710",802408
"Trent Thornton",,2.69745,3.27798,0,4.67978,50,0,0,0,,50.4447,218.322,49.768,28.15,26.23,6.96983,17.9389,1.03046,2.75909,43.1147,7.69223,3.20054,2.40342,1.24351,0.197483,0.0821674,0.11531510204076767,0.251832,1.3422,0.29008,0.682614,,,4.45287,0.137255,-0.190444,999,,,,,,,176.89999999999998,3.5379999999999994,182,3.64,,,,,,,,,,,,,,,,,,,"Trent Thornton","17948",663423
"Nick Sandlin","TOR",2.35246,2.51157,0,4.13032,41,0,0,0,,41.4447,176.919,33.7601,20.34,19.02,5.42119,19.2398,1.18415,2.70391,41.6666,9.04819,4.17805,2.16565,1.17725,0.235513,0.108749,0.12676358222961426,0.217842,1.27881,0.262672,0.719219,,,4.41331,0.137182,0.145654,999,,,,,,,171.50000000000003,4.182926829268293,158,3.8536585365853657,,,,,,,,,,,,,,,,,,,"Nick Sandlin","20517",680704
"Alan Rangel","PHI",1.59824,1.88935,0.850791,5.16399,23,3,0,0.6501,,34.5954,151.605,35.1801,21.3,19.85,5.87053,13.088,0.585239,1.44283,31.2105,8.11943,3.40484,2.38468,1.52722,0.205867,0.0863292,0.11953794211149216,0.256649,1.39522,0.293115,0.673371,,,4.79687,0.136729,-0.123486,999,,,,,,,118.19999999999999,3.377142857142857,121,3.4571428571428573,,,,,,,,,,,,,,,,,,,"Alan Rangel","19524",660604
"Justin Sterner","ATH",2.2883,1.95166,0,4.55081,65,0,0,10.302,,47.3652,201.956,41.4098,25.72,23.95,8.31473,17.5304,1.46763,2.85705,51.3709,9.76114,3.33101,2.93038,1.57991,0.254367,0.0868034,0.16756365448236465,0.228067,1.24438,0.271532,0.702336,,,4.53938,0.136383,-0.14682,504,,,,,,,221.79999999999998,4.719148936170212,210,4.468085106382978,,,,,,,,,,,,,,,,,,,"Justin Sterner","27694",686993
"Beau Brieske","DET",1.87583,1.41751,0,4.26015,50,0,0,4.072,,35.217,150.238,31.682,17.9,16.67,4.63924,13.212,0.77394,1.63406,29.7195,7.59506,3.37644,2.24943,1.1856,0.197817,0.0879408,0.1098758801817894,0.234003,1.27478,0.267663,0.702986,,,4.42455,0.136326,0.0294898,999,,,,,,,145.3,4.151428571428572,141,4.0285714285714285,,,,,,,,,,,,,,,,,,,"Beau Brieske","26079",689225
"Matt Gage","SFG",1.81574,1.70219,0,4.69937,56,0,0,10.304,,37.2305,164.629,38.4359,20.91,19.44,4.20731,15.9309,0.972068,1.72329,34.0532,8.23193,3.85109,2.13756,1.01706,0.206849,0.0967687,0.11007985472679138,0.261514,1.46027,0.314849,0.690164,,,4.19747,0.135461,-0.169728,999,,,,,,,179.8,4.85945945945946,187,5.054054054054054,,,,,,,,,,,,,,,,,,,"Matt Gage","17381",657424
"Reiver Sanmartin","SFG",1.46596,1.26258,0,4.33874,44,0,0,0.6691,,29.3933,127.808,30.9346,15.24,14.17,2.77293,10.1873,0.81319,1.1457,22.6072,6.92213,3.11927,2.21915,0.84905,0.176884,0.0797081,0.09717599302530289,0.26559,1.39902,0.309147,0.695006,,,3.97998,0.134578,0.0156758,999,,,,,,,114.10000000000002,3.9344827586206903,123,4.241379310344827,,,,,,,,,,,,,,,,,,,"Reiver Sanmartin","19754",665665
"James McArthur","KCR",1.47823,1.19492,0,4.42857,40,0,0,0.6688,,27.0087,116.802,26.6879,14.26,13.29,3.16307,9.53832,0.639828,1.52849,23.7151,7.90249,3.17841,2.4863,1.05402,0.203037,0.0816626,0.12137490510940552,0.252404,1.34128,0.298324,0.690807,,,4.13075,0.134366,0.0110734,999,,,,,,,108.7,4.025925925925926,112,4.148148148148148,,,,,,,,,,,,,,,,,,,"James McArthur","21527",663704
"Seth Halvorsen","COL",2.18564,2.02728,0,4.68989,60,0,0,10.8936,,44.1567,193.962,44.1807,24.68,23.01,5.12521,18.7064,1.33379,2.31124,39.6354,8.07847,3.81273,2.11882,1.04462,0.204347,0.0964439,0.10790295153856277,0.255463,1.42418,0.304685,0.685799,,,4.27675,0.134246,-0.204476,580.6699829101562,,,,,,,210.70000000000002,4.788636363636364,216,4.909090909090909,,,,,,,,,,,,,,,,,,,"Seth Halvorsen","33294",678020
"Rob Zastryzny","MIL",1.8647,1.41682,0,4.31944,50,0,0,4.2165,,32.8584,140.871,30.1666,17,15.77,4.67751,12.3771,0.867194,1.48162,32.4857,8.89792,3.39012,2.62466,1.28118,0.230606,0.0878612,0.14274482429027557,0.237509,1.29476,0.283687,0.709642,,,4.27373,0.13355,0.0248837,999,,,,,,,145.70000000000005,4.415151515151517,141,4.2727272727272725,,,,,,,,,,,,,,,,,,,"Rob Zastryzny","15094",642239
"Kade Strowd","BAL",2.39707,1.61257,0,4.20007,60,0,0,12.6672,,40.2422,173.975,37.005,20.13,18.78,4.55145,17.6667,0.860841,2.19322,38.196,8.54239,3.95108,2.16204,1.01791,0.219549,0.101547,0.11800152063369751,0.240112,1.35857,0.291408,0.715154,,,4.18768,0.133342,0.0921325,999,,,,,,,206.3,5.157500000000001,203,5.075,,,,,,,,,,,,,,,,,,,"Kade Strowd","26191",669704
"Alex Lange","KCR",1.91656,1.54792,0,4.45116,52,0,0,6.9558,,35.1414,155.269,31.6399,18.59,17.38,3.48576,19.042,0.59117,2.41629,36.3574,9.31144,4.8768,1.90933,0.892731,0.234158,0.122638,0.11151915788650513,0.236453,1.44223,0.299616,0.700668,,,4.18731,0.133227,-0.0725401,999,,,,,,,175.90000000000003,5.025714285714287,173,4.942857142857143,,,,,,,,,,,,,,,,,,,"Alex Lange","19883",656638
"Casey Legumina","SEA",1.82145,1.46232,0,4.28886,50,0,0,4.3295,,32.5052,139.281,29.6238,16.61,15.49,4.43815,12.407,0.923993,1.54252,31.5885,8.74619,3.43524,2.54602,1.22883,0.226797,0.089079,0.13771773874759674,0.236364,1.29305,0.282019,0.709734,,,4.25396,0.132731,0.0248837,999,,,,,,,155.00000000000006,4.696969696969699,151,4.575757575757576,,,,,,,,,,,,,,,,,,,"Casey Legumina","25921",668984
"Tyler Phillips","MIA",2.29735,2.17985,0,4.53959,68,0,0,15.5123,,46.5703,202.904,48.3601,25.34,23.49,5.18043,16.9582,1.38006,1.97906,34.8596,6.73685,3.27728,2.05562,1.00115,0.171804,0.0835775,0.08822638541460037,0.262875,1.40258,0.300012,0.688501,,,4.30408,0.131906,-0.0449808,730,,,,,,,238.5,5.074468085106383,247,5.25531914893617,,,,,,,,,,,,,,,,,,,"Tyler Phillips","20629",663969
"Lazaro Estrada","TOR",0.864673,0.600409,0,4.05945,23,0,0,0.6504,,16.0071,67.2932,13.7435,7.73,7.22,2.29657,5.46386,0.403493,0.774988,17.4248,9.79711,3.07206,3.1891,1.29125,0.258938,0.0811949,0.177743561565876,0.225103,1.19993,0.276945,0.717687,,,3.9924,0.131276,0.036853,999,,,,,,,77.4,4.8375,74,4.625,,,,,,,,,,,,,,,,,,,"Lazaro Estrada","24914",681751
"Domingo Gonzalez","SEA",0.61147,0.407855,0,3.42629,16,0,0,0,,10.1393,42.2137,7.76015,4.13,3.86,1.06928,4.01571,0.272593,0.598425,12.4863,11.0833,3.5645,3.10936,0.949132,0.295787,0.0951279,0.20065873116254807,0.206389,1.16141,0.278276,0.743842,,,3.40838,0.131212,0.125855,999,,,,,,,49.900000000000006,4.99,46,4.6,,,,,,,,,,,,,,,,,,,"Domingo Gonzalez","sa3007495",682445
"Angel Bastardo","TOR",0.687728,0.438438,0,3.67181,18,0,0,0,,12.6722,53.2738,10.6303,5.54,5.17,1.30277,4.91893,0.385017,0.542283,13.1793,9.36012,3.49349,2.6793,0.925244,0.247388,0.0923329,0.1550549939274788,0.222332,1.22703,0.279849,0.729251,,,3.68445,0.130541,0.0812181,999,,,,,,,63.300000000000004,4.86923076923077,60,4.615384615384615,,,,,,,,,,,,,,,,,,,"Angel Bastardo","sa3009716",682785
"Michel Otañez","TEX",1.50911,1.14168,0,4.11899,40,0,0,0.6629,,27.968,123.121,21.284,13.62,12.8,2.83067,18.227,0.85545,2.16962,35.0203,11.2694,5.86538,1.92134,0.910897,0.284439,0.148042,0.13639704883098602,0.207196,1.41272,0.284453,0.728338,,,4.13442,0.130453,0.0644928,999,,,,,,,129.70000000000005,4.632142857142859,115,4.107142857142857,,,,,,,,,,,,,,,,,,,"Michel Otanez","22533",671305
"Carlos Vargas","SEA",2.02784,1.636,0,4.22906,56,0,0,10.0012,,36.838,158.153,36.474,18.6,17.31,3.76591,12.4863,1.11156,1.967,26.9792,6.59136,3.05057,2.1607,0.920061,0.170589,0.0789506,0.09163804352283478,0.25382,1.32907,0.289567,0.694934,,,4.17641,0.130327,0.0340927,999,,,,,,,183.00000000000003,4.9459459459459465,185,5,,,,,,,,,,,,,,,,,,,"Carlos Vargas","22915",672841
"DJ Herz","WSN",0.723876,0.59991,0,3.65843,22,0,0,0.6602,,15.7937,67.6917,12.0615,6.87,6.42,1.46069,8.59968,0.465824,0.787374,18.1315,10.3322,4.90051,2.10839,0.832372,0.267854,0.127042,0.14081187546253204,0.206871,1.3082,0.273835,0.740816,,,3.82447,0.12904,0.139543,749.3300170898438,,,,,,,84.9,5.30625,77,4.8125,,,,,,,,,,,,,,,,,,,"DJ Herz","26389",687792
"DL Hall","MIL",1.97604,1.41311,0,4.0507,52,0,0,6.5778,,34.2163,147.986,30.1377,16.52,15.4,3.59498,15.9143,0.818893,1.71767,31.8722,8.38343,4.18597,2.00274,0.945596,0.215374,0.10754,0.10783451050519943,0.231199,1.34591,0.279731,0.719958,,,4.18394,0.127996,0.0783126,740.0599975585938,,,,,,,162.40000000000003,4.776470588235295,156,4.588235294117647,,,,,,,,,,,,,,,,,,,"DL Hall","22207",669084
"Will Klein","LAD",1.98857,1.21206,0,4.38,50,0,0,5.1589,,33.1027,145.839,29.2016,17.18,16.11,3.44336,18.3339,0.680241,1.92887,35.3781,9.61863,4.98464,1.92966,0.936184,0.242583,0.125713,0.1168699860572815,0.232541,1.436,0.296908,0.710656,,,4.18628,0.127637,0.0248837,999,,,,,,,161.90000000000003,4.906060606060607,156,4.7272727272727275,,,,,,,,,,,,,,,,,,,"Will Klein","27787",694361
"Keaton Winn","SFG",0.949155,0.791412,0,4.20824,28,0,0,0.6691,,18.756,80.2958,18.4133,9.48,8.77,2.14889,6.05187,0.500584,0.949827,16.9969,8.1559,2.90396,2.80854,1.03114,0.211679,0.0753698,0.13630923628807068,0.251226,1.30439,0.300369,0.698391,,,3.93204,0.127634,0.0949983,734.3900146484375,,,,,,,86.2,4.536842105263158,86,4.526315789473684,,,,,,,,,,,,,,,,,,,"Keaton Winn","23499",676775
"José Suarez","ATL",1.14189,0.82719,0,4.48882,30,0,0,0.6599,,20.952,91.1182,20.3852,11.23,10.45,2.42307,8.44644,0.619357,0.985079,20.4239,8.77312,3.62819,2.41804,1.04084,0.224147,0.0926977,0.13144917786121368,0.249553,1.37608,0.305271,0.691906,,,4.03943,0.124032,-0.00273047,999,,,,,,,95.80000000000001,4.561904761904763,96,4.571428571428571,,,,,,,,,,,,,,,,,,,"Jose Suarez","19911",660761
"Cole Wilcox","SEA",1.03365,0.792904,0,3.99765,28,0,0,0.6494,,18.0331,76.7655,16.8055,8.65,8.01,1.74975,6.28796,0.528582,0.948205,14.5585,7.26591,3.13821,2.3153,0.873267,0.189649,0.0819113,0.10773816704750061,0.241703,1.28061,0.28289,0.69965,,,3.98569,0.123998,0.0414596,999,,,,,,,77.40000000000002,4.300000000000001,77,4.277777777777778,,,,,,,,,,,,,,,,,,,"Cole Wilcox","27481",677961
"Zach Pop","PHI",2.01385,1.49971,0,4.30014,52,0,0,6.7606,,36.4384,156.436,36.9944,18.71,17.41,3.74706,11.4087,0.826647,2.05996,24.8637,6.14115,2.81786,2.17937,0.925495,0.158939,0.0729287,0.08600997179746628,0.258761,1.32836,0.290734,0.688021,,,4.21614,0.123261,-0.0192605,999,,,,,,,160.00000000000006,4.444444444444446,167,4.638888888888889,,,,,,,,,,,,,,,,,,,"Zach Pop","20185",647315
"Greg Weissert","BOS",2.46201,1.83641,0,4.44945,65,0,0,16.5234,,45.6932,196.122,43.2486,24.28,22.59,6.10278,16.3209,1.11736,2.28223,39.5748,7.79488,3.21466,2.42479,1.20204,0.201787,0.0832182,0.11856845766305923,0.243628,1.30368,0.281746,0.691604,,,4.36061,0.122466,0.00374206,999,,,,,,,248.8,5.408695652173913,246,5.3478260869565215,,,,,,,,,,,,,,,,,,,"Greg Weissert","20375",669711
"Bryan Hoeing","SDP",1.55543,1.61062,0.543442,4.62728,28,2,0,0.6601,,36.9742,159.712,38.2428,20.43,19.01,4.79112,11.9971,0.781412,1.55339,27.5333,6.70195,2.92024,2.295,1.16622,0.172394,0.0751171,0.09727654606103897,0.261648,1.35878,0.293857,0.684776,,,4.42981,0.121644,0.0351072,999,,,,,,,131.5,3.554054054054054,138,3.72972972972973,,,,,,,,,,,,,,,,,,,"Bryan Hoeing","26304",663773
"Hunter Stratton","ATL",1.0112,0.730839,0,4.4296,26,0,0,0.6599,,18.3064,78.9833,17.1561,9.64,9.01,2.20532,7.02508,0.368574,1.05806,17.132,8.42265,3.45375,2.4387,1.08421,0.216907,0.0889438,0.12796322256326675,0.241976,1.32092,0.289953,0.689361,,,4.15415,0.121153,-0.0605698,999,,,,,,,78.40000000000002,4.355555555555557,78,4.333333333333333,,,,,,,,,,,,,,,,,,,"Hunter Stratton","23455",676702
"Huascar Brazobán","NYM",2.00671,1.59122,0,4.2395,56,0,0,10.8124,,36.6836,158.502,32.4173,18.49,17.28,4.08785,17.008,0.650538,2.12471,33.6984,8.26761,4.17277,1.98133,1.00292,0.212605,0.107305,0.10530061274766922,0.2326,1.34734,0.278879,0.707864,,,4.31123,0.120491,0.136423,999,,,,,,,196.40000000000003,5.308108108108109,188,5.081081081081081,,,,,,,,,,,,,,,,,,,"Huascar Brazoban","6107",623211
"Zack Kelly","BOS",2.12755,1.57058,0,4.3598,56,0,0,10.3243,,39.3665,170.908,35.72,20.47,19.07,4.77216,17.581,1.22065,2.2958,36.9554,8.44879,4.01938,2.10201,1.09101,0.21623,0.102868,0.11336205154657364,0.236508,1.35397,0.283137,0.704226,,,4.34829,0.120371,0.0386989,999,,,,,,,187.50000000000003,4.807692307692308,184,4.717948717948718,,,,,,,,,,,,,,,,,,,"Zack Kelly","20349",677161
"Jaxon Wiggins","CHC",0.60485,0.701744,0.646197,4.51246,2,2,0,0,,10.112,43.4759,9.52862,5.41,5.07,1.27997,4.04187,0.0316488,0.45679,8.40467,7.48042,3.59739,2.0794,1.13922,0.193318,0.0929681,0.10034988820552826,0.244466,1.34202,0.281595,0.692828,,,4.45301,0.120289,0.123034,999,,,,,,,39.7,3.97,41,4.1,,,,,,,,,,,,,,,,,,,"Jaxon Wiggins","sa3023635",694393
"Danny Young","ATL",0.771882,0.512889,0,4.04871,20,0,0,0.6599,,14.3379,62.1717,13.2171,6.92,6.45,1.3016,6.22078,0.354669,0.98583,15.5841,9.78224,3.90482,2.50517,0.81702,0.250662,0.100058,0.15060430765151978,0.240464,1.3557,0.312912,0.710611,,,3.64932,0.120231,0.0322464,999,,,,,,,72.50000000000003,5.178571428571431,72,5.142857142857143,,,,,,,,,,,,,,,,,,,"Danny Young","18439",664849
"Félix Bautista","BAL",0.513432,0.287262,0,3.38325,12,0,0,0.665,,9.28397,38.5837,6.40383,3.71,3.49,0.983696,4.52787,0.157429,0.451558,12.4157,12.0359,4.38937,2.74206,0.953608,0.321786,0.117352,0.20443414151668549,0.190566,1.17748,0.268258,0.755841,,,3.44696,0.120033,0.0720601,747.1699829101562,,,,,,,51.70000000000001,5.744444444444445,45,5,,,,,,,,,,,,,,,,,,,"Felix Bautista","20666",642585
"Austin Warren","NYM",1.57187,1.24425,0,4.23023,44,0,0,0.7021,,28.8707,123.132,26.6088,14.54,13.57,3.65555,10.5844,0.642394,1.41435,26.0878,8.13247,3.29953,2.46473,1.13956,0.211868,0.08596,0.12590842694044113,0.239431,1.28827,0.282016,0.706248,,,4.22076,0.119873,0.0156758,999,,,,,,,115.20000000000003,3.9724137931034496,113,3.896551724137931,,,,,,,,,,,,,,,,,,,"Austin Warren","24937",681810
"Landon Knack","LAD",1.53784,1.44604,0.83612,4.88101,17,3,0,0.7738,,26.8285,115.683,25.8098,15.55,14.55,4.74517,9.64103,0.33703,1.16208,25.3119,8.49124,3.23422,2.62544,1.59184,0.218805,0.0833403,0.13546433299779892,0.24609,1.32139,0.281529,0.690819,,,4.75553,0.11946,-0.0511882,745.1099853515625,,,,,,,91.70000000000002,3.396296296296297,91,3.3703703703703702,,,,,,,,,,,,,,,,,,,"Landon Knack","27487",689017
"Grant Wolfram","BAL",1.35984,0.903101,0,4.2006,34,0,0,0.665,,24.0394,104.336,21.7348,12.03,11.22,2.66634,11.009,0.871795,1.09729,23.8715,8.93714,4.12161,2.16836,0.998236,0.228794,0.105515,0.12327919155359268,0.235658,1.36209,0.29027,0.714,,,4.10181,0.118123,0.0552795,999,,,,,,,99.50000000000001,4.145833333333334,97,4.041666666666667,,,,,,,,,,,,,,,,,,,"Grant Wolfram","21623",664991
"Pete Hansen","STL",0.52905,0.785604,0.648634,4.76039,2,2,0,0,,10.058,43.324,10.7057,5.67,5.32,1.44486,2.84544,0.0259925,0.32373,7.5553,6.76056,2.54613,2.65523,1.29288,0.17439,0.065678,0.10871245712041855,0.266611,1.3473,0.297254,0.683633,,,4.44554,0.117791,0.0243707,999,,,,,,,40.1,4.01,44,4.4,,,,,,,,,,,,,,,,,,,"Pete Hansen","sa3020798",677337
"Lou Trivino",,2.32261,2.81805,0,4.63003,43,0,0,0,,43.4447,189.586,41.858,23.99,22.35,5.35214,18.2777,0.965079,2.6873,38.0021,7.87252,3.78641,2.07915,1.10875,0.200448,0.0964088,0.10403957962989807,0.248238,1.38419,0.291426,0.686624,,,4.43492,0.117739,-0.155669,999,,,,,,,160.5,3.7325581395348837,163,3.7906976744186047,,,,,,,,,,,,,,,,,,,"Lou Trivino","15043",642152
"Eric Cerantola","KCR",0.862983,0.600236,0,3.79211,22,0,0,0,,14.8097,63.7436,11.5098,6.65,6.24,1.42736,8.00788,0.355957,0.964383,16.835,10.2308,4.86647,2.1023,0.86742,0.264105,0.125626,0.13847848773002625,0.210144,1.3179,0.276165,0.734483,,,3.93208,0.115951,0.0858043,999,,,,,,,74.5,4.966666666666667,69,4.6,,,,,,,,,,,,,,,,,,,"Eric Cerantola","sa3017914",672021
"Robert Stephenson","LAA",2.03109,1.93261,0,4.49942,60,0,0,7.7611,,41.4854,175.032,36.6322,22.21,20.74,7.62488,13.7341,0.920633,1.88452,46.0337,9.98673,2.97953,3.35178,1.65417,0.263002,0.0784664,0.18453530222177505,0.229794,1.21407,0.274289,0.709379,,,4.43468,0.115878,-0.0587658,377.6099853515625,,,,,,,184.8,4.507317073170732,177,4.317073170731708,,,,,,,,,,,,,,,,,,,"Robert Stephenson","13594",596112
"Robby Ahlstrom","TEX",1.28511,0.949164,0,4.11924,34,0,0,0,,23.7714,101.813,20.9147,11.69,10.88,2.93992,9.74474,0.764435,1.10243,24.4152,9.24375,3.68942,2.50548,1.11307,0.239805,0.0957124,0.1440928354859352,0.229919,1.28976,0.282576,0.714653,,,4.05767,0.113811,0.0552795,999,,,,,,,101.10000000000002,4.212500000000001,96,4,,,,,,,,,,,,,,,,,,,"Robby Ahlstrom","sa3018193",695239
"John King",,2.38607,2.71861,0,4.3193,44,0,0,0,,44.4447,191.199,48.0854,22.97,21.33,4.22945,12.8544,0.933873,1.69015,26.9223,5.45174,2.603,2.0944,0.856458,0.140808,0.0672305,0.0735771581530571,0.2722,1.37114,0.30141,0.690127,,,4.1425,0.113576,-0.000814928,999,,,,,,,160.60000000000002,3.6500000000000004,177,4.0227272727272725,,,,,,,,,,,,,,,,,,,"John King","22051",667463
"Jonathan Bowlan","PHI",2.10336,1.72122,0,4.69966,56,0,0,10.0109,,38.8177,168.966,38.1604,21.73,20.27,5.57889,14.9683,1.05202,1.81696,37.2418,8.63463,3.47043,2.48806,1.29348,0.220411,0.0885876,0.13182328641414642,0.250757,1.36867,0.29793,0.692848,,,4.38193,0.113131,-0.165124,999,,,,,,,179,4.589743589743589,180,4.615384615384615,,,,,,,,,,,,,,,,,,,"Jonathan Bowlan","24607",680742
"Miguel Ullola","HOU",0.545427,0.350335,0,3.74212,16,0,0,0,,14.1177,60.2143,9.84091,6.24,5.87,1.55266,8.12839,0.394389,0.945176,17.6088,11.2256,5.18185,2.16633,0.989819,0.292435,0.134991,0.15744377672672272,0.192428,1.27283,0.259175,0.742569,,,3.99843,0.112541,0.135075,999,,,,,,,62.00000000000003,4.428571428571431,53,3.7857142857142856,,,,,,,,,,,,,,,,,,,"Miguel Ullola","sa3016504",699044
"Tristan Beck","SFG",1.33091,1.21138,0,4.62893,40,0,0,0.6691,,26.734,115.569,27.5957,14.78,13.75,3.56351,8.26668,0.636172,1.14568,21.8707,7.36277,2.78298,2.64564,1.19965,0.189243,0.0715302,0.11771322786808014,0.259952,1.34145,0.297714,0.682864,,,4.28802,0.112435,-0.0908653,999,,,,,,,98.80000000000003,3.6592592592592603,104,3.8518518518518516,,,,,,,,,,,,,,,,,,,"Tristan Beck","21584",663941
"Wandy Peralta","SDP",2.32685,1.73535,0,3.8694,60,0,0,12.3214,,41.5878,177.898,38.2516,19.28,17.88,4.10254,16.6763,0.90316,1.97818,31.704,6.86105,3.60891,1.90114,0.887829,0.178214,0.0937406,0.08447355031967163,0.240208,1.32077,0.276651,0.724782,,,4.23855,0.111556,0.301926,999,,,,,,,217.8,5.185714285714286,213,5.071428571428571,,,,,,,,,,,,,,,,,,,"Wandy Peralta","14295",593974
"Easton McGee","MIL",1.11243,0.855221,0,4.3088,30,0,0,0.6325,,19.2791,81.786,19.104,9.92,9.23,2.64852,4.92687,0.505204,0.870634,16.3899,7.65125,2.29999,3.32664,1.2364,0.2004,0.060241,0.1401592567563057,0.251406,1.24647,0.288945,0.694331,,,4.12291,0.110989,-0.0073362,999,,,,,,,72.29999999999998,3.805263157894736,74,3.8947368421052633,,,,,,,,,,,,,,,,,,,"Easton McGee","22176",668834
"Justin Hagenman","NYM",1.28577,1.01904,0,4.28857,36,0,0,0.7021,,23.6302,99.8335,22.0696,12.09,11.26,3.57851,6.9914,0.548857,0.998224,22.1604,8.4402,2.6628,3.16967,1.36294,0.221974,0.0700306,0.15194326639175415,0.240295,1.22982,0.279723,0.705623,,,4.24256,0.11093,0.0552795,999,,,,,,,95.20000000000003,3.966666666666668,92,3.8333333333333335,,,,,,,,,,,,,,,,,,,"Justin Hagenman","21546",663795
"Ryan Watson","BOS",1.90818,1.40038,0,4.37048,50,0,0,0,,35.2341,151.032,33.2009,18.41,17.11,4.65872,12.5888,0.899457,1.71583,29.7756,7.60572,3.2156,2.36526,1.19,0.197148,0.0833517,0.11379639059305191,0.242826,1.29958,0.279024,0.697261,,,4.38182,0.110265,0.0294898,999,,,,,,,126.7,3.62,125,3.5714285714285716,,,,,,,,,,,,,,,,,,,"Ryan Watson","sa3015070",670245
"Justin Bruihl","CLE",0.552673,0.477901,0,3.78809,16,0,0,0.6864,,10.5964,45.0729,9.44824,4.78,4.46,0.894286,3.98818,0.365533,0.614431,10.2141,8.67532,3.38735,2.56109,0.75956,0.226613,0.088483,0.1381300985813141,0.233461,1.26802,0.291329,0.71045,,,3.6075,0.110217,0.0766247,999,,,,,,,54.70000000000001,4.9727272727272736,51,4.636363636363637,,,,,,,,,,,,,,,,,,,"Justin Bruihl","23779",677865
"Alek Jacob","SDP",1.25188,1.01298,0,4.27858,33,0,0,0.6601,,24.3165,103.631,22.6437,12.43,11.56,3.22379,8.04135,0.631321,1.41983,21.0097,7.77609,2.97626,2.61271,1.19319,0.202736,0.077596,0.12513963133096695,0.240456,1.2619,0.27768,0.69751,,,4.29786,0.109563,0.0552796,999,,,,,,,99.90000000000002,4.1625000000000005,100,4.166666666666667,,,,,,,,,,,,,,,,,,,"Alek Jacob","29628",689690
"Connor Brogdon","CLE",1.75135,1.7838,0,4.53958,52,0,0,7.1387,,35.4879,151.918,32.7341,19.18,17.9,5.56799,12.9251,0.854344,1.62278,34.8118,8.82855,3.2779,2.69335,1.41209,0.229149,0.0850796,0.1440698206424713,0.238292,1.28661,0.280093,0.699324,,,4.44273,0.109027,-0.0725401,999,,,,,,,152.39999999999998,4.354285714285713,150,4.285714285714286,,,,,,,,,,,,,,,,,,,"Connor Brogdon","21205",641401
"Trey Gibson","BAL",0.609528,0.680352,0.608782,4.49182,2,2,0,0,,9.898,42.3689,9.69722,5.28,4.94,1.37615,3.33059,0.0307227,0.488623,8.018,7.29056,3.02842,2.40738,1.2513,0.189242,0.0786093,0.11063306033611298,0.251551,1.31621,0.285402,0.697926,,,4.48002,0.107808,0.123034,999,,,,,,,42.7,4.2700000000000005,44,4.4,,,,,,,,,,,,,,,,,,,"Trey Gibson","sa3023250",694346
"Blake Walston","ARI",0.594132,0.431352,0,3.81256,16,0,0,0.668,,11.1421,47.2719,10.0177,5.07,4.72,1.00449,4.00649,0.377931,0.474332,10.3824,8.38632,3.23623,2.59139,0.81137,0.219631,0.0847542,0.13487675040960312,0.234107,1.25866,0.287006,0.709641,,,3.64994,0.107644,0.0766247,999,,,,,,,55.10000000000001,5.00909090909091,54,4.909090909090909,,,,,,,,,,,,,,,,,,,"Blake Walston","26270",686796
"Duncan Davitt","CHW",1.97711,2.79678,1.41333,5.05891,23,5,0,0,,42.1099,182.571,42.8231,25.3,23.67,7.44673,14.0984,0.534844,2.05696,33.4597,7.15124,3.01321,2.37329,1.59157,0.18327,0.0772218,0.10604824870824814,0.257327,1.35174,0.281864,0.68009,,,4.99585,0.107366,-0.0631298,999,,,,,,,130.90000000000003,3.1166666666666676,137,3.261904761904762,,,,,,,,,,,,,,,,,,,"Duncan Davitt","sa3020394",701474
"Taijuan Walker","PHI",5.90747,7.71653,4.5301,5.20813,50,16,0,0.6501,,109.767,480.861,114.924,67.97,63.52,18.3345,40.8062,1.0528,4.63413,73.2179,6.00328,3.34578,1.79429,1.50328,0.152264,0.0848606,0.06740352511405945,0.263937,1.41873,0.28089,0.674756,,,5.21439,0.107199,-0.27951,744.780029296875,,,,,,,305.6,2.7781818181818183,328,2.981818181818182,,,,,,,,,,,,,,,,,,,"Taijuan Walker","11836",592836
"Ryan Zeferjahn","LAA",2.00819,1.91288,0,4.46037,60,0,0,11.9403,,41.4854,181.224,35.2285,21.95,20.56,5.76477,21.2824,1.28106,2.93747,48.0464,10.4234,4.6171,2.25756,1.25063,0.265122,0.117437,0.14768464118242264,0.224379,1.36219,0.285521,0.713475,,,4.37675,0.105244,-0.0587658,717.8300170898438,,,,,,,210.60000000000002,5.136585365853659,199,4.853658536585366,,,,,,,,,,,,,,,,,,,"Ryan Zeferjahn","25420",666171
"Yosver Zulueta","CIN",1.73453,1.51077,0,4.37083,50,0,0,4.4404,,32.6368,143.395,29.653,16.92,15.85,3.0471,16.7688,0.763769,2.26474,31.1119,8.57947,4.62419,1.85534,0.840274,0.216967,0.116941,0.1000252291560173,0.238443,1.42237,0.294959,0.699827,,,4.19189,0.104613,0.0248837,999,,,,,,,150.30000000000004,4.554545454545456,147,4.454545454545454,,,,,,,,,,,,,,,,,,,"Yosver Zulueta","27765",691172
"Leandro Lopez","TEX",0.578575,0.731758,0.650855,4.61036,2,2,0,0,,10.112,43.607,9.57283,5.52,5.18,1.38938,4.03435,0.0449247,0.473885,8.66235,7.70976,3.5907,2.14715,1.23659,0.198646,0.092516,0.10612978786230087,0.244837,1.34565,0.281731,0.693461,,,4.54553,0.10423,0.0243707,999,,,,,,,41.7,4.17,43,4.3,,,,,,,,,,,,,,,,,,,"Leandro Lopez","sa3016748",699214
"Chase Shugart","PIT",1.43504,1.20207,0,4.8089,40,0,0,0.6574,,30.038,131.958,30.9988,17.17,16.05,3.65917,11.4157,0.715566,1.48931,24.616,7.37545,3.42037,2.15633,1.09636,0.186544,0.0865101,0.10003408789634705,0.260378,1.41203,0.301171,0.676948,,,4.36865,0.102361,-0.134783,999,,,,,,,110.20000000000002,3.673333333333334,116,3.8666666666666667,,,,,,,,,,,,,,,,,,,"Chase Shugart","21544",663767
"Ryan Webb","CLE",0.51824,0.796077,0.64411,4.77558,2,2,0,0,,10.026,43.6204,10.2196,5.7,5.32,1.3503,3.72818,0.0303805,0.442993,7.86709,7.06202,3.34666,2.11017,1.21212,0.180353,0.0854686,0.09488473832607269,0.259058,1.39116,0.293377,0.684046,,,4.56475,0.100061,0.0243707,999,,,,,,,39.7,3.97,41,4.1,,,,,,,,,,,,,,,,,,,"Ryan Webb","sa3018280",669067
"Andry Lara","WSN",1.26023,1.23814,0,4.35846,40,0,0,0.6602,,28.0833,120.62,26.7361,14.63,13.6,3.59253,10.198,0.81532,1.23735,23.0984,7.40246,3.26821,2.26499,1.15132,0.191497,0.0845466,0.10695035755634308,0.24487,1.31516,0.280549,0.699088,,,4.37474,0.0995942,-0.0376421,999,,,,,,,104.8,3.742857142857143,105,3.75,,,,,,,,,,,,,,,,,,,"Andry Lara","27967",691251
"Eli Morgan",,2.33499,2.82214,0,4.72946,43,0,0,0,,43.4447,185.524,42.0334,24.47,22.83,7.2378,13.5566,0.918387,2.0258,39.7616,8.23702,2.80838,2.93302,1.49938,0.21432,0.0730716,0.14124861359596252,0.24734,1.27956,0.283023,0.684601,,,4.54648,0.0995418,-0.155669,999,,,,,,,154.90000000000003,3.6023255813953496,156,3.627906976744186,,,,,,,,,,,,,,,,,,,"Eli Morgan","20203",669212
"Manuel Rodríguez","TBR",0.595005,0.462411,0,4.07782,16,0,0,0.6594,,12.4257,53.1992,12.0683,6.04,5.63,1.17893,4.21029,0.290547,0.736719,11.0462,8.00078,3.04952,2.62362,0.853903,0.207638,0.0791419,0.12849635630846024,0.250108,1.31007,0.302254,0.699926,,,3.78498,0.097829,0.0276398,743.1699829101562,,,,,,,56.30000000000001,4.691666666666667,58,4.833333333333333,,,,,,,,,,,,,,,,,,,"Manuel Rodriguez","20794",655889
"Adbert Alzolay","NYM",2.19443,1.80649,0,4.4497,62,0,0,13.819,,40.6139,171.729,38.8007,21.54,20.08,6.38796,11.4676,0.847296,1.98092,36.1738,8.01607,2.5412,3.15445,1.41556,0.210645,0.0667771,0.14386769384145737,0.245139,1.23771,0.2801,0.695177,,,4.39188,0.0974294,-0.0587744,999,,,,,,,217.20000000000002,5.297560975609756,216,5.2682926829268295,,,,,,,,,,,,,,,,,,,"Adbert Alzolay","17859",640470
"Chad Green",,2.78206,3.24007,0,4.56024,50,0,0,0,,50.4447,213.858,47.6269,27.46,25.56,8.44835,15.1599,1.3303,2.04247,43.0806,7.68614,2.70472,2.84175,1.5073,0.201444,0.0708874,0.13055702298879623,0.242184,1.24467,0.269961,0.693238,,,4.62735,0.0965247,-0.0888861,748.6699829101562,,,,,,,181.8,3.636,181,3.62,,,,,,,,,,,,,,,,,,,"Chad Green","15552",643338
"Jayden Murray","HOU",0.983839,0.705016,0,4.23884,30,0,0,0.6635,,26.0944,111.03,23.5597,13.19,12.29,3.53683,9.28201,0.678549,1.47953,22.8692,7.88762,3.20138,2.46382,1.21986,0.205972,0.0835988,0.12237340211868286,0.234965,1.25857,0.271081,0.704611,,,4.38158,0.0962809,0.0598863,999,,,,,,,100.79999999999998,3.8769230769230765,98,3.769230769230769,,,,,,,,,,,,,,,,,,,"Jayden Murray","26482",681151
"Sammy Peralta","MIL",0.836036,0.587126,0,3.95814,22,0,0,0.6325,,13.8474,59.0822,12.6982,6.55,6.09,1.43318,5.0267,0.433794,0.633887,12.2461,7.95924,3.26706,2.43621,0.931483,0.207272,0.0850798,0.12219256907701492,0.237697,1.28001,0.28345,0.710941,,,3.93824,0.0956986,0.0322464,999,,,,,,,67.50000000000001,4.821428571428572,67,4.785714285714286,,,,,,,,,,,,,,,,,,,"Sammy Peralta","25589",671111
"Brody Hopkins","TBR",0.54363,0.769882,0.650522,4.72321,2,2,0,0,,10.08,43.4653,9.9927,5.66,5.29,1.47235,3.54142,0.0317517,0.53776,8.11187,7.24274,3.16198,2.29057,1.31459,0.186629,0.081477,0.10515180975198746,0.253712,1.34267,0.2859,0.686327,,,4.63854,0.0951789,0.0243707,999,,,,,,,36.7,3.6700000000000004,38,3.8,,,,,,,,,,,,,,,,,,,"Brody Hopkins","sa3023515",811315
"Jacob Webb","CHC",2.19944,1.63485,0,4.33915,54,0,0,10.7542,,38.2264,163.231,34.0225,19.77,18.43,5.21044,15.1085,0.897782,1.8782,34.7337,8.17767,3.55714,2.29894,1.22674,0.212788,0.092559,0.1202288269996643,0.232641,1.28527,0.271043,0.701806,,,4.42295,0.0939823,-0.0146598,999,,,,,,,194.29999999999998,5.113157894736841,188,4.947368421052632,,,,,,,,,,,,,,,,,,,"Jacob Webb","19274",657097
"Tayler Saucedo",,1.89606,2.17103,0,4.40038,35,0,0,0,,35.4447,154.749,34.6582,18.58,17.33,3.69228,15.0138,0.966024,2.11235,30.2906,7.69128,3.81225,2.01752,0.937532,0.19574,0.0970204,0.09871986508369446,0.251835,1.40139,0.298784,0.698652,,,4.22971,0.0939374,-0.0723894,999,,,,,,,127.80000000000001,3.6514285714285717,132,3.7714285714285714,,,,,,,,,,,,,,,,,,,"Tayler Saucedo","17888",642048
"Jagger Haynes","SDP",0.824967,1.12801,0.97405,5.007,3,3,0,0,,14.991,65.7086,14.9903,8.93,8.34,2.43491,6.32229,0.0472587,0.602768,12.2002,7.32454,3.79565,1.92972,1.46182,0.185672,0.0962171,0.08945482224225998,0.255008,1.42169,0.28439,0.69162,,,5.00482,0.0937559,0.036556,999,,,,,,,50.400000000000006,3.3600000000000003,52,3.466666666666667,,,,,,,,,,,,,,,,,,,"Jagger Haynes","sa3020876",695247
"Justin Slaten","BOS",2.29427,1.73493,0,4.48936,61,0,0,13.3837,,42.8814,184.945,41.0372,23.01,21.39,6.03861,16.0476,0.935357,1.98364,38.5467,8.09023,3.36808,2.40203,1.26739,0.208423,0.0867695,0.1216532289981842,0.245859,1.33123,0.286104,0.700684,,,4.42945,0.0927231,-0.0541649,750.3900146484375,,,,,,,213.79999999999998,4.972093023255813,213,4.953488372093023,,,,,,,,,,,,,,,,,,,"Justin Slaten","25648",686580
"Doug Nikhazy","CLE",1.39263,1.68387,0.549496,4.51087,27,2,0,0.6864,,33.9978,149.978,29.6954,18.16,17.04,4.16739,19.197,0.781689,1.66835,33.7896,8.94487,5.08189,1.76015,1.1032,0.225296,0.127999,0.09729771316051483,0.229995,1.4381,0.280047,0.713743,,,4.58208,0.0926131,0.0733996,999,,,,,,,133.40000000000003,3.923529411764707,127,3.735294117647059,,,,,,,,,,,,,,,,,,,"Doug Nikhazy","30142",680951
"Jaden Hill","COL",2.05338,2.01394,0,4.96968,58,0,0,10.3405,,42.6848,189.517,43.7606,25.26,23.57,5.26248,18.3452,1.06152,2.76071,40.7948,8.60149,3.86805,2.22373,1.10958,0.215256,0.0967997,0.11845673620700836,0.259843,1.45498,0.314645,0.673126,,,4.3098,0.0916174,-0.257469,999,,,,,,,201.29999999999998,4.681395348837209,209,4.8604651162790695,,,,,,,,,,,,,,,,,,,"Jaden Hill","30250",677955
"Henry Baez","ATH",0.766301,1.17159,0.919387,5.14884,3,3,0,0,,14.613,63.8192,15.7094,8.94,8.36,2.29068,4.8543,0.0462872,0.741557,10.4215,6.41849,2.98971,2.14686,1.41081,0.163297,0.0760633,0.08723390102386475,0.269812,1.40722,0.294844,0.669693,,,4.89545,0.0908244,0.036556,999,,,,,,,46.800000000000004,3.12,51,3.4,,,,,,,,,,,,,,,,,,,"Henry Baez","sa3016584",692013
"Ronel Blanco","HOU",0.863881,0.969776,0.531799,4.5607,10,2,0,0.6635,,19.7535,84.7047,17.2875,10.69,10.01,3.33028,8.59051,0.260975,0.769955,19.8721,9.05402,3.91396,2.31326,1.51733,0.234605,0.101417,0.13318733870983124,0.229447,1.31005,0.267678,0.715889,,,4.73641,0.0897791,0.0555905,999,,,,,,,80.89999999999999,4.045,75,3.75,,,,,,,,,,,,,,,,,,,"Ronel Blanco","19407",669854
"Drey Jameson","ARI",2.0111,1.83229,0,4.73976,58,0,0,12.3002,,39.2678,171.952,40.364,22.18,20.68,4.94235,14.6527,1.19147,2.02913,33.456,7.66795,3.35833,2.28327,1.13276,0.194565,0.0852136,0.10935162752866745,0.259959,1.40106,0.30308,0.682712,,,4.34183,0.0879646,-0.165153,674.8900146484375,,,,,,,186.10000000000002,4.771794871794873,193,4.948717948717949,,,,,,,,,,,,,,,,,,,"Drey Jameson","26260",686753
"Chris Murphy","CHW",1.4273,1.24628,0,4.17845,40,0,0,0.6116,,28.2377,121.841,25.0401,14.07,13.11,3.15426,12.6384,0.815652,1.49834,25.3957,8.09417,4.02815,2.0094,1.00533,0.208432,0.103729,0.10470377653837204,0.232489,1.33433,0.276495,0.709763,,,4.29048,0.0870936,0.0644928,999,,,,,,,117.30000000000004,4.189285714285716,113,4.035714285714286,,,,,,,,,,,,,,,,,,,"Chris Murphy","26214",669684
"Blade Tidwell","SFG",1.27753,1.48882,0.554619,4.67754,23,2,0,0.6691,,29.7849,130.184,27.6601,16.62,15.48,4.33373,13.7359,0.628947,1.60871,26.683,8.0627,4.15052,1.94257,1.30951,0.204964,0.105511,0.09945235401391983,0.24086,1.38983,0.278283,0.701298,,,4.78048,0.0857477,-0.0374645,727.1699829101562,,,,,,,110.00000000000001,3.666666666666667,108,3.6,,,,,,,,,,,,,,,,,,,"Blade Tidwell","31701",694918
"Gregory Santos","SFG",0.813244,0.679045,0,4.18781,24,0,0,0.6691,,16.0967,69.5728,16.3265,8.08,7.49,1.39448,5.68574,0.411457,0.900712,12.1407,6.78812,3.17901,2.13529,0.779683,0.174504,0.0817235,0.0927802249789238,0.259208,1.3675,0.301956,0.69453,,,3.98041,0.0837786,0.036853,999,,,,,,,71.5,4.46875,74,4.625,,,,,,,,,,,,,,,,,,,"Gregory Santos","21894",666619
"Winston Santos","TEX",0.392444,0.26688,0,3.64643,10,0,0,0,,6.98491,28.8414,5.84584,3.03,2.83,0.824505,1.95332,0.212791,0.421055,7.13967,9.1994,2.51684,3.65514,1.06237,0.247549,0.0677263,0.17982281744480133,0.220872,1.11657,0.271381,0.717723,,,3.64514,0.0831204,0.0674857,999,,,,,,,31.900000000000013,4.557142857142859,30,4.285714285714286,,,,,,,,,,,,,,,,,,,"Winston Santos","sa3015952",692437
"Sean Guenther","DET",0.813908,0.595592,0,4.10829,22,0,0,0.6108,,15.9263,67.749,15.4064,7.85,7.27,1.84018,4.9067,0.384396,0.676763,12.8042,7.23569,2.77279,2.60954,1.03989,0.188995,0.0724246,0.11657008528709412,0.247829,1.27544,0.285478,0.702668,,,4.08101,0.0828066,0.036853,999,,,,,,,66.80000000000001,4.175000000000001,66,4.125,,,,,,,,,,,,,,,,,,,"Sean Guenther","20045",674944
"Zach McCambley","PHI",1.84502,1.43549,0,4.53132,48,0,0,0,,33.6657,145.848,31.5459,18.19,16.95,4.77221,13.5064,0.921831,1.88341,32.2878,8.63165,3.61072,2.39056,1.27578,0.22138,0.092606,0.1287742555141449,0.241809,1.33823,0.286663,0.700064,,,4.43119,0.0820407,-0.0238551,999,,,,,,,122.90000000000002,3.6147058823529417,121,3.5588235294117645,,,,,,,,,,,,,,,,,,,"Zach McCambley","sa3014478",685112
"James Karinchak","ATL",0.548638,0.38456,0,4.34836,14,0,0,0.6599,,10.3694,44.9686,8.12381,5.35,5.01,1.26423,5.74429,0.202117,0.560428,13.4808,11.7004,4.98567,2.34681,1.09727,0.299781,0.12774,0.1720413714647293,0.210114,1.3374,0.286785,0.704081,,,3.94402,0.0818881,0.0230331,999,,,,,,,49.900000000000006,4.99,46,4.6,,,,,,,,,,,,,,,,,,,"James Karinchak","20151",675916
"Ben Casparius","LAD",2.07896,1.33088,0,4.68082,52,0,0,8.0479,,34.4747,149.457,31.2979,19.19,17.93,5.17153,14.8825,0.756047,1.73382,34.3269,8.9614,3.88523,2.30653,1.35008,0.229677,0.0995767,0.1300998106598854,0.235604,1.33954,0.279897,0.693123,,,4.53979,0.0806584,-0.125744,736.9400024414062,,,,,,,158.50000000000003,4.661764705882354,154,4.529411764705882,,,,,,,,,,,,,,,,,,,"Ben Casparius","30085",676508
"Jorge Alcala",,1.97255,2.34342,0,4.61055,36,0,0,0,,36.4447,156.854,33.2945,20,18.67,5.77022,14.4826,0.7508,1.8149,36.6564,9.05228,3.57647,2.53106,1.42495,0.233697,0.0923317,0.14136575907468796,0.236876,1.31095,0.280488,0.699696,,,4.52334,0.080557,-0.12089,999,,,,,,,132.8,3.688888888888889,128,3.5555555555555554,,,,,,,,,,,,,,,,,,,"Jorge Alcala","19459",660896
"Sean Sullivan","PIT",0.511189,0.791537,0.638589,5.12831,2,2,0,0,,9.898,43.1885,10.9232,6.03,5.64,1.52801,2.93898,0.0293346,0.377272,6.5105,5.91983,2.67234,2.21522,1.38938,0.150746,0.0680501,0.08269594609737396,0.273956,1.40051,0.295134,0.668107,,,4.83162,0.0802331,0.0243707,999,,,,,,,25.799999999999997,2.5799999999999996,29,2.9,,,,,,,,,,,,,,,,,,,"Sean Sullivan","sa3018185",696155
"Bobby Miller","LAD",1.05607,0.62591,0,4.25154,26,0,0,0.7738,,16.6387,70.9153,15.5895,8.42,7.86,2.09055,5.72838,0.40805,0.876529,14.9389,8.08056,3.09853,2.60787,1.1308,0.210658,0.0807778,0.1298804208636284,0.24241,1.28122,0.285504,0.70131,,,4.16371,0.0796395,0.0903967,721.280029296875,,,,,,,72.60000000000002,4.270588235294119,72,4.235294117647059,,,,,,,,,,,,,,,,,,,"Bobby Miller","27483",676272
"Cole Sulser","TBR",2.02192,1.72796,0,4.61038,55,0,0,9.9733,,40.5845,175.894,38.0497,22.27,20.79,5.96706,16.9057,0.911702,1.91609,40.0889,8.89009,3.749,2.37132,1.32325,0.227915,0.0961133,0.13180218636989594,0.242244,1.3541,0.288992,0.701381,,,4.46223,0.0796345,-0.0587417,999,,,,,,,193.8,4.726829268292684,190,4.634146341463414,,,,,,,,,,,,,,,,,,,"Cole Sulser","15256",642121
"Jhony Brito","SDP",0.898763,0.742545,0,4.33115,24,0,0,0.6601,,18.0783,77.3567,18.12,9.37,8.7,2.09378,5.50141,0.516172,0.72222,13.0092,6.47642,2.73879,2.3647,1.04235,0.168172,0.0711174,0.09705417603254318,0.254734,1.30661,0.286029,0.688802,,,4.23433,0.0795898,0.0414597,999,,,,,,,70.80000000000003,3.933333333333335,73,4.055555555555555,,,,,,,,,,,,,,,,,,,"Jhony Brito","25386",666745
"Nick Mears","KCR",2.24015,1.81727,0,4.57044,60,0,0,12.4847,,40.6634,177.07,37.5069,22.13,20.65,5.43679,17.8472,1.03692,1.9809,38.6919,8.56364,3.95011,2.16795,1.20332,0.218511,0.100792,0.11771965026855469,0.238529,1.36127,0.283521,0.695901,,,4.43308,0.0794068,-0.0587658,747.780029296875,,,,,,,209.10000000000002,5.1000000000000005,206,5.024390243902439,,,,,,,,,,,,,,,,,,,"Nick Mears","25376",683232
"Gavin Collyer","TEX",0.981425,0.748545,0,4.19897,26,0,0,0,,18.1759,78.4796,15.5256,9.08,8.48,2.20272,8.28722,0.642019,1.26357,19.1834,9.49885,4.10351,2.31481,1.0907,0.244437,0.105597,0.13884036242961884,0.225241,1.31013,0.280229,0.710734,,,4.17613,0.0793695,0.0414596,999,,,,,,,78.00000000000003,4.333333333333335,75,4.166666666666667,,,,,,,,,,,,,,,,,,,"Gavin Collyer","sa3011742",686560
"Randy Dobnak","SEA",1.07924,1.24161,0.547168,4.72374,16,2,0,0.6494,,22.3679,98.026,22.6918,12.56,11.74,2.70962,9.16921,0.390897,1.19476,16.9731,6.82933,3.68935,1.8511,1.09025,0.173149,0.0935386,0.07961028814315796,0.258856,1.42441,0.293945,0.687663,,,4.58233,0.0779007,-0.0604145,999,,,,,,,74.10000000000001,3.3681818181818186,79,3.590909090909091,,,,,,,,,,,,,,,,,,,"Randy Dobnak","23798",677976
"Jack Wenninger","NYM",0.563857,0.745292,0.655828,4.78894,2,2,0,0,,10.092,43.2554,10.1531,5.75,5.37,1.68582,3.12975,0.0316769,0.409316,8.08143,7.20698,2.79109,2.58214,1.5034,0.186831,0.072355,0.11447548121213913,0.255641,1.31618,0.282723,0.689651,,,4.75721,0.0776529,0.0243707,999,,,,,,,30.4,3.04,31,3.1,,,,,,,,,,,,,,,,,,,"Jack Wenninger","sa3023282",811307
"David Sandlin","BOS",1.5124,1.13497,0,4.4993,40,0,0,0,,28.2044,120.076,25.6935,15.14,14.1,4.99975,9.58517,0.695674,1.29844,30.6448,9.77874,3.05862,3.19711,1.59542,0.255213,0.0798261,0.17538676410913467,0.235306,1.25082,0.281366,0.712142,,,4.42422,0.0767427,-0.0376421,999,,,,,,,107.10000000000005,3.825000000000002,104,3.7142857142857144,,,,,,,,,,,,,,,,,,,"David Sandlin","sa3020606",689818
"José Ureña",,1.51362,2.44543,2.13978,5.53991,6,6,0,0,,30.672,136.417,34.1882,20.22,18.88,5.01054,11.8232,0.09663,1.28939,18.6332,5.46748,3.46924,1.57599,1.47023,0.13659,0.0866694,0.049920596182346344,0.277267,1.50011,0.292771,0.661375,,,5.32633,0.0756079,-0.0545402,999,,,,,,,78.49999999999997,2.532258064516128,89,2.870967741935484,,,,,,,,,,,,,,,,,,,"Jose Urena","11589",570632
"Chase Silseth","LAA",1.77286,1.6258,0,4.29083,52,0,0,6.8582,,36.5384,156.934,32.2606,18.63,17.42,4.93541,15.694,1.02413,2.01856,35.7905,8.81577,3.86568,2.28052,1.21567,0.228061,0.100004,0.12805739045143127,0.231722,1.31244,0.277427,0.714449,,,4.38634,0.0721426,0.0340948,749.5,,,,,,,175.10000000000002,4.732432432432433,166,4.486486486486487,,,,,,,,,,,,,,,,,,,"Chase Silseth","30074",681217
"Gus Varland","ARI",1.36832,1.30536,0,4.91879,40,0,0,0.668,,27.3909,120.977,27.724,16.02,14.97,3.5091,11.4197,0.858735,1.57224,25.323,8.32054,3.75226,2.21747,1.15301,0.20932,0.0943957,0.11492405831813812,0.256738,1.42908,0.305923,0.67552,,,4.37454,0.0696525,-0.192415,999,,,,,,,92.80000000000003,3.437037037037038,98,3.6296296296296298,,,,,,,,,,,,,,,,,,,"Gus Varland","24737",681402
"Josh Stephan","TEX",0.46916,0.33155,0,3.80019,12,0,0,0,,8.38378,34.7233,7.1635,3.8,3.54,1.10209,2.45564,0.243836,0.415409,8.12467,8.72184,2.63613,3.30857,1.18309,0.233983,0.0707202,0.1632627621293068,0.224897,1.14735,0.267901,0.720528,,,3.93322,0.0680942,0.0184265,999,,,,,,,38.7,4.8375,37,4.625,,,,,,,,,,,,,,,,,,,"Josh Stephan","sa3015286",695776
"Connor Noland","CHC",0.567919,0.408274,0,4.08612,14,0,0,0,,10.3521,43.7374,9.83504,5.05,4.7,1.15691,3.16027,0.264599,0.412954,8.55377,7.43655,2.7475,2.70666,1.0058,0.195571,0.0722557,0.12331557273864746,0.244871,1.25533,0.284964,0.698449,,,3.9709,0.0673411,0.0230331,999,,,,,,,44.7,4.470000000000001,46,4.6,,,,,,,,,,,,,,,,,,,"Connor Noland","sa3020834",690939
"Jackson Rutledge","WSN",1.68601,1.79593,0,4.68966,55,0,0,9.9855,,38.3247,168.228,37.1289,21.4,19.97,5.02851,16.1685,0.963365,2.51576,33.1813,7.79215,3.79694,2.05222,1.18087,0.19724,0.0961106,0.10112956166267395,0.248281,1.39068,0.288325,0.689562,,,4.57183,0.0653864,-0.116566,999,,,,,,,172.5,4.5394736842105265,174,4.578947368421052,,,,,,,,,,,,,,,,,,,"Jackson Rutledge","26215",671131
"Chayce McDermott","BAL",1.02482,1.05729,0.549496,4.71201,12,2,0,0.665,,20.3607,89.1489,18.0174,11.34,10.66,3.19489,10.4462,0.331411,1.07362,20.9197,9.24706,4.61752,2.0026,1.41223,0.23466,0.117177,0.11748248338699341,0.232097,1.39797,0.276982,0.713759,,,4.81748,0.0652936,0.0443593,999,,,,,,,77.3,3.8649999999999998,74,3.7,,,,,,,,,,,,,,,,,,,"Chayce McDermott","29866",694646
"Ryan Loutos","SEA",0.857015,0.716733,0,4.40013,24,0,0,0.6494,,15.4018,66.7712,14.9141,8.07,7.53,1.74839,5.99475,0.537489,0.746529,13.4381,7.85248,3.50301,2.24164,1.02166,0.201255,0.0897804,0.11147475987672806,0.248444,1.35756,0.293592,0.695454,,,4.17896,0.0638113,-0.016533,999,,,,,,,56.400000000000006,3.7600000000000002,58,3.8666666666666667,,,,,,,,,,,,,,,,,,,"Ryan Loutos","29521",702795
"Konnor Pilkington","WSN",1.78542,1.72733,0,4.37081,57,0,0,11.3563,,38.9173,171.176,33.9479,20.2,18.9,4.48226,21.3414,1.02091,1.92743,39.8749,9.22146,4.93542,1.86843,1.03657,0.232946,0.124675,0.10827114433050156,0.229521,1.42069,0.284554,0.715902,,,4.37691,0.0633366,0.0386984,999,,,,,,,206.00000000000003,5.282051282051283,198,5.076923076923077,,,,,,,,,,,,,,,,,,,"Konnor Pilkington","21453",663455
"Dylan Smith","DET",1.52358,1.20331,0,4.49009,42,0,0,0.6108,,29.7054,128.362,28.6567,15.93,14.82,3.77198,10.9901,0.774379,1.64494,24.8973,7.54326,3.32974,2.26542,1.14282,0.193962,0.0856182,0.10834329575300217,0.247623,1.33467,0.285841,0.690123,,,4.38563,0.0631167,-0.0330452,999,,,,,,,112.4,3.746666666666667,113,3.7666666666666666,,,,,,,,,,,,,,,,,,,"Dylan Smith","30145",681916
"Jordan Hicks","BOS",2.19603,1.60254,0,4.311,58,0,0,12.0971,,40.7724,178.556,38.0883,20.92,19.53,3.85875,19.4627,0.865861,2.88236,33.7602,7.45213,4.29615,1.73461,0.851771,0.189073,0.109001,0.08007259666919708,0.243826,1.41152,0.288633,0.702433,,,4.35358,0.0617908,0.0433042,999,,,,,,,205.40000000000003,5.0097560975609765,203,4.951219512195122,,,,,,,,,,,,,,,,,,,"Jordan Hicks","19618",663855
"Daison Acosta","SDP",0.685198,0.545836,0,4.17686,18,0,0,0,,13.9195,60.5501,11.972,6.95,6.46,1.65685,6.88381,1.10996,0.774406,14.2561,9.21764,4.45088,2.07097,1.07127,0.235444,0.113688,0.12175607681274414,0.226348,1.35463,0.278947,0.719983,,,4.2847,0.0600672,0.0322464,999,,,,,,,51.800000000000026,3.700000000000002,48,3.4285714285714284,,,,,,,,,,,,,,,,,,,"Daison Acosta","sa944989",670897
"Yariel Rodríguez","TOR",1.35298,0.97675,0,4.24879,36,0,0,0.6504,,24.6776,107.068,20.4967,12.42,11.65,2.91574,12.7514,0.676407,1.70486,24.3504,8.88065,4.65046,1.90963,1.06338,0.22743,0.119097,0.10833348333835602,0.22132,1.3473,0.269048,0.714121,,,4.45506,0.0598445,0.108803,703.1699829101562,,,,,,,103.1,4.124,93,3.72,,,,,,,,,,,,,,,,,,,"Yariel Rodriguez","33838",684320
"Isaiah Campbell","ARI",0.780278,0.675458,0,4.49873,22,0,0,0.668,,15.2043,65.5409,15.4163,8.14,7.6,1.77293,4.95096,0.386866,0.700438,11.913,7.05177,2.93066,2.4062,1.04947,0.181765,0.07554,0.10622464865446091,0.257412,1.33957,0.295288,0.683654,,,4.19907,0.0582314,-0.0165264,999,,,,,,,57.400000000000006,3.826666666666667,59,3.933333333333333,,,,,,,,,,,,,,,,,,,"Isaiah Campbell","25551",663462
"José Buttó","SFG",2.0835,1.88261,0,4.60922,62,0,0,15.7298,,41.2195,180.778,38.9417,22.68,21.11,5.30716,19.0867,1.12458,2.31824,38.3734,8.37857,4.16746,2.01047,1.15878,0.212268,0.105581,0.10668686032295227,0.244343,1.40779,0.290723,0.698608,,,4.5049,0.0574622,-0.160599,735.8900146484375,,,,,,,217.50000000000003,5.3048780487804885,217,5.2926829268292686,,,,,,,,,,,,,,,,,,,"Jose Butto","23313",676130
"Collin Baumgartner","COL",0.446829,0.39097,0,4.48177,12,0,0,0,,11.7074,50.828,11.1698,6.27,5.83,1.42105,4.733,0.296155,0.583981,11.1652,8.58319,3.63846,2.35902,1.09242,0.219667,0.0931179,0.12654880434274673,0.245431,1.35835,0.296092,0.692343,,,4.16817,0.0574226,0.0276399,999,,,,,,,51.90000000000001,4.325000000000001,51,4.25,,,,,,,,,,,,,,,,,,,"Collin Baumgartner","sa3023002",694677
"Kyle Keller",,2.16149,2.63677,0,4.73981,40,0,0,0,,40.4447,177.942,35.6833,22.82,21.3,6.15545,20.7937,1.29227,2.47302,45.3967,10.102,4.62715,2.18319,1.36975,0.255121,0.116857,0.13826438784599304,0.230698,1.3964,0.286337,0.703248,,,4.5946,0.0553714,-0.213128,999,,,,,,,149.6,3.7399999999999998,143,3.575,,,,,,,,,,,,,,,,,,,"Kyle Keller","18890",664918
"Michael Darrell-Hicks","PIT",0.295632,0.221777,0,4.33691,8,0,0,0.6574,,7.84429,33.8799,7.60639,4.05,3.78,0.849678,2.76524,0.227551,0.456115,7.10572,8.15261,3.17264,2.56966,0.974862,0.209733,0.0816189,0.12811370939016342,0.2481,1.32219,0.297611,0.688474,,,3.96357,0.0553053,0.0184266,999,,,,,,,35.10000000000001,4.387500000000001,36,4.5,,,,,,,,,,,,,,,,,,,"Michael Darrell-Hicks","31501",690382
"Griff McGarry","WSN",1.6556,1.56798,0,4.26971,52,0,0,0,,36.2764,160.205,28.8981,18.35,17.21,4.12026,23.1066,1.1719,2.29394,40.6866,10.0941,5.73262,1.76083,1.02222,0.253966,0.144231,0.10973459482192993,0.21437,1.43357,0.275316,0.727884,,,4.46911,0.055228,0.0829193,999,,,,,,,148.80000000000004,4.133333333333335,135,3.75,,,,,,,,,,,,,,,,,,,"Griff McGarry","sa3017130",676046
"Luis Guerrero","TBR",1.14313,0.898571,0,4.3015,30,0,0,0.6594,,22.534,97.7423,19.4436,11.53,10.77,2.7683,10.7892,0.883504,1.42392,21.5896,8.62281,4.30918,2.00103,1.10565,0.220883,0.110385,0.11049854755401611,0.227333,1.34165,0.2726,0.709591,,,4.44197,0.0552085,0.00187526,999,,,,,,,95.9,4.1695652173913045,88,3.8260869565217392,,,,,,,,,,,,,,,,,,,"Luis Guerrero","31184",692285
"Daniel Lynch IV","KCR",2.19259,1.79974,0,4.56913,59,0,0,10.8517,,39.9857,174.086,39.9376,21.76,20.3,4.88915,15.0194,1.15279,1.9905,30.3277,6.82617,3.38057,2.01924,1.10045,0.174211,0.0862755,0.08793522417545319,0.254256,1.37442,0.287614,0.689992,,,4.48395,0.0528435,-0.111997,999,,,,,,,183.5,4.5875,188,4.7,,,,,,,,,,,,,,,,,,,"Daniel Lynch IV","21537",663738
"Rico Garcia","BAL",2.09893,1.55662,0,4.62934,53,0,0,7.0494,,36.7828,158.905,33.4685,20.2,18.92,6.20761,15.3222,1.15833,1.65767,38.4106,9.39828,3.74902,2.50686,1.51888,0.24172,0.0964234,0.14529690891504288,0.235818,1.32645,0.280153,0.712984,,,4.62543,0.0526976,-0.0679409,999,,,,,,,167.2,4.518918918918919,160,4.324324324324325,,,,,,,,,,,,,,,,,,,"Rico Garcia","20023",670329
"Kyle Nicolas","PIT",2.03528,1.68102,0,4.76891,56,0,0,10.124,,38.8391,172.289,36.4909,21.96,20.58,4.8466,19.7664,0.876021,2.39394,37.1555,8.60987,4.58039,1.87973,1.12308,0.215658,0.114728,0.10092950612306595,0.243064,1.44847,0.29266,0.693267,,,4.55577,0.0518218,-0.165124,999,,,,,,,181.50000000000003,4.653846153846154,178,4.564102564102564,,,,,,,,,,,,,,,,,,,"Kyle Nicolas","27775",693312
"Adam Macko","TOR",0.302634,0.195213,0,3.74839,8,0,0,0,,6.00257,25.5278,5.00188,2.68,2.5,0.619355,2.57776,0.213835,0.30031,6.62607,9.93484,3.86498,2.57047,0.928634,0.259563,0.100979,0.15858422219753265,0.220836,1.26273,0.2845,0.729923,,,3.70717,0.0516898,0.0138199,999,,,,,,,24.10000000000001,4.016666666666668,22,3.6666666666666665,,,,,,,,,,,,,,,,,,,"Adam Macko","sa3011555",671936
"Christian MacLeod","MIN",0.598066,0.428853,0,4.18938,16,0,0,0,,9.96805,43.2585,8.93911,4.98,4.64,1.06656,4.63987,0.300563,0.477667,10.0685,9.0907,4.18927,2.17,0.962981,0.232752,0.107259,0.12549297511577606,0.23437,1.36225,0.291512,0.711495,,,4.04613,0.0507137,0.0230331,999,,,,,,,43.300000000000004,4.33,42,4.2,,,,,,,,,,,,,,,,,,,"Christian MacLeod","sa3018005",681306
"Daysbel Hernández","ATL",1.61821,1.19839,0,4.62944,42,0,0,0.6599,,28.889,127.713,25.6474,15.84,14.86,3.30199,16.0686,0.863209,1.70724,29.3217,9.1348,5.00596,1.82478,1.02869,0.229591,0.125818,0.10377275943756104,0.233292,1.44401,0.289025,0.697594,,,4.43702,0.0506255,-0.0862802,999,,,,,,,118.10000000000002,4.072413793103449,114,3.9310344827586206,,,,,,,,,,,,,,,,,,,"Daysbel Hernandez","20271",678226
"Nick Raquet","STL",1.73681,1.55657,0,4.69091,50,0,0,4.5272,,38.9284,171.081,40.836,21.69,20.29,4.07256,15.181,1.37666,1.61832,29.4115,6.79975,3.50975,1.93739,0.94155,0.171916,0.0887357,0.08317984640598297,0.264685,1.43897,0.304339,0.682236,,,4.27873,0.0498482,-0.165026,999,,,,,,,159.80000000000004,4.097435897435899,170,4.358974358974359,,,,,,,,,,,,,,,,,,,"Nick Raquet","20333",675919
"Tim Hill","NYY",2.5295,1.70655,0,3.99016,66,0,0,14.9366,,44.0508,188.046,45.5368,21.08,19.53,4.10125,12.5616,0.923361,2.12803,22.7542,4.64889,2.56646,1.8114,0.837923,0.121003,0.0668009,0.05420242249965668,0.262678,1.3189,0.282835,0.707043,,,4.3128,0.0494274,0.203795,999,,,,,,,217.80000000000004,4.950000000000001,229,5.204545454545454,,,,,,,,,,,,,,,,,,,"Tim Hill","16814",657612
"Joe La Sorsa","PIT",0.530639,0.382553,0,4.22052,14,0,0,0.6574,,12.0056,50.9409,12.0284,6.05,5.63,1.42277,3.15521,0.442154,0.500033,8.29942,6.22165,2.3653,2.63039,1.06658,0.162923,0.0619386,0.10098401457071304,0.254378,1.26471,0.28234,0.692375,,,4.20654,0.049315,0.0276398,999,,,,,,,53.30000000000001,4.441666666666667,55,4.583333333333333,,,,,,,,,,,,,,,,,,,"Joe La Sorsa","25481",686747
"Yaramil Hiraldo","BAL",1.79178,1.22706,0,4.42002,44,0,0,0.665,,30.7465,131.506,26.8056,16.14,15.1,4.61535,12.6943,0.693263,1.5224,29.2788,8.5704,3.71582,2.30646,1.35099,0.222642,0.0965296,0.1261122077703476,0.228542,1.2847,0.266085,0.707053,,,4.56918,0.0484282,0.0202818,999,,,,,,,114.69999999999997,3.6999999999999993,107,3.4516129032258065,,,,,,,,,,,,,,,,,,,"Yaramil Hiraldo","25215",682274
"Jairo Iriarte","CHW",0.914549,0.859585,0,4.4319,26,0,0,0.6116,,18.5406,80.396,16.4088,9.77,9.13,2.46501,8.32732,0.533485,1.30578,18.111,8.79146,4.04226,2.17489,1.19657,0.225272,0.103579,0.1216934472322464,0.231883,1.33416,0.277836,0.703126,,,4.46856,0.0479753,-0.00732748,999,,,,,,,87.4,4.6000000000000005,82,4.315789473684211,,,,,,,,,,,,,,,,,,,"Jairo Iriarte","26907",683568
"Ben Peoples","CHW",0.565265,0.528401,0,4.34732,16,0,0,0,,11.614,50.1663,10.2219,6.01,5.61,1.56769,5.26004,0.338194,0.613118,11.5636,8.96092,4.07613,2.19839,1.21484,0.230506,0.104852,0.1256536841392517,0.230777,1.33303,0.277717,0.712862,,,4.41567,0.0469657,0.0276398,999,,,,,,,44.20000000000002,3.683333333333335,40,3.3333333333333335,,,,,,,,,,,,,,,,,,,"Ben Peoples","sa3011784",687239
"Chen Zhong-Ao Zhuang","ATH",0.288032,0.22327,0,4.12871,8,0,0,0,,6.88836,28.643,6.24333,3.39,3.16,1.08504,1.71311,0.178036,0.293542,6.5207,8.51964,2.23827,3.80636,1.41767,0.227654,0.0598088,0.16784514486789703,0.234391,1.15506,0.271051,0.709363,,,4.16356,0.0461059,0.0675377,999,,,,,,,31.900000000000013,4.557142857142859,30,4.285714285714286,,,,,,,,,,,,,,,,,,,"Chen Zhong-Ao Zhuang","sa3018174",800018
"Trey Supak","TEX",0.670091,0.553076,0,4.54278,18,0,0,0,,12.5804,54.1367,12.0351,6.81,6.35,1.64768,4.39081,0.489624,0.680277,9.95928,7.12485,3.14118,2.26821,1.17875,0.183966,0.0811061,0.10285943001508713,0.245285,1.30567,0.277303,0.681053,,,4.46375,0.046069,-0.0211138,999,,,,,,,45.39999999999999,3.4923076923076914,44,3.3846153846153846,,,,,,,,,,,,,,,,,,,"Trey Supak","sa828707",657022
"Jake Eder","WSN",0.928737,0.929862,0,4.5009,30,0,0,0.6602,,21.2557,93.1944,19.5167,11.38,10.63,2.39086,10.4152,0.607358,1.11494,19.9847,8.46184,4.40995,1.9188,1.01233,0.214441,0.111758,0.1026836410164833,0.238987,1.40818,0.288856,0.697842,,,4.34432,0.0459402,-0.00273047,999,,,,,,,89.80000000000001,4.276190476190477,90,4.285714285714286,,,,,,,,,,,,,,,,,,,"Jake Eder","27590",671109
"Paul Gervase","LAD",1.143,0.678747,0,4.3724,28,0,0,0.7738,,18.0107,77.8394,15.0789,9.35,8.75,2.55759,8.83364,0.537941,1.06196,20.0386,10.0133,4.4142,2.26844,1.27804,0.257435,0.113485,0.14394962787628174,0.221932,1.32768,0.276118,0.71624,,,4.40429,0.0453362,0.0414596,999,,,,,,,71.30000000000001,3.9611111111111117,65,3.611111111111111,,,,,,,,,,,,,,,,,,,"Paul Gervase","31571",801434
"Anthony Banda","LAD",2.15826,1.39471,0,4.69059,55,0,0,13.2412,,36.5327,159.634,35.1729,20.44,19.04,5.01163,15.5907,1.31404,1.81194,34.7287,8.55558,3.84084,2.22753,1.23464,0.217552,0.0976652,0.11988664418458939,0.247293,1.38954,0.294282,0.693154,,,4.44634,0.0441041,-0.067952,999,,,,,,,189.3,5.116216216216216,188,5.081081081081081,,,,,,,,,,,,,,,,,,,"Anthony Banda","14706",607455
"Kaleb Ort","HOU",0.572353,0.450042,0,4.62833,18,0,0,0.6635,,15.8286,68.5407,14.1898,8.7,8.14,2.37678,6.93813,0.432683,0.856601,16.1676,9.19276,3.94496,2.33026,1.35142,0.235884,0.101226,0.13465718179941177,0.233592,1.33479,0.279919,0.698181,,,4.52168,0.0424706,-0.0650486,999,,,,,,,69.4,4.3375,66,4.125,,,,,,,,,,,,,,,,,,,"Kaleb Ort","20061",672391
"Michael Kopech",,2.56823,2.94727,0,4.48986,46,0,0,0,,46.4447,203.649,37.6229,24.76,23.17,6.07352,27.3032,1.20443,2.60459,50.7572,9.83567,5.29079,1.85902,1.17692,0.249238,0.13407,0.11516819894313812,0.216546,1.39793,0.269859,0.711873,,,4.58126,0.0412249,-0.0980451,532.9400024414062,,,,,,,179.8,3.9086956521739133,164,3.5652173913043477,,,,,,,,,,,,,,,,,,,"Michael Kopech","17282",656629
"Jose Espada","BAL",0.655104,0.443513,0,4.31695,16,0,0,0.665,,11.9668,50.7747,10.1441,6.14,5.74,1.99413,4.6612,0.373136,0.580678,12.8471,9.66203,3.5056,2.75617,1.49975,0.253021,0.0918016,0.16121909022331238,0.222788,1.2372,0.265545,0.721297,,,4.46843,0.0403416,0.0276398,999,,,,,,,50.20000000000002,4.1833333333333345,46,3.8333333333333335,,,,,,,,,,,,,,,,,,,"Jose Espada","21131",664744
"Hunter Bigge","TBR",1.70582,1.43889,0,4.58894,46,0,0,4.0443,,34.0863,148.038,30.3871,18.65,17.38,5.21674,15.738,0.861831,1.78795,36.2594,9.57376,4.15539,2.30394,1.3774,0.244932,0.10631,0.13862213492393494,0.232829,1.35318,0.282697,0.707726,,,4.53971,0.039371,-0.125671,750.5,,,,,,,146.10000000000002,4.2970588235294125,139,4.088235294117647,,,,,,,,,,,,,,,,,,,"Hunter Bigge","26259",685801
"Jeff Criswell","COL",0.502723,0.496299,0,4.99192,14,0,0,0.6096,,13.1793,58.1551,12.8617,7.84,7.31,2.02826,5.74422,0.55121,0.601764,13.9776,9.54513,3.92266,2.43333,1.38508,0.24035,0.0987743,0.14157600700855255,0.248252,1.41175,0.302584,0.682842,,,4.4592,0.0392525,-0.122311,999,,,,,,,48.8,3.753846153846154,50,3.8461538461538463,,,,,,,,,,,,,,,,,,,"Jeff Criswell","27608",676105
"Shane Drohan","BOS",0.837354,0.599665,0,4.34059,22,0,0,0,,15.5509,67.7901,13.9808,8.04,7.5,1.80452,7.47752,0.560841,0.642131,14.7858,8.5572,4.32758,1.97736,1.04436,0.218111,0.110304,0.10780714452266693,0.2343,1.37988,0.282642,0.708764,,,4.30845,0.0389377,0.036853,999,,,,,,,63.40000000000001,3.962500000000001,60,3.75,,,,,,,,,,,,,,,,,,,"Shane Drohan","sa3014447",675660
"Rafael Montero",,3.13527,3.7266,0,4.65052,58,0,0,0,,58,253.782,54.4653,32.02,29.97,7.06676,27.1058,1.20073,3.18917,52.9956,8.22346,4.20608,1.95514,1.09657,0.208824,0.106808,0.10201588273048401,0.243707,1.4064,0.290033,0.691305,,,4.45861,0.0388244,-0.172211,999,,,,,,,218.70000000000002,3.770689655172414,215,3.706896551724138,,,,,,,,,,,,,,,,,,,"Rafael Montero","12760",606160
"Nick Burdi","NYM",0.634692,0.52449,0,4.43953,18,0,0,0.7021,,11.8391,51.442,10.2542,6.25,5.84,1.66916,5.70171,0.265254,0.690686,13.1087,9.96516,4.33441,2.29908,1.26889,0.254825,0.110838,0.14398740977048874,0.227621,1.34774,0.283601,0.712671,,,4.37331,0.038273,0.0276398,999,,,,,,,47.20000000000002,3.933333333333335,43,3.5833333333333335,,,,,,,,,,,,,,,,,,,"Nick Burdi","16074",595897
"Tanner McDougal","CHW",1.08585,1.58395,0.848695,5.11816,11,3,0,0,,22.6664,99.8924,22.1674,13.77,12.89,3.71347,10.3185,0.26991,1.28275,19.7104,7.82631,4.09712,1.9102,1.47449,0.197317,0.103297,0.09402015805244446,0.251072,1.43322,0.284489,0.685891,,,5.06126,0.0372231,-0.0485597,999,,,,,,,70.8,3.0782608695652174,70,3.0434782608695654,,,,,,,,,,,,,,,,,,,"Tanner McDougal","sa3017471",701780
"Didier Fuentes","ATL",0.388268,0.279238,0,4.48614,10,0,0,0.6599,,7.72378,32.8843,7.35725,4.14,3.85,1.23763,2.35639,0.204736,0.349519,7.74952,9.02998,2.74574,3.28873,1.44213,0.23566,0.0716568,0.16400299221277237,0.243792,1.25763,0.28878,0.698367,,,4.26255,0.0362519,0.0184265,725.0599975585938,,,,,,,42.7,5.3375,41,5.125,,,,,,,,,,,,,,,,,,,"Didier Fuentes","30661",800311
"Paxton Schultz","TOR",0.435577,0.333813,0,4.47382,12,0,0,0.6504,,8.67044,37.6973,7.78089,4.62,4.31,1.19273,4.00084,0.254374,0.40394,9.23323,9.58418,4.15291,2.30782,1.23807,0.244931,0.106131,0.13880030810832977,0.233713,1.35884,0.288113,0.708247,,,4.31771,0.0356268,-0.0302732,999,,,,,,,43.500000000000014,4.833333333333335,42,4.666666666666667,,,,,,,,,,,,,,,,,,,"Paxton Schultz","25501",687606
"Scott Effross","DET",0.497704,0.404544,0,4.58007,14,0,0,0.6108,,10.4147,44.8959,10.8427,5.71,5.3,1.28495,3.02979,0.288313,0.517101,7.99773,6.91135,2.61823,2.6397,1.11041,0.178139,0.0674847,0.11065463721752167,0.262224,1.33201,0.298062,0.676063,,,4.2249,0.0356053,-0.0787402,999,,,,,,,41.1,4.11,45,4.5,,,,,,,,,,,,,,,,,,,"Scott Effross","18384",664123
"Sam Bachman","LAA",1.35061,1.27956,0,4.35957,40,0,0,0.6594,,28.2413,123.328,26.0772,14.62,13.68,3.03702,13.3285,0.765657,1.85551,23.5586,7.5077,4.24756,1.76753,0.967841,0.191025,0.108074,0.08295030891895294,0.241135,1.39532,0.282535,0.705063,,,4.47771,0.0345905,-0.0376421,999,,,,,,,109.70000000000002,3.9178571428571436,108,3.857142857142857,,,,,,,,,,,,,,,,,,,"Sam Bachman","29754",696147
"Derek Law",,1.46873,1.86777,0,4.85047,28,0,0,0,,28.4447,125.3,29.695,16.41,15.33,3.51881,11.2733,0.633891,1.38641,23.2415,7.35369,3.56691,2.06164,1.11336,0.185487,0.0899707,0.09551665186882019,0.263628,1.44028,0.304801,0.681381,,,4.44437,0.0340848,-0.13907,999,,,,,,,90,3.2142857142857144,98,3.5,,,,,,,,,,,,,,,,,,,"Derek Law","13133",571882
"Blas Castaño","SEA",0.434691,0.354978,0,4.31542,12,0,0,0.6494,,7.50797,32.2018,7.1179,3.87,3.6,0.941679,2.60679,0.230522,0.480699,6.52997,7.82764,3.12483,2.50499,1.12882,0.202783,0.0809516,0.12183106690645218,0.244481,1.29525,0.285372,0.696461,,,4.25986,0.033714,0.0184265,999,,,,,,,37.7,4.7125,36,4.5,,,,,,,,,,,,,,,,,,,"Blas Castano","26117",680604
"Tyler Gilbert","CHW",1.90722,1.89263,0,4.75887,56,0,0,9.4179,,38.7886,168.46,37.807,22,20.51,5.83356,14.7389,1.10939,1.59423,35.8718,8.32321,3.41982,2.43382,1.35354,0.212939,0.0874919,0.12544746696949005,0.248523,1.35467,0.289558,0.688298,,,4.50389,0.032969,-0.165124,999,,,,,,,173,4.435897435897436,174,4.461538461538462,,,,,,,,,,,,,,,,,,,"Tyler Gilbert","17964",656457
"Carson Seymour","SFG",0.674017,0.589802,0,4.40041,20,0,0,0.6691,,13.4374,58.3308,13.3643,7.09,6.57,1.60447,5.15034,0.385919,0.72627,11.3173,7.57999,3.44956,2.19738,1.07463,0.194019,0.0882954,0.10572325438261032,0.254781,1.37785,0.297474,0.702261,,,4.31493,0.032805,-0.0211237,999,,,,,,,45.8,3.523076923076923,47,3.6153846153846154,,,,,,,,,,,,,,,,,,,"Carson Seymour","30084",693313
"Bailey Horn","DET",1.90089,1.47219,0,4.43914,52,0,0,6.3524,,36.5949,160.262,33.5679,19.39,18.05,4.45902,17.5505,1.41731,1.64161,33.1033,8.14127,4.3163,1.88617,1.09663,0.206558,0.109512,0.09704595059156418,0.237953,1.39687,0.281226,0.707028,,,4.48333,0.0317963,0.0340948,999,,,,,,,166.20000000000002,4.491891891891893,163,4.405405405405405,,,,,,,,,,,,,,,,,,,"Bailey Horn","27753",690544
"Génesis Cabrera","MIN",1.93891,2.2445,0,4.52988,35,0,0,0,,35.4447,152.914,32.8067,19.16,17.84,4.97502,14.4665,1.04591,1.80445,30.4995,7.74433,3.67328,2.10829,1.26324,0.199455,0.0946053,0.10484997183084488,0.240091,1.33372,0.275102,0.697456,,,4.61601,0.0301752,-0.0723894,999,,,,,,,123.7,3.5342857142857143,122,3.4857142857142858,,,,,,,,,,,,,,,,,,,"Genesis Cabrera","17490",650893
"Jhancarlos Lara","ATL",0.46495,0.325276,0,4.32759,12,0,0,0,,9.04661,40.053,7.90432,4.66,4.35,0.833015,5.32231,0.258832,0.575057,9.53049,9.48139,5.29489,1.79067,0.828723,0.237947,0.132881,0.10506528615951538,0.23142,1.46205,0.297211,0.71031,,,4.18087,0.029971,-0.0302732,999,,,,,,,35.500000000000014,3.944444444444446,34,3.7777777777777777,,,,,,,,,,,,,,,,,,,"Jhancarlos Lara","sa3019367",702910
"Jose Franco","CIN",0.627477,0.578595,0,4.61909,18,0,0,0,,11.0671,47.6158,10.1467,6.07,5.68,1.87756,4.28567,0.311148,0.501052,11.4724,9.32958,3.4852,2.67692,1.52687,0.240937,0.0900053,0.15093136578798294,0.236913,1.30408,0.28051,0.70845,,,4.56493,0.0299611,-0.0257189,999,,,,,,,37.800000000000004,3.436363636363637,36,3.272727272727273,,,,,,,,,,,,,,,,,,,"Jose Franco","sa3008714",683742
"Will Sanders","CHC",0.401362,0.301385,0,4.33065,10,0,0,0,,7.56468,32.52,6.75742,3.9,3.64,0.988953,3.16447,0.183021,0.418954,7.60252,9.04502,3.76489,2.40246,1.1766,0.23378,0.0973086,0.13647165894508362,0.233526,1.31161,0.283532,0.705358,,,4.24577,0.029354,0.0184265,999,,,,,,,35.7,4.4625,34,4.25,,,,,,,,,,,,,,,,,,,"Will Sanders","sa3023508",691739
"Orlando Ribalta","WSN",1.50464,1.54247,0,4.60928,48,0,0,4.2253,,33.5454,146.737,29.9496,18.37,17.18,4.71111,16.2392,1.17814,1.78059,31.795,8.53039,4.35687,1.95792,1.26396,0.21668,0.110669,0.10601133108139038,0.232678,1.37691,0.273704,0.702615,,,4.67674,0.0291338,-0.0238551,749.719970703125,,,,,,,138.10000000000002,4.061764705882354,131,3.8529411764705883,,,,,,,,,,,,,,,,,,,"Orlando Ribalta","26247",687377
"Bowden Francis","TOR",1.64366,1.62038,0.544839,4.8046,30,2,0,0.6504,,37.1457,158.935,34.8183,21.19,19.83,7.3879,12.0933,0.661654,2.25728,33.6625,8.15605,2.93007,2.78357,1.79001,0.211801,0.0760896,0.13571125268936157,0.240817,1.26291,0.264942,0.70338,,,5.06724,0.0279495,-0.071647,748.8900146484375,,,,,,,126.70000000000002,3.4243243243243247,124,3.3513513513513513,,,,,,,,,,,,,,,,,,,"Bowden Francis","20548",670102
"Dylan Ray","ARI",0.2864,0.246579,0,4.46396,8,0,0,0,,5.72585,24.7308,5.36619,3.04,2.84,0.772264,2.23469,0.1715,0.291413,5.56515,8.74741,3.51252,2.49035,1.21386,0.225029,0.0903605,0.1346687749028206,0.241669,1.32747,0.289522,0.699552,,,4.26814,0.0273062,0.0138199,999,,,,,,,25.10000000000001,4.1833333333333345,23,3.8333333333333335,,,,,,,,,,,,,,,,,,,"Dylan Ray","sa3020392",691009
"Peyton Alford","SEA",0.372404,0.282052,0,4.08409,10,0,0,0,,6.19232,26.5548,5.06331,3,2.81,0.779288,2.98745,0.157956,0.302313,6.7542,9.81664,4.34199,2.26086,1.13263,0.254349,0.112501,0.14184819161891937,0.217636,1.30012,0.27232,0.725709,,,4.18347,0.0267136,0.0138199,999,,,,,,,24.10000000000001,4.016666666666668,22,3.6666666666666665,,,,,,,,,,,,,,,,,,,"Peyton Alford","sa3016843",688230
"Jackson Wolf","SDP",0.450175,0.363505,0,4.389,12,0,0,0.6601,,9.76076,42.0562,8.99738,5.11,4.76,1.29157,3.8956,0.311025,0.39393,9.15546,8.44188,3.59198,2.3502,1.19091,0.217696,0.0926285,0.12506739050149918,0.238236,1.3209,0.282061,0.702132,,,4.29776,0.025815,0.0230332,999,,,,,,,48.300000000000004,4.83,47,4.7,,,,,,,,,,,,,,,,,,,"Jackson Wolf","29832",680232
"Mitch Spence","ATH",1.33501,1.243,0,4.88933,40,0,0,0.6389,,30.2066,131.399,31.8,17.61,16.41,4.43642,9.75127,0.890586,1.50119,24.6512,7.34477,2.90537,2.528,1.32182,0.187605,0.0742111,0.11339423060417175,0.264676,1.37557,0.300503,0.67745,,,4.52981,0.0240814,-0.23614,999,,,,,,,107.60000000000001,3.586666666666667,116,3.8666666666666667,,,,,,,,,,,,,,,,,,,"Mitch Spence","27707",687765
"Grant Kipp","CHC",0.322266,0.238375,0,4.27324,8,0,0,0,,6.17097,26.3491,5.59983,3.14,2.93,0.796568,2.34587,0.156734,0.331922,5.90405,8.61072,3.42131,2.51679,1.16175,0.22407,0.0890302,0.13504021614789963,0.236566,1.28759,0.283033,0.703564,,,4.20152,0.0240503,0.0138199,999,,,,,,,22.500000000000007,3.7500000000000013,23,3.8333333333333335,,,,,,,,,,,,,,,,,,,"Grant Kipp","sa3020185",805990
"Taylor Rashi","ARI",0.428594,0.370878,0,4.56724,12,0,0,0.668,,8.43398,36.7942,7.63366,4.58,4.28,1.15233,3.90741,0.32503,0.397216,8.71361,9.2984,4.16965,2.23002,1.22966,0.23682,0.106196,0.13062381744384766,0.234957,1.3684,0.286485,0.701169,,,4.37618,0.0229237,-0.0832532,999,,,,,,,36.10000000000001,4.512500000000001,37,4.625,,,,,,,,,,,,,,,,,,,"Taylor Rashi","26344",688497
"AJ Smith-Shawver","ATL",0.236661,0.167359,0,4.46621,6,0,0,0.6599,,5.07813,21.7847,4.36372,2.69,2.52,0.726009,2.23311,0.142117,0.233543,5.47551,9.70427,3.95775,2.45197,1.28671,0.251347,0.102508,0.14883848279714584,0.225889,1.29907,0.277338,0.700096,,,4.29443,0.0219512,-0.0393256,999,,,,,,,22.300000000000004,4.460000000000001,20,4,,,,,,,,,,,,,,,,,,,"AJ Smith-Shawver","29960",700363
"Collin Snider","CHC",0.615837,0.512303,0,4.75062,16,0,0,0.7242,,11.7458,51.572,11.6341,6.64,6.2,1.44897,5.00829,0.312366,0.64411,10.4371,7.99721,3.8375,2.08396,1.11025,0.202379,0.0971126,0.10526638478040695,0.253357,1.41687,0.299266,0.684446,,,4.40535,0.0207113,-0.074204,999,,,,,,,51.30000000000001,4.275000000000001,53,4.416666666666667,,,,,,,,,,,,,,,,,,,"Collin Snider","23307",676092
"Carlos Carrasco","ATL",0.488136,0.797944,0.656079,6.03569,2,2,0,0,,9.752,43.8349,11.4404,6.97,6.54,1.83422,3.58447,0.0311129,0.412821,7.19135,6.63681,3.30806,2.00626,1.69278,0.164055,0.0817719,0.08228347450494766,0.287175,1.54069,0.311766,0.646615,,,5.33509,0.0181637,-0.0672571,999,,,,,,,22.799999999999997,2.28,26,2.6,,,,,,,,,,,,,,,,,,,"Carlos Carrasco","6632",471911
"Alex Hoppe","SEA",0.642453,0.542638,0,4.47058,18,0,0,0,,11.4549,49.7575,11.0606,6.09,5.69,1.36999,4.67801,0.278527,0.595714,9.81592,7.71227,3.67546,2.09831,1.07639,0.197275,0.0940162,0.1032591238617897,0.248644,1.37397,0.291029,0.698132,,,4.35725,0.0180773,-0.0257189,999,,,,,,,42.50000000000001,3.863636363636364,44,4,,,,,,,,,,,,,,,,,,,"Alex Hoppe","sa3020836",695380
"Joey Estes","ATH",1.06262,0.929745,0,4.68855,30,0,0,0.6389,,22.9196,97.3766,21.5832,12.78,11.94,4.30604,6.47711,0.744673,1.33585,19.0257,7.47094,2.54341,2.93737,1.69088,0.195383,0.0665161,0.12886657565832138,0.240981,1.22429,0.260858,0.693555,,,4.93996,0.0175194,-0.0999361,999,,,,,,,84.8,3.6869565217391305,84,3.652173913043478,,,,,,,,,,,,,,,,,,,"Joey Estes","26257",683155
"Carlos Hernández","CLE",0.59736,0.638849,0,4.77076,18,0,0,0.6864,,11.9792,52.3775,11.2215,6.78,6.35,1.69198,5.30114,0.231846,0.600806,11.0186,8.2783,3.98275,2.07854,1.27119,0.210369,0.10121,0.10915913432836533,0.241449,1.37927,0.282231,0.688338,,,4.60972,0.0174926,-0.0742557,999,,,,,,,43.600000000000016,3.6333333333333346,42,3.5,,,,,,,,,,,,,,,,,,,"Carlos Hernandez","22713",672578
"Zach Brzykcy","MIA",0.485119,0.441518,0,4.45734,14,0,0,0.6413,,8.74288,37.9776,7.99802,4.66,4.33,1.2196,3.791,0.400112,0.475561,8.53625,8.78729,3.90249,2.25172,1.25547,0.224771,0.099822,0.12494881451129913,0.237252,1.34841,0.282963,0.707133,,,4.45987,0.017467,-0.030295,999,,,,,,,43.500000000000014,4.833333333333335,42,4.666666666666667,,,,,,,,,,,,,,,,,,,"Zach Brzykcy","27783",694350
"Riley Cornelio","WSN",0.929991,1.71193,0.875241,5.51617,11,3,0,0,,22.793,101.948,24.5646,14.91,13.97,3.52137,9.85722,0.358075,1.01447,16.0684,6.34473,3.89221,1.63011,1.39044,0.157613,0.0966882,0.06092429161071777,0.269713,1.51019,0.294364,0.661599,,,5.16454,0.0172449,-0.146776,999,,,,,,,55.000000000000014,2.3913043478260874,62,2.6956521739130435,,,,,,,,,,,,,,,,,,,"Riley Cornelio","sa3020830",683000
"Shane Murphy","CHW",0.850658,0.772455,0,4.40156,24,0,0,0,,17.1553,72.5606,16.3278,9.03,8.39,2.76859,4.99851,0.496752,0.552606,14.5032,7.60866,2.62232,2.9015,1.45246,0.199877,0.0688874,0.1309894472360611,0.243664,1.24313,0.272614,0.704648,,,4.51306,0.0169671,-0.0119275,999,,,,,,,59.300000000000004,3.488235294117647,58,3.411764705882353,,,,,,,,,,,,,,,,,,,"Shane Murphy","sa3020389",690294
"Jake Miller","CLE",0.476027,0.473059,0,4.4641,14,0,0,0,,9.2135,39.5386,8.51336,4.88,4.57,1.32406,3.47699,0.215334,0.465235,8.20782,8.01762,3.39642,2.36061,1.29337,0.20759,0.0879392,0.11965092271566391,0.239164,1.30139,0.275827,0.701448,,,4.50527,0.0169559,-0.030295,999,,,,,,,37.90000000000001,4.211111111111112,39,4.333333333333333,,,,,,,,,,,,,,,,,,,"Jake Miller","sa3018171",681313
"José Fermin","LAA",1.71598,1.58875,0,4.39048,50,0,0,4.3963,,35.1556,151.213,29.8869,18.35,17.15,5.57021,15.9019,1.42958,1.77265,37.0813,9.493,4.07095,2.33188,1.426,0.245226,0.105162,0.14006373286247253,0.223807,1.30246,0.267549,0.722254,,,4.59362,0.0168102,0.0294898,999,,,,,,,143.2,4.091428571428571,133,3.8,,,,,,,,,,,,,,,,,,,"Jose Fermin","33908",820862
"Joel Hurtado","LAA",0.871966,0.836256,0,4.44147,26,0,0,0,,18.5614,81.5839,16.9365,9.79,9.16,2.07068,9.36963,0.554258,1.27048,16.6415,8.06906,4.54312,1.77611,1.00402,0.20398,0.114847,0.08913324773311615,0.238732,1.41725,0.284614,0.705601,,,4.51198,0.0162267,-0.00732748,999,,,,,,,75.8,3.9894736842105263,73,3.8421052631578947,,,,,,,,,,,,,,,,,,,"Joel Hurtado","sa3019774",805871
"Ryne Stanek",,3.08625,3.62041,0,4.62054,56,0,0,0,,56,244.303,50.0395,30.69,28.75,8.05244,26.7945,1.17908,2.76016,54.2857,8.72449,4.30626,2.026,1.29414,0.222206,0.109677,0.1125292032957077,0.233015,1.37204,0.275487,0.703837,,,4.64896,0.0159846,-0.176775,999,,,,,,,204.0000000000001,3.642857142857145,194,3.4642857142857144,,,,,,,,,,,,,,,,,,,"Ryne Stanek","15947",592773
"Miguel Castro",,2.0863,2.45188,0,4.60948,38,0,0,0,,38.4447,167.456,34.9379,21.09,19.69,4.58757,18.1202,0.832222,2.57551,33.4791,7.83754,4.24199,1.84761,1.07396,0.199927,0.108208,0.09171874076128006,0.23806,1.38011,0.279227,0.685488,,,4.55971,0.0158559,-0.116329,999,,,,,,,131.7,3.46578947368421,128,3.3684210526315788,,,,,,,,,,,,,,,,,,,"Miguel Castro","15684",612434
"Enyel De Los Santos","HOU",1.87196,1.50818,0,4.83939,60,0,0,12.3862,,51.3288,222.604,49.4939,29.51,27.6,8.20305,19.1181,0.999951,3.06317,48.0209,8.41999,3.35217,2.51181,1.43832,0.215724,0.085884,0.12983983010053635,0.246948,1.33672,0.286348,0.684466,,,4.63803,0.0153834,-0.340403,999,,,,,,,229.6,4.5019607843137255,229,4.490196078431373,,,,,,,,,,,,,,,,,,,"Enyel De Los Santos","18403",660853
"Mark Leiter Jr.","ATH",2.13464,1.99675,0,4.89981,64,0,0,13.1067,,46.6365,202.898,45.3021,27.28,25.39,8.04281,17.5434,0.881037,3.34921,49.8937,9.62859,3.38556,2.84401,1.55212,0.245905,0.0864642,0.15944119542837143,0.248905,1.34756,0.300311,0.689447,,,4.58136,0.0149924,-0.248409,614.3300170898438,,,,,,,221.39999999999998,4.71063829787234,220,4.680851063829787,,,,,,,,,,,,,,,,,,,"Mark Leiter Jr.","15551",643410
"Daniel Harper","PHI",0.496884,0.38724,0,4.61264,13,0,0,0,,9.4046,40.8795,8.91462,5.17,4.82,1.27247,3.87223,0.325481,0.455863,8.71719,8.34216,3.70564,2.25121,1.21773,0.213241,0.0947231,0.11851812899112701,0.243893,1.35964,0.287713,0.692102,,,4.42089,0.0142169,-0.0302849,999,,,,,,,36.90000000000001,4.100000000000001,38,4.222222222222222,,,,,,,,,,,,,,,,,,,"Daniel Harper","sa3020316",679702
"Walbert Urena","LAA",0.988585,1.34835,0.565331,4.82591,16,2,0,0,,24.0203,106.763,22.6722,13.72,12.88,2.90592,12.8888,0.487002,1.53768,19.7384,7.39565,4.82919,1.53145,1.0888,0.18488,0.120722,0.06415753066539764,0.245538,1.48045,0.283621,0.693525,,,4.86615,0.0139817,-0.0474813,999,,,,,,,75.90000000000002,3.162500000000001,76,3.1666666666666665,,,,,,,,,,,,,,,,,,,"Walbert Urena","sa3018298",700712
"Tyler Davis","CHW",0.491581,0.470234,0,4.54895,14,0,0,0,,10.2287,44.044,9.28111,5.54,5.17,1.53169,4.13673,0.228001,0.584569,9.52429,8.38017,3.6398,2.30237,1.34769,0.216245,0.0939227,0.12232224643230438,0.236024,1.31178,0.274154,0.698794,,,4.60426,0.0129513,-0.0787402,999,,,,,,,31,3.1,29,2.9,,,,,,,,,,,,,,,,,,,"Tyler Davis","sa3024515",699823
"Scott Blewett","STL",0.965109,0.942236,0,5.0292,28,0,0,0.6791,,23.0673,101.589,23.7016,13.74,12.89,3.13401,9.15068,0.694531,1.06294,18.6823,7.28914,3.57026,2.04163,1.22278,0.183901,0.0900755,0.0938250944018364,0.259387,1.4242,0.295685,0.671439,,,4.60989,0.0118312,-0.201118,999,,,,,,,82.9,3.604347826086957,88,3.8260869565217392,,,,,,,,,,,,,,,,,,,"Scott Blewett","16427",656240
"Drew Pomeranz","LAA",1.89606,1.9377,0,4.71965,58,0,0,11.133,,40.1025,174.884,37.5679,22.52,21.03,6.50015,17.4059,0.871336,1.98354,42.9546,9.64007,3.90631,2.46782,1.4588,0.245617,0.0995279,0.14608899503946304,0.241602,1.37083,0.292981,0.707462,,,4.55054,0.0117594,-0.213645,707.5599975585938,,,,,,,184.09999999999997,4.602499999999999,182,4.55,,,,,,,,,,,,,,,,,,,"Drew Pomeranz","11426",519141
"George Soriano","BAL",0.311657,0.233109,0,4.70372,8,0,0,0.665,,6.60116,28.8627,6.3216,3.69,3.45,0.882688,2.7908,0.138832,0.43922,5.99911,8.17917,3.80497,2.1496,1.20345,0.20785,0.0966922,0.11115752160549164,0.246622,1.38042,0.290061,0.688415,,,4.5238,0.0114834,-0.0348004,999,,,,,,,30.9,4.414285714285714,29,4.142857142857143,,,,,,,,,,,,,,,,,,,"George Soriano","21863",666277
"Joe Jacques","NYM",0.283248,0.226024,0,4.25455,8,0,0,0.7021,,5.28846,23.1019,5.03201,2.69,2.5,0.491552,2.36005,0.163214,0.334019,4.14777,7.05876,4.01638,1.75749,0.836532,0.179542,0.102158,0.07738404721021652,0.246572,1.39777,0.287944,0.701393,,,4.30312,0.00964876,-0.0394036,999,,,,,,,30,6,31,6.2,,,,,,,,,,,,,,,,,,,"Joe Jacques","25178",682175
"Trevor Williams","WSN",0.538632,0.60423,0,4.94005,18,0,0,0.6602,,13.0626,56.8857,13.827,7.69,7.17,2.03018,4.07576,0.31958,0.511395,10.4827,7.22243,2.80815,2.57196,1.39877,0.184276,0.0716481,0.11262769997119904,0.264386,1.37053,0.296509,0.678116,,,4.6041,0.00931124,-0.122579,999,,,,,,,44.199999999999996,3.3999999999999995,48,3.6923076923076925,,,,,,,,,,,,,,,,,,,"Trevor Williams","16977",592866
"Lyon Richardson","CIN",0.745563,0.708867,0,4.76701,22,0,0,0.6661,,13.7633,61.1053,13.3579,7.79,7.29,1.56511,6.89642,0.464242,0.746426,12.124,7.92803,4.50965,1.75801,1.02345,0.198412,0.112861,0.08555039018392563,0.249855,1.47161,0.296499,0.69004,,,4.51758,0.0084252,-0.069727,999,,,,,,,49.2,3.5142857142857147,48,3.4285714285714284,,,,,,,,,,,,,,,,,,,"Lyon Richardson","24581",680689
"Lake Bachar","MIA",1.90642,1.87044,0,4.7403,56,0,0,9.8757,,38.352,168.573,35.1622,21.76,20.2,6.07142,18.4913,1.28865,2.0472,39.8492,9.35136,4.33933,2.15503,1.42477,0.236391,0.109693,0.12669824063777924,0.237526,1.39898,0.284884,0.706335,,,4.72164,0.00812525,-0.218208,999,,,,,,,176.39999999999998,4.6421052631578945,172,4.526315789473684,,,,,,,,,,,,,,,,,,,"Lake Bachar","19222",669199
"Henry Williams","KCR",0.299723,0.242287,0,4.53171,8,0,0,0,,5.42179,23.6122,5.01821,2.93,2.73,0.699198,2.38239,0.137175,0.317643,4.92182,8.17006,3.95469,2.06592,1.16065,0.208444,0.100896,0.10754724591970444,0.239965,1.36497,0.282451,0.696168,,,4.49004,0.00751785,-0.0394036,999,,,,,,,15.7,3.1399999999999997,16,3.2,,,,,,,,,,,,,,,,,,,"Henry Williams","sa3020901",689275
"Ky Bush","CHW",0.422245,0.385542,0,4.39648,12,0,0,0.6116,,8.84343,38.2803,8.20317,4.64,4.32,1.09629,3.78894,0.28991,0.368138,7.53262,7.66598,3.85602,1.98806,1.1157,0.196775,0.0989788,0.09779660403728485,0.240399,1.35605,0.278763,0.70306,,,4.45338,0.00678949,-0.0302732,999,,,,,,,41.500000000000014,4.6111111111111125,40,4.444444444444445,,,,,,,,,,,,,,,,,,,"Ky Bush","29823",681066
"Shinnosuke Ogasawara","WSN",0.305749,0.316031,0,4.68913,10,0,0,0.6602,,7.60056,33.2219,7.61749,4.26,3.96,0.96743,2.94824,0.224537,0.304615,6.08664,7.20734,3.49108,2.0645,1.14556,0.183212,0.0887438,0.09446785598993301,0.254179,1.39013,0.290206,0.684563,,,4.47213,0.00617098,0.0184265,999,,,,,,,33.10000000000001,4.137500000000001,34,4.25,,,,,,,,,,,,,,,,,,,"Shinnosuke Ogasawara","35324",829272
"Ken Waldichuk","ATH",0.41105,0.359444,0,4.67299,12,0,0,0.6389,,9.80314,42.9744,9.05411,5.45,5.09,1.39101,4.60276,0.3207,0.606131,9.86903,9.06049,4.22567,2.14416,1.27705,0.229649,0.107105,0.12254434823989868,0.239745,1.39311,0.289114,0.700875,,,4.56036,0.0060081,0.0230332,999,,,,,,,44.300000000000004,4.430000000000001,43,4.3,,,,,,,,,,,,,,,,,,,"Ken Waldichuk","27681",686610
"Brennan Bernardino","COL",1.89122,2.00213,0,5.27921,55,0,0,9.2207,,43.3531,194.944,48.2272,27.36,25.43,5.54693,17.7622,1.48548,2.83123,36.7778,7.63499,3.6874,2.07056,1.15153,0.188658,0.0911144,0.09754353016614914,0.27661,1.52214,0.323271,0.663466,,,4.52685,0.0057004,-0.459503,999,,,,,,,166.59999999999997,3.874418604651162,184,4.27906976744186,,,,,,,,,,,,,,,,,,,"Brennan Bernardino","16835",657514
"Tommy McCollum","TBR",0.299124,0.248088,0,4.53411,8,0,0,0,,6.64959,29.1828,5.74069,3.58,3.35,0.874554,3.55578,0.244777,0.434124,6.85048,9.27189,4.81263,1.92658,1.18368,0.234744,0.121845,0.11289875209331512,0.22787,1.39805,0.278577,0.708177,,,4.58454,0.00539213,-0.0348004,999,,,,,,,25.900000000000013,3.700000000000002,24,3.4285714285714284,,,,,,,,,,,,,,,,,,,"Tommy McCollum","sa3017204",695294
"Kolby Allard","CLE",2.27021,2.72715,0,4.73911,42,0,0,0,,42.4447,183.62,42.4692,23.95,22.35,6.32398,14.8547,1.36415,1.56728,34.6163,7.34006,3.1498,2.33033,1.34094,0.188521,0.080899,0.10762210935354233,0.254005,1.35055,0.28628,0.688543,,,4.60163,0.00476071,-0.208604,999,,,,,,,146.8,3.4952380952380957,151,3.5952380952380953,,,,,,,,,,,,,,,,,,,"Kolby Allard","18694",663465
"Brock Stewart","LAD",1.23303,0.857221,0,4.99983,32,0,0,0.7738,,20.7547,91.1417,19.5088,12.37,11.53,3.63014,9.13861,0.489745,1.33769,23.2885,10.0988,3.96284,2.54837,1.57416,0.25552,0.100268,0.15525174885988235,0.241848,1.38028,0.295434,0.690739,,,4.67906,0.00335056,-0.104575,999,,,,,,,74.2,3.5333333333333337,73,3.4761904761904763,,,,,,,,,,,,,,,,,,,"Brock Stewart","16727",592779
"Jayvien Sandridge","NYY",0.982074,0.690088,0,4.3275,26,0,0,0.6915,,15.8683,70.4361,12.4987,8.12,7.63,1.93224,10.5865,0.639276,0.934039,19.2721,10.9306,6.00435,1.82044,1.09591,0.273612,0.1503,0.12331205606460571,0.212146,1.4548,0.280194,0.734306,,,4.46714,0.00324781,0.036853,999,,,,,,,68.60000000000001,4.2875000000000005,60,3.75,,,,,,,,,,,,,,,,,,,"Jayvien Sandridge","25158",682144
"Troy Watson","DET",0.476443,0.829745,0.67183,5.68612,2,2,0,0,,9.94,44.3592,10.6484,6.72,6.28,1.82553,4.22536,0.0419136,0.473933,6.68163,6.04976,3.82577,1.58132,1.65289,0.150626,0.0952532,0.05537230521440506,0.268493,1.49636,0.283214,0.661938,,,5.59655,0.00185708,-0.0672571,999,,,,,,,22.799999999999997,2.28,26,2.6,,,,,,,,,,,,,,,,,,,"Troy Watson","sa3007249",681890
"Gunnar Hoglund","ATH",2.09705,3.03389,1.72114,5.27521,20,6,0,0.6389,,44.0513,191.031,45.549,27.63,25.82,8.82038,14.1859,0.531621,1.98188,34.7983,7.10955,2.89828,2.45302,1.80207,0.182161,0.0742597,0.10790112614631653,0.260484,1.35603,0.279849,0.677514,,,5.25929,0.00182981,-0.199064,746.5,,,,,,,121.30000000000004,2.7568181818181827,129,2.9318181818181817,,,,,,,,,,,,,,,,,,,"Gunnar Hoglund","31318",680684
"Joey Lucchesi",,2.56662,2.99327,0,4.55077,47,0,0,0,,47.4447,206.824,45.439,25.68,23.99,5.74919,21.1968,1.3054,2.19324,38.9193,7.38277,4.02091,1.83609,1.09059,0.188176,0.102487,0.08568886667490005,0.247714,1.40449,0.286022,0.69906,,,4.5488,-0.00288393,-0.146552,999,,,,,,,166,3.5319148936170213,166,3.5319148936170213,,,,,,,,,,,,,,,,,,,"Joey Lucchesi","19320",664192
"Hogan Harris","ATH",2.25766,1.96689,0,4.68958,66,0,0,11.3525,,48.0939,212.51,44.3456,26.83,25.06,6.2979,24.6872,1.42112,2.63138,47.39,8.86828,4.61982,1.91962,1.17855,0.223002,0.11617,0.10683178901672363,0.239459,1.43538,0.289329,0.70086,,,4.57084,-0.00306896,-0.195369,560.219970703125,,,,,,,221.00000000000003,4.604166666666667,216,4.5,,,,,,,,,,,,,,,,,,,"Hogan Harris","21520",663687
"JT Brubaker","SFG",1.66568,1.74498,0,5.22037,53,0,0,4.7282,,35.3768,156.86,38.9092,22.11,20.52,5.47275,12.5229,0.944794,2.08529,31.122,7.91757,3.18588,2.4852,1.39229,0.198406,0.079835,0.1185712069272995,0.273523,1.45384,0.316461,0.669909,,,4.62556,-0.00623684,-0.376887,999,,,,,,,133.1,3.8028571428571425,147,4.2,,,,,,,,,,,,,,,,,,,"JT Brubaker","17578",664141
"Kirby Yates","LAA",1.87928,1.81786,0,4.60929,56,0,0,11.8374,,38.7197,168.105,32.6185,21.2,19.83,6.1779,19.2512,0.993234,2.30381,44.745,10.4005,4.47476,2.32426,1.43599,0.266173,0.114519,0.1516536921262741,0.222576,1.33962,0.276497,0.709608,,,4.56821,-0.00660762,-0.063352,503.94000244140625,,,,,,,204,5.230769230769231,192,4.923076923076923,,,,,,,,,,,,,,,,,,,"Kirby Yates","9073",489446
"Jack Kochanowicz","LAA",1.50952,2.07262,0.838915,4.87959,25,3,0,0.6594,,36.7408,160.869,39.4221,21.36,19.92,5.1578,12.4315,0.902774,2.33516,23.0349,5.64261,3.0452,1.85295,1.26345,0.14319,0.0772769,0.06591341644525528,0.269824,1.41133,0.290597,0.683212,,,4.91195,-0.00796713,-0.0187096,999,,,,,,,118.9,3.2135135135135138,128,3.4594594594594597,,,,,,,,,,,,,,,,,,,"Jack Kochanowicz","27688",686799
"Hunter Parks","CIN",0.277837,0.260898,0,4.77336,8,0,0,0,,5.39243,24.0362,4.70057,3.04,2.86,0.69756,3.22283,0.152314,0.36442,5.27336,8.80127,5.37892,1.63625,1.16423,0.219393,0.134082,0.0853102058172226,0.229869,1.46936,0.276489,0.70297,,,4.85668,-0.00809939,-0.0394036,999,,,,,,,12.7,2.54,13,2.6,,,,,,,,,,,,,,,,,,,"Hunter Parks","sa3017640",688609
"Julian Fernández","WSN",1.86193,1.90156,0,4.62927,59,0,0,11.983,,40.2828,175.073,36.4978,22.17,20.72,5.48271,18.3345,1.12703,2.10099,33.2114,7.42011,4.0963,1.81142,1.22495,0.1897,0.104725,0.08497555553913116,0.236022,1.36118,0.267502,0.692636,,,4.7775,-0.0117132,-0.111997,748.719970703125,,,,,,,194.9,4.8725000000000005,189,4.725,,,,,,,,,,,,,,,,,,,"Julian Fernandez","18341",642759
"Ty Adcock","SDP",1.86984,1.58713,0,4.57981,50,0,0,4.4005,,36.0997,154.498,34.3091,19.73,18.37,5.94762,12.1415,0.953728,1.69077,32.2196,8.03265,3.027,2.65367,1.4828,0.208543,0.0785867,0.12995664775371552,0.243905,1.28673,0.276701,0.700888,,,4.64143,-0.0127337,-0.121117,999,,,,,,,142.20000000000002,3.9500000000000006,140,3.888888888888889,,,,,,,,,,,,,,,,,,,"Ty Adcock","25651",686654
"Angel Chivilli","COL",1.05981,1.07282,0,5.12855,30,0,0,0.6096,,24.9544,109.844,27.7455,15.27,14.22,3.60717,7.93657,0.580985,1.30411,19.0889,6.88455,2.86238,2.40518,1.30095,0.173782,0.0722532,0.1015288382768631,0.275791,1.42989,0.309835,0.666364,,,4.5953,-0.0133403,-0.196628,999,,,,,,,78.00000000000001,3.1200000000000006,88,3.52,,,,,,,,,,,,,,,,,,,"Angel Chivilli","26790",683409
"T.J. McFarland",,1.75657,2.13405,0,4.69043,33,0,0,0,,33.4447,146.611,35.7529,18.75,17.43,3.61883,12.2362,1.08648,1.67722,22.1294,5.95504,3.29278,1.80852,0.973832,0.15094,0.0834604,0.06747915595769882,0.269432,1.43488,0.300461,0.681204,,,4.46648,-0.0135893,-0.17836,999,,,,,,,103.40000000000006,3.133333333333335,115,3.484848484848485,,,,,,,,,,,,,,,,,,,"T.J. McFarland","3237",519008
"Cameron Foster","BAL",1.01345,0.765173,0,4.81958,26,0,0,0,,18.6738,81.4842,18.0709,10.69,10,2.81645,7.66504,0.470606,0.967107,16.5014,7.95299,3.69423,2.15281,1.35741,0.202511,0.0940679,0.1084427535533905,0.248049,1.37818,0.284947,0.690405,,,4.71529,-0.0143849,-0.109058,999,,,,,,,63.89999999999999,3.3631578947368417,63,3.3157894736842106,,,,,,,,,,,,,,,,,,,"Cameron Foster","sa3020735",671382
"Nate Pearson","HOU",1.72086,1.37698,0,4.76967,54,0,0,9.8537,,46.6259,202.168,42.744,26.41,24.71,7.51205,19.4156,1.04402,2.65908,43.007,8.30146,3.74771,2.21508,1.45002,0.212729,0.096037,0.11669235676527023,0.237344,1.33315,0.271906,0.692248,,,4.80517,-0.017124,-0.146677,747.3900146484375,,,,,,,197.59999999999997,4.204255319148936,191,4.0638297872340425,,,,,,,,,,,,,,,,,,,"Nate Pearson","20160",663878
"Osvaldo Bido","TBR",0.499994,0.48215,0,5.18772,14,0,0,0.6594,,10.9817,48.8508,10.6301,6.76,6.33,1.74073,5.09682,0.292941,0.844299,10.1746,8.33856,4.17707,1.99627,1.42661,0.20828,0.104334,0.10394521802663803,0.247731,1.4321,0.286806,0.674717,,,4.96578,-0.0191932,-0.126912,739.280029296875,,,,,,,34.2,3.1090909090909093,35,3.1818181818181817,,,,,,,,,,,,,,,,,,,"Osvaldo Bido","23150",674370
"John Brebbia","COL",0.820691,0.895229,0,5.55194,24,0,0,0.6096,,20.5388,91.2021,22.5992,13.58,12.67,3.6212,7.04165,0.421728,0.998428,19.4972,8.54358,3.08562,2.76884,1.5868,0.21378,0.0772092,0.13657043129205704,0.271748,1.44316,0.316069,0.653645,,,4.70298,-0.0192079,-0.305841,999,,,,,,,64.4,3.066666666666667,71,3.380952380952381,,,,,,,,,,,,,,,,,,,"John Brebbia","12777",605154
"Luis Mey","CIN",1.52101,1.38426,0,4.57043,44,0,0,0.6661,,28.5925,127.394,25.8116,15.47,14.52,3.11282,16.7413,0.861279,2.01222,27.0806,8.52411,5.26962,1.61759,0.979814,0.212574,0.131414,0.08116039633750916,0.237588,1.48825,0.289353,0.70907,,,4.62385,-0.019843,0.0156758,999,,,,,,,111.10000000000002,3.8310344827586214,107,3.689655172413793,,,,,,,,,,,,,,,,,,,"Luis Mey","25620",682825
"J.P. France","HOU",0.817309,0.66951,0,4.85082,26,0,0,0.6635,,22.6725,99.0781,21.7789,13.08,12.22,3.57634,9.63616,0.680395,0.912089,19.8432,7.8769,3.82515,2.05924,1.41966,0.200278,0.0972582,0.10301988571882248,0.246006,1.38561,0.279565,0.694295,,,4.83106,-0.0217427,-0.0998511,999,,,,,,,74.8,3.252173913043478,74,3.217391304347826,,,,,,,,,,,,,,,,,,,"J.P. France","21212",641585
"Keegan Thompson","CIN",1.33397,1.68722,0.576508,5.07027,26,2,0,0.6661,,31.7912,140.284,30.4387,19.11,17.91,5.31028,15.0166,0.499264,1.68281,30.6102,8.66566,4.25115,2.03843,1.50332,0.218202,0.107044,0.11115748435258865,0.246298,1.42981,0.286644,0.692916,,,4.95675,-0.0220467,-0.136518,999,,,,,,,112.30000000000001,3.5093750000000004,110,3.4375,,,,,,,,,,,,,,,,,,,"Keegan Thompson","19795",624522
"Triston McKenzie","SDP",1.40072,1.71087,0.845901,4.95682,17,3,0,0.6601,,29.6137,128.869,26.5342,17.43,16.31,5.49114,14.1948,0.49396,1.16915,26.3941,8.02151,4.31398,1.85942,1.66883,0.204813,0.110149,0.09466391056776047,0.23377,1.37534,0.257816,0.705145,,,5.31955,-0.0271981,0.0213832,733.3300170898438,,,,,,,101.3,3.3766666666666665,96,3.2,,,,,,,,,,,,,,,,,,,"Triston McKenzie","18000",663474
"Michael Tonkin","MIN",1.90778,2.47,0,5.00073,36,0,0,0,,36.4447,159.294,35.8273,21.68,20.25,6.02124,13.9947,0.705133,2.5014,34.219,8.45038,3.45597,2.44515,1.48694,0.214817,0.0878542,0.12696249783039093,0.250895,1.36706,0.290627,0.679885,,,4.76298,-0.0323646,-0.322976,999,,,,,,,116.00000000000003,3.222222222222223,119,3.3055555555555554,,,,,,,,,,,,,,,,,,,"Michael Tonkin","10315",543859
"Brandon Waddell","NYM",0.471962,0.431339,0,5.0668,14,0,0,0.7021,,9.21884,41.2702,9.31337,5.56,5.19,1.1748,4.57922,0.302183,0.434752,7.2698,7.09722,4.47052,1.58756,1.14691,0.176151,0.110957,0.06519410759210587,0.256876,1.50698,0.292631,0.68033,,,4.84627,-0.037691,-0.131512,999,,,,,,,33.90000000000001,3.766666666666668,35,3.888888888888889,,,,,,,,,,,,,,,,,,,"Brandon Waddell","18347",663399
"Sam Benschoter","CIN",0.526504,0.561885,0,5.3524,16,0,0,0,,9.71901,43.4114,9.84249,6.16,5.78,1.62713,4.49779,0.274326,0.594601,8.80389,8.15258,4.16505,1.95738,1.50675,0.202801,0.103608,0.09919275343418121,0.256856,1.47549,0.294584,0.678169,,,5.07176,-0.0423789,-0.0788072,999,,,,,,,26.4,2.6399999999999997,27,2.7,,,,,,,,,,,,,,,,,,,"Sam Benschoter","sa3017639",680397
"Tommy Kahnle",,3.46163,3.9775,0,4.48,63,0,0,0,,63,274.943,59.2971,33.6,31.36,7.91754,28.7266,1.22094,3.36566,53.8567,7.69381,4.1038,1.8748,1.13108,0.195883,0.104482,0.09140139073133469,0.244172,1.3972,0.283746,0.70736,,,4.58738,-0.0437269,-0.109962,999,,,,,,,226.40000000000006,3.5936507936507947,223,3.5396825396825395,,,,,,,,,,,,,,,,,,,"Tommy Kahnle","11384",592454
"Jorge López",,1.78868,2.28378,0,4.90961,34,0,0,0,,34.4447,151.568,35.7107,20.12,18.79,4.72232,13.0841,0.926253,2.45058,28.0353,7.32531,3.41872,2.14271,1.23389,0.184969,0.0863251,0.09864423424005508,0.262516,1.41661,0.300057,0.679763,,,4.64258,-0.0453232,-0.22664,999,,,,,,,107.50000000000003,3.1617647058823537,116,3.411764705882353,,,,,,,,,,,,,,,,,,,"Jorge Lopez","14527",605347
"Tanner Rainey","DET",0.579153,0.501497,0,4.96074,16,0,0,0.6108,,11.7926,51.9977,10.5536,6.96,6.5,1.94999,6.07924,0.227213,0.709286,11.0946,8.46733,4.63962,1.825,1.48821,0.213368,0.116914,0.09645432978868484,0.233439,1.41045,0.267486,0.695744,,,5.13013,-0.0483821,-0.074204,999,,,,,,,40.600000000000016,3.3833333333333346,39,3.25,,,,,,,,,,,,,,,,,,,"Tanner Rainey","17610",663432
"Luke Jackson",,2.75318,3.43497,0,4.82051,52,0,0,0,,52.4447,232.296,52.1835,30.07,28.09,6.09277,24.836,1.51579,2.89022,44.2822,7.59923,4.26209,1.78298,1.04558,0.190628,0.106915,0.08371290564537048,0.255089,1.46859,0.298913,0.685498,,,4.54272,-0.0518735,-0.287182,999,,,,,,,179.8,3.457692307692308,186,3.576923076923077,,,,,,,,,,,,,,,,,,,"Luke Jackson","11752",592426
"Lucas Sims",,1.88469,2.24357,0,4.72932,34,0,0,0,,34.4447,152.335,28.1983,19.29,18.1,4.87243,20.5138,0.713959,2.81098,36.3488,9.49754,5.36002,1.77192,1.27311,0.238611,0.134663,0.10394880175590515,0.218574,1.41421,0.265704,0.702354,,,4.89501,-0.0561469,-0.125446,999,,,,,,,117.30000000000003,3.4500000000000006,105,3.088235294117647,,,,,,,,,,,,,,,,,,,"Lucas Sims","13470",608371
"Hunter Strickland",,2.06669,2.57381,0,4.93956,38,0,0,0,,38.4447,168.16,36.123,22.57,21.1,5.74878,16.7695,0.894874,2.25006,31.8534,7.45696,3.92578,1.89949,1.3458,0.189423,0.0997235,0.08969993889331818,0.242208,1.37581,0.272322,0.676174,,,4.90615,-0.0575391,-0.31855,999,,,,,,,120.79999999999998,3.1789473684210523,119,3.1315789473684212,,,,,,,,,,,,,,,,,,,"Hunter Strickland","7836",519326
"Kevin Abel","CIN",0.458884,0.498336,0,5.50479,14,0,0,0,,8.3709,38.1043,8.11051,5.44,5.12,1.33316,5.09926,0.23636,0.496675,7.91643,8.51138,5.48249,1.55247,1.43335,0.207757,0.133824,0.07393322885036469,0.24949,1.57806,0.291389,0.684963,,,5.31961,-0.0598864,-0.0833429,999,,,,,,,27.100000000000005,3.3875000000000006,28,3.5,,,,,,,,,,,,,,,,,,,"Kevin Abel","sa3017879",674265
"Albert Suárez","BAL",0.80749,0.703345,0,5.48746,22,0,0,0.665,,15.991,71.6788,16.8485,10.43,9.75,2.63402,7.10203,0.425717,0.821101,14.1471,7.96219,3.99714,1.99197,1.48247,0.197367,0.0990814,0.09828600287437439,0.264266,1.49775,0.302599,0.667255,,,4.99353,-0.0613085,-0.166392,999,,,,,,,45.3,2.83125,49,3.0625,,,,,,,,,,,,,,,,,,,"Albert Suarez","6175",544150
"Zach Agnos","COL",1.81271,1.76976,0,5.07016,50,0,0,4.0642,,39.6733,174.016,41.7821,24.03,22.35,6.09099,13.8671,1.21722,1.77927,30.0796,6.82363,3.1458,2.16913,1.38176,0.172855,0.0796888,0.09316636621952057,0.263826,1.40269,0.292073,0.67101,,,4.79779,-0.0713964,-0.314704,999,,,,,,,141,3.525,150,3.75,,,,,,,,,,,,,,,,,,,"Zach Agnos","31552",688642
"Michael Petersen","MIA",1.20586,1.23369,0,4.97822,36,0,0,0.6413,,23.8097,106.62,22.2545,14.15,13.17,3.37577,13.1118,0.887352,1.66225,22.8608,8.64131,4.95621,1.74353,1.27603,0.214413,0.122977,0.09143693000078201,0.242301,1.48537,0.287743,0.692432,,,4.91951,-0.0728847,-0.148511,999,,,,,,,88.50000000000001,3.6875000000000004,86,3.5833333333333335,,,,,,,,,,,,,,,,,,,"Michael Petersen","20827",656848
"Eduarniel Núñez","ATH",1.69613,1.52905,0,4.78882,50,0,0,4.2592,,37.4936,167.895,34.465,21.29,19.95,4.52133,21.7128,1.1101,2.85825,36.1747,8.68342,5.21198,1.66605,1.08531,0.21546,0.129324,0.08613614737987518,0.240469,1.49833,0.291768,0.699885,,,4.73918,-0.0762702,-0.169629,999,,,,,,,136.9,3.7,133,3.5945945945945947,,,,,,,,,,,,,,,,,,,"Eduarniel Nunez","23162",674384
"Carson Palmquist","COL",1.9566,3.21037,1.50414,5.71563,27,5,0,0.6096,,49.8527,225.752,52.6565,33.87,31.66,8.63569,24.6118,0.85208,2.63825,43.0073,7.76419,4.44321,1.74743,1.55902,0.190507,0.109021,0.08148587495088577,0.26527,1.54993,0.29975,0.665839,,,5.3015,-0.0826595,-0.517162,999,,,,,,,127.5,2.55,139,2.78,,,,,,,,,,,,,,,,,,,"Carson Palmquist","31612",687223
"Jackson Kowar","SEA",1.8558,1.78282,0,5.07934,54,0,0,7.0138,,35.1365,157.029,33.5487,21.15,19.83,5.11317,18.4887,0.870547,2.32728,34.6985,8.88782,4.73578,1.87674,1.30971,0.220968,0.11774,0.10322777926921844,0.246295,1.48101,0.294969,0.688238,,,4.82917,-0.0862403,-0.275764,999,,,,,,,147.1,4.202857142857143,148,4.228571428571429,,,,,,,,,,,,,,,,,,,"Jackson Kowar","21549",663804
"Cam Sanders","PIT",0.94548,0.805988,0,5.01174,26,0,0,0.6574,,20.3283,91.9454,18.1445,12.02,11.32,2.65188,13.0729,0.643138,1.50333,19.7231,8.73207,5.78779,1.5087,1.17407,0.214509,0.142181,0.07232801616191864,0.234518,1.53566,0.281713,0.697966,,,5.04168,-0.0863857,-0.157398,999,,,,,,,63.3,3.165,60,3,,,,,,,,,,,,,,,,,,,"Cam Sanders","23479",676742
"Joe Ross",,2.70969,3.56813,0,5.07964,52,0,0,0,,52.4447,231.854,55.5439,31.75,29.6,7.47711,20.1446,1.50029,3.13877,41.15,7.06172,3.457,2.04273,1.28314,0.177482,0.086885,0.09059743583202362,0.266308,1.44321,0.300524,0.673691,,,4.75118,-0.0935736,-0.488873,999,,,,,,,166.10000000000005,3.1942307692307703,182,3.5,,,,,,,,,,,,,,,,,,,"Joe Ross","12972",605452
"Dietrich Enns","BAL",2.37052,1.87956,0,4.99957,62,0,0,11.3389,,41.5836,184.284,39.7747,24.7,23.1,6.72873,20.4132,1.47788,2.19409,41.8375,9.05496,4.41805,2.04954,1.45631,0.227028,0.11077,0.1162576749920845,0.246014,1.44739,0.292158,0.699025,,,4.85745,-0.096803,-0.310565,748.6699829101562,,,,,,,182.70000000000005,4.350000000000001,181,4.309523809523809,,,,,,,,,,,,,,,,,,,"Dietrich Enns","13932",608650
"Nick Anderson","ATH",0.72324,0.728606,0,5.38207,22,0,0,0.6389,,17.0901,74.9522,18.1022,10.95,10.22,3.4384,5.7326,0.367316,0.792253,14.6029,7.69017,3.01891,2.54734,1.81074,0.194829,0.0764835,0.11834555119276047,0.264547,1.39466,0.291029,0.677398,,,5.18709,-0.0975522,-0.214464,999,,,,,,,55.10000000000001,3.2411764705882358,59,3.4705882352941178,,,,,,,,,,,,,,,,,,,"Nick Anderson","18337",623433
"Kendall Graveman",,2.30733,3.01031,0,5.0402,44,0,0,0,,44.4447,197.762,44.8649,26.63,24.89,5.83003,20.7887,0.926353,3.02489,36.8554,7.46318,4.20969,1.77286,1.18057,0.186362,0.10512,0.08124249428510666,0.25792,1.4772,0.297378,0.678771,,,4.78933,-0.104851,-0.405926,999,,,,,,,136.8,3.1090909090909093,144,3.272727272727273,,,,,,,,,,,,,,,,,,,"Kendall Graveman","15514",608665
"Steven Wilson","TBR",1.93321,1.74325,0,4.97105,52,0,0,6.8577,,38.4184,167.366,34.754,22.65,21.22,7.17759,16.7424,1.01148,2.16143,36.7819,8.61662,3.92211,2.19694,1.68144,0.21977,0.100035,0.11973516643047333,0.234094,1.34041,0.263883,0.69597,,,5.12523,-0.106731,-0.319399,999,,,,,,,149.1,3.9236842105263157,144,3.789473684210526,,,,,,,,,,,,,,,,,,,"Steven Wilson","20353",621051
"Tyler Ferguson","ATH",1.74088,1.64511,0,5.05097,52,0,0,6.4451,,38.9509,174.602,35.8298,23.34,21.86,5.47764,21.908,1.0969,3.33328,39.5257,9.1328,5.06206,1.80417,1.26566,0.226376,0.125474,0.10090218484401703,0.239888,1.48232,0.290848,0.687006,,,4.87789,-0.109599,-0.266493,999,,,,,,,162.50000000000003,4.166666666666667,159,4.076923076923077,,,,,,,,,,,,,,,,,,,"Tyler Ferguson","19481",621053
"Garrett Acton","COL",1.19351,1.26412,0,5.50035,34,0,0,0.6096,,27.8982,123.647,29.2472,18.34,17.05,5.52563,10.5621,1.20183,1.27532,26.83,8.65539,3.40736,2.5402,1.78258,0.216988,0.0854215,0.13156647235155106,0.26158,1.42695,0.298556,0.669381,,,5.05948,-0.11248,-0.341182,999,,,,,,,80.00000000000003,2.857142857142858,84,3,,,,,,,,,,,,,,,,,,,"Garrett Acton","27583",670183
"Dan Altavilla","MIN",1.20833,1.07638,0,5.24971,34,0,0,0.6546,,22.6984,101.566,22.0704,14.13,13.24,3.31655,11.809,0.573675,1.49958,19.5278,7.74286,4.68231,1.65364,1.31503,0.192267,0.116269,0.07599805295467377,0.250068,1.49259,0.286698,0.675511,,,5.07295,-0.112701,-0.201414,999,,,,,,,81.10000000000001,3.5260869565217394,81,3.5217391304347827,,,,,,,,,,,,,,,,,,,"Dan Altavilla","16507",656186
"Bradley Blalock","COL",0.99655,1.89444,0.946497,6.29574,13,3,0,0.6096,,27.6473,126.28,33.6297,20.63,19.34,4.94969,11.0581,0.535774,1.15863,16.6136,5.40821,3.59973,1.50239,1.61127,0.131562,0.0875681,0.04399365931749344,0.294835,1.61636,0.310055,0.637154,,,5.58633,-0.129714,-0.455666,999,,,,,,,59.30000000000001,2.1178571428571433,77,2.75,,,,,,,,,,,,,,,,,,,"Bradley Blalock","26419",687134
"Jesse Scholtens","TBR",1.65316,2.13913,0.589083,5.65088,36,2,0,0.6594,,45.869,205.108,50.8625,30.89,28.8,8.27875,17.6842,1.2062,2.18812,38.1743,7.49022,3.46983,2.15867,1.62438,0.186118,0.0862186,0.09989925473928452,0.274582,1.4944,0.306837,0.661149,,,5.11669,-0.130124,-0.594548,747.280029296875,,,,,,,129.4,2.8130434782608695,146,3.1739130434782608,,,,,,,,,,,,,,,,,,,"Jesse Scholtens","19205",669947
"Victor Mederos","LAA",1.02776,1.15248,0,5.21137,32,0,0,0.6594,,22.71,101.588,22.1494,14.04,13.15,3.51014,11.5182,0.674948,1.72318,19.6788,7.79874,4.56467,1.7085,1.39108,0.193712,0.113382,0.08033084124326706,0.250711,1.4825,0.286065,0.682618,,,5.1606,-0.133689,-0.201328,999,,,,,,,65.80000000000001,2.8608695652173917,65,2.8260869565217392,,,,,,,,,,,,,,,,,,,"Victor Mederos","31533",682989
"Luis Peralta","COL",1.37787,1.47054,0,5.4506,40,0,0,0.6096,,32.3139,147.975,33.8561,20.98,19.57,4.21686,18.1566,0.830602,1.83295,29.5475,8.22951,5.05694,1.62737,1.17447,0.199679,0.1227,0.07697860151529312,0.264531,1.60961,0.314571,0.673028,,,4.85863,-0.153883,-0.4331,999,,,,,,,103.20000000000002,3.2250000000000005,112,3.5,,,,,,,,,,,,,,,,,,,"Luis Peralta","24203",678821
"Antonio Senzatela","COL",2.05542,3.13275,0.933923,6.04745,45,3,0,0.6096,,58.9191,268.317,74.5071,42.22,39.59,8.34146,20.3569,1.38748,2.94977,33.9867,5.19154,3.10956,1.66954,1.27417,0.126667,0.0758691,0.050797395408153534,0.304098,1.61007,0.326451,0.632847,,,5.00865,-0.168264,-0.961486,999,,,,,,,146.20000000000005,2.477966101694916,194,3.288135593220339,,,,,,,,,,,,,,,,,,,"Antonio Senzatela","15488",622608
"Roddery Muñoz","HOU",1.6267,1.33702,0,4.95937,52,0,0,6.9009,,44.9149,197.379,41.425,26.54,24.75,7.67292,21.5565,1.18755,2.49939,44.5715,8.93118,4.31946,2.06766,1.53749,0.225817,0.109214,0.11660325527191162,0.239004,1.40224,0.278761,0.697586,,,4.97801,-0.176541,-0.353822,999,,,,,,,174.00000000000003,3.866666666666667,167,3.7111111111111112,,,,,,,,,,,,,,,,,,,"Roddery Munoz","25311",682610
"Scott McGough",,1.64167,2.30581,0,5.50907,32,0,0,0,,32.4447,145.385,33.2036,21.26,19.86,5.93601,15.3448,0.756568,1.81003,29.4674,8.17413,4.25659,1.92035,1.64662,0.202685,0.105546,0.09713919460773468,0.258938,1.49635,0.293747,0.678176,,,5.28334,-0.246519,-0.431927,999,,,,,,,84.2,2.63125,89,2.78125,,,,,,,,,,,,,,,,,,,"Scott McGough","12056",543518
"Michael Kelly","ATH",1.91247,2.09083,0,5.78019,60,0,0,11.4163,,43.7217,197.299,46.9349,30.06,28.08,8.12305,19.8603,1.37032,2.45255,36.2746,7.46703,4.08818,1.82649,1.67211,0.183856,0.100661,0.08319510519504547,0.26822,1.52773,0.297206,0.662815,,,5.42207,-0.38441,-0.709017,747,,,,,,,155.00000000000006,3.522727272727274,166,3.772727272727273,,,,,,,,,,,,,,,,,,,"Michael Kelly","12791",547184