Name,Team,G,PA,AB,H,1B,2B,3B,HR,R,RBI,BB,IBB,SO,HBP,SF,SH,GDP,SB,CS,AVG,BB%,K%,BB/K,OBP,SLG,wOBA,OPS,ISO,Spd,BABIP,UBR,wSB,wRC,wRAA,wRC+,BsR,Fld,Off,Def,WAR,ADP,InterSD,InterSK,IntraSD,Vol,Skew,Dim,FPTS,FPTS/G,SPTS,SPTS/G,P10,P20,P30,P40,P50,P60,P70,P80,P90,TT10,TT20,TT30,TT40,TT50,TT60,TT70,TT80,TT90,NameASCII,PlayerId,MLBAMID
"Aaron Judge","NYY",156,667.409,542.657,156.519,76.284,27.2761,0.404069,52.5548,110.227,127.033,113.278,19.087,168.251,6.27533,4.44362,0.496907,9.36685,7.81623,2.88914,0.288431,0.169729,0.252095,0.673272,0.414117,0.630725,0.430598,1.04484,0.342295,3.14866,0.31862,,-0.786758,142.553,63.6933,182.295,-0.786758,0,63.94805234670639,-6.31944465637207,8.24636,2.109999895095825,,,,,,,1276.5,8.182692307,1276.5,8.182692307,,,,,,,,,,,,,,,,,,,"Aaron Judge","15640",592450
"Shohei Ohtani","LAD",157,681.459,577.052,164.403,80.3695,31.4553,3.43801,49.1401,124.136,122.112,93.9417,13.8433,161.372,4.92393,3.72654,0.719658,8.98625,26.1164,8.42566,0.284902,0.137854,0.236803,0.582145,0.387363,0.6068,0.412747,0.994162,0.321898,5.92935,0.311297,,0.680965,135.677,55.1576,168.839,0.680965,0,56.2804291844368,-14.820793151855469,6.5615,1.059999942779541,,,,,,,1233,7.853503184,1233,7.853503184,,,,,,,,,,,,,,,,,,,"Shohei Ohtani","19755",660271
"Juan Soto","NYM",159,676.635,545.841,147.406,82.7756,26.2046,0.41088,38.015,107.178,97.9774,121.802,8.77657,122.734,4.12448,3.83038,1.03789,13.8122,16.4504,6.04509,0.270053,0.180011,0.181389,0.992405,0.404579,0.528501,0.397536,0.933079,0.258448,3.94226,0.281267,,-0.505321,126.361,46.4109,161.211,-0.505321,0,48.583339750766754,-7.661564350128174,6.49005,4.389999866485596,,,,,,,1101.4,6.927044025,1101.4,6.927044025,,,,,,,,,,,,,,,,,,,"Juan Soto","20123",665742
"Cal Raleigh","SEA",159,626.794,541.694,121.698,59.2936,22.5061,0.764584,39.1337,81.4504,104.924,73.9107,6.96608,172.136,6.24372,4.47579,0.46911,6.47096,7.0357,2.49601,0.224662,0.117919,0.274629,0.429374,0.322281,0.485762,0.342678,0.808043,0.2611,3.53932,0.246534,,-0.489621,89.1356,15.075,127.133,-0.489621,14.95,19.555142790079117,22.11080837249756,6.47016,20.170000076293945,,,,,,,827.9,5.206918238,827.9,5.206918238,,,,,,,,,,,,,,,,,,,"Cal Raleigh","21534",663728
"Bobby Witt Jr.","KCR",157,664.92,604.125,176.018,104.51,34.1378,7.15852,30.2114,105.861,95.8836,47.7521,5.01304,113.324,6.45991,5.76696,0.815441,6.97348,36.6446,8.51389,0.29136,0.0718164,0.170433,0.421376,0.346678,0.521592,0.367283,0.86827,0.230232,7.28936,0.312651,,2.82759,107.84,29.2748,134.534,2.82759,0,29.891680240631104,7.268518447875977,6.14342,3.109999895095825,,,,,,,1009.2,6.428025477,1009.2,6.428025477,,,,,,,,,,,,,,,,,,,"Bobby Witt Jr.","25764",677951
"Gunnar Henderson","BAL",156,669.016,591.06,158.633,95.4866,34.1311,3.85627,25.1589,97.3398,82.0719,66.0908,3.23575,140.868,5.86081,5.50783,0.496606,12.285,20.7415,5.22887,0.268387,0.0987881,0.21056,0.469168,0.344918,0.466879,0.348803,0.811797,0.198491,5.88308,0.310015,,0.922981,98.4668,19.4175,126.266,0.922981,0,21.6336932182312,7.222222328186035,5.30821,14.829999923706055,,,,,,,897.7,5.754487179,897.7,5.754487179,,,,,,,,,,,,,,,,,,,"Gunnar Henderson","26289",683002
"Julio Rodríguez","SEA",159,675.009,612.384,167.851,106.364,26.5753,6.12934,28.7829,96.7885,90.6084,48.6734,3.72945,148.189,9.43451,3.99483,0.522108,11.2019,25.7048,6.60567,0.274095,0.0721079,0.219536,0.328456,0.335009,0.478513,0.347924,0.813523,0.204419,6.63754,0.316491,,1.37466,98.8672,19.1098,130.747,1.37466,0,25.836416602134705,2.253401279449463,5.25094,11.279999732971191,,,,,,,917.7,5.771698113,917.7,5.771698113,,,,,,,,,,,,,,,,,,,"Julio Rodriguez","23697",677594
"Vladimir Guerrero Jr.","TOR",157,668.722,583.982,174.885,110.81,31.0777,1.06633,31.9309,99.6407,98.5461,72.6173,7.07322,87.5674,7.2072,4.33564,0.580275,16.7374,5.53099,2.14545,0.299469,0.108591,0.130947,0.829273,0.38122,0.520372,0.384166,0.901592,0.220902,3.18552,0.304923,,-0.98421,117.623,38.6088,149.785,-0.98421,0,38.25467026233673,-12.314019203186035,5.00891,18.5,,,,,,,1038.2,6.612738853,1038.2,6.612738853,,,,,,,,,,,,,,,,,,,"Vladimir Guerrero Jr.","19611",665489
"Fernando Tatis Jr.","SDP",156,705.684,617.398,168.305,102.284,31.1928,3.21881,31.6086,107.224,94.8514,75.8604,3.31968,140.039,6.83638,4.59148,0.997061,13.8532,25.2097,7.68338,0.272603,0.107499,0.198444,0.54171,0.356189,0.487142,0.362015,0.843331,0.214539,5.62695,0.303538,,0.696191,111.434,28.0518,137.316,0.696191,0,31.906623363494873,-7.422839641571045,4.90712,13.829999923706055,,,,,,,1005.7,6.446794871,1005.7,6.446794871,,,,,,,,,,,,,,,,,,,"Fernando Tatis Jr.","19709",665487
"Ketel Marte","ARI",147,629.488,549.194,151.654,88.2096,31.6527,1.91401,29.8774,86.7939,99.9341,68.4124,4.4665,102.799,6.5073,4.37748,0.607974,13.1691,4.66687,1.72762,0.276139,0.108679,0.163305,0.665498,0.360504,0.503951,0.369034,0.864455,0.227812,3.56098,0.289327,,-0.821557,102.989,28.6099,137.401,-0.821557,0,27.08233004808426,-0.1246439516544342,4.90086,39.38999938964844,,,,,,,917.3,6.240136054,917.3,6.240136054,,,,,,,,,,,,,,,,,,,"Ketel Marte","13613",606466
"Ronald Acuña Jr.","ATL",151,654.858,556.247,154.256,95.3864,25.6943,3.02706,30.1479,106.457,87.5278,85.1672,3.53276,141.81,8.92284,3.98656,0.534653,12.5749,27.5006,9.62789,0.277315,0.130054,0.216551,0.600572,0.379546,0.496988,0.377158,0.876533,0.219672,5.71063,0.319638,,0.329796,111.459,34.0821,143.479,0.329796,0,34.07589694857597,-7.992997646331787,4.89772,7.829999923706055,,,,,,,988.1,6.543708609,988.1,6.543708609,,,,,,,,,,,,,,,,,,,"Ronald Acuna Jr.","18401",660670
"Corey Seager","TEX",130,545.3,471.001,130.162,76.3505,24.6528,0.416135,28.7429,73.4483,86.3829,60.8666,8.73864,101.367,4.77217,4.42154,0.46458,10.8266,1.53673,0.609439,0.276353,0.11162,0.185892,0.600458,0.361883,0.513536,0.369979,0.87542,0.237184,2.29878,0.293703,,-0.821908,89.6336,25.2022,140.814,-0.821908,0,25.40930426120758,3.5108025074005127,4.87913,105.88999938964844,,,,,,,801.1,6.162307692,801.1,6.162307692,,,,,,,,,,,,,,,,,,,"Corey Seager","13624",608369
"Yordan Alvarez","HOU",131,565.52,481.596,140.468,77.8721,27.6208,0.868077,34.1066,85.6092,94.2686,70.197,9.25056,93.1237,7.92644,5.30089,0.49907,9.48937,3.08332,1.02983,0.291671,0.124128,0.164669,0.753804,0.386873,0.565088,0.399494,0.95196,0.273417,3.0527,0.295721,,-0.77383,106.509,39.6883,160.316,-0.77383,0,39.42845541238785,-11.755258560180664,4.82275,45.61000061035156,,,,,,,945.4,7.216793893,945.4,7.216793893,,,,,,,,,,,,,,,,,,,"Yordan Alvarez","19556",670541
"William Contreras","MIL",152,603.702,526.867,138.627,90.6006,27.1617,0,20.8642,73.2754,81.9961,67.074,2.6859,118.816,4.69381,4.1354,0.931524,15.2397,5.104,1.97462,0.263115,0.111105,0.196812,0.564522,0.349046,0.43347,0.340575,0.782516,0.170355,2.77981,0.300934,,-0.842013,84.8207,13.4887,119.644,-0.842013,5.49,13.213798940181732,13.026117324829102,4.73965,52,,,,,,,747,4.914473684,747,4.914473684,,,,,,,,,,,,,,,,,,,"William Contreras","20503",661388
"Francisco Lindor","NYM",159,676.635,595.87,152.527,94.4541,29.4093,1.6306,27.0329,92.5992,82.6068,58.7527,1.12508,126.111,10.3658,4.9343,0.699324,10.1517,23.3563,7.33715,0.255973,0.0868306,0.186379,0.465882,0.330852,0.446903,0.336666,0.777755,0.19093,5.16247,0.280333,,0.594141,92.9205,12.9708,119.513,0.594141,0,16.24266493320465,6.860355377197266,4.66697,17.389999389648438,,,,,,,841.2,5.290566037,841.2,5.290566037,,,,,,,,,,,,,,,,,,,"Francisco Lindor","12916",596019
"Will Smith","LAD",126,501.811,428.849,115.95,69.1255,21.2556,1.42677,24.1421,71.8789,72.9156,56.565,2.26379,94.2388,9.23493,5.85966,0.438685,7.85427,2.73048,0.982953,0.270375,0.112722,0.187797,0.600231,0.363131,0.495478,0.367839,0.858609,0.225104,3.4878,0.29023,,-0.732229,81.613,22.3202,138.076,-0.732229,-2.55,21.913349330425262,6.573931932449341,4.62275,114.55999755859375,,,,,,,713.7,5.664285714,713.7,5.664285714,,,,,,,,,,,,,,,,,,,"Will Smith","19197",669257
"Kyle Tucker",,152,658,558.471,150.487,88.722,30.3265,2.48385,28.9545,94.7191,90.6132,88.6268,7.59775,98.3837,3.48182,5.3041,0.761135,9.14357,19.8325,6.88506,0.269462,0.134691,0.149519,0.900829,0.369876,0.488198,0.366703,0.858074,0.218736,4.82839,0.278465,,0.00332367,106.408,28.6604,136.614,0.00332367,0,28.477599262725562,-7.037036895751953,4.47209,17.389999389648438,,,,,,,947.4,6.232894736,947.4,6.232894736,,,,,,,,,,,,,,,,,,,"Kyle Tucker","18345",663656
"Junior Caminero","TBR",154,653.464,600.409,161.607,95.752,27.9606,0.618903,37.2759,84.7,109.079,42.4242,2.23875,125.848,4.76589,5.31517,0.549406,13.6773,4.69271,1.74244,0.269162,0.0649221,0.192586,0.337107,0.319793,0.504045,0.349872,0.823838,0.234883,3.00415,0.280911,,-0.703896,96.7449,19.5331,124.675,-0.703896,0,18.300443291664124,2.176413059234619,4.39617,13.5600004196167,,,,,,,886.8,5.758441558,886.8,5.758441558,,,,,,,,,,,,,,,,,,,"Junior Caminero","28163",691406
"Mookie Betts","LAD",151,653.358,573.466,152.56,97.1152,33.0177,1.36794,21.0587,85.7348,80.3035,66.125,1.28629,74.179,6.11488,6.28447,0.696453,9.60131,8.52249,3.25944,0.266031,0.101208,0.113535,0.891424,0.344789,0.438543,0.340178,0.783332,0.172512,3.91767,0.271408,,-0.739836,91.5868,14.3875,119.127,-0.739836,0,14.071338891983032,6.990740776062012,4.37892,61.220001220703125,,,,,,,807.3,5.346357615,807.3,5.346357615,,,,,,,,,,,,,,,,,,,"Mookie Betts","13611",605141
"José Ramírez","CLE",157,667.759,592.879,160.4,97.5561,32.2689,3.79615,26.779,94.0573,86.7822,63.4458,15.4026,73.3761,4.6188,6.13658,0.678756,7.28172,34.2631,9.7162,0.270544,0.095013,0.109884,0.864666,0.342485,0.473281,0.343135,0.815765,0.202736,6.00698,0.267853,,1.88199,95.2092,16.3083,122.102,1.88199,0,19.276598691940308,0.22479945421218872,4.3467,5.21999979019165,,,,,,,913,5.815286624,913,5.815286624,,,,,,,,,,,,,,,,,,,"Jose Ramirez","13510",608070
"Alejandro Kirk","TOR",123,480.613,426.29,114.511,77.1712,19.4155,0,17.9239,59.6744,61.7305,44.7331,1.59995,58.5649,4.52442,4.54202,0.52348,12.1738,0.0593802,0.0363362,0.268621,0.0930751,0.121854,0.763822,0.34112,0.440305,0.338597,0.781425,0.171684,1.48049,0.272579,,-0.827083,66.7548,9.96667,118.394,-0.827083,7.31,9.592419922351837,16.201324939727783,4.33147,169.55999755859375,,,,,,,592.3,4.815447154,592.3,4.815447154,,,,,,,,,,,,,,,,,,,"Alejandro Kirk","22581",672386
"Bo Bichette",,152,658,610.071,178.221,124.94,32.2306,1.81168,19.238,82.1643,83.382,38.6991,0.985592,106.953,4.12257,4.31944,0.622987,15.3875,6.66933,2.77315,0.292131,0.0588133,0.162543,0.361832,0.336333,0.445503,0.337871,0.781836,0.153372,3.63124,0.325651,,-0.902793,91.0054,13.2576,116.808,-0.902793,0,12.168696582317352,7.037036895751953,4.24344,112.94000244140625,,,,,,,803.5,5.28618421,803.5,5.28618421,,,,,,,,,,,,,,,,,,,"Bo Bichette","19612",666182
"Corbin Carroll","ARI",154,657.158,572.082,148.44,81.5177,31.2017,7.98075,27.7396,103.534,85.7049,68.2801,2.54228,136.456,8.71725,4.30578,3.77264,8.28123,36.9109,7.17087,0.259473,0.103902,0.207646,0.500381,0.345029,0.487381,0.356321,0.83241,0.227908,7.95293,0.292825,,3.41591,100.733,23.0844,128.692,3.41591,0,25.763237714767456,-6.829434871673584,4.17411,8.5600004196167,,,,,,,937.2,6.085714285,937.2,6.085714285,,,,,,,,,,,,,,,,,,,"Corbin Carroll","25878",682998
"Trea Turner","PHI",149,635.604,579.303,164.154,112.74,29.6708,4.48922,17.2538,86.6883,74.6031,40.1479,0.299687,113.879,5.39288,4.25805,0.739319,11.8029,25.2997,5.67393,0.283364,0.0631651,0.179166,0.35255,0.333323,0.439432,0.334514,0.772755,0.156068,6.26168,0.324692,,1.69343,86.1754,11.074,113.128,1.69343,0,11.582762241363525,6.898148059844971,4.0544,28.829999923706055,,,,,,,774.7,5.199328859,774.7,5.199328859,,,,,,,,,,,,,,,,,,,"Trea Turner","16252",607208
"Austin Riley","ATL",156,675.983,608.482,157.516,92.3176,30.7406,2.69742,31.76,89.681,98.843,52.5113,0.930963,174.05,9.13535,5.34014,0.513708,10.7435,2.372,0.83413,0.258867,0.0776815,0.257477,0.301703,0.32446,0.47484,0.342744,0.799299,0.215973,3.52976,0.308216,,-0.877466,96.1668,16.2942,119.905,-0.877466,0,15.069858968257904,2.0061726570129395,4.04811,82,,,,,,,871.6,5.587179487,871.6,5.587179487,,,,,,,,,,,,,,,,,,,"Austin Riley","18360",663586
"Jackson Merrill","SDP",146,661.578,604.847,164.333,101.055,35.1734,3.65703,24.4474,85.31,86.9061,44.6033,2.11745,130.274,3.28905,5.63716,3.20234,10.2269,9.88017,2.58261,0.271694,0.0674195,0.196914,0.34238,0.322347,0.463196,0.336092,0.785543,0.191502,4.99895,0.306927,,-0.0509144,90.5446,12.3741,119.558,-0.0509144,0,15.284404143691063,2.052811861038208,4.0258,78.83000183105469,,,,,,,817.9,5.602054794,817.9,5.602054794,,,,,,,,,,,,,,,,,,,"Jackson Merrill","29490",701538
"Matt Chapman","SFG",156,658.436,571.492,136.881,76.3105,30.1266,1.67301,28.7712,89.0247,82.2853,74.2295,1.11324,162.481,7.16697,5.01727,0.53088,9.51163,8.9781,2.6922,0.239516,0.112736,0.246768,0.45685,0.331777,0.449118,0.338095,0.780895,0.209603,4.35496,0.280618,,-0.340664,91.1851,13.3858,119.584,-0.340664,0,14.942502081394196,2.407407283782959,4.01641,171.77999877929688,,,,,,,818.9,5.249358974,818.9,5.249358974,,,,,,,,,,,,,,,,,,,"Matt Chapman","16505",656305
"Willy Adames","SFG",157,665.295,582.342,136.353,77.0713,28.4821,1.37437,29.4254,86.7728,84.8317,70.7691,1.6364,176.355,3.9035,5.18199,0.469154,7.93086,10.7978,3.54221,0.234146,0.106373,0.265077,0.401289,0.318676,0.439365,0.327629,0.75804,0.205218,4.19961,0.280103,,-0.281999,86.4818,7.87209,112.415,-0.281999,0,9.507209539413452,7.268518447875977,3.98101,132.3300018310547,,,,,,,773.8,4.92866242,773.8,4.92866242,,,,,,,,,,,,,,,,,,,"Willy Adames","15986",642715
"Zach Neto","LAA",154,647.692,580.609,144.973,86.5013,29.1168,2.61362,26.7412,87.4319,77.0687,43.3834,2.99535,160.046,16.3989,3.96176,3.33922,8.7631,27.2431,8.24192,0.249691,0.0669815,0.247102,0.271068,0.317769,0.447015,0.329266,0.764783,0.197323,6.12974,0.297226,,1.12746,85.0546,8.52481,110.185,1.12746,0,8.90232527256012,7.129629611968994,3.92107,33,,,,,,,791.9,5.142207792,791.9,5.142207792,,,,,,,,,,,,,,,,,,,"Zach Neto","31347",687263
"Adley Rutschman","BAL",143,570.456,499.162,125.68,81.6783,24.7143,1.42293,17.8644,68.4511,66.5053,61.6418,1.89945,89.6575,3.97342,5.08143,0.596518,11.0787,0.824407,0.28541,0.251782,0.108057,0.157168,0.687525,0.335688,0.414361,0.327218,0.750049,0.162579,2.42247,0.271766,,-0.911843,73.9632,6.55945,111.396,-0.911843,5.56,6.750341415405273,11.478209495544434,3.87383,172.44000244140625,,,,,,,653.9,4.572727272,653.9,4.572727272,,,,,,,,,,,,,,,,,,,"Adley Rutschman","26288",668939
"Alex Bregman",,157,679,597.638,153.979,96.5261,31.1564,1.1454,25.1512,82.9358,86.7937,66.4761,1.21455,94.3743,8.56897,5.69025,0.626162,12.3166,2.66946,1.07196,0.257646,0.097903,0.13899,0.704388,0.337608,0.439864,0.337521,0.777472,0.182219,2.86513,0.266281,,-1.02973,93.7166,13.4875,116.567,-1.02973,0,12.265678524971008,2.422839403152466,3.85399,126.22000122070312,,,,,,,822.9,5.241401273,822.9,5.241401273,,,,,,,,,,,,,,,,,,,"Alex Bregman","17678",608324
"Jeremy Peña","HOU",151,649.3,593.066,161.781,111.288,29.1489,3.45346,17.8912,85.3956,71.3904,37.1039,0.799678,115.368,10.8726,4.33166,2.38934,13.9487,17.8493,4.29307,0.272788,0.0571444,0.177681,0.321613,0.325018,0.424086,0.325135,0.749103,0.151297,5.635,0.310016,,0.765633,83.0878,6.36797,109.092,0.765633,0,7.723682999610901,6.990740776062012,3.79194,93.94000244140625,,,,,,,751.6,4.977483443,751.6,4.977483443,,,,,,,,,,,,,,,,,,,"Jeremy Pena","21636",665161
"Manny Machado","SDP",151,683.631,618.253,161.139,101.344,29.5184,0,30.2768,85.9078,94.91,55.7767,3.92263,130.889,2.52598,6.21233,0.630741,12.2228,8.72556,3.76197,0.260637,0.0815888,0.191462,0.426136,0.321401,0.455296,0.332547,0.776697,0.194659,3.21197,0.282458,,-0.82352,91.5953,10.819,117.129,-0.82352,0,13.055442810058594,-0.4760720431804657,3.61408,42.060001373291016,,,,,,,835.5,5.533112582,835.5,5.533112582,,,,,,,,,,,,,,,,,,,"Manny Machado","11493",592518
"Elly De La Cruz","CIN",156,661.672,593.076,151.692,94.5873,31.021,3.93107,22.153,93.9696,74.5081,59.5024,5.08774,181.702,3.40336,4.12121,1.56932,9.58699,40.9444,10.176,0.255772,0.0899273,0.27461,0.327472,0.325098,0.433392,0.326326,0.75849,0.17762,6.81689,0.32933,,3.01552,85.3111,7.12944,104.249,3.01552,0,6.347660541534424,6.720678806304932,3.58936,9.170000076293945,,,,,,,816.6,5.234615384,816.6,5.234615384,,,,,,,,,,,,,,,,,,,"Elly De La Cruz","26668",682829
"Bryce Harper","PHI",154,656.33,564.649,154.217,93.4763,30.4152,2.48323,27.8418,91.875,92.291,81.029,8.16104,136.263,5.10734,4.52746,1.01682,12.4568,10.7413,4.07927,0.273119,0.123458,0.207613,0.594652,0.366776,0.483705,0.363589,0.850481,0.210586,4.4647,0.311981,,-0.654147,104.479,26.9284,133.045,-0.654147,0,25.05100005865097,-11.982780456542969,3.57116,57.61000061035156,,,,,,,926.7,6.017532467,926.7,6.017532467,,,,,,,,,,,,,,,,,,,"Bryce Harper","11579",547180
"Xander Bogaerts","SDP",141,639.526,569.409,150.568,104.043,28.5369,1.37687,16.6116,80.3383,70.2764,50.2357,1.55342,113.821,5.58277,6.06971,0.96696,13.0946,17.9959,5.9694,0.264429,0.0785516,0.177977,0.441357,0.326925,0.406902,0.319583,0.733827,0.142473,4.8169,0.300995,,0.109504,78.9546,3.38967,108.249,0.109504,0,6.3617235869169235,6.527777671813965,3.49568,223.3300018310547,,,,,,,711.6,5.04680851,711.6,5.04680851,,,,,,,,,,,,,,,,,,,"Xander Bogaerts","12161",593428
"Wyatt Langford","TEX",149,627.095,546.199,136.921,80.7066,26.9393,4.15663,25.1181,89.6568,75.1677,70.136,2.6895,146.601,6.43589,3.79512,0.529595,8.12648,19.8082,5.4194,0.250679,0.111843,0.233777,0.478416,0.340735,0.453182,0.343002,0.793917,0.202503,6.07766,0.295559,,0.721761,89.3433,15.2471,122.23,0.721761,0,17.15231102705002,-4.5987653732299805,3.49266,53.38999938964844,,,,,,,809.3,5.431543624,809.3,5.431543624,,,,,,,,,,,,,,,,,,,"Wyatt Langford","33333",694671
"Byron Buxton","MIN",130,552.639,496.052,124.358,64.0761,29.2791,2.35751,28.6452,79.5181,79.1263,43.5245,2.04041,151.293,8.99229,3.54118,0.528782,5.67463,14.9162,3.4955,0.250695,0.0787576,0.273765,0.287683,0.320361,0.492464,0.346273,0.812825,0.241768,5.69181,0.299426,,0.795539,80.2029,14.9043,122.32,0.795539,0,15.333691895008087,-0.4012346565723419,3.47386,83.88999938964844,,,,,,,745.6,5.735384615,745.6,5.735384615,,,,,,,,,,,,,,,,,,,"Byron Buxton","14161",621439
"Nick Kurtz","ATH",143,604.117,518.268,130.328,68.3926,24.6589,1.7336,35.5431,88.3369,93.0046,76.3982,3.58552,186.396,4.95919,3.88982,0.601677,8.81936,3.2953,1.00614,0.251469,0.126463,0.308543,0.409871,0.350754,0.51148,0.367234,0.862234,0.260011,3.70056,0.31572,,-0.717904,97.9549,26.5739,134.698,-0.717904,0,23.987853586673737,-11.284722328186035,3.42704,19.110000610351562,,,,,,,878.2,6.141258741,878.2,6.141258741,,,,,,,,,,,,,,,,,,,"Nick Kurtz","35110",701762
"Jordan Westburg","BAL",143,613.265,560.56,146.268,89.9589,28.1756,3.74228,24.3914,81.0909,78.0138,40.1747,0.282047,139.419,7.80416,3.72019,1.00533,10.489,7.923,2.30402,0.260932,0.0655096,0.22734,0.288157,0.317263,0.455085,0.332529,0.772348,0.194153,4.97415,0.304335,,-0.267694,82.1584,9.69649,115.055,-0.267694,0,10.61428651213646,1.6049381494522095,3.40975,134.77999877929688,,,,,,,739.8,5.173426573,739.8,5.173426573,,,,,,,,,,,,,,,,,,,"Jordan Westburg","27815",676059
"Pete Alonso","BAL",157,675.985,592.945,149.238,83.5483,27.0611,0,38.6285,91.033,104.04,64.2547,4.20439,157.654,13.0287,5.18934,0.566719,11.8539,2.40597,0.984143,0.251689,0.0950535,0.233221,0.407568,0.33538,0.492768,0.353447,0.828148,0.241079,2.35437,0.275249,,-0.955833,102.041,22.1683,129.464,-0.955833,0,22.51917678117752,-12.713663101196289,3.38366,25.829999923706055,,,,,,,918.3,5.849044585,918.3,5.849044585,,,,,,,,,,,,,,,,,,,"Pete Alonso","19251",624413
"Dansby Swanson","CHC",159,678.687,608.285,149.319,94.809,29.1001,1.67566,23.7346,83.8951,83.049,55.0192,1.01954,175.121,3.95653,4.81733,1.1527,11.0174,16.0307,4.73778,0.245476,0.0810671,0.258029,0.314179,0.309927,0.415882,0.314877,0.72581,0.170406,4.92218,0.303164,,0.257423,81.1961,1.00401,103.078,0.257423,0,2.733629494905472,7.361111164093018,3.34304,142.44000244140625,,,,,,,740.9,4.659748427,740.9,4.659748427,,,,,,,,,,,,,,,,,,,"Dansby Swanson","18314",621020
"Geraldo Perdomo","ARI",159,677.91,577.07,146.982,105.096,26.4441,3.93573,11.5062,83.293,59.2666,74.6684,1.25462,91.946,7.28121,5.72665,13.164,13.1929,18.6314,5.82355,0.254704,0.110145,0.135631,0.81209,0.344389,0.373986,0.318837,0.718375,0.119282,5.4794,0.282627,,0.114913,83.2828,3.18251,103.015,0.114913,0,2.5371179655194283,7.361111164093018,3.32029,84.33000183105469,,,,,,,722.5,4.544025157,722.5,4.544025157,,,,,,,,,,,,,,,,,,,"Geraldo Perdomo","22799",672695
"Shea Langeliers","ATH",131,513.891,467.556,119.208,65.0749,24.4593,1.8071,27.8666,69.8071,74.9478,37.7108,1.08014,118.901,4.04218,3.89164,0.690367,7.12112,5.6284,1.67688,0.254959,0.0733829,0.231374,0.317162,0.313641,0.493804,0.343535,0.807445,0.238845,4.19004,0.281327,,-0.259145,73.4374,12.7172,118.373,-0.259145,-3.75,10.868900924921036,3.6625514030456543,3.29638,60.279998779296875,,,,,,,674.4,5.148091603,674.4,5.148091603,,,,,,,,,,,,,,,,,,,"Shea Langeliers","25816",669127
"Trent Grisham","NYY",130,556.175,471.786,105.474,57.35,20.4994,1.05733,26.5675,72.5882,70.1681,72.1852,0.509534,137.246,6.2849,3.21287,2.70559,8.64117,5.53885,1.85407,0.223564,0.129789,0.246767,0.525956,0.332348,0.440434,0.33669,0.772782,0.21687,3.62855,0.253568,,-0.544782,76.389,10.6726,117.605,-0.544782,0,10.99574488401413,2.0061726570129395,3.28879,268.6099853515625,,,,,,,673.3,5.179230769,673.3,5.179230769,,,,,,,,,,,,,,,,,,,"Trent Grisham","18564",663757
"Austin Wells","NYY",125,491.619,440.202,95.5463,55.6469,18.9058,1.44685,19.5468,54.6367,58.4906,41.3022,0.836327,122.297,5.33822,3.89006,0.88664,6.5621,3.47157,1.19889,0.217051,0.0840127,0.248764,0.33772,0.289744,0.399785,0.299505,0.689529,0.182734,3.62767,0.251448,,-0.466397,52.68,-5.40855,91.9897,-0.466397,11.46,-5.107794791460037,20.20318603515625,3.27565,224.72000122070312,,,,,,,487.3,3.8984,487.3,3.8984,,,,,,,,,,,,,,,,,,,"Austin Wells","27562",669224
"Oneil Cruz","PIT",125,567.149,502.613,122.599,68.6086,25.848,1.94987,26.1924,83.5302,74.8177,56.81,2.96399,171.166,3.943,3.33302,0.450399,7.65667,26.0783,6.14526,0.243923,0.100168,0.3018,0.3319,0.323544,0.459446,0.336037,0.78299,0.215523,6.24638,0.312412,,1.86464,77.5957,10.5826,113.898,1.86464,0,11.206674456596375,1.3277616500854492,3.21298,103.44000244140625,,,,,,,732.6,5.8608,732.6,5.8608,,,,,,,,,,,,,,,,,,,"Oneil Cruz","21711",665833
"Kyle Schwarber","PHI",159,677.056,564.732,130.366,65.547,22.2392,0.677637,41.9021,98.0386,110.308,101.201,3.903,187.968,7.30488,3.29191,0.526978,9.87359,5.57837,2.1975,0.230846,0.149472,0.277625,0.538394,0.353084,0.495221,0.363772,0.848305,0.264375,3.10534,0.261608,,-0.907512,107.879,27.8794,133.17,-0.907512,0,25.71002423763275,-16.975624084472656,3.19831,24.219999313354492,,,,,,,957.1,6.019496855,957.1,6.019496855,,,,,,,,,,,,,,,,,,,"Kyle Schwarber","16478",656941
"Gabriel Moreno","ARI",113,444.693,397.293,109.583,77.1025,20.603,1.53783,10.3398,52.7115,53.7755,39.027,1.88149,73.9875,4.01671,3.706,0.650547,10.2748,3.88742,1.47497,0.275824,0.0877616,0.166379,0.527481,0.343721,0.413501,0.330013,0.757222,0.137677,3.70373,0.313395,,-0.607286,58.6665,6.12253,110.67,-0.607286,3.26,5.016503751277924,11.082310438156128,3.16083,176.11000061035156,,,,,,,519.1,4.593805309,519.1,4.593805309,,,,,,,,,,,,,,,,,,,"Gabriel Moreno","22664",672515
"Jazz Chisholm Jr.","NYY",143,611.792,543.013,126.866,74.7826,21.4248,2.73014,27.9286,87.9082,71.9659,58.2152,2.0466,165.15,5.10678,4.19431,1.26295,8.32249,32.3051,8.50883,0.233634,0.0951551,0.269944,0.3525,0.311513,0.437442,0.323044,0.748956,0.203809,6.42633,0.279383,,2.0783,77.2497,4.96173,108.205,2.0783,0,7.994704008102417,1.6049381494522095,3.13655,22.829999923706055,,,,,,,734,5.132867132,734,5.132867132,,,,,,,,,,,,,,,,,,,"Jazz Chisholm Jr.","20454",665862
"Patrick Bailey","SFG",133,514.403,465.829,99.5702,68.4826,20.2873,0.736334,10.0639,47.8768,46.1239,37.937,0.42982,136.338,3.73252,3.8227,3.08193,8.21863,1.68734,0.684115,0.213748,0.0737496,0.265042,0.278256,0.276225,0.325274,0.266456,0.601499,0.111525,2.80609,0.276895,,-0.667041,41.3189,-19.4618,70.5096,-0.667041,21.91,-18.646561801433563,32.17234516143799,3.13487,456.6099853515625,,,,,,,378.7,2.847368421,378.7,2.847368421,,,,,,,,,,,,,,,,,,,"Patrick Bailey","27478",672275
"Rafael Devers","SFG",159,672.154,576.841,144.567,83.7529,27.3936,0.893143,32.5272,88.1387,94.5164,84.1236,9.52301,160.438,6.6818,3.98195,0.52498,12.2029,1.80594,0.767365,0.250618,0.125155,0.238693,0.524336,0.35045,0.470369,0.350845,0.820819,0.219751,2.56942,0.288868,,-1.04257,100.043,20.6229,128.319,-1.04257,0,21.517164707183838,-13.3701810836792,3.12152,66.61000061035156,,,,,,,903.2,5.680503144,903.2,5.680503144,,,,,,,,,,,,,,,,,,,"Rafael Devers","17350",646240
"Brent Rooker","ATH",154,652.171,579.03,154.644,85.659,33.0441,1.15014,34.791,91.8006,96.8753,59.6591,2.49995,162.239,8.48718,4.44274,0.552333,9.41916,6.41561,2.13066,0.267075,0.0914776,0.248767,0.367724,0.341903,0.50837,0.362514,0.850273,0.241296,3.72088,0.310144,,-0.58829,103.248,26.1888,131.447,-0.58829,0,23.583779454231262,-15.535087585449219,3.12006,53.11000061035156,,,,,,,929.2,6.033766233,929.2,6.033766233,,,,,,,,,,,,,,,,,,,"Brent Rooker","19627",667670
"Seiya Suzuki","CHC",146,623.284,546.171,139.117,81.4295,27.8617,1.79764,28.0283,83.9649,86.9262,66.6377,1.81106,156.881,4.53009,5.21118,0.734315,8.98333,10.0318,3.10605,0.254714,0.106914,0.251701,0.424765,0.33778,0.466263,0.346018,0.804043,0.211549,4.37703,0.30313,,-0.261063,90.3265,16.6807,124.411,-0.261063,0,17.771617740392685,-8.161179542541504,3.1049,101.94000244140625,,,,,,,814.8,5.580821917,814.8,5.580821917,,,,,,,,,,,,,,,,,,,"Seiya Suzuki","30116",673548
"Gleyber Torres","DET",154,649.146,566.734,144.908,99.9927,27.3071,0.502035,17.1062,76.6963,70.8707,71.1536,0.0060825,111.94,4.09328,5.89161,1.27319,12.1598,6.89743,3.13791,0.25569,0.109611,0.172442,0.63564,0.339812,0.396196,0.324484,0.736008,0.140506,3.24194,0.288115,,-1.06238,82.7252,6.02361,107.818,-1.06238,0,4.91913104057312,2.3765430450439453,3.03236,242.3300018310547,,,,,,,718.7,4.666883116,718.7,4.666883116,,,,,,,,,,,,,,,,,,,"Gleyber Torres","16997",650402
"Taylor Ward","BAL",152,655.078,573.875,141.583,84.1972,27.5934,1.13657,28.6563,85.2199,86.6873,68.2144,0.571523,160.634,6.92245,5.49534,0.570727,9.99372,4.58302,1.64405,0.246715,0.104132,0.245214,0.424657,0.33112,0.448563,0.337648,0.779683,0.201848,3.38148,0.289497,,-0.80476,90.4828,13.0802,118.582,-0.80476,0,13.541799664497375,-7.037036895751953,2.97233,162.27999877929688,,,,,,,809.6,5.326315789,809.6,5.326315789,,,,,,,,,,,,,,,,,,,"Taylor Ward","17548",621493
"Trevor Story","BOS",154,648.902,588.634,147.136,93.2951,26.599,3.2672,23.9747,84.0618,78.8022,40.1395,1.56472,173.088,7.06748,4.62652,1.13373,8.03261,24.4019,6.58809,0.249962,0.0618576,0.26674,0.231903,0.303439,0.428439,0.315268,0.731878,0.178477,6.23067,0.310858,,1.26523,77.8385,1.16574,97.5239,1.26523,0,-0.6285233497619629,7.129629611968994,2.95021,110.83000183105469,,,,,,,722.2,4.689610389,722.2,4.689610389,,,,,,,,,,,,,,,,,,,"Trevor Story","12564",596115
"Colson Montgomery","CHW",139,607.158,539.491,122.931,71.7135,21.9305,2.73347,26.5537,72.7735,76.9147,53.2562,2.45742,170.24,9.47277,4.3604,0.578156,9.11428,3.42128,1.01667,0.227865,0.0877139,0.280388,0.31283,0.306077,0.426309,0.316386,0.732386,0.198444,3.78076,0.277699,,-0.60341,73.3825,1.64205,102.233,-0.60341,0,0.9946617484092712,6.435184955596924,2.89823,246.88999938964844,,,,,,,673.4,4.844604316,673.4,4.844604316,,,,,,,,,,,,,,,,,,,"Colson Montgomery","29712",695657
"Randy Arozarena","SEA",157,668.121,579.112,134.963,82.1614,25.4048,2.67234,24.7246,89.184,76.695,67.0058,0.866005,172.611,17.2745,4.10862,0.620171,11.1036,23.8681,7.49914,0.233052,0.10029,0.258353,0.388189,0.328454,0.414232,0.325703,0.742686,0.18118,5.75957,0.285678,,0.60951,85.8044,6.8608,115.44,0.60951,0,12.76769769191742,-7.4683403968811035,2.89493,99.38999938964844,,,,,,,779.6,4.965605095,779.6,4.965605095,,,,,,,,,,,,,,,,,,,"Randy Arozarena","19290",668227
"Luke Keaschall","MIN",131,559.547,497.62,135.839,93.7597,28.4479,2.09514,11.5366,72.2347,56.5689,46.9944,1.87662,95.4549,9.3183,4.94124,0.673035,9.87409,19.4892,5.54982,0.272978,0.0839866,0.170593,0.492321,0.34382,0.408117,0.32873,0.751938,0.135139,5.37607,0.314238,,0.646757,73.236,7.12123,110.236,0.646757,0,7.397222697734833,1.522443175315857,2.883,153.1699981689453,,,,,,,656.3,5.009923664,656.3,5.009923664,,,,,,,,,,,,,,,,,,,"Luke Keaschall","33321",807712
"George Springer","TOR",138,585.994,514.467,135.275,82.582,23.6889,1.58018,27.4239,85.1577,78.5468,58.2612,0.970962,114.663,6.28029,3.88417,0.685631,11.1308,12.2724,3.50276,0.262942,0.0994229,0.195672,0.50811,0.342802,0.475047,0.352378,0.817849,0.212105,4.85411,0.286636,,0.0551875,87.9484,18.7087,127.888,0.0551875,0,19.31601931154728,-11.5,2.86321,106.72000122070312,,,,,,,780.4,5.655072463,780.4,5.655072463,,,,,,,,,,,,,,,,,,,"George Springer","12856",543807
"Miguel Vargas","CHW",139,607.158,537.852,131.422,77.0129,30.4472,0.650604,23.3117,73.0933,75.3072,57.0001,0.564754,114.994,6.28302,5.09928,0.923339,8.02284,7.3219,2.45746,0.244347,0.0938801,0.189396,0.495681,0.321172,0.433401,0.327179,0.754573,0.189054,3.54533,0.267173,,-0.464453,78.7029,6.96253,109.668,-0.464453,0,6.454097002744675,0.5487366318702698,2.85454,277,,,,,,,701.2,5.044604316,701.2,5.044604316,,,,,,,,,,,,,,,,,,,"Miguel Vargas","20178",678246
"Ben Rice","NYY",133,564.12,495.596,123.669,69.8787,24.3015,2.61465,26.8738,75.8419,75.1565,55.8672,0.446614,116.324,8.20868,3.91823,0.52968,9.81569,5.09643,1.56638,0.249535,0.0990343,0.206204,0.480273,0.333122,0.471797,0.346683,0.804919,0.222262,4.19072,0.271654,,-0.503549,82.0569,15.4018,124.489,-0.503549,0.62,15.77850216627121,-7.339575171470642,2.84992,51.439998626708984,,,,,,,734.8,5.52481203,734.8,5.52481203,,,,,,,,,,,,,,,,,,,"Ben Rice","29576",700250
"Otto Lopez","MIA",141,597.145,547.383,149.874,106.621,28.0269,2.82719,12.3992,71.1801,63.5408,38.6397,1.61328,92.1038,4.30436,4.88269,1.93527,13.102,18.0283,4.98773,0.273801,0.0647074,0.15424,0.419523,0.32395,0.403288,0.31608,0.727238,0.129487,5.38701,0.307026,,0.586378,72.024,1.46676,100.769,0.586378,0,1.1308984756469727,6.527777671813965,2.81624,218.94000244140625,,,,,,,653.3,4.633333333,653.3,4.633333333,,,,,,,,,,,,,,,,,,,"Otto Lopez","19608",672640
"J.P. Crawford","SEA",147,626.794,543.245,130.718,94.4645,24.8008,0.985814,10.4671,65.4042,57.5214,68.2229,0.793013,118.615,5.55465,3.66137,3.54142,13.588,4.25169,1.36407,0.240625,0.108844,0.189241,0.575162,0.329468,0.34771,0.303168,0.677178,0.107085,3.2167,0.287803,,-0.813714,69.0292,-5.03127,99.9167,-0.813714,0,-0.8752724193036556,6.80555534362793,2.81395,371.7799987792969,,,,,,,589.6,4.010884353,589.6,4.010884353,,,,,,,,,,,,,,,,,,,"J.P. Crawford","15491",641487
"Pete Crow-Armstrong","CHC",149,637.135,578.785,141.03,84.843,27.5424,6.00436,22.6397,88.3591,69.2849,37.3241,2.38849,157.588,8.29484,5.15464,7.57675,5.66394,35.907,6.68477,0.243665,0.0585811,0.247339,0.236845,0.296475,0.429348,0.311137,0.725823,0.185683,7.7789,0.293254,,3.59837,74.29,-0.992435,100.516,3.59837,0,3.988000363111496,2.2993826866149902,2.81206,31.5,,,,,,,726,4.872483221,726,4.872483221,,,,,,,,,,,,,,,,,,,"Pete Crow-Armstrong","27769",691718
"Yainer Diaz","HOU",128,507.671,477.726,128.623,87.127,23.292,1.06154,17.1426,58.5442,64.8759,21.8792,1.03495,88.4275,3.30134,4.14676,0.618131,11.4883,1.32948,0.456919,0.269241,0.0430971,0.174183,0.247425,0.303329,0.430092,0.315102,0.733421,0.160852,2.78109,0.296253,,-0.655806,60.829,0.843701,102.181,-0.655806,1.11,0.6492664217948914,9.186261534690857,2.79403,113.61000061035156,,,,,,,553.5,4.32421875,553.5,4.32421875,,,,,,,,,,,,,,,,,,,"Yainer Diaz","23003",673237
"Ryan Jeffers","MIN",134,531.915,468.142,110.933,71.7639,21.8861,0.511293,16.7719,60.3043,59.1438,47.7431,0.531984,111.755,9.54667,3.66449,2.81863,9.59444,2.20333,0.919407,0.236965,0.0897571,0.2101,0.427212,0.317944,0.39338,0.312634,0.711325,0.156415,2.72615,0.2743,,-0.784305,62.6681,-0.181698,99.148,-0.784305,3.77,-1.3184596300125122,10.222848415374756,2.78413,246.55999755859375,,,,,,,557.9,4.163432835,557.9,4.163432835,,,,,,,,,,,,,,,,,,,"Ryan Jeffers","24618",680777
"Hunter Goodman","COL",144,567.959,522.179,133.475,73.8317,29.8702,1.25338,28.5196,71.489,87.931,34.8406,0.390807,147.616,5.81379,4.68512,0.440724,8.6336,2.27637,0.804957,0.255611,0.0613435,0.259906,0.236022,0.306826,0.481464,0.33618,0.78829,0.225853,3.03262,0.299249,,-0.627591,77.7723,10.6636,102.226,-0.627591,4.41,0.8710594177246094,7.431223154067993,2.78274,75.88999938964844,,,,,,,712.1,4.945138888,712.1,4.945138888,,,,,,,,,,,,,,,,,,,"Hunter Goodman","29715",696100
"J.T. Realmuto",,125,493,442.213,115.461,74.3383,23.866,1.93618,15.3203,61.7229,59.3305,32.8657,0.695179,117.543,7.55668,3.43906,0.435903,8.91602,9.22416,2.69862,0.261098,0.0666648,0.238424,0.279606,0.320699,0.427758,0.324406,0.748457,0.16666,5.0533,0.320154,,-0.0133245,62.7952,4.54346,107.558,-0.0133245,-3.53,4.390685280784965,6.115061521530151,2.78198,226.3300018310547,,,,,,,555.7,4.4456,555.7,4.4456,,,,,,,,,,,,,,,,,,,"J.T. Realmuto","11739",592663
"Kazuma Okamoto","TOR",130,551.523,485.463,114.78,64.1974,23.3645,0.432945,26.7855,70.2737,77.3118,54.3579,2.5291,119.545,7.34962,3.75572,0.596854,9.98748,1.15178,0.295938,0.236435,0.0985596,0.216754,0.454707,0.320347,0.451871,0.332432,0.772219,0.215437,2.40892,0.256628,,-0.705322,73.8434,8.67669,114.147,-0.705322,0,8.491012632846832,-0.40123462677001953,2.76984,999,,,,,,,664.4,5.11076923,664.4,5.11076923,,,,,,,,,,,,,,,,,,,"Kazuma Okamoto","sa3063134",672960
"Max Muncy","LAD",109,470.699,393.488,87.414,46.4285,17.5093,1.36563,22.1105,63.5259,63.9912,67.177,2.38174,113.806,5.69373,3.88566,0.454367,6.19102,2.12315,0.682523,0.222152,0.142718,0.241781,0.590277,0.340854,0.442164,0.339884,0.783018,0.220012,3.33779,0.249767,,-0.626727,65.8695,10.2528,118.925,-0.626727,0,9.931316316127777,1.3808273077011108,2.75961,267.94000244140625,,,,,,,578.9,5.311009174,578.9,5.311009174,,,,,,,,,,,,,,,,,,,"Max Muncy","13301",571970
"Freddie Freeman","LAD",151,653.358,573.339,154.762,97.4419,32.9801,0.928047,23.4124,86.2676,85.7087,66.6534,7.81885,118.169,7.29732,5.34018,0.728073,11.6754,8.16148,2.89842,0.269932,0.102017,0.180865,0.56405,0.350449,0.453197,0.344902,0.803646,0.183266,3.59479,0.300505,,-0.634519,94.093,16.8937,122.363,-0.634519,0,16.682890594005585,-11.701347351074219,2.73368,71.22000122070312,,,,,,,841.4,5.57218543,841.4,5.57218543,,,,,,,,,,,,,,,,,,,"Freddie Freeman","5361",518692
"Teoscar Hernández","LAD",141,611.206,560.855,147.641,88.6544,28.3694,1.32627,29.2905,83.7955,88.2482,39.3872,0.918685,156.568,5.9731,4.41937,0.570758,11.4484,6.61835,2.08672,0.263242,0.0644418,0.256162,0.251567,0.316066,0.475228,0.33858,0.791294,0.211986,4.02046,0.311927,,-0.409534,84.8853,12.6666,118.033,-0.409534,0,12.653421878814697,-6.527777671813965,2.70725,140.38999938964844,,,,,,,770,5.460992907,770,5.460992907,,,,,,,,,,,,,,,,,,,"Teoscar Hernandez","13066",606192
"Brendan Donovan","STL",133,563.088,499.122,134.992,94.9833,25.3832,1.9281,12.6975,66.9991,61.3153,47.9184,1.91651,74.5866,10.102,4.37656,1.56961,13.075,4.35362,1.65994,0.270459,0.0850992,0.13246,0.642453,0.343733,0.40536,0.328131,0.749093,0.1349,3.70025,0.293826,,-0.806477,73.4254,6.8922,112.513,-0.806477,0,7.544565916061401,0.1501806229352951,2.704,281.3299865722656,,,,,,,639.1,4.805263157,639.1,4.805263157,,,,,,,,,,,,,,,,,,,"Brendan Donovan","24679",680977
"Jackson Holliday","BAL",134,578.42,514.213,129.377,86.2834,24.7901,3.29988,15.0036,74.9269,59.2968,55.3428,1.41187,128.286,4.49652,3.72793,0.639939,11.0421,15.7299,4.18918,0.251602,0.0956793,0.221787,0.431402,0.327488,0.40018,0.318389,0.727668,0.148578,5.66267,0.30528,,0.475102,70.8499,2.50509,105.315,0.475102,0,4.098318725824356,2.2173879146575928,2.68304,146.94000244140625,,,,,,,635.2,4.740298507,635.2,4.740298507,,,,,,,,,,,,,,,,,,,"Jackson Holliday","31781",702616
"Marcus Semien","NYM",149,635.209,565.219,138.226,88.3323,25.4952,3.76248,20.6361,76.1717,71.8525,54.6541,0.468898,107.717,3.72743,5.86521,0.625047,9.16609,8.98695,2.64751,0.244553,0.0860411,0.169578,0.507384,0.31234,0.412503,0.314833,0.724843,0.16795,4.85209,0.265601,,-0.252271,75.9717,0.916927,104.557,-0.252271,0,3.1784397065639496,1.8994899988174438,2.68176,245.77999877929688,,,,,,,686.2,4.605369127,686.2,4.605369127,,,,,,,,,,,,,,,,,,,"Marcus Semien","12533",543760
"Eugenio Suárez",,149,644,572.164,128.967,70.1608,25.4269,0.554195,32.8253,77.7777,94.5911,54.0999,0.471414,193.104,11.1268,5.60529,0.484563,8.16444,2.81354,1.05147,0.225403,0.084006,0.299851,0.280159,0.302014,0.443891,0.321574,0.745905,0.218488,2.7762,0.273255,,-0.758557,80.5479,4.45435,105.613,-0.758557,0,3.5136314630508423,0.8997583389282227,2.68152,124.55999755859375,,,,,,,736.7,4.944295302,736.7,4.944295302,,,,,,,,,,,,,,,,,,,"Eugenio Suarez","12552",553993
"Yandy Díaz","TBR",151,639.707,571.621,163.909,113.723,25.6827,0.465074,24.0378,80.3512,88.6548,58.0005,1.48306,94.8887,5.61026,3.71491,0.760067,19.0796,1.85659,0.803023,0.286744,0.0906674,0.148331,0.611248,0.356085,0.459456,0.353506,0.815541,0.172713,2.34508,0.306459,,-1.11844,96.5959,21.0096,127.179,-1.11844,0,19.37359654903412,-15.259358406066895,2.67362,139.22000122070312,,,,,,,840.4,5.565562913,840.4,5.565562913,,,,,,,,,,,,,,,,,,,"Yandy Diaz","16578",650490
"Maikel Garcia","KCR",154,651.21,587.387,158.829,111.748,30.6776,3.82641,12.5768,84.3566,66.7944,52.7097,0.801067,93.6315,1.6669,6.09501,3.35178,13.0417,24.8724,7.63105,0.270399,0.0809411,0.143781,0.562948,0.329092,0.399889,0.318052,0.728981,0.12949,5.72478,0.300143,,0.758022,79.5874,2.64189,100.621,0.758022,0,1.234742134809494,2.4766080379486084,2.67291,83.83000183105469,,,,,,,728.4,4.729870129,728.4,4.729870129,,,,,,,,,,,,,,,,,,,"Maikel Garcia","22715",672580
"Roman Anthony","BOS",146,614.749,534.797,141.605,88.5148,31.1567,2.33529,19.5986,81.2723,73.454,70.3713,1.6181,150.816,5.36294,3.5514,0.66642,12.6462,10.4736,3.02294,0.264784,0.114472,0.24533,0.466603,0.353926,0.441717,0.3464,0.795643,0.176933,4.69684,0.3316,,-0.216865,89.2806,16.6432,118.97,-0.216865,0,13.527908489108086,-8.561728477478027,2.6729,63.779998779296875,,,,,,,785.1,5.37739726,785.1,5.37739726,,,,,,,,,,,,,,,,,,,"Roman Anthony","31812",701350
"Jacob Wilson","ATH",141,597.252,553.977,162.359,125.67,26.8447,2.9497,6.89451,68.5285,58.2912,29.4825,0.772963,48.3032,6.65262,4.17279,2.96709,17.2344,5.01532,1.89486,0.293079,0.0493635,0.0808758,0.610362,0.334005,0.389523,0.316552,0.723528,0.0964439,4.09435,0.309104,,-0.835995,72.2656,1.69566,99.7851,-0.835995,0,-0.9872346222400665,6.32769250869751,2.64958,169.55999755859375,,,,,,,626.3,4.441843971,626.3,4.441843971,,,,,,,,,,,,,,,,,,,"Jacob Wilson","33266",805779
"Francisco Alvarez","NYM",117,460.625,410.301,92.2207,58.9261,15.7112,0.591557,16.9919,50.6093,54.362,40.7643,0.894921,120.384,5.93355,3.01469,0.611744,9.31061,0.815445,0.39192,0.224764,0.0884979,0.261349,0.33862,0.301988,0.390179,0.302923,0.692167,0.165415,2.19869,0.272628,,-0.688796,50.6371,-3.78928,96.3981,-0.688796,6.71,-2.655190944671631,12.72851848602295,2.59858,179.72000122070312,,,,,,,460,3.931623931,460,3.931623931,,,,,,,,,,,,,,,,,,,"Francisco Alvarez","26121",682626
"Kyle Teel","CHW",115,467.976,409.076,100.52,67.9774,17.2555,2.47672,12.8106,55.6459,47.7415,49.1113,0.483512,116.776,5.21737,3.56286,1.00776,8.11636,4.27052,1.26277,0.245725,0.104944,0.249534,0.42056,0.331605,0.393963,0.319421,0.725568,0.148238,4.36475,0.30987,,-0.467256,57.7136,2.41863,104.324,-0.467256,3.17,1.917476087808609,7.244291305541992,2.58531,187.72000122070312,,,,,,,506.3,4.402608695,506.3,4.402608695,,,,,,,,,,,,,,,,,,,"Kyle Teel","33549",691019
"Jackson Chourio","MIL",147,630.423,580.193,157.105,100.852,30.7975,4.14744,21.3083,83.1694,83.4539,40.0464,2.55048,125.483,4.36163,4.65148,1.17005,9.30894,24.7905,6.33737,0.270781,0.0635231,0.199046,0.319138,0.320242,0.448337,0.32968,0.76858,0.177557,6.13293,0.310001,,1.42072,82.9989,8.50955,112.181,1.42072,0,10.522462010383606,-6.306980133056641,2.57723,20.670000076293945,,,,,,,772,5.25170068,772,5.25170068,,,,,,,,,,,,,,,,,,,"Jackson Chourio","28806",694192
"Andy Pages","LAD",146,632.282,578.291,147.889,89.7318,32.1439,1.78391,24.2289,81.9672,82.8477,38.911,1.30683,138.175,9.19763,5.35452,0.527397,8.32728,10.0305,3.36852,0.255734,0.0615406,0.218534,0.281607,0.310243,0.44318,0.323989,0.753423,0.187446,4.67221,0.29356,,-0.274715,80.3218,5.61288,108.037,-0.274715,0,5.7481637597084045,-1.852537751197815,2.55083,142.5,,,,,,,735.2,5.035616438,735.2,5.035616438,,,,,,,,,,,,,,,,,,,"Andy Pages","24816",681624
"Bo Naylor","CLE",117,453.368,400.357,85.1932,50.0706,17.6946,1.30653,16.1214,50.1757,51.3556,43.9511,1.04353,116.004,3.52072,3.46378,2.07522,5.63675,4.96902,1.52514,0.212793,0.0969434,0.255872,0.378875,0.293966,0.384319,0.296422,0.678286,0.171526,4.01712,0.254225,,-0.267823,47.4464,-6.12251,89.9224,-0.267823,5.49,-5.652775526046753,14.517777442932129,2.50351,344.8299865722656,,,,,,,432.2,3.694017094,432.2,3.694017094,,,,,,,,,,,,,,,,,,,"Bo Naylor","21865",666310
"Brice Turang","MIL",152,651.206,581.81,148.519,107.396,24.0028,5.16082,11.96,81.3068,61.6489,58.5421,1.35983,136.305,2.50694,4.33755,4.0094,10.6716,31.8685,6.38591,0.255271,0.089898,0.209311,0.429495,0.323809,0.375937,0.307682,0.699746,0.120666,6.64151,0.311862,,2.65552,74.104,-2.84098,97.1116,2.65552,0,0.4262504577636719,2.3456788063049316,2.50028,66.88999938964844,,,,,,,693.3,4.56118421,693.3,4.56118421,,,,,,,,,,,,,,,,,,,"Brice Turang","22186",668930
"Jose Altuve","HOU",147,635.337,572.99,145.308,96.9761,25.4325,1.268,21.6317,79.8308,73.4637,52.091,1.95035,110.746,5.40001,3.83706,1.01873,12.5355,11.79,4.00597,0.253596,0.0819895,0.174311,0.470363,0.319712,0.415665,0.319537,0.735377,0.162068,4.33148,0.278269,,-0.289385,78.4137,3.34379,105.236,-0.289385,0,3.631794720888138,-1.2215100526809692,2.4839,128.55999755859375,,,,,,,706.6,4.806802721,706.6,4.806802721,,,,,,,,,,,,,,,,,,,"Jose Altuve","5417",514888
"Ian Happ","CHC",152,650.986,560.957,134.19,81.1251,29.4626,1.77827,21.8245,81.5292,77.396,80.0069,1.5694,152.244,5.3871,3.86599,0.76864,11.0656,8.18461,2.57611,0.239217,0.122901,0.233867,0.525517,0.337709,0.414797,0.329736,0.752506,0.17558,4.10378,0.287562,,-0.506982,85.7357,8.81674,113.257,-0.506982,0,9.72186428308487,-7.236669063568115,2.4702,183.55999755859375,,,,,,,753.5,4.957236842,753.5,4.957236842,,,,,,,,,,,,,,,,,,,"Ian Happ","17919",664023
"Ha-Seong Kim","ATL",139,605.568,533.175,129.201,88.2623,22.7307,3.21957,14.9888,78.5215,57.3012,57.3935,1.81677,110.742,5.12099,4.55176,5.13699,9.49566,22.1665,7.36392,0.242325,0.0947763,0.182874,0.518261,0.319398,0.381371,0.307657,0.700769,0.139047,5.73928,0.277218,,0.434253,68.8983,-2.65421,95.8689,0.434253,0,-2.5307072699069977,6.435184955596924,2.46081,251.44000244140625,,,,,,,622.4,4.477697841,622.4,4.477697841,,,,,,,,,,,,,,,,,,,"Ha-Seong Kim","27506",673490
"Iván Herrera","STL",139,580.746,509.964,135.618,91.3724,24.4388,0.5341,19.273,74.8417,69.2425,56.3075,0.787282,114.668,10.0475,3.71247,0.714705,13.5161,6.98195,2.98706,0.265937,0.0969572,0.197449,0.49105,0.348211,0.429333,0.340072,0.777544,0.163396,3.51643,0.306385,,-0.862931,81.3585,12.7389,120.694,-0.862931,1.43,13.380532622337341,-8.796456694602966,2.44585,174.5,,,,,,,708.4,5.096402877,708.4,5.096402877,,,,,,,,,,,,,,,,,,,"Ivan Herrera","20599",671056
"CJ Abrams","WSN",146,608.874,553.363,135.465,88.251,28.5082,2.68062,16.0249,74.1481,64.3284,37.2265,1.35305,117.589,11.8256,4.22486,2.23381,8.68798,29.8077,8.35766,0.244802,0.0611399,0.193124,0.316583,0.304162,0.392886,0.303669,0.697048,0.148084,6.29197,0.281714,,1.64145,67.3032,-4.64002,93.6282,1.64145,0,-2.9566909074783325,6.258573532104492,2.41041,57,,,,,,,636.2,4.357534246,636.2,4.357534246,,,,,,,,,,,,,,,,,,,"CJ Abrams","25768",682928
"Jung Hoo Lee","SFG",141,596.708,541.235,145.347,99.3924,33.9306,4.32954,7.69466,69.7802,57.4012,44.1291,1.39329,66.9395,5.35288,5.24326,0.747129,12.4469,8.41016,2.29377,0.268547,0.0739543,0.112181,0.659239,0.326916,0.389887,0.313064,0.716804,0.12134,4.9598,0.291733,,-0.230928,70.5098,0.00416138,102.437,-0.230928,0,1.4927123486995697,2.1759257316589355,2.40652,286.05999755859375,,,,,,,624.2,4.426950354,624.2,4.426950354,,,,,,,,,,,,,,,,,,,"Jung Hoo Lee","33824",808982
"Colton Cowser","BAL",128,550.544,488.021,111.642,64.5455,23.3222,1.25239,22.5221,71.4812,67.295,50.4231,1.72886,173.093,7.738,3.46568,0.896673,8.21055,11.6885,3.29747,0.228765,0.0915877,0.314403,0.291306,0.308931,0.420137,0.316259,0.729068,0.191371,4.97995,0.301212,,0.188676,66.4832,1.43213,103.847,0.188676,0,2.685045540332794,1.8752928972244263,2.40528,246.77999877929688,,,,,,,616.2,4.8140625,616.2,4.8140625,,,,,,,,,,,,,,,,,,,"Colton Cowser","29591",681297
"Carlos Correa","HOU",131,565.52,503.658,130.753,92.1567,22.5699,0.830382,15.1959,65.3453,63.5199,50.0185,1.59335,111.014,3.39182,3.87907,0.502239,12.8467,0.204793,0.0734581,0.259606,0.088447,0.196305,0.45056,0.328307,0.398229,0.317842,0.726536,0.138622,1.88106,0.303039,,-0.939591,69.0185,2.19801,104.069,-0.939591,0,1.7723638415336609,2.1214370727539062,2.38982,277.6700134277344,,,,,,,602,4.595419847,602,4.595419847,,,,,,,,,,,,,,,,,,,"Carlos Correa","14162",621043
"Drake Baldwin","ATL",128,525.094,471.877,120.228,82.2352,21.743,0.725798,15.5242,60.1513,63.5236,44.2109,0.802301,95.3752,4.2962,4.18339,0.526041,12.5398,0.218016,0.0815178,0.254787,0.0841962,0.181635,0.463547,0.321666,0.402638,0.316333,0.724303,0.147851,1.88445,0.286734,,-0.847601,63.4412,1.39729,101.812,-0.847601,3.69,0.28023338317871094,5.465277433395386,2.37524,91.61000061035156,,,,,,,563.9,4.40546875,563.9,4.40546875,,,,,,,,,,,,,,,,,,,"Drake Baldwin","31539",686948
"Daulton Varsho","TOR",138,585.994,527.684,117.298,63.5078,23.1028,2.32398,28.3638,76.7755,77.1115,48.3038,1.19667,152.635,4.85471,3.87335,1.27821,6.8748,10.7062,2.48438,0.222289,0.0824305,0.260471,0.316467,0.291521,0.436133,0.312781,0.727654,0.213844,5.21083,0.253694,,0.361557,69.1093,-0.130396,100.611,0.361557,0,0.7832849025726318,2.129629611968994,2.36156,196.88999938964844,,,,,,,642.8,4.657971014,642.8,4.657971014,,,,,,,,,,,,,,,,,,,"Daulton Varsho","19918",662139
"Riley Greene","DET",151,635.48,567.672,140.633,84.1043,26.3201,3.31746,26.8909,80.8713,84.1105,58.0996,1.88118,182.112,4.96557,4.29574,0.446554,10.972,3.40655,1.03367,0.247736,0.0914264,0.286573,0.319033,0.320767,0.4479,0.331152,0.768668,0.200164,3.99646,0.313368,,-0.701143,84.424,9.33719,112.411,-0.701143,0,8.594830393791199,-7.592094898223877,2.34039,79.27999877929688,,,,,,,759.8,5.031788079,759.8,5.031788079,,,,,,,,,,,,,,,,,,,"Riley Greene","25976",682985
"Brandon Nimmo","TEX",146,613.463,540.648,136.303,86.884,26.2236,1.93477,21.261,77.7433,71.937,58.8293,0.825255,130.271,8.60791,4.26802,1.10982,12.1047,7.1595,2.04373,0.252111,0.0958971,0.212354,0.451591,0.332718,0.425747,0.330657,0.758465,0.173636,4.17837,0.292443,,-0.418374,81.2525,8.76715,113.727,-0.418374,0,9.506470263004303,-7.8607683181762695,2.32864,147.94000244140625,,,,,,,716.5,4.907534246,716.5,4.907534246,,,,,,,,,,,,,,,,,,,"Brandon Nimmo","12927",607043
"Munetaka Murakami","CHW",138,600.098,502.402,103.998,51.7572,17.0632,1.0781,34.0992,85.5026,85.7306,87.8896,2.68899,224.858,6.51727,2.68852,0.600835,7.54074,12.145,2.43633,0.207001,0.146459,0.374701,0.390868,0.330952,0.448873,0.338195,0.779825,0.241872,4.82389,0.283986,,0.484099,83.1548,12.2486,117.256,0.484099,0,12.689260214567184,-10.598038673400879,2.32716,999,,,,,,,757.2,5.486956521,757.2,5.486956521,,,,,,,,,,,,,,,,,,,"Munetaka Murakami","sa3063258",808959
"Jo Adell","LAA",146,613.603,558.615,132.528,73.2104,24.6179,1.82735,32.8722,78.3212,86.5479,42.1787,1.32417,167.211,8.47512,3.81526,0.519403,8.28053,10.5633,3.22478,0.237244,0.0687394,0.272506,0.252249,0.298787,0.464394,0.326373,0.763181,0.22715,4.61609,0.275028,,-0.0169158,79.1368,6.63492,108.192,-0.0169158,0,5.907523639500141,-4.355967044830322,2.3195,127.38999938964844,,,,,,,742.4,5.084931506,742.4,5.084931506,,,,,,,,,,,,,,,,,,,"Jo Adell","20220",666176
"Nico Hoerner","CHC",156,664.836,608.988,168.172,129.99,28.7054,3.64523,5.83106,79.1114,59.9342,39.7172,1.26998,61.4714,9.78726,5.20435,1.13974,13.9575,27.3093,8.01698,0.27615,0.0597398,0.092461,0.646108,0.327976,0.363982,0.304867,0.691958,0.0878327,5.82633,0.296844,,1.00219,74.1355,-4.42001,96.2208,1.00219,0,-1.975664496421814,2.507715940475464,2.31751,99.27999877929688,,,,,,,674,4.32051282,674,4.32051282,,,,,,,,,,,,,,,,,,,"Nico Hoerner","21479",663538
"Heliot Ramos","SFG",151,637.86,575.88,147.809,93.2261,27.7651,1.50737,25.31,81.4519,80.0093,47.9235,1.3268,153.922,8.83597,4.28225,0.938055,12.5382,6.40329,2.35168,0.256665,0.0751317,0.24131,0.31135,0.321182,0.441964,0.32974,0.763146,0.185299,3.78468,0.305536,,-0.663793,84.0088,8.64067,113.861,-0.663793,0,9.814939320087433,-8.393899917602539,2.31664,220.5,,,,,,,757.2,5.014569536,757.2,5.014569536,,,,,,,,,,,,,,,,,,,"Heliot Ramos","22515",671218
"Luis Robert Jr.","CHW",136,593.038,538.31,129.298,80.1123,26.2401,0.833286,22.1126,79.4564,65.2629,43.1692,2.33879,161.744,6.64526,3.526,0.804284,5.98716,32.8575,8.64176,0.240193,0.0727933,0.272739,0.266898,0.302734,0.415268,0.310444,0.718002,0.175075,6.03011,0.299419,,2.19026,68.8146,-1.25743,98.1395,2.19026,0,0.8898717164993286,1.2992357015609741,2.31232,123.72000122070312,,,,,,,659.8,4.851470588,659.8,4.851470588,,,,,,,,,,,,,,,,,,,"Luis Robert Jr.","20043",673357
"Mike Trout","LAA",134,565.878,479.175,114.223,63.6771,21.3867,1.37255,27.7866,72.8488,77.9647,75.2338,5.85026,170.391,7.47253,3.55502,0.441725,6.88417,3.44646,1.06696,0.238374,0.13295,0.301109,0.441536,0.348278,0.4627,0.348697,0.810979,0.224326,3.33388,0.303762,,-0.6754,83.2382,16.3753,123.57,-0.6754,0,15.044636726379395,-11.983860969543457,2.30586,220.61000061035156,,,,,,,738.1,5.508208955,738.1,5.508208955,,,,,,,,,,,,,,,,,,,"Mike Trout","10155",545361
"James Wood","WSN",149,622.405,543.283,140.2,87.4204,28.7344,1.75039,22.2952,81.1287,78.4111,71.333,4.36301,181.192,4.20318,3.07945,0.505826,11.3587,16.8813,5.07852,0.258061,0.114609,0.291116,0.393688,0.3469,0.440509,0.341124,0.787409,0.182448,4.81743,0.343871,,0.249542,87.7259,14.1839,119.286,0.249542,0,14.476295948028564,-12.6965913772583,2.30073,30.329999923706055,,,,,,,786.6,5.27919463,786.6,5.27919463,,,,,,,,,,,,,,,,,,,"James Wood","29518",695578
"Cody Bellinger",,151,651,585.4,149.185,94.0309,29.2567,3.73905,22.1582,79.225,80.4301,54.6071,3.49294,103.698,3.3722,7.16885,0.452295,8.92636,12.5997,3.1738,0.254843,0.0838818,0.159291,0.526595,0.318446,0.431149,0.322153,0.749595,0.176306,5.14441,0.272174,,0.239746,81.7293,4.80859,106.01,0.239746,0,4.864191383123398,-4.485098838806152,2.293,84.66999816894531,,,,,,,753.4,4.989403973,753.4,4.989403973,,,,,,,,,,,,,,,,,,,"Cody Bellinger","15998",641355
"Jake Cronenworth","SDP",146,661.578,572.746,135.873,88.2857,26.6835,3.11876,17.7855,77.9969,69.592,68.9056,1.56672,131.748,11.4248,4.70547,2.74025,12.1633,5.16435,1.47656,0.237232,0.104153,0.199142,0.523011,0.328686,0.38787,0.315908,0.716556,0.150638,4.07164,0.275959,,-0.674612,79.7028,1.53219,105.731,-0.674612,0,3.818844258785248,-3.70507550239563,2.26363,403.3900146484375,,,,,,,699.9,4.793835616,699.9,4.793835616,,,,,,,,,,,,,,,,,,,"Jake Cronenworth","18036",630105
"Bryson Stott","PHI",144,614.877,554.411,141.49,97.9146,25.3439,3.72525,14.5065,77.4245,62.6743,51.2644,1.18911,103.932,3.13075,4.60161,1.46963,9.48469,24.0322,5.78717,0.255208,0.0833734,0.169029,0.493249,0.319339,0.392856,0.311122,0.712196,0.137648,6.09163,0.288223,,1.43885,71.6875,-0.965057,97.1032,1.43885,0,-0.6722042560577393,2.3220973014831543,2.26182,184.05999755859375,,,,,,,662.7,4.602083333,662.7,4.602083333,,,,,,,,,,,,,,,,,,,"Bryson Stott","26294",681082
"Jarren Duran","BOS",139,587.427,528.117,138.627,84.0686,32.7989,3.49815,18.2611,79.9433,67.9865,48.1759,0.786811,133.449,6.82815,3.21595,1.09025,8.82587,23.5124,4.85578,0.262493,0.0820117,0.227176,0.361005,0.330238,0.441579,0.334204,0.771818,0.179086,6.32122,0.317067,,1.80104,79.4955,10.0865,110.568,1.80104,0,9.117869853973389,-7.931739807128906,2.18994,83.05999755859375,,,,,,,729,5.244604316,729,5.244604316,,,,,,,,,,,,,,,,,,,"Jarren Duran","24617",680776
"Dillon Dingler","DET",110,424.629,390.102,94.178,61.6368,20.5838,0.897051,11.0604,44.0031,47.7391,24.4116,0.760278,105.958,6.64139,2.97024,0.50395,6.69815,1.48179,0.503946,0.241419,0.0574891,0.249531,0.230389,0.295269,0.38384,0.29588,0.679109,0.142422,2.9296,0.301092,,-0.516905,44.2518,-5.92142,88.1134,-0.516905,4.69,-6.465869843959808,13.17765474319458,2.182,222.44000244140625,,,,,,,398.5,3.622727272,398.5,3.622727272,,,,,,,,,,,,,,,,,,,"Dillon Dingler","27464",693307
"Brandon Lowe","PIT",131,596.612,534.283,127.053,76.0382,26.5547,1.27016,23.19,69.9672,78.5886,51.6018,1.22126,152.679,5.77681,4.45172,0.49867,8.97273,4.31482,1.42525,0.237801,0.0864914,0.25591,0.337976,0.30939,0.422469,0.31705,0.73186,0.184668,3.38597,0.28623,,-0.593411,72.4296,1.93532,100.891,-0.593411,0,0.03689372539520264,1.222946047782898,2.15974,193.5,,,,,,,656.2,5.009160305,656.2,5.009160305,,,,,,,,,,,,,,,,,,,"Brandon Lowe","18882",664040
"Michael Harris II","ATL",133,577.402,538.69,140.726,92.2215,28.4315,1.95716,18.1162,74.4455,68.4724,28.2219,1.99131,113.375,4.81766,3.79829,1.87348,10.4869,18.8548,5.11663,0.261238,0.0488774,0.196353,0.248926,0.301924,0.422173,0.3114,0.724097,0.160935,5.59252,0.298323,,0.861824,67.4485,-0.776009,98.4331,0.861824,0,-0.21048343181610107,2.05246901512146,2.15391,94.11000061035156,,,,,,,633.5,4.763157894,633.5,4.763157894,,,,,,,,,,,,,,,,,,,"Michael Harris II","25931",671739
"Lars Nootbaar","STL",128,542.487,469.941,114.51,72.3612,22.2846,1.3292,18.5346,67.5086,63.2485,63.7803,2.18751,108.709,3.70719,3.5995,1.4591,10.6468,5.79679,2.08376,0.243668,0.11757,0.20039,0.586706,0.336391,0.415066,0.328274,0.751457,0.171398,3.64442,0.277147,,-0.602773,70.8023,6.70323,112.612,-0.602773,0,7.5059279799461365,-4.725738525390625,2.13105,376.1099853515625,,,,,,,631.9,4.93671875,631.9,4.93671875,,,,,,,,,,,,,,,,,,,"Lars Nootbaar","21454",663457
"Alec Bohm","PHI",141,601.06,551.643,150.005,106.704,27.7387,0.943971,14.6183,67.0043,71.8714,37.9565,0.882885,95.3614,4.79044,6.09449,0.5755,14.3611,2.4948,1.00516,0.271924,0.0631493,0.158655,0.398028,0.320994,0.405128,0.315639,0.726122,0.133205,2.68536,0.302365,,-0.893468,72.2808,1.26089,100.197,-0.893468,0,-0.7528271675109863,1.5756703615188599,2.13017,267.7200012207031,,,,,,,645.9,4.580851063,645.9,4.580851063,,,,,,,,,,,,,,,,,,,"Alec Bohm","21618",664761
"Ezequiel Tovar","COL",151,630.958,585.624,155.12,98.5579,32.9084,2.89268,20.761,75.8974,78.7606,31.0732,0.248484,157.697,4.0369,5.2275,4.99652,8.88886,9.81686,3.22502,0.26488,0.0492476,0.249932,0.197044,0.3039,0.437306,0.318483,0.741206,0.172426,4.7697,0.325803,,-0.238123,77.3331,2.78055,90.1033,-0.238123,0,-7.6390601098537445,6.990740776062012,2.08143,193.55999755859375,,,,,,,707.8,4.687417218,707.8,4.687417218,,,,,,,,,,,,,,,,,,,"Ezequiel Tovar","24064",678662
"Tyler Soderstrom","ATH",136,576.657,517.331,132.665,80.1105,27.8788,1.63297,23.0428,73.6558,74.0289,48.8943,2.37744,137.461,5.45505,4.50418,0.472134,11.383,5.45421,1.59543,0.256441,0.0847893,0.238375,0.355697,0.324574,0.450269,0.33327,0.774843,0.193828,3.98125,0.303384,,-0.43448,77.6009,9.46443,111.302,-0.43448,0,7.246734321117401,-6.796002388000488,2.07677,102.22000122070312,,,,,,,702.5,5.165441176,702.5,5.165441176,,,,,,,,,,,,,,,,,,,"Tyler Soderstrom","27467",691016
"Salvador Perez","KCR",152,613.019,558.868,139.626,83.3654,27.0357,0,29.2244,68.6455,97.5278,31.5166,4.25942,127.703,9.89374,5.55875,0.479081,10.0916,0.195172,0.109579,0.249836,0.0514122,0.208317,0.246797,0.298819,0.455088,0.320731,0.753908,0.205252,1.48118,0.270923,,-0.80145,76.2531,3.82016,102.466,-0.80145,-2.68,0.9805222153663635,-2.1310113668441772,2.04099,100.72000122070312,,,,,,,701.9,4.617763157,701.9,4.617763157,,,,,,,,,,,,,,,,,,,"Salvador Perez","7304",521692
"Willson Contreras","BOS",141,594.257,513.942,130.563,81.5584,23.7741,1.34682,23.8838,76.3666,78.2394,54.3038,0.895843,149.137,17.3544,4.15832,1.2652,12.8437,5.05931,1.76759,0.254043,0.091381,0.250964,0.36412,0.342889,0.444957,0.34302,0.787846,0.190915,3.88129,0.309145,,-0.717567,84.6735,14.4575,116.641,-0.717567,0,10.938048958778381,-11.47988510131836,2.0372,199.05999755859375,,,,,,,737.4,5.229787234,737.4,5.229787234,,,,,,,,,,,,,,,,,,,"Willson Contreras","11609",575929
"Sean Murphy","ATL",94,382.252,333.365,73.9404,45.0187,14.2462,0,14.6754,44.2316,48.5372,36.758,0.618063,106.02,8.36863,2.42096,0.405893,7.54392,0.0173475,0.00845948,0.2218,0.0961618,0.277356,0.346708,0.312583,0.396601,0.311586,0.709184,0.174801,1.51208,0.275535,,-0.591025,44.7101,-0.455885,98.5608,-0.591025,5.21,-1.2430660724639893,8.261298418045044,2.01922,382.5,,,,,,,398,4.234042553,398,4.234042553,,,,,,,,,,,,,,,,,,,"Sean Murphy","19352",669221
"Matt McLain","CIN",141,599.64,533.57,126.209,79.2876,24.6423,2.70142,19.5779,73.7129,66.8353,53.663,0.628615,167.629,7.12945,3.66835,1.60911,7.69695,17.1847,4.90592,0.236537,0.089492,0.279549,0.32013,0.312695,0.402923,0.312694,0.715619,0.166386,5.41103,0.304633,,0.507268,70.6765,-0.175606,94.9108,0.507268,0,-3.10964035987854,2.476053476333618,1.97633,225.5,,,,,,,650.5,4.613475177,650.5,4.613475177,,,,,,,,,,,,,,,,,,,"Matt McLain","29695",680574
"Joey Bart","PIT",86,360.913,319.741,76.3005,51.9252,13.6027,0.367558,10.4051,40.1136,40.4915,32.1917,0.00184427,99.7845,6.43789,2.11266,0.429702,7.82992,0.827911,0.324255,0.238632,0.0891951,0.276478,0.322612,0.318822,0.381101,0.309417,0.699923,0.142469,2.39035,0.311321,,-0.565007,41.5787,-1.06598,95.6624,-0.565007,5,-2.420442521572113,9.532378196716309,1.95618,489.3299865722656,,,,,,,356.1,4.140697674,356.1,4.140697674,,,,,,,,,,,,,,,,,,,"Joey Bart","21524",663698
"Matt Olson","ATL",159,690.066,594.256,141.132,85.6834,27.4163,0.50044,27.5321,84.6535,90.4047,84.2028,3.90149,163.121,5.90059,5.11611,0.58995,12.2121,0.820055,0.330062,0.237494,0.122021,0.236385,0.516198,0.335379,0.424305,0.330536,0.759684,0.186811,2.04437,0.277942,,-1.10589,91.3305,9.79392,111.542,-1.10589,0,8.33392059803009,-12.268518447875977,1.9464,56.439998626708984,,,,,,,814.7,5.123899371,814.7,5.123899371,,,,,,,,,,,,,,,,,,,"Matt Olson","14344",621566
"Masyn Winn","STL",146,618.024,566.871,141.148,99.3739,26.6153,3.36336,11.7957,68.7436,59.0234,38.5068,0.226048,108.744,4.74139,4.75942,3.14488,10.3279,12.1168,3.73945,0.248995,0.0623063,0.175955,0.354105,0.299891,0.370238,0.29328,0.670129,0.121243,5.00282,0.286755,,-0.0480639,63.1015,-9.92279,88.6392,-0.0480639,0,-8.369683850556612,6.759259223937988,1.93896,262.5,,,,,,,574.4,3.934246575,574.4,3.934246575,,,,,,,,,,,,,,,,,,,"Masyn Winn","27479",691026
"Michael Busch","CHC",138,588.657,517.876,125.654,72.9113,26.7694,1.55088,24.4226,72.3345,80.5398,57.9077,1.22916,149.666,7.99579,4.146,0.732114,9.69463,2.84705,0.950677,0.242634,0.0983725,0.25425,0.386912,0.32582,0.441791,0.332428,0.767611,0.199158,3.32974,0.290951,,-0.728203,78.8134,9.25897,115.101,-0.728203,0,9.807670056819916,-10.497820854187012,1.93316,109.94000244140625,,,,,,,703.8,5.1,703.8,5.1,,,,,,,,,,,,,,,,,,,"Michael Busch","26319",683737
"Jonathan Aranda","TBR",141,598.435,527.812,136.223,85.6752,27.2187,0.994134,22.3352,71.1195,81.4029,55.7838,2.5839,144.293,9.63435,4.72068,0.484886,11.5349,0.708927,0.248695,0.25809,0.093216,0.241118,0.386599,0.337221,0.440376,0.336772,0.777597,0.182286,2.29672,0.311251,,-0.94047,82.233,11.5232,115.651,-0.94047,0,10.098571598529816,-11.88005542755127,1.92508,184.72000122070312,,,,,,,724.3,5.136879432,724.3,5.136879432,,,,,,,,,,,,,,,,,,,"Jonathan Aranda","21837",666018
"Cedric Mullins","TBR",112,474.621,421.032,97.2372,58.6173,18.0271,2.75068,17.842,62.7861,53.4862,43.091,0.591625,104.439,4.25107,3.28941,2.9283,5.13397,21.5018,4.9389,0.230949,0.0907903,0.220047,0.412595,0.30653,0.413963,0.313032,0.720493,0.183013,6.47231,0.262862,,1.5822,56.0714,-0.00880429,99.2978,1.5822,0,1.1893770098686218,1.227410912513733,1.91861,305.8900146484375,,,,,,,529.5,4.727678571,529.5,4.727678571,,,,,,,,,,,,,,,,,,,"Cedric Mullins","17929",656775
"Ozzie Albies","ATL",146,633.734,575.647,140.928,90.9155,29.2476,1.88385,18.8806,73.3386,74.5977,45.827,1.43125,94.7508,5.20594,6.48912,0.564295,9.44581,9.54253,3.2089,0.244816,0.0723127,0.149512,0.483658,0.303174,0.400566,0.305113,0.70374,0.15575,4.39803,0.260503,,-0.333244,70.7941,-4.08645,94.1264,-0.333244,0,-4.744901239871979,2.2530863285064697,1.90226,178.44000244140625,,,,,,,651.3,4.460958904,651.3,4.460958904,,,,,,,,,,,,,,,,,,,"Ozzie Albies","16556",645277
"Jakob Marsee","MIA",136,576.554,503.605,118.333,77.3531,24.8318,3.15572,12.9927,71.2126,53.7017,58.6961,0.740081,129.304,7.66875,3.74473,2.83876,8.92297,23.6959,6.12406,0.234973,0.101805,0.224271,0.453938,0.321934,0.374212,0.307921,0.696146,0.139239,6.15158,0.288563,,1.28739,65.7209,-2.40332,95.1799,1.28739,0,-2.006374478340149,1.2992357015609741,1.89022,145.6699981689453,,,,,,,598.4,4.4,598.4,4.4,,,,,,,,,,,,,,,,,,,"Jakob Marsee","31370",805300
"Ramón Laureano","SDP",130,588.07,529.898,128.974,80.0497,24.4346,2.63237,21.8577,75.199,72.9739,42.1962,0.706313,154.885,11.3033,4.02234,0.650147,10.9596,9.5103,3.45621,0.243395,0.0717538,0.263378,0.272437,0.310637,0.423189,0.318357,0.733826,0.179794,4.9107,0.299897,,-0.390302,72.0164,2.53148,107.409,-0.390302,0,4.77341565489769,-6.1188273429870605,1.86411,226.11000061035156,,,,,,,655.5,5.042307692,655.5,5.042307692,,,,,,,,,,,,,,,,,,,"Ramon Laureano","17128",657656
"Lawrence Butler","ATH",136,576.657,520.468,125.84,74.8961,26.9444,1.03435,22.965,75.8279,69.502,49.5781,0.717511,154.138,1.83452,3.69012,1.08608,9.09377,15.5045,4.77739,0.241782,0.0859751,0.267296,0.321648,0.307959,0.429897,0.318969,0.737857,0.188115,4.88776,0.296422,,0.315366,70.9052,2.76877,101.45,0.315366,0,1.30092453956604,-3.4979424476623535,1.80587,161.77999877929688,,,,,,,658.2,4.839705882,658.2,4.839705882,,,,,,,,,,,,,,,,,,,"Lawrence Butler","22542",671732
"Brenton Doyle","COL",138,576.682,527.971,136.822,85.7378,27.2219,3.67287,20.1896,77.4806,67.9337,37.3341,0.349354,153.159,3.43296,4.43031,3.51389,7.96368,21.3427,5.56669,0.259147,0.0647395,0.265587,0.24376,0.309838,0.43934,0.322515,0.749177,0.180193,6.22169,0.324834,,1.15605,72.5689,4.42941,92.8656,1.15605,0,-3.7202038764953613,2.129629611968994,1.80027,169.61000061035156,,,,,,,671.4,4.865217391,671.4,4.865217391,,,,,,,,,,,,,,,,,,,"Brenton Doyle","25479",686668
"Danny Jansen","TEX",89,342.76,298.698,60.9415,36.5501,11.7326,0.806092,11.8528,36.5979,37.8953,35.6433,0.202887,81.6257,5.10896,2.22351,0.550067,4.56443,0.220785,0.0862961,0.204024,0.103989,0.238142,0.436667,0.297634,0.367744,0.2945,0.665378,0.163721,2.42959,0.236637,,-0.500168,35.336,-5.16379,88.819,-0.500168,3.89,-5.017118036746979,10.757283926010132,1.7943,453.5,,,,,,,318.9,3.583146067,318.9,3.583146067,,,,,,,,,,,,,,,,,,,"Danny Jansen","16535",643376
"Bryan Reynolds","PIT",151,684.999,609.564,156.802,103.843,31.3348,3.64466,17.9794,81.9951,78.7438,60.9046,2.24007,163.403,8.94016,4.97611,0.613618,13.4631,6.14851,1.91128,0.257236,0.088912,0.238544,0.372727,0.331168,0.409086,0.322936,0.740254,0.15185,4.4003,0.320489,,-0.684841,86.4334,5.49553,104.923,-0.684841,0,3.3123384714126587,-8.594351768493652,1.79129,201.1699981689453,,,,,,,766.9,5.078807947,766.9,5.078807947,,,,,,,,,,,,,,,,,,,"Bryan Reynolds","19326",668804
"Jurickson Profar","ATL",149,647.817,559.063,137.757,90.2725,25.7896,1.128,20.5671,82.2628,73.2139,72.7935,1.17566,104.593,8.90658,4.1583,2.801,12.9322,8.56781,3.33245,0.246407,0.112367,0.161454,0.695972,0.340285,0.406938,0.328686,0.747224,0.160531,3.90336,0.26752,,-0.778678,84.766,8.2215,110.275,-0.778678,0,7.110390365123749,-11.446927070617676,1.76146,183.77999877929688,,,,,,,747,5.013422818,747,5.013422818,,,,,,,,,,,,,,,,,,,"Jurickson Profar","10815",595777
"Kyle Stowers","MIA",141,597.145,529.995,125.44,72.5342,26.0225,1.88355,24.9993,71.0486,80.7911,55.3069,1.97357,171.081,7.0579,3.95506,0.829991,9.58141,3.79309,1.05647,0.236681,0.0926189,0.286498,0.323279,0.314942,0.434395,0.323851,0.749337,0.197714,3.53694,0.297275,,-0.551554,75.7913,5.23404,106.092,-0.551554,0,3.760246753692627,-6.527777671813965,1.74951,137.77999877929688,,,,,,,682.6,4.841134751,682.6,4.841134751,,,,,,,,,,,,,,,,,,,"Kyle Stowers","26151",669065
"Jeff McNeil","ATH",134,569.792,508.393,128.298,86.3324,27.5295,1.65156,12.7848,63.2671,58.8018,44.8017,2.20526,73.8134,9.02582,4.78493,2.78623,11.2804,2.68635,0.934969,0.25236,0.0786282,0.129545,0.606959,0.321206,0.38845,0.310346,0.709657,0.13609,3.38177,0.27079,,-0.756349,66.0722,-1.25311,95.5104,-0.756349,0,-3.77143794298172,1.1709800958633423,1.74042,394.05999755859375,,,,,,,588.5,4.391791044,588.5,4.391791044,,,,,,,,,,,,,,,,,,,"Jeff McNeil","15362",643446
"Carlos Narváez","BOS",107,412.76,369.746,83.2099,54.9359,14.7856,0.4158,13.0727,43.2096,48.0768,35.2039,0.9144,108.438,3.7527,3.02707,1.03078,7.42589,2.53934,1.14866,0.225046,0.0852891,0.262714,0.324646,0.296716,0.373352,0.293808,0.670067,0.148305,2.84206,0.27914,,-0.576339,42.3205,-6.45026,82.7408,-0.576339,3.43,-8.972714185714722,11.385948419570923,1.70041,288.7799987792969,,,,,,,380.4,3.555140186,380.4,3.555140186,,,,,,,,,,,,,,,,,,,"Carlos Narvaez","19722",665966
"Victor Caratini",,78,313,280.285,69.122,47.3697,12.1828,0.000468202,9.56903,33.7076,37.361,23.5748,0.841269,58.0402,5.46768,2.53857,0.349939,7.64808,0.811872,0.362389,0.246614,0.0753187,0.185432,0.40618,0.314765,0.392504,0.309355,0.707269,0.14589,2.11195,0.276715,,-0.484924,36.0431,-0.940223,97.2191,-0.484924,3.94,-1.5136826038360596,7.450802564620972,1.69127,432.1099853515625,,,,,,,324.1,4.155128205,324.1,4.155128205,,,,,,,,,,,,,,,,,,,"Victor Caratini","14968",605170
"Christian Yelich","MIL",146,623.495,545.078,139.362,93.0517,24.3851,2.82725,19.0979,79.9027,75.336,69.8126,5.17237,151.03,4.42577,3.07461,1.10393,14.7567,17.0634,4.30646,0.255673,0.11197,0.242231,0.462244,0.343193,0.415894,0.330388,0.759087,0.160221,5.19075,0.318138,,0.578862,82.4452,8.77444,112.666,0.578862,0,9.938986778259277,-14.269547462463379,1.67928,135.27999877929688,,,,,,,741.8,5.080821917,741.8,5.080821917,,,,,,,,,,,,,,,,,,,"Christian Yelich","11477",592885
"Logan O'Hoppe","LAA",115,447.054,407.651,94.0747,57.0526,17.129,1.04166,18.8515,49.4657,56.3712,30.4705,0.385222,129.14,5.05767,2.78971,1.08454,6.74372,2.54123,0.837746,0.230772,0.0681586,0.288869,0.23595,0.29061,0.416634,0.305897,0.707244,0.185862,3.41583,0.28662,,-0.443471,50.2247,-2.59814,94.0867,-0.443471,-2.24,-3.559243679046631,4.5338218212127686,1.67398,243.55999755859375,,,,,,,459.9,3.999130434,459.9,3.999130434,,,,,,,,,,,,,,,,,,,"Logan O'Hoppe","24729",681351
"Jonathan India","KCR",126,534.678,462.435,113.949,75.237,24.0211,1.9228,12.7681,65.5502,56.6795,54.0041,0.0027322,102.008,13.0315,3.85588,1.35113,10.1522,8.38024,2.70858,0.246411,0.101003,0.190783,0.529412,0.33935,0.389503,0.323024,0.728854,0.143092,4.48666,0.287842,,-0.372382,67.5038,4.32746,104.046,-0.372382,0,2.1773596107959747,-4.43732213973999,1.65161,387.44000244140625,,,,,,,587.4,4.661904761,587.4,4.661904761,,,,,,,,,,,,,,,,,,,"Jonathan India","21523",663697
"Wilyer Abreu","BOS",121,512.291,454.537,109.318,61.3476,23.8254,1.56014,22.5851,64.0833,70.7729,49.8977,2.46895,125.18,3.25755,3.90875,0.689835,6.13733,8.49646,2.58923,0.240505,0.0974011,0.244354,0.398607,0.317579,0.448851,0.329182,0.76643,0.208346,4.39112,0.279172,,-0.100656,67.2389,6.7078,107.109,-0.100656,0,4.191754102706909,-5.701440334320068,1.64954,231.1699981689453,,,,,,,618.4,5.110743801,618.4,5.110743801,,,,,,,,,,,,,,,,,,,"Wilyer Abreu","23772",677800
"Tyler O'Neill","BAL",92,397.228,347.967,82.0045,45.249,15.1179,0.774728,20.8628,53.6932,56.225,40.7306,1.56024,111.025,5.38434,2.72758,0.418738,5.64298,4.36403,1.38839,0.235668,0.102537,0.279499,0.36686,0.322874,0.463436,0.33792,0.78631,0.227768,3.86983,0.279432,,-0.288619,54.9549,8.01935,118.769,-0.288619,0,8.498605608940125,-6.152263164520264,1.63887,403.55999755859375,,,,,,,500.6,5.441304347,500.6,5.441304347,,,,,,,,,,,,,,,,,,,"Tyler O'Neill","15711",641933
"Andrés Giménez","TOR",138,585.994,531.959,129.79,95.0856,23.3826,2.56555,8.75586,69.5215,48.6749,31.872,1.63347,101.994,14.4582,4.34407,3.3607,10.9443,23.6403,5.53271,0.243984,0.0543897,0.174052,0.312491,0.302283,0.346965,0.286462,0.649248,0.10298,6.26011,0.284415,,1.53952,56.5872,-12.6525,82.4801,1.53952,0,-10.560825228691101,6.388888835906982,1.63669,311.1099853515625,,,,,,,531.2,3.849275362,531.2,3.849275362,,,,,,,,,,,,,,,,,,,"Andres Gimenez","19950",665926
"Agustín Ramírez","MIA",128,523.605,477.032,118.427,74.9223,24.833,0.8457,17.8256,60.9399,65.7561,37.0745,1.95848,102.657,5.30385,3.66293,0.531357,11.0313,8.73199,3.42148,0.248257,0.0708063,0.196058,0.36115,0.307423,0.415963,0.312737,0.723386,0.167706,4.11625,0.279282,,-0.416211,61.7326,-0.135339,98.4788,-0.416211,4.23,-1.3602145612239838,-0.29570722579956055,1.61291,82.5,,,,,,,565.9,4.42109375,565.9,4.42109375,,,,,,,,,,,,,,,,,,,"Agustin Ramirez","26546",682663
"Tyler Stephenson","CIN",107,425.361,377.13,89.6081,57.5686,16.8373,0.46803,14.7342,46.9942,52.7593,39.9728,0.816203,120.407,4.90911,2.82606,0.476386,8.21287,0.771937,0.319271,0.237606,0.0939739,0.283071,0.331979,0.316568,0.401941,0.314279,0.718509,0.164336,2.15252,0.30584,,-0.647316,50.6823,0.422623,95.9962,-0.647316,0.79,-2.6658137440681458,4.242581427097321,1.60923,243.38999938964844,,,,,,,454.2,4.244859813,454.2,4.244859813,,,,,,,,,,,,,,,,,,,"Tyler Stephenson","17988",663886
"Carson Kelly","CHC",96,374.96,331.335,77.7743,51.1787,13.3897,0.372908,12.833,41.0427,45.7102,34.7877,0.2418,74.4747,4.1737,3.19365,0.540585,7.11843,1.01785,0.396971,0.23473,0.092777,0.19862,0.467107,0.312553,0.393585,0.309613,0.706139,0.158855,2.34932,0.262685,,-0.552475,43.2566,-1.04778,99.4725,-0.552475,-2.79,-0.7868945002555847,4.014770984649658,1.6066,320.1700134277344,,,,,,,384.6,4.00625,384.6,4.00625,,,,,,,,,,,,,,,,,,,"Carson Kelly","13620",608348
"Evan Carter","TEX",107,449.873,399.185,96.1409,62.6878,20.4671,2.30593,10.68,56.1995,42.9058,40.9347,1.8409,97.2204,5.92869,3.26478,0.559847,6.12463,16.171,3.71775,0.240843,0.0909919,0.216106,0.421051,0.318273,0.383932,0.307656,0.702206,0.143089,5.85445,0.290141,,1.00064,51.184,-1.97191,97.8822,1.00064,0,-0.12229716777801514,0.15011218190193176,1.58704,311.2200012207031,,,,,,,471.6,4.407476635,471.6,4.407476635,,,,,,,,,,,,,,,,,,,"Evan Carter","27790",694497
"Alec Burleson","STL",139,590.556,538.129,141.341,94.1759,25.7826,0.482049,20.9001,68.6862,76.0451,40.3867,1.05951,85.0019,4.05585,5.64847,1.67536,12.0916,4.62494,1.83875,0.262652,0.0683876,0.143935,0.475127,0.315839,0.42887,0.32163,0.74471,0.166218,3.10214,0.275056,,-0.736134,73.8901,4.1114,108.06,-0.736134,0,4.905270457267761,-9.07909870147705,1.58319,180.77999877929688,,,,,,,660.3,4.750359712,660.3,4.750359712,,,,,,,,,,,,,,,,,,,"Alec Burleson","27615",676475
"Xavier Edwards","MIA",143,604.008,544.577,148.539,120.287,22.3485,4.45482,1.44827,69.1254,42.1145,46.782,1.5572,82.9497,2.84162,4.32686,5.48052,11.7999,28.6417,6.81524,0.27276,0.0774526,0.137332,0.563981,0.331083,0.338137,0.297259,0.66922,0.0653771,6.17664,0.31666,,1.82597,63.6219,-7.74635,87.8761,1.82597,0,-6.853222846984863,2.206789970397949,1.58063,170.77999877929688,,,,,,,570.9,3.992307692,570.9,3.992307692,,,,,,,,,,,,,,,,,,,"Xavier Edwards","22266",669364
"Romy Gonzalez","BOS",92,389.341,359.058,95.6627,63.8038,17.324,1.71835,12.8166,50.0921,47.2596,23.2469,0.661039,97.5068,3.16933,2.82525,1.04138,8.07991,11.7194,3.53385,0.266427,0.0597083,0.250441,0.238413,0.314394,0.431332,0.321772,0.745726,0.164905,5.51772,0.32933,,0.305474,48.7591,2.75545,102.004,0.305474,0,1.2252318263053894,0.8219622373580933,1.58049,444.1099853515625,,,,,,,451.1,4.903260869,451.1,4.903260869,,,,,,,,,,,,,,,,,,,"Romy Gonzalez","21562",663853
"Josh Jung","TEX",130,545.3,505.509,124.135,82.2953,23.4979,1.46433,16.877,59.8069,63.9127,31.1254,0.442778,136.362,4.65625,3.49292,0.516867,9.1012,3.60365,1.38587,0.245564,0.0570794,0.250068,0.228255,0.293541,0.398,0.300034,0.69154,0.152436,3.60126,0.301486,,-0.623391,58.6664,-5.765,92.6312,-0.623391,0,-5.359335958957672,2.0061726570129395,1.57717,326.1700134277344,,,,,,,533.4,4.103076923,533.4,4.103076923,,,,,,,,,,,,,,,,,,,"Josh Jung","26299",673962
"Ceddanne Rafaela","BOS",143,601.088,561.799,140.986,91.9327,27.1916,4.22508,17.6369,74.0594,66.9314,25.8871,0.766868,130.956,6.50465,4.39073,2.50623,7.99223,22.2963,5.88429,0.250955,0.0430671,0.217865,0.197678,0.289648,0.408578,0.300862,0.698226,0.157623,6.32931,0.295379,,1.23386,65.0726,-5.95051,87.6003,1.23386,0,-7.550706505775452,2.206789970397949,1.56994,132.3300018310547,,,,,,,621.9,4.348951048,621.9,4.348951048,,,,,,,,,,,,,,,,,,,"Ceddanne Rafaela","24262",678882
"Joey Ortiz","MIL",146,623.495,570.304,137.208,97.8817,23.2685,3.6271,12.4302,68.1383,61.3908,40.046,0.648622,108.14,4.89925,3.87477,4.37136,11.2368,15.6375,4.32102,0.240587,0.0642282,0.173441,0.370317,0.294211,0.359494,0.286763,0.653705,0.118908,5.53945,0.275077,,0.419347,60.361,-13.3098,82.7814,0.419347,0,-12.304724633693695,6.759259223937988,1.55498,399.1099853515625,,,,,,,553.7,3.792465753,553.7,3.792465753,,,,,,,,,,,,,,,,,,,"Joey Ortiz","25493",687401
"Jake Meyers","HOU",109,467.776,421.971,105.317,72.3678,21.1755,1.53973,10.2338,56.1486,45.3217,34.7068,0.31813,97.3452,6.03432,2.92092,2.14253,8.57316,10.9138,3.20883,0.249583,0.0741954,0.208102,0.356533,0.313676,0.37982,0.30473,0.693496,0.130237,5.01731,0.299651,,0.124086,52.1096,-3.16167,95.0364,0.124086,0,-2.6124670207500458,1.682098627090454,1.55205,445.8299865722656,,,,,,,467.8,4.291743119,467.8,4.291743119,,,,,,,,,,,,,,,,,,,"Jake Meyers","20308",676694
"Kerry Carpenter","DET",115,485.151,441.583,110.849,63.3657,20.6842,3.13858,23.6609,61.9582,70.0489,31.7817,1.38701,115.194,7.10375,3.59291,0.48074,7.26323,2.60985,0.797619,0.251027,0.0655088,0.237438,0.275898,0.30933,0.472829,0.333842,0.782159,0.221802,4.0895,0.284631,,-0.470541,65.5124,8.18807,114.265,-0.470541,0,7.686065047979355,-9.323378562927246,1.54091,222.3300018310547,,,,,,,603.1,5.244347826,603.1,5.244347826,,,,,,,,,,,,,,,,,,,"Kerry Carpenter","25961",681481
"Royce Lewis","MIN",131,559.547,512,121.612,75.8405,25.8071,0.650498,19.3139,65.0373,65.6746,39.4255,1.14134,116.211,3.27898,4.20112,0.640574,7.78318,10.822,4.01412,0.237523,0.0704597,0.207687,0.339259,0.293997,0.403636,0.302014,0.697632,0.166112,4.11022,0.268727,,-0.254519,61.0987,-5.01608,91.8318,-0.254519,0,-5.641361981630325,1.4226107597351074,1.53877,198.6699981689453,,,,,,,566.6,4.325190839,566.6,4.325190839,,,,,,,,,,,,,,,,,,,"Royce Lewis","20437",668904
"Jared Triolo","PIT",133,603.977,537.69,130.734,91.624,25.3606,2.8008,10.9489,69.3371,56.2501,55.5924,0.751988,137.417,4.73788,4.08501,1.87218,9.54415,14.1016,4.21971,0.243141,0.0920439,0.22752,0.404553,0.317328,0.361813,0.300469,0.679141,0.118672,5.09038,0.304481,,0.0940869,65.1925,-6.17207,89.5323,0.0940869,0,-7.39910152554512,2.3027701377868652,1.5345,418.3900146484375,,,,,,,587,4.413533834,587,4.413533834,,,,,,,,,,,,,,,,,,,"Jared Triolo","25807",669707
"Andrew Vaughn","MIL",136,581.929,529.381,136.609,85.9946,27.0016,0.144312,23.4689,65.3671,87.3988,38.7105,0.398109,112.294,7.49715,5.48429,0.856275,11.8369,0.472027,0.188702,0.258055,0.066521,0.192969,0.344723,0.31462,0.442604,0.326582,0.757224,0.184549,1.62905,0.283488,,-0.852999,75.1503,6.3909,110.059,-0.852999,0,6.084541738033295,-10.493826866149902,1.52974,301.55999755859375,,,,,,,670.7,4.931617647,670.7,4.931617647,,,,,,,,,,,,,,,,,,,"Andrew Vaughn","26197",683734
"Tommy Edman","LAD",136,590.13,539.317,131.776,88.9424,25.0237,3.32277,14.4873,72.3345,61.0352,37.7446,0.972297,99.9344,5.78478,4.54537,2.73787,11.458,13.227,3.60317,0.244339,0.0639599,0.169343,0.377694,0.298448,0.383647,0.297054,0.682095,0.139308,5.41961,0.27312,,0.301722,62.0616,-7.66672,89.5857,0.301722,0,-6.982331603765488,2.2486772537231445,1.52447,297.2200012207031,,,,,,,566.9,4.168382352,566.9,4.168382352,,,,,,,,,,,,,,,,,,,"Tommy Edman","19470",669242
"Jasson Domínguez","NYY",123,528.366,472.322,112.873,71.536,21.8507,2.29946,17.1867,68.4521,54.8177,48.6857,1.96962,134.23,3.80535,3.0002,0.552205,8.10173,21.2771,5.20801,0.238974,0.0921439,0.254047,0.362705,0.3133,0.404136,0.312242,0.717436,0.165162,5.93363,0.295413,,1.31687,62.0819,-0.348614,100.764,1.31687,0,1.7927500307559967,-5.095029354095459,1.52274,201.44000244140625,,,,,,,580.7,4.721138211,580.7,4.721138211,,,,,,,,,,,,,,,,,,,"Jasson Dominguez","28080",691176
"Nick Gonzales","PIT",100,456.666,418.701,110.135,75.5334,23.7761,2.48914,8.33603,50.1224,48.9992,27.2087,0.595812,89.7682,5.74904,3.94033,1.06657,8.85307,3.59498,1.11022,0.263039,0.0595813,0.196573,0.3031,0.314075,0.391442,0.307469,0.705517,0.128403,4.0932,0.313673,,-0.44795,51.8875,-2.07108,94.3279,-0.44795,0,-3.5179302990436554,3.185981512069702,1.52051,491.3299865722656,,,,,,,457,4.57,457,4.57,,,,,,,,,,,,,,,,,,,"Nick Gonzales","27490",693304
"Caleb Durbin","MIL",141,602.712,541.828,133.407,95.8142,24.9226,3.01787,9.6523,67.4277,57.8071,36.6188,1.17553,67.4126,15.7835,4.71932,3.76193,12.1911,20.5629,5.51722,0.246216,0.0607568,0.111849,0.543205,0.310225,0.356796,0.2946,0.667021,0.11058,5.77162,0.263598,,0.882475,62.184,-9.03104,88.15,0.882475,0,-7.582407593727112,2.3259897232055664,1.51381,236.55999755859375,,,,,,,568.5,4.031914893,568.5,4.031914893,,,,,,,,,,,,,,,,,,,"Caleb Durbin","29646",702332
"Harrison Bader",,122,525,479.099,113.807,74.3743,20.6891,2.76231,15.9813,65.1076,55.7568,33.2988,0.250131,128.979,8.33115,3.36241,0.908974,7.70329,17.2196,4.89037,0.237544,0.0634262,0.245674,0.258172,0.296584,0.39233,0.300352,0.688914,0.154786,6.09917,0.289853,,0.677064,56.6181,-5.4147,91.0344,0.677064,0,-4.886134684085846,1.8827159404754639,1.51063,322.3299865722656,,,,,,,529.1,4.336885245,529.1,4.336885245,,,,,,,,,,,,,,,,,,,"Harrison Bader","18030",664056
"Matt Wallner","MIN",115,490.467,426.018,93.1966,49.502,20.3215,0.844572,22.5285,62.1626,64.4192,50.0618,1.06642,154.865,11.1369,2.88554,0.364657,6.26542,4.14579,1.31663,0.218762,0.10207,0.31575,0.323261,0.315027,0.429073,0.323664,0.7441,0.210311,3.71299,0.280976,,-0.433797,62.1771,4.2247,106.746,-0.433797,0,3.4659102857112885,-5.72400426864624,1.49611,321.8299865722656,,,,,,,562.5,4.891304347,562.5,4.891304347,,,,,,,,,,,,,,,,,,,"Matt Wallner","26466",670242
"Anthony Volpe","NYY",110,472.748,430.069,98.9797,63.2345,20.665,1.80158,13.2786,56.2888,47.0135,32.734,0.393171,114.048,4.41669,3.72848,1.80002,7.38322,16.2905,4.53545,0.230148,0.0692419,0.241246,0.287018,0.289056,0.379203,0.291424,0.668259,0.149055,5.84929,0.279639,,0.740634,47.5564,-8.30251,86.4233,0.740634,0,-6.824175477027893,5.092592716217041,1.48759,330.1700134277344,,,,,,,446.3,4.057272727,446.3,4.057272727,,,,,,,,,,,,,,,,,,,"Anthony Volpe","27647",683011
"Isaac Paredes","HOU",105,453.812,391.877,91.4925,58.1827,16.13,0.568556,16.6112,54.2141,52.8893,49.5436,0.352576,74.8916,8.6266,3.36922,0.395713,7.37189,0.727415,0.292178,0.233472,0.109172,0.165028,0.661537,0.330078,0.404702,0.323409,0.734779,0.171229,2.23414,0.246528,,-0.739965,57.4362,3.81481,107.903,-0.739965,0,3.4872705936431885,-4.711538314819336,1.47281,216,,,,,,,508.4,4.841904761,508.4,4.841904761,,,,,,,,,,,,,,,,,,,"Isaac Paredes","20036",670623
"Willi Castro",,133,574,511.866,122.319,83.0652,23.5853,3.17669,12.4921,68.4357,54.0028,44.0233,0.93023,135.931,12.2281,3.90262,1.98003,9.26848,17.026,4.73135,0.238967,0.0766956,0.236814,0.323864,0.312176,0.370671,0.301072,0.682847,0.131704,5.87154,0.298975,,0.554057,62.2382,-5.58435,91.5292,0.554057,0,-5.192650854587555,0.1501806229352951,1.47168,394.8299865722656,,,,,,,557,4.187969924,557,4.187969924,,,,,,,,,,,,,,,,,,,"Willi Castro","17338",650489
"Brett Baty","NYM",115,490.215,443.875,104.234,69.0211,18.4433,0.472572,16.2972,54.4829,55.2545,38.7859,0.79135,124.722,3.54417,2.55547,1.30244,10.3401,3.97229,1.28968,0.234828,0.0791201,0.254424,0.310978,0.299869,0.388655,0.300797,0.688524,0.153827,3.22208,0.28793,,-0.463567,53.0438,-4.87896,94.9416,-0.463567,0,-3.402545541524887,1.3747608661651611,1.46121,246.5,,,,,,,474.8,4.128695652,474.8,4.128695652,,,,,,,,,,,,,,,,,,,"Brett Baty","26123",683146
"Yoán Moncada",,91,392,347.789,83.6481,53.0372,18.111,0.622599,11.8773,44.0416,45.9473,36.9113,1.01954,101.026,4.25062,2.62844,0.420839,6.97711,1.0461,0.360997,0.240514,0.0941615,0.257718,0.365366,0.318735,0.398622,0.313776,0.717357,0.158108,2.68465,0.302175,,-0.553755,46.5472,0.229338,100.256,-0.553755,0,-0.43529822677373886,1.4043209552764893,1.45652,598.780029296875,,,,,,,418,4.593406593,418,4.593406593,,,,,,,,,,,,,,,,,,,"Yoan Moncada","17232",660162
"Kyle Higashioka","TEX",71,275.571,252.976,54.3342,33.9831,10.9392,0.0814892,9.3304,27.4516,31.869,17.1745,0.123417,68.4002,1.44889,1.95063,0.914317,3.84323,1.68424,0.75338,0.21478,0.0623233,0.248212,0.251089,0.266706,0.369313,0.276702,0.636019,0.154534,2.68466,0.253977,,-0.318149,24.4274,-8.13351,76.559,-0.318149,7.8,-7.93161803483963,12.680752277374268,1.4563,445.8299865722656,,,,,,,220.9,3.111267605,220.9,3.111267605,,,,,,,,,,,,,,,,,,,"Kyle Higashioka","5517",543309
"Carson Williams","TBR",113,481.5,439.049,100.15,62.7547,19.9997,2.39896,14.9963,55.6173,54.6376,33.8883,0.998852,157.586,4.91431,2.67528,0.972389,6.16826,10.7237,3.28534,0.228106,0.0703807,0.327281,0.215047,0.289166,0.387054,0.294163,0.676221,0.158949,5.46273,0.316388,,0.135473,49.5076,-7.38534,86.2998,0.135473,0,-7.639453813433647,5.231481552124023,1.4492,434.6099853515625,,,,,,,460.9,4.078761061,460.9,4.078761061,,,,,,,,,,,,,,,,,,,"Carson Williams","30038",700246
"Ryan McMahon","NYY",115,493.605,431.521,92.1049,56.8221,17.0844,0.954871,17.2435,55.079,54.7001,55.725,1.39378,155.062,2.82428,3.13152,0.403266,8.08123,3.43059,1.15858,0.213443,0.112894,0.314143,0.359372,0.305462,0.377339,0.300489,0.682801,0.163896,3.25717,0.285353,,-0.540785,53.2873,-5.03596,92.6677,-0.540785,0,-4.806492209434509,1.7746912240982056,1.428,417.3299865722656,,,,,,,477.9,4.155652173,477.9,4.155652173,,,,,,,,,,,,,,,,,,,"Ryan McMahon","15112",641857
"Jesús Sánchez","HOU",105,453.812,408.678,100.774,62.7642,19.5348,1.27099,17.2041,59.0403,54.2079,37.9236,1.04339,108.001,3.43049,2.70517,1.07443,8.26408,8.91221,2.59973,0.246585,0.0835668,0.237987,0.35114,0.313931,0.426896,0.320759,0.740827,0.180311,4.81128,0.292021,,0.0373399,56.46,2.83857,106.078,0.0373399,0,3.2883384451270103,-4.960826396942139,1.42695,322.6700134277344,,,,,,,511.8,4.874285714,511.8,4.874285714,,,,,,,,,,,,,,,,,,,"Jesus Sanchez","19913",660821
"Josh Naylor","SEA",144,613.018,549.053,137.146,91.9082,25.0315,0.178736,20.0274,69.8688,75.206,51.5097,5.35563,88.0613,6.07677,5.59444,0.611736,13.0317,12.665,5.60119,0.249786,0.0840264,0.143652,0.58493,0.318068,0.405456,0.312795,0.723524,0.15567,3.59115,0.262269,,-0.712351,72.3036,-0.129231,106.548,-0.712351,0,4.018908679485321,-11.410736083984375,1.40242,70.11000061035156,,,,,,,660.6,4.5875,660.6,4.5875,,,,,,,,,,,,,,,,,,,"Josh Naylor","18839",647304
"Jorge Soler","LAA",130,545.425,477.176,108.074,60.7028,21.74,0,25.6312,63.6122,72.8759,56.2413,0.477847,146.025,5.68967,3.75996,0.503136,8.83737,0.56897,0.201485,0.226487,0.103115,0.267727,0.385148,0.313161,0.433189,0.323885,0.746351,0.206703,1.68677,0.266564,,-0.775151,69.2419,4.79578,106.478,-0.775151,0,3.389088451862335,-8.52623462677002,1.39508,396,,,,,,,623.9,4.799230769,623.9,4.799230769,,,,,,,,,,,,,,,,,,,"Jorge Soler","14221",624585
"Spencer Torkelson","DET",151,635.48,556.374,127.653,72.6175,27.3087,0.622757,27.1037,74.5134,83.8163,65.2666,2.96462,162.778,7.72371,5.64876,0.466751,8.13562,2.01648,0.738198,0.229437,0.102704,0.25615,0.400954,0.315967,0.426903,0.32139,0.74287,0.197467,2.47067,0.270191,,-0.840693,79.3873,4.3004,105.687,-0.840693,0,3.418491244316101,-11.901798248291016,1.36985,200.77999877929688,,,,,,,718.6,4.758940397,718.6,4.758940397,,,,,,,,,,,,,,,,,,,"Spencer Torkelson","27465",679529
"Vinnie Pasquantino","KCR",149,630.646,565.304,145.039,89.8404,30.9236,1.53236,22.7425,72.8906,86.3428,51.5073,3.42336,90.0765,6.09404,6.76528,0.975378,11.7621,0.620618,0.218212,0.256568,0.0816739,0.142832,0.571817,0.321819,0.437384,0.326395,0.759203,0.180816,2.25561,0.266296,,-0.916,81.3462,6.83058,106.369,-0.916,0,3.817776322364807,-12.14673900604248,1.36862,90.77999877929688,,,,,,,740.4,4.969127516,740.4,4.969127516,,,,,,,,,,,,,,,,,,,"Vinnie Pasquantino","27676",686469
"Addison Barger","TOR",112,475.689,432.158,103.123,61.2809,23.0702,1.37424,17.3973,57.8697,58.3813,35.9979,1.96319,115.279,4.19333,2.93273,0.406986,7.69853,4.30824,1.14828,0.238623,0.0756752,0.24234,0.312268,0.301534,0.419136,0.310874,0.720671,0.180514,4.08663,0.28347,,-0.265517,55.364,-0.842262,99.2971,-0.265517,0,-0.6595843136310577,-2.4798712730407715,1.3539,202.1699981689453,,,,,,,501.8,4.480357142,501.8,4.480357142,,,,,,,,,,,,,,,,,,,"Addison Barger","24598",680718
"Matt Shaw","CHC",139,595.583,540.137,127.047,87.4262,23.5487,3.14479,12.9268,69.8036,56.4445,44.7762,0.772232,127.849,5.48187,4.01826,1.16968,8.91329,21.2531,5.84682,0.235212,0.0751804,0.214662,0.350227,0.298285,0.362251,0.2903,0.660537,0.12704,5.78749,0.282909,,0.95239,59.3695,-11.0032,86.2425,0.95239,0,-8.758904218673706,2.145061731338501,1.35066,185.3300018310547,,,,,,,553.2,3.979856115,553.2,3.979856115,,,,,,,,,,,,,,,,,,,"Matt Shaw","33322",807713
"Chase Meidroth","CHW",139,607.158,538.798,134.827,106.519,22.5378,1.02813,4.74213,63.6921,46.1656,54.8693,0.00310258,89.6689,8.13532,3.43307,1.92253,15.6007,11.3614,4.15336,0.250237,0.0903706,0.147686,0.61191,0.326868,0.322287,0.29297,0.649155,0.07205,4.15983,0.290485,,-0.547719,61.8393,-9.90111,86.1026,-0.547719,0,-10.492807805538177,2.693798303604126,1.34013,341.1700134277344,,,,,,,535.1,3.849640287,535.1,3.849640287,,,,,,,,,,,,,,,,,,,"Chase Meidroth","31580",805367
"Kyle Manzardo","CLE",136,578.266,512.008,119.304,68.1767,24.3598,0.625803,26.1412,66.039,80.8762,53.7499,2.24962,135.319,6.35976,5.72729,0.421258,7.46721,1.21213,0.464784,0.233011,0.0929501,0.234009,0.397207,0.310487,0.436202,0.321603,0.746689,0.203191,2.17695,0.26149,,-0.779965,72.3399,4.0133,107.269,-0.779965,0,4.174078643321991,-10.99353313446045,1.33861,231.5,,,,,,,656,4.823529411,656,4.823529411,,,,,,,,,,,,,,,,,,,"Kyle Manzardo","29794",700932
"Brandon Marsh","PHI",113,483.611,428.658,106.099,71.7767,19.957,3.00311,11.3626,58.4901,48.4982,47.0484,1.25532,133.799,2.99011,2.91838,1.997,7.36942,9.78415,2.61502,0.247516,0.0972856,0.276667,0.351634,0.324197,0.387606,0.31238,0.711803,0.140091,5.48783,0.330769,,0.0900367,56.8772,-0.265232,97.9647,0.0900367,0,-1.0765429809689522,-2.242063522338867,1.30666,346.94000244140625,,,,,,,503.7,4.457522123,503.7,4.457522123,,,,,,,,,,,,,,,,,,,"Brandon Marsh","20202",669016
"Carter Jensen","KCR",94,372.12,329.684,78.8426,48.3514,17.288,2.47922,10.724,44.6353,43.2829,37.1575,1.35092,90.6137,2.29946,2.57262,0.406776,5.4865,4.59041,1.28984,0.239146,0.0998534,0.243507,0.410065,0.318255,0.404209,0.314575,0.722463,0.165063,4.98036,0.29499,,-0.180894,44.4281,0.459195,98.226,-0.180894,-2.32,-0.9589408189058304,0.7312984466552734,1.2871,999,,,,,,,400.2,4.257446808,400.2,4.257446808,,,,,,,,,,,,,,,,,,,"Carter Jensen","29478",695600
"Josh Bell","MIN",133,566.455,500.816,124.07,80.7647,21.527,0.176615,21.6015,67.1559,71.071,56.2104,1.35204,107.805,4.22629,4.44707,0.596563,13.7126,1.33589,0.537976,0.247735,0.0992319,0.190315,0.521409,0.326156,0.420822,0.325144,0.746978,0.173087,2.04393,0.272626,,-0.876372,72.491,5.56001,107.766,-0.876372,0,4.308294832706451,-11.313610076904297,1.278,352.2799987792969,,,,,,,643.1,4.835338345,643.1,4.835338345,,,,,,,,,,,,,,,,,,,"Josh Bell","13145",605137
"Connor Norby","MIA",118,501.053,458.439,111.434,72.1911,23.6524,2.76487,12.8261,55.5987,55.1087,33.8971,0.597265,137.466,4.61425,3.63677,0.465836,7.0799,9.25014,2.56559,0.243074,0.0676518,0.274354,0.246586,0.29954,0.390662,0.300375,0.690202,0.147589,5.1624,0.316272,,0.0724978,54.045,-5.15821,90.0109,0.0724978,0,-5.859549105167389,1.5715372562408447,1.26685,348.1700134277344,,,,,,,498.2,4.222033898,498.2,4.222033898,,,,,,,,,,,,,,,,,,,"Connor Norby","29592",681393
"Casey Schmitt","SFG",96,404.664,369.217,88.3943,55.6879,17.749,1.13139,13.826,45.7848,46.7428,26.1448,0.917737,96.6889,4.55735,3.03203,1.71263,6.33886,2.72391,0.958741,0.23941,0.0646086,0.238936,0.270401,0.29556,0.405951,0.3036,0.701511,0.166541,3.69039,0.284901,,-0.412099,44.7076,-3.10661,95.9539,-0.412099,0,-2.352627605199814,1.2303828001022339,1.26264,475.6700134277344,,,,,,,409.2,4.2625,409.2,4.2625,,,,,,,,,,,,,,,,,,,"Casey Schmitt","27577",669477
"Tyler Freeman","COL",94,393.501,348.668,100.984,72.7067,18.6023,2.51635,7.15814,53.5144,38.9738,28.0657,0.294177,49.8712,10.8965,2.92432,2.94659,8.9801,16.4934,5.06777,0.289627,0.071323,0.126737,0.562763,0.358326,0.419003,0.34103,0.777329,0.129377,6.18346,0.318524,,0.488087,55.4329,8.93771,105.549,0.488087,0,3.0760506093502045,-3.951681613922119,1.24987,420.8900146484375,,,,,,,488,5.191489361,488,5.191489361,,,,,,,,,,,,,,,,,,,"Tyler Freeman","22532",671289
"Colt Keith","DET",109,457.819,411.35,104.376,68.4876,19.0379,4.27017,12.5806,54.9106,51.043,40.0338,1.42098,95.4596,2.77759,3.25236,0.405206,7.52164,3.23855,0.89329,0.253741,0.0874446,0.208509,0.41938,0.321783,0.412536,0.318804,0.734318,0.158795,4.74629,0.299436,,-0.443486,56.2315,2.13672,103.905,-0.443486,0,1.6635412573814392,-5.297355651855469,1.24039,308.44000244140625,,,,,,,503.4,4.618348623,503.4,4.618348623,,,,,,,,,,,,,,,,,,,"Colt Keith","27899",690993
"Jorge Polanco","NYM",126,538.547,478.681,115.559,71.1529,22.8936,0.749906,20.7625,63.6757,65.9766,48.8742,1.41712,110.836,3.87304,4.15191,1.42507,8.01771,5.66357,1.92296,0.241411,0.090752,0.205805,0.440961,0.31425,0.422494,0.319285,0.736745,0.181083,3.40217,0.269895,,-0.463367,66.3572,2.72381,107.606,-0.463367,0,4.391695827245712,-10.220797538757324,1.2368,235.27999877929688,,,,,,,605.2,4.803174603,605.2,4.803174603,,,,,,,,,,,,,,,,,,,"Jorge Polanco","13152",593871
"Nolan Arenado","STL",126,535.62,491.087,119.992,82.1684,22.2987,0.605245,14.9195,54.245,61.8007,35.0774,2.28081,71.7795,3.81122,5.01386,0.631054,9.27776,2.05212,0.929572,0.244339,0.0654894,0.134012,0.488683,0.296979,0.383353,0.295113,0.680332,0.139014,2.51052,0.256648,,-0.754374,55.4852,-7.80248,89.8951,-0.754374,0,-7.169178664684296,1.346153736114502,1.22746,426.3299865722656,,,,,,,509.5,4.043650793,509.5,4.043650793,,,,,,,,,,,,,,,,,,,"Nolan Arenado","9777",571448
"Marcell Ozuna",,126,546,473.69,113.133,68.969,21.5207,0.000827073,22.6427,65.6168,72.4044,64.5146,0.927108,136.272,3.37414,3.9853,0.435596,9.52584,0.485549,0.201343,0.238834,0.118159,0.249582,0.473426,0.331807,0.427671,0.331122,0.759478,0.188837,1.64227,0.283882,,-0.882714,72.5234,8.00926,112.172,-0.882714,0,6.972108483314514,-13.61111068725586,1.21138,316.6099853515625,,,,,,,642.8,5.101587301,642.8,5.101587301,,,,,,,,,,,,,,,,,,,"Marcell Ozuna","10324",542303
"Cole Young","SEA",91,385.719,343.26,80.5838,55.3002,16.5967,0.934316,7.7525,40.4969,38.0306,34.1964,0.900161,69.86,3.90202,2.75817,1.60221,6.95459,6.30979,1.82503,0.23476,0.0886562,0.181116,0.489499,0.308974,0.356309,0.29407,0.665283,0.121549,4.12407,0.271347,,-0.0960694,39.6303,-5.94539,93.6493,-0.0960694,0,-2.983173720538616,1.5046296119689941,1.20701,544.4400024414062,,,,,,,360.6,3.962637362,360.6,3.962637362,,,,,,,,,,,,,,,,,,,"Cole Young","31680",702284
"Andrew Benintendi","CHW",118,515.378,462.125,114.184,73.9858,19.8692,2.17192,18.1574,58.7817,61.7608,44.3601,1.93317,86.8785,2.6212,5.3589,0.913462,8.54718,3.04589,1.07089,0.247086,0.0860729,0.168572,0.5106,0.313269,0.417354,0.315739,0.730623,0.170269,3.62513,0.26494,,-0.615195,62.0191,1.12319,101.788,-0.615195,0,0.47066521644592285,-6.460764408111572,1.20201,412.3900146484375,,,,,,,558.9,4.736440677,558.9,4.736440677,,,,,,,,,,,,,,,,,,,"Andrew Benintendi","17901",643217
"Christian Walker","HOU",146,628.355,563.565,129.225,75.3613,23.6495,0.23115,29.9827,75.9582,85.503,50.9843,1.233,159.568,8.1181,5.04366,0.644184,9.69592,3.87446,1.40875,0.229298,0.0811393,0.253946,0.319514,0.300022,0.431688,0.315774,0.73171,0.20239,2.7992,0.261812,,-0.68156,75.6321,1.38706,102.644,-0.68156,0,1.2765514850616455,-11.265432357788086,1.19072,191.5,,,,,,,691.8,4.738356164,691.8,4.738356164,,,,,,,,,,,,,,,,,,,"Christian Walker","13419",572233
"Hunter Feduccia","TBR",66,257.455,229.844,48.1463,33.2046,10.3436,0.463647,4.13451,22.9883,23.8579,24.2624,0.448796,65.085,1.31773,1.66017,0.370445,4.71369,0.598462,0.200535,0.209474,0.0942393,0.252801,0.37278,0.286779,0.312476,0.268186,0.599255,0.103002,2.50156,0.271201,,-0.347545,21.0414,-9.37886,68.4051,-0.347545,7.49,-9.934710562229156,12.582592487335205,1.17752,999,,,,,,,182.3,2.762121212,182.3,2.762121212,,,,,,,,,,,,,,,,,,,"Hunter Feduccia","23372",676439
"Pedro Pagés","STL",89,345.308,317.214,68.9311,47.7828,12.5076,0.270507,8.37019,31.3085,35.5108,20.9478,0.666159,91.2922,3.28445,2.34194,1.51982,6.37559,0.490929,0.248037,0.217301,0.0606641,0.264379,0.229459,0.27099,0.337596,0.267255,0.608586,0.120295,2.07978,0.275409,,-0.474412,27.9604,-12.8404,70.8114,-0.474412,5.45,-12.420192390680313,12.317283630371094,1.16489,544.5,,,,,,,254.3,2.85730337,254.3,2.85730337,,,,,,,,,,,,,,,,,,,"Pedro Pages","25782",686780
"Jose Trevino","CIN",70,270.773,249.523,57.8238,41.7035,9.56357,0,6.55675,24.1704,29.6272,15.1545,0.187383,42.3108,1.74076,2.11046,1.44574,6.384,0.223156,0.153114,0.231737,0.0559675,0.156259,0.358171,0.278253,0.348896,0.274791,0.627149,0.117159,1.5533,0.252838,,-0.403685,23.5819,-8.41208,68.9457,-0.403685,7.27,-10.369717538356781,12.671234607696533,1.15718,711.280029296875,,,,,,,220.6,3.151428571,220.6,3.151428571,,,,,,,,,,,,,,,,,,,"Jose Trevino","16725",624431
"Mike Yastrzemski","ATL",107,464.738,404.66,92.4046,54.4391,20.2847,1.24679,16.434,55.9603,55.8099,50.4374,2.02488,106.237,4.2952,3.2077,2.13797,6.40401,4.10124,1.39854,0.228351,0.108529,0.228595,0.474764,0.318066,0.406477,0.315843,0.724542,0.178126,3.83851,0.26638,,-0.459828,55.9643,1.05192,101.477,-0.459828,0,0.3536098897457123,-4.553404331207275,1.15226,423.3299865722656,,,,,,,491.1,4.589719626,491.1,4.589719626,,,,,,,,,,,,,,,,,,,"Mike Yastrzemski","14854",573262
"Chase DeLauter","CLE",118,502.54,462.501,114.845,77.2611,24.7094,0.826572,12.0477,52.5104,55.2705,32.081,1.81885,85.4442,3.54054,3.56932,0.848942,9.56386,5.58705,1.37279,0.248313,0.0638377,0.170024,0.375462,0.299918,0.38346,0.296973,0.683378,0.135147,3.55935,0.278902,,-0.177981,52.8172,-6.56186,90.3017,-0.177981,0,-5.922286793589592,-0.1746153086423874,1.14587,999,,,,,,,488.6,4.140677966,488.6,4.140677966,,,,,,,,,,,,,,,,,,,"Chase DeLauter","32127",800050
"Sal Stewart","CIN",100,427.33,384.872,102.056,65.5037,19.6023,0.448825,16.5016,51.6436,57.7624,35.247,1.13551,83.6177,3.45734,3.19563,0.558308,8.06719,4.25479,1.6618,0.26517,0.082482,0.195675,0.421526,0.329827,0.447062,0.335399,0.776889,0.181891,3.23992,0.297119,,-0.510029,58.2445,7.75214,110.464,-0.510029,0,4.789689362049103,-7.815611362457275,1.14502,207.5,,,,,,,520,5.2,520,5.2,,,,,,,,,,,,,,,,,,,"Sal Stewart","31505",701398
"Josh Smith","TEX",110,463.505,406.489,95.3876,67.0096,19.1037,1.4064,7.86787,50.7758,40.3191,41.6654,0.894648,85.559,9.43755,3.22273,2.69069,8.81256,8.15372,2.41025,0.234662,0.0898921,0.184591,0.486979,0.317895,0.346646,0.296385,0.664541,0.111984,4.59249,0.276712,,-0.13013,48.4936,-6.27315,90.1181,-0.13013,0,-5.528578817844391,0.7489106059074402,1.14318,351.8900146484375,,,,,,,424.6,3.86,424.6,3.86,,,,,,,,,,,,,,,,,,,"Josh Smith","26396",669701
"Ernie Clement","TOR",149,634.252,592.254,150.413,107.289,28.3551,3.05246,11.7161,69.4522,61.7664,26.6228,0.982989,68.4171,4.04107,5.49601,5.83844,9.91871,11.8414,3.38618,0.253967,0.0419752,0.107871,0.389125,0.288149,0.371498,0.286129,0.659647,0.117531,5.07948,0.267952,,0.0773488,61.076,-13.8658,82.2509,0.0773488,0,-13.190846361219883,2.499328851699829,1.1396,296,,,,,,,566.5,3.802013422,566.5,3.802013422,,,,,,,,,,,,,,,,,,,"Ernie Clement","20352",676391
"Jordan Lawlar","ARI",109,463.469,420.808,101.877,69.0198,20.8052,2.68755,9.36415,54.2645,46.86,32.718,0.676522,121.855,5.76076,3.01801,1.16492,6.9199,15.0407,3.48701,0.242098,0.0705936,0.26292,0.268498,0.3036,0.371071,0.295918,0.674671,0.128973,6.01608,0.316168,,0.874938,48.3139,-6.4486,87.3142,0.874938,0,-6.093454658985138,1.5314630270004272,1.11088,337.55999755859375,,,,,,,449.9,4.127522935,449.9,4.127522935,,,,,,,,,,,,,,,,,,,"Jordan Lawlar","29976",691783
"Freddy Fermin","SDP",122,504.06,462.552,105.873,78.4166,15.664,1.80983,9.98293,48.4853,46.867,30.1155,0.860072,102.498,3.45756,3.69921,4.23567,10.5923,2.79022,1.03446,0.22889,0.0597459,0.203346,0.293814,0.278991,0.335326,0.270038,0.614317,0.106437,3.44106,0.271053,,-0.599225,41.9539,-17.6047,74.3085,-0.599225,0.61,-15.947698295116425,10.023579955101013,1.10969,400.94000244140625,,,,,,,384.3,3.15,384.3,3.15,,,,,,,,,,,,,,,,,,,"Freddy Fermin","21840",666023
"Jonah Heim",,68,269,245.716,53.7184,35.4727,10.7072,0.022424,7.51605,25.5591,29.8661,19.1788,0.32899,54.1612,1.31537,2.06405,0.406487,4.71285,1.16585,0.460141,0.21862,0.0712968,0.201343,0.354107,0.276629,0.354143,0.276322,0.630772,0.135523,2.35088,0.248262,,-0.322569,23.7618,-8.02267,74.5269,-0.322569,4.83,-8.421324789524078,10.076913356781006,1.10085,563.6099853515625,,,,,,,225.4,3.314705882,225.4,3.314705882,,,,,,,,,,,,,,,,,,,"Jonah Heim","16930",641680
"Marcelo Mayer","BOS",122,512.291,468.343,114.184,74.2051,26.8374,1.56671,11.5749,56.1239,55.3839,37.311,2.08063,125.511,2.50504,3.41263,0.718711,8.48184,9.64739,2.53939,0.243804,0.0728316,0.245,0.297272,0.301033,0.381941,0.296988,0.682974,0.138137,4.65639,0.306598,,0.150557,53.8484,-6.68268,84.9318,0.150557,0,-8.947508960962296,2.0333333015441895,1.09659,379.8900146484375,,,,,,,503.5,4.12704918,503.5,4.12704918,,,,,,,,,,,,,,,,,,,"Marcelo Mayer","29668",691785
"Nick Fortes","TBR",79,308.553,281.05,61.334,43.4668,10.9012,0.615159,6.35072,27.9586,28.7433,16.3189,0.260866,55.1843,5.0505,2.07573,4.05821,6.36617,2.01308,0.76038,0.218232,0.0528884,0.178849,0.295716,0.271608,0.329186,0.265152,0.600795,0.110955,3.32793,0.24813,,-0.335078,24.4575,-12.0004,66.3151,-0.335078,6.56,-12.585108697414398,12.655678749084473,1.09377,630.219970703125,,,,,,,218.6,2.767088607,218.6,2.767088607,,,,,,,,,,,,,,,,,,,"Nick Fortes","21538",663743
"Ryan O'Hearn","PIT",128,581.881,515.852,135.087,92.4342,25.846,2.20784,14.5988,67.5111,66.2532,54.4533,2.899,109.701,5.57246,4.92658,1.07658,11.8459,4.01153,1.17213,0.261872,0.0935816,0.188529,0.496378,0.335936,0.405437,0.323302,0.741372,0.143565,3.57667,0.303896,,-0.665056,73.5946,4.84089,105.174,-0.665056,0,2.903043210506439,-11.676824569702148,1.08303,285.5,,,,,,,652.6,5.0984375,652.6,5.0984375,,,,,,,,,,,,,,,,,,,"Ryan O'Hearn","16442",656811
"Brooks Lee","MIN",139,594.087,547.76,130.087,91.3374,24.7825,1.31586,12.6516,58.6005,61.1409,36.8943,1.26139,103.748,3.41011,5.3484,0.673436,11.7805,3.73822,1.41603,0.23749,0.0621026,0.174634,0.355616,0.287138,0.356828,0.281324,0.643967,0.119339,3.22739,0.26891,,-0.692974,54.8906,-15.3053,77.5793,-0.692974,0,-16.39195317029953,6.335414886474609,1.06312,321,,,,,,,505.2,3.634532374,505.2,3.634532374,,,,,,,,,,,,,,,,,,,"Brooks Lee","31595",686797
"Jake Burger","TEX",133,558.933,516.938,123.369,71.4213,23.4499,1.16413,27.3339,66.4191,79.1091,30.0226,0.720973,144.096,7.98771,3.43615,0.548267,9.81017,1.98038,0.670348,0.238654,0.0537142,0.257806,0.208351,0.289012,0.447151,0.315505,0.736163,0.208497,2.99334,0.275217,,-0.596114,67.154,1.11182,103.289,-0.596114,0,1.5704953074455261,-10.462586402893066,1.05847,276.2799987792969,,,,,,,613,4.609022556,613,4.609022556,,,,,,,,,,,,,,,,,,,"Jake Burger","22275",669394
"Max Kepler",,112,483,431.195,101.493,61.3194,21.3891,1.27507,17.5099,54.3244,60.8671,42.8841,1.83985,98.3823,4.50284,3.67532,0.742201,8.14101,1.51958,0.45824,0.235377,0.088787,0.20369,0.435893,0.308715,0.412718,0.312675,0.721434,0.177341,3.01484,0.263289,,-0.58924,56.9213,-0.148879,99.4999,-0.58924,0,-0.87473925948143,-5.185184955596924,1.05248,567.5599975585938,,,,,,,518.2,4.626785714,518.2,4.626785714,,,,,,,,,,,,,,,,,,,"Max Kepler","12144",596146
"Mitch Garver",,58,230,201.149,42.5485,25.9252,7.96141,0.112314,8.54957,25.1676,27.6426,23.6747,0.142658,63.7097,2.70456,1.64422,0.239266,3.33627,1.01068,0.399821,0.211527,0.102934,0.276999,0.371603,0.300768,0.379734,0.299812,0.680501,0.168207,2.41707,0.260459,,-0.305954,24.7034,-2.4729,90.6638,-0.305954,0.83,-2.843915671110153,5.305308401584625,1.04825,725.719970703125,,,,,,,230.5,3.974137931,230.5,3.974137931,,,,,,,,,,,,,,,,,,,"Mitch Garver","15161",641598
"Jordan Walker","STL",125,528.753,482.062,115.173,71.0791,24.6166,1.12174,18.3551,62.8499,63.559,37.5447,1.05486,143.384,5.6425,3.03557,0.468714,9.30999,8.22304,2.60427,0.238917,0.0710061,0.271174,0.261847,0.299762,0.408864,0.307305,0.708627,0.169948,4.26914,0.299413,,-0.16927,60.0078,-2.46848,98.247,-0.16927,0,-1.2678560614585876,-6.087662220001221,1.0473,343.5,,,,,,,548.2,4.3856,548.2,4.3856,,,,,,,,,,,,,,,,,,,"Jordan Walker","27475",691023
"Vaughn Grissom","LAA",107,449.976,407.963,103.63,77.2742,18.3254,1.51438,6.5157,47.6305,39.9092,32.1303,0.953723,84.1655,6.41383,2.97746,0.491174,8.96634,9.49992,2.88354,0.254017,0.0714046,0.187045,0.381752,0.316304,0.354275,0.296512,0.670579,0.100257,4.64652,0.303236,,-0.0391738,47.1241,-6.04396,87.6214,-0.0391738,0,-6.604149054735899,1.3510099649429321,1.0471,531.4400024414062,,,,,,,426.5,3.985981308,426.5,3.985981308,,,,,,,,,,,,,,,,,,,"Vaughn Grissom","26031",687093
"Justin Crawford","PHI",99,421.433,392.084,103.881,77.39,18.5082,2.06042,5.92195,51.0535,37.3878,22.0216,1.00084,83.642,2.51456,1.84721,2.96581,9.07683,20.4401,2.94247,0.264945,0.0522541,0.19847,0.263284,0.306874,0.367971,0.294975,0.674845,0.103026,6.44179,0.321844,,2.21676,43.6091,-6.18647,86.0418,2.21676,0,-4.75516939163208,0.9266847968101501,1.04284,999,,,,,,,417.9,4.221212121,417.9,4.221212121,,,,,,,,,,,,,,,,,,,"Justin Crawford","sa3020240",702222
"Luis García Jr.","WSN",123,514.16,477.954,126.467,86.1674,24.6904,1.09299,14.5162,57.9093,63.0628,28.6439,1.69952,82.1262,1.92591,4.94244,0.694586,9.92253,13.385,4.74283,0.264601,0.0557101,0.159729,0.348779,0.305837,0.411947,0.309271,0.717784,0.147347,4.52984,0.289837,,-0.0247123,59.1725,-1.57954,97.466,-0.0247123,0,-1.5688838995993137,-5.4946393966674805,1.0275,229.05999755859375,,,,,,,550.5,4.475609756,550.5,4.475609756,,,,,,,,,,,,,,,,,,,"Luis Garcia Jr.","20391",671277
"Parker Meadows","DET",122,512.484,460.293,101.815,66.0636,17.4222,6.0617,12.2675,61.8921,45.4639,44.0715,0.990785,127.508,3.40584,3.43824,1.27529,5.46688,15.0971,3.39431,0.221196,0.0859959,0.248804,0.345637,0.292038,0.365339,0.288023,0.657377,0.144143,7.01793,0.276419,,0.88637,50.1383,-10.4156,82.7012,0.88637,0,-9.562508761882782,1.8827159404754639,1.01894,399.5,,,,,,,468.6,3.840983606,468.6,3.840983606,,,,,,,,,,,,,,,,,,,"Parker Meadows","23800",678009
"Davis Schneider","TOR",68,289.55,250.723,54.1606,30.1511,11.1725,0.521923,12.3151,36.4547,36.2722,33.2055,0.0426072,81.7438,3.22187,2.13422,0.264932,3.00361,3.00474,1.00396,0.216018,0.11468,0.282313,0.406215,0.313145,0.412097,0.317275,0.725241,0.196079,3.79744,0.263513,,-0.24944,35.2045,0.992002,103.706,-0.24944,0,1.0153758823871613,-1.0493826866149902,1.01615,593.1099853515625,,,,,,,312.7,4.598529411,312.7,4.598529411,,,,,,,,,,,,,,,,,,,"Davis Schneider","23565",676914
"TJ Friedl","CIN",136,578.963,499.881,115.601,82.4596,18.9649,2.30336,11.8733,64.2701,50.6427,57.689,0.235754,95.0915,11.5501,4.11643,5.7266,10.8237,10.9771,3.56784,0.231257,0.099642,0.164244,0.606669,0.32245,0.349668,0.300901,0.672119,0.118411,4.81072,0.261258,,-0.265592,62.6958,-5.71313,86.832,-0.265592,0,-9.301360189914703,-0.09994126856327057,1.0089,264.55999755859375,,,,,,,548.6,4.033823529,548.6,4.033823529,,,,,,,,,,,,,,,,,,,"TJ Friedl","19522",670770
"Zach McKinstry","DET",99,416.82,374.243,87.3303,58.045,17.035,4.42347,7.82685,50.4728,35.9019,34.4404,0.621942,92.201,3.83038,2.91646,1.39023,4.92819,14.7403,3.72802,0.233352,0.0826266,0.221201,0.373537,0.30234,0.365252,0.293275,0.667592,0.1319,6.9157,0.28688,,0.78963,42.5564,-6.69409,86.3189,0.78963,0,-5.931495368480682,1.3775044679641724,1.00187,341,,,,,,,391.8,3.957575757,391.8,3.957575757,,,,,,,,,,,,,,,,,,,"Zach McKinstry","19392",656716
"Anthony Santander","TOR",131,558.417,497.054,110.863,63.1518,20.7345,0.670027,26.3064,66.9428,74.8306,50.435,1.69359,122.397,6.23498,4.21354,0.480322,8.19696,1.27928,0.418756,0.22304,0.0903177,0.219186,0.41206,0.300272,0.426224,0.3138,0.726496,0.203185,2.42175,0.239833,,-0.695476,66.3191,0.33775,101.313,-0.695476,0,0.16841453313827515,-9.60886287689209,1.00055,241.6699981689453,,,,,,,605.5,4.622137404,605.5,4.622137404,,,,,,,,,,,,,,,,,,,"Anthony Santander","14551",623993
"Daylen Lile","WSN",128,534.456,488.351,128.18,86.7387,28.9981,4.10551,8.33757,59.4292,54.5862,35.1205,0.881206,95.9702,5.48424,4.30828,1.19181,7.78258,13.2691,3.24596,0.262475,0.0657125,0.179566,0.365952,0.316512,0.389887,0.307995,0.706399,0.127412,5.75396,0.308592,,0.489675,60.9542,-2.19589,96.5914,0.489675,0,-1.6694451570510864,-6.426003932952881,0.991003,205.1699981689453,,,,,,,547.2,4.275,547.2,4.275,,,,,,,,,,,,,,,,,,,"Daylen Lile","29995",695734
"Christian Moore","LAA",122,511.336,459.411,101.603,66.7594,16.9007,2.23638,15.7066,55.6935,52.2125,42.5161,0.564735,162.056,4.55256,3.00403,1.85193,7.33902,7.52234,2.03969,0.221159,0.0831471,0.316927,0.262354,0.291808,0.370248,0.290632,0.662057,0.149089,4.62319,0.301759,,-0.0785469,51.1093,-9.30894,83.5714,-0.0785469,0,-9.979548782110214,1.8827159404754639,0.972227,418.2799987792969,,,,,,,476.9,3.909016393,476.9,3.909016393,,,,,,,,,,,,,,,,,,,"Christian Moore","34979",695681
"Colt Emerson","SEA",78,330.616,296.777,69.9803,48.5371,15.2746,0.532047,5.63657,34.2849,31.4657,27.0746,0.825457,66.4752,3.93512,2.08036,0.749448,6.38782,7.18833,1.23037,0.235801,0.0818914,0.201064,0.40729,0.306154,0.347833,0.289545,0.653987,0.112032,4.62644,0.283771,,0.414114,32.754,-6.31088,90.5318,0.414114,0,-3.275377541780472,1.3541666269302368,0.967679,999,,,,,,,304.1,3.898717948,304.1,3.898717948,,,,,,,,,,,,,,,,,,,"Colt Emerson","sa3022923",806068
"Luis Torrens","NYM",58,226.86,208.12,49.362,34.9145,8.66759,0.725025,5.0549,22.9735,22.6662,14.5536,0.347368,50.8142,1.94145,1.62843,0.616331,4.84026,0.966384,0.395024,0.23718,0.0641524,0.223989,0.286409,0.291089,0.358659,0.284791,0.649748,0.121479,3.24067,0.287933,,-0.305588,21.5993,-5.20601,83.9769,-0.305588,1.72,-4.613814324140549,6.195308446884155,0.93403,678.280029296875,,,,,,,198.1,3.415517241,198.1,3.415517241,,,,,,,,,,,,,,,,,,,"Luis Torrens","15905",620443
"Steven Kwan","CLE",154,653.991,583.819,154.459,122.689,24.551,3.12512,4.09408,71.0568,52.1328,57.1458,1.35978,54.783,4.86652,5.50251,2.65747,12.9278,16.2139,4.88766,0.264567,0.08738,0.0837673,1.04313,0.332352,0.338364,0.29906,0.670715,0.073796,5.0059,0.283471,,0.0308262,69.8429,-7.43119,91.7395,0.0308262,0,-6.336423242464662,-7.129629611968994,0.925238,167.05999755859375,,,,,,,608,3.948051948,608,3.948051948,,,,,,,,,,,,,,,,,,,"Steven Kwan","24610",680757
"Brayan Rocchio","CLE",125,530.077,480.469,110.753,78.8635,22.4315,1.58126,7.8772,54.8217,44.6274,35.8926,0.718583,103.823,7.04172,4.00104,2.67276,9.70449,13.6031,4.57067,0.230511,0.0677121,0.195864,0.345709,0.291404,0.332964,0.276512,0.624369,0.102453,4.99697,0.275978,,0.0495274,46.9057,-15.727,76.2073,0.0495274,0,-14.815134763717651,5.536515712738037,0.91731,416.7200012207031,,,,,,,433.6,3.4688,433.6,3.4688,,,,,,,,,,,,,,,,,,,"Brayan Rocchio","23690",677587
"Dylan Crews","WSN",138,575.048,524.122,123.849,81.5596,22.9625,3.25102,16.0758,68.595,60.8447,38.7177,0.662334,132.293,7.66814,3.79452,0.745138,8.97382,23.5031,6.94932,0.236298,0.0673296,0.230056,0.292667,0.29642,0.384531,0.297178,0.680951,0.148233,6.21194,0.283951,,1.01447,60.5336,-7.41272,89.1818,1.01447,0,-6.358692288398743,-4.184095859527588,0.878782,167.6699981689453,,,,,,,571.6,4.142028985,571.6,4.142028985,,,,,,,,,,,,,,,,,,,"Dylan Crews","33541",686611
"Joc Pederson","TEX",100,422.608,364.17,83.3535,49.1429,15.6777,0.266233,18.2667,51.3972,54.2032,46.2873,1.9759,93.6127,7.69393,3.51463,0.745469,7.30166,2.7469,1.06562,0.228886,0.109528,0.221512,0.494455,0.325695,0.423878,0.326021,0.749573,0.194992,2.97739,0.254439,,-0.554759,54.3831,4.44871,110.533,-0.554759,0,4.6914743185043335,-10.70290756225586,0.873139,562.1099853515625,,,,,,,481.3,4.813,481.3,4.813,,,,,,,,,,,,,,,,,,,"Joc Pederson","11899",592626
"Miguel Amaya","CHC",65,254.26,227.882,51.1482,34.6834,9.94974,0.252276,6.26283,24.692,26.5358,17.3129,0.47522,56.3198,4.81174,1.80345,2.45001,5.0744,0.411162,0.192306,0.22445,0.0680913,0.221504,0.307404,0.290984,0.352774,0.283841,0.643759,0.128324,2.21811,0.268609,,-0.368411,24.012,-6.0308,81.8177,-0.368411,1.43,-5.847674310207367,5.843580365180969,0.865074,442.5,,,,,,,209,3.215384615,209,3.215384615,,,,,,,,,,,,,,,,,,,"Miguel Amaya","21693",665804
"Henry Davis","PIT",65,269.37,240.84,52.1315,33.3219,9.92973,0.717087,8.16278,29.3468,28.8851,20.1016,0.805205,71.6287,5.42455,1.58655,1.41739,4.15251,3.52272,1.17174,0.216457,0.0746247,0.265912,0.280637,0.289819,0.365321,0.287718,0.65514,0.148864,4.35691,0.270353,,-0.158485,26.2869,-5.54124,80.7979,-0.158485,0.74,-6.28893718123436,5.755431890487671,0.86234,606.6099853515625,,,,,,,239.9,3.69076923,239.9,3.69076923,,,,,,,,,,,,,,,,,,,"Henry Davis","29617",680779
"Bryce Eldridge","SFG",109,459.534,409.499,100.76,62.305,20.1754,0.963136,17.3163,55.1156,57.1075,42.1887,3.17777,124.97,3.77872,3.66087,0.40617,7.51725,2.8708,0.488698,0.246056,0.0918077,0.271949,0.337591,0.319578,0.426888,0.32185,0.746466,0.180832,3.35916,0.308053,,-0.319771,57.5788,3.28132,108.456,-0.319771,0,4.2857440412044525,-11.172148704528809,0.85967,999,,,,,,,523.8,4.805504587,523.8,4.805504587,,,,,,,,,,,,,,,,,,,"Bryce Eldridge","33390",805811
"Adolis García","PHI",139,594.151,542.524,126.641,76.5742,24.3325,0.933686,24.8007,70.6233,78.5465,39.9592,0.863646,151.65,5.60309,5.48829,0.576221,8.55287,10.3473,3.82893,0.233429,0.0672543,0.255238,0.263497,0.290112,0.418862,0.305581,0.708975,0.185433,4.29509,0.274087,,-0.299153,66.5981,-3.6055,93.3074,-0.299153,0,-5.012022256851196,-6.435184955596924,0.851276,246.88999938964844,,,,,,,624.3,4.491366906,624.3,4.491366906,,,,,,,,,,,,,,,,,,,"Adolis Garcia","19287",666969
"Austin Martin","MIN",75,317.767,277.709,71.5285,52.2514,14.5782,1.13174,3.56711,39.3232,24.458,30.22,0.445827,54.3517,5.61278,1.99163,2.23368,6.21503,12.633,3.91004,0.257566,0.0951009,0.171042,0.556008,0.340253,0.356745,0.311218,0.696998,0.0991791,5.5122,0.306433,,0.346803,37.0727,-0.473909,98.1724,0.346803,0,-0.3376639187335968,-2.3651368618011475,0.842465,482.7799987792969,,,,,,,333.5,4.446666666,333.5,4.446666666,,,,,,,,,,,,,,,,,,,"Austin Martin","27462",668885
"Dylan Beavers","BAL",99,425.104,376.007,86.9022,54.6447,18.9215,2.32582,11.0101,51.7046,42.1038,42.0867,1.01931,107.235,2.51871,3.29896,1.19253,5.09676,10.2677,2.34358,0.231119,0.0990033,0.252256,0.392471,0.310224,0.381657,0.303248,0.691881,0.150539,5.597,0.290706,,0.445309,46.8444,-3.38488,94.8843,0.445309,0,-2.117812305688858,-4.282786846160889,0.842112,305.1099853515625,,,,,,,429.5,4.338383838,429.5,4.338383838,,,,,,,,,,,,,,,,,,,"Dylan Beavers","31695",687637
"Rafael Marchán","PHI",97,378.993,342.83,76.4793,54.9263,15.6749,0.676744,5.20141,34.7875,34.4781,27.1235,0.648659,64.312,4.56596,2.59938,1.8742,7.70204,1.54534,0.565397,0.223082,0.0715671,0.169692,0.421748,0.286829,0.318268,0.269252,0.605097,0.0951857,2.96028,0.258331,,-0.489999,31.3025,-13.4785,68.421,-0.489999,2.77,-14.67482215166092,10.254567623138428,0.837832,723.3900146484375,,,,,,,278.7,2.873195876,278.7,2.873195876,,,,,,,,,,,,,,,,,,,"Rafael Marchan","21646",665561
"Kevin McGonigle","DET",55,232.326,209.618,52.9865,36.8093,10.4394,1.94845,3.7893,27.0719,21.6765,18.4595,0.744523,28.4748,1.47726,1.77277,0.998586,4.03778,6.51811,1.02812,0.252777,0.0794553,0.122564,0.648277,0.315238,0.375401,0.302166,0.690639,0.122624,6.08924,0.27465,,0.512882,25.3972,-2.05393,92.444,0.512882,0,-1.5561169981956482,1.7474582195281982,0.837696,999,,,,,,,232.3,4.223636363,232.3,4.223636363,,,,,,,,,,,,,,,,,,,"Kevin McGonigle","sa3022895",805808
"Mike Tauchman",,92,399,345.918,81.1541,54.585,15.6977,0.499927,10.3714,45.0988,41.8991,46.0818,0.314436,87.5705,3.84777,2.40803,0.744451,7.89663,2.78112,1.17865,0.234605,0.115493,0.219475,0.526225,0.329145,0.372822,0.312027,0.701967,0.138217,2.96262,0.282696,,-0.614348,46.8117,-0.333201,99.0541,-0.614348,0,-1.0604095160961151,-4.259259223937988,0.837347,727,,,,,,,400.9,4.357608695,400.9,4.357608695,,,,,,,,,,,,,,,,,,,"Mike Tauchman","15274",643565
"Harry Ford","WSN",63,249.348,220.037,50.0111,33.6247,10.8366,0.713234,4.83655,26.0559,24.0324,23.7479,0.585488,57.5194,3.57463,1.60324,0.385819,3.91613,6.46424,1.06445,0.227285,0.0952397,0.230679,0.412867,0.310623,0.348959,0.293182,0.659582,0.121674,5.03675,0.28361,,0.45845,25.4392,-4.02323,86.4444,0.45845,2.71,-3.547628402709961,3.3830769658088684,0.831937,422.8299865722656,,,,,,,237.2,3.765079365,237.2,3.765079365,,,,,,,,,,,,,,,,,,,"Harry Ford","29958",695670
"Jake Rogers","DET",45,174.733,156.745,32.1802,19.7313,6.61227,0.264147,5.57243,17.4881,19.3247,14.2434,0.114293,51.5122,1.82994,1.28326,0.551575,2.52636,0.596422,0.218333,0.205303,0.0815155,0.294806,0.276506,0.277157,0.357511,0.279059,0.634669,0.152208,2.82721,0.26359,,-0.205743,15.8231,-4.82285,76.5266,-0.205743,3.68,-5.039925992488861,7.152222156524658,0.831423,748.9400024414062,,,,,,,148.8,3.306666666,148.8,3.306666666,,,,,,,,,,,,,,,,,,,"Jake Rogers","19452",668670
"Blaze Alexander","ARI",125,532.644,477.4,110.928,75.5362,20.4895,2.63634,12.2656,60.2761,53.6127,39.1041,0.12956,166.113,9.69725,3.45429,2.98846,9.69164,10.3122,3.11181,0.232358,0.0734151,0.311864,0.235407,0.301571,0.363399,0.29352,0.66497,0.131041,5.32882,0.326181,,-0.0318879,54.4879,-8.44803,85.6716,-0.0318879,0,-9.077293284237385,-0.5260943174362183,0.830553,525.5,,,,,,,490.1,3.9208,490.1,3.9208,,,,,,,,,,,,,,,,,,,"Blaze Alexander","23789",677942
"Sal Frelick","MIL",125,533.435,480.3,120.371,89.941,20.2787,4.45959,5.6918,59.5075,46.2962,41.664,0.692654,71.6109,5.27582,3.3152,2.19526,10.4466,15.94,3.48369,0.250617,0.0781051,0.134245,0.58181,0.315351,0.346959,0.293579,0.66231,0.0963426,6.02594,0.282244,,0.862301,54.5943,-8.43516,87.4507,0.862301,0,-7.071771502494812,-2.6805756092071533,0.818004,201.88999938964844,,,,,,,492.2,3.9376,492.2,3.9376,,,,,,,,,,,,,,,,,,,"Sal Frelick","29622",686217
"Giancarlo Stanton","NYY",109,465.796,416.297,91.0346,48.6941,13.5937,0,28.7469,56.8813,71.021,43.7832,2.04068,146.946,2.46417,2.72168,0.457638,7.72359,0.00723195,0.00331082,0.218677,0.0939965,0.315472,0.297955,0.295061,0.458492,0.322088,0.753553,0.239815,1.21624,0.255984,,-0.61321,58.4534,3.41603,107.546,-0.61321,0,3.5296788811683655,-11.573843955993652,0.81725,267.2799987792969,,,,,,,544.8,4.998165137,544.8,4.998165137,,,,,,,,,,,,,,,,,,,"Giancarlo Stanton","4949",519317
"Lane Thomas","KCR",92,390.726,352.023,82.3789,51.4734,16.9106,2.1686,11.8264,51.1528,41.6721,31.2351,0.13321,96.2641,4.30358,2.76052,0.404047,4.93886,16.6179,4.45254,0.234016,0.0799413,0.246372,0.324473,0.302103,0.395161,0.304307,0.697265,0.161145,6.46551,0.285993,,0.92665,43.3921,-2.77517,91.1528,0.92665,0,-3.1476184725761414,-2.4658868312835693,0.801583,392.44000244140625,,,,,,,406.8,4.42173913,406.8,4.42173913,,,,,,,,,,,,,,,,,,,"Lane Thomas","16939",657041
"Dylan Moore",,73,315,277.319,58.6538,34.7497,11.838,1.23003,10.8361,41.9517,31.5178,28.5876,0.242074,94.4214,6.42368,1.88032,0.642009,2.66056,16.4583,5.11763,0.211503,0.0907544,0.299751,0.302766,0.298097,0.380284,0.298598,0.678381,0.168781,6.57557,0.274906,,0.736965,33.5222,-3.69745,89.8294,0.736965,0,-3.0495848059654236,0.12517142295837402,0.791545,620.3900146484375,,,,,,,318.7,4.365753424,318.7,4.365753424,,,,,,,,,,,,,,,,,,,"Dylan Moore","18042",664238
"Matt Vierling","DET",62,259.658,234.941,58.4911,39.2925,11.7414,0.735934,6.72125,29.458,27.9875,19.6751,0.226225,53.07,2.41053,2.1269,0.504946,4.84193,3.05026,0.901692,0.248961,0.0757728,0.204384,0.370738,0.310923,0.391026,0.306731,0.701949,0.142066,4.15301,0.292029,,-0.162911,29.3473,-1.33333,95.5882,-0.162911,0,-1.5130766779184341,0.25178682804107666,0.785323,636.9400024414062,,,,,,,265,4.274193548,265,4.274193548,,,,,,,,,,,,,,,,,,,"Matt Vierling","21558",663837
"Nolan Schanuel","LAA",143,599.967,517.462,131.69,98.5294,22.8231,2.07966,8.2574,64.8731,51.3838,65.1849,2.96479,78.5449,9.35639,4.86208,3.10235,14.4861,5.57125,2.18983,0.254491,0.108647,0.130915,0.829905,0.345523,0.354508,0.312202,0.700031,0.100016,3.68197,0.283412,,-0.905506,70.4753,-0.415458,98.4301,-0.905506,0,-2.015654146671295,-11.033950805664062,0.777606,295.8900146484375,,,,,,,603.3,4.218881118,603.3,4.218881118,,,,,,,,,,,,,,,,,,,"Nolan Schanuel","33189",694384
"Gary Sánchez",,68,276,244.812,51.7132,30.7925,9.2991,0.000357378,11.6213,29.7095,35.9517,22.904,0.0973783,75.8386,4.80639,1.88295,0.287214,4.7859,0.309291,0.140644,0.211237,0.0829854,0.274778,0.302009,0.289439,0.391635,0.297961,0.681075,0.180399,1.79804,0.251779,,-0.381311,29.2292,-3.3823,89.3921,-0.381311,0.43,-3.841680586338043,2.0790299773216248,0.775363,697.6699829101562,,,,,,,269.1,3.957352941,269.1,3.957352941,,,,,,,,,,,,,,,,,,,"Gary Sanchez","11442",596142
"Travis d'Arnaud","LAA",62,238.623,215.139,48.174,30.4365,9.27041,0.357749,8.10942,24.2786,27.7961,15.1038,0.00121937,67.1785,3.1704,1.37132,0.290252,4.28935,0.623884,0.247426,0.223921,0.0632957,0.281525,0.224831,0.283018,0.383418,0.290844,0.666437,0.159498,2.68627,0.283699,,-0.298113,23.892,-4.30317,83.7172,-0.298113,0.28,-4.877578437328339,4.1575179398059845,0.766625,745.5599975585938,,,,,,,211,3.403225806,211,3.403225806,,,,,,,,,,,,,,,,,,,"Travis d'Arnaud","7739",518595
"Trevor Larnach","MIN",99,421.387,371.781,91.9399,61.1766,18.1261,0.750068,11.8872,48.6974,46.8225,41.3568,1.28569,94.0174,3.9973,3.84909,0.402399,8.01656,3.53355,1.26248,0.247296,0.0981446,0.223114,0.439885,0.326126,0.396006,0.316127,0.722132,0.14871,3.44617,0.296793,,-0.505092,50.8412,1.05111,101.554,-0.505092,0,0.26680314540863037,-7.388433456420898,0.755253,386.5,,,,,,,453.7,4.582828282,453.7,4.582828282,,,,,,,,,,,,,,,,,,,"Trevor Larnach","21501",663616
"Josh Lowe","TBR",110,467.743,424.731,102.772,66.3645,22.2039,2.43252,11.7707,57.3031,48.6583,36.7737,1.83684,122.056,2.33242,3.23086,0.674331,5.52076,20.206,5.05699,0.241968,0.0786195,0.260946,0.301286,0.303762,0.38884,0.301005,0.692603,0.146872,6.28914,0.309384,,1.28612,50.6911,-4.57632,91.0124,1.28612,0,-3.6686513423919678,-5.092592716217041,0.750738,274.2799987792969,,,,,,,480.8,4.37090909,480.8,4.37090909,,,,,,,,,,,,,,,,,,,"Josh Lowe","19953",666139
"Alek Thomas","ARI",99,421.965,387.702,93.315,62.0674,19.4181,2.70408,9.12543,47.1565,44.5026,24.8071,0.859344,98.927,3.56166,2.44741,3.44662,8.72782,7.92372,2.20716,0.240688,0.0587896,0.234444,0.250762,0.290749,0.375334,0.289919,0.666083,0.134646,5.35792,0.298442,,0.0895167,41.9321,-7.92627,83.2048,0.0895167,0,-8.310004211962223,1.5277776718139648,0.742445,568.719970703125,,,,,,,386.2,3.901010101,386.2,3.901010101,,,,,,,,,,,,,,,,,,,"Alek Thomas","23792",677950
"Lourdes Gurriel Jr.","ARI",87,373.542,344.337,91.5809,61.9081,17.5745,1.0937,11.0045,43.3174,48.4148,21.6412,0.355228,58.0107,3.69964,3.47646,0.388238,6.93352,4.83345,1.79401,0.265963,0.057935,0.155299,0.373055,0.313333,0.41923,0.316993,0.732563,0.153267,4.15664,0.289013,,-0.341635,45.3311,1.19422,101.751,-0.341635,0,0.4336470663547516,-5.6189985275268555,0.740998,614.780029296875,,,,,,,414.4,4.76321839,414.4,4.76321839,,,,,,,,,,,,,,,,,,,"Lourdes Gurriel Jr.","19238",666971
"Luis Matos","SFG",84,356.653,328.864,82.1982,53.0569,16.6375,1.12128,11.3825,41.715,40.2875,20.1427,0.837721,49.833,3.54602,2.80407,1.29566,5.9114,5.16923,1.76645,0.249946,0.0564771,0.139724,0.404205,0.297973,0.41119,0.306116,0.709163,0.161244,4.44127,0.261841,,-0.190663,40.1321,-2.00922,97.6781,-0.190663,0,-1.1721476316452026,-3.4900283813476562,0.737034,582,,,,,,,364.5,4.339285714,364.5,4.339285714,,,,,,,,,,,,,,,,,,,"Luis Matos","26467",682641
"Paul Goldschmidt",,117,504,460.172,114.882,74.1753,23.0023,0.516218,17.1881,58.3136,62.4275,36.8736,0.944708,115.804,2.73388,3.20226,0.613178,9.08201,5.82554,2.30079,0.24965,0.0731619,0.229769,0.318415,0.307147,0.413934,0.312538,0.721081,0.164284,3.48041,0.295699,,-0.522026,59.3398,-0.211692,99.4053,-0.522026,0,-0.8762781023979187,-9.027777671813965,0.73189,524.1699829101562,,,,,,,542,4.632478632,542,4.632478632,,,,,,,,,,,,,,,,,,,"Paul Goldschmidt","9218",502671
"Isaac Collins","KCR",97,411.291,358.96,86.5853,58.5346,17.5635,2.8893,7.59802,50.8995,37.9703,42.8589,0.920279,82.5527,4.89143,2.88017,1.70066,7.23219,12.6091,3.86072,0.241212,0.104206,0.200716,0.519171,0.327976,0.369739,0.308882,0.697715,0.128527,5.98328,0.290727,,0.245204,47.2036,-1.39357,94.3042,0.245204,0,-2.51584592461586,-4.490740776062012,0.73147,339.7799987792969,,,,,,,430.2,4.435051546,430.2,4.435051546,,,,,,,,,,,,,,,,,,,"Isaac Collins","25477",686555
"Joe Mack","MIA",83,321.615,291.292,63.7993,42.2638,12.1211,0.616714,8.79774,30.5109,35.756,24.8545,1.34853,85.6558,2.85017,1.84006,0.77788,6.24629,0.747023,0.184021,0.219022,0.0772805,0.26633,0.290168,0.285204,0.355475,0.280708,0.640679,0.136453,2.50944,0.276837,,-0.378962,29.5547,-8.44659,76.5379,-0.378962,-0.11,-9.322257459163666,5.691561356186867,0.723299,999,,,,,,,278.4,3.354216867,278.4,3.354216867,,,,,,,,,,,,,,,,,,,"Joe Mack","sa3017374",691788
"Austin Hedges","CLE",36,138.666,121.836,22.7734,15.6026,3.74432,0.0156938,3.41075,12.273,10.9922,9.92957,0.201631,37.3892,1.50501,0.927505,3.33553,2.23354,1.62477,0.739766,0.186918,0.071608,0.269636,0.265573,0.254907,0.301892,0.24809,0.556799,0.114974,3.26327,0.236235,,-0.155154,9.07045,-7.31398,56.6283,-0.155154,6.74,-7.243551075458527,9.517777442932129,0.720984,999,,,,,,,83.6,2.322222222,83.6,2.322222222,,,,,,,,,,,,,,,,,,,"Austin Hedges","12976",595978
"Rhys Hoskins",,113,490,425.157,91.7773,52.7281,18.4227,0.100462,20.526,56.8116,63.0651,53.9269,0.773906,129.261,6.47317,3.86904,0.459723,6.58143,2.89891,1.35601,0.215867,0.110055,0.263797,0.417195,0.31093,0.404507,0.313107,0.715438,0.18864,2.58211,0.255162,,-0.717254,57.9181,0.0208109,99.7966,-0.717254,0,-0.835043728351593,-8.719135284423828,0.719209,475.1099853515625,,,,,,,522.7,4.625663716,522.7,4.625663716,,,,,,,,,,,,,,,,,,,"Rhys Hoskins","16472",656555
"Jordan Beck","COL",131,549.544,499.508,127.462,80.554,26.918,3.01958,16.9706,70.4602,63.9151,41.9153,0.257544,154.654,3.84452,3.83065,0.446228,7.70147,15.3831,4.55321,0.255176,0.0762729,0.281421,0.271027,0.315466,0.423079,0.320172,0.738545,0.167903,5.70018,0.333093,,0.379814,68.1083,3.17537,91.2603,0.379814,0,-5.312559574842453,-5.964982509613037,0.716794,226.5,,,,,,,618.9,4.72442748,618.9,4.72442748,,,,,,,,,,,,,,,,,,,"Jordan Beck","31431",687597
"Reese McGuire",,57,224,204.901,44.8262,30.1879,7.89796,0.462957,6.27735,22.0437,23.4825,13.2683,0.400942,54.592,1.93071,1.45515,1.6473,4.05798,1.63475,0.567968,0.21877,0.0592335,0.243714,0.243045,0.270926,0.353742,0.272844,0.624668,0.134972,3.44072,0.264964,,-0.202625,19.1543,-7.31298,72.1383,-0.202625,2.52,-7.578966051340103,6.918148040771484,0.708034,999,,,,,,,172.6,3.028070175,172.6,3.028070175,,,,,,,,,,,,,,,,,,,"Reese McGuire","15674",624512
"Ramón Urías",,62,266,241.414,57.6341,38.3817,10.8015,0.659223,7.79159,29.3308,30.0799,19.1556,0.0411688,59.4384,3.28822,1.81147,0.330525,5.4364,1.64569,0.612913,0.238735,0.0720134,0.223453,0.322276,0.301419,0.385763,0.300805,0.687182,0.147028,3.3085,0.283203,,-0.323139,28.7844,-2.64556,91.3457,-0.323139,0,-3.0439382195472717,0.9567900896072388,0.707536,711.1699829101562,,,,,,,263.6,4.251612903,263.6,4.251612903,,,,,,,,,,,,,,,,,,,"Ramon Urias","18795",602104
"Mickey Moniak","COL",112,468.13,433.756,110.306,63.5689,23.2346,3.88726,19.615,60.6469,64.56,26.9906,0.877843,115.651,3.996,2.96652,0.420992,5.31008,9.17074,2.45007,0.254304,0.0576561,0.247048,0.23338,0.302094,0.461457,0.326128,0.763552,0.207154,5.95293,0.300842,,0.212371,60.2821,4.96887,95.3407,0.212371,0,-2.37276953458786,-6.287350177764893,0.707459,255.05999755859375,,,,,,,564,5.035714285,564,5.035714285,,,,,,,,,,,,,,,,,,,"Mickey Moniak","19956",666160
"Rob Refsnyder","SEA",63,268.626,234.522,56.2764,36.8298,10.1395,0.850905,8.45618,31.5295,30.5563,27.1396,0.765226,70.0734,3.66478,1.70277,0.635339,4.89624,2.98231,1.03023,0.239962,0.101031,0.260859,0.387302,0.32611,0.398625,0.317934,0.724735,0.158663,3.96954,0.303245,,-0.266881,32.8042,1.06402,110.088,-0.266881,0,2.9270158410072327,-5.259971618652344,0.707257,734.9400024414062,,,,,,,284.4,4.514285714,284.4,4.514285714,,,,,,,,,,,,,,,,,,,"Rob Refsnyder","13770",608701
"Tommy Pham",,94,406,363.277,87.5236,58.1474,17.3131,0.826586,11.2365,47.4683,43.8852,36.5386,0.640514,92.5376,2.92566,2.74162,0.516925,8.4814,6.44201,2.23175,0.240928,0.0899966,0.227925,0.394851,0.313177,0.38593,0.306597,0.699106,0.145002,4.12175,0.290901,,-0.26571,45.8432,-2.12881,95.3243,-0.26571,0,-2.5093590319156647,-4.351851940155029,0.703867,728.8900146484375,,,,,,,414,4.404255319,414,4.404255319,,,,,,,,,,,,,,,,,,,"Tommy Pham","2967",502054
"Christian Vázquez",,65,256,232.161,52.5409,38.1116,9.40283,0.0170097,5.0094,24.3575,24.7046,15.2357,0.140567,50.769,1.84829,1.84904,2.03017,4.98662,2.69327,1.43142,0.226312,0.0595146,0.198316,0.300099,0.277286,0.331691,0.268606,0.608977,0.105379,3.08825,0.266683,,-0.410992,21.0098,-9.23862,69.2268,-0.410992,2.89,-9.722021996974945,7.9054319858551025,0.70059,999,,,,,,,191.8,2.95076923,191.8,2.95076923,,,,,,,,,,,,,,,,,,,"Christian Vazquez","9774",543877
"Victor Robles","SEA",92,392.607,348.927,82.071,57.8879,14.2777,2.67689,7.2285,48.054,30.1958,25.7425,0.406419,86.0918,9.22724,2.3892,6.32089,6.52902,20.2975,5.33701,0.235209,0.065568,0.219282,0.299012,0.30299,0.353621,0.290526,0.65661,0.118411,6.82275,0.290091,,1.26357,39.2083,-7.18126,91.208,1.26357,0,-2.804792881011963,-3.9603638648986816,0.690378,335.1099853515625,,,,,,,362.7,3.942391304,362.7,3.942391304,,,,,,,,,,,,,,,,,,,"Victor Robles","18363",645302
"Cam Smith","HOU",100,432.867,388.164,93.9449,64.0926,18.2345,1.98081,9.6369,50.5806,42.1176,36.1337,1.1667,113.515,5.50499,2.45817,0.606615,7.79454,6.08946,1.6045,0.242024,0.0834753,0.26224,0.318317,0.313662,0.373687,0.302283,0.687349,0.131663,4.72747,0.315205,,-0.12948,47.3606,-3.78597,93.3503,-0.12948,0,-3.5220627784729004,-4.629629611968994,0.690291,353.55999755859375,,,,,,,427.8,4.278,427.8,4.278,,,,,,,,,,,,,,,,,,,"Cam Smith","35108",701358
"José Caballero","NYY",73,312.848,276.366,59.7455,40.8446,10.9443,1.02547,6.93116,42.5337,21.7955,26.8881,0.286118,81.1438,5.66821,1.91282,2.0131,3.34954,28.6201,6.82196,0.216182,0.0859462,0.259371,0.331364,0.296948,0.338443,0.283299,0.635391,0.122261,7.27752,0.277672,,2.44764,29.4074,-7.55807,80.8263,2.44764,0,-4.62224555015564,0.5757887363433838,0.68767,223.1699981689453,,,,,,,297.9,4.080821917,297.9,4.080821917,,,,,,,,,,,,,,,,,,,"Jose Caballero","23401",676609
"Victor Scott II","STL",130,549.354,491.93,108.709,79.2804,16.9592,4.38117,8.08819,66.6562,36.0027,39.9172,0.556023,128.529,7.51553,3.94068,6.05052,7.65973,33.3329,5.4026,0.220984,0.072662,0.233963,0.31057,0.287393,0.322597,0.271316,0.60999,0.101612,7.51157,0.280082,,3.62127,46.2937,-18.6168,73.5931,3.62127,0,-13.572256088256836,2.0061726570129395,0.686626,339.1099853515625,,,,,,,458.4,3.526153846,458.4,3.526153846,,,,,,,,,,,,,,,,,,,"Victor Scott II","31349",687363
"Chandler Simpson","TBR",94,398.957,369.616,105.436,88.5449,13.2505,3.64016,0,51.078,26.0437,21.162,0.730522,39.2878,1.08919,2.6159,4.47347,7.91585,33.9915,6.06244,0.285257,0.0530432,0.0984764,0.538639,0.323681,0.340803,0.293086,0.664484,0.0555464,7.5792,0.316676,,3.58901,40.6717,-6.46813,85.5579,3.58901,0,-3.201920747756958,-3.8516390323638916,0.683232,172.61000061035156,,,,,,,392.3,4.173404255,392.3,4.173404255,,,,,,,,,,,,,,,,,,,"Chandler Simpson","31912",802415
"Nasim Nuñez","WSN",99,412.681,367.081,86.3329,66.6713,13.2151,1.58091,4.86564,45.8257,28.1994,36.1678,0.819544,90.9177,1.70578,2.62671,5.09991,7.64994,23.6283,4.4498,0.235188,0.0876411,0.22031,0.397809,0.30474,0.319566,0.278956,0.624307,0.0843787,6.32275,0.297408,,2.21863,37.3363,-11.4252,76.6989,2.21863,0,-9.178220748901367,2.078779458999634,0.67839,394.7200012207031,,,,,,,359.1,3.627272727,359.1,3.627272727,,,,,,,,,,,,,,,,,,,"Nasim Nunez","25979",683083
"Taylor Walls","TBR",118,502.135,447.723,97.2556,65.7445,19.7798,2.60547,9.1258,57.1322,42.2658,45.527,0.535482,116.798,1.96228,4.21827,2.40924,5.88163,23.0557,6.09504,0.217223,0.0906668,0.232602,0.389794,0.28982,0.334188,0.276663,0.624008,0.116966,6.34925,0.270322,,1.37112,44.4946,-14.8366,74.2443,1.37112,0,-13.871749877929688,3.1680195331573486,0.67311,636.0599975585938,,,,,,,425.8,3.608474576,425.8,3.608474576,,,,,,,,,,,,,,,,,,,"Taylor Walls","22458",670764
"Kyle Karros","COL",109,454.561,411.795,106.05,75.2611,20.6472,1.49417,8.64727,49.1461,47.694,34.2287,0.785887,112.855,4.72341,3.19786,0.616289,8.73744,2.86619,1.01706,0.257531,0.0753006,0.248272,0.303298,0.319426,0.377924,0.306254,0.69735,0.120393,3.51757,0.331876,,-0.592076,51.2,-2.50989,81.7263,-0.592076,0,-10.437020480632782,1.682098627090454,0.651572,566.6099853515625,,,,,,,452.7,4.153211009,452.7,4.153211009,,,,,,,,,,,,,,,,,,,"Kyle Karros","33252",691720
"Tyler Austin","CHC",65,277.015,245.784,58.7812,34.2845,12.2137,0.344662,11.9384,33.3602,38.1581,26.9272,0.753293,77.0856,2.06077,1.78394,0.458802,4.83625,0.571236,0.108308,0.239157,0.0972048,0.278272,0.349316,0.317364,0.437372,0.32632,0.754737,0.198215,2.31701,0.295455,,-0.342838,35.715,2.98347,110.917,-0.342838,0,3.2415323555469513,-6.219135761260986,0.638303,715.5,,,,,,,320.9,4.936923076,320.9,4.936923076,,,,,,,,,,,,,,,,,,,"Tyler Austin","11850",592122
"Spencer Horwitz","PIT",115,522.956,459.247,114.546,78.3756,24.2621,0.796734,11.112,57.3408,55.9163,53.8385,1.55742,91.9568,5.4602,3.80138,0.609131,10.6701,1.72029,0.784714,0.249422,0.10295,0.17584,0.585476,0.332816,0.378311,0.314006,0.711127,0.128888,2.4723,0.287334,,-0.875895,62.195,0.403753,98.8059,-0.875895,0,-1.616041123867035,-9.573334693908691,0.635309,359.3900146484375,,,,,,,541.7,4.710434782,541.7,4.710434782,,,,,,,,,,,,,,,,,,,"Spencer Horwitz","26477",687462
"Wenceel Pérez","DET",118,498.818,450.583,104.772,67.336,20.4245,4.33456,12.6767,59.4576,48.9848,39.5014,0.736858,105.166,3.54277,3.90647,1.28369,6.24863,12.5148,3.47063,0.232525,0.07919,0.210831,0.375608,0.297097,0.381496,0.29599,0.678593,0.148971,6.1699,0.273566,,0.357857,52.028,-6.91113,88.1897,0.357857,0,-6.585620939731598,-4.465161323547363,0.625918,409.7200012207031,,,,,,,488.3,4.138135593,488.3,4.138135593,,,,,,,,,,,,,,,,,,,"Wenceel Perez","22857",672761
"James McCann","ARI",52,205.547,185.232,44.3232,30.9876,7.78434,0.398186,5.15299,21.0145,23.8719,12.0487,0.200289,51.8299,2.45175,1.61344,1.34891,4.03929,1.31947,0.57708,0.239284,0.0586176,0.252156,0.232466,0.292151,0.369065,0.289255,0.661217,0.129781,3.29298,0.301627,,-0.271405,20.3152,-3.97182,82.7501,-0.271405,1.11,-4.473748981952667,3.6177159547805786,0.612092,711.1099853515625,,,,,,,172.7,3.321153846,172.7,3.321153846,,,,,,,,,,,,,,,,,,,"James McCann","12859",543510
"JJ Bleday","CIN",70,296.374,261.038,58.9562,33.1264,12.7035,0.792324,12.3339,34.0106,39.1688,31.4192,0.876425,67.3655,1.52088,2.0586,0.336928,4.04365,1.63342,0.530844,0.225853,0.106012,0.227299,0.466398,0.310422,0.422337,0.317582,0.732759,0.196484,3.28561,0.254214,,-0.32107,36.1083,1.08941,98.2592,-0.32107,0,-0.9325347244739532,-3.039764642715454,0.60243,626.719970703125,,,,,,,325.6,4.651428571,325.6,4.651428571,,,,,,,,,,,,,,,,,,,"JJ Bleday","26368",668709
"Edgar Quero","CHW",115,484.113,433.88,110.08,80.1071,19.6202,0.942061,9.41023,50.2568,49.013,38.6607,0.885123,82.1178,6.36837,4.58903,0.614599,11.6135,0.627853,0.470332,0.25371,0.0798589,0.169625,0.470796,0.320805,0.368338,0.303838,0.689143,0.114628,2.31007,0.290163,,-0.887304,53.5788,-3.62284,93.5892,-0.887304,-2.61,-4.545206904411316,-6.334352254867554,0.591654,339.55999755859375,,,,,,,467.2,4.062608695,467.2,4.062608695,,,,,,,,,,,,,,,,,,,"Edgar Quero","28022",700337
"Max Muncy","ATH",96,405.033,371.716,84.7775,54.5299,16.6199,1.35588,12.2718,45.4762,41.6735,23.5828,0.22376,122.168,4.6882,2.35808,2.68822,6.54601,5.45392,1.684,0.228071,0.0582244,0.301624,0.193036,0.280974,0.379119,0.28751,0.660093,0.151048,4.51656,0.302568,,-0.14399,39.4573,-8.40044,79.7793,-0.14399,0,-9.796922490000725,1.6321405172348022,0.590936,500.94000244140625,,,,,,,362.7,3.778125,362.7,3.778125,,,,,,,,,,,,,,,,,,,"Max Muncy","29779",691777
"Gabriel Arias","CLE",113,481.888,444.696,99.9873,67.3285,19.261,0.996348,12.4014,51.1709,48.2045,28.5604,0.854609,149.221,5.21006,2.5814,0.840746,9.0083,9.19365,3.38832,0.224844,0.0592677,0.309659,0.191397,0.278055,0.356301,0.277578,0.634356,0.131456,4.4419,0.306615,,-0.210625,43.0585,-13.8803,76.9415,-0.210625,0,-13.306966692209244,2.4911816120147705,0.590345,479.2799987792969,,,,,,,399.3,3.533628318,399.3,3.533628318,,,,,,,,,,,,,,,,,,,"Gabriel Arias","22563",672356
"Randal Grichuk",,65,280,257.656,63.1036,37.552,12.8301,0.562871,12.1586,32.5502,38.6166,17.2487,0.347424,58.5607,2.80926,1.98456,0.301571,4.83385,0.819086,0.287537,0.244914,0.0616026,0.209145,0.294545,0.297326,0.440647,0.317086,0.737973,0.195733,2.78851,0.269663,,-0.331963,34.0005,0.916328,102.53,-0.331963,0,0.5051650702953339,-4.212963104248047,0.590201,750.3900146484375,,,,,,,312.9,4.813846153,312.9,4.813846153,,,,,,,,,,,,,,,,,,,"Randal Grichuk","10243",545341
"Dalton Rushing","LAD",53,217.786,193.981,42.5733,25.3438,9.14714,0.677336,7.40504,25.4107,25.7081,18.4384,0.470435,62.5941,3.85252,1.26148,0.252585,3.32774,0.634117,0.191358,0.219472,0.0846628,0.287411,0.29457,0.29818,0.388132,0.300293,0.686313,0.168661,3.27393,0.2808,,-0.262904,23.4765,-2.2566,91.8047,-0.262904,-1.15,-2.3782801628112793,0.8080059289932251,0.580676,418.44000244140625,,,,,,,212.3,4.005660377,212.3,4.005660377,,,,,,,,,,,,,,,,,,,"Dalton Rushing","31382",687221
"Noelvi Marte","CIN",133,565.178,523.261,128.669,82.5816,25.6135,1.67766,18.7961,67.1307,67.0891,32.662,0.795047,134.663,5.1177,3.4891,0.648328,9.21933,15.7,4.71541,0.245898,0.0577906,0.238266,0.242546,0.294845,0.409023,0.304437,0.703868,0.163125,5.17716,0.294335,,0.419619,62.8256,-3.95454,89.2543,0.419619,0,-6.778449386358261,-6.3576483726501465,0.579858,134.05999755859375,,,,,,,595.2,4.475187969,595.2,4.475187969,,,,,,,,,,,,,,,,,,,"Noelvi Marte","26517",682622
"Michael Conforto",,86,371,323.951,71.6134,44.8696,13.9427,0.594655,12.2064,40.5017,43.1223,39.0863,1.22389,92.3149,5.26612,2.35989,0.336867,6.9789,0.702555,0.246857,0.221063,0.105354,0.248827,0.423402,0.31286,0.380813,0.30545,0.693673,0.15975,2.47326,0.267853,,-0.541516,41.5456,-2.29091,94.5361,-0.541516,0,-2.9373618960380554,-3.9814815521240234,0.576776,654.4400024414062,,,,,,,372.2,4.327906976,372.2,4.327906976,,,,,,,,,,,,,,,,,,,"Michael Conforto","16376",624424
"Kody Clemens","MIN",68,290.135,263.76,61.2198,35.2035,12.2979,1.28095,12.4374,34.9502,37.588,20.853,0.467031,71.7961,2.2543,2.56007,0.70838,4.16114,3.33176,0.935905,0.232104,0.0718733,0.247457,0.290447,0.291359,0.429906,0.309919,0.721265,0.197802,4.50575,0.267908,,-0.0987816,33.5431,-0.738654,97.2777,-0.0987816,0,-1.029684454202652,-3.4979424476623535,0.558458,381.1700134277344,,,,,,,302.8,4.452941176,302.8,4.452941176,,,,,,,,,,,,,,,,,,,"Kody Clemens","20572",665019
"Connor Wong","BOS",55,212.723,194.384,44.8407,30.7589,8.24854,0.91034,4.92293,22.6766,20.7863,13.3595,0.124419,52.6989,2.48542,1.26881,1.2251,3.67538,3.90734,1.22558,0.230681,0.0628022,0.247735,0.253505,0.286933,0.358459,0.283327,0.645392,0.127778,4.93995,0.289195,,-0.0272699,20.0005,-5.13431,75.5213,-0.0272699,0.02,-6.164540383964777,4.263827342540026,0.554621,656.8300170898438,,,,,,,183.7,3.34,183.7,3.34,,,,,,,,,,,,,,,,,,,"Connor Wong","19896",657136
"Tom Murphy",,29,115,102.952,23.2013,14.2879,4.51803,0.134188,4.26124,12.8512,14.2405,9.47423,0.0152743,34.031,0.930306,0.693903,0.150712,1.92514,0.630761,0.265889,0.22536,0.0823846,0.295921,0.2784,0.294657,0.396023,0.301407,0.69068,0.170663,2.90166,0.289808,,-0.145644,12.5006,-1.08755,91.7592,-0.145644,0.48,-1.2657265812158585,2.717654198408127,0.54676,999,,,,,,,109.8,3.786206896,109.8,3.786206896,,,,,,,,,,,,,,,,,,,"Tom Murphy","13499",608596
"Josh Rojas",,65,280,249.464,57.2381,38.8111,11.2489,0.827685,6.35039,30.5258,27.3601,25.6711,0.686151,63.98,1.04592,2.11943,1.28337,4.57735,5.64522,1.87711,0.229444,0.0916823,0.2285,0.401235,0.301671,0.357541,0.290374,0.659211,0.128096,4.58343,0.280755,,-0.0677299,27.9279,-5.15625,84.1798,-0.0677299,0,-5.303182505071163,1.153549313545227,0.544996,999,,,,,,,251,3.861538461,251,3.861538461,,,,,,,,,,,,,,,,,,,"Josh Rojas","19734",668942
"Thairo Estrada","COL",81,350,325.618,79.8859,57.36,14.0137,1.52632,6.98581,38.3396,34.2983,15.5697,0.084987,65.8049,5.64814,2.63329,0.530801,6.78731,7.84675,2.49336,0.245336,0.0444849,0.188014,0.236604,0.289307,0.36211,0.285065,0.651417,0.116774,5.26158,0.285367,,0.0300916,33.4013,-7.95388,80.533,0.0300916,0,-8.022788655012846,1.2499998807907104,0.519003,703,,,,,,,315.4,3.89382716,315.4,3.89382716,,,,,,,,,,,,,,,,,,,"Thairo Estrada","16426",642731
"Dominic Canzone","SEA",104,440.822,401.837,94.4973,60.5175,18.4797,0.508927,14.9912,46.5345,55.2898,32.27,1.25204,100.081,3.19686,2.97482,0.542819,8.47425,3.0321,0.992654,0.235163,0.0732042,0.227034,0.322437,0.295186,0.395604,0.299852,0.690789,0.160441,2.98838,0.274405,,-0.425481,47.361,-4.72554,97.6319,-0.425481,0,-1.6558383107185364,-8.52623462677002,0.51057,327.5,,,,,,,431.2,4.146153846,431.2,4.146153846,,,,,,,,,,,,,,,,,,,"Dominic Canzone","26438",686527
"Gavin Sheets","SDP",128,580.719,524.314,124.743,79.9541,26.3218,1.12794,17.3386,63.6837,66.7395,47.2092,1.51996,114.144,4.6048,4.04468,0.546024,10.1388,2.28169,0.710899,0.237916,0.0812944,0.196556,0.413593,0.304317,0.391628,0.303355,0.695945,0.153712,2.95062,0.270623,,-0.694643,64.0429,-4.57346,97.1318,-0.694643,0,-2.668775498867035,-11.676824569702148,0.50901,370.8299865722656,,,,,,,573.9,4.48359375,573.9,4.48359375,,,,,,,,,,,,,,,,,,,"Gavin Sheets","19901",657757
"Richie Palacios","TBR",71,302.657,265.716,61.4241,43.2002,12.6291,1.2598,4.33501,32.8217,25.5941,30.2195,0.992443,52.7685,3.11675,2.13856,1.46657,5.37107,8.21794,2.37093,0.231165,0.0998473,0.174351,0.57268,0.314619,0.337119,0.290543,0.651739,0.105954,5.21648,0.270885,,0.173935,30.2294,-5.53188,83.8058,0.173935,0,-5.602821573615074,0.049803558737039566,0.497642,627.0599975585938,,,,,,,265.2,3.735211267,265.2,3.735211267,,,,,,,,,,,,,,,,,,,"Richie Palacios","24589",680700
"Luis Rengifo",,100,434,399.445,97.6427,73.5555,16.2079,1.91065,5.96866,47.1755,37.3511,26.7931,0.434534,76.356,3.7553,2.9322,1.0749,8.78491,12.9028,4.25563,0.244446,0.0617352,0.175936,0.350897,0.296104,0.339416,0.280523,0.63552,0.0949697,5.41722,0.286435,,0.153406,39.8173,-11.4632,77.4132,0.153406,0,-11.432508289813995,1.5432097911834717,0.491011,427,,,,,,,370.5,3.705,370.5,3.705,,,,,,,,,,,,,,,,,,,"Luis Rengifo","19858",650859
"Edmundo Sosa","PHI",44,186.536,171.872,42.6114,28.2028,7.69124,1.01518,5.70225,21.5803,21.5514,7.83027,0.18842,43.2727,4.11652,1.25818,1.33716,3.54864,2.47841,0.714892,0.247926,0.0419773,0.23198,0.180952,0.294787,0.404021,0.30288,0.698808,0.156095,5.08264,0.297283,,-0.0608884,20.4996,-1.54107,91.4569,-0.0608884,0,-1.9496167823672295,0.5281206965446472,0.489524,566.719970703125,,,,,,,191.1,4.343181818,191.1,4.343181818,,,,,,,,,,,,,,,,,,,"Edmundo Sosa","17022",624641
"Austin Hays",,123,532,485.82,117.863,76.2104,24.3544,1.72733,15.5708,59.11,61.2137,34.2451,0.840241,128.842,6.84693,4.22875,0.859218,9.38655,4.42206,1.48563,0.242606,0.0643706,0.242185,0.265791,0.299271,0.396,0.302175,0.695271,0.153393,3.86697,0.295954,,-0.492824,58.1605,-4.69939,92.2868,-0.492824,0,-5.342699617147446,-7.892300128936768,0.488048,414.2799987792969,,,,,,,534,4.341463414,534,4.341463414,,,,,,,,,,,,,,,,,,,"Austin Hays","19363",669720
"Elias Díaz",,45,179,162.679,35.0008,23.459,6.12623,0.0013184,5.41429,17.1597,19.9074,11.7926,0.167809,44.0148,1.23623,0.9968,0.76666,3.50951,0.372079,0.176508,0.215153,0.0658806,0.245893,0.267924,0.271808,0.352674,0.273792,0.624482,0.137521,1.99715,0.258971,,-0.237641,15.4441,-5.70609,72.7895,-0.237641,1.22,-5.994360312819481,4.6922221183776855,0.486598,999,,,,,,,136.4,3.031111111,136.4,3.031111111,,,,,,,,,,,,,,,,,,,"Elias Diaz","11680",553869
"Will Benson","CIN",52,220.557,195.127,43.4517,24.0549,9.33583,1.13397,8.92698,28.7275,26.9174,21.6975,0.593881,68.2318,1.9121,1.43076,0.389584,2.35448,7.53398,1.83708,0.222684,0.0983759,0.309361,0.317997,0.304592,0.4194,0.313664,0.723992,0.196716,6.05792,0.289154,,0.443735,26.1697,0.109111,95.5753,0.443735,0,-0.7129198312759399,-1.9058642387390137,0.482834,665.3900146484375,,,,,,,243.8,4.688461538,243.8,4.688461538,,,,,,,,,,,,,,,,,,,"Will Benson","21853",666181
"Ty France",,84,364,327.044,83.5541,60.1082,14.0825,0.324814,9.03857,39.5507,40.8215,21.1456,0.247243,65.3063,12.7131,2.68638,0.411011,9.28526,0.811078,0.389537,0.255483,0.0580923,0.179413,0.323791,0.322927,0.383441,0.311644,0.706368,0.127958,2.46768,0.291777,,-0.616013,42.5924,-0.417043,98.7913,-0.616013,0,-1.1360170245170593,-6.481481552124023,0.481056,683.8900146484375,,,,,,,372.5,4.434523809,372.5,4.434523809,,,,,,,,,,,,,,,,,,,"Ty France","17982",664034
"Colby Thomas","ATH",60,254.004,234.865,55.6634,32.4144,12.4883,0.991202,9.76945,31.2413,30.3401,13.3366,0.0396906,76.7113,3.35275,1.79311,0.655893,3.09871,4.80637,1.26194,0.237001,0.0525055,0.302009,0.173854,0.285587,0.423402,0.305273,0.708989,0.186401,5.30533,0.305598,,0.120582,28.4076,-1.60492,92.0154,0.120582,0,-2.2697999477386475,-1.7767767906188965,0.480441,509.94000244140625,,,,,,,267.8,4.463333333,267.8,4.463333333,,,,,,,,,,,,,,,,,,,"Colby Thomas","31855",687515
"Javier Sanoja","MIA",44,185.321,172.366,46.5403,33.7116,9.01578,1.28745,2.52545,20.844,17.9972,9.83474,0.67744,17.3223,0.765258,1.40038,0.954786,3.67137,5.62734,1.62903,0.270009,0.0530687,0.0934717,0.567752,0.309929,0.381209,0.299989,0.691138,0.1112,5.68832,0.285963,,0.170294,19.9311,-1.96601,89.746,0.170294,0,-2.0819293558597565,0.5784178972244263,0.476997,540,,,,,,,190,4.318181818,190,4.318181818,,,,,,,,,,,,,,,,,,,"Javier Sanoja","28253",691594
"Liam Hicks","MIA",49,194.146,169.619,40.5434,30.4418,7.54314,0.583808,1.97463,18.7063,16.5583,18.6996,0.240488,30.1122,3.47583,1.64938,0.701745,4.21357,0.753718,0.257744,0.239026,0.0963174,0.155101,0.620998,0.324222,0.325306,0.292585,0.649528,0.0862794,3.09494,0.277111,,-0.300581,19.7132,-3.22663,84.6743,-0.300581,0.74,-3.8270572125911713,2.0002880096435547,0.473963,506.2200012207031,,,,,,,175.2,3.575510204,175.2,3.575510204,,,,,,,,,,,,,,,,,,,"Liam Hicks","29844",689414
"Javier Báez","DET",81,341.656,318.219,73.5855,49.495,14.9937,0.424143,8.67269,34.6992,37.0886,13.1435,0.0714505,83.5288,4.44489,2.44232,0.498153,6.79293,4.77532,1.64709,0.231242,0.0384699,0.244482,0.157353,0.269546,0.362787,0.275112,0.632333,0.131545,3.96714,0.284133,,-0.16184,29.8442,-10.5251,73.8075,-0.16184,0,-10.709053933620453,3.549999952316284,0.470656,471.8299865722656,,,,,,,279.4,3.449382716,279.4,3.449382716,,,,,,,,,,,,,,,,,,,"Javier Baez","12979",595879
"Jhostynxon Garcia","PIT",89,405.107,372.055,89.1091,56.4515,18.9903,1.8768,11.7906,45.1035,47.471,25.123,1.04295,101.361,4.2105,3.19254,0.52607,5.46203,6.89221,1.38897,0.239505,0.0620158,0.250209,0.247856,0.292754,0.395707,0.298052,0.688461,0.156202,4.9733,0.295002,,0.250196,42.932,-4.9345,87.8771,0.250196,0,-5.570420503616333,-3.321268320083618,0.469237,529.5599975585938,,,,,,,403.2,4.530337078,403.2,4.530337078,,,,,,,,,,,,,,,,,,,"Jhostynxon Garcia","28142",691373
"Jesse Winker",,86,371,319.669,73.9406,49.3747,13.6163,0.778221,10.1714,43.1862,37.6214,43.6754,1.558,80.3582,4.14597,2.33264,1.17741,6.85429,5.69456,1.91269,0.231304,0.117724,0.216599,0.543509,0.329244,0.374224,0.311433,0.703468,0.14292,3.97925,0.275495,,-0.275738,43.3479,-0.48859,98.6464,-0.275738,0,-0.8692683279514313,-7.286862373352051,0.450186,999,,,,,,,384.5,4.470930232,384.5,4.470930232,,,,,,,,,,,,,,,,,,,"Jesse Winker","13590",608385
"Braxton Fulford","COL",55,211.289,191.613,45.7611,29.3229,10.7591,0.879381,4.79979,23.2454,22.2517,13.9407,0.0288578,57.0454,3.52459,1.49114,0.718779,3.21779,2.74478,0.781564,0.23882,0.0659795,0.269988,0.24438,0.300263,0.379297,0.29772,0.67956,0.140477,4.6667,0.312064,,-0.0797977,22.3347,-2.63071,75.8799,-0.0797977,-0.78,-6.1199730932712555,3.46382737159729,0.447462,723.1099853515625,,,,,,,207.1,3.765454545,207.1,3.765454545,,,,,,,,,,,,,,,,,,,"Braxton Fulford","29704",690924
"Amed Rosario","NYY",65,278.087,260.656,68.0939,49.782,12.243,1.0622,5.00663,30.749,26.7771,12.209,0.0248749,49.1473,2.00127,2.01166,0.367561,5.74709,6.12282,1.81235,0.261241,0.0439034,0.176734,0.248416,0.297258,0.373985,0.292608,0.671243,0.112744,4.89981,0.302557,,0.0600849,28.2416,-4.61654,87.2388,0.0600849,0,-4.122511275112629,-1.1033951044082642,0.444589,654.0599975585938,,,,,,,255.1,3.924615384,255.1,3.924615384,,,,,,,,,,,,,,,,,,,"Amed Rosario","15518",642708
"Miguel Andujar",,94,406,379.802,98.5385,71.1396,16.7835,1.10547,9.50994,42.9345,45.2938,20.3893,1.00154,59.323,2.34818,3.00311,0.45728,9.13908,2.88371,1.0635,0.259447,0.0502199,0.146116,0.343699,0.299046,0.384576,0.29667,0.683622,0.125129,3.35511,0.283556,,-0.471913,42.5708,-5.40118,88.5048,-0.471913,0,-5.987934321165085,-3.4514687061309814,0.440086,490.94000244140625,,,,,,,392.3,4.173404255,392.3,4.173404255,,,,,,,,,,,,,,,,,,,"Miguel Andujar","15878",609280
"Tyler Heineman","TOR",39,151.669,135.071,28.1354,20.8253,4.22845,0.359497,2.7222,14.8272,11.594,10.5899,0.218247,32.0858,2.42522,0.953579,2.59509,2.83305,1.88891,0.584264,0.208301,0.0698226,0.211551,0.330051,0.276104,0.30539,0.260106,0.581495,0.0970899,4.09827,0.251077,,-0.0834478,11.4007,-6.52016,64.3249,-0.0834478,2.5,-6.460706561803818,5.509259223937988,0.436747,750.280029296875,,,,,,,101.6,2.605128205,101.6,2.605128205,,,,,,,,,,,,,,,,,,,"Tyler Heineman","13897",623168
"Michael Massey","KCR",84,356.452,329.706,78.4312,50.4211,16.8593,0.978362,10.1724,36.484,42.955,18.3107,0.646543,63.8894,3.49377,3.53175,1.40979,5.07021,2.69225,0.920323,0.237882,0.0513692,0.179237,0.286599,0.28232,0.387511,0.28954,0.669831,0.149628,3.4723,0.263369,,-0.31098,35.3122,-6.80531,80.9805,-0.31098,0,-8.301435559988022,0.29914525151252747,0.436486,641.780029296875,,,,,,,321.7,3.829761904,321.7,3.829761904,,,,,,,,,,,,,,,,,,,"Michael Massey","27684",686681
"Andrew McCutchen",,94,406,355.111,82.4066,51.6674,17.0539,0.454884,13.2304,46.5743,47.285,44.2666,0.683367,94.1543,3.27842,2.88927,0.455023,7.44176,2.1826,0.771675,0.232059,0.109031,0.231907,0.47015,0.320437,0.394416,0.313992,0.714853,0.162357,2.82745,0.276026,,-0.529952,48.281,0.308927,100.404,-0.529952,0,-0.33586585521698,-9.153895378112793,0.434933,745.0599975585938,,,,,,,417.7,4.443617021,417.7,4.443617021,,,,,,,,,,,,,,,,,,,"Andrew McCutchen","9847",457705
"Heriberto Hernández","MIA",97,411.824,364.268,83.9472,51.6934,17.7199,1.55731,12.9766,45.5929,47.074,38.594,1.50849,116.787,4.26719,2.84569,1.849,7.05989,3.01263,0.866547,0.230454,0.0937147,0.283584,0.330466,0.309308,0.394522,0.307077,0.703829,0.164067,3.89609,0.299012,,-0.3666,46.6615,-1.99871,94.602,-0.3666,0,-3.0013329684734344,-6.486625671386719,0.431096,501.6700134277344,,,,,,,424.1,4.372164948,424.1,4.372164948,,,,,,,,,,,,,,,,,,,"Heriberto Hernandez","24878",681715
"Pavin Smith","ARI",100,428.882,375.712,87.7389,56.4011,17.8038,1.21315,12.3207,48.1012,51.0592,47.4887,1.42064,107.013,2.23753,3.04305,0.401017,7.93666,2.13646,0.723195,0.233527,0.110727,0.249515,0.443768,0.32082,0.385751,0.310387,0.706571,0.152224,3.25909,0.290716,,-0.560108,49.7466,-0.929136,97.2258,-0.560108,0,-1.970250427722931,-8.114296913146973,0.428123,487.8900146484375,,,,,,,435.5,4.355,435.5,4.355,,,,,,,,,,,,,,,,,,,"Pavin Smith","19892",656976
"Daniel Schneemann","CLE",52,220.292,196.988,43.5861,28.5948,8.64118,0.68299,5.6672,24.3116,21.5152,20.0866,0.238279,58.725,1.18353,1.34309,0.690359,3.88369,4.09616,1.16962,0.221263,0.0911817,0.266578,0.342045,0.295336,0.358371,0.288374,0.653708,0.137109,4.62507,0.283106,,0.0126328,21.6147,-4.41443,84.3782,0.0126328,0,-4.043412736617029,0.6018518209457397,0.423627,626.219970703125,,,,,,,205.4,3.95,205.4,3.95,,,,,,,,,,,,,,,,,,,"Daniel Schneemann","25180",682177
"Luke Raley","SEA",57,241.074,211.488,46.6795,28.9842,9.0148,0.535313,8.14521,28.1399,26.5845,18.4153,0.249657,71.7393,8.41921,1.35295,1.39936,4.32691,5.05902,1.11911,0.22072,0.0763883,0.297581,0.256697,0.306723,0.383949,0.304676,0.690673,0.16323,5.09256,0.289827,,0.18666,26.8448,-1.64,100.955,0.18666,0,0.45809318125247955,-4.850529193878174,0.399526,560.780029296875,,,,,,,243.9,4.278947368,243.9,4.278947368,,,,,,,,,,,,,,,,,,,"Luke Raley","19354",670042
"Andruw Monasterio","MIL",41,173.193,156.918,36.8981,24.8731,7.10835,0.48708,4.42959,18.7285,19.6723,13.0445,0.146714,41.9667,1.6911,1.29932,0.24066,2.37307,3.71899,1.20931,0.235143,0.0753174,0.242312,0.310829,0.298542,0.371337,0.293879,0.66988,0.136194,4.67521,0.290363,,-0.0119496,17.7676,-2.69651,87.6561,-0.0119496,0,-2.545773845165968,0.6833333373069763,0.398992,638.5599975585938,,,,,,,157.9,3.851219512,157.9,3.851219512,,,,,,,,,,,,,,,,,,,"Andruw Monasterio","19455",655316
"Edouard Julien","MIN",44,186.516,161.582,37.0373,25.5404,6.92479,0.634107,3.93803,21.2355,16.8622,21.7862,0.456258,56.6962,1.59217,1.07541,0.480215,3.45374,2.11775,0.693032,0.229218,0.116807,0.303976,0.384263,0.324754,0.353038,0.302479,0.677792,0.12382,4.2735,0.32443,,-0.180192,20.4367,-1.60152,92.1526,-0.180192,0,-1.9052968472242355,-0.6287151575088501,0.39754,747.5,,,,,,,181.8,4.131818181,181.8,4.131818181,,,,,,,,,,,,,,,,,,,"Edouard Julien","27534",666397
"Nick Castellanos","PHI",60,255.623,235.809,59.9868,39.7048,11.8206,0.677104,7.78426,28.5298,31.74,15.0118,0.214074,57.9399,2.24986,2.28372,0.268711,4.46846,1.87567,0.64342,0.254387,0.0587261,0.226661,0.259092,0.302514,0.40929,0.30816,0.711805,0.154903,3.68673,0.302854,,-0.263018,29.1879,-1.01591,95.0742,-0.263018,0,-1.755353957414627,-2.877877950668335,0.396094,363.3299865722656,,,,,,,267.7,4.461666666,267.7,4.461666666,,,,,,,,,,,,,,,,,,,"Nick Castellanos","11737",592206
"Jeferson Quero","MIL",31,120.74,111.756,27.0392,18.1966,5.43774,0.317737,3.08715,12.1541,14.7087,6.99008,0.185648,23.505,0.851203,0.953871,0.18959,1.97695,1.45167,0.274806,0.241949,0.0578935,0.194674,0.297387,0.289343,0.379165,0.290595,0.668508,0.137216,3.91948,0.278133,,0.00712845,12.0647,-2.20172,85.4069,0.00712845,-0.46,-2.0811708196997643,1.9319751560688019,0.395731,589.5,,,,,,,107.8,3.477419354,107.8,3.477419354,,,,,,,,,,,,,,,,,,,"Jeferson Quero","sa3015407",691620
"Jose Iglesias",,53,231,210.854,54.5958,42.2347,9.01408,1.14882,2.19821,23.8985,20.4545,10.8795,0.145398,39.1963,3.32642,1.29821,1.20205,5.82101,2.7403,0.891614,0.258927,0.0470973,0.169681,0.277564,0.303951,0.34385,0.285912,0.647801,0.0849229,4.53064,0.306854,,-0.188713,22.2038,-5.0906,81.1153,-0.188713,0,-5.344651058316231,1.313598871231079,0.387456,999,,,,,,,192.5,3.632075471,192.5,3.632075471,,,,,,,,,,,,,,,,,,,"Jose Iglesias","10231",578428
"Samuel Basallo","BAL",107,443.024,407.248,97.0311,63.6485,18.6827,0.94591,13.7541,49.2868,50.4765,29.1433,1.70267,98.0698,2.77646,3.04793,0.807851,8.39681,4.17988,1.43505,0.23826,0.0657827,0.221365,0.297169,0.291602,0.390101,0.295234,0.681702,0.15184,3.69414,0.279011,,-0.371373,45.9365,-6.41015,89.3638,-0.371373,-2.53,-5.925120919942856,-5.582282066345215,0.382727,172.61000061035156,,,,,,,429.4,4.013084112,429.4,4.013084112,,,,,,,,,,,,,,,,,,,"Samuel Basallo","28824",694212
"Keibert Ruiz","WSN",81,309.269,287.312,66.202,47.5892,13.0179,0,5.59495,25.2722,32.8152,15.1109,0.349481,33.0194,3.61771,2.85818,0.371034,6.23493,0.874753,0.531333,0.230419,0.04886,0.106766,0.457637,0.274947,0.334148,0.267412,0.609095,0.10373,1.94828,0.240929,,-0.478141,25.0818,-11.4608,68.7912,-0.478141,-0.91,-11.917668282985687,5.339999973773956,0.379764,393,,,,,,,232.8,2.874074074,232.8,2.874074074,,,,,,,,,,,,,,,,,,,"Keibert Ruiz","19610",660688
"Darell Hernaiz","ATH",44,185.354,169.279,43.3897,32.0226,7.99071,0.785976,2.59039,20.5869,16.1675,11.8756,0.334907,29.6534,1.20536,1.45541,1.53866,3.87597,3.89806,1.20806,0.256321,0.0640699,0.159982,0.400481,0.307214,0.358719,0.292318,0.665933,0.102398,4.79733,0.2946,,-0.010658,18.7802,-3.12079,83.091,-0.010658,0,-3.704619349911809,1.0310927629470825,0.379176,650.1099853515625,,,,,,,172.7,3.925,172.7,3.925,,,,,,,,,,,,,,,,,,,"Darell Hernaiz","26224",687231
"Mark Vientos","NYM",138,586.878,535.888,124.427,77.5422,23.1066,0.638369,23.1402,63.9077,73.7769,40.9863,0.993073,156.152,4.77587,4.70436,0.523035,10.9909,0.764814,0.318069,0.232189,0.069838,0.266072,0.262478,0.29025,0.407233,0.301716,0.697483,0.175044,2.08973,0.280341,,-0.784752,63.9411,-5.403,95.5713,-0.784752,0,-3.865230977535248,-12.001089096069336,0.374386,264.1700134277344,,,,,,,586.9,4.25289855,586.9,4.25289855,,,,,,,,,,,,,,,,,,,"Mark Vientos","22184",668901
"Nathaniel Lowe",,87,378,331.756,79.1233,55.5229,13.1942,0.872807,9.53339,41.4752,39.6349,41.3341,1.16594,92.1952,2.17078,2.40532,0.333381,8.15283,1.12061,0.361962,0.238498,0.109349,0.243903,0.448332,0.324699,0.369739,0.307202,0.694438,0.131241,2.6712,0.299397,,-0.57016,42.8674,-1.7962,95.7402,-0.57016,0,-2.4732795357704163,-6.712963104248047,0.369032,527.1099853515625,,,,,,,378.7,4.352873563,378.7,4.352873563,,,,,,,,,,,,,,,,,,,"Nathaniel Lowe","19566",663993
"Dane Myers","CIN",57,241.235,221.719,54.1728,37.9002,9.2225,0.672225,6.37787,27.5994,25.355,14.969,0.0696782,59.7182,2.66578,1.56653,0.314213,4.16793,7.31257,2.33359,0.244331,0.0620516,0.247552,0.25066,0.298055,0.378287,0.295937,0.676342,0.133956,5.18203,0.304059,,0.140703,25.1511,-3.35265,83.4317,0.140703,0,-4.596383571624756,0.17592589557170868,0.368885,724.3300170898438,,,,,,,230.3,4.040350877,230.3,4.040350877,,,,,,,,,,,,,,,,,,,"Dane Myers","22054",667472
"Andy Ibáñez",,45,196,180.058,43.1113,29.3416,8.4356,0.612692,4.72143,20.9023,20.6739,12.1177,0.0668262,37.7279,1.99464,1.37109,0.458775,3.28282,2.5059,0.849527,0.23943,0.0618249,0.192489,0.321186,0.292642,0.371751,0.290656,0.664393,0.13232,4.2325,0.276227,,-0.133143,19.5945,-3.56443,84.3739,-0.133143,0,-3.753013402223587,0.6944444179534912,0.365759,999,,,,,,,181.6,4.035555555,181.6,4.035555555,,,,,,,,,,,,,,,,,,,"Andy Ibanez","18819",628451
"Nathan Lukes","TOR",75,317.126,286.114,72.4394,53.6983,12.2812,1.40023,5.05967,35.177,28.8529,23.6874,1.06741,49.7941,2.25555,2.06314,3.00577,7.34898,3.10551,0.901518,0.253184,0.0746941,0.157017,0.475708,0.3132,0.358948,0.295658,0.672148,0.105764,4.29815,0.288783,,-0.266804,32.9916,-4.47929,88.8153,-0.266804,0,-4.447298228740692,-2.969001531600952,0.357957,501.6099853515625,,,,,,,285.6,3.808,285.6,3.808,,,,,,,,,,,,,,,,,,,"Nathan Lukes","18123",664770
"Hyeseong Kim","LAD",78,337.217,313.003,76.6733,56.9822,13.5161,2.54224,3.63276,39.5453,27.8264,19.6447,0.652107,72.7178,1.56053,2.29113,0.717529,5.81815,11.9843,2.58098,0.24496,0.0582553,0.215641,0.270149,0.290873,0.339205,0.276591,0.630078,0.0942448,6.54856,0.305681,,0.828044,29.8613,-9.98351,75.5678,0.828044,0,-8.93680202960968,1.2037036418914795,0.356681,459.94000244140625,,,,,,,293.9,3.767948717,293.9,3.767948717,,,,,,,,,,,,,,,,,,,"Hyeseong Kim","35322",808975
"Enrique Hernández",,81,350,318.814,72.2144,45.7814,14.8602,0.587421,10.9852,35.9306,40.7797,24.7112,0.0993055,79.9406,2.42029,2.83681,0.881377,5.482,0.882158,0.323627,0.22651,0.0706033,0.228402,0.309119,0.284836,0.380176,0.289893,0.665012,0.153666,2.64452,0.265377,,-0.436791,34.7733,-6.58191,83.8496,-0.436791,0,-7.117697566747665,-1.399999976158142,0.340477,741.9400024414062,,,,,,,319.7,3.94691358,319.7,3.94691358,,,,,,,,,,,,,,,,,,,"Enrique Hernandez","10472",571771
"Alex Call","LAD",62,266.963,232.304,54.427,38.0648,10.3632,0.824696,5.17435,31.5983,23.8898,26.6671,0.256277,49.2543,3.53559,2.09648,2.3602,4.90829,4.57817,1.55718,0.234292,0.0998904,0.184499,0.541416,0.319836,0.352825,0.299712,0.672661,0.118533,4.59607,0.273669,,-0.171044,28.6517,-2.89211,91.4066,-0.171044,0,-2.890042930841446,-2.668940782546997,0.33998,748,,,,,,,249,4.016129032,249,4.016129032,,,,,,,,,,,,,,,,,,,"Alex Call","19296",669743
"Isiah Kiner-Falefa",,79,343,318.426,79.935,62.5505,12.936,1.14198,3.3066,36.3826,27.6201,15.0567,0.187422,58.8188,4.35529,2.03001,2.51065,8.03342,10.0367,3.27391,0.251031,0.0438971,0.171483,0.255985,0.29231,0.329981,0.274857,0.622292,0.0789499,5.25284,0.296629,,0.126767,29.8905,-10.6376,73.5207,0.126767,0,-10.607834249734879,2.3138699531555176,0.339129,594.219970703125,,,,,,,269.2,3.407594936,269.2,3.407594936,,,,,,,,,,,,,,,,,,,"Isiah Kiner-Falefa","16512",643396
"Jake Bauers","MIL",83,353.314,307.917,63.8861,37.8325,12.365,1.08496,12.6037,41.3502,43.2184,40.1079,0.856776,106.508,2.98019,1.89287,0.4159,3.98833,8.35901,2.51221,0.207478,0.113519,0.301454,0.376572,0.303131,0.377478,0.299839,0.680609,0.17,4.80146,0.268919,,0.114452,37.9556,-3.79114,91.7391,0.114452,0,-3.344804272055626,-5.098341941833496,0.338828,500.44000244140625,,,,,,,348.9,4.203614457,348.9,4.203614457,,,,,,,,,,,,,,,,,,,"Jake Bauers","15194",641343
"Starling Marte",,73,315,285.898,73.9472,53.107,12.504,1.04713,7.28899,38.4168,31.0766,19.2451,0.250104,66.8727,5.87093,1.83812,2.1481,6.94503,9.38617,3.12774,0.258649,0.0610954,0.212294,0.287786,0.316646,0.386195,0.308383,0.702841,0.127546,5.26043,0.312108,,0.08162,36.0247,-1.19499,96.5509,0.08162,0,-1.20247470587492,-6.183470249176025,0.335075,744.8900146484375,,,,,,,321.3,4.401369863,321.3,4.401369863,,,,,,,,,,,,,,,,,,,"Starling Marte","9241",516782
"Thomas Saggese","STL",52,219.742,203.331,49.3829,34.185,10.0629,1.13558,3.99938,22.418,21.8384,11.8137,0.356924,56.8832,2.33127,1.67838,0.586941,3.23541,2.21443,0.720819,0.242869,0.0537619,0.258864,0.207684,0.289877,0.362536,0.284814,0.652413,0.119668,4.30234,0.314885,,-0.169004,20.9257,-5.03851,82.8397,-0.169004,0,-4.638211607933044,0.6018518209457397,0.335022,538.219970703125,,,,,,,186.7,3.590384615,186.7,3.590384615,,,,,,,,,,,,,,,,,,,"Thomas Saggese","27883",695336
"Jake McCarthy","ARI",52,221.358,200.454,50.6903,37.0995,8.40989,2.42887,2.752,27.2934,18.4276,13.7446,0.375364,40.7801,3.37053,1.35955,2.42937,4.13072,10.8064,1.85435,0.252877,0.0620921,0.184226,0.337043,0.309714,0.360251,0.294664,0.669965,0.107374,7.30152,0.302867,,1.04647,22.8499,-3.3053,86.4552,1.04647,0,-2.5070985555648804,-1.604938268661499,0.332783,641,,,,,,,214.7,4.128846153,214.7,4.128846153,,,,,,,,,,,,,,,,,,,"Jake McCarthy","21622",664983
"Tyrone Taylor","NYM",97,414.267,381.454,86.5143,56.0956,18.141,2.87854,9.39916,46.3163,37.9283,21.2057,0.620505,95.496,7.04633,2.76514,1.79567,4.79392,11.2058,2.98941,0.226802,0.0511886,0.230518,0.222059,0.278241,0.363373,0.279822,0.641614,0.136571,5.99097,0.276078,,0.464212,37.7709,-11.1778,80.5732,0.464212,0,-9.074208676815033,-1.4969135522842407,0.32859,731.3900146484375,,,,,,,356.6,3.676288659,356.6,3.676288659,,,,,,,,,,,,,,,,,,,"Tyrone Taylor","13675",621438
"Jonny DeLuca","TBR",63,268.264,245.922,57.8328,38.2223,11.7568,1.75349,6.1002,30.6204,26.4167,16.7998,0.753624,54.1448,2.83843,1.73018,0.973681,3.46543,9.18293,2.29514,0.235167,0.0626241,0.201834,0.310275,0.289838,0.371651,0.288136,0.66149,0.136484,6.09466,0.276044,,0.519685,26.27,-5.42744,82.1479,0.519685,0,-5.1248109340667725,-0.9223647117614746,0.325972,607.6099853515625,,,,,,,252.9,4.014285714,252.9,4.014285714,,,,,,,,,,,,,,,,,,,"Jonny DeLuca","26365",676356
"Chris Taylor",,63,273,242.747,52.4398,34.0504,10.3947,1.13687,6.85779,30.8637,26.2085,23.185,0.161638,86.6767,3.81386,1.58803,0.677601,3.32504,6.42195,1.98029,0.216027,0.0849266,0.317497,0.267488,0.292771,0.352967,0.285826,0.645738,0.13694,5.28533,0.302267,,0.0714657,26.2218,-6.03525,81.0561,0.0714657,0,-6.041004464030266,-0.024928806349635124,0.324695,999,,,,,,,235.5,3.738095238,235.5,3.738095238,,,,,,,,,,,,,,,,,,,"Chris Taylor","13757",621035
"Sam Haggerty","TEX",58,245.385,219.549,53.5687,38.4475,10.7026,1.31552,3.10307,30.9549,17.9898,20.1898,0.512116,51.7468,2.90447,1.41389,1.32778,3.98262,14.113,3.32727,0.243994,0.082278,0.21088,0.390165,0.314119,0.347128,0.293319,0.661246,0.103133,6.56418,0.303803,,1.05713,25.0622,-3.93198,88.0058,1.05713,0,-2.411776304244995,-2.8840878009796143,0.322273,999,,,,,,,235.4,4.058620689,235.4,4.058620689,,,,,,,,,,,,,,,,,,,"Sam Haggerty","18054",664059
"Angel Martínez","CLE",57,240.944,219.356,50.438,34.3731,9.89934,0.93633,5.22921,24.784,22.6928,15.0811,0.304883,49.6307,2.48817,1.91506,2.10343,3.90191,4.0218,1.21398,0.229936,0.0625915,0.205984,0.303866,0.284739,0.355119,0.280363,0.639858,0.125183,4.56181,0.271669,,-0.0336795,22.074,-6.39544,78.8596,-0.0336795,0,-6.037137508392334,0.8796296119689941,0.32079,580.6699829101562,,,,,,,198.5,3.48245614,198.5,3.48245614,,,,,,,,,,,,,,,,,,,"Angel Martinez","26540",682657
"Gavin Lux","CIN",109,461.792,410.513,103.437,73.2696,20.4575,2.40314,7.30659,50.331,44.2074,45.5669,0.45475,97.2789,2.06848,3.17491,0.468665,9.77349,3.84166,1.16887,0.25197,0.0986741,0.210655,0.468415,0.327476,0.366908,0.307349,0.694384,0.114938,3.96364,0.310998,,-0.505512,52.4249,-2.13941,91.249,-0.505512,0,-5.295121431350708,-6.954348564147949,0.318648,584.780029296875,,,,,,,449.8,4.126605504,449.8,4.126605504,,,,,,,,,,,,,,,,,,,"Gavin Lux","19955",666158
"Santiago Espinal","CIN",45,196,179.001,44.6856,33.6068,7.57135,0.66917,2.83831,20.176,17.5114,12.4244,0.15777,26.6485,1.22655,1.45256,1.89567,3.91088,2.66482,0.925623,0.249639,0.0633899,0.135962,0.466234,0.300542,0.346983,0.285361,0.647525,0.0973438,4.21994,0.277196,,-0.157034,18.7518,-4.40708,80.7363,-0.157034,0,-4.619557619094849,1.091269850730896,0.317701,999,,,,,,,172,3.822222222,172,3.822222222,,,,,,,,,,,,,,,,,,,"Santiago Espinal","19997",669289
"Luis Arraez",,141,609,561.21,165.468,136.132,24.7758,3.96098,0.599609,64.2363,54.3944,33.8185,3.17981,22.7673,3.78775,5.36132,4.8222,14.4256,8.42945,3.02894,0.294842,0.0555312,0.0373848,1.4854,0.336117,0.35631,0.303763,0.692427,0.0614682,4.39474,0.303511,,-0.680486,67.3633,-4.59471,93.3772,-0.680486,0,-5.44745808839798,-12.13016128540039,0.310372,286.2200012207031,,,,,,,588.5,4.173758865,588.5,4.173758865,,,,,,,,,,,,,,,,,,,"Luis Arraez","18568",650333
"Leo Rivas","SEA",42,179.084,155.025,33.2143,24.672,6.26102,0.502471,1.77882,18.7455,11.6315,19.7636,0.309812,43.6247,1.3062,1.11294,1.87613,2.86992,6.49356,1.67815,0.214251,0.11036,0.243599,0.453037,0.306331,0.295544,0.273745,0.601875,0.0812928,5.32823,0.283882,,0.311555,15.4445,-5.71564,79.648,0.311555,0,-3.984162539243698,0.8475782871246338,0.30972,747.9400024414062,,,,,,,140.5,3.345238095,140.5,3.345238095,,,,,,,,,,,,,,,,,,,"Leo Rivas","21009",660844
"C.J. Kayfus","CLE",99,419.931,375.875,86.31,55.6369,17.9592,1.70152,11.0123,46.2424,43.627,34.8165,0.709692,115.42,5.33302,2.77242,1.1338,6.61857,5.28831,1.50628,0.229624,0.08291,0.274855,0.30165,0.301959,0.37435,0.296939,0.676309,0.144726,4.51241,0.298545,,-0.186852,44.1236,-5.49454,90.2788,-0.186852,0,-4.99823160469532,-6.436703205108643,0.308821,457.55999755859375,,,,,,,396.5,4.005050505,396.5,4.005050505,,,,,,,,,,,,,,,,,,,"C.J. Kayfus","33704",692216
"Alex Jackson","MIN",42,163.818,148.969,29.6519,17.5317,6.5578,0.153021,5.40931,16.0129,18.4244,10.6591,0.241672,51.2482,2.75986,0.973562,0.45663,2.43251,0.561541,0.193454,0.199048,0.0650667,0.312837,0.207989,0.263654,0.354058,0.2706,0.617712,0.155011,2.69744,0.259877,,-0.169645,13.7097,-5.64666,70.1924,-0.169645,0,-5.92484949529171,3.2407407760620117,0.302255,750.6699829101562,,,,,,,130.2,3.1,130.2,3.1,,,,,,,,,,,,,,,,,,,"Alex Jackson","17276",656577
"Jimmy Crooks","STL",21,81.4221,73.723,17.612,12.1086,3.55927,0.260571,1.68361,8.42035,8.20424,5.77986,0.208185,20.1649,1.09794,0.510362,0.31095,1.62083,0.327005,0.0754426,0.238895,0.0709863,0.247659,0.286629,0.301929,0.362753,0.292071,0.664683,0.123859,3.31443,0.304065,,-0.0894617,8.23347,-1.38719,87.8112,-0.0894617,-0.11,-1.2657031938433647,1.5103703886270523,0.30219,554.6699829101562,,,,,,,78.2,3.723809523,78.2,3.723809523,,,,,,,,,,,,,,,,,,,"Jimmy Crooks","31354",699625
"Austin Slater",,45,196,173.423,40.9232,28.3517,7.06185,0.754865,4.75473,22.7021,19.1352,18.4219,0.00000196,57.4533,2.56781,1.08258,0.504364,3.99378,2.52258,0.777631,0.235973,0.0939892,0.293129,0.320641,0.316697,0.367649,0.303512,0.684346,0.131677,4.51309,0.322076,,-0.139672,21.6402,-1.51869,93.2048,-0.139672,0,-1.7138014882802963,-2.0833332538604736,0.290194,999,,,,,,,195.5,4.344444444,195.5,4.344444444,,,,,,,,,,,,,,,,,,,"Austin Slater","16153",596103
"Luis Urías",,39,168,148.094,32.71,22.5502,5.92531,0.25219,3.98227,17.2943,16.7903,14.746,0.073967,31.5179,3.58033,1.21866,0.202514,3.17302,1.04857,0.443007,0.220873,0.087774,0.187607,0.467862,0.304442,0.34496,0.289805,0.649402,0.124087,2.98883,0.252413,,-0.24107,16.6791,-3.17136,83.789,-0.24107,0,-3.4599473774433136,0.6018518209457397,0.289314,999,,,,,,,150.7,3.864102564,150.7,3.864102564,,,,,,,,,,,,,,,,,,,"Luis Urias","16622",649966
"Jahmai Jones","DET",36,150.329,132.284,32.2369,19.9518,7.04113,0.362806,4.88117,18.9394,16.3696,13.9089,0.127178,35.1524,2.26701,0.940229,0.9288,2.43878,3.16013,0.9167,0.243696,0.0925235,0.233837,0.395675,0.324049,0.413106,0.32228,0.737155,0.169411,4.848,0.293547,,0.0189564,18.8885,1.12598,106.3,0.0189564,0,1.1351821087300777,-3.4848484992980957,0.288971,743.4400024414062,,,,,,,165.4,4.594444444,165.4,4.594444444,,,,,,,,,,,,,,,,,,,"Jahmai Jones","18872",663330
"Jorge Mateo",,58,252,232.323,50.6242,32.6378,11.2416,1.27196,5.4729,33.9781,18.7193,13.0321,0.263965,70.4994,2.00362,1.52554,2.58384,1.84634,22.2027,4.42119,0.217905,0.0517148,0.279759,0.184855,0.263817,0.347914,0.266733,0.611731,0.13001,8.15513,0.285992,,2.31701,20.2983,-9.47741,67.9404,2.31701,0,-7.231680870056152,1.491769552230835,0.285335,745.4400024414062,,,,,,,213.8,3.686206896,213.8,3.686206896,,,,,,,,,,,,,,,,,,,"Jorge Mateo","17273",622761
"José Tena","WSN",55,230.019,212.129,51.4803,36.9441,9.99027,0.827413,3.7185,22.9889,21.8873,13.9666,0.340122,57.8607,1.50585,1.39154,1.02631,4.6263,4.74764,1.51968,0.242684,0.0607195,0.251547,0.241384,0.292379,0.350169,0.282105,0.642548,0.107485,4.62371,0.314344,,-0.0165993,21.3984,-5.78013,78.8559,-0.0165993,0,-5.780904445797205,0.898692786693573,0.283465,999,,,,,,,197.8,3.596363636,197.8,3.596363636,,,,,,,,,,,,,,,,,,,"Jose Tena","23691",677588
"Leo Jiménez","TOR",18,75.8345,67.1934,16.254,11.3061,2.96837,0.194453,1.78514,8.7212,7.70517,5.58995,0.0740266,16.1089,2.37275,0.515604,0.162712,1.6047,0.63337,0.205741,0.241899,0.0737126,0.212422,0.34701,0.320024,0.371565,0.306436,0.691588,0.129666,4.01893,0.290453,,-0.0842979,8.55288,-0.407543,96.2397,-0.0842979,0,-0.4203899949789047,0.5303030014038086,0.278291,999,,,,,,,76,4.222222222,76,4.222222222,,,,,,,,,,,,,,,,,,,"Leo Jimenez","23782",677870
"Kristian Campbell","BOS",34,143.441,127.418,31.8891,22.7823,5.34292,0.464566,3.29933,16.5648,14.6956,13.1553,0.330806,35.1568,1.8152,0.844802,0.208033,3.0987,2.18128,0.783029,0.250272,0.0917118,0.245096,0.374188,0.327156,0.377177,0.310907,0.704333,0.126905,4.26166,0.318348,,-0.131455,16.6985,-0.250188,94.5198,-0.131455,0,-1.0579510778188705,-1.174309253692627,0.276731,425.1099853515625,,,,,,,140.9,4.144117647,140.9,4.144117647,,,,,,,,,,,,,,,,,,,"Kristian Campbell","33644",692225
"Mark Canha",,44,189,165.302,38.9995,27.1065,7.55505,0.600397,3.73759,21.1548,17.8864,16.2638,0.187494,36.6202,5.75728,1.3863,0.290228,4.24704,2.2115,0.697075,0.235928,0.0860517,0.193758,0.44412,0.323357,0.356729,0.303511,0.680086,0.1208,4.24896,0.279124,,-0.16625,20.8672,-1.4646,93.2042,-0.16625,0,-1.684308260679245,-2.0370371341705322,0.273709,999,,,,,,,186.9,4.247727272,186.9,4.247727272,,,,,,,,,,,,,,,,,,,"Mark Canha","11445",592192
"Otto Kemp","PHI",45,193.445,174.892,41.7287,26.548,8.68223,0.855274,5.64312,22.5384,22.1721,12.7185,0.701506,53.4288,4.23502,1.37766,0.221267,2.97873,3.48506,1.02289,0.238597,0.0657475,0.276197,0.238046,0.303701,0.394819,0.303947,0.698521,0.156223,5.03954,0.307903,,-0.00443109,21.4265,-1.43043,92.1885,-0.00443109,0,-1.7953990274108946,-1.9841269254684448,0.271785,606.1099853515625,,,,,,,202.3,4.495555555,202.3,4.495555555,,,,,,,,,,,,,,,,,,,"Otto Kemp","31792",805249
"César Salazar","HOU",42,165.567,147.755,30.4447,21.8208,6.30795,0.134751,2.18117,14.6155,13.8817,11.6789,0.327242,31.661,3.85909,1.59335,0.679915,2.99044,0.752151,0.286549,0.206048,0.0705387,0.191228,0.368872,0.278874,0.29485,0.257938,0.573724,0.0888019,2.85917,0.244692,,-0.211387,12.1539,-7.40905,62.8031,-0.211387,1.16,-7.469971254467964,4.400740742683411,0.269011,999,,,,,,,106.1,2.526190476,106.1,2.526190476,,,,,,,,,,,,,,,,,,,"Cesar Salazar","21587",663967
"Alex Freeland","LAD",44,189.684,169.296,36.5709,24.343,6.9026,0.598165,4.72719,22.1026,18.3783,16.6671,0.304161,53.6663,2.20021,1.11641,0.404944,2.9285,3.77021,1.17737,0.216018,0.0878676,0.282924,0.31057,0.292891,0.347625,0.28366,0.640516,0.131607,4.89896,0.284271,,-0.0113658,17.8857,-4.52697,80.4107,-0.0113658,0,-4.4153317073360085,0.7293094992637634,0.268553,653.8300170898438,,,,,,,173,3.931818181,173,3.931818181,,,,,,,,,,,,,,,,,,,"Alex Freeland","31665",690976
"Will Wagner","SDP",50,227.877,204.474,49.7503,36.5703,10.0122,0.585165,2.58264,23.2209,19.9456,19.3264,0.33124,42.6671,2.01619,1.32078,0.739181,5.29738,1.25072,0.392206,0.243308,0.0848108,0.187237,0.452959,0.312995,0.335889,0.289165,0.648884,0.0925811,3.20538,0.293796,,-0.290606,22.5055,-4.41993,87.4114,-0.290606,0,-3.6905504763126373,-1.2694145441055298,0.268218,748.780029296875,,,,,,,203.8,4.076,203.8,4.076,,,,,,,,,,,,,,,,,,,"Will Wagner","29634",695238
"Kyle Farmer",,52,224,203.42,47.6388,32.3157,9.04656,0.459658,5.81683,23.6301,24.2734,13.3783,0.0802906,49.7169,4.58251,1.57338,0.320911,4.18754,2.03635,0.842967,0.234189,0.0597246,0.221951,0.269089,0.294229,0.368967,0.291313,0.663196,0.134777,3.66166,0.279821,,-0.269318,22.5131,-3.95422,84.8249,-0.269318,0,-4.286896586418152,-0.7021605372428894,0.265201,999,,,,,,,203.3,3.909615384,203.3,3.909615384,,,,,,,,,,,,,,,,,,,"Kyle Farmer","14813",571657
"Austin Wynns","ATH",42,162.798,148.93,32.9935,22.8019,5.75207,0,4.43954,15.8312,16.5088,9.67877,0.130751,45.1886,1.46958,0.945685,1.4067,3.06517,0.508147,0.224813,0.221537,0.0594528,0.277575,0.214186,0.274132,0.349588,0.273663,0.623719,0.128051,2.28513,0.284834,,-0.213701,14.0291,-5.20675,70.2403,-0.213701,-0.37,-5.923872798681259,2.87074077129364,0.260907,739.5599975585938,,,,,,,125.7,2.992857142,125.7,2.992857142,,,,,,,,,,,,,,,,,,,"Austin Wynns","15271",642851
"Zach Cole","HOU",87,377.013,339.227,69.0744,41.197,14.0383,1.87817,11.9609,44.1339,39.195,29.6612,1.42501,141.524,5.43596,2.22947,0.459122,4.15259,8.71957,1.99251,0.203623,0.0786741,0.375382,0.209584,0.276644,0.361856,0.279167,0.6385,0.158234,5.83992,0.30384,,0.433686,34.1738,-10.3732,77.4267,0.433686,0,-9.596849471330643,-0.8453360795974731,0.259259,454.1099853515625,,,,,,,328.7,3.778160919,328.7,3.778160919,,,,,,,,,,,,,,,,,,,"Zach Cole","31583",805904
"Moisés Ballesteros","CHC",78,329.45,298.051,75.8298,52.8065,14.4071,0.938961,7.67726,34.9087,37.5451,26.1477,1.56689,61.6616,2.06925,2.6581,0.524154,6.71469,1.08581,0.371846,0.254419,0.0793677,0.187165,0.424052,0.316323,0.386332,0.306253,0.702655,0.131913,2.99286,0.294561,,-0.459662,37.1076,-1.8195,97.1704,-0.459662,-0.11,-1.5645248889923096,-6.880833491683006,0.25737,375.8900146484375,,,,,,,335,4.294871794,335,4.294871794,,,,,,,,,,,,,,,,,,,"Moises Ballesteros","28820",694208
"Luke Maile",,40,160,141.294,29.1424,20.3329,5.36683,0.116481,3.32624,15.5124,14.2248,13.1441,0.0941152,47.5564,2.42749,0.918288,1.20071,2.78948,1.67904,0.664135,0.206254,0.0821509,0.297228,0.276391,0.283388,0.31651,0.268879,0.599898,0.110256,3.4691,0.28267,,-0.172576,13.1665,-5.73871,69.4141,-0.172576,-0.03,-5.956545099616051,3.0564198214560747,0.257312,999,,,,,,,110.1,2.7525,110.1,2.7525,,,,,,,,,,,,,,,,,,,"Luke Maile","13355",571912
"Walker Jenkins","MIN",23,96.7118,87.54,22.2187,15.0538,4.67957,0.510404,1.97489,11.2663,9.7555,7.57152,0.266799,15.4532,0.686916,0.733791,0.179539,1.6814,2.00261,0.371651,0.253811,0.0782895,0.159787,0.489963,0.315719,0.386609,0.306669,0.702328,0.132797,5.16876,0.285745,,0.0961858,10.9258,-0.501434,95.0387,0.0961858,0,-0.4693310484290123,-0.354938268661499,0.256231,999,,,,,,,105,4.565217391,105,4.565217391,,,,,,,,,,,,,,,,,,,"Walker Jenkins","sa3022894",805805
"Brooks Baldwin","CHW",73,317.699,290.942,67.3342,43.3417,12.15,1.97023,9.87222,35.4954,32.9727,20.2344,0.763844,79.1161,1.69392,2.15243,2.67616,4.23415,5.57255,1.40303,0.231435,0.0636903,0.249028,0.255755,0.283352,0.388535,0.290774,0.671888,0.1571,5.22106,0.28153,,0.114095,31.7914,-5.74722,84.5899,0.114095,0,-5.656139470636845,-2.778806686401367,0.255754,414.2799987792969,,,,,,,299,4.09589041,299,4.09589041,,,,,,,,,,,,,,,,,,,"Brooks Baldwin","31394",681460
"Alex Verdugo",,50,217,196.479,49.3532,34.4306,10.1851,0.496966,4.24052,22.8247,22.7885,16.9009,0.427531,32.6824,1.38162,1.71241,0.525778,4.89612,1.07508,0.378071,0.251188,0.0778842,0.15061,0.517124,0.312442,0.372832,0.300624,0.685275,0.121644,3.05928,0.279736,,-0.284983,23.4501,-2.19014,91.2213,-0.284983,0,-2.536502033472061,-2.314814805984497,0.255055,999,,,,,,,200.9,4.018,200.9,4.018,,,,,,,,,,,,,,,,,,,"Alex Verdugo","17027",657077
"Garrett Mitchell","MIL",57,242.47,215.793,47.0839,31.7507,8.42554,1.63088,5.27678,28.0418,21.7373,21.8351,0.457112,76.2714,2.32522,1.05917,1.45741,3.73471,8.72199,1.72106,0.21819,0.0900525,0.31456,0.286281,0.295603,0.345708,0.284184,0.641311,0.127518,6.4299,0.308986,,0.673505,22.9662,-5.68355,81.0153,0.673505,0,-4.782284080982208,-0.829365074634552,0.251218,523,,,,,,,212.3,3.724561403,212.3,3.724561403,,,,,,,,,,,,,,,,,,,"Garrett Mitchell","27555",669003
"Denzel Clarke","ATH",92,391.303,360.108,79.1907,51.4206,16.4961,2.3237,8.95027,45.4812,33.9404,23.1673,0.0676837,138.261,4.92296,1.83352,1.27072,5.57323,11.5885,2.74769,0.219908,0.0592056,0.353334,0.167563,0.275057,0.353185,0.275593,0.628242,0.133277,6.46815,0.327109,,0.668014,34.3338,-11.9016,71.5703,0.668014,0,-12.443652749061584,1.419753074645996,0.250063,380.2200012207031,,,,,,,323.2,3.513043478,323.2,3.513043478,,,,,,,,,,,,,,,,,,,"Denzel Clarke","29858",672016
"Jon Berti",,55,238,216.975,52.3327,40.4908,8.67887,1.21704,1.94591,27.2877,16.608,16.149,0.287618,52.901,2.0259,1.22751,1.41804,4.75652,11.431,2.95616,0.241192,0.0678532,0.222273,0.305269,0.298283,0.319314,0.274975,0.617597,0.0781225,6.23207,0.308447,,0.690201,20.7631,-7.35843,73.6016,0.690201,0,-6.735550343990326,1.0984022617340088,0.247371,999,,,,,,,191.3,3.478181818,191.3,3.478181818,,,,,,,,,,,,,,,,,,,"Jon Berti","12037",542932
"Blake Perkins","MIL",58,249.398,223.123,48.636,33.8597,8.86094,1.81668,4.09869,27.1177,21.5122,22.1333,0.38844,66.7181,1.63351,1.60364,0.904469,3.51769,8.41016,1.87207,0.217978,0.0887468,0.267516,0.331744,0.291367,0.329084,0.275756,0.620451,0.111106,6.22362,0.289372,,0.537521,21.9157,-7.55257,75.2416,0.537521,0,-6.780777275562286,0.8950616717338562,0.246759,709.3300170898438,,,,,,,208.1,3.587931034,208.1,3.587931034,,,,,,,,,,,,,,,,,,,"Blake Perkins","19921",663368
"Jett Williams","NYM",23,96.6622,85.7601,19.0319,12.6039,3.77625,0.473185,2.17852,10.9402,8.80821,8.7041,0.140604,23.4453,1.36244,0.689641,0.145946,1.24434,2.86114,0.390019,0.22192,0.0900466,0.242549,0.371251,0.301487,0.353196,0.289941,0.654683,0.131275,5.73153,0.277076,,0.263774,9.60738,-1.814,87.5051,0.263774,0,-1.1676953732967377,0.354938268661499,0.245879,999,,,,,,,86.5,3.760869565,86.5,3.760869565,,,,,,,,,,,,,,,,,,,"Jett Williams","sa3020134",702518
"Christopher Morel","MIA",73,308.868,275.825,61.3654,35.3849,12.9341,0.792649,12.2538,37.0317,38.4856,27.4034,0.560565,92.9368,3.22849,2.01232,0.398381,4.54554,6.4608,2.10039,0.222479,0.0887221,0.300895,0.294861,0.298238,0.408397,0.307011,0.706635,0.185918,4.75804,0.284462,,-0.000106038,34.9795,-1.51565,94.5566,-0.000106038,0,-1.9927793159658904,-5.883059024810791,0.245578,503.6700134277344,,,,,,,317.6,4.350684931,317.6,4.350684931,,,,,,,,,,,,,,,,,,,"Christopher Morel","21897",666624
"Nick Yorke","PIT",34,154.677,141.494,36.0328,25.7759,6.84187,0.561571,2.85338,17.1644,15.7826,10.5994,0.748469,32.824,1.32809,1.03464,0.220599,2.83008,3.36967,1.12,0.254659,0.068526,0.21221,0.322917,0.31051,0.371449,0.297868,0.681959,0.11679,4.71395,0.310518,,-0.0286901,16.369,-1.9073,87.7505,-0.0286901,0,-2.274328228086233,-0.4747207462787628,0.245253,641.780029296875,,,,,,,153.7,4.520588235,153.7,4.520588235,,,,,,,,,,,,,,,,,,,"Nick Yorke","27504",694377
"Jacob Stallings",,39,154,136.761,27.36,19.5448,5.20752,0.00112069,2.60656,13.1898,13.4144,12.0001,0.0951058,42.9539,2.015,0.938566,1.11692,3.07281,0.314386,0.179668,0.200057,0.0779225,0.278921,0.279371,0.272716,0.295328,0.255678,0.568044,0.0952714,1.98857,0.268652,,-0.231623,11.0222,-7.1741,60.3457,-0.231623,1.6,-7.44928003847599,4.609259247779846,0.242686,999,,,,,,,98.9,2.535897435,98.9,2.535897435,,,,,,,,,,,,,,,,,,,"Jacob Stallings","13723",607732
"Sebastian Walcott","TEX",23,95.4275,87.8355,20.2616,13.1362,4.29057,0.597749,2.23707,10.9184,9.14961,6.3178,0.312454,24.4496,0.609472,0.503732,0.160988,1.36111,2.50678,0.445413,0.230676,0.0662052,0.256211,0.258401,0.285397,0.369541,0.284986,0.654938,0.138865,5.91504,0.292356,,0.188563,9.10079,-2.17471,82.2656,0.188563,0,-1.8060653656721115,0.8619929552078247,0.239451,999,,,,,,,86.8,3.773913043,86.8,3.773913043,,,,,,,,,,,,,,,,,,,"Sebastian Walcott","sa3021069",806964
"Spencer Steer","CIN",131,558.286,494.199,114.491,72.2335,23.3024,1.99658,16.9583,64.0033,62.1759,52.3015,0.425497,119.043,6.99028,3.98592,0.809433,7.89119,9.70228,3.27189,0.231669,0.0936823,0.213229,0.439351,0.311731,0.389846,0.307956,0.701576,0.158176,4.44571,0.26929,,-0.264915,63.6544,-2.31141,91.6646,-0.264915,0,-5.7802930772304535,-10.457437515258789,0.239061,248.38999938964844,,,,,,,569.9,4.350381679,569.9,4.350381679,,,,,,,,,,,,,,,,,,,"Spencer Steer","26323",668715
"Travis Bazzana","CLE",53,227.176,204.158,42.9901,28.0851,8.63151,0.553625,5.71979,23.1121,22.2579,18.4302,0.540254,64.7739,2.62214,1.35857,0.606811,3.45862,3.62749,0.700262,0.210572,0.0811273,0.285127,0.28453,0.282662,0.342324,0.275999,0.624985,0.131751,4.57898,0.276029,,0.117907,20.0078,-6.83478,75.8539,0.117907,0,-6.347299598157406,0.8179011940956116,0.234257,999,,,,,,,192.8,3.637735849,192.8,3.637735849,,,,,,,,,,,,,,,,,,,"Travis Bazzana","sa3025129",683953
"LaMonte Wade Jr.",,58,252,214.937,47.605,31.2221,9.03302,0.544985,6.8049,27.0394,25.8366,30.7451,1.76233,55.8318,2.83845,1.72012,1.75905,4.04911,1.2566,0.497899,0.221483,0.122004,0.221555,0.550673,0.324441,0.36356,0.304567,0.688001,0.142077,2.92395,0.2649,,-0.36877,28.0391,-1.73661,93.93,-0.36877,0,-2.1766571402549744,-4.077503204345703,0.232721,999,,,,,,,255.3,4.401724137,255.3,4.401724137,,,,,,,,,,,,,,,,,,,"LaMonte Wade Jr.","18126",664774
"Jorge Alfaro",,23,90,83.7731,19.5397,13.6851,3.63974,0.210209,2.00465,9.15815,9.15022,3.76792,9e-7,27.1756,1.50563,0.50714,0.118708,1.78494,1.0785,0.332433,0.233246,0.0418658,0.301951,0.138651,0.277077,0.3535,0.27629,0.630577,0.120255,4.09472,0.318241,,-0.0455954,7.94769,-2.6865,74.505,-0.0455954,0.21,-2.757555264979601,1.9846913367509842,0.232569,999,,,,,,,78.3,3.404347826,78.3,3.404347826,,,,,,,,,,,,,,,,,,,"Jorge Alfaro","12180",595751
"Carson Benge","NYM",109,462.598,416.825,89.7977,59.8016,18.7708,0.798762,10.4266,46.9733,43.0189,37.3925,1.53123,124.48,4.22749,2.58557,1.56732,7.56651,7.79917,1.6208,0.215433,0.0808316,0.269088,0.300391,0.285052,0.339341,0.27558,0.624393,0.123908,4.35545,0.278981,,0.236646,40.5843,-14.0752,77.6671,0.236646,0,-12.007880866527557,-1.129767894744873,0.230519,999,,,,,,,374.4,3.434862385,374.4,3.434862385,,,,,,,,,,,,,,,,,,,"Carson Benge","sa3025452",701807
"Jadher Areinamo","TBR",16,68.7857,64.6306,17.5693,12.438,3.66661,0.158912,1.30576,7.52752,7.8662,3.15228,0.233753,9.11813,0.347197,0.55092,0.104725,1.36818,1.89446,0.307179,0.271842,0.0458275,0.132559,0.345715,0.306763,0.394102,0.303105,0.700865,0.122259,4.94542,0.29701,,0.149426,7.57189,-0.55567,92.4595,0.149426,0,-0.46189790964126587,0.34567901492118835,0.230333,999,,,,,,,69.6,4.35,69.6,4.35,,,,,,,,,,,,,,,,,,,"Jadher Areinamo","sa3015802",699130
"Miguel Rojas","LAD",47,203.735,183.421,44.6889,33.0863,8.06052,0.370589,3.1715,22.1927,19.1264,12.5531,0.333747,28.7703,1.63287,1.24286,1.53233,4.68993,2.81506,1.18911,0.243642,0.0616149,0.141214,0.436322,0.296078,0.343501,0.281914,0.639579,0.0998591,4.1355,0.27185,,-0.233824,18.9218,-5.15111,79.2147,-0.233824,0,-5.252827629446983,0.7253085970878601,0.230285,667.3300170898438,,,,,,,168.3,3.580851063,168.3,3.580851063,,,,,,,,,,,,,,,,,,,"Miguel Rojas","7802",500743
"Dominic Keegan","TBR",16,62.8898,56.9722,13.8077,9.4112,2.7587,0.154537,1.48324,6.31662,7.09371,4.70831,0.202162,14.2109,0.670932,0.443976,0.0943585,1.26525,0.0642375,0.0173905,0.242358,0.074866,0.225966,0.331316,0.305547,0.374308,0.297565,0.679855,0.13195,2.24237,0.295394,,-0.0905813,6.63996,-0.790955,88.6427,-0.0905813,-0.23,-0.9324207454919815,1.004567876458168,0.228843,999,,,,,,,57.5,3.59375,57.5,3.59375,,,,,,,,,,,,,,,,,,,"Dominic Keegan","sa3020194",681371
"Ben Williamson","SEA",81,344.392,317.644,73.2011,55.139,12.9096,2.10648,3.04596,32.9714,27.1054,20.6164,0.170705,82.4701,3.21369,1.75025,1.16803,7.35727,5.30974,1.6563,0.23045,0.0598633,0.239466,0.249987,0.282705,0.313123,0.264739,0.595828,0.0826727,4.96939,0.299965,,-0.136536,27.1826,-13.51,73.4438,-0.136536,0,-10.915876388549805,1.2499998807907104,0.223813,744.1699829101562,,,,,,,244,3.012345679,244,3.012345679,,,,,,,,,,,,,,,,,,,"Ben Williamson","33197",810938
"Leody Taveras","BAL",23,97.5648,89.4873,21.0133,13.9545,3.697,0.495574,2.86627,12.2663,9.55742,6.3406,0.150411,22.8125,0.315566,0.715449,0.70588,1.2502,3.92949,0.931871,0.234819,0.0649886,0.233819,0.277944,0.285668,0.383298,0.290307,0.668966,0.148479,6.20345,0.281245,,0.269209,9.72611,-1.80193,85.97,0.269209,0,-1.3441175520420074,0.15211638808250427,0.221611,737.8900146484375,,,,,,,91.2,3.965217391,91.2,3.965217391,,,,,,,,,,,,,,,,,,,"Leody Taveras","18900",665750
"Brady House","WSN",122,507.395,477.116,112.595,79.5173,20.9851,1.67451,10.4181,47.8823,52.8366,21.7134,0.36056,139.232,4.73621,3.24554,0.583578,9.05807,6.79448,2.43257,0.23599,0.0427938,0.274406,0.155951,0.274352,0.3525,0.273478,0.626851,0.116509,4.1736,0.30896,,-0.334463,43.6485,-16.3041,72.9464,-0.334463,0,-16.603662490844727,1.8827159404754639,0.221017,482.5,,,,,,,410.8,3.367213114,410.8,3.367213114,,,,,,,,,,,,,,,,,,,"Brady House","29993",691781
"Jeremiah Jackson","BAL",62,264.819,245.55,54.7717,36.0126,10.5715,0.882241,7.30535,28.8801,27.5885,15.4485,0.083794,72.0743,1.72793,1.75966,0.332887,4.24634,4.3388,1.39818,0.223057,0.0583362,0.272165,0.214342,0.27203,0.362548,0.276725,0.634578,0.139491,4.66859,0.282656,,-0.0554015,23.4792,-7.81122,76.6138,-0.0554015,0,-7.354706950485706,0.35250160098075867,0.216128,600.5,,,,,,,221.2,3.567741935,221.2,3.567741935,,,,,,,,,,,,,,,,,,,"Jeremiah Jackson","22239",669236
"Ke'Bryan Hayes","CIN",143,606.533,558.432,134.684,100.174,22.8237,1.71576,9.97023,61.8096,57.325,38.8632,0.777077,116.511,4.13005,4.06867,1.03877,12.9258,11.3469,4.6223,0.241182,0.0640743,0.192094,0.333557,0.293441,0.34176,0.279997,0.635201,0.100578,4.4359,0.286028,,-0.56354,55.3869,-16.2796,72.5117,-0.56354,0,-20.323963165283203,2.206789970397949,0.211001,458.7200012207031,,,,,,,506,3.538461538,506,3.538461538,,,,,,,,,,,,,,,,,,,"Ke'Bryan Hayes","18577",663647
"JJ Wetherholt","STL",32,137.339,124.589,29.1895,20.572,5.86083,0.463116,2.29356,13.6884,13.0267,9.91221,0.468978,25.5248,1.46301,0.925075,0.4488,2.75081,1.31992,0.282075,0.234285,0.0721735,0.185853,0.388336,0.296331,0.343987,0.282093,0.640318,0.109702,4.00971,0.275302,,-0.0593394,12.7752,-3.45243,80.9761,-0.0593394,0,-3.155950177460909,0.6419752836227417,0.210284,999,,,,,,,108.5,3.390625,108.5,3.390625,,,,,,,,,,,,,,,,,,,"JJ Wetherholt","sa3025154",802139
"Adael Amador","COL",91,379.932,340.701,82.2616,58.692,15.1868,1.2526,7.1302,43.0425,35.5643,31.195,0.860056,70.1355,3.17407,2.49954,2.36225,7.68215,10.6016,3.37558,0.241448,0.0821069,0.1846,0.444783,0.308898,0.35616,0.293551,0.665059,0.114712,5.03959,0.282518,,0.129281,38.8755,-6.01643,73.024,0.129281,0,-12.017935439944267,1.4043209552764893,0.207368,481.1099853515625,,,,,,,347.7,3.82087912,347.7,3.82087912,,,,,,,,,,,,,,,,,,,"Adael Amador","27962",691182
"Mauricio Dubón","ATL",55,239.41,223.42,56.072,42.139,9.05927,1.56328,3.31042,24.5925,22.7957,11.4382,0.158313,30.4256,1.29866,1.97833,1.27512,4.91992,1.76016,0.63589,0.250971,0.0477763,0.127085,0.375939,0.288948,0.349964,0.279374,0.638913,0.0989932,4.30154,0.275284,,-0.269604,21.7414,-6.54683,76.4946,-0.269604,0,-6.939292699098587,0.9985475540161133,0.207132,528.0599975585938,,,,,,,193.3,3.514545454,193.3,3.514545454,,,,,,,,,,,,,,,,,,,"Mauricio Dubon","16530",643289
"Ezequiel Duran","TEX",70,293.099,273.242,62.4437,43.3842,11.5807,2.00807,5.47079,31.9266,25.3342,14.2932,0.381697,70.7246,3.01509,1.67581,0.872455,4.00518,7.97171,2.21993,0.228529,0.0487658,0.241299,0.202097,0.272912,0.345675,0.270369,0.618586,0.117146,5.91316,0.286696,,0.28709,24.474,-10.1579,72.1964,0.28709,0,-9.317701637744904,1.2309789657592773,0.204754,673.219970703125,,,,,,,228,3.257142857,228,3.257142857,,,,,,,,,,,,,,,,,,,"Ezequiel Duran","23733",677649
"Juan Brito","CLE",19,82.6094,73.8216,17.3145,11.4684,4.01927,0.178763,1.64808,8.61529,8.05927,7.14901,0.221106,14.4802,0.662998,0.644269,0.331495,1.413,1.14137,0.226019,0.234545,0.0865399,0.175285,0.493709,0.305386,0.36081,0.293237,0.666196,0.126264,4.08546,0.268548,,0.00989179,8.4317,-1.32923,87.7282,0.00989179,0,-1.1849480429664254,0.29320985078811646,0.199667,999,,,,,,,77.5,4.078947368,77.5,4.078947368,,,,,,,,,,,,,,,,,,,"Juan Brito","sa3009808",682877
"Triston Casas","BOS",41,170.764,148.407,34.5277,21.5476,6.67839,0.165013,6.13668,18.8584,21.8395,19.6694,1.37964,42.4892,1.29911,1.21876,0.16888,3.00001,0.130158,0.0945348,0.232655,0.115185,0.248819,0.462926,0.32531,0.403929,0.317492,0.729239,0.171275,1.76231,0.281098,,-0.284251,20.7921,0.615085,99.0558,-0.284251,0,-0.4742949455976486,-3.4672839641571045,0.198059,366.44000244140625,,,,,,,187.7,4.57804878,187.7,4.57804878,,,,,,,,,,,,,,,,,,,"Triston Casas","22514",671213
"David Fry","CLE",52,216.358,193.891,43.8187,27.3956,8.691,0.38464,7.34745,23.7025,25.0308,17.0835,0.421794,55.993,3.59677,1.52522,0.261118,3.43479,1.76848,0.659098,0.225996,0.0789595,0.258798,0.305101,0.298473,0.388472,0.300234,0.686945,0.162476,3.49608,0.276138,,-0.230812,23.3121,-2.25223,92.5481,-0.230812,0.03,-2.1310647279024124,-3.38049385137856,0.197988,706,,,,,,,208.3,4.00576923,208.3,4.00576923,,,,,,,,,,,,,,,,,,,"David Fry","24934",681807
"Andrew Knizner","SEA",29,113.157,103.069,20.8773,15.073,3.54942,0.155504,2.09944,9.44361,10.2709,7.1647,0.0894079,24.9973,1.62822,0.683214,0.519469,2.26534,0.451247,0.167179,0.202558,0.0633162,0.220907,0.286619,0.263631,0.301121,0.251979,0.564752,0.098563,2.61303,0.244966,,-0.135178,7.7592,-5.61122,64.6544,-0.135178,0.62,-4.849198967218399,2.8576542139053345,0.194716,747.280029296875,,,,,,,72,2.48275862,72,2.48275862,,,,,,,,,,,,,,,,,,,"Andrew Knizner","19514",668800
"Oswald Peraza","LAA",83,347.708,317.792,68.7755,45.9311,12.461,0.95473,9.4287,38.4713,32.1899,23.0406,0.439243,92.0711,4.52779,1.71225,0.635578,5.80118,12.028,3.0179,0.216417,0.0662641,0.264794,0.250248,0.27759,0.350644,0.276233,0.628234,0.134228,5.59961,0.272227,,0.687389,30.6894,-10.3951,73.6523,0.687389,0,-10.110272347927094,0.02511494606733322,0.192593,700.280029296875,,,,,,,291.9,3.516867469,291.9,3.516867469,,,,,,,,,,,,,,,,,,,"Oswald Peraza","22823",672724
"Ryan Mountcastle","BAL",32,139.378,128.174,33.0741,22.376,5.88243,0.402057,4.41362,16.226,16.5716,8.73635,0.0744754,33.4787,1.06464,1.26105,0.141903,2.60631,0.691317,0.238603,0.25804,0.0626808,0.2402,0.260953,0.30793,0.413511,0.312563,0.721441,0.155471,3.43219,0.313082,,-0.171379,16.413,-0.0556407,101.301,-0.171379,0,0.042409151792526245,-2.9629628658294678,0.192002,477.5,,,,,,,143.7,4.490625,143.7,4.490625,,,,,,,,,,,,,,,,,,,"Ryan Mountcastle","18373",663624
"Chas McCormick","HOU",37,161,143.983,32.3198,22.3917,4.89482,0.58413,4.44911,18.5793,15.3794,12.4491,0.114036,43.1951,2.22676,1.18809,1.15318,2.2696,4.8545,1.5834,0.22447,0.0773236,0.268293,0.288206,0.294004,0.35928,0.288072,0.653285,0.134811,5.50324,0.285775,,0.0785167,15.7577,-3.26566,82.599,0.0785167,0,-3.2326869890093803,-0.422034353017807,0.18357,999,,,,,,,138.9,3.754054054,138.9,3.754054054,,,,,,,,,,,,,,,,,,,"Chas McCormick","19599",676801
"Max Schuemann","ATH",24,102.974,90.9025,21.1494,14.9125,3.94961,0.475979,1.81133,11.9214,8.38604,8.73204,0.100427,23.2359,1.74306,0.717904,0.878921,1.78893,2.77469,0.808081,0.23266,0.0847981,0.225647,0.375799,0.309754,0.34636,0.291933,0.656114,0.1137,5.45429,0.290479,,0.0570775,10.4013,-1.76593,82.826,0.0570775,0,-2.0272847712039948,0.2716049253940582,0.182989,750.780029296875,,,,,,,92.9,3.870833333,92.9,3.870833333,,,,,,,,,,,,,,,,,,,"Max Schuemann","24488",680474
"Esteury Ruiz","MIA",28,116.683,105.648,24.7871,17.6187,4.53709,0.65573,1.97555,15.3248,8.15342,6.6518,0.188037,27.4921,2.40125,0.712054,1.20502,1.30806,10.7856,2.22836,0.234619,0.0570073,0.235613,0.241953,0.293208,0.346076,0.282012,0.639284,0.111457,7.91111,0.296668,,1.06973,10.8461,-2.94091,77.4313,1.06973,0,-2.0513930320739746,-0.07625273615121841,0.179501,669.719970703125,,,,,,,115.3,4.117857142,115.3,4.117857142,,,,,,,,,,,,,,,,,,,"Esteury Ruiz","21780",665923
"Jack Suwinski","PIT",44,198.871,173.734,36.2393,21.4469,7.43952,0.725797,6.62707,23.333,22.1221,21.3809,0.88717,60.0379,2.08829,1.33608,0.331466,2.44833,4.37893,1.28712,0.208591,0.107512,0.301894,0.356123,0.300739,0.374203,0.29633,0.674942,0.165612,5.0857,0.273163,,0.0580208,20.7975,-2.70055,86.697,0.0580208,0,-3.077534720301628,-1.8358482122421265,0.174247,739,,,,,,,193.2,4.39090909,193.2,4.39090909,,,,,,,,,,,,,,,,,,,"Jack Suwinski","22244",669261
"Rafael Flores Jr.","PIT",23,97.8569,88.7598,20.851,14.3153,4.08932,0.134286,2.31217,10.0098,10.5787,7.70306,0.323445,27.046,0.731432,0.528251,0.134416,1.84294,0.495052,0.107797,0.234915,0.0787175,0.276383,0.284813,0.299681,0.362162,0.290621,0.661843,0.127247,2.87052,0.309343,,-0.0931857,9.78013,-1.78242,82.7862,-0.0931857,0.28,-2.089659996330738,0.5335273444652557,0.17389,727.1099853515625,,,,,,,86,3.739130434,86,3.739130434,,,,,,,,,,,,,,,,,,,"Rafael Flores Jr.","31991",804668
"Derek Hill","CHW",31,134.14,123.724,29.479,20.0158,5.40478,0.432183,3.62627,15.4626,12.8202,7.19615,0.0738908,38.641,1.22834,0.680822,1.3099,2.30227,4.04358,0.895573,0.238264,0.0536468,0.288066,0.186231,0.285354,0.376862,0.288601,0.662216,0.138598,5.50904,0.314748,,0.254698,13.1864,-2.66323,83.0932,0.254698,0,-2.4182466864585876,-0.5287524461746216,0.170848,999,,,,,,,119.3,3.848387096,119.3,3.848387096,,,,,,,,,,,,,,,,,,,"Derek Hill","16947",656537
"Maximo Acosta","MIA",15,61.7736,56.9592,14.2722,9.69203,3.01974,0.22811,1.33228,6.98108,6.40946,3.57479,0.101735,12.7467,0.577497,0.420835,0.241268,1.0954,1.92729,0.502649,0.250568,0.0578692,0.206346,0.280448,0.299427,0.381763,0.296713,0.681191,0.131195,5.34001,0.298835,,0.0888913,6.47941,-0.819616,87.5022,0.0888913,0,-0.8261291980743408,0.4372427761554718,0.170487,737,,,,,,,55.5,3.7,55.5,3.7,,,,,,,,,,,,,,,,,,,"Maximo Acosta","27963",691185
"Masataka Yoshida","BOS",44,184.425,166.891,44.8579,31.5874,8.58462,0.409357,4.27655,20.6809,21.1813,13.0266,0.591323,22.8446,2.83174,1.39582,0.279407,4.87057,1.4849,0.480875,0.268785,0.0706335,0.12387,0.570225,0.329719,0.402004,0.319393,0.731723,0.133219,3.4602,0.287473,,-0.209265,22.7403,0.949077,100.366,-0.209265,0,-0.12972690165042877,-4.5518975257873535,0.17045,540.1699829101562,,,,,,,198.6,4.513636363,198.6,4.513636363,,,,,,,,,,,,,,,,,,,"Masataka Yoshida","31837",807799
"Jeimer Candelario",,55,238,214.761,48.4642,30.6745,10.4029,0.832202,6.55465,25.7959,25.8549,18.5656,0.348165,58.7976,2.74217,1.67326,0.257935,4.02152,2.56628,0.799587,0.225666,0.0780067,0.247049,0.315755,0.293478,0.373417,0.292096,0.666895,0.147751,4.1049,0.277396,,-0.155059,24.0715,-4.05007,85.3627,-0.155059,0,-4.272450864315033,-2.1468772888183594,0.167344,999,,,,,,,223.2,4.058181818,223.2,4.058181818,,,,,,,,,,,,,,,,,,,"Jeimer Candelario","13621",600869
"Ryan Bliss","SEA",26,110.205,100.076,21.4088,14.3499,4.20824,0.685386,2.16528,12.9953,8.86576,7.93272,0.0842345,29.1951,1.04734,0.683894,0.465397,1.22373,6.15305,1.61702,0.213926,0.0719811,0.264915,0.271714,0.276917,0.334582,0.270045,0.611499,0.120657,6.92619,0.277286,,0.41495,9.17321,-3.84842,77.0989,0.41495,0,-2.559672325849533,0.40123453736305237,0.167246,707.5,,,,,,,86.5,3.326923076,86.5,3.326923076,,,,,,,,,,,,,,,,,,,"Ryan Bliss","29547",669208
"Jake Fraley","TBR",50,213.236,190.905,45.1173,31.1473,8.71893,0.994028,4.25699,24.6252,20.1378,18.6162,0.651437,45.0398,2.15857,1.27239,0.283016,3.1774,7.62034,2.0248,0.236333,0.0873035,0.211221,0.413328,0.309421,0.359315,0.295004,0.668737,0.122982,5.66743,0.285974,,0.356407,22.0703,-3.12509,86.8789,0.356407,0,-2.941217303276062,-2.812624454498291,0.162204,667.8300170898438,,,,,,,203,4.06,203,4.06,,,,,,,,,,,,,,,,,,,"Jake Fraley","19260",641584
"Zack Gelof","ATH",24,102.974,93.8897,20.5681,12.7105,4.13883,0.321675,3.39715,12.7439,10.4516,7.40074,0.101817,35.2415,0.756921,0.568001,0.359042,1.19553,3.6619,1.05342,0.219067,0.0718697,0.342235,0.210001,0.279936,0.378548,0.287007,0.658484,0.159481,6.01139,0.307618,,0.163893,9.98949,-2.17774,79.433,0.163893,0,-2.332275912165642,0.37037035822868347,0.16189,503.05999755859375,,,,,,,92.2,3.841666666,92.2,3.841666666,,,,,,,,,,,,,,,,,,,"Zack Gelof","29766",680869
"Jesus Rodriguez","SFG",8,31.3541,28.7827,7.5768,5.26781,1.5008,0.124053,0.684145,3.63639,3.26856,2.05003,0.0971184,5.27725,0.250493,0.221549,0.0493556,0.589712,0.536928,0.0929508,0.263242,0.0653833,0.168311,0.388466,0.315522,0.395312,0.309187,0.710834,0.13207,4.71966,0.299124,,0.019998,3.60626,-0.0984653,99.7816,0.019998,-0.18,0.011882993392646313,0.4372839331626892,0.152684,999,,,,,,,38.9,4.8625,38.9,4.8625,,,,,,,,,,,,,,,,,,,"Jesus Rodriguez","sa3008916",683679
"J.C. Escarra","NYY",47,191.682,171.748,35.6924,24.0277,7.79881,0.308186,3.55763,17.6713,16.9416,15.476,0.45437,34.7457,2.62313,1.3031,0.531289,3.598,1.01649,0.332851,0.207818,0.0807382,0.181268,0.445409,0.28141,0.318958,0.267359,0.600368,0.11114,3.14171,0.238481,,-0.208119,15.5371,-7.11154,69.8457,-0.208119,1.91,-7.020552963018417,1.8849893156439066,0.149561,999,,,,,,,146.3,3.112765957,146.3,3.112765957,,,,,,,,,,,,,,,,,,,"J.C. Escarra","20084",641555
"José Fermín","STL",19,82.4031,73.4492,17.4021,12.8937,3.15162,0.223239,1.13353,8.8913,6.76325,6.50047,0.15691,11.8175,1.21631,0.589902,0.647254,1.71672,2.12464,0.637078,0.236926,0.0788862,0.14341,0.550074,0.307242,0.332213,0.284945,0.639455,0.0952862,4.75884,0.266312,,0.0290053,7.85591,-1.88066,82.9297,0.0290053,0,-1.6381617356091738,0.34207817912101746,0.147892,734.1699829101562,,,,,,,65.3,3.436842105,65.3,3.436842105,,,,,,,,,,,,,,,,,,,"Jose Fermin","21746",665877
"Emmanuel Rodriguez","MIN",11,48.3559,41.3108,8.96505,5.46732,1.74523,0.325433,1.42707,6.19341,4.68941,6.32745,0.130994,15.7921,0.378292,0.276479,0.0628135,0.599856,1.22142,0.208349,0.217014,0.130852,0.326581,0.400671,0.324494,0.37865,0.31125,0.703144,0.161636,6.18609,0.309338,,0.079464,5.64277,-0.0708524,98.1946,0.079464,0,-0.02342987060546875,-0.2182539701461792,0.145555,999,,,,,,,44.5,4.045454545,44.5,4.045454545,,,,,,,,,,,,,,,,,,,"Emmanuel Rodriguez","sa3014693",691181
"Jacob Young","WSN",81,338.263,304.329,73.529,59.8843,10.4328,2.37061,0.841276,36.0901,17.7604,21.1222,0.519549,62.5929,4.25693,2.00777,6.54715,7.05685,17.8029,4.09939,0.24161,0.0624431,0.185042,0.337454,0.298171,0.299763,0.267801,0.597934,0.0581536,6.60131,0.299246,,1.32235,27.5398,-12.4286,69.0573,1.32235,0,-11.082972288131714,1.2499998807907104,0.1454,665.3900146484375,,,,,,,258.2,3.18765432,258.2,3.18765432,,,,,,,,,,,,,,,,,,,"Jacob Young","29931",696285
"Brendan Rodgers",,42,182,166.987,38.2106,27.0011,6.78949,0.331622,4.08844,17.8606,18.4904,11.7892,0.12006,49.4627,1.79792,1.03624,0.389425,4.06929,0.463852,0.190112,0.228824,0.064776,0.271773,0.238346,0.285213,0.346905,0.27852,0.632118,0.118081,2.68691,0.298082,,-0.252242,16.4016,-5.10314,76.0371,-0.252242,0,-5.406857013702393,0.6481481194496155,0.143335,999,,,,,,,145.7,3.469047619,145.7,3.469047619,,,,,,,,,,,,,,,,,,,"Brendan Rodgers","17907",663898
"Michael Arroyo","SEA",8,34.4392,30.8285,7.12317,4.45173,1.44754,0.200689,1.02321,3.89538,3.86954,2.70753,0.0401513,8.81301,0.640217,0.21914,0.0437923,0.483514,0.528925,0.0952182,0.231058,0.0786175,0.2559,0.307219,0.304428,0.390603,0.304174,0.695031,0.159546,5.13466,0.287578,,0.015567,3.82094,-0.248316,100.61,0.015567,0,0.04031269811093807,0.12345678359270096,0.138031,999,,,,,,,34.4,4.3,34.4,4.3,,,,,,,,,,,,,,,,,,,"Michael Arroyo","sa3018429",703197
"Paul DeJong","NYY",31,132.091,120.585,24.8103,14.8282,4.585,0.109793,5.28724,13.5903,15.7399,7.65648,0.000674987,41.5245,1.71803,1.03415,0.134474,1.56409,1.22041,0.457161,0.205749,0.0579635,0.314362,0.184385,0.260965,0.377132,0.277156,0.638097,0.171383,3.43168,0.260976,,-0.102907,11.7576,-3.85003,76.5944,-0.102907,0,-3.746810346841812,0.5287524461746216,0.135903,747.219970703125,,,,,,,112.4,3.625806451,112.4,3.625806451,,,,,,,,,,,,,,,,,,,"Paul DeJong","18015",657557
"Christian Koss","SFG",47,198.903,183.473,42.7068,30.1715,8.47268,0.974572,3.08798,21.0003,15.8563,9.72319,0.28812,49.1582,2.24922,1.23749,2.21945,3.58521,4.17676,1.09643,0.232768,0.0488842,0.247147,0.197794,0.278006,0.340063,0.270959,0.61807,0.107295,5.34731,0.29909,,0.110026,16.7038,-6.79806,73.5943,0.110026,0,-6.114872366189957,0.8253511786460876,0.135873,999,,,,,,,155.7,3.312765957,155.7,3.312765957,,,,,,,,,,,,,,,,,,,"Christian Koss","27653",683766
"Luisangel Acuña","NYM",34,144.993,135.064,32.4072,24.8445,4.84944,1.13801,1.57531,16.6542,10.2614,7.51083,0.142333,28.7426,0.781013,0.971206,0.6667,2.45614,7.07537,1.65445,0.239941,0.0518012,0.198234,0.261314,0.281993,0.327687,0.268171,0.60968,0.0877469,6.93049,0.291646,,0.519734,11.8483,-5.28381,72.5919,0.519734,0,-4.190276741981506,0.6746031641960144,0.133854,625.1699829101562,,,,,,,117.9,3.467647058,117.9,3.467647058,,,,,,,,,,,,,,,,,,,"Luisangel Acuna","26548",682668
"MJ Melendez",,39,168,149.791,32.0047,18.4091,7.13355,0.648012,5.81404,18.7432,19.7553,15.8068,0.537175,45.527,1.01176,1.2278,0.162847,2.12028,2.02392,0.615951,0.213663,0.094088,0.270994,0.347196,0.290897,0.386382,0.2949,0.677279,0.172719,4.40416,0.262754,,-0.0764741,17.3742,-2.47633,87.2893,-0.0764741,0,-2.6003235653042793,-1.8055555820465088,0.130956,999,,,,,,,163.6,4.194871794,163.6,4.194871794,,,,,,,,,,,,,,,,,,,"MJ Melendez","22197",669004
"David Hamilton","BOS",26,109.289,99.5345,21.7417,14.3432,4.4383,0.633755,2.32651,14.2598,8.54264,8.00122,0.150531,27.7744,0.582443,0.648374,0.522167,0.734668,9.39431,1.78858,0.218434,0.0732118,0.254138,0.288079,0.278812,0.345881,0.27442,0.624692,0.127447,7.83511,0.277036,,0.996044,9.48515,-3.42815,69.3855,0.996044,0,-2.947393536567688,0.4513888657093048,0.12948,731.9400024414062,,,,,,,97.8,3.761538461,97.8,3.761538461,,,,,,,,,,,,,,,,,,,"David Hamilton","27531",666152
"Tyler Fitzgerald","SFG",39,164.609,150.12,32.439,21.0184,6.46864,1.05544,3.89656,19.0884,14.0758,10.4487,0.0871259,50.2126,1.9795,1.01013,1.05047,1.76059,5.62438,1.31708,0.216087,0.0634759,0.305041,0.208089,0.274319,0.351107,0.274365,0.625426,0.13502,6.62527,0.294188,,0.365279,14.279,-5.17086,75.9271,0.365279,0,-4.331241995096207,0.1003086194396019,0.127446,734.6099853515625,,,,,,,134.5,3.448717948,134.5,3.448717948,,,,,,,,,,,,,,,,,,,"Tyler Fitzgerald","26208",666149
"Tanner Murray","CHW",28,120.02,113.03,28.2481,19.4082,6.87312,0.158268,1.80851,11.5663,11.9052,5.10658,0.0974307,22.8298,1.02054,0.663263,0.199571,2.3796,0.713451,0.157078,0.249918,0.0425479,0.190217,0.223681,0.286891,0.361527,0.282877,0.648418,0.111609,3.12355,0.296892,,-0.0895689,11.2406,-2.94067,79.1501,-0.0895689,0,-3.038930468261242,0.12708786129951477,0.124723,999,,,,,,,102.8,3.671428571,102.8,3.671428571,,,,,,,,,,,,,,,,,,,"Tanner Murray","sa3016805",695020
"Manuel Margot",,15,63,57.8572,14.8174,10.4272,2.69946,0.185016,1.50575,7.27229,6.77773,3.98593,0.0501707,9.85968,0.539517,0.490454,0.126925,1.34818,1.21169,0.385495,0.256104,0.0632687,0.156503,0.404265,0.30765,0.387233,0.303277,0.694882,0.131129,4.67056,0.283335,,-0.0139094,6.94376,-0.500175,93.0434,-0.0139094,0,-0.5319041907787323,-0.3858024775981903,0.124257,999,,,,,,,70.4,4.693333333,70.4,4.693333333,,,,,,,,,,,,,,,,,,,"Manuel Margot","14712",622534
"Jonathon Long","CHC",11,48.4777,43.106,10.112,6.74594,1.83084,0.0583231,1.47694,5.12302,5.71148,4.414,0.316909,11.7631,0.544785,0.304366,0.108502,0.914482,0.119636,0.0289115,0.234586,0.0910523,0.242649,0.375243,0.311579,0.382554,0.303271,0.694133,0.147968,2.31813,0.286212,,-0.0630913,5.34291,-0.385102,95.1277,-0.0630913,0,-0.34303591400384903,-0.07275132834911346,0.122476,999,,,,,,,43.2,3.927272727,43.2,3.927272727,,,,,,,,,,,,,,,,,,,"Jonathon Long","sa3022864",675085
"Dylan Carlson",,44,189,167.816,37.9177,24.9172,7.73456,0.76037,4.50559,20.3285,19.425,16.8545,0.318119,43.5643,2.57276,1.51876,0.237515,3.03905,2.057,0.639869,0.225948,0.0891774,0.230499,0.386889,0.303795,0.361644,0.293708,0.665438,0.135696,4.31194,0.275529,,-0.141286,19.363,-2.96881,86.4704,-0.141286,0,-3.1635551899671555,-2.0370371341705322,0.122364,999,,,,,,,181.7,4.129545454,181.7,4.129545454,,,,,,,,,,,,,,,,,,,"Dylan Carlson","20126",666185
"Nick Madrigal",,26,112,103.161,26.9428,21.6867,4.37001,0.497146,0.388966,11.6793,8.68236,5.26273,0.171713,12.5306,1.96951,0.689184,0.91797,3.16435,2.52399,0.84897,0.261173,0.0469887,0.111881,0.419989,0.307656,0.324484,0.280681,0.63214,0.0633109,4.90147,0.292024,,-0.032649,10.2898,-2.94386,77.5217,-0.032649,0,-3.0081900879740715,0.40123453736305237,0.121098,999,,,,,,,83.7,3.219230769,83.7,3.219230769,,,,,,,,,,,,,,,,,,,"Nick Madrigal","20521",663611
"Leo De Vries","ATH",8,34.3248,31.0834,7.04579,4.09995,1.62107,0.126977,1.1978,4.09394,3.92679,2.63098,0.0687073,9.27874,0.309847,0.245384,0.0552483,0.396221,0.745995,0.128483,0.226674,0.0766495,0.270322,0.283549,0.291414,0.402602,0.300707,0.694015,0.175928,5.39578,0.28045,,0.0505554,3.71161,-0.344131,88.87,0.0505554,0,-0.39971863478422165,0.37037035822868347,0.11787,999,,,,,,,34.3,4.2875,34.3,4.2875,,,,,,,,,,,,,,,,,,,"Leo De Vries","sa3023363",815888
"Cooper Kinney","TBR",11,48.15,44.4784,11.085,7.35621,2.51362,0.144119,1.07105,4.99818,5.44544,2.97578,0.141477,11.2697,0.340589,0.289521,0.0656715,0.84689,0.399297,0.103392,0.249222,0.0618023,0.234054,0.264051,0.299502,0.384456,0.29732,0.683958,0.135234,3.80881,0.308813,,-0.0320042,5.07417,-0.615119,88.4745,-0.0320042,0,-0.6860817484557629,0.1697530746459961,0.11673,999,,,,,,,44.7,4.063636363,44.7,4.063636363,,,,,,,,,,,,,,,,,,,"Cooper Kinney","sa3017793",695692
"Michael Helman","TEX",39,163.59,150.369,32.0873,20.7055,6.10105,0.854426,4.42629,17.7743,15.5497,9.92461,0.0455926,38.5649,1.41301,0.999719,0.883935,2.14235,3.80448,0.925889,0.213391,0.0606676,0.235741,0.257348,0.266892,0.353637,0.271316,0.620529,0.140247,5.47942,0.255229,,0.170491,13.7857,-5.54375,72.8487,0.170491,0,-5.0645434111356735,0.5516974925994873,0.11435,999,,,,,,,127.7,3.274358974,127.7,3.274358974,,,,,,,,,,,,,,,,,,,"Michael Helman","24605",680737
"Jarred Kelenic","CHW",34,148.26,133.591,29.5626,17.868,5.88899,0.744708,5.06094,16.8206,16.4576,12.3946,0.655939,40.8901,0.965878,1.01722,0.29116,1.89268,2.35861,0.72355,0.221293,0.083601,0.275801,0.303121,0.290083,0.390176,0.294919,0.680259,0.168883,4.97789,0.276365,,-0.0264143,15.335,-2.18305,87.4455,-0.0264143,0,-2.2202021311968565,-1.773956537246704,0.113433,745,,,,,,,144.1,4.238235294,144.1,4.238235294,,,,,,,,,,,,,,,,,,,"Jarred Kelenic","22558",672284
"Jac Caglianone","KCR",121,514.113,464.639,105.349,65.9736,21.7777,1.79036,15.807,56.4094,61.0763,38.8728,1.54326,122.692,6.80872,2.87003,0.922524,10.368,2.96475,0.967536,0.226732,0.0756114,0.238648,0.316833,0.294296,0.383368,0.295618,0.677665,0.156636,3.57989,0.272155,,-0.530195,53.4679,-7.27853,85.1671,-0.530195,0,-9.518072664737701,-7.095678806304932,0.11062,226.94000244140625,,,,,,,489.5,4.045454545,489.5,4.045454545,,,,,,,,,,,,,,,,,,,"Jac Caglianone","35041",695506
"Curtis Mead","CHW",15,63.5398,58.2662,14.0533,9.43709,2.97652,0.0747029,1.565,6.67132,6.60844,3.74758,0.130036,12.8554,1.01388,0.440933,0.0712003,1.03859,0.899466,0.330327,0.241191,0.05898,0.202321,0.291518,0.296442,0.375419,0.293571,0.671861,0.134227,3.76896,0.281988,,-0.0482571,6.50258,-1.00513,86.5169,-0.0482571,0,-1.057994071394205,-0.07716049998998642,0.10761,641.0599975585938,,,,,,,64.8,4.32,64.8,4.32,,,,,,,,,,,,,,,,,,,"Curtis Mead","23986",678554
"Nelson Rada","LAA",31,129.538,115.433,27.0678,20.3589,4.69347,0.493695,1.52175,14.2701,8.68931,10.1922,0.356332,28.2186,1.64071,0.724144,1.54829,2.74481,6.01681,0.79027,0.234489,0.0786811,0.217839,0.361189,0.303935,0.323252,0.279783,0.627187,0.0887625,6.04617,0.295614,,0.669565,11.8067,-3.4993,76.0978,0.669565,0,-2.9797284603118896,-0.42803770303726196,0.107503,999,,,,,,,114.1,3.680645161,114.1,3.680645161,,,,,,,,,,,,,,,,,,,"Nelson Rada","sa3018421",703185
"Nolan Jones","CLE",19,82.6094,72.5868,16.3677,10.8959,3.20219,0.225877,2.04371,9.30184,7.97762,8.62109,0.334671,23.6411,0.731415,0.485569,0.184501,1.38582,1.68608,0.485373,0.225492,0.10436,0.286179,0.364665,0.312044,0.360297,0.297277,0.672341,0.134805,4.64096,0.302273,,0.00698368,8.70269,-1.05825,90.5114,0.00698368,0,-0.9168704329058528,-0.8796296119689941,0.107099,721.780029296875,,,,,,,77.9,4.1,77.9,4.1,,,,,,,,,,,,,,,,,,,"Nolan Jones","20529",666134
"Riley Adams","WSN",45,176.863,159.612,32.8692,20.9377,6.54125,0.242368,5.14785,16.4607,19.6481,12.3635,0.12705,60.3691,3.54598,0.921669,0.420617,3.07153,0.462986,0.187314,0.205932,0.0699041,0.341332,0.204798,0.276456,0.346708,0.275412,0.623164,0.140776,2.62038,0.291753,,-0.226525,15.4924,-5.4054,74.2714,-0.226525,-0.97,-5.619753882288933,0.7661110162734985,0.105448,999,,,,,,,140.1,3.113333333,140.1,3.113333333,,,,,,,,,,,,,,,,,,,"Riley Adams","19864",656180
"Eric Wagaman","MIN",24,103.62,95.8,23.8394,15.5858,5.12742,0.143833,2.98232,11.4463,11.9983,6.41705,0.0749171,19.9704,0.485527,0.804968,0.112251,1.9286,0.896834,0.348648,0.248846,0.0619288,0.192728,0.321327,0.297003,0.398763,0.301766,0.695765,0.149917,3.29674,0.283184,,-0.111377,11.2937,-0.949774,91.6609,-0.111377,0,-1.1298113986849785,-1.4074074029922485,0.105301,608.5,,,,,,,101,4.208333333,101,4.208333333,,,,,,,,,,,,,,,,,,,"Eric Wagaman","23395",676572
"Matthew Lugo","LAA",52,218.17,202.624,47.5318,30.3469,9.54167,1.17494,6.46837,23.9345,23.0202,11.4999,0.446073,59.7243,2.2179,1.27581,0.552674,2.92954,4.38979,1.10836,0.234582,0.0527107,0.273751,0.19255,0.281456,0.389039,0.290137,0.670495,0.154457,5.40323,0.298195,,0.13611,21.7189,-4.05953,83.2303,0.13611,0,-4.176033303141594,-2.307098865509033,0.104965,999,,,,,,,200.7,3.859615384,200.7,3.859615384,,,,,,,,,,,,,,,,,,,"Matthew Lugo","25980",683090
"Gio Urshela",,49,210,194.782,47.4582,35.6543,8.77173,0.0463403,2.98584,19.3965,20.2686,12.1225,0.18392,39.5478,0.965551,1.47675,0.65313,4.73125,0.675758,0.327628,0.243648,0.0577264,0.188323,0.306528,0.289215,0.335145,0.275157,0.62436,0.0914968,2.20351,0.289298,,-0.319585,18.3515,-6.46162,73.7269,-0.319585,0,-6.8406078815460205,0.756172776222229,0.104652,999,,,,,,,163.4,3.334693877,163.4,3.334693877,,,,,,,,,,,,,,,,,,,"Gio Urshela","10681",570482
"James Outman","MIN",47,200.332,176.901,35.8156,21.9035,6.83338,0.952388,6.12638,22.8289,20.267,18.929,0.289347,68.6607,3.11101,1.19227,0.19837,2.31925,3.56601,0.932379,0.202462,0.0944886,0.342735,0.27569,0.289086,0.355753,0.285271,0.644839,0.153291,5.29865,0.287391,,0.043185,19.1517,-4.51901,80.2987,0.043185,0,-4.60857031494379,-1.2755427360534668,0.103435,711.9400024414062,,,,,,,177.8,3.782978723,177.8,3.782978723,,,,,,,,,,,,,,,,,,,"James Outman","24770",681546
"Nick Sogard","BOS",58,245.9,222.198,51.4307,37.0567,10.6661,0.609203,3.09877,24.5636,21.4497,19.3184,0.534082,55.2913,1.8853,1.76397,0.734299,4.13869,5.15476,1.43082,0.231464,0.0785622,0.224853,0.349393,0.296267,0.326788,0.276668,0.623055,0.0953242,4.45507,0.29191,,0.0639149,21.7904,-7.26453,70.9341,0.0639149,0,-8.360004745423794,0.8453360199928284,0.0970735,999,,,,,,,199.1,3.43275862,199.1,3.43275862,,,,,,,,,,,,,,,,,,,"Nick Sogard","25483",686765
"Nick Morabito","NYM",18,75.9489,69.4874,17.43,13.4683,2.70299,0.33557,0.923111,8.57857,6.03289,5.01946,0.250198,16.272,0.860131,0.418667,0.1632,1.51487,3.10191,0.519055,0.250836,0.0660899,0.214249,0.308472,0.307572,0.339247,0.285958,0.646819,0.0884111,6.04074,0.313157,,0.281744,7.30308,-1.67087,84.7769,0.281744,0,-1.0885635912418365,-0.5303030014038086,0.0928968,999,,,,,,,65.2,3.622222222,65.2,3.622222222,,,,,,,,,,,,,,,,,,,"Nick Morabito","sa3020418",703492
"Yohel Pozo","STL",37,148.129,141.069,32.7892,23.484,6.54272,0,2.76249,12.3586,15.3991,4.99005,0.304591,19.2798,0.77348,1.06551,0.23132,3.02477,0.0600002,0.0259798,0.232434,0.0336871,0.130155,0.258823,0.260671,0.337561,0.259769,0.598232,0.105127,1.49069,0.25003,,-0.189711,11.0941,-6.40854,65.6833,-0.189711,1.05,-6.214483305811882,2.1671496629714966,0.0901342,718.3300170898438,,,,,,,110.3,2.981081081,110.3,2.981081081,,,,,,,,,,,,,,,,,,,"Yohel Pozo","18848",650968
"Alejandro Osuna","TEX",23,95.4275,85.2039,20.2401,14.0354,4.1022,0.260161,1.84229,10.7593,8.51625,7.70627,0.32851,21.7016,1.06026,0.752661,0.704417,1.61047,2.69213,0.68584,0.237549,0.0807552,0.227414,0.355102,0.306225,0.356667,0.291899,0.662893,0.119119,5.19594,0.294776,,0.1092,9.63638,-1.63912,87.0276,0.1092,0,-1.3498330637812614,-1.064814805984497,0.0889927,625.3900146484375,,,,,,,87.3,3.795652173,87.3,3.795652173,,,,,,,,,,,,,,,,,,,"Alejandro Osuna","27915",696030
"Aidan Miller","PHI",10,41.4524,37.8009,8.75934,5.79452,1.81307,0.13111,1.02063,4.59412,4.3213,2.85167,0.0517268,9.63182,0.454777,0.271868,0.0732306,0.650332,0.911958,0.169718,0.231723,0.0687939,0.232358,0.296068,0.291591,0.367625,0.288784,0.659215,0.135901,5.07227,0.282226,,0.0531492,4.08108,-0.816842,81.8012,0.0531492,0,-0.8409512154757977,0.3086419701576233,0.0866406,999,,,,,,,38.5,3.85,38.5,3.85,,,,,,,,,,,,,,,,,,,"Aidan Miller","sa3022609",805795
"Ryan Waldschmidt","ARI",24,103.762,93.7763,22.162,15.1134,4.38485,0.354307,2.30946,11.2916,11.1622,7.66268,0.280629,23.1765,1.26237,0.734031,0.326371,1.76079,2.22807,0.437479,0.236328,0.0738487,0.223362,0.330623,0.300545,0.364525,0.291879,0.66507,0.128197,4.93042,0.287616,,0.109618,10.4762,-1.78401,84.5471,0.109618,0,-1.7907607480883598,-0.8148148059844971,0.0866182,999,,,,,,,90.4,3.766666666,90.4,3.766666666,,,,,,,,,,,,,,,,,,,"Ryan Waldschmidt","sa3025261",814439
"Trey Sweeney","DET",16,68.3312,62.1763,12.956,8.2808,2.46081,0.479033,1.73535,7.38346,6.57076,5.16387,0.113801,19.0684,0.532917,0.384385,0.0737486,1.03096,1.16237,0.309213,0.208375,0.0755711,0.279058,0.270808,0.273271,0.347093,0.272356,0.620363,0.138717,5.5257,0.268713,,0.0143213,5.81595,-2.2579,71.9092,0.0143213,0,-2.248009929433465,0.7407407164573669,0.086411,744.780029296875,,,,,,,55.3,3.45625,55.3,3.45625,,,,,,,,,,,,,,,,,,,"Trey Sweeney","29575",700242
"Austin Barnes",,32,128,113.476,23.7077,17.7854,4.18293,0.141361,1.59809,11.8947,9.70453,10.2107,0.0662592,30.6086,1.19629,0.779639,1.19337,2.64258,1.84212,0.750005,0.208923,0.0797714,0.239129,0.333591,0.279436,0.290525,0.257088,0.569961,0.0816023,3.7406,0.269469,,-0.130997,9.3079,-5.81628,61.3147,-0.130997,0,-5.9834853410720825,2.4691357612609863,0.0836632,999,,,,,,,85.8,2.68125,85.8,2.68125,,,,,,,,,,,,,,,,,,,"Austin Barnes","12158",605131
"Tre' Morgan","TBR",15,61.9071,56.447,14.9353,10.5405,2.99353,0.218551,1.18273,6.88168,6.74994,4.32741,0.159767,8.6493,0.591222,0.410486,0.131009,1.34696,1.05845,0.216971,0.26459,0.0699017,0.139714,0.500319,0.321386,0.388225,0.310203,0.709611,0.123635,4.56502,0.29245,,0.0218348,7.17143,-0.143377,97.3485,0.0218348,0,-0.17163149639964104,-1.1574074029922485,0.0820243,999,,,,,,,63,4.2,63,4.2,,,,,,,,,,,,,,,,,,,"Tre' Morgan","sa3022919",691003
"Lenyn Sosa","CHW",84,367.119,344.54,84.3463,57.0718,15.9931,0.363609,10.9177,36.5311,41.8949,15.1455,0.523277,80.143,2.57133,2.52431,2.3374,5.84617,1.85698,0.742637,0.244808,0.041255,0.218303,0.188981,0.279792,0.388401,0.288726,0.668193,0.143593,2.79247,0.286826,,-0.423002,36.1262,-7.25175,83.1789,-0.423002,0,-7.701346725225449,-4.138176441192627,0.0814521,289.8299865722656,,,,,,,330.2,3.93095238,330.2,3.93095238,,,,,,,,,,,,,,,,,,,"Lenyn Sosa","22896",672820
"Jared Serna","MIA",8,34.3187,31.5914,7.66922,5.15575,1.70802,0.0773197,0.728128,3.5951,3.66025,2.08014,0.0618374,6.44861,0.360125,0.236094,0.050868,0.680596,0.740702,0.113933,0.242762,0.0606124,0.187904,0.322571,0.295014,0.370868,0.29087,0.665882,0.128106,4.72325,0.281577,,0.0517446,3.43687,-0.618146,83.4996,0.0517446,0,-0.619403388351202,0.2716049253940582,0.0812353,999,,,,,,,35.9,4.4875,35.9,4.4875,,,,,,,,,,,,,,,,,,,"Jared Serna","sa3015579",691858
"James Triantos","CHC",6,27.7015,25.8052,6.77964,4.93349,1.2918,0.103349,0.451004,3.11853,2.80673,1.39984,0.0548338,3.83017,0.248445,0.200899,0.0470918,0.53614,0.918603,0.141971,0.262724,0.050533,0.138266,0.365478,0.304759,0.373225,0.295754,0.677983,0.110501,5.56342,0.291307,,0.0824924,2.88403,-0.389113,89.9786,0.0824924,0,-0.24653106927871704,0.09259258955717087,0.0785451,999,,,,,,,21,3.5,21,3.5,,,,,,,,,,,,,,,,,,,"James Triantos","sa3017295",701649
"Gustavo Campero","LAA",26,109.085,98.2582,22.8898,15.4945,4.23177,0.64356,2.51998,12.5221,9.90727,7.24603,0.418646,22.7555,2.32416,0.755364,0.501217,1.97092,3.86588,0.871536,0.232956,0.0664256,0.208603,0.31843,0.29894,0.366063,0.291443,0.665003,0.133107,6.18869,0.276246,,0.253561,10.9751,-1.91412,84.1298,0.253561,0,-1.7868658602237701,-1.2037036418914795,0.0781625,999,,,,,,,108.1,4.157692307,108.1,4.157692307,,,,,,,,,,,,,,,,,,,"Gustavo Campero","22707",672569
"Eli White","ATL",16,70.4148,65.0533,15.6587,10.6613,2.52295,0.631799,1.84261,9.03242,7.00491,4.02818,0.0719337,19.3406,0.767894,0.388026,0.177503,1.00889,2.54751,0.639571,0.240705,0.0572063,0.274667,0.208275,0.291223,0.383886,0.293758,0.675109,0.143181,6.92352,0.31217,,0.146018,7.21683,-1.10323,86.3478,0.146018,0,-0.9933428019285202,-0.5925925970077515,0.0774285,750.5,,,,,,,75.7,4.73125,75.7,4.73125,,,,,,,,,,,,,,,,,,,"Eli White","19346",642201
"Dominic Smith",,71,308,276.571,66.0763,44.7528,13.3555,0.446655,7.52129,31.8552,33.8164,24.3775,0.564536,63.8788,4.0251,2.70391,0.322126,5.87344,1.22306,0.471039,0.238912,0.0791478,0.207399,0.381622,0.307071,0.372016,0.298312,0.679087,0.133104,2.6308,0.281683,,-0.427509,32.7057,-3.68686,89.6327,-0.427509,0,-4.2014937698841095,-5.478394985198975,0.0761367,999,,,,,,,291.4,4.104225352,291.4,4.104225352,,,,,,,,,,,,,,,,,,,"Dominic Smith","15653",642086
"Luis Campusano","SDP",84,368.594,337.371,78.9048,56.4723,13.8492,0.124459,8.45884,35.1809,39.0316,24.2462,0.355833,62.6696,3.35891,3.12859,0.489321,8.28228,0.0206965,0.0150081,0.233882,0.0657803,0.170023,0.38689,0.289347,0.350888,0.28157,0.640235,0.117007,1.36294,0.26152,,-0.55471,34.1298,-9.42242,82.2081,-0.55471,-1.05,-8.327288925647736,-3.1938745975494385,0.0759197,662.780029296875,,,,,,,302.2,3.597619047,302.2,3.597619047,,,,,,,,,,,,,,,,,,,"Luis Campusano","22217",669134
"Orelvis Martinez","WSN",28,115.01,105.097,22.8958,13.3837,5.20794,0.256073,4.04811,10.9592,15.0778,7.7064,0.621146,29.7211,1.26151,0.838091,0.106556,1.52259,0.428581,0.0967163,0.217854,0.0670066,0.258423,0.25929,0.27731,0.387834,0.286954,0.665144,0.16998,2.753,0.261172,,-0.0973484,11.152,-2.43723,82.178,-0.0973484,0,-2.5266658514738083,-0.5846042037010193,0.0731664,999,,,,,,,102.9,3.675,102.9,3.675,,,,,,,,,,,,,,,,,,,"Orelvis Martinez","25967",682619
"Coby Mayo","BAL",8,34.8446,31.3349,7.0951,4.2611,1.40736,0.119044,1.3076,4.11317,4.16619,2.86946,0.106569,9.72884,0.416797,0.188209,0.0352439,0.475631,0.281148,0.0929981,0.226428,0.0823502,0.279207,0.294944,0.298235,0.404129,0.305053,0.702364,0.177701,4.13516,0.282502,,-0.0309765,3.89078,-0.226373,96.128,-0.0309765,0,-0.18999258615076542,-0.32098764181137085,0.0704231,450.8299865722656,,,,,,,29.5,3.6875,29.5,3.6875,,,,,,,,,,,,,,,,,,,"Coby Mayo","28312",691723
"Enrique Bradfield Jr.","BAL",10,41.8135,37.8164,8.90656,6.51536,1.78067,0.189341,0.421188,4.98506,2.9713,2.97274,0.0915205,7.54975,0.336477,0.288729,0.399107,0.75548,2.44866,0.326733,0.235521,0.0710953,0.180558,0.393754,0.294965,0.326035,0.275197,0.620999,0.0905138,6.86827,0.281586,,0.291675,3.65537,-1.28522,75.5613,0.291675,0,-0.9127137362957001,0.15432098507881165,0.0696502,999,,,,,,,31,3.1,31,3.1,,,,,,,,,,,,,,,,,,,"Enrique Bradfield Jr.","sa3022917",690961
"Kevin Alcántara","CHC",15,62.3284,57.3685,13.4678,9.42765,2.45715,0.137077,1.44596,6.54934,6.44528,4.10331,0.127138,17.6322,0.398403,0.363365,0.0948565,1.14794,1.10237,0.200266,0.23476,0.0658338,0.282893,0.232717,0.288744,0.357984,0.283314,0.646728,0.123224,4.44429,0.311016,,0.047344,5.85952,-1.50506,81.4564,0.047344,0,-1.322513408958912,-0.07716049998998642,0.0689594,720.3900146484375,,,,,,,44.9,2.993333333,44.9,2.993333333,,,,,,,,,,,,,,,,,,,"Kevin Alcantara","25971",682634
"Ben Rortvedt","CIN",11,44.3084,39.443,8.03302,5.77186,1.40133,0.0759196,0.783907,3.88787,3.85298,3.85219,0.0516405,10.3209,0.538299,0.247273,0.227611,0.90831,0.103965,0.0402293,0.203661,0.0869404,0.232933,0.373243,0.281835,0.302662,0.263047,0.584497,0.0990007,2.52144,0.253594,,-0.0624292,3.43639,-1.79898,60.901,-0.0624292,0.45,-2.115697417408228,1.2987654209136963,0.0672417,999,,,,,,,33.1,3.009090909,33.1,3.009090909,,,,,,,,,,,,,,,,,,,"Ben Rortvedt","20287",666163
"Ryan Clifford","NYM",19,82.8533,72.5592,15.5341,9.43091,3.29683,0.0737824,2.73253,8.97324,9.19471,8.70246,0.446585,24.6642,1.03364,0.466156,0.0918936,1.23703,0.523923,0.122801,0.214088,0.105035,0.297685,0.352838,0.305337,0.374536,0.298717,0.679874,0.160448,3.02088,0.280559,,-0.0690907,8.82527,-0.964489,93.5172,-0.0690907,0,-0.7056947350502014,-1.4171810150146484,0.0648328,999,,,,,,,85.4,4.494736842,85.4,4.494736842,,,,,,,,,,,,,,,,,,,"Ryan Clifford","sa3020126",691775
"Mickey Gasper","MIN",5,18.7502,16.6004,3.76918,2.66671,0.724713,0.0453984,0.332357,1.90652,1.70271,1.63844,0.0246069,3.50934,0.316165,0.142861,0.0523897,0.361322,0.143821,0.0464277,0.227054,0.0873824,0.187162,0.46688,0.30612,0.336243,0.286709,0.642363,0.109189,3.4686,0.266389,,-0.0205946,1.81441,-0.401072,81.2892,-0.0205946,0.03,-0.4340906012803316,0.41580247692763805,0.0641566,999,,,,,,,14.3,2.86,14.3,2.86,,,,,,,,,,,,,,,,,,,"Mickey Gasper","24759",681508
"Brice Matthews","HOU",6,27.9269,25.0738,5.21865,3.18015,0.931075,0.0593013,1.04813,3.50281,2.99517,2.17702,0.0135345,9.92883,0.423586,0.138521,0.114012,0.331011,1.0186,0.145947,0.208132,0.0779541,0.355529,0.219262,0.281138,0.375401,0.287892,0.656538,0.167269,6.09287,0.29297,,0.10588,2.72922,-0.570557,83.4369,0.10588,0,-0.4392968490719795,0.09259258955717087,0.0628705,493.8299865722656,,,,,,,23.2,3.866666666,23.2,3.866666666,,,,,,,,,,,,,,,,,,,"Brice Matthews","33280",694728
"Everson Pereira","CHW",70,303.579,277.365,61.6145,39.723,12.4028,0.555484,8.93324,33.0642,31.4881,21.1204,0.226558,95.6642,3.04774,1.55397,0.491616,4.663,5.58104,1.6154,0.222142,0.0695712,0.315121,0.220776,0.283029,0.367486,0.284979,0.650516,0.145344,4.4523,0.302207,,0.0343815,28.9501,-6.92014,80.5979,0.0343815,0,-6.907744277268648,-2.9392764568328857,0.061559,706.5,,,,,,,273.1,3.901428571,273.1,3.901428571,,,,,,,,,,,,,,,,,,,"Everson Pereira","23695",677592
"Gabriel Gonzalez","MIN",13,55.2639,51.2403,13.1615,9.12728,2.81444,0.126485,1.09333,5.93537,5.81995,2.78722,0.0786482,9.56707,0.771565,0.372947,0.0918141,1.15201,0.676865,0.139825,0.256859,0.0504348,0.173116,0.291335,0.303058,0.380734,0.298323,0.683792,0.123875,4.10832,0.294685,,-0.00511781,5.86882,-0.661036,89.2891,-0.00511781,0,-0.7027727719396353,-0.6018518209457397,0.0611284,999,,,,,,,53.8,4.138461538,53.8,4.138461538,,,,,,,,,,,,,,,,,,,"Gabriel Gonzalez","sa3015723",694224
"Christian Encarnacion-Strand","CIN",18,75.8166,70.3055,17.5341,11.021,3.19685,0.178706,3.13747,8.47826,10.428,3.9398,0.165652,18.804,0.920259,0.550842,0.100149,1.16668,0.499014,0.16861,0.249398,0.0519648,0.248019,0.209519,0.295763,0.433831,0.313393,0.729594,0.184433,3.27851,0.294319,,-0.0729943,8.97913,0.0208177,95.3895,-0.0729943,0,-0.48728371411561966,-1.4393938779830933,0.0609536,536.780029296875,,,,,,,82.7,4.594444444,82.7,4.594444444,,,,,,,,,,,,,,,,,,,"Christian Encarnacion-Strand","30011",687952
"Hao-Yu  Lee","DET",5,20.4994,18.7537,4.68352,3.20138,0.965035,0.0440431,0.473067,2.27343,2.17725,1.32939,0.0473279,4.01999,0.23117,0.153768,0.0313154,0.370303,0.431903,0.0800089,0.249738,0.0648506,0.196103,0.330696,0.305065,0.38157,0.299704,0.686635,0.131831,4.66422,0.2921,,0.0224913,2.19995,-0.222205,90.7481,0.0224913,0,-0.20104343444108963,0.07716049253940582,0.0595123,999,,,,,,,14.9,2.98,14.9,2.98,,,,,,,,,,,,,,,,,,,"Hao-Yu  Lee","sa3017863",701678
"Endy Rodríguez","PIT",26,113.64,103.333,24.4605,16.1231,5.77338,0.502942,2.06114,11.4872,11.7237,8.33354,0.192821,23.5039,0.957026,0.879187,0.137069,1.73898,0.63502,0.206833,0.236714,0.0733326,0.206827,0.35456,0.297358,0.36216,0.28922,0.659518,0.125445,3.72994,0.284807,,-0.124197,11.2283,-2.19918,81.8264,-0.124197,0.21,-2.571949802339077,-0.6426234692335129,0.0579363,722.1099853515625,,,,,,,102.2,3.93076923,102.2,3.93076923,,,,,,,,,,,,,,,,,,,"Endy Rodriguez","25332",682848
"Enmanuel Valdez","PIT",8,36.8279,33.1819,7.56161,4.75488,1.62289,0.0673266,1.11651,3.91561,4.25531,2.9866,0.0730731,7.96298,0.229727,0.326132,0.103533,0.538814,0.327082,0.128929,0.227884,0.0810962,0.216222,0.375061,0.293482,0.381795,0.294383,0.675277,0.153912,3.48272,0.263835,,-0.0395232,3.7932,-0.558302,85.3636,-0.0395232,0,-0.6783819571137428,-0.02469136193394661,0.0534275,999,,,,,,,36,4.5,36,4.5,,,,,,,,,,,,,,,,,,,"Enmanuel Valdez","21716",665839
"Dairon Blanco","KCR",13,54.8388,50.1605,11.6965,8.19436,2.01468,0.389042,1.09844,7.79468,3.94665,3.12056,0.0488531,13.7196,0.662498,0.321473,0.573735,0.50212,5.43829,1.15438,0.233182,0.0569044,0.250181,0.227453,0.285259,0.354554,0.280542,0.639813,0.121372,8.37491,0.297165,,0.536173,5.03201,-1.44761,74.7819,0.536173,0,-1.093770980834961,-0.30092594027519226,0.0504159,999,,,,,,,51.1,3.93076923,51.1,3.93076923,,,,,,,,,,,,,,,,,,,"Dairon Blanco","19779",680118
"DJ LeMahieu",,28,119,106.707,24.9923,18.8818,3.8703,0.25963,1.98056,12.0678,10.7631,10.8298,0.0733849,25.9606,0.487921,0.653143,0.32201,3.29855,0.38073,0.176903,0.234214,0.0910069,0.218156,0.417164,0.305954,0.331033,0.284506,0.636987,0.0968186,2.73428,0.289751,,-0.195182,11.3024,-2.75834,80.1489,-0.195182,0,-2.987182766199112,-0.5846042037010193,0.0466224,999,,,,,,,96.4,3.442857142,96.4,3.442857142,,,,,,,,,,,,,,,,,,,"DJ LeMahieu","9874",518934
"Tommy Troy","ARI",10,41.5047,37.9531,8.67701,5.96237,1.73229,0.10423,0.878128,4.42577,4.27484,2.77353,0.0269731,10.7348,0.421931,0.262996,0.0931689,0.702264,1.04401,0.19103,0.228625,0.0668245,0.25864,0.258369,0.286695,0.349172,0.280011,0.635866,0.120547,5.20483,0.293156,,0.0702936,3.79057,-1.11353,76.4172,0.0702936,0,-1.0897844657301903,0.15432098507881165,0.0455709,999,,,,,,,38.5,3.85,38.5,3.85,,,,,,,,,,,,,,,,,,,"Tommy Troy","sa3022561",694371
"Kahlil Watson","CLE",5,20.6523,18.7345,4.04157,2.50187,0.808939,0.0547977,0.675962,2.34382,2.26953,1.54893,0.0306722,6.28571,0.202588,0.138873,0.0274859,0.275968,0.621903,0.0854806,0.215729,0.0750002,0.304358,0.246421,0.280879,0.373002,0.285547,0.65388,0.157273,5.56192,0.282547,,0.0614978,1.97898,-0.461253,82.4308,0.0614978,0,-0.3661571256816387,0.07716049253940582,0.0431578,999,,,,,,,23.6,4.72,23.6,4.72,,,,,,,,,,,,,,,,,,,"Kahlil Watson","sa3017513",696135
"Brett Harris","ATH",41,171.624,154.261,34.8612,24.7138,6.84607,0.369442,2.93185,17.8606,14.4536,13.0554,0.127647,38.682,2.40439,0.894534,1.009,3.6956,2.08515,0.694702,0.225989,0.0760699,0.225388,0.337507,0.294939,0.332176,0.279276,0.627114,0.106187,3.99541,0.281213,,-0.131833,15.5719,-4.7068,74.1075,-0.131833,0,-5.369349658489227,-0.12654322385787964,0.0420636,748.0599975585938,,,,,,,136.5,3.329268292,136.5,3.329268292,,,,,,,,,,,,,,,,,,,"Brett Harris","29788",695391
"Ryan Ritter","COL",76,318.871,288.476,69.8922,49.2947,14.2025,2.07129,4.32372,34.5586,26.795,20.2264,0.738088,90.2988,5.48004,1.91289,2.77631,5.73869,6.10223,1.63186,0.242281,0.0634311,0.283182,0.223994,0.302436,0.350839,0.287939,0.653275,0.108558,5.62847,0.334933,,0.061913,31.1746,-6.50252,69.1794,0.061913,0,-11.586087759584188,1.3724716901779175,0.0404454,625.1099853515625,,,,,,,274.4,3.610526315,274.4,3.610526315,,,,,,,,,,,,,,,,,,,"Ryan Ritter","31500",690022
"Anthony Seigler","MIL",10,41.5663,36.5149,7.71252,5.12985,1.74883,0.130263,0.703571,4.18237,3.94796,4.34707,0.13636,9.42167,0.268559,0.294191,0.141579,0.601452,0.933545,0.264989,0.211215,0.104582,0.226666,0.461391,0.297603,0.324048,0.277596,0.621651,0.112832,4.69965,0.262666,,0.0147551,3.71472,-1.19666,76.5021,0.0147551,0,-1.1428617872297764,0.15432098507881165,0.0403502,999,,,,,,,36.9,3.69,36.9,3.69,,,,,,,,,,,,,,,,,,,"Anthony Seigler","23802",678011
"Kyren Paris","LAA",36,149.992,134.782,27.4424,17.343,5.43413,0.614034,4.05118,16.8047,13.128,12.3515,0.0479359,52.765,1.62608,0.733561,0.49849,1.7576,5.28085,1.22411,0.203605,0.0823476,0.351785,0.234085,0.277068,0.343206,0.274453,0.620275,0.139601,5.92956,0.297221,,0.348425,13.0217,-4.70096,72.4259,0.348425,0,-4.526203989982605,-0.252525269985199,0.0392621,744.5,,,,,,,122.7,3.408333333,122.7,3.408333333,,,,,,,,,,,,,,,,,,,"Kyren Paris","26420",677347
"Jace Jung","DET",11,47.8318,42.2189,8.71952,5.81325,1.66698,0.193001,1.0463,4.75117,4.44235,4.87823,0.110282,12.6674,0.384805,0.291775,0.0581173,0.751849,0.192162,0.0660752,0.206531,0.101987,0.264831,0.385102,0.292683,0.329506,0.277551,0.62219,0.122975,3.4169,0.266459,,-0.0610205,4.2729,-1.3788,75.4875,-0.0610205,0,-1.4429201819002628,0.1697530746459961,0.0381755,749.9400024414062,,,,,,,38.6,3.509090909,38.6,3.509090909,,,,,,,,,,,,,,,,,,,"Jace Jung","31437",690291
"Johan Rojas","PHI",23,96.7223,88.453,20.7378,15.3909,3.42409,0.61511,1.30768,11.4632,6.47566,4.83739,0.169096,20.8565,0.829914,0.580875,2.02112,1.60705,5.46857,1.08376,0.23445,0.0500131,0.215632,0.231937,0.278825,0.331421,0.267995,0.610246,0.0969708,7.14789,0.290566,,0.511993,7.88992,-3.53857,67.5596,0.511993,0,-3.206843674182892,0.354938268661499,0.0374534,999,,,,,,,78.1,3.395652173,78.1,3.395652173,,,,,,,,,,,,,,,,,,,"Johan Rojas","24336",679032
"Myles Straw","TOR",31,130.987,117.992,28.0965,21.365,4.69214,0.660312,1.37908,14.8749,9.24512,9.49462,0.348925,24.532,0.5034,0.983081,2.01392,2.18285,5.15058,1.06868,0.238123,0.0724853,0.187286,0.38703,0.295369,0.324146,0.274214,0.619514,0.086023,6.05435,0.287087,,0.38773,11.3464,-4.1307,74.0433,0.38773,0,-3.6195569336414337,-0.5287524461746216,0.0368369,999,,,,,,,105.1,3.39032258,105.1,3.39032258,,,,,,,,,,,,,,,,,,,"Myles Straw","17620",664702
"Drew Millas","WSN",5,18.3629,16.7457,3.94203,2.91848,0.785297,0.0492218,0.189035,1.70851,1.55196,1.30733,0.0516535,3.52922,0.107587,0.115997,0.0862713,0.367502,0.365185,0.110542,0.235406,0.0711941,0.192193,0.37043,0.293104,0.322046,0.272568,0.61515,0.08664,4.26178,0.285541,,-0.000498724,1.56609,-0.603623,72.3229,-0.000498724,-0.04,-0.6028584959567524,0.34580247849226,0.0362065,999,,,,,,,11.3,2.26,11.3,2.26,,,,,,,,,,,,,,,,,,,"Drew Millas","25643",686452
"Miles Mastrobuoni","SEA",8,34.4392,30.9971,7.07235,5.33397,1.39254,0.089488,0.25635,3.39884,2.45253,2.80112,0.0855611,6.98476,0.0899433,0.21413,0.336952,0.601094,1.17199,0.282774,0.228162,0.0813352,0.202814,0.401033,0.292163,0.303671,0.266249,0.595834,0.0755093,5.04763,0.284354,,0.0648627,2.76049,-1.30877,74.484,0.0648627,0,-0.9708463996648788,0.12345678359270096,0.0345767,999,,,,,,,22,2.75,22,2.75,,,,,,,,,,,,,,,,,,,"Miles Mastrobuoni","20017",670156
"Nacho Alvarez Jr.","ATL",3,14.083,12.7134,3.07227,2.25636,0.521828,0.0526137,0.241466,1.5452,1.31962,1.05358,0.0369633,2.90882,0.20272,0.075534,0.0377757,0.28126,0.188728,0.0778831,0.241657,0.0748123,0.206549,0.362202,0.308189,0.347959,0.290475,0.656147,0.106302,4.24324,0.293694,,-0.0170942,1.40583,-0.25818,84.099,-0.0170942,0,-0.28250150941312313,0.09259258955717087,0.0285078,736.8300170898438,,,,,,,9.7,3.233333333,9.7,3.233333333,,,,,,,,,,,,,,,,,,,"Nacho Alvarez Jr.","31765",805373
"Blaine Crim","COL",47,196.75,178.946,46.666,31.007,9.39366,0.366622,5.89873,22.271,24.4672,13.6571,0.352774,41.649,2.21173,1.73385,0.202177,3.76799,0.587026,0.210585,0.260783,0.0694135,0.211684,0.32791,0.318165,0.416267,0.318647,0.734432,0.155484,2.77164,0.306217,,-0.275963,24.1408,0.893255,90.2156,-0.275963,0,-2.5575813353061676,-3.726585626602173,0.0267821,641.3900146484375,,,,,,,216.6,4.608510638,216.6,4.608510638,,,,,,,,,,,,,,,,,,,"Blaine Crim","25714",688760
"Nate Furman","SFG",3,13.7174,12.2662,2.92316,2.18036,0.534683,0.046432,0.16169,1.47599,1.09046,1.07193,0.0250505,2.45804,0.22162,0.0884534,0.0692067,0.278118,0.341167,0.058548,0.23831,0.0781437,0.179191,0.436092,0.308957,0.329016,0.284832,0.637973,0.0907059,5.18003,0.283666,,0.0214888,1.30649,-0.314324,83.0978,0.0214888,0,-0.2533074151724577,0.046296294778585434,0.0255138,999,,,,,,,10.7,3.566666666,10.7,3.566666666,,,,,,,,,,,,,,,,,,,"Nate Furman","sa3020763",801501
"Eliezer Alfonzo","LAD",2,6.02173,5.60486,1.39674,1.0213,0.268106,0.0146672,0.0926683,0.610758,0.604392,0.301944,0.0203627,0.619258,0.0338148,0.0497025,0.0314087,0.132517,0.0363164,0.0078815,0.249201,0.0501425,0.102837,0.487591,0.289216,0.351871,0.279402,0.641087,0.102669,3.44581,0.263841,,-0.00478875,0.546984,-0.16453,77.494,-0.00478875,0.06,-0.16541391424834728,0.21432098373770714,0.0255015,999,,,,,,,-0.4,-0.2,-0.4,-0.2,,,,,,,,,,,,,,,,,,,"Eliezer Alfonzo","sa3003262",672613
"Daniel Susac","SFG",21,81.3247,76.0494,17.6516,12.402,3.22817,0.269597,1.7518,8.14949,7.95147,3.90337,0.137675,22.7968,0.749457,0.484782,0.137718,1.59287,0.648185,0.13842,0.232107,0.0479973,0.280318,0.171224,0.274729,0.350751,0.273001,0.62548,0.118643,3.96768,0.305851,,-0.03873,6.96447,-2.64467,74.9931,-0.03873,-1.63,-2.4490565061569214,-0.009629607200622559,0.0252719,999,,,,,,,69.2,3.295238095,69.2,3.295238095,,,,,,,,,,,,,,,,,,,"Daniel Susac","sa3019997",691740
"Nick Loftin","KCR",28,116.532,105.809,24.9811,17.5344,4.90406,0.542839,1.99977,12.2258,11.4161,8.39011,0.118235,18.8974,1.10357,0.866389,0.363685,2.3269,1.39959,0.452778,0.236097,0.0719981,0.162164,0.443982,0.296764,0.349406,0.284905,0.64617,0.113309,4.45273,0.267916,,-0.0831519,11.1058,-2.66335,77.7876,-0.0831519,0,-3.1339565441012383,-0.6354393362998962,0.0247042,999,,,,,,,101.9,3.639285714,101.9,3.639285714,,,,,,,,,,,,,,,,,,,"Nick Loftin","27630",679845
"Jose Fernandez","ARI",5,20.7524,19.4556,4.8164,3.42231,0.918959,0.092087,0.383044,2.14842,2.21843,0.962994,0.0198341,4.90484,0.107776,0.143349,0.0825921,0.376424,0.363335,0.0732692,0.247558,0.0464041,0.236351,0.196335,0.28482,0.363322,0.282164,0.648143,0.115764,4.98759,0.309784,,0.0131312,1.93158,-0.520475,77.8926,0.0131312,0,-0.5306180482730269,0.07716049253940582,0.0242459,999,,,,,,,14.9,2.98,14.9,2.98,,,,,,,,,,,,,,,,,,,"Jose Fernandez","sa3015204",699912
"Wade Meckler","SFG",2,6.85871,6.23776,1.65823,1.22209,0.314407,0.0331895,0.088544,0.781515,0.616409,0.520082,0.00856735,1.29055,0.0431534,0.0394678,0.0182515,0.141878,0.0933229,0.0228644,0.265838,0.075828,0.188162,0.402994,0.324754,0.369468,0.305897,0.694222,0.10363,4.62193,0.320467,,-0.00242837,0.770549,-0.0398602,97.5279,-0.00242837,0,-0.022524396888911724,0.03086419589817524,0.0242001,999,,,,,,,8.2,4.1,8.2,4.1,,,,,,,,,,,,,,,,,,,"Wade Meckler","31490",685133
"Bryan Ramos","CHW",5,21.1799,19.5009,4.44472,2.9679,0.929624,0.026012,0.52118,2.07652,2.17909,1.26414,0.0189071,4.77203,0.253621,0.138768,0.0224728,0.343264,0.190136,0.0568031,0.227923,0.0596858,0.225309,0.264906,0.281815,0.35844,0.280531,0.640254,0.130516,3.35762,0.273484,,-0.0147227,1.94329,-0.559283,77.5341,-0.0147227,0,-0.5755398608744144,0.07716049253940582,0.0235932,999,,,,,,,17.7,3.54,17.7,3.54,,,,,,,,,,,,,,,,,,,"Bryan Ramos","25621",682868
"Max Anderson","DET",5,20.4994,19.1742,4.70464,3.34829,0.946513,0.0255791,0.38425,1.94039,2.15521,0.97981,0.0203149,3.60918,0.150113,0.154094,0.0411314,0.4586,0.0371881,0.00880361,0.245363,0.0477971,0.176063,0.271477,0.285194,0.357515,0.280597,0.642708,0.112152,2.27748,0.281736,,-0.0255972,1.88194,-0.54022,77.5857,-0.0255972,0,-0.5671472065150738,0.07716049253940582,0.0220553,999,,,,,,,14.9,2.98,14.9,2.98,,,,,,,,,,,,,,,,,,,"Max Anderson","sa3022567",801194
"Petey Halpin","CLE",5,20.6523,18.9218,4.27099,2.89157,0.893128,0.0750513,0.411233,2.09798,1.94609,1.4283,0.0235362,5.21901,0.11919,0.13505,0.0480411,0.323856,0.367485,0.0814697,0.225718,0.0691594,0.252708,0.273674,0.282392,0.346052,0.276175,0.628444,0.120334,4.68164,0.287471,,0.0109839,1.82184,-0.618393,75.9751,0.0109839,0,-0.5738111352548003,0.07716049253940582,0.0219122,999,,,,,,,9.3,1.86,9.3,1.86,,,,,,,,,,,,,,,,,,,"Petey Halpin","27931",690984
"Stuart Fairchild","CLE",5,20.6523,18.4291,3.95654,2.59101,0.783837,0.0970904,0.484597,2.33388,1.74465,1.51759,0.0287064,5.62737,0.377585,0.118777,0.209345,0.281284,0.671755,0.172684,0.21469,0.0734827,0.272481,0.26968,0.286245,0.346645,0.279757,0.632891,0.131955,5.88082,0.279188,,0.0342071,1.88191,-0.558326,78.4428,0.0342071,0,-0.49052082747220993,-0.02572016604244709,0.0199079,999,,,,,,,15.2,3.04,15.2,3.04,,,,,,,,,,,,,,,,,,,"Stuart Fairchild","20321",656413
"Brett Sullivan","COL",6,25.1996,23.1945,5.31094,3.60667,1.21548,0.0946312,0.394161,2.36747,2.49283,1.59875,0.0527815,3.98837,0.156543,0.218961,0.0308084,0.411057,0.17618,0.052325,0.228974,0.0634434,0.158271,0.400852,0.280754,0.340519,0.272309,0.621273,0.111545,3.65782,0.258357,,-0.0212414,2.14388,-0.833641,58.473,-0.0212414,0.15,-1.2615165784955025,0.6129629611968994,0.0194232,999,,,,,,,13.9,2.316666666,13.9,2.316666666,,,,,,,,,,,,,,,,,,,"Brett Sullivan","18217",664954
"Héctor Rodríguez","CIN",6,27.5697,25.9566,6.66854,4.47775,1.34677,0.140412,0.703607,3.02265,3.19632,1.19576,0.0722245,4.45177,0.170967,0.184136,0.0621716,0.488627,0.527619,0.108293,0.256911,0.0433724,0.161473,0.268604,0.292112,0.400936,0.298653,0.693048,0.144025,5.0696,0.284242,,0.0230694,2.9352,-0.32237,85.2921,0.0230694,0,-0.4575209300965071,-0.277777761220932,0.0186158,999,,,,,,,30.4,5.066666666,30.4,5.066666666,,,,,,,,,,,,,,,,,,,"Hector Rodriguez","sa3015828",699302
"Bryan Torres","STL",10,41.2016,37.4728,9.31256,7.14606,1.85186,0.149932,0.164712,4.20444,3.0543,2.94713,0.111744,7.31777,0.180817,0.26155,0.339261,0.900805,1.07089,0.210129,0.248515,0.0715296,0.177609,0.402736,0.30445,0.319123,0.277014,0.623572,0.0706075,5.10888,0.30239,,0.0610378,3.66266,-1.20563,77.4969,0.0610378,0,-1.0378445610404015,-0.15432098507881165,0.0182751,999,,,,,,,30.1,3.01,30.1,3.01,,,,,,,,,,,,,,,,,,,"Bryan Torres","sa885119",663494
"Ben Cowles","CHW",2,7.05998,6.43622,1.49269,0.998406,0.343673,0.011329,0.139286,0.723647,0.671444,0.491122,0.00301602,1.73422,0.0795431,0.0443344,0.00875384,0.106073,0.117545,0.0213262,0.231921,0.0695642,0.245641,0.283195,0.292624,0.35376,0.284888,0.646385,0.12184,4.39985,0.293768,,0.00443691,0.672739,-0.161452,80.5356,0.00443691,0,-0.15752662997692823,0.09259258955717087,0.0182177,999,,,,,,,-0.4,-0.2,-0.4,-0.2,,,,,,,,,,,,,,,,,,,"Ben Cowles","sa3016976",701496
"Blake Dunn","CIN",8,34.4621,30.6485,6.89553,4.86269,1.19734,0.124458,0.711039,3.83835,2.91759,2.55612,0.0275721,10.2123,0.808335,0.184977,0.264125,0.593533,1.11158,0.273042,0.224987,0.0741719,0.296335,0.250297,0.300017,0.341775,0.285862,0.641793,0.116788,5.74705,0.31062,,0.0563699,3.31111,-0.760852,76.5299,0.0563699,0,-0.9022578112781048,-0.07407407462596893,0.0174167,999,,,,,,,34.4,4.3,34.4,4.3,,,,,,,,,,,,,,,,,,,"Blake Dunn","29487",694362
"Korey Lee","CHW",26,102.874,96.0972,20.441,13.9034,3.92776,0.143201,2.46662,9.7531,9.80102,5.40414,0.0467593,29.1585,0.679696,0.491087,0.20188,1.64835,1.46008,0.486368,0.212712,0.0525317,0.283439,0.185337,0.258345,0.333569,0.259523,0.591915,0.120857,3.84431,0.276686,,-0.0388011,7.68412,-4.47124,63.0621,-0.0388011,-0.86,-4.517487950623035,1.1461728811264038,0.0173357,999,,,,,,,66.3,2.55,66.3,2.55,,,,,,,,,,,,,,,,,,,"Korey Lee","25543",686676
"Ryan Fitzgerald","MIN",3,13.816,12.4798,2.65132,1.69657,0.563641,0.063184,0.327926,1.41616,1.33345,1.02201,0.0348259,3.5697,0.156293,0.107533,0.0503083,0.205876,0.170003,0.0499721,0.212448,0.0739734,0.258375,0.286303,0.278201,0.346568,0.274305,0.624769,0.134119,4.56023,0.267372,,-0.00521291,1.1978,-0.434667,72.7445,-0.00521291,0,-0.4490341916680336,0.138888880610466,0.0169202,999,,,,,,,10.7,3.566666666,10.7,3.566666666,,,,,,,,,,,,,,,,,,,"Ryan Fitzgerald","24622",680837
"Willie MacIver","TEX",3,12.6588,11.5241,2.33612,1.59721,0.472431,0.0327796,0.233698,1.2341,1.07056,0.860356,0.00430625,3.61361,0.159329,0.0763805,0.0385404,0.219333,0.215611,0.0698947,0.202715,0.0679653,0.285463,0.238088,0.265907,0.310236,0.256496,0.576142,0.107521,4.67185,0.271167,,-0.00274835,0.914436,-0.581294,62.64,-0.00274835,0.05,-0.5601531679276377,0.28148147836327553,0.0160653,999,,,,,,,2.2,0.733333333,2.2,0.733333333,,,,,,,,,,,,,,,,,,,"Willie MacIver","24641",680862
"Kristian Robinson","ARI",3,13.8349,12.4545,2.66648,1.76057,0.493703,0.0384132,0.373791,1.53036,1.46538,1.16094,0.019075,4.97859,0.1284,0.0693601,0.0217259,0.219978,0.327648,0.0597747,0.214098,0.0839138,0.359857,0.233186,0.28638,0.349945,0.281016,0.636325,0.135847,5.13377,0.319696,,0.0210423,1.27482,-0.359879,77.1062,0.0210423,0,-0.35435265861451626,0.046296294778585434,0.0155755,999,,,,,,,7.8,2.6,7.8,2.6,,,,,,,,,,,,,,,,,,,"Kristian Robinson","sa3006884",677565
"Alan Roden","MIN",49,207.24,185.769,45.1109,32.9223,8.70433,0.901654,2.58262,22.2395,17.7625,15.8446,0.683151,37.5686,4.01372,1.34397,0.268054,4.60899,3.22227,0.880621,0.242833,0.0764557,0.181281,0.421752,0.313905,0.341103,0.290959,0.655008,0.0982698,4.78094,0.289383,,-0.0601075,20.7691,-3.7178,84.2169,-0.0601075,0,-3.9152319878339767,-3.0751028060913086,0.0145808,701.6699829101562,,,,,,,188.9,3.85510204,188.9,3.85510204,,,,,,,,,,,,,,,,,,,"Alan Roden","31564",702176
"Chadwick Tromp","ATL",6,26.1541,24.2261,5.10658,3.624,0.997319,0,0.485266,2.28787,2.55264,1.56194,0.000133647,6.22988,0.160635,0.168094,0.0372726,0.515087,0.00253457,0.00168145,0.210788,0.0597206,0.238199,0.250717,0.261485,0.312047,0.253902,0.573532,0.101259,1.45351,0.2614,,-0.0354771,1.83421,-1.2561,59.0451,-0.0354771,0.11,-1.3049964345991611,0.5729629546403885,0.0141313,999,,,,,,,12.9,2.15,12.9,2.15,,,,,,,,,,,,,,,,,,,"Chadwick Tromp","16953",644433
"Jason Delay","BOS",2,5.85475,5.33458,1.16935,0.870576,0.217701,0.0104018,0.0706713,0.504532,0.482876,0.357511,0.00444516,1.24188,0.0598771,0.0397076,0.0630781,0.111504,0.0365226,0.0142728,0.219202,0.0610634,0.212115,0.287879,0.273969,0.303654,0.257222,0.577623,0.0844525,3.22569,0.270495,,-0.00701383,0.42638,-0.265404,57.5382,-0.00701383,0.08,-0.3000218253582716,0.2343209832906723,0.0138951,999,,,,,,,0.6,0.3,0.6,0.3,,,,,,,,,,,,,,,,,,,"Jason Delay","19806",641511
"Drew Romo","NYM",2,5.91809,5.51165,1.21092,0.842365,0.252565,0.0112419,0.104751,0.533727,0.546771,0.284853,0.0104103,1.32614,0.0492193,0.0465872,0.0257798,0.0993305,0.0655923,0.0215298,0.219702,0.0481326,0.224083,0.214798,0.262205,0.326622,0.257749,0.588827,0.106919,3.8428,0.26801,,-0.00339611,0.433526,-0.265742,65.4525,-0.00339611,0.02,-0.24571809358894825,0.1743209846317768,0.0128402,999,,,,,,,-0.4,-0.2,-0.4,-0.2,,,,,,,,,,,,,,,,,,,"Drew Romo","27763",691011
"Zach Dezenzo","HOU",21,90.7624,82.8911,18.7688,12.5643,3.54701,0.186537,2.47094,9.99158,9.35021,6.52165,0.0347756,28.1071,0.733739,0.495381,0.120569,1.40664,1.17561,0.333184,0.226427,0.0718541,0.309678,0.232028,0.28711,0.363147,0.285549,0.650257,0.13672,4.11191,0.308622,,-0.0319359,8.69737,-2.02691,81.8234,-0.0319359,0,-1.9763583801686764,-1.0220797061920166,0.0128358,726.719970703125,,,,,,,79.7,3.795238095,79.7,3.795238095,,,,,,,,,,,,,,,,,,,"Zach Dezenzo","31562",701305
"Ronny Mauricio","NYM",71,303.796,282.548,64.2346,43.1864,12.4265,0.375093,8.24655,32.9807,30.6789,17.312,1.34753,74.9081,1.85196,1.69065,0.393177,4.80366,8.05368,3.11715,0.227341,0.0569856,0.246574,0.231109,0.274878,0.361535,0.276233,0.636413,0.134194,4.52131,0.278431,,-0.0685104,26.8136,-9.08222,78.1149,-0.0685104,0,-7.948483824729919,-2.041947364807129,0.0119623,484.3299865722656,,,,,,,249.2,3.509859154,249.2,3.509859154,,,,,,,,,,,,,,,,,,,"Ronny Mauricio","23698",677595
"Jonatan Clase","TOR",3,13.7881,12.523,2.7454,1.80946,0.572817,0.0703287,0.292793,1.71865,1.18558,1.04095,0.0162016,3.94784,0.0955112,0.0913619,0.0372412,0.145221,0.754444,0.130007,0.219228,0.0754966,0.286323,0.263676,0.2823,0.346342,0.276626,0.628642,0.127114,7.10375,0.292892,,0.0783078,1.22136,-0.407811,75.7047,0.0783078,0,-0.3165123015642166,-0.04629629850387573,0.0114339,999,,,,,,,11.6,3.866666666,11.6,3.866666666,,,,,,,,,,,,,,,,,,,"Jonatan Clase","26599",682729
"Justyn-Henry Malloy","DET",3,13.6662,11.8784,2.66403,1.74437,0.540454,0.0138174,0.365394,1.49039,1.4085,1.52612,0.00905087,3.7322,0.148436,0.0988824,0.0144234,0.214613,0.0760294,0.0284913,0.224276,0.111671,0.273096,0.408907,0.317804,0.364385,0.303344,0.682189,0.140109,2.83632,0.291718,,-0.0189727,1.50702,-0.107752,93.2553,-0.0189727,0,-0.12761124037206173,-0.23148147761821747,0.011385,999,,,,,,,13.7,4.566666666,13.7,4.566666666,,,,,,,,,,,,,,,,,,,"Justyn-Henry Malloy","29606",669234
"Brandon Valenzuela","TOR",3,12.8032,11.6403,2.49868,1.69061,0.529026,0.0259084,0.253133,1.24393,1.21898,0.984185,0.0291952,3.38475,0.0774572,0.0791231,0.0221521,0.195311,0.0545615,0.0134932,0.214658,0.0768701,0.264367,0.29077,0.278562,0.329796,0.26876,0.608358,0.115138,3.08885,0.277861,,-0.0125901,1.05236,-0.460443,70.2865,-0.0125901,-0.1,-0.4609695142135024,0.13148147612810135,0.0113749,999,,,,,,,5.1,1.7,5.1,1.7,,,,,,,,,,,,,,,,,,,"Brandon Valenzuela","sa3005729",678218
"Maverick Handley","BAL",2,5.97336,5.3467,1.05699,0.76673,0.193271,0.0104354,0.0865587,0.569617,0.452623,0.453228,0.000030524,1.64939,0.10557,0.0316035,0.0362538,0.120124,0.0823768,0.0146252,0.197691,0.0758749,0.276124,0.274785,0.272152,0.28631,0.252826,0.558461,0.0886187,4.36955,0.266431,,0.0017356,0.413701,-0.292097,60.1508,0.0017356,0.03,-0.27881428599357605,0.1843209844082594,0.0113669,999,,,,,,,0.6,0.3,0.6,0.3,,,,,,,,,,,,,,,,,,,"Maverick Handley","26106",668974
"Heston Kjerstad","BAL",3,13.9378,12.7123,2.95574,1.94138,0.588124,0.0569824,0.369253,1.50447,1.50625,0.856152,0.0408848,3.5891,0.252521,0.0998983,0.0169883,0.23867,0.0708559,0.0208273,0.232511,0.0614264,0.257508,0.238542,0.291966,0.374881,0.290931,0.666847,0.14237,3.84596,0.292132,,-0.0142235,1.3965,-0.250361,86.3996,-0.0142235,0,-0.23764201160520315,-0.138888880610466,0.0105573,732.8900146484375,,,,,,,9.7,3.233333333,9.7,3.233333333,,,,,,,,,,,,,,,,,,,"Heston Kjerstad","31166",677008
"Garrett Hampson",,24,105,94.3752,20.1963,14.5087,3.67662,0.696558,1.31441,11.1645,7.11199,7.97126,0.059304,29.3204,0.76963,0.620883,1.26306,1.49808,3.45601,0.66382,0.214,0.0759167,0.279242,0.271867,0.278948,0.309502,0.262487,0.588449,0.0955015,6.42068,0.293374,,0.266262,8.09559,-4.31097,65.023,0.266262,0,-4.07441046833992,0.6172839403152466,0.00987583,999,,,,,,,74.6,3.108333333,74.6,3.108333333,,,,,,,,,,,,,,,,,,,"Garrett Hampson","19262",641658
"Ji Hwan Bae","NYM",6,27.6178,24.8355,5.78304,4.26917,1.06711,0.0857631,0.360994,3.18185,1.98775,2.32012,0.102336,6.93451,0.17087,0.148894,0.142412,0.470891,1.40096,0.303986,0.232854,0.0840083,0.251089,0.334576,0.301144,0.326334,0.278794,0.627477,0.0934799,6.01495,0.306523,,0.111752,2.49503,-0.768226,79.8694,0.111752,0,-0.5471792593598366,-0.277777761220932,0.00960643,999,,,,,,,19.4,3.233333333,19.4,3.233333333,,,,,,,,,,,,,,,,,,,"Ji Hwan Bae","23818",678225
"Jhonny Pereda","MIN",2,5.92113,5.39154,1.20051,0.906017,0.230647,0.00010786,0.0637385,0.517135,0.485274,0.446757,0.0048407,1.38105,0.0331412,0.0306687,0.0190241,0.138234,0.00364177,0.00162613,0.222666,0.0754514,0.233242,0.32349,0.284714,0.300951,0.262457,0.585665,0.0782853,1.62331,0.285807,,-0.00905498,0.45638,-0.243247,64.5824,-0.00905498,-0.01,-0.2562250439077616,0.14432098530232906,0.00940166,999,,,,,,,0.6,0.3,0.6,0.3,,,,,,,,,,,,,,,,,,,"Jhonny Pereda","19802",640902
"Taylor Trammell","HOU",6,27.9269,24.6904,5.01385,3.13925,1.02012,0.0810853,0.773401,3.21607,2.63499,2.72681,0.0401726,8.47369,0.264023,0.187224,0.0584077,0.361257,0.70062,0.170728,0.203069,0.0976411,0.303424,0.321798,0.287231,0.344925,0.280286,0.632156,0.141856,5.20203,0.271292,,0.0300045,2.55677,-0.743006,78.1977,0.0300045,0,-0.6876214947551489,-0.18518517911434174,0.0090436,999,,,,,,,26.2,4.366666666,26.2,4.366666666,,,,,,,,,,,,,,,,,,,"Taylor Trammell","19960",666211
"Kyle Isbel","KCR",113,479.839,434.281,98.2082,70.2882,17.5584,3.82811,6.5335,50.9479,37.0732,30.203,0.591483,94.6234,4.23939,2.9869,8.12863,9.27687,10.7224,2.50987,0.22614,0.062944,0.197198,0.319191,0.281212,0.329333,0.2694,0.610545,0.103194,5.93273,0.272751,,0.42915,39.6893,-17.0074,67.1065,0.42915,0,-18.173671543598175,1.7438271045684814,0.00874149,719.719970703125,,,,,,,370.1,3.275221238,370.1,3.275221238,,,,,,,,,,,,,,,,,,,"Kyle Isbel","21614",664728
"Eduardo Valencia","DET",5,19.5232,17.9117,4.15572,2.9038,0.880769,0.022785,0.348363,1.84028,1.85289,1.15046,0.0279633,4.08436,0.162916,0.143561,0.154599,0.413067,0.115225,0.023085,0.232012,0.0589276,0.209206,0.281673,0.282369,0.342076,0.274277,0.624445,0.110064,3.07244,0.27949,,-0.0140645,1.69215,-0.614665,73.2325,-0.0140645,-0.1,-0.6299954270943999,0.028600819408893585,0.00721937,999,,,,,,,10.3,2.06,10.3,2.06,,,,,,,,,,,,,,,,,,,"Eduardo Valencia","sa3006622",680664
"Luca Tresh","KCR",3,12.7304,11.7163,2.53469,1.6919,0.529919,0.0281732,0.284703,1.18654,1.355,0.832207,0.00364179,3.27534,0.074489,0.0873782,0.020028,0.201717,0.0347125,0.00779533,0.216339,0.0653715,0.257284,0.254083,0.270754,0.339276,0.268188,0.61003,0.122937,2.74178,0.272936,,-0.0133808,1.04045,-0.463746,66.2715,-0.0133808,-0.08,-0.5194536056369543,0.1514814794063568,0.00718116,999,,,,,,,10.7,3.566666666,10.7,3.566666666,,,,,,,,,,,,,,,,,,,"Luca Tresh","sa3017394",681123
"Nick Raposo","SEA",2,5.90386,5.42747,1.09714,0.73231,0.230126,0.0178116,0.116897,0.502616,0.568637,0.384408,0.00402815,1.41339,0.0417606,0.0362291,0.0139991,0.0924823,0.0140168,0.00251654,0.202147,0.0651113,0.239401,0.271976,0.258633,0.315724,0.253808,0.574357,0.113578,2.87472,0.24921,,-0.00584851,0.413593,-0.283994,65.914,-0.00584851,-0.05,-0.24303203588351607,0.10432098433375359,0.00659817,999,,,,,,,0.6,0.3,0.6,0.3,,,,,,,,,,,,,,,,,,,"Nick Raposo","sa3015018",695596
"Matthew Wood","MIL",2,5.93805,5.33321,1.16088,0.824741,0.245596,0.0227492,0.0677962,0.520267,0.560217,0.490099,0.0177843,1.11939,0.0667658,0.0392757,0.00870254,0.106412,0.0201737,0.00461635,0.217671,0.0825353,0.188511,0.437827,0.289703,0.310388,0.267987,0.600091,0.0927177,3.05207,0.261173,,-0.00685925,0.484346,-0.21728,69.9193,-0.00685925,-0.07,-0.21856168191879988,0.08432098478078842,0.00647839,999,,,,,,,0.6,0.3,0.6,0.3,,,,,,,,,,,,,,,,,,,"Matthew Wood","sa3019924",687783
"Paul McIntosh","PHI",2,5.92177,5.36966,1.14734,0.783444,0.221631,0.00795532,0.13431,0.573331,0.60045,0.432306,0.0137539,1.45524,0.0733582,0.0375661,0.00888339,0.119736,0.0413251,0.011436,0.213671,0.0730028,0.245745,0.297068,0.27956,0.332947,0.270792,0.612507,0.119276,3.17819,0.265353,,-0.0048377,0.496505,-0.203198,69.4758,-0.0048377,-0.07,-0.2190724741667509,0.08432098478078842,0.00637073,999,,,,,,,0.6,0.3,0.6,0.3,,,,,,,,,,,,,,,,,,,"Paul McIntosh","sa3017372",682192
"Collin Price","HOU",2,5.98434,5.42386,1.10579,0.703085,0.233559,0.0101603,0.158982,0.60173,0.598131,0.472343,0.00111883,1.72078,0.0455672,0.0355403,0.00702305,0.0784533,0.0423366,0.00891356,0.203874,0.0789299,0.287547,0.274493,0.271643,0.338616,0.269665,0.61026,0.134742,3.55485,0.264497,,-0.00323616,0.496275,-0.210821,70.8811,-0.00323616,-0.09,-0.20861842087469995,0.06432098150253296,0.00630999,999,,,,,,,0.6,0.3,0.6,0.3,,,,,,,,,,,,,,,,,,,"Collin Price","sa3019935",805672
"Tomás Nido","DET",3,12.6901,11.6434,2.55505,1.85474,0.453902,0.00244004,0.243975,1.08441,1.08489,0.561079,0.0202908,3.15605,0.0863855,0.0890408,0.293993,0.270538,0.0447902,0.0216454,0.219442,0.044214,0.248702,0.177779,0.258687,0.321707,0.254228,0.580394,0.102265,2.31936,0.27736,,-0.0162909,0.893332,-0.606099,59.4215,-0.0162909,0.01,-0.623212480917573,0.24148147739470005,0.00563136,999,,,,,,,7.8,2.6,7.8,2.6,,,,,,,,,,,,,,,,,,,"Tomas Nido","13755",621512
"Tim Anderson",,10,42,39.171,9.62913,7.64641,1.57626,0.0711043,0.335355,4.08498,3.43977,1.75285,0.00595224,10.8695,0.330963,0.20142,0.106967,1.0498,0.855687,0.298376,0.245823,0.0417346,0.258799,0.161263,0.282537,0.315377,0.264498,0.597915,0.0695547,4.48893,0.329946,,-0.0152492,3.30681,-1.65581,66.4045,-0.0152492,0,-1.6829407904297113,0.3086419701576233,0.00482527,999,,,,,,,30.7,3.07,30.7,3.07,,,,,,,,,,,,,,,,,,,"Tim Anderson","15172",641313
"Tsung-Che Cheng","PIT",2,7.36558,6.59047,1.46445,1.00303,0.317913,0.0257256,0.117779,0.779745,0.591824,0.566658,0.0127479,1.73835,0.0513197,0.0463771,0.110753,0.123015,0.188711,0.0326146,0.222207,0.0769332,0.23601,0.325975,0.28704,0.331866,0.27394,0.618906,0.109658,5.29862,0.281688,,0.0137688,0.636387,-0.233913,71.3595,0.0137688,0,-0.23625513818114996,0.03086419589817524,0.00405808,999,,,,,,,1.6,0.8,1.6,0.8,,,,,,,,,,,,,,,,,,,"Tsung-Che Cheng","28344",691907
"Hayden Senger","NYM",2,5.91809,5.44011,1.09616,0.771004,0.221937,0.0112334,0.0919834,0.499993,0.483111,0.321516,0.000030241,1.74341,0.0925501,0.0348647,0.0290504,0.102912,0.0210559,0.00775297,0.201495,0.0543277,0.29459,0.184418,0.256446,0.297147,0.246653,0.553593,0.0956513,2.96639,0.275904,,-0.00678705,0.38021,-0.319058,57.8514,-0.00678705,-0.01,-0.30242468509823084,0.14432098530232906,0.00396898,999,,,,,,,0.6,0.3,0.6,0.3,,,,,,,,,,,,,,,,,,,"Hayden Senger","21489",663584
"Vimael Machín","COL",13,54.276,48.7523,11.8974,8.61573,2.3974,0.0799808,0.804339,5.28143,5.39991,4.5882,0.256865,8.86884,0.351439,0.397865,0.186216,1.27253,0.157911,0.0644327,0.244039,0.0845347,0.163403,0.51734,0.31128,0.345991,0.290126,0.657271,0.101952,2.38168,0.281002,,-0.0825965,5.4027,-1.01042,70.6778,-0.0825965,0,-1.9688457921147346,0.20061726868152618,0.00384148,999,,,,,,,48.4,3.723076923,48.4,3.723076923,,,,,,,,,,,,,,,,,,,"Vimael Machin","17684",605353
"Akil Baddoo","MIL",11,48.4941,43.2075,8.98546,5.61694,1.81284,0.276107,1.27958,5.648,4.81935,4.6292,0.163998,13.822,0.248756,0.258407,0.150155,0.518971,2.02136,0.482716,0.207961,0.0954591,0.285025,0.334915,0.286767,0.351542,0.280984,0.638308,0.143581,6.29119,0.271675,,0.13839,4.46721,-1.26274,78.8225,0.13839,0,-1.0787966400384903,-0.5092592835426331,0.00259397,744.6699829101562,,,,,,,41.4,3.763636363,41.4,3.763636363,,,,,,,,,,,,,,,,,,,"Akil Baddoo","22168",668731
"Steward Berroa","MIL",2,6.92772,6.20135,1.27648,0.869443,0.257653,0.0371736,0.112215,0.793411,0.503899,0.576654,0.00980037,2.01368,0.0399395,0.0366453,0.0731374,0.0804002,0.413033,0.0885781,0.20584,0.0832386,0.29067,0.286368,0.276177,0.313662,0.262698,0.589839,0.107822,7.01706,0.283133,,0.0365867,0.535321,-0.283242,66.2962,0.0365867,0,-0.2401481755077839,0.03086419589817524,0.00216934,999,,,,,,,2.6,1.3,2.6,1.3,,,,,,,,,,,,,,,,,,,"Steward Berroa","22766",672642
"Shay Whitcomb","HOU",6,27.9269,25.8009,5.41238,3.53727,1.04128,0.0287969,0.805038,2.9575,2.8597,1.69021,0.0966975,8.10841,0.245299,0.160242,0.0302355,0.38451,0.605623,0.179891,0.209775,0.0605226,0.290344,0.208451,0.263396,0.345971,0.26582,0.609367,0.136196,4.49866,0.270261,,0.0119652,2.22876,-1.07102,68.2323,0.0119652,0,-1.0336724305525422,0.09259258955717087,0.0020584,999,,,,,,,22.2,3.7,22.2,3.7,,,,,,,,,,,,,,,,,,,"Shay Whitcomb","27789",694376
"Brett Wisely","ATL",3,14.083,12.6844,2.76908,1.89662,0.596841,0.0271341,0.248489,1.44407,1.25194,1.05707,0.0238084,3.38768,0.0947865,0.101184,0.145547,0.21657,0.267425,0.0800547,0.218306,0.0750602,0.240551,0.312034,0.281324,0.328408,0.269736,0.609733,0.110102,4.48922,0.275493,,0.000733331,1.1687,-0.495316,69.8918,0.000733331,0,-0.5018093439866789,0.046296294778585434,0.00133321,999,,,,,,,9.7,3.233333333,9.7,3.233333333,,,,,,,,,,,,,,,,,,,"Brett Wisely","27735",689172
"Jose Herrera","TEX",2,5.8425,5.06645,0.972807,0.742416,0.162083,0.0070601,0.0612482,0.486043,0.323971,0.523793,0.0121553,1.45731,0.0413779,0.0383833,0.172495,0.125778,0.0299631,0.0109494,0.19201,0.0896521,0.249433,0.359423,0.271248,0.263055,0.243499,0.534303,0.0710454,2.82928,0.25418,,-0.00704337,0.360393,-0.329944,53.6865,-0.00704337,-0.02,-0.32596147479489446,0.13432098552584648,0.000966744,999,,,,,,,3.6,1.8,3.6,1.8,,,,,,,,,,,,,,,,,,,"Jose Herrera","17040",645444
"César Prieto","STL",2,6.86693,6.46574,1.55145,1.14185,0.309819,0.0153944,0.0843837,0.624529,0.640197,0.260886,0.0112282,1.0036,0.0683132,0.0454151,0.0265765,0.159379,0.0639363,0.0191204,0.239949,0.0379916,0.14615,0.25995,0.274935,0.331781,0.265589,0.606716,0.0918316,3.70904,0.270518,,-0.00468014,0.54674,-0.26464,69.6698,-0.00468014,0,-0.2515294859185815,0.03086419589817524,0.000797943,999,,,,,,,5.2,2.6,5.2,2.6,,,,,,,,,,,,,,,,,,,"Cesar Prieto","30163",693409
"Shane McGuire","ATH",3,12.7492,11.391,2.46144,1.72952,0.535174,0.0272686,0.169474,1.22581,1.0524,1.10627,0.0147918,2.90536,0.115379,0.0904445,0.0461097,0.243179,0.0908158,0.0212709,0.216086,0.0867716,0.227885,0.380769,0.289936,0.31249,0.269753,0.602426,0.0964035,3.49075,0.272638,,-0.00993267,1.05819,-0.448225,67.5472,-0.00993267,-0.17,-0.497581934556365,0.061481475830078125,0.000276946,999,,,,,,,6.1,2.033333333,6.1,2.033333333,,,,,,,,,,,,,,,,,,,"Shane McGuire","sa3017284",676063
"Alika Williams","PIT",5,22.0967,20.2098,4.6193,3.42379,0.917749,0.0571007,0.220662,1.97488,1.80447,1.32413,0.0184786,4.76923,0.169826,0.168341,0.224617,0.392358,0.200889,0.0660617,0.228567,0.0599244,0.215834,0.277641,0.2795,0.312385,0.262459,0.591885,0.0838175,3.60456,0.285844,,-0.0192191,1.70318,-0.90772,63.4944,-0.0192191,0,-0.9752723723649979,0.23148147761821747,-0.000882687,999,,,,,,,13.9,2.78,13.9,2.78,,,,,,,,,,,,,,,,,,,"Alika Williams","27604",675961
"Cristian Pache","NYM",3,13.8089,12.5832,2.60915,1.7615,0.506604,0.0677596,0.273283,1.39101,1.15461,1.0143,0.00924671,4.09477,0.0839692,0.0724627,0.0549529,0.238085,0.195975,0.0644816,0.207352,0.0734528,0.296531,0.247707,0.269554,0.323536,0.262529,0.59309,0.116184,4.94752,0.281851,,-0.00602961,1.06515,-0.566478,68.7267,-0.00602961,0,-0.517860060557723,0.046296294778585434,-0.00124195,999,,,,,,,9.7,3.233333333,9.7,3.233333333,,,,,,,,,,,,,,,,,,,"Cristian Pache","19948",665506
"Trei Cruz","DET",3,13.6662,12.3048,2.47396,1.64416,0.528692,0.0653104,0.235804,1.3059,1.15926,1.19574,0.0293802,3.75606,0.0532109,0.0840338,0.0284539,0.199023,0.160282,0.0351982,0.201057,0.0874959,0.274842,0.31835,0.272985,0.312129,0.260248,0.585115,0.111073,4.4803,0.266544,,-0.00126321,1.02884,-0.585929,63.5683,-0.00126321,0,-0.5880783260799944,0.09259258955717087,-0.0025697,999,,,,,,,5.1,1.7,5.1,1.7,,,,,,,,,,,,,,,,,,,"Trei Cruz","sa3014420",669360
"Christian Franklin","WSN",5,20.2958,17.9606,4.02785,2.94478,0.704265,0.0530049,0.325805,2.08526,1.71024,1.89288,0.0125871,5.27713,0.269394,0.104562,0.0683713,0.439639,0.517666,0.11543,0.22426,0.0932644,0.260011,0.358694,0.306026,0.323794,0.283096,0.62982,0.099534,4.94124,0.297061,,0.0226307,1.90443,-0.493681,79.5348,0.0226307,0,-0.4696539118885994,-0.23148147761821747,-0.00264876,999,,,,,,,15.2,3.04,15.2,3.04,,,,,,,,,,,,,,,,,,,"Christian Franklin","sa3017510",681047
"Davis Wendzel","PIT",2,7.36558,6.70177,1.3331,0.900088,0.26493,0.00835805,0.159726,0.644584,0.709551,0.495197,0.00776759,1.74413,0.101594,0.0529117,0.0141067,0.11573,0.0442307,0.0109205,0.198918,0.0672313,0.236794,0.283923,0.262518,0.312444,0.255323,0.574962,0.113526,3.02392,0.241892,,-0.00545663,0.525052,-0.345248,58.6059,-0.00545663,0,-0.36681565595790744,0.09259258955717087,-0.00298431,999,,,,,,,-1.4,-0.7,-1.4,-0.7,,,,,,,,,,,,,,,,,,,"Davis Wendzel","26469",673995
"Matt Koperniak","STL",3,13.7339,12.6692,2.91895,2.13212,0.512921,0.0327357,0.241177,1.32725,1.2828,0.810647,0.0161323,2.88947,0.123284,0.0853629,0.0454109,0.309916,0.139207,0.0398178,0.230398,0.0590255,0.21039,0.280552,0.28147,0.333162,0.271001,0.614631,0.102763,3.76546,0.278243,,-0.00859932,1.15384,-0.468924,73.3778,-0.00859932,0,-0.4419413935393095,-0.04629629850387573,-0.0032033,999,,,,,,,9.7,3.233333333,9.7,3.233333333,,,,,,,,,,,,,,,,,,,"Matt Koperniak","sa3014834",689288
"Sebastián Rivero","LAA",2,5.84384,5.43444,1.05746,0.734576,0.236145,0.0028128,0.0839292,0.420754,0.471162,0.251179,0.00161927,1.48084,0.0640699,0.0421108,0.052043,0.0936249,0.0221986,0.0090598,0.194586,0.0429819,0.253402,0.16962,0.23701,0.285406,0.231103,0.522416,0.0908204,2.31533,0.248872,,-0.00619034,0.30166,-0.388834,42.5637,-0.00619034,0.01,-0.40179101657122374,0.16432098485529423,-0.00371749,999,,,,,,,0.6,0.3,0.6,0.3,,,,,,,,,,,,,,,,,,,"Sebastian Rivero","21735",665861
"Blake Hunt","SDP",3,13.6516,12.6767,2.59594,1.69694,0.575942,0.0312311,0.291826,1.19348,1.3592,0.71073,0.00342601,3.67165,0.144535,0.103557,0.016145,0.199139,0.0436836,0.00913728,0.204781,0.052062,0.268954,0.193572,0.253105,0.324204,0.253517,0.577308,0.119423,2.9122,0.261334,,-0.0118313,0.953135,-0.659909,62.9911,-0.0118313,-0.13,-0.6106346109881997,0.10148148238658905,-0.00562314,999,,,,,,,9.7,3.233333333,9.7,3.233333333,,,,,,,,,,,,,,,,,,,"Blake Hunt","sa3004153",675448
"Grant McCray","SFG",16,68.5871,62.4094,13.243,8.55651,2.83682,0.353212,1.49644,7.9242,5.79046,5.03479,0.059227,23.2522,0.611908,0.354067,0.176942,0.882132,2.39497,0.474102,0.212195,0.0734072,0.339017,0.21653,0.276124,0.340903,0.272019,0.617026,0.128707,6.39072,0.308999,,0.191467,5.81898,-2.28512,74.3206,0.191467,0,-1.8960095942020416,-0.4444444477558136,-0.00598983,999,,,,,,,50.7,3.16875,50.7,3.16875,,,,,,,,,,,,,,,,,,,"Grant McCray","25690",687529
"Dominic Fletcher","PIT",2,7.36558,6.75412,1.5139,1.09916,0.310183,0.0218706,0.082685,0.655025,0.635012,0.432786,0.016834,1.57741,0.0785662,0.0517578,0.0483448,0.137635,0.052676,0.0208693,0.224145,0.058758,0.21416,0.274366,0.276779,0.313273,0.261043,0.590051,0.0891277,3.63275,0.278134,,-0.00853208,0.559262,-0.311037,62.5248,-0.00853208,0,-0.33568066731095314,0.03086419589817524,-0.00611439,999,,,,,,,4.2,2.1,4.2,2.1,,,,,,,,,,,,,,,,,,,"Dominic Fletcher","26149",666150
"Tyler Black","MIL",2,6.92772,6.10729,1.35304,0.928098,0.267814,0.0445398,0.112593,0.763214,0.626938,0.668689,0.0255131,1.56903,0.103933,0.0383086,0.00950042,0.105144,0.21661,0.0630854,0.221546,0.0965237,0.226485,0.426181,0.307256,0.33529,0.286394,0.642546,0.113745,5.73422,0.27788,,0.00642828,0.668603,-0.149961,82.5286,0.00642828,0,-0.13702555280178785,-0.15432098507881165,-0.00622669,742.6699829101562,,,,,,,2.6,1.3,2.6,1.3,,,,,,,,,,,,,,,,,,,"Tyler Black","29949",672012
"Rodolfo Durán","SDP",3,13.6516,12.8057,2.75666,1.83519,0.604078,0.0271968,0.290195,1.21875,1.38309,0.612436,0.00366723,3.25452,0.103099,0.0978722,0.0325078,0.236811,0.0467056,0.0100265,0.215268,0.0448618,0.238398,0.18818,0.254951,0.334673,0.257458,0.589623,0.119404,2.96483,0.263544,,-0.0115798,0.996811,-0.616233,65.6905,-0.0115798,-0.18,-0.5667069917544723,0.051481470465660095,-0.00624443,999,,,,,,,9.7,3.233333333,9.7,3.233333333,,,,,,,,,,,,,,,,,,,"Rodolfo Duran","sa877500",660710
"Trey Lipscomb","WSN",2,6.76527,6.32951,1.45959,1.13667,0.246907,0.0233312,0.0526841,0.599271,0.534484,0.335541,0.00361015,1.36494,0.0422688,0.0403872,0.0175607,0.140888,0.144091,0.0543683,0.230601,0.0495976,0.201757,0.245828,0.2723,0.301953,0.254515,0.574253,0.0713517,4.60384,0.284094,,-0.00342086,0.477823,-0.321546,59.9563,-0.00342086,0,-0.3245013915002346,0.03086419589817524,-0.00701404,999,,,,,,,-0.4,-0.2,-0.4,-0.2,,,,,,,,,,,,,,,,,,,"Trey Lipscomb","31567",702358
"Marco Luciano","PIT",2,7.36558,6.61396,1.45028,1.00871,0.279252,0.0182051,0.144107,0.728829,0.698605,0.648941,0.0141297,2.17191,0.0490504,0.043788,0.00983258,0.123422,0.0617406,0.0221372,0.219275,0.0881046,0.294873,0.298788,0.292053,0.332367,0.277397,0.62442,0.113091,3.69991,0.300841,,-0.00789128,0.657057,-0.213243,73.7273,-0.00789128,0,-0.23724533151835203,-0.09259258955717087,-0.0086744,744.5599975585938,,,,,,,1.6,0.8,1.6,0.8,,,,,,,,,,,,,,,,,,,"Marco Luciano","25616",682617
"Spencer Jones","NYY",8,34.7609,31.8387,6.67505,4.32526,1.34984,0.139498,0.860448,3.76848,3.14383,2.48036,0.117924,12.7514,0.243062,0.154999,0.0437688,0.465348,1.00837,0.16448,0.209652,0.0713548,0.366832,0.194517,0.270715,0.341887,0.268497,0.612602,0.132235,5.79359,0.316323,,0.0885617,2.84973,-1.25754,70.6296,0.0885617,0,-1.114735722541809,-0.17283950746059418,-0.00932693,999,,,,,,,27.4,3.425,27.4,3.425,,,,,,,,,,,,,,,,,,,"Spencer Jones","sa3019969",682987
"Tim Tawa","ARI",32,138.349,126.658,28.8652,19.2646,5.79865,0.402681,3.39927,14.8525,15.0674,9.48061,0.0238707,35.8886,0.949803,0.906124,0.354358,2.43504,2.48351,0.816798,0.227899,0.0685267,0.259406,0.264167,0.284762,0.360554,0.283014,0.645316,0.132655,4.61406,0.28848,,-0.0336695,12.9726,-3.37444,78.4744,-0.0336695,0,-3.5632746815681458,-1.1358025074005127,-0.00983942,534.3300170898438,,,,,,,112,3.5,112,3.5,,,,,,,,,,,,,,,,,,,"Tim Tawa","29571",694374
"Samad Taylor","SEA",8,34.4392,30.8833,6.23083,4.38513,1.20803,0.175087,0.462582,3.70055,2.29145,2.71747,0.0443766,10.27,0.306186,0.226636,0.305635,0.4567,1.79371,0.378662,0.201754,0.0789062,0.298206,0.264603,0.271125,0.297144,0.25437,0.568269,0.0953896,6.80356,0.283071,,0.155057,2.42834,-1.64091,66.3013,0.155057,0,-1.2127965986728668,-0.07407407462596893,-0.0103877,999,,,,,,,18.3,2.2875,18.3,2.2875,,,,,,,,,,,,,,,,,,,"Samad Taylor","22274",669392
"Rhylan Thomas","SEA",3,13.7757,12.7018,3.01818,2.29487,0.613025,0.0153356,0.0949492,1.26562,1.1038,0.775395,0.026997,1.73305,0.0574263,0.102379,0.138706,0.274572,0.338933,0.0752283,0.237619,0.0562872,0.125805,0.447417,0.282394,0.310722,0.262248,0.593116,0.0731035,4.46188,0.266325,,0.0165095,1.05945,-0.568249,71.7284,0.0165095,0,-0.44251492246985435,-0.138888880610466,-0.0109748,999,,,,,,,9.7,3.233333333,9.7,3.233333333,,,,,,,,,,,,,,,,,,,"Rhylan Thomas","31793",689041
"Victor Mesa Jr.","MIA",8,34.3187,31.5912,7.02753,4.77891,1.4733,0.118437,0.656879,3.21059,3.35171,2.11637,0.0517374,7.70567,0.212582,0.244715,0.153803,0.602369,0.418135,0.0798305,0.222452,0.0616681,0.224533,0.274651,0.273863,0.338966,0.26877,0.612829,0.116514,4.24765,0.271399,,0.00435283,2.82108,-1.23394,68.3602,0.00435283,0,-1.2825855994597077,0.024691354483366013,-0.0118789,999,,,,,,,25.5,3.1875,25.5,3.1875,,,,,,,,,,,,,,,,,,,"Victor Mesa Jr.","25999",683748
"Joey Loperfido","TOR",6,27.5762,25.115,5.57846,3.79318,1.09803,0.122702,0.564556,3.03666,2.52057,1.83077,0.0918099,8.42162,0.394089,0.151049,0.0853004,0.440806,0.566794,0.135826,0.222117,0.0663897,0.305395,0.217389,0.283852,0.343045,0.275686,0.626897,0.120928,5.33432,0.307983,,0.0186127,2.42166,-0.836676,75.0569,0.0186127,0,-0.7920808792114258,-0.277777761220932,-0.0123524,722.719970703125,,,,,,,28.8,4.8,28.8,4.8,,,,,,,,,,,,,,,,,,,"Joey Loperfido","29630",694388
"Jorge Barrosa","ARI",18,76.092,69.1894,15.8159,10.704,3.69178,0.303024,1.11704,7.93599,7.07079,5.15337,0.133082,16.4052,0.685151,0.505768,0.558312,1.3138,1.8632,0.481512,0.228588,0.0677255,0.215597,0.31413,0.286685,0.339139,0.27572,0.625824,0.110551,5.36563,0.281732,,0.0671223,6.68428,-2.30657,73.4777,0.0671223,0,-2.324788473546505,-0.32828283309936523,-0.0124282,999,,,,,,,63.4,3.522222222,63.4,3.522222222,,,,,,,,,,,,,,,,,,,"Jorge Barrosa","23968",678489
"José Barrero","BAL",3,13.9378,12.8529,2.44841,1.57732,0.488616,0.0268359,0.35563,1.44641,1.26645,0.758399,0.00206113,4.86525,0.214998,0.0815876,0.0299402,0.149716,0.367534,0.125803,0.190494,0.054413,0.349068,0.155881,0.246033,0.315694,0.248019,0.561727,0.125199,5.24021,0.27131,,0.00516284,0.910906,-0.735956,56.8395,0.00516284,0,-0.7038502027280629,0.09259258955717087,-0.0134582,999,,,,,,,1.2,0.4,1.2,0.4,,,,,,,,,,,,,,,,,,,"Jose Barrero","23378",676480
"Weston Wilson","PHI",8,34.5437,31.2292,6.45102,4.1245,1.21689,0.0726876,1.03695,3.8022,3.52565,2.72956,0.0952124,10.1697,0.209203,0.214623,0.161101,0.449501,0.939302,0.285925,0.20657,0.0790177,0.294402,0.268401,0.273097,0.349805,0.273089,0.622902,0.143235,4.92205,0.267531,,0.0247685,2.9607,-1.1209,71.0493,0.0247685,0,-1.1605145614594221,-0.12345679104328156,-0.013781,999,,,,,,,25.8,3.225,25.8,3.225,,,,,,,,,,,,,,,,,,,"Weston Wilson","19358",642215
"Tristan Gray","BOS",5,20.4916,18.8577,3.84736,2.35045,0.881352,0.0410606,0.574499,1.8874,2.26384,1.26086,0.00989049,5.85644,0.176668,0.134294,0.0620584,0.283228,0.0560291,0.0169772,0.20402,0.0615305,0.285797,0.215295,0.258688,0.346507,0.264726,0.605195,0.142486,2.73195,0.260556,,-0.0206884,1.61717,-0.804072,62.7072,-0.0206884,0,-0.9213755186647177,0.07716049253940582,-0.0142139,999,,,,,,,18.7,3.74,18.7,3.74,,,,,,,,,,,,,,,,,,,"Tristan Gray","19877",656484
"Gabriel Rincones Jr.","PHI",5,20.7262,18.8188,4.01235,2.57156,0.85476,0.0559355,0.530091,2.27893,2.08723,1.5437,0.0242565,5.94285,0.231551,0.102557,0.0295717,0.294154,0.565925,0.0930258,0.213209,0.0744805,0.286731,0.259757,0.279639,0.349078,0.276979,0.628718,0.135869,5.44552,0.279734,,0.0465532,1.84188,-0.607085,73.7139,0.0465532,0,-0.5991608686745167,-0.23148147761821747,-0.0144339,999,,,,,,,23.6,4.72,23.6,4.72,,,,,,,,,,,,,,,,,,,"Gabriel Rincones Jr.","sa3020758",687282
"Tristan Peters","CHW",6,28.2399,25.6302,5.60597,3.78378,1.13359,0.211417,0.477182,2.87146,2.39609,2.13074,0.057787,5.70422,0.203501,0.228286,0.0471322,0.42257,0.466756,0.0915879,0.218725,0.0754515,0.201991,0.373539,0.28164,0.335304,0.271747,0.616944,0.11658,5.45755,0.260647,,0.0158366,2.38964,-0.947119,71.4829,0.0158366,0,-0.933327741920948,-0.18518517911434174,-0.014993,999,,,,,,,16.5,2.75,16.5,2.75,,,,,,,,,,,,,,,,,,,"Tristan Peters","30063",671976
"Billy Cook","PIT",5,22.0967,20.2383,4.37141,2.82569,0.941274,0.0699469,0.534505,2.34108,2.15713,1.3877,0.0453675,6.1996,0.26183,0.146428,0.0625118,0.236401,0.571554,0.159171,0.215997,0.0628009,0.280566,0.223836,0.273254,0.348651,0.272363,0.621905,0.132654,5.22325,0.28108,,0.0198834,1.88086,-0.730035,70.279,0.0198834,0,-0.7584858201444149,-0.1286008208990097,-0.0155436,999,,,,,,,19.6,3.92,19.6,3.92,,,,,,,,,,,,,,,,,,,"Billy Cook","29573",695257
"Tyler Wade","TEX",3,13.6325,12.152,2.54713,2.02895,0.427666,0.0484361,0.0420774,1.36868,0.638547,1.05562,0.0287102,3.28895,0.108943,0.0781657,0.23776,0.25043,0.599056,0.131911,0.209605,0.0774341,0.241258,0.320959,0.2771,0.263158,0.245175,0.540258,0.0535525,5.94052,0.281493,,0.0448986,0.85947,-0.751316,54.8412,0.0448986,0,-0.6806904599070549,0.046296294778585434,-0.0169005,999,,,,,,,9.7,3.233333333,9.7,3.233333333,,,,,,,,,,,,,,,,,,,"Tyler Wade","15730",642180
"Pedro León","PHI",3,13.8175,12.5709,2.5148,1.66826,0.48222,0.0208696,0.34345,1.46912,1.25562,0.884011,0.0210044,4.51379,0.222863,0.071521,0.0682015,0.196384,0.458675,0.0806607,0.20005,0.0639778,0.326673,0.195847,0.263408,0.323693,0.25978,0.587102,0.123644,5.58623,0.278909,,0.0405211,1.03497,-0.59767,61.932,0.0405211,0,-0.5829012952744961,-0.04629629850387573,-0.0173406,999,,,,,,,6.8,2.266666666,6.8,2.266666666,,,,,,,,,,,,,,,,,,,"Pedro Leon","27781",694175
"Tim Elko","CHW",2,7.05998,6.5943,1.44508,0.981274,0.255943,0.00576188,0.202105,0.661218,0.751941,0.365237,0.00828036,2.37933,0.058416,0.0320644,0.00996316,0.129514,0.0191722,0.00647333,0.219142,0.0517335,0.337016,0.153504,0.265069,0.351647,0.269284,0.616716,0.132506,2.4237,0.307293,,-0.00803671,0.583292,-0.250899,69.7861,-0.00803671,0,-0.25944672245532274,-0.15432098507881165,-0.0174724,999,,,,,,,-1.4,-0.7,-1.4,-0.7,,,,,,,,,,,,,,,,,,,"Tim Elko","31522",671284
"Jhonkensy Noel","BAL",5,20.9067,19.3048,4.1466,2.49367,0.766741,0.0299958,0.85619,2.23661,2.62418,1.15966,0.0408403,5.98342,0.297177,0.124279,0.0208553,0.338583,0.0511422,0.0188479,0.214796,0.0554681,0.286196,0.193812,0.268288,0.390675,0.284986,0.658963,0.175879,2.78778,0.261362,,-0.0233004,1.99384,-0.476455,82.3043,-0.0233004,0,-0.4593408368527889,-0.4372428059577942,-0.0181101,999,,,,,,,18.7,3.74,18.7,3.74,,,,,,,,,,,,,,,,,,,"Jhonkensy Noel","24257",678877
"A.J. Vukovich","ARI",5,20.7524,19.3155,4.44518,3.04535,0.876443,0.0645107,0.458874,2.13415,2.23818,1.1618,0.0552446,6.42397,0.135008,0.113792,0.0262665,0.366215,0.368047,0.0724241,0.230135,0.0559839,0.309554,0.180854,0.277041,0.35346,0.27499,0.630502,0.123325,4.77052,0.317724,,0.0156498,1.81069,-0.641358,72.9778,0.0156498,0,-0.648983258754015,-0.23148147761821747,-0.0194423,999,,,,,,,9.3,1.86,9.3,1.86,,,,,,,,,,,,,,,,,,,"A.J. Vukovich","sa3014525",691021
"Nathan Church","STL",19,82.4031,75.4742,17.6474,13.1109,3.36487,0.286418,0.885186,8.0076,6.79398,4.75705,0.323208,13.8428,1.08769,0.590362,0.493838,1.71798,1.59907,0.401416,0.23382,0.057729,0.167989,0.343647,0.286807,0.321178,0.268313,0.607985,0.0873579,4.7836,0.273283,,0.0324216,6.74313,-2.99343,71.5359,0.0324216,0,-2.747521374374628,-0.19547325372695923,-0.020608,684.1099853515625,,,,,,,65.7,3.457894736,65.7,3.457894736,,,,,,,,,,,,,,,,,,,"Nathan Church","31357",701675
"Kevin Newman","KCR",3,13.7097,12.6968,2.92849,2.24699,0.54074,0.0512074,0.0895436,1.23764,1.06816,0.61921,0.024667,2.44284,0.0758377,0.106486,0.170563,0.279422,0.209599,0.0758056,0.230648,0.0451658,0.178184,0.253479,0.268444,0.302461,0.251543,0.570905,0.0718125,4.44975,0.276408,,-0.00838348,0.935213,-0.684693,54.8054,-0.00838348,0,-0.7386585744097829,0.046296294778585434,-0.0225596,999,,,,,,,9.7,3.233333333,9.7,3.233333333,,,,,,,,,,,,,,,,,,,"Kevin Newman","17696",621028
"Kemp Alderman","MIA",3,13.7275,12.7352,2.78835,1.91899,0.544402,0.0223175,0.302632,1.27485,1.36758,0.709894,0.00226503,4.05477,0.182219,0.0729274,0.0272694,0.274547,0.130195,0.0267302,0.218949,0.0517134,0.295377,0.175076,0.268643,0.336492,0.2663,0.605135,0.117543,3.78442,0.294144,,-0.00345048,1.1009,-0.521109,66.6679,-0.00345048,0,-0.5457603631075472,-0.138888880610466,-0.0233204,999,,,,,,,9.7,3.233333333,9.7,3.233333333,,,,,,,,,,,,,,,,,,,"Kemp Alderman","sa3022562",694580
"Rece Hinds","CIN",3,13.7848,12.7466,2.60309,1.51516,0.585026,0.0519479,0.45096,1.47823,1.53175,0.824794,0.0575412,5.29482,0.126556,0.0726556,0.0141927,0.144808,0.320283,0.0898269,0.204218,0.0598334,0.384105,0.155774,0.258118,0.364402,0.269264,0.622519,0.160184,5.43542,0.304253,,0.0113677,1.13867,-0.490112,65.1593,0.0113677,0,-0.557854956947267,-0.138888880610466,-0.0243626,742.8900146484375,,,,,,,9.7,3.233333333,9.7,3.233333333,,,,,,,,,,,,,,,,,,,"Rece Hinds","27493",677956
"Kameron Misner","KCR",11,47.9839,42.9166,8.78574,5.58954,1.87777,0.286913,1.03152,5.32235,4.34101,4.27488,0.0625014,15.6156,0.360172,0.302562,0.129714,0.570282,1.35855,0.325996,0.204717,0.0890898,0.325435,0.273757,0.280452,0.333948,0.27227,0.6144,0.129231,6.14135,0.291819,,0.0711219,4.08075,-1.58892,69.0837,0.0711219,0,-1.677335761487484,-0.2182539701461792,-0.0249705,999,,,,,,,36.5,3.318181818,36.5,3.318181818,,,,,,,,,,,,,,,,,,,"Kameron Misner","26374",670224
"Vidal Bruján","ATL",13,56.3319,51.2557,11.3634,8.15336,2.41689,0.144648,0.648516,6.06839,4.56493,3.95765,0.175099,11.7299,0.517395,0.351269,0.249862,1.04448,1.86506,0.697635,0.2217,0.070256,0.208228,0.337399,0.282416,0.312456,0.264012,0.594872,0.0907554,5.16006,0.27314,,0.00510665,4.413,-2.24304,65.9709,0.00510665,0,-2.266843114513904,0.10030863434076309,-0.029912,745.719970703125,,,,,,,41.8,3.215384615,41.8,3.215384615,,,,,,,,,,,,,,,,,,,"Vidal Brujan","20536",660644
"Owen Caissie","CHC",65,277.015,249.346,56.6783,37.9737,11.8018,0.839768,6.06307,29.1294,27.3031,23.6263,1.07425,88.6496,1.97353,1.38412,0.685623,4.32809,3.52752,0.801991,0.227308,0.0852888,0.320017,0.266513,0.297754,0.354323,0.286957,0.652076,0.127015,4.26215,0.324421,,-0.0355242,26.8618,-5.86967,83.9523,-0.0355242,0,-5.3042968437075615,-4.212963104248047,-0.0307856,432.55999755859375,,,,,,,249.9,3.844615384,249.9,3.844615384,,,,,,,,,,,,,,,,,,,"Owen Caissie","27496",683357
"Robert Hassell III","WSN",58,243.55,223.582,51.8141,37.1309,10.1191,0.625108,3.93901,23.1108,22.7396,16.126,0.520261,65.2178,1.50509,1.42788,0.908673,4.87261,4.26848,1.19099,0.231745,0.0662122,0.26778,0.247263,0.286205,0.335449,0.273941,0.621654,0.103704,4.44531,0.307181,,0.00788052,21.0429,-7.73437,73.2637,0.00788052,0,-7.709731265902519,-0.6961591243743896,-0.0309938,569.4400024414062,,,,,,,198.3,3.418965517,198.3,3.418965517,,,,,,,,,,,,,,,,,,,"Robert Hassell III","27482",690987
"Abimelec Ortiz","TEX",11,47.7138,43.5134,9.44742,5.83423,1.96663,0.0947626,1.55179,4.91167,5.43685,3.34994,0.0975513,12.7382,0.397304,0.342686,0.110386,0.735539,0.282794,0.0724829,0.217115,0.0702092,0.266971,0.262985,0.277179,0.373653,0.28329,0.650832,0.156538,3.30332,0.267049,,-0.035734,4.48469,-1.15306,81.0973,-0.035734,0,-1.0987517610192299,-0.8487654328346252,-0.0312347,999,,,,,,,40,3.636363636,40,3.636363636,,,,,,,,,,,,,,,,,,,"Abimelec Ortiz","sa3016926",694673
"Zac Veen","COL",78,325.656,293.74,70.2137,46.7253,14.0925,1.73841,7.65743,40.4029,31.7165,25.9165,0.574219,82.335,2.55416,2.13516,1.30966,4.92652,15.2282,2.2946,0.239033,0.0795824,0.252828,0.314769,0.304256,0.377051,0.298351,0.681307,0.138018,6.64514,0.303843,,1.61333,34.591,-3.88773,76.3124,1.61333,0,-7.52936851978302,-3.6111111640930176,-0.0312901,506.1099853515625,,,,,,,335.1,4.296153846,335.1,4.296153846,,,,,,,,,,,,,,,,,,,"Zac Veen","27770",691728
"Warming Bernabel","WSN",8,33.8263,31.8155,7.89644,5.48733,1.61891,0.111171,0.679036,3.23746,3.71427,1.44237,0.0595225,5.744,0.260013,0.268299,0.0401149,0.572998,0.386836,0.11292,0.248195,0.0426406,0.169809,0.25111,0.284105,0.370096,0.283823,0.654201,0.121901,4.03864,0.281262,,-0.0159467,3.19403,-0.802814,80.0333,-0.0159467,0,-0.8164341449737549,-0.6172839403152466,-0.0315437,720,,,,,,,31,3.875,31,3.875,,,,,,,,,,,,,,,,,,,"Warming Bernabel","26536",682653
"Orlando Arcia","MIN",28,117.436,107.849,23.1906,15.9826,4.61842,0,2.5896,10.5424,11.7368,7.41186,0.0637148,25.1044,0.587222,0.758482,0.230402,2.60195,0.161627,0.0722527,0.215029,0.0631142,0.213771,0.295241,0.267479,0.329886,0.263134,0.597365,0.114857,1.8407,0.254606,,-0.155162,9.11617,-4.75977,65.0493,-0.155162,0,-4.992745026946068,0.6354393362998962,-0.0322652,738.1699829101562,,,,,,,87.5,3.125,87.5,3.125,,,,,,,,,,,,,,,,,,,"Orlando Arcia","13185",606115
"Tyler Callihan","CIN",8,34.4621,31.452,6.86786,4.59722,1.40357,0.10275,0.764317,3.53578,3.17716,2.2549,0.0602935,9.44315,0.271333,0.195086,0.288771,0.485519,0.9412,0.161712,0.21836,0.0654313,0.274016,0.238787,0.274896,0.342423,0.271079,0.617319,0.124063,5.32965,0.284686,,0.0753876,2.89747,-1.17449,66.4029,0.0753876,0,-1.2968764379620552,-0.17283950746059418,-0.0330627,999,,,,,,,28.4,3.55,28.4,3.55,,,,,,,,,,,,,,,,,,,"Tyler Callihan","27497",682997
"Denzer Guzman","LAA",29,122.721,113.123,23.8402,15.8765,4.705,0.354279,2.90444,11.6275,11.2022,7.70769,0.153258,36.6486,0.707996,0.653432,0.528092,1.6442,1.81802,0.33318,0.210745,0.0628068,0.298634,0.210313,0.263976,0.335625,0.263143,0.599601,0.12488,4.50033,0.282063,,0.0678047,9.52729,-4.9731,64.6351,0.0678047,0,-5.047387257218361,0.49725648760795593,-0.0333832,999,,,,,,,94.9,3.272413793,94.9,3.272413793,,,,,,,,,,,,,,,,,,,"Denzer Guzman","28816",694203
"Niko Kavadas","LAA",5,20.4534,17.7949,3.26332,1.90024,0.662016,0.0330378,0.668029,1.97947,2.19133,2.20657,0.0310127,7.8664,0.31502,0.122237,0.0147514,0.223617,0.0223136,0.00718038,0.183386,0.107883,0.3846,0.280506,0.283037,0.336923,0.2769,0.619961,0.153538,2.20786,0.276605,,-0.0274645,1.81633,-0.600406,74.1115,-0.0274645,0,-0.6515529807657003,-0.3858024775981903,-0.0341091,999,,,,,,,17.1,3.42,17.1,3.42,,,,,,,,,,,,,,,,,,,"Niko Kavadas","29782",694359
"Adrian Del Castillo","ARI",71,300.415,272.038,62.5512,38.9591,13.8947,0.879909,8.81742,31.0016,37.6275,23.0276,0.94336,81.1155,2.63224,2.23031,0.486907,4.51425,0.587475,0.203961,0.229935,0.0766524,0.270011,0.283886,0.294107,0.384718,0.295345,0.678825,0.154783,2.76663,0.2915,,-0.386396,31.1768,-4.31954,86.922,-0.386396,0.58,-5.042867422103882,-5.2968239188194275,-0.0352781,608.8900146484375,,,,,,,291.6,4.107042253,291.6,4.107042253,,,,,,,,,,,,,,,,,,,"Adrian Del Castillo","29554",680728
"Sterlin Thompson","COL",10,40.707,37.3674,9.24794,6.37049,1.88006,0.197528,0.799869,4.4618,4.17688,2.57094,0.087658,9.41219,0.46501,0.237333,0.0662967,0.765667,0.65448,0.144995,0.247487,0.0631572,0.231218,0.27315,0.302256,0.372588,0.295186,0.674844,0.125102,4.88636,0.308406,,0.00999839,4.21927,-0.590578,74.1441,0.00999839,0,-1.2374494560062885,-0.46296295523643494,-0.0354084,999,,,,,,,39.5,3.95,39.5,3.95,,,,,,,,,,,,,,,,,,,"Sterlin Thompson","sa3019999",694514
"Joey Wiemer","WSN",29,121.775,110.238,22.9651,14.7106,4.56414,0.408909,3.28144,12.1608,12.8522,9.44246,0.265806,36.6057,1.22271,0.710044,0.161288,1.96068,2.06969,0.661378,0.208322,0.0775403,0.300602,0.25795,0.276534,0.346444,0.274063,0.622978,0.138122,4.70711,0.276996,,-0.0226747,10.5335,-3.85517,73.347,-0.0226747,0,-3.869464309886098,-0.5469821691513062,-0.0373408,999,,,,,,,92.5,3.189655172,92.5,3.189655172,,,,,,,,,,,,,,,,,,,"Joey Wiemer","27690",686894
"Nicky Lopez","COL",18,74.6295,65.8346,16.4344,13.2797,2.67392,0.409255,0.0715987,7.92538,4.44241,6.06564,0.106104,10.558,0.60789,0.417992,1.65095,2.01922,1.93632,0.639194,0.249632,0.0812767,0.141472,0.574506,0.316868,0.305944,0.280417,0.622812,0.0563112,5.21744,0.294174,,-0.0055208,6.84042,-1.97762,64.0267,-0.0055208,0,-3.187407231889665,0.32828280329704285,-0.0384883,999,,,,,,,54.3,3.016666666,54.3,3.016666666,,,,,,,,,,,,,,,,,,,"Nicky Lopez","19339",670032
"Johnathan Rodríguez","CLE",47,199.639,181.716,41.706,28.6923,7.69088,0.527317,4.79556,20.4059,20.2418,15.2161,0.593444,58.8258,1.45204,1.00145,0.254042,4.09048,1.29492,0.461994,0.229512,0.0762179,0.294661,0.258663,0.292771,0.356811,0.285287,0.649582,0.127299,3.51712,0.309922,,-0.225748,19.0881,-4.50087,82.2519,-0.225748,0,-4.401839256286621,-2.8762238025665283,-0.0416208,999,,,,,,,179,3.808510638,179,3.808510638,,,,,,,,,,,,,,,,,,,"Johnathan Rodriguez","22530",671286
"Yohandy Morales","WSN",16,67.6527,61.8993,14.9595,10.63,2.88024,0.210794,1.23837,6.53615,6.90376,4.49491,0.0628324,16.6829,0.72401,0.39124,0.143255,1.36051,0.552023,0.161311,0.241674,0.066441,0.246596,0.269432,0.298897,0.355035,0.288088,0.653932,0.113361,3.68075,0.309248,,-0.0598701,6.62232,-1.37137,82.9549,-0.0598701,0,-1.4265863969922066,-1.2345678806304932,-0.0419822,999,,,,,,,57,3.5625,57,3.5625,,,,,,,,,,,,,,,,,,,"Yohandy Morales","sa3022672",691002
"Drew Gilbert","SFG",86,363.512,330.965,74.0089,48.8907,15.6114,1.42539,8.08147,38.0326,34.8053,25.159,0.925799,77.8253,4.4714,2.34743,0.568472,5.7811,4.30118,1.22815,0.223615,0.0692109,0.214093,0.323275,0.285552,0.352652,0.280086,0.638204,0.129036,4.53735,0.266475,,-0.154971,33.2212,-9.73052,79.8461,-0.154971,0,-8.837996408343315,-3.680992364883423,-0.0434692,643.5599975585938,,,,,,,302.5,3.51744186,302.5,3.51744186,,,,,,,,,,,,,,,,,,,"Drew Gilbert","31545",687551
"Justin Foscue","TEX",10,40.8975,36.7734,7.97025,5.23059,1.73901,0.112133,0.888518,4.17792,3.89543,3.22099,0.0287452,8.21786,0.590567,0.262316,0.0502348,0.671213,0.385039,0.137149,0.21674,0.0787576,0.200938,0.39195,0.288436,0.342614,0.27964,0.631049,0.125874,3.95783,0.253559,,-0.0386607,3.72282,-1.10954,78.5828,-0.0386607,0,-1.0710209123790264,-0.7716049551963806,-0.0445059,999,,,,,,,35,3.5,35,3.5,,,,,,,,,,,,,,,,,,,"Justin Foscue","27501",679822
"Ryan Kreidler","MIN",13,55.2639,49.7369,9.41069,6.33142,1.92677,0.0745109,1.07798,5.4191,4.38323,4.24782,0.00342139,17.9144,0.619532,0.34902,0.310555,0.722218,1.44921,0.444286,0.189209,0.0768643,0.324161,0.237117,0.259821,0.295966,0.249242,0.555787,0.106757,4.94167,0.267988,,0.0339916,3.66663,-2.86323,55.4794,0.0339916,0,-2.865853328257799,0.40123456716537476,-0.0575535,999,,,,,,,32.5,2.5,32.5,2.5,,,,,,,,,,,,,,,,,,,"Ryan Kreidler","25867",668952
"Jared Young","NYM",34,144.993,130.31,27.6495,17.9532,5.73343,0.230026,3.73286,14.7976,13.9105,11.0281,0.27575,39.5706,2.05981,0.847167,0.747948,2.41776,1.85369,0.504636,0.212182,0.0760592,0.272914,0.278694,0.282417,0.345648,0.277228,0.628065,0.133466,4.05636,0.272231,,-0.0390217,12.9145,-4.21757,78.7965,-0.0390217,0,-3.6827883534133434,-1.7239859104156494,-0.0596289,750.780029296875,,,,,,,121.8,3.582352941,121.8,3.582352941,,,,,,,,,,,,,,,,,,,"Jared Young","20404",676724
"Junior Perez","ATH",10,41.1898,37.5614,7.44106,4.64332,1.73835,0.120311,0.939082,4.54263,3.34632,2.9686,0.0122667,15.4502,0.215673,0.213038,0.231031,0.42113,1.57051,0.194567,0.198104,0.0720712,0.375098,0.192139,0.259415,0.325793,0.258325,0.585209,0.12769,6.17829,0.304041,,0.182828,3.03661,-1.83028,59.6751,0.182828,0,-1.774821624159813,-0.2572016417980194,-0.0628545,999,,,,,,,29.2,2.92,29.2,2.92,,,,,,,,,,,,,,,,,,,"Junior Perez","sa3005744",678577
"Brandon Lockridge","MIL",18,76.205,69.7101,15.8669,11.8095,3.16911,0.303016,0.585251,8.13038,5.15294,4.66816,0.0550718,20.4812,0.597872,0.449775,0.779063,1.20841,4.10293,0.790025,0.227612,0.0612579,0.268765,0.227924,0.280181,0.306954,0.261142,0.587135,0.0793414,6.56246,0.311276,,0.384694,5.79227,-3.21194,65.2303,0.384694,0,-2.7556594908237457,-0.4292929172515869,-0.0664617,999,,,,,,,60.5,3.361111111,60.5,3.361111111,,,,,,,,,,,,,,,,,,,"Brandon Lockridge","21496",663604
"Michael Siani","LAD",10,42.1521,37.698,7.69942,5.86544,1.2142,0.253417,0.366363,4.65697,2.46921,3.33346,0.0806349,10.4999,0.333775,0.242631,0.544277,0.700869,1.68277,0.365333,0.20424,0.0790816,0.249095,0.317476,0.273185,0.279048,0.248852,0.552234,0.0748083,6.55186,0.270849,,0.124545,2.78334,-2.19726,56.5658,0.124545,0,-2.0453814640641212,-0.05144033208489418,-0.0710469,999,,,,,,,22.5,2.25,22.5,2.25,,,,,,,,,,,,,,,,,,,"Michael Siani","22557",672279
"Tyler Tolbert","KCR",24,102.823,93.9828,20.708,14.8871,4.15451,0.534946,1.13149,11.7319,6.64381,5.48881,0.106421,27.131,1.10863,0.601556,1.64088,1.46653,5.90583,1.30831,0.220338,0.0533814,0.263862,0.202308,0.269865,0.312045,0.257363,0.581911,0.0917069,7.20843,0.295175,,0.504261,7.49998,-4.64931,58.8148,0.504261,0,-4.486917316913605,0.2222222089767456,-0.0742488,999,,,,,,,76.9,3.204166666,76.9,3.204166666,,,,,,,,,,,,,,,,,,,"Tyler Tolbert","25779",686475
"Carlos Cortes","ATH",39,164.759,150.711,33.6625,20.936,7.74093,0.320857,4.66463,16.8248,18.0591,11.3683,0.152191,38.2,1.00958,1.44149,0.228556,2.60825,0.576352,0.187585,0.223357,0.0689997,0.231854,0.2976,0.279829,0.37183,0.283871,0.651659,0.148473,2.91326,0.265334,,-0.180472,15.5636,-3.90395,77.2723,-0.180472,0,-4.593908846378326,-1.8055555820465088,-0.0745575,738.0599975585938,,,,,,,147.5,3.782051282,147.5,3.782051282,,,,,,,,,,,,,,,,,,,"Carlos Cortes","21842",666126
"Justin Dean","SFG",10,41.1523,37.3494,7.54205,5.65469,1.28842,0.179178,0.419763,4.30454,2.54498,3.00634,0.000210288,12.9571,0.474724,0.228483,0.0933217,0.628996,1.8372,0.268913,0.201932,0.0730541,0.314857,0.232023,0.26847,0.27974,0.247534,0.54821,0.0778075,6.48301,0.294297,,0.197005,2.6733,-2.18916,57.5475,0.197005,0,-1.8735700845718384,-0.2572016417980194,-0.0779239,999,,,,,,,23.5,2.35,23.5,2.35,,,,,,,,,,,,,,,,,,,"Justin Dean","25005",681909
"Tirso Ornelas","SDP",29,132.316,120.868,28.1995,19.1827,6.01152,0.234819,2.77045,13.5479,13.4057,9.48878,0.373016,26.6436,0.708185,0.952246,0.29859,2.76634,1.29685,0.257131,0.233309,0.0717132,0.201364,0.356137,0.290845,0.355694,0.283221,0.646539,0.122386,3.79667,0.275188,,-0.0374217,12.4291,-3.20498,83.3395,-0.0374217,0,-2.6501457281410694,-2.53600811958313,-0.0802109,999,,,,,,,113.3,3.906896551,113.3,3.906896551,,,,,,,,,,,,,,,,,,,"Tirso Ornelas","22566",672359
"T.J. Rumfield","NYY",10,41.7131,37.9534,8.48352,5.779,1.70981,0.0870479,0.907664,4.04234,4.0806,2.95627,0.112922,8.39007,0.45492,0.291779,0.0567721,0.813685,0.317655,0.0785658,0.223525,0.0708714,0.201138,0.352353,0.285544,0.344908,0.277346,0.630452,0.121383,3.47597,0.261711,,-0.0285682,3.71935,-1.20937,76.7251,-0.0285682,0,-1.1728498544543982,-1.080246925354004,-0.0836302,999,,,,,,,31,3.1,31,3.1,,,,,,,,,,,,,,,,,,,"T.J. Rumfield","sa3017330",681198
"Ildemaro Vargas","ARI",15,62.2571,57.4662,13.8443,10.2577,2.74291,0.257573,0.586195,5.96528,5.52301,3.13236,0.108615,8.27204,0.400258,0.441313,0.816956,1.58841,0.801522,0.270995,0.240913,0.0503133,0.132869,0.378668,0.282827,0.32821,0.268503,0.611038,0.0872973,4.28002,0.270303,,-0.0409945,5.10421,-2.25194,68.5344,-0.0409945,0,-2.3627604097127914,-0.540123462677002,-0.0850806,999,,,,,,,50.4,3.36,50.4,3.36,,,,,,,,,,,,,,,,,,,"Ildemaro Vargas","13324",545121
"Matt Mervis","WSN",11,47.3569,42.8245,8.62177,5.29119,1.75817,0.0233108,1.5491,4.25965,5.6959,3.5913,0.128708,14.2433,0.566409,0.332998,0.0416605,0.673238,0.150844,0.0533781,0.201328,0.0758348,0.300766,0.252139,0.270092,0.351992,0.272675,0.622084,0.150664,2.06639,0.258456,,-0.0532193,4.043,-1.55258,72.3965,-0.0532193,0,-1.6025421656668186,-0.8487654328346252,-0.0895984,743.5599975585938,,,,,,,47,4.272727272,47,4.272727272,,,,,,,,,,,,,,,,,,,"Matt Mervis","27845",670223
"Kris Bryant","COL",32,135.69,120.674,29.7818,19.978,6.01908,0.21086,3.57392,14.806,15.6335,11.5614,0.0305221,32.759,2.22743,1.07436,0.152721,2.39625,0.147006,0.0600198,0.246796,0.0852043,0.241425,0.352922,0.321466,0.389018,0.312619,0.710484,0.142222,2.32867,0.306828,,-0.217894,15.9848,-0.048046,86.0863,-0.217894,0,-2.4555070400238037,-2.9629628658294678,-0.0924938,999,,,,,,,144,4.5,144,4.5,,,,,,,,,,,,,,,,,,,"Kris Bryant","15429",592178
"Ryan Vilade","TBR",34,144.45,132.273,29.5097,20.9459,5.83376,0.400307,2.32976,13.9854,13.2209,9.67076,0.480908,36.7356,1.07817,1.00906,0.419203,2.57448,2.79306,0.85356,0.223097,0.0669489,0.254314,0.263253,0.279514,0.326094,0.26681,0.605608,0.102997,4.63089,0.288484,,0.00299931,11.6443,-5.42362,67.4569,0.00299931,0,-5.537491790018976,-0.4247501492500305,-0.101342,999,,,,,,,108.1,3.179411764,108.1,3.179411764,,,,,,,,,,,,,,,,,,,"Ryan Vilade","22165",668723
"Jake Mangum","PIT",91,412.472,387.732,102.419,80.3641,17.8567,2.97821,1.21992,45.2607,32.048,17.226,0.315822,69.5569,3.88694,2.77135,0.856387,8.38087,15.6343,3.9573,0.264149,0.0417627,0.168634,0.247653,0.300114,0.335004,0.279537,0.635118,0.0708553,6.1753,0.316517,,0.838441,37.5121,-11.2247,75.1937,0.838441,0,-11.288513541221619,-3.5108025074005127,-0.110115,394.05999755859375,,,,,,,344.1,3.781318681,344.1,3.781318681,,,,,,,,,,,,,,,,,,,"Jake Mangum","26202",663968
"Jacob Melton","TBR",42,178.843,165.056,35.3495,23.4641,7.09719,0.732868,4.05532,20.1083,16.1353,11.2637,0.202024,50.8233,1.1676,0.994787,0.360484,2.38233,8.11717,1.71775,0.214167,0.0629812,0.284179,0.221625,0.267706,0.339753,0.266467,0.60746,0.125587,6.41261,0.281492,,0.684348,14.367,-6.7647,67.221,0.684348,0,-6.225049316883087,-1.0470085144042969,-0.11424,541.5,,,,,,,140.2,3.338095238,140.2,3.338095238,,,,,,,,,,,,,,,,,,,"Jacob Melton","31661",689200
"Jorbit Vivas","NYY",16,69.5218,62.27,13.6083,9.75122,2.56492,0.237098,1.05502,6.99843,5.68791,5.26407,0.133933,11.7953,1.38509,0.49769,0.104944,1.28805,1.35898,0.411824,0.218536,0.0757182,0.169663,0.446286,0.291823,0.31817,0.272631,0.609992,0.0996336,4.74124,0.25148,,-0.00423868,5.93277,-2.28177,73.477,-0.00423868,0,-2.177519876975566,-1.3333333730697632,-0.114388,999,,,,,,,54.4,3.4,54.4,3.4,,,,,,,,,,,,,,,,,,,"Jorbit Vivas","23917",678391
"Adam Frazier",,86,371,337.326,78.3716,57.8725,14.6245,1.71542,4.15918,36.4712,30.4842,24.1755,1.03632,67.0934,3.9818,2.54523,2.97191,6.57466,5.95975,2.08495,0.232332,0.065163,0.180845,0.360326,0.289459,0.322847,0.270971,0.612305,0.0905146,4.70388,0.276275,,-0.222972,31.1601,-12.6764,70.8513,-0.222972,0,-13.004354059696198,-0.6761006712913513,-0.115021,741.719970703125,,,,,,,282.1,3.280232558,282.1,3.280232558,,,,,,,,,,,,,,,,,,,"Adam Frazier","15223",624428
"Garrett Stubbs","PHI",63,246.741,220.106,43.753,32.4351,7.62106,1.16826,2.52856,23.6156,16.8688,20.9553,0.246832,62.512,2.54579,1.3034,1.66904,3.95678,5.02276,1.25327,0.198781,0.0849283,0.253351,0.33522,0.274607,0.278485,0.250643,0.553091,0.0797036,5.13614,0.263636,,0.123673,16.6512,-12.5031,55.6728,0.123673,-1.36,-12.839306078851223,3.501111149787903,-0.115519,999,,,,,,,162.2,2.574603174,162.2,2.574603174,,,,,,,,,,,,,,,,,,,"Garrett Stubbs","18067",596117
"Cody Freeman","TEX",52,218.12,202.43,44.7583,31.9526,8.81678,0.667452,3.32145,20.4427,19.1575,11.7439,0.249069,41.5847,1.86569,1.52143,0.559492,4.29308,2.6314,0.842558,0.221105,0.0538413,0.19065,0.282408,0.268283,0.320478,0.259323,0.588761,0.0993729,4.2362,0.260535,,-0.117904,16.2569,-9.51564,64.5868,-0.117904,0,-9.221924655139446,0.5015431642532349,-0.124109,726.6099853515625,,,,,,,154.9,2.978846153,154.9,2.978846153,,,,,,,,,,,,,,,,,,,"Cody Freeman","25629",683227
"Tyler Locklear","ARI",78,332.038,297.534,67.9565,44.497,13.9181,0.872625,8.6688,35.7442,38.0759,25.8272,1.18518,96.7263,6.21429,2.07144,0.390797,6.03947,3.80189,1.32584,0.228399,0.077784,0.291311,0.267013,0.301519,0.368449,0.29432,0.669969,0.14005,4.11152,0.305276,,-0.280037,34.182,-5.05079,86.2193,-0.280037,0,-5.703215718269348,-6.720678806304932,-0.140876,742.8300170898438,,,,,,,314.5,4.032051282,314.5,4.032051282,,,,,,,,,,,,,,,,,,,"Tyler Locklear","31396",682988
"Deyvison De Los Santos","MIA",45,192.185,179.96,43.645,29.3033,7.88004,0.405456,6.05617,19.1405,24.0235,9.55933,1.20649,52.4534,1.31008,1.08543,0.269407,4.20441,0.866183,0.199248,0.242525,0.0497404,0.272932,0.182244,0.284055,0.391778,0.290631,0.675832,0.149252,2.9628,0.306757,,-0.165601,19.2092,-3.49889,83.336,-0.165601,0,-3.961299940943718,-3.819444417953491,-0.141879,727.8900146484375,,,,,,,180.9,4.02,180.9,4.02,,,,,,,,,,,,,,,,,,,"Deyvison De Los Santos","sa3015168",691277
"Jerar Encarnacion","SFG",42,178.326,163.618,36.5175,24.3251,6.36174,0.180871,5.64972,18.7136,19.5744,12.2218,0.341288,58.5867,1.25144,1.00834,0.22677,3.25144,0.984575,0.375374,0.223187,0.0685362,0.328536,0.208611,0.28069,0.36787,0.283224,0.648559,0.144682,2.93551,0.307478,,-0.204087,16.7516,-4.31903,81.9963,-0.204087,0,-4.009247034788132,-3.3404557704925537,-0.14495,698.6099853515625,,,,,,,157.9,3.759523809,157.9,3.759523809,,,,,,,,,,,,,,,,,,,"Jerar Encarnacion","21871",666464
"Nate Eaton","BOS",29,122.95,113.357,24.9989,17.4008,5.05289,0.487278,2.05795,13.3242,9.85607,6.65352,0.0181646,31.2063,1.10847,0.854225,0.976533,1.55097,5.47857,1.14625,0.220532,0.0541157,0.253813,0.213211,0.268591,0.328168,0.262672,0.596759,0.107636,6.40892,0.283407,,0.46031,9.49803,-5.02943,61.2925,0.46031,0,-5.148817330598831,-0.5469821691513062,-0.149792,999,,,,,,,91,3.137931034,91,3.137931034,,,,,,,,,,,,,,,,,,,"Nate Eaton","25055",681987
"Nolan Gorman","STL",107,453.217,403.117,82.7642,48.8868,16.0353,0.779265,17.0628,48.4169,55.351,43.9074,1.45089,148.108,2.74313,3.10776,0.341977,4.93135,3.28646,1.27644,0.205311,0.0968793,0.326793,0.296455,0.285762,0.375937,0.289198,0.661699,0.170626,3.27323,0.272559,,-0.48656,44.7724,-8.77871,85.843,-0.48656,0,-8.091078400611877,-8.45632266998291,-0.150272,475.1099853515625,,,,,,,417.6,3.902803738,417.6,3.902803738,,,,,,,,,,,,,,,,,,,"Nolan Gorman","22263",669357
"Carlos Santana",,83,357,318.791,68.5641,42.8103,13.8594,0.167143,11.7272,37.6449,40.3135,32.7847,0.346858,67.4138,1.70304,2.67105,0.42302,6.46969,3.0642,1.06691,0.215075,0.091834,0.188834,0.486321,0.289512,0.369959,0.289495,0.659471,0.154883,2.9399,0.234552,,-0.332084,35.3535,-6.82885,83.5764,-0.332084,0,-7.261914551258087,-6.40432071685791,-0.162044,999,,,,,,,328.7,3.960240963,328.7,3.960240963,,,,,,,,,,,,,,,,,,,"Carlos Santana","2396",467793
"Scott Kingery","CHC",19,83.1046,75.9986,14.4281,9.65982,2.77934,0.225864,1.76303,7.94859,6.44337,4.79762,0.000424664,27.4668,0.443374,0.496171,1.3415,0.979774,2.46991,0.355797,0.189846,0.0577299,0.330509,0.17467,0.240642,0.301955,0.239684,0.542597,0.112109,5.71914,0.267958,,0.249909,4.8689,-4.95054,51.5689,0.249909,0,-4.520360559225082,0.09773661196231842,-0.169605,999,,,,,,,48.7,2.563157894,48.7,2.563157894,,,,,,,,,,,,,,,,,,,"Scott Kingery","17975",664068
"John Rave","KCR",34,143.952,129.421,27.8105,18.9171,5.56385,0.807913,2.52162,15.327,12.0961,11.6799,0.272269,38.9322,0.757411,0.852682,1.24053,2.36043,3.39821,0.774258,0.214884,0.0811378,0.270453,0.300007,0.282023,0.32881,0.270369,0.610833,0.113927,5.62725,0.28472,,0.157376,12.02,-4.98896,67.7741,0.157376,0,-5.310203209519386,-1.5740740299224854,-0.197432,999,,,,,,,121,3.558823529,121,3.558823529,,,,,,,,,,,,,,,,,,,"John Rave","26284",670231
"Nick Allen","HOU",32,139.635,127.18,27.5054,21.9181,4.4296,0.428778,0.728959,13.1788,8.31866,8.90356,0.0847498,28.0075,0.79082,0.805409,1.95515,2.70039,3.25425,1.0516,0.216273,0.0637634,0.200577,0.317899,0.270192,0.27504,0.245068,0.545232,0.0587676,4.9705,0.269792,,0.0120654,8.79122,-7.70768,53.9374,0.0120654,0,-7.56870989035815,0.7407407164573669,-0.206874,999,,,,,,,83.7,2.615625,83.7,2.615625,,,,,,,,,,,,,,,,,,,"Nick Allen","22277",669397
"Bryce Johnson","SDP",52,235.228,211.106,46.8725,35.7954,8.33759,0.910186,1.82937,24.4196,14.6954,16.6825,0.29725,60.1978,2.96997,1.34006,3.12888,4.11846,8.20951,1.99974,0.222033,0.0709206,0.255912,0.277128,0.286623,0.296147,0.261727,0.58277,0.0741145,5.86042,0.29945,,0.458889,17.9912,-9.80282,68.6151,0.458889,0,-8.291033387184143,-1.604938268661499,-0.211775,999,,,,,,,169.5,3.259615384,169.5,3.259615384,,,,,,,,,,,,,,,,,,,"Bryce Johnson","20002",669369
"Jose Rojas","NYM",19,82.8533,75.8292,14.1947,8.93274,3.09657,0.0633499,2.102,7.09288,8.0641,5.96484,0.134223,21.095,0.393824,0.564225,0.101284,1.18168,0.3893,0.0767871,0.187193,0.0719927,0.254607,0.28276,0.248372,0.31286,0.247625,0.561233,0.125668,2.7885,0.227321,,-0.0536484,5.38832,-4.40144,58.5171,-0.0536484,0,-4.127203397452831,-0.8796296119689941,-0.230232,999,,,,,,,47.9,2.521052631,47.9,2.521052631,,,,,,,,,,,,,,,,,,,"Jose Rojas","19331",670351
"Rowdy Tellez",,86,371,335.746,72.27,44.4221,12.5487,0.000482264,15.2986,37.8534,48.5092,29.2214,1.6766,90.3599,3.05953,2.65396,0.319119,6.40641,0.649598,0.2765,0.215252,0.0787638,0.243558,0.323389,0.282051,0.389329,0.290878,0.67138,0.174077,1.79431,0.244784,,-0.478612,37.1564,-6.68007,84.5264,-0.478612,0,-7.263622313737869,-7.637433052062988,-0.239904,704.8900146484375,,,,,,,343.8,3.997674418,343.8,3.997674418,,,,,,,,,,,,,,,,,,,"Rowdy Tellez","15679",642133
"Justin Turner",,57,245,223.069,53.2183,37.0152,10.6343,0.293552,5.27522,24.3137,26.0658,15.8302,0.0695873,46.253,3.55149,2.17606,0.373248,4.22818,0.993536,0.453562,0.238573,0.0646132,0.188788,0.342254,0.296779,0.359823,0.288898,0.656602,0.12125,2.65827,0.275984,,-0.358889,24.1434,-4.80525,83.1662,-0.358889,0,-5.233439028263092,-5.403439044952393,-0.239925,999,,,,,,,214.6,3.76491228,214.6,3.76491228,,,,,,,,,,,,,,,,,,,"Justin Turner","5235",457759
"George Valera","CLE",89,378.626,336.565,72.4723,47.3352,13.3492,0.767829,11.0201,39.8308,40.0006,36.1762,0.57789,103.949,3.0232,2.38485,0.477495,6.97306,2.94818,0.559999,0.21533,0.0955458,0.274542,0.348018,0.295311,0.357784,0.288554,0.653096,0.142455,3.50568,0.274364,,-0.20715,37.2056,-7.53199,84.5021,-0.20715,0,-7.123177081346512,-8.315656661987305,-0.246279,623.8300170898438,,,,,,,332.9,3.740449438,332.9,3.740449438,,,,,,,,,,,,,,,,,,,"George Valera","22541",671655
"Graham Pauley","MIA",100,425.551,382.392,82.954,54.3116,17.1985,1.2937,10.1502,42.0265,43.3251,35.5424,1.17242,97.2612,3.75414,2.82924,1.03332,6.45266,5.55358,1.62932,0.216934,0.0835207,0.228553,0.365432,0.287975,0.348308,0.2803,0.636283,0.131374,4.13522,0.262063,,-0.166748,38.9651,-11.3171,76.2587,-0.166748,0,-12.141048282384872,-4.530067443847656,-0.257103,596.5,,,,,,,357.6,3.576,357.6,3.576,,,,,,,,,,,,,,,,,,,"Graham Pauley","31363",688363
"Mason McCoy","SDP",32,147.017,134.978,25.9249,18.7921,5.01562,0.61114,1.50598,13.5079,9.25366,9.09005,0.0800877,46.3965,0.828306,0.869947,1.25158,1.98095,3.93224,1.0205,0.192068,0.0618298,0.315585,0.195921,0.245896,0.271754,0.231502,0.51765,0.0796861,5.61862,0.277661,,0.179525,7.63677,-9.73447,47.9104,0.179525,0,-8.896887734532356,0.9382715821266174,-0.313824,999,,,,,,,84.4,2.6375,84.4,2.6375,,,,,,,,,,,,,,,,,,,"Mason McCoy","22232",669200
"Andrés Chaparro","WSN",66,277.376,253.434,57.2865,38.1357,10.9263,0.379926,7.8445,25.6458,32.5739,18.5947,0.882852,62.1883,2.83911,2.23666,0.271968,4.84429,0.980892,0.41923,0.226041,0.0670378,0.224202,0.299006,0.284082,0.365011,0.283152,0.649093,0.13897,2.37492,0.266336,,-0.362933,26.0398,-6.73429,79.5734,-0.362933,0,-7.078139156103134,-5.291327953338623,-0.321374,748.0599975585938,,,,,,,241.2,3.654545454,241.2,3.654545454,,,,,,,,,,,,,,,,,,,"Andres Chaparro","21797",665953
"Wilmer Flores",,60,259,233.278,51.4215,35.0333,8.70343,0.209084,7.47573,25.3149,28.4104,19.8423,0.146205,46.7264,3.24547,2.26941,0.256039,4.2278,0.346309,0.151658,0.220431,0.076611,0.180411,0.424648,0.288087,0.355672,0.28371,0.643759,0.135241,2.04476,0.242333,,-0.375576,24.432,-6.17088,79.602,-0.375576,0,-6.619717389345169,-5.380380153656006,-0.330922,706.719970703125,,,,,,,213.5,3.558333333,213.5,3.558333333,,,,,,,,,,,,,,,,,,,"Wilmer Flores","5827",527038
"Yanquiel Fernández","COL",29,122.121,113.083,26.8387,17.9456,5.7554,0.235721,2.90193,11.8337,13.9402,7.44844,0.71637,28.8399,0.670102,0.752633,0.167037,2.4415,0.214755,0.0825052,0.237336,0.0609923,0.236159,0.258268,0.286643,0.369387,0.284282,0.65603,0.132051,2.43657,0.291579,,-0.158174,11.5766,-2.8529,66.6744,-0.158174,0,-4.981681391596794,-2.436556816101074,-0.343283,649.8900146484375,,,,,,,107.8,3.717241379,107.8,3.717241379,,,,,,,,,,,,,,,,,,,"Yanquiel Fernandez","28552",692585
"Troy Johnston","COL",71,298.518,273.497,69.3942,48.2311,14.1137,1.11773,5.93169,32.802,31.5675,18.878,0.711252,60.335,3.63019,1.85447,0.657803,5.59165,4.48405,1.45995,0.253729,0.0632392,0.202115,0.312887,0.308542,0.378572,0.300418,0.687114,0.124843,4.39752,0.303525,,-0.16337,32.2094,-3.06275,77.7285,-0.16337,0,-8.043165564537048,-5.578001976013184,-0.377472,453.2799987792969,,,,,,,289.9,4.083098591,289.9,4.083098591,,,,,,,,,,,,,,,,,,,"Troy Johnston","26143",687859
"Oswaldo Cabrera","NYY",66,285.039,258.25,56.24,39.3836,11.2708,0.633382,4.95211,27.7815,24.0004,20.5258,0.542114,60.9682,1.88289,2.03218,2.34854,5.20958,4.52853,1.47332,0.217773,0.0720104,0.213894,0.336664,0.278214,0.323849,0.266292,0.602063,0.106075,4.18383,0.263878,,-0.101997,22.8575,-10.8221,69.1107,-0.101997,0,-10.479325115680695,-3.2046070098876953,-0.396291,999,,,,,,,215.9,3.271212121,215.9,3.271212121,,,,,,,,,,,,,,,,,,,"Oswaldo Cabrera","21707",665828
"Ryan Ward","LAD",47,203.735,188.762,37.6243,23.0538,7.26827,0.692814,6.60942,21.3619,23.0293,12.0836,0.664827,61.1975,1.38076,1.27966,0.228802,3.01676,2.24715,0.527273,0.199321,0.0593102,0.300378,0.197452,0.251042,0.35021,0.26079,0.601252,0.150889,4.43781,0.253731,,-0.00318857,15.4275,-8.64534,64.7439,-0.00318857,0,-8.516417938983068,-2.275968551635742,-0.410689,999,,,,,,,155.6,3.310638297,155.6,3.310638297,,,,,,,,,,,,,,,,,,,"Ryan Ward","sa1169792",669899
"Charlie Condon","COL",53,223.888,206.739,47.9305,31.6361,9.39378,0.87296,6.02774,24.3783,24.0352,12.4096,0.0172551,67.418,2.66979,1.39448,0.675954,3.56255,3.76912,0.799502,0.231841,0.0554276,0.301123,0.18407,0.282287,0.373193,0.286017,0.65548,0.141352,5.0409,0.311112,,0.118128,21.5393,-4.91485,67.8632,0.118128,0,-8.409505054354668,-4.287785053253174,-0.536984,999,,,,,,,199.8,3.76981132,199.8,3.76981132,,,,,,,,,,,,,,,,,,,"Charlie Condon","sa3025257",809707
"Bryce Teodosio","LAA",84,354.526,327.81,66.0795,46.5318,12.9146,1.79112,4.84198,34.6531,23.4136,18.0819,0.00181163,115.459,4.70063,1.82652,2.1067,4.61975,12.9806,2.67326,0.201579,0.051003,0.32567,0.15661,0.252149,0.296215,0.243542,0.548363,0.0946364,6.45931,0.292532,,1.0438,21.8811,-20.0089,51.1324,1.0438,0,-19.375567317008972,1.296296238899231,-0.601296,742.5599975585938,,,,,,,223,2.654761904,223,2.654761904,,,,,,,,,,,,,,,,,,,"Bryce Teodosio","29524",669326
"Griffin Conine","MIA",99,418.688,377.957,78.5968,51.1586,15.5686,1.17268,10.6969,39.4229,43.8438,34.0182,0.855526,138.486,3.87506,2.3238,0.513883,7.41233,1.01456,0.276569,0.207952,0.0812497,0.330761,0.245644,0.278569,0.340254,0.27321,0.618823,0.132302,2.84256,0.293815,,-0.492592,35.9266,-13.5446,71.4021,-0.492592,0,-14.683791756629944,-5.384790420532227,-0.62807,512.8300170898438,,,,,,,335.8,3.391919191,335.8,3.391919191,,,,,,,,,,,,,,,,,,,"Griffin Conine","21626",665052