Name,Team,G,PA,AB,H,1B,2B,3B,HR,R,RBI,BB,IBB,SO,HBP,SF,SH,GDP,SB,CS,AVG,BB%,K%,BB/K,OBP,SLG,wOBA,OPS,ISO,Spd,BABIP,UBR,wSB,wRC,wRAA,wRC+,BsR,Fld,Off,Def,WAR,ADP,InterSD,InterSK,IntraSD,Vol,Skew,Dim,FPTS,FPTS/G,SPTS,SPTS/G,P10,P20,P30,P40,P50,P60,P70,P80,P90,TT10,TT20,TT30,TT40,TT50,TT60,TT70,TT80,TT90,NameASCII,PlayerId,MLBAMID
"Aaron Judge","NYY",156,672,540,154,82,25,1,45,116,110,119,26,165,7,5,2,,9,3,0.285458,0.177,0.245,0.722449,0.417411,0.588284,0.415229,1.00569,0.302826,3.90719,0.325131,-1.47313,-0.402781,135.148,55.7463,171.708,-1.87591,-0.394342,54.91904377937317,-7.294342219829559,7.239,1.8700000047683716,,,,,,,1210.3,7.758333333,1210.3,7.758333333,,,,,,,,,,,,,,,,,,,"Aaron Judge","15640",592450
"Bobby Witt Jr.","KCR",157,679,615,179,107,39,5,28,104,92,50,7,114,7,5,2,,34,10,0.291501,0.0742,0.167201,0.443777,0.349359,0.510659,0.364392,0.860018,0.219157,6.67818,0.315937,2.2909,1.38239,108.53,28.3011,132.543,3.67329,6.70537,29.716838598251343,13.980374336242676,6.86182,3,,,,,,,999.8,6.368152866,999.8,6.368152866,,,,,,,,,,,,,,,,,,,"Bobby Witt Jr.","25764",677951
"Julio Rodríguez","SEA",159,686,622,171,106,30,3,33,94,100,49,4,149,9,5,1,,25,7,0.274746,0.0717,0.217193,0.330121,0.334289,0.490217,0.351534,0.824506,0.215471,5.58024,0.309808,0.677934,1.08367,102.488,21.4314,133.234,1.7616,6.14778,28.632158756256104,8.397776126861572,6.20433,10.800000190734863,,,,,,,951.8,5.986163522,951.8,5.986163522,,,,,,,,,,,,,,,,,,,"Julio Rodriguez","23697",677594
"Juan Soto","NYM",159,686,546,150,85,25,2,38,111,103,129,9,122,4,5,1,,22,7,0.273697,0.1885,0.177612,1.0613,0.413245,0.533654,0.403006,0.946899,0.259958,4.74558,0.285138,-0.764182,0.0569456,131.156,50.0994,164.958,-0.707237,-7.30817,52.10696089267731,-14.958168029785156,6.1359,4.400000095367432,,,,,,,1156.3,7.272327044,1156.3,7.272327044,,,,,,,,,,,,,,,,,,,"Juan Soto","20123",665742
"Cal Raleigh","SEA",159,637,547,126,64,23,0,39,91,94,79,11,170,6,4,2,,8,3,0.230259,0.1235,0.26653,0.463362,0.330902,0.486822,0.345363,0.817725,0.256563,3.70832,0.254008,-1.78409,-0.326459,92.0332,16.7195,128.983,-2.11055,0.93103,19.662726640701294,8.081030011177063,6.08,19.329999923706055,,,,,,,853.7,5.369182389,853.7,5.369182389,,,,,,,,,,,,,,,,,,,"Cal Raleigh","21534",663728
"Gunnar Henderson","BAL",156,672,589,162,97,32,4,28,95,94,71,4,136,6,5,1,,23,6,0.274348,0.1062,0.202016,0.525701,0.356116,0.487896,0.361479,0.844012,0.213547,5.69603,0.310019,1.70378,0.814522,105.822,26.4199,134.997,2.51831,-1.7768,30.23721170425415,5.423197507858276,6.01491,16.1299991607666,,,,,,,954.9,6.121153846,954.9,6.121153846,,,,,,,,,,,,,,,,,,,"Gunnar Henderson","26289",683002
"Fernando Tatis Jr.","SDP",156,672,584,161,95,30,2,33,106,85,73,4,130,7,4,3,,26,6,0.274785,0.109,0.19326,0.564005,0.359832,0.502455,0.368779,0.862287,0.22767,5.6454,0.299782,0.732269,1.68194,109.805,30.403,141.949,2.41421,3.57596,35.82511615753174,-3.824037790298462,5.56157,13.869999885559082,,,,,,,998.8,6.402564102,998.8,6.402564102,,,,,,,,,,,,,,,,,,,"Fernando Tatis Jr.","19709",665487
"Shohei Ohtani","LAD",157,679,572,158,81,26,6,45,122,101,94,17,166,5,4,4,,23,6,0.275283,0.1388,0.243764,0.569403,0.379809,0.575514,0.396706,0.955323,0.300231,6.71826,0.308455,0.0949887,0.91606,126.344,46.1151,157.85,1.01105,0,47.56648802757263,-16.975000381469727,5.44118,1.2000000476837158,,,,,,,1169.3,7.4477707,1169.3,7.4477707,,,,,,,,,,,,,,,,,,,"Shohei Ohtani","19755",660271
"Junior Caminero","TBR",154,665,610,170,97,28,1,43,94,117,45,1,125,5,5,1,,6,2,0.277963,0.0678999,0.187689,0.361769,0.3302,0.539551,0.368351,0.869751,0.261588,3.2944,0.282941,-0.0859633,-0.598979,108.43,29.855,137.405,-0.684942,-1.01689,28.631973326206207,1.1581072807312012,5.38965,13.600000381469727,,,,,,,988.9,6.421428571,988.9,6.421428571,,,,,,,,,,,,,,,,,,,"Junior Caminero","28163",691406
"Francisco Lindor","NYM",159,686,606,157,97,31,1,28,101,78,62,1,126,11,4,3,,24,6,0.259456,0.0898,0.183484,0.489415,0.336608,0.452232,0.341582,0.78884,0.192776,5.21778,0.283305,-0.652438,1.46048,96.9449,15.8887,122.881,0.808046,1.77348,19.411532521247864,8.623483538627625,5.20345,17.06999969482422,,,,,,,879.8,5.533333333,879.8,5.533333333,,,,,,,,,,,,,,,,,,,"Francisco Lindor","12916",596019
"Vladimir Guerrero Jr.","TOR",157,679,588,176,108,33,1,34,100,106,78,10,93,7,5,1,,5,2,0.299145,0.1156,0.136456,0.847157,0.385095,0.53279,0.389029,0.917885,0.233644,3.05946,0.303919,-0.536613,-0.929808,122.112,41.8833,153.135,-1.46642,-1.34501,41.05666506290436,-13.67000961303711,5.19305,19.270000457763672,,,,,,,1077.5,6.863057324,1077.5,6.863057324,,,,,,,,,,,,,,,,,,,"Vladimir Guerrero Jr.","19611",665489
"Ronald Acuña Jr.","ATL",151,651,549,157,99,26,2,30,106,82,87,4,130,7,4,3,,23,6,0.285477,0.1343,0.200046,0.671346,0.388016,0.503051,0.383148,0.891068,0.217574,5.62475,0.323245,1.50271,1.00476,113.968,37.0476,147.583,2.50746,-2.9684,39.22097611427307,-10.943395376205444,5.10913,8.670000076293945,,,,,,,1007.9,6.674834437,1007.9,6.674834437,,,,,,,,,,,,,,,,,,,"Ronald Acuna Jr.","18401",660670
"Corbin Carroll","ARI",154,665,579,151,83,27,11,29,99,93,72,3,137,9,5,2,,35,8,0.261192,0.1077,0.206449,0.521679,0.348741,0.49924,0.361838,0.847981,0.238048,7.78562,0.292428,3.01028,2.55628,104.914,26.3386,132.471,5.56656,2.73917,31.15937614440918,-4.085825681686401,5.0336,8.199999809265137,,,,,,,967.3,6.281168831,967.3,6.281168831,,,,,,,,,,,,,,,,,,,"Corbin Carroll","25878",682998
"Elly De La Cruz","CIN",156,672,593,156,93,32,6,25,90,89,68,7,168,5,5,1,,41,12,0.263596,0.1017,0.249725,0.407247,0.341821,0.465591,0.344984,0.807412,0.201995,6.869,0.323597,2.28188,2.38105,96.8222,17.4202,117.03,4.66293,1.61793,18.226603984832764,8.317934393882751,5.0033,9.600000381469727,,,,,,,905.9,5.807051282,905.9,5.807051282,,,,,,,,,,,,,,,,,,,"Elly De La Cruz","26668",682829
"Mookie Betts","LAD",151,651,569,156,97,31,3,24,96,81,70,3,77,5,4,3,,9,2,0.273231,0.1079,0.117614,0.917408,0.355196,0.466485,0.354504,0.821681,0.193253,4.71714,0.277662,-0.307864,-0.37103,98.8287,21.908,128.941,-0.678894,-2.04156,21.65124887228012,4.933441638946533,4.93593,53.400001525878906,,,,,,,873.7,5.786092715,873.7,5.786092715,,,,,,,,,,,,,,,,,,,"Mookie Betts","13611",605141
"José Ramírez","CLE",157,679,603,166,99,35,3,30,93,98,66,19,81,5,5,1,,34,8,0.275213,0.0965999,0.119548,0.808041,0.348333,0.489903,0.350665,0.838236,0.21469,5.58892,0.273823,-0.0978599,2.28261,100.963,20.7339,127.289,2.18475,-0.324593,24.023313283920288,-0.09959328174591064,4.83875,5.329999923706055,,,,,,,982.4,6.25732484,982.4,6.25732484,,,,,,,,,,,,,,,,,,,"Jose Ramirez","13510",608070
"Ketel Marte","ARI",147,637,554,155,93,32,2,28,96,84,69,6,104,7,4,2,,6,2,0.280118,0.1087,0.16332,0.665565,0.364721,0.494949,0.367507,0.85967,0.214831,4.1109,0.299116,-0.1134,-0.603632,103.428,28.1617,136.355,-0.717032,-1.18135,26.73020738363266,-1.3063536882400513,4.7695,34.33000183105469,,,,,,,915.2,6.22585034,915.2,6.22585034,,,,,,,,,,,,,,,,,,,"Ketel Marte","13613",606466
"Yordan Alvarez","HOU",130,560,475,142,82,28,2,31,91,85,71,11,95,8,4,2,,4,1,0.299514,0.127,0.169621,0.748727,0.396482,0.557621,0.40111,0.954103,0.258107,3.74653,0.316188,-0.991626,-0.708113,106.204,40.0358,161.429,-1.69974,-0.317034,38.84503436088562,-11.517035007476807,4.768,37.599998474121094,,,,,,,946,7.276923076,946,7.276923076,,,,,,,,,,,,,,,,,,,"Yordan Alvarez","19556",670541
"Geraldo Perdomo","ARI",159,686,588,159,109,31,4,15,94,67,83,1,90,8,4,3,,23,6,0.270256,0.1206,0.131334,0.91827,0.364986,0.412082,0.342764,0.777068,0.141827,5.73012,0.295251,0.475624,0.674995,97.6032,16.547,119.405,1.15062,-0.680003,16.92823588848114,6.669996440410614,4.74951,81.52999877929688,,,,,,,856,5.383647798,856,5.383647798,,,,,,,,,,,,,,,,,,,"Geraldo Perdomo","22799",672695
"Alejandro Kirk","TOR",125,495,436,120,83,21,1,16,60,62,51,2,61,4,4,1,,1,0,0.276268,0.1026,0.122935,0.834587,0.354353,0.43489,0.343484,0.789243,0.158623,2.22951,0.288374,-1.81578,-0.831013,70.7456,12.2339,121.76,-2.6468,-1.4573,10.053686618804932,6.967699646949768,4.61672,169.8699951171875,,,,,,,619.9,4.9592,619.9,4.9592,,,,,,,,,,,,,,,,,,,"Alejandro Kirk","22581",672386
"William Contreras","MIL",152,610,529,143,92,29,1,21,77,77,72,4,115,4,4,1,,6,2,0.269552,0.1177,0.188351,0.624898,0.358823,0.44467,0.348636,0.803494,0.175119,3.29373,0.306402,-0.700707,-0.670817,89.6981,17.6219,125.167,-1.37152,-1.41498,16.823381185531616,6.135024785995483,4.4662,53.93000030517578,,,,,,,792.8,5.215789473,792.8,5.215789473,,,,,,,,,,,,,,,,,,,"William Contreras","20503",661388
"Pete Crow-Armstrong","CHC",149,644,594,149,88,31,4,26,80,88,35,1,151,8,5,1,,35,10,0.25165,0.0550001,0.234803,0.234239,0.300741,0.451588,0.321979,0.752329,0.199938,6.5315,0.29206,1.12553,1.8939,80.7596,4.66603,107.943,3.01943,10.7272,9.082412958145142,13.027169942855835,4.45424,26.8700008392334,,,,,,,765,5.134228187,765,5.134228187,,,,,,,,,,,,,,,,,,,"Pete Crow-Armstrong","27769",691718
"Jackson Merrill","SDP",144,623,571,154,94,30,5,24,81,82,42,1,120,4,4,2,,7,2,0.269283,0.067,0.192302,0.34841,0.321648,0.466304,0.337541,0.787953,0.197022,4.96032,0.300812,1.37226,-0.441661,85.9979,12.3856,120.551,0.930602,3.91144,16.104789078235626,6.136439323425293,4.39622,76.33000183105469,,,,,,,778.2,5.404166666,778.2,5.404166666,,,,,,,,,,,,,,,,,,,"Jackson Merrill","29490",701538
"Kyle Tucker",,152,658,557,149,90,28,3,29,98,87,89,7,100,5,5,2,,21,5,0.268041,0.136,0.151623,0.89696,0.371147,0.483049,0.366453,0.854196,0.215008,5.43138,0.278474,0.0340046,1.0985,106.275,28.527,136.442,1.13251,-2.17144,29.473402500152588,-9.22143840789795,4.35048,18.799999237060547,,,,,,,956.2,6.290789473,956.2,6.290789473,,,,,,,,,,,,,,,,,,,"Kyle Tucker","18345",663656
"Corey Seager","TEX",130,560,489,135,81,25,1,27,78,81,61,11,102,5,4,1,,3,1,0.275315,0.1081,0.181531,0.595489,0.35832,0.497385,0.36187,0.855705,0.22207,2.81186,0.29461,-1.14216,-0.717121,88.3629,22.1946,135.228,-1.85928,-2.00077,21.392135500907898,1.4992327690124512,4.31407,97.47000122070312,,,,,,,799.9,6.153076923,799.9,6.153076923,,,,,,,,,,,,,,,,,,,"Corey Seager","13624",608369
"Trea Turner","PHI",149,644,589,165,112,30,4,19,90,69,42,1,117,6,4,3,,28,5,0.280207,0.0650999,0.181023,0.359623,0.33205,0.441067,0.334478,0.773117,0.160859,6.47288,0.319356,1.89525,2.37542,87.2949,11.2013,113.103,4.27067,-1.9223,14.271723747253418,4.977703094482422,4.16161,29.530000686645508,,,,,,,806.6,5.413422818,806.6,5.413422818,,,,,,,,,,,,,,,,,,,"Trea Turner","16252",607208
"Zach Neto","LAA",154,665,597,151,88,32,1,29,92,77,46,4,159,15,4,3,,30,9,0.252408,0.0686999,0.238696,0.287813,0.319708,0.456365,0.332969,0.776073,0.203956,5.7372,0.294495,0.639799,1.42359,89.3267,10.7518,112.735,2.06338,-2.01809,12.045213222503662,5.106905698776245,4.09663,31.329999923706055,,,,,,,834.5,5.418831168,834.5,5.418831168,,,,,,,,,,,,,,,,,,,"Zach Neto","31347",687263
"Jacob Wilson","ATH",139,602,553,166,116,34,1,14,73,72,36,1,49,7,5,1,,6,2,0.300492,0.0591,0.0811461,0.728316,0.348054,0.444894,0.343728,0.792947,0.144402,3.60077,0.30698,0.0711708,-0.68651,86.123,14.9921,118.506,-0.615339,0.0799111,12.515132904052734,6.179911479353905,4.03264,159.07000732421875,,,,,,,747.3,5.376258992,747.3,5.376258992,,,,,,,,,,,,,,,,,,,"Jacob Wilson","33266",805779
"Bryce Harper","PHI",154,665,571,156,90,36,1,30,92,96,83,8,143,5,5,1,,10,3,0.272763,0.1252,0.214736,0.583041,0.367696,0.494792,0.367919,0.862488,0.222028,3.66261,0.312079,0.224082,-0.417122,108.197,29.622,136.011,-0.19304,0.798398,28.189502090215683,-11.176602602005005,4.00427,51.529998779296875,,,,,,,969.3,6.294155844,969.3,6.294155844,,,,,,,,,,,,,,,,,,,"Bryce Harper","11579",547180
"Bo Bichette",,152,658,605,177,120,36,2,20,84,79,42,1,105,5,4,2,,7,2,0.292997,0.0640001,0.159967,0.400084,0.341446,0.455347,0.343841,0.796793,0.16235,3.77306,0.325501,0.360364,-0.553766,94.1944,16.4466,120.908,-0.193402,-6.40081,16.06707301735878,0.6491880416870117,3.98874,109.33000183105469,,,,,,,838.7,5.517763157,838.7,5.517763157,,,,,,,,,,,,,,,,,,,"Bo Bichette","19612",666182
"Alex Bregman",,157,679,593,155,98,31,1,24,87,84,71,2,94,8,5,1,,3,1,0.26166,0.105,0.138056,0.760561,0.346393,0.44131,0.342305,0.787703,0.17965,3.02949,0.272988,-0.836516,-0.99059,96.3539,16.1248,119.853,-1.82711,-0.692894,14.105638146400452,1.7321060299873352,3.97157,121.19999694824219,,,,,,,836.1,5.325477707,836.1,5.325477707,,,,,,,,,,,,,,,,,,,"Alex Bregman","17678",608324
"Patrick Bailey","SFG",133,525,474,107,73,21,2,11,50,50,41,0,136,4,4,2,,2,1,0.226165,0.078,0.259836,0.300189,0.290467,0.347224,0.28157,0.637691,0.121059,3.50313,0.291846,-0.463619,-0.59362,48.5937,-13.4155,80.8629,-1.05724,0.522472,-12.960434675216675,10.772471964359283,3.96085,461.79998779296875,,,,,,,436.9,3.284962406,436.9,3.284962406,,,,,,,,,,,,,,,,,,,"Patrick Bailey","27478",672275
"Wyatt Langford","TEX",149,644,554,141,85,29,2,26,90,79,77,3,146,6,4,2,,22,6,0.25412,0.1201,0.226482,0.530285,0.348942,0.450969,0.346272,0.799911,0.196849,5.19003,0.297721,0.734946,0.614353,93.4616,17.368,124.483,1.3493,0.818697,19.932642817497253,-3.781302750110626,3.92029,53.27000045776367,,,,,,,849.5,5.701342281,849.5,5.701342281,,,,,,,,,,,,,,,,,,,"Wyatt Langford","33333",694671
"Nick Kurtz","ATH",143,616,530,137,71,26,2,39,97,89,75,4,175,4,4,3,,5,1,0.258258,0.1222,0.283964,0.430336,0.352888,0.533655,0.375682,0.886543,0.275396,3.88759,0.306035,0.142809,-0.558584,104.107,31.3218,140.518,-0.415775,-0.876134,29.001104921102524,-12.126133978366852,3.89572,18.799999237060547,,,,,,,934.3,6.533566433,934.3,6.533566433,,,,,,,,,,,,,,,,,,,"Nick Kurtz","35110",701762
"Nico Hoerner","CHC",156,672,612,174,131,31,3,9,80,64,44,1,65,9,5,2,,27,7,0.28457,0.065,0.0960724,0.676573,0.339333,0.39117,0.320838,0.730503,0.1066,5.46927,0.303686,1.1125,1.40409,83.6485,4.24656,107.162,2.5166,4.31397,8.22085189819336,6.813965797424316,3.82571,106.4000015258789,,,,,,,744.7,4.773717948,744.7,4.773717948,,,,,,,,,,,,,,,,,,,"Nico Hoerner","21479",663538
"Maikel Garcia","KCR",154,665,599,165,113,34,4,14,87,66,57,0,97,3,4,3,,28,7,0.275072,0.0853,0.146174,0.583551,0.338315,0.413834,0.3286,0.752149,0.138762,6.08591,0.307105,0.788802,1.46929,86.968,8.39312,107.888,2.25809,3.47541,8.440183162689209,5.950413465499878,3.81409,91.93000030517578,,,,,,,791.6,5.14025974,791.6,5.14025974,,,,,,,,,,,,,,,,,,,"Maikel Garcia","22715",672580
"Gabriel Moreno","ARI",113,450,399,112,78,21,2,11,53,55,43,2,77,4,3,1,,4,2,0.280003,0.0966999,0.170129,0.568393,0.353608,0.426948,0.339782,0.780556,0.146946,3.69306,0.319299,0.407496,-0.576438,62.9078,9.76043,117.362,-0.168942,2.27216,9.087022468447685,10.122162818908691,3.79628,184,,,,,,,546.9,4.839823008,546.9,4.839823008,,,,,,,,,,,,,,,,,,,"Gabriel Moreno","22664",672515
"Jeremy Peña","HOU",151,651,594,162,110,31,2,19,85,70,38,2,114,11,4,3,,18,5,0.272266,0.059,0.175879,0.335459,0.326093,0.42897,0.326984,0.755063,0.156704,5.25232,0.306562,0.925951,0.40849,84.2826,7.3619,110.366,1.33444,-1.86212,9.287973046302795,5.112884521484375,3.76584,97.7300033569336,,,,,,,760.3,5.035099337,760.3,5.035099337,,,,,,,,,,,,,,,,,,,"Jeremy Pena","21636",665161
"Austin Wells","NYY",125,495,442,101,58,21,1,21,60,63,42,0,120,5,4,2,,6,1,0.229568,0.0846,0.242806,0.348426,0.301812,0.423407,0.314438,0.725219,0.193839,4.00827,0.264761,-0.182921,-0.156101,58.996,0.555223,102.276,-0.339022,-0.248456,0.9880032241344452,8.476544424891472,3.71486,245.1999969482422,,,,,,,537.2,4.2976,537.2,4.2976,,,,,,,,,,,,,,,,,,,"Austin Wells","27562",669224
"Adley Rutschman","BAL",143,573,500,128,83,25,2,18,71,68,65,2,89,3,4,1,,1,0,0.25523,0.114,0.155433,0.733436,0.342124,0.420711,0.332927,0.762835,0.165481,2.87159,0.276049,-0.496206,-0.910493,77.0029,9.25125,115.329,-1.4067,-0.248271,8.95297658443451,5.651729136705399,3.70052,171.3300018310547,,,,,,,675.8,4.725874125,675.8,4.725874125,,,,,,,,,,,,,,,,,,,"Adley Rutschman","26288",668939
"Masyn Winn","STL",146,630,573,149,101,31,2,16,72,70,45,0,108,6,5,2,,12,4,0.261028,0.072,0.171132,0.420727,0.319114,0.404363,0.315682,0.723477,0.143335,4.55453,0.29471,1.20212,-0.13865,75.7831,1.34373,103.986,1.06347,4.3439,4.039396286010742,11.093896865844727,3.69282,270.1300048828125,,,,,,,677.7,4.641780821,677.7,4.641780821,,,,,,,,,,,,,,,,,,,"Masyn Winn","27479",691026
"Matt Chapman","SFG",156,672,584,139,81,31,2,25,80,86,75,1,166,7,5,1,,10,4,0.237882,0.1117,0.246797,0.452599,0.32988,0.42701,0.329698,0.756889,0.189128,4.35629,0.286202,-0.100328,-0.554648,88.4826,9.08057,113.832,-0.654976,0.927754,10.362038016319275,3.3277541995048523,3.6881,167.1999969482422,,,,,,,784.5,5.028846153,784.5,5.028846153,,,,,,,,,,,,,,,,,,,"Matt Chapman","16505",656305
"Carlos Correa","HOU",131,567,507,136,90,27,1,18,68,72,52,2,111,4,4,1,,1,0,0.26748,0.0909999,0.195856,0.464626,0.337545,0.43175,0.334007,0.769294,0.16427,2.35025,0.307852,-0.0340039,-0.91196,76.6407,9.64527,115.204,-0.945964,5.09824,9.214598298072815,7.223244667053223,3.67845,275.92999267578125,,,,,,,677.7,5.173282442,677.7,5.173282442,,,,,,,,,,,,,,,,,,,"Carlos Correa","14162",621043
"Manny Machado","SDP",151,651,590,158,100,29,1,29,82,93,53,4,127,3,5,1,,10,3,0.268059,0.0809999,0.194776,0.415861,0.329106,0.46527,0.34011,0.794376,0.197211,3.68812,0.294692,-0.610212,-0.249929,91.2204,14.2998,122.31,-0.860141,-1.66383,16.353527545928955,-2.1388344764709473,3.67032,40.27000045776367,,,,,,,835.8,5.535099337,835.8,5.535099337,,,,,,,,,,,,,,,,,,,"Manny Machado","11493",592518
"Willy Adames","SFG",157,679,594,139,83,28,2,26,85,80,74,2,167,5,5,2,,12,4,0.233345,0.1087,0.245604,0.442582,0.320648,0.418023,0.321418,0.738671,0.184678,4.44158,0.277497,0.118715,-0.312696,84.8393,4.61027,108.16,-0.193981,-0.770525,6.3728978484869,6.504475355148315,3.62881,128.72999572753906,,,,,,,770,4.904458598,770,4.904458598,,,,,,,,,,,,,,,,,,,"Willy Adames","15986",642715
"Michael Harris II","ATL",133,574,538,148,95,26,4,22,73,79,25,1,109,5,4,2,,18,5,0.274965,0.0437999,0.189679,0.230917,0.310617,0.464321,0.331021,0.774937,0.189355,6.02823,0.305666,0.674659,0.680548,76.1953,8.37279,111.874,1.35521,4.08738,9.433440685272217,6.137384653091431,3.54696,94,,,,,,,706,5.308270676,706,5.308270676,,,,,,,,,,,,,,,,,,,"Michael Harris II","25931",671739
"Jordan Westburg","BAL",141,609,555,147,89,29,3,25,83,80,40,0,131,8,4,2,,6,2,0.264441,0.0658,0.21543,0.305436,0.320758,0.465551,0.338026,0.786309,0.20111,4.43098,0.301451,0.201017,-0.55154,84.3051,12.3471,118.842,-0.350523,-1.32344,13.173792511224747,0.45156240463256836,3.5386,134.92999267578125,,,,,,,754.2,5.34893617,754.2,5.34893617,,,,,,,,,,,,,,,,,,,"Jordan Westburg","27815",676059
"Jazz Chisholm Jr.","NYY",143,616,546,132,80,21,2,30,81,85,58,2,158,6,5,1,,30,9,0.241563,0.0946001,0.256301,0.369097,0.318463,0.44833,0.330424,0.766793,0.206767,5.61873,0.281564,0.946253,1.44605,81.4719,8.68674,113.289,2.39231,-0.90556,12.040284395217896,0.6944395303726196,3.47212,22.600000381469727,,,,,,,771.3,5.393706293,771.3,5.393706293,,,,,,,,,,,,,,,,,,,"Jazz Chisholm Jr.","20454",665862
"Matt Olson","ATL",159,686,592,152,87,31,2,32,98,95,82,3,165,5,5,2,,1,0,0.25598,0.1194,0.240633,0.496191,0.349272,0.477646,0.355369,0.826918,0.221666,2.93863,0.298544,-1.14676,-1.04367,104.624,23.5676,128.554,-2.19043,1.84955,21.02515697479248,-10.400453090667725,3.42216,52.72999954223633,,,,,,,924.2,5.812578616,924.2,5.812578616,,,,,,,,,,,,,,,,,,,"Matt Olson","14344",621566
"Xander Bogaerts","SDP",141,609,549,148,104,28,1,15,68,67,50,2,105,5,4,1,,16,4,0.27004,0.082,0.172553,0.475217,0.334017,0.407314,0.323566,0.741331,0.137274,4.21801,0.307522,0.515082,0.481106,77.1553,5.19729,110.977,0.996187,-2.77691,8.91939902305603,3.7480857372283936,3.36906,222.39999389648438,,,,,,,691.9,4.907092198,691.9,4.907092198,,,,,,,,,,,,,,,,,,,"Xander Bogaerts","12161",593428
"Byron Buxton","MIN",130,560,503,125,66,24,5,29,82,73,43,3,152,8,4,3,,17,3,0.247722,0.0773999,0.272063,0.284493,0.31525,0.489154,0.341567,0.804404,0.241432,6.70464,0.293488,1.0069,1.23328,79.1316,12.9633,119.078,2.24018,-1.08347,14.832369804382324,-1.4834734201431274,3.33776,79.66999816894531,,,,,,,744.6,5.727692307,744.6,5.727692307,,,,,,,,,,,,,,,,,,,"Byron Buxton","14161",621439
"Austin Riley","ATL",156,672,607,158,96,30,2,29,86,94,52,1,175,7,5,1,,3,1,0.260114,0.0776,0.260931,0.297397,0.323057,0.4622,0.337381,0.785258,0.202086,3.35725,0.315469,-0.0998773,-0.836472,92.6742,13.2722,116.231,-0.936349,-3.80863,11.991038799285889,-1.808630108833313,3.32925,78.80000305175781,,,,,,,828.7,5.312179487,828.7,5.312179487,,,,,,,,,,,,,,,,,,,"Austin Riley","18360",663586
"Dansby Swanson","CHC",159,686,617,148,97,27,3,22,77,79,58,1,171,4,5,2,,16,4,0.240527,0.084,0.249862,0.336185,0.3073,0.398226,0.30725,0.705526,0.157699,4.92476,0.295022,1.01777,0.288726,77.823,-3.23316,97.8536,1.3065,2.55775,-0.4386061429977417,9.907752990722656,3.30393,139.47000122070312,,,,,,,719.2,4.52327044,719.2,4.52327044,,,,,,,,,,,,,,,,,,,"Dansby Swanson","18314",621020
"Jackson Chourio","MIL",147,637,585,158,95,33,3,26,89,78,40,2,127,4,4,3,,23,7,0.269321,0.0634,0.199605,0.317627,0.319265,0.469874,0.337466,0.789139,0.200553,5.88882,0.301884,1.35438,1.0149,87.8912,12.6247,117.515,2.36928,1.533,15.592398166656494,-4.79199481010437,3.27334,19.600000381469727,,,,,,,813.1,5.531292517,813.1,5.531292517,,,,,,,,,,,,,,,,,,,"Jackson Chourio","28806",694192
"Riley Greene","DET",151,651,582,152,91,30,3,29,82,92,58,2,175,5,4,1,,4,1,0.260783,0.0897,0.269578,0.332742,0.331335,0.468264,0.343446,0.799599,0.207481,3.62241,0.322316,0.00674044,-0.795796,92.9839,16.0633,120.88,-0.789056,1.44877,15.231986165046692,-6.1262286901474,3.22408,77.33000183105469,,,,,,,839.7,5.560927152,839.7,5.560927152,,,,,,,,,,,,,,,,,,,"Riley Greene","25976",682985
"Freddie Freeman","LAD",151,651,569,159,100,33,2,24,87,90,68,8,122,8,5,0,,7,2,0.279229,0.105,0.187807,0.559084,0.362303,0.469213,0.356505,0.831516,0.189984,4.03366,0.316174,-0.969246,-0.472455,99.886,22.9654,130.312,-1.4417,-0.698501,21.945807695388794,-12.373501002788544,3.19535,68.47000122070312,,,,,,,889.8,5.892715231,889.8,5.892715231,,,,,,,,,,,,,,,,,,,"Freddie Freeman","5361",518692
"Steven Kwan","CLE",154,665,590,164,120,29,2,13,87,57,63,1,63,5,4,4,,19,5,0.278186,0.0946999,0.0951654,0.995109,0.350308,0.398908,0.329635,0.749215,0.120722,4.8713,0.292442,0.84859,0.673968,87.5265,8.95163,112.801,1.52256,3.7273,11.5560382604599,-3.3976964950561523,3.17645,173.52999877929688,,,,,,,772.2,5.014285714,772.2,5.014285714,,,,,,,,,,,,,,,,,,,"Steven Kwan","24610",680757
"James Wood","WSN",149,644,555,144,83,31,1,29,92,76,78,5,183,4,4,3,,18,6,0.259339,0.1214,0.284815,0.426241,0.352456,0.474499,0.354872,0.826956,0.21516,4.9545,0.332291,0.40238,0.211857,97.9582,21.8646,128.704,0.614237,-0.306245,22.52316677570343,-13.006245195865631,3.16585,30.200000762939453,,,,,,,883,5.926174496,883,5.926174496,,,,,,,,,,,,,,,,,,,"James Wood","29518",695578
"Will Smith","LAD",126,500,432,110,69,21,1,19,64,67,57,3,98,8,3,1,,3,1,0.253975,0.1138,0.195025,0.583515,0.348459,0.439629,0.342179,0.788088,0.185654,3.40785,0.284817,-1.11346,-0.702112,70.9584,11.8323,120.498,-1.81557,1.45064,10.341188669204712,10.600634694099426,3.16326,110.87000274658203,,,,,,,627.1,4.976984126,627.1,4.976984126,,,,,,,,,,,,,,,,,,,"Will Smith","19197",669257
"Chase Meidroth","CHW",138,595,511,133,99,23,1,10,73,48,69,0,87,8,4,3,,15,4,0.261084,0.1162,0.146882,0.791111,0.356154,0.369811,0.32513,0.725965,0.108728,4.57216,0.295328,-0.42089,0.161702,76.1372,5.83334,108.257,-0.259187,1.96876,5.53105553984642,4.5937583446502686,3.13115,340.92999267578125,,,,,,,648.5,4.699275362,648.5,4.699275362,,,,,,,,,,,,,,,,,,,"Chase Meidroth","31580",805367
"Kyle Schwarber","PHI",159,686,569,131,66,20,1,43,106,98,102,5,191,8,5,3,,7,2,0.230471,0.1492,0.279091,0.534593,0.352655,0.499433,0.36414,0.852088,0.268962,4.0341,0.259041,-1.86236,-0.607149,109.509,28.4524,133.422,-2.46951,-0.00405381,24.704283714294434,-16.95405266294256,3.12806,24.8700008392334,,,,,,,970.2,6.101886792,970.2,6.101886792,,,,,,,,,,,,,,,,,,,"Kyle Schwarber","16478",656941
"Brice Turang","MIL",152,658,586,153,107,28,2,15,83,66,62,1,136,3,4,3,,28,7,0.260801,0.0935999,0.206545,0.45317,0.33219,0.395432,0.319439,0.727622,0.134631,5.56304,0.313003,0.613474,1.75792,81.1584,3.41059,105.166,2.37139,-0.255064,6.400076389312744,2.094935566186905,3.10895,63.33000183105469,,,,,,,733,4.822368421,733,4.822368421,,,,,,,,,,,,,,,,,,,"Brice Turang","22186",668930
"Luke Keaschall","MIN",133,574,502,134,92,28,2,12,75,58,57,1,96,10,4,2,,24,7,0.267196,0.0988999,0.167002,0.592207,0.350554,0.400851,0.331456,0.751405,0.133655,5.48278,0.307128,0.041212,0.743738,76.3978,8.57526,112.113,0.78495,-0.041212,8.979863464832306,1.6087879799306393,3.10465,146.47000122070312,,,,,,,680.8,5.118796992,680.8,5.118796992,,,,,,,,,,,,,,,,,,,"Luke Keaschall","33321",807712
"Rafael Devers","SFG",159,686,589,146,84,30,1,32,90,92,84,10,171,7,5,1,,2,1,0.248661,0.1227,0.248619,0.493526,0.346753,0.464311,0.346314,0.811064,0.21565,2.81043,0.293285,-0.810173,-0.953612,99.58,18.5239,125.214,-1.76379,2.05361,18.73686146736145,-11.29638957977295,3.09637,59.470001220703125,,,,,,,896.1,5.635849056,896.1,5.635849056,,,,,,,,,,,,,,,,,,,"Rafael Devers","17350",646240
"Yandy Díaz","TBR",151,651,575,169,116,29,1,23,92,73,62,3,98,7,4,3,,3,1,0.294108,0.0959,0.150919,0.635439,0.36738,0.467439,0.361246,0.834819,0.173331,3.28048,0.319533,-0.970907,-0.941188,102.392,25.4715,132.511,-1.9121,-0.107579,23.03268253803253,-15.332579553127289,3.08027,140.27000427246094,,,,,,,887.3,5.87615894,887.3,5.87615894,,,,,,,,,,,,,,,,,,,"Yandy Diaz","16578",650490
"Brendan Donovan","STL",136,588,521,146,103,29,1,13,74,57,52,2,78,9,4,3,,7,2,0.28006,0.0889,0.132194,0.672498,0.353395,0.412465,0.335755,0.76586,0.132405,3.84297,0.306799,-0.314799,-0.668994,80.3138,10.837,117.736,-0.983793,-1.80624,11.37661075592041,-1.0062430500984192,3.06255,299.79998779296875,,,,,,,699.3,5.141911764,699.3,5.141911764,,,,,,,,,,,,,,,,,,,"Brendan Donovan","24679",680977
"CJ Abrams","WSN",146,630,571,145,90,30,4,20,83,68,40,2,118,12,4,3,,30,8,0.254549,0.0641,0.187734,0.34144,0.315081,0.429279,0.321595,0.74436,0.17473,6.62405,0.286232,0.917504,2.0175,78.8073,4.36793,105.908,2.935,-4.77582,7.346273899078369,1.474179744720459,3.04694,50.66999816894531,,,,,,,729.4,4.99589041,729.4,4.99589041,,,,,,,,,,,,,,,,,,,"CJ Abrams","25768",682928
"Iván Herrera","STL",139,591,512,140,94,24,1,20,79,69,62,1,115,11,4,2,,9,3,0.273029,0.1056,0.195228,0.540907,0.361278,0.44054,0.350595,0.801818,0.167511,4.11256,0.315316,0.391042,-0.39523,87.7849,18.001,127.902,-0.00418816,-0.284724,19.526922599878162,-9.634723991155624,3.0229,175.92999267578125,,,,,,,763,5.489208633,763,5.489208633,,,,,,,,,,,,,,,,,,,"Ivan Herrera","20599",671056
"Xavier Edwards","MIA",143,616,551,157,123,24,5,5,75,50,54,2,86,4,4,3,,28,7,0.285335,0.0883999,0.13914,0.635331,0.351195,0.37468,0.320634,0.725875,0.0893453,5.98742,0.327603,0.998212,1.4805,76.5758,3.79065,103.889,2.47871,1.49965,5.318002462387085,3.699649691581726,3.01946,175.1300048828125,,,,,,,680.9,4.761538461,680.9,4.761538461,,,,,,,,,,,,,,,,,,,"Xavier Edwards","22266",669364
"Cody Bellinger",,151,651,588,157,101,28,4,24,81,88,53,3,98,5,5,1,,11,3,0.267361,0.082,0.14986,0.547176,0.330748,0.451289,0.336205,0.782037,0.183928,4.871,0.282622,0.263253,-0.155391,89.1568,12.2361,115.664,0.107862,-0.216991,12.159849286079407,-4.691990837454796,3.01827,85.2699966430664,,,,,,,807.3,5.346357615,807.3,5.346357615,,,,,,,,,,,,,,,,,,,"Cody Bellinger","15998",641355
"Pete Alonso","BAL",157,679,597,152,84,29,1,37,93,107,64,5,156,13,5,1,,3,1,0.253948,0.0945,0.230359,0.41023,0.336986,0.493109,0.35413,0.830095,0.239161,3.03893,0.280295,-1.66178,-0.856645,102.873,22.6438,129.935,-2.51843,-2.77434,21.437901258468628,-15.49933671951294,2.99864,27.270000457763672,,,,,,,925.7,5.896178343,925.7,5.896178343,,,,,,,,,,,,,,,,,,,"Pete Alonso","19251",624413
"Marcus Semien","NYM",149,644,574,138,91,24,2,21,81,71,58,1,108,5,4,2,,9,2,0.241092,0.0898,0.16714,0.537273,0.313928,0.399816,0.312032,0.713744,0.158724,4.48508,0.261139,0.368037,-0.183538,75.5584,-0.535177,102.638,0.184498,3.27817,2.1978956758975983,5.178170800209045,2.94682,249.92999267578125,,,,,,,677.7,4.548322147,677.7,4.548322147,,,,,,,,,,,,,,,,,,,"Marcus Semien","12533",543760
"Gleyber Torres","DET",154,665,579,150,103,28,1,18,83,69,74,1,113,5,5,2,,5,2,0.25966,0.1118,0.170393,0.65613,0.346157,0.405871,0.331001,0.752028,0.146211,3.18575,0.292098,-1.02925,-0.904419,88.2642,9.68934,112.307,-1.93367,-4.17767,7.712541580200195,-1.8026723861694336,2.9464,242.72999572753906,,,,,,,758,4.922077922,758,4.922077922,,,,,,,,,,,,,,,,,,,"Gleyber Torres","16997",650402
"Francisco Alvarez","NYM",117,467,412,100,58,17,1,23,58,65,44,0,114,6,3,2,,2,1,0.241325,0.0938999,0.24388,0.385025,0.320186,0.458445,0.335601,0.778632,0.21712,3.07031,0.273713,-0.292409,-0.589219,63.7008,8.54483,118.784,-0.881628,-4.51144,9.510523319244385,1.4885601997375488,2.93315,184.1999969482422,,,,,,,570.2,4.873504273,570.2,4.873504273,,,,,,,,,,,,,,,,,,,"Francisco Alvarez","26121",682626
"Jung Hoo Lee","SFG",141,609,550,150,104,29,8,11,74,57,47,1,69,5,4,3,,11,3,0.273446,0.0770999,0.113088,0.681771,0.334516,0.411059,0.325065,0.745575,0.137614,5.87018,0.294558,1.09844,-0.201341,77.8963,5.93829,110.658,0.897096,-2.48771,8.59028422832489,-0.3127110004425049,2.91991,292.6700134277344,,,,,,,691.6,4.904964539,691.6,4.904964539,,,,,,,,,,,,,,,,,,,"Jung Hoo Lee","33824",808982
"Matt Shaw","CHC",139,602,531,129,82,24,3,20,75,70,58,0,119,6,5,3,,23,6,0.242794,0.0959999,0.196861,0.487653,0.321585,0.412896,0.320803,0.734481,0.170102,5.67643,0.274288,0.237602,1.20958,74.9177,3.7868,107.138,1.44718,-0.201846,6.539835572242737,1.9481539279222488,2.91761,181,,,,,,,685,4.928057553,685,4.928057553,,,,,,,,,,,,,,,,,,,"Matt Shaw","33322",807713
"Andy Pages","LAD",146,630,577,147,90,30,1,27,78,86,37,0,133,8,5,2,,11,4,0.255337,0.0593999,0.211594,0.280726,0.307515,0.449698,0.325823,0.757213,0.194361,4.31022,0.286177,0.444872,-0.329823,80.9701,6.53071,109.293,0.115049,2.40393,7.054280877113342,0.4539334774017334,2.91268,136.60000610351562,,,,,,,737.4,5.050684931,737.4,5.050684931,,,,,,,,,,,,,,,,,,,"Andy Pages","24816",681624
"Ceddanne Rafaela","BOS",151,651,605,156,98,34,4,20,77,78,31,1,135,8,5,3,,24,7,0.257147,0.0469001,0.207232,0.226317,0.299163,0.424189,0.311499,0.723352,0.167042,6.02123,0.298097,0.849734,0.935785,76.0981,-0.82257,94.9276,1.78552,5.83297,-2.106436014175415,8.157974004745483,2.9116,137.8699951171875,,,,,,,721,4.774834437,721,4.774834437,,,,,,,,,,,,,,,,,,,"Ceddanne Rafaela","24262",678882
"Oneil Cruz","PIT",130,560,490,116,67,23,3,23,76,64,60,4,168,4,4,2,,29,7,0.237579,0.1065,0.300717,0.354154,0.323706,0.438386,0.328316,0.762092,0.200807,6.4572,0.30863,0.520346,2.27071,73.1071,6.9388,108.609,2.79105,-0.284168,8.504927158355713,1.1158318519592285,2.89054,99.52999877929688,,,,,,,687.1,5.285384615,687.1,5.285384615,,,,,,,,,,,,,,,,,,,"Oneil Cruz","21711",665833
"Ben Rice","NYY",133,568,497,123,68,23,2,29,77,82,58,0,121,7,4,1,,5,2,0.246624,0.1027,0.212535,0.483215,0.33216,0.475844,0.347857,0.808004,0.229221,4.09932,0.266722,-0.34267,-0.577877,83.163,16.0494,125.298,-0.920547,0.233327,16.015191078186035,-7.716672897338867,2.84668,58,,,,,,,741.4,5.57443609,741.4,5.57443609,,,,,,,,,,,,,,,,,,,"Ben Rice","29576",700250
"Roman Anthony","BOS",146,630,536,141,88,32,3,19,89,63,82,1,158,5,4,3,,10,3,0.26304,0.1307,0.2508,0.521133,0.364134,0.43761,0.350955,0.801743,0.17457,4.76929,0.336591,0.463921,-0.29339,93.8254,19.386,122.108,0.170531,0.0372071,16.58616316318512,-10.51279305294156,2.83988,59.869998931884766,,,,,,,813.7,5.573287671,813.7,5.573287671,,,,,,,,,,,,,,,,,,,"Roman Anthony","31812",701350
"Jose Altuve","HOU",147,637,573,153,102,27,1,22,81,78,53,3,109,6,4,1,,13,4,0.266458,0.0829999,0.17043,0.487002,0.332214,0.43304,0.330993,0.765254,0.166582,4.36629,0.292618,-0.468498,-0.0436243,84.5435,9.27706,113.128,-0.512122,-2.52244,9.343841254711151,-3.647436022758484,2.82596,124.7300033569336,,,,,,,765.1,5.204761904,765.1,5.204761904,,,,,,,,,,,,,,,,,,,"Jose Altuve","5417",514888
"Ezequiel Tovar","COL",151,651,606,159,99,35,4,22,83,71,34,1,153,5,4,3,,11,4,0.262502,0.0515,0.235529,0.218656,0.304159,0.440617,0.319843,0.744776,0.178115,5.27533,0.315916,0.660066,-0.162394,80.5086,3.58795,91.0352,0.497672,5.16611,-6.419272780418396,12.141114711761475,2.8014,194.92999267578125,,,,,,,742.2,4.915231788,742.2,4.915231788,,,,,,,,,,,,,,,,,,,"Ezequiel Tovar","24064",678662
"Dillon Dingler","DET",110,435,395,97,62,20,2,13,47,50,29,1,105,6,3,2,,1,0,0.24508,0.0675001,0.242292,0.27859,0.304978,0.403895,0.307859,0.708873,0.158816,3.31195,0.299012,0.0642753,-0.543395,49.5864,-1.83586,96.3658,-0.47912,1.52555,-2.3432104885578156,10.025554537773132,2.78525,213.8000030517578,,,,,,,446.7,4.06090909,446.7,4.06090909,,,,,,,,,,,,,,,,,,,"Dillon Dingler","27464",693307
"Caleb Durbin","MIL",141,609,541,139,93,31,2,13,67,65,45,0,72,16,4,2,,24,7,0.257615,0.0745001,0.117833,0.632252,0.331358,0.395124,0.319934,0.726483,0.13751,5.325,0.274199,0.431449,0.830649,75.3592,3.40112,105.505,1.2621,-0.844921,5.235280990600586,1.480079174041748,2.76008,237.1300048828125,,,,,,,669.9,4.751063829,669.9,4.751063829,,,,,,,,,,,,,,,,,,,"Caleb Durbin","29646",702332
"Josh Naylor","SEA",144,623,562,149,96,28,1,25,77,87,51,5,98,5,4,1,,16,5,0.265266,0.0825999,0.156649,0.527294,0.330119,0.449403,0.334587,0.779522,0.184137,4.27706,0.28035,-0.774974,0.399231,84.5035,10.8913,121.56,-0.375743,1.38667,15.455160707235336,-10.038333773612976,2.74806,69.4000015258789,,,,,,,778.7,5.407638888,778.7,5.407638888,,,,,,,,,,,,,,,,,,,"Josh Naylor","18839",647304
"Drake Baldwin","ATL",128,522,465,124,82,21,2,19,65,72,49,0,90,4,4,1,,1,0,0.267768,0.0935001,0.172129,0.543197,0.340379,0.44675,0.341765,0.787129,0.178982,2.79236,0.292534,-0.272983,-0.830006,73.8179,12.1632,119.235,-1.10299,-1.99772,10.792444229125977,-0.2227182388305664,2.7446,93.66999816894531,,,,,,,641.2,5.009375,641.2,5.009375,,,,,,,,,,,,,,,,,,,"Drake Baldwin","31539",686948
"Jackson Holliday","BAL",134,581,509,128,85,24,2,16,78,56,61,1,123,5,4,3,,17,5,0.250694,0.1042,0.211326,0.493076,0.33438,0.402667,0.323429,0.737047,0.151973,5.45074,0.298314,-0.0479863,0.311139,73.5433,4.8937,108.787,0.263152,-1.6869,6.279971271753311,0.5380977392196655,2.74352,144.3300018310547,,,,,,,655.5,4.891791044,655.5,4.891791044,,,,,,,,,,,,,,,,,,,"Jackson Holliday","31781",702616
"Tyler Soderstrom","ATH",136,588,526,136,80,27,1,28,76,85,51,2,131,6,4,1,,6,2,0.259048,0.0871999,0.222615,0.391708,0.329253,0.475068,0.344828,0.804322,0.216021,3.67955,0.291651,-0.189231,-0.518884,84.6453,15.1685,119.264,-0.708114,0.598379,12.642139613628387,-6.2016215324401855,2.72955,97.66999816894531,,,,,,,759.6,5.585294117,759.6,5.585294117,,,,,,,,,,,,,,,,,,,"Tyler Soderstrom","27467",691016
"Bryson Stott","PHI",144,623,557,143,99,26,3,15,71,67,56,1,102,4,4,2,,25,6,0.256725,0.0891,0.163298,0.545628,0.32656,0.39413,0.315653,0.72069,0.137405,5.56548,0.288074,0.442493,1.54226,74.9264,1.3142,100.207,1.98476,1.33631,2.1378144174814224,3.6613078117370605,2.71399,192.3300018310547,,,,,,,688,4.777777777,688,4.777777777,,,,,,,,,,,,,,,,,,,"Bryson Stott","26294",681082
"Shea Langeliers","ATH",131,524,475,119,66,24,1,28,72,76,39,1,119,4,4,2,,5,2,0.250364,0.0751,0.226677,0.331308,0.311098,0.483921,0.33911,0.795019,0.233557,3.93438,0.273116,-0.0694784,-0.363209,72.9715,11.0805,115.325,-0.432687,-2.00977,9.02805382013321,5.415229082107544,2.70859,60.79999923706055,,,,,,,662.8,5.059541984,662.8,5.059541984,,,,,,,,,,,,,,,,,,,"Shea Langeliers","25816",669127
"Ryan Jeffers","MIN",134,539,473,116,72,25,1,18,64,65,51,1,113,10,4,1,,3,1,0.245428,0.0938,0.209809,0.447073,0.32886,0.418242,0.326522,0.747102,0.172814,2.86029,0.282685,-0.608535,-0.719078,69.5802,5.89321,108.714,-1.32761,-2.29346,4.208444595336914,4.181539058685303,2.6581,262.3299865722656,,,,,,,609.9,4.551492537,609.9,4.551492537,,,,,,,,,,,,,,,,,,,"Ryan Jeffers","24618",680777
"Jarren Duran","BOS",144,623,559,144,85,35,8,16,84,66,50,1,146,7,4,3,,22,5,0.257603,0.0807999,0.234792,0.344134,0.325082,0.435689,0.329047,0.760771,0.178086,7.2363,0.318976,2.31376,1.26242,81.7012,8.08899,107.016,3.57618,-1.72716,8.727805376052856,-4.302156090736389,2.64665,79.80000305175781,,,,,,,743.7,5.164583333,743.7,5.164583333,,,,,,,,,,,,,,,,,,,"Jarren Duran","24617",680776
"Yainer Diaz","HOU",128,509,478,130,85,24,1,20,60,69,22,1,87,4,4,2,,2,1,0.272917,0.0439999,0.170195,0.258527,0.308066,0.452734,0.325797,0.7608,0.179817,2.89155,0.295018,0.0150274,-0.614398,65.4335,5.26763,109.548,-0.599371,-1.11486,5.131020903587341,6.960144281387329,2.64069,117.5999984741211,,,,,,,592.3,4.62734375,592.3,4.62734375,,,,,,,,,,,,,,,,,,,"Yainer Diaz","23003",673237
"Royce Lewis","MIN",131,567,515,130,79,25,1,25,67,76,43,1,122,3,4,2,,11,3,0.251567,0.0765001,0.214517,0.356615,0.31093,0.447661,0.326551,0.758591,0.196094,3.97689,0.281314,-0.255446,0.0694577,73.2083,6.21286,108.735,-0.185989,-0.811205,5.651171863079071,0.6137946844100952,2.63764,207.72999572753906,,,,,,,676.7,5.165648854,676.7,5.165648854,,,,,,,,,,,,,,,,,,,"Royce Lewis","20437",668904
"Eugenio Suárez",,149,644,573,132,73,24,1,33,78,90,54,1,187,11,5,1,,3,1,0.230061,0.0839999,0.290107,0.289549,0.306324,0.450017,0.325612,0.756341,0.219955,2.86676,0.275429,-1.66326,-0.710799,82.6592,6.56564,108.387,-2.37406,-1.09389,4.009420156478882,-0.19389212131500244,2.62035,117.5999984741211,,,,,,,749.6,5.030872483,749.6,5.030872483,,,,,,,,,,,,,,,,,,,"Eugenio Suarez","12552",553993
"Trent Grisham","NYY",130,560,476,105,61,19,1,24,76,61,72,1,139,6,4,3,,6,2,0.220256,0.1279,0.247596,0.516567,0.32692,0.415072,0.325418,0.741993,0.194817,4.01098,0.255545,-0.180972,-0.350437,71.7893,5.62094,109.84,-0.531409,-1.70958,5.963385283946991,0.2904188632965088,2.61184,260.8699951171875,,,,,,,638.2,4.909230769,638.2,4.909230769,,,,,,,,,,,,,,,,,,,"Trent Grisham","18564",663757
"Otto Lopez","MIA",139,602,548,148,105,29,1,12,63,64,44,1,91,4,4,2,,17,5,0.270204,0.0723999,0.150737,0.480305,0.326366,0.395684,0.31547,0.72205,0.12548,4.42002,0.302064,0.564939,0.198879,72.3111,1.18017,100.351,0.763818,-2.05765,1.0142461359500885,4.3923468589782715,2.60235,218.39999389648438,,,,,,,645.7,4.645323741,645.7,4.645323741,,,,,,,,,,,,,,,,,,,"Otto Lopez","19608",672640
"George Springer","TOR",138,595,522,136,86,24,1,25,85,71,60,2,115,7,4,3,,13,3,0.260815,0.1006,0.192641,0.522215,0.342028,0.455965,0.345166,0.797993,0.19515,4.70676,0.287527,0.356076,0.373196,85.8161,15.5123,122.92,0.729272,-0.328672,16.802194237709045,-11.90367278456688,2.59643,108.33000183105469,,,,,,,767.2,5.559420289,767.2,5.559420289,,,,,,,,,,,,,,,,,,,"George Springer","12856",543807
"Brandon Nimmo","TEX",146,630,554,142,92,26,1,22,83,70,61,1,139,8,4,3,,10,3,0.255585,0.0971,0.220744,0.439877,0.336222,0.427979,0.333431,0.764201,0.172394,4.23093,0.300991,-0.198458,-0.248956,84.8618,10.4225,115.638,-0.447415,0.287028,11.163949817419052,-7.562972813844681,2.58693,150.3300018310547,,,,,,,746.7,5.114383561,746.7,5.114383561,,,,,,,,,,,,,,,,,,,"Brandon Nimmo","12927",607043
"Colson Montgomery","CHW",141,609,542,120,70,20,2,27,69,79,53,1,177,9,4,1,,3,1,0.221103,0.0872001,0.291207,0.299443,0.299153,0.417748,0.310795,0.716901,0.196645,3.60704,0.270703,-0.0375465,-0.665668,70.8406,-1.11746,98.3817,-0.703214,-0.593703,-1.8647844791412354,5.9312968254089355,2.56061,225.47000122070312,,,,,,,642.1,4.553900709,642.1,4.553900709,,,,,,,,,,,,,,,,,,,"Colson Montgomery","29712",695657
"J.P. Crawford","SEA",147,637,549,132,93,26,1,12,69,58,76,1,125,5,4,3,,6,2,0.241172,0.1194,0.195611,0.610396,0.336559,0.359689,0.31118,0.696247,0.118516,3.15109,0.288138,-0.127449,-0.739324,74.2968,-0.969619,105.436,-0.866773,-7.25858,3.214247167110443,-0.4335808753967285,2.52765,382.7300109863281,,,,,,,632.9,4.305442176,632.9,4.305442176,,,,,,,,,,,,,,,,,,,"J.P. Crawford","15491",641487
"Seiya Suzuki","CHC",146,630,555,141,84,28,3,26,80,86,66,2,160,4,4,1,,8,3,0.253636,0.105,0.253832,0.413659,0.334819,0.453695,0.340303,0.788514,0.200059,4.15575,0.307567,-0.503098,-0.74762,88.3767,13.9374,120.496,-1.25072,-2.28766,14.053244709968567,-10.43766188621521,2.51442,97.4000015258789,,,,,,,794.1,5.439041095,794.1,5.439041095,,,,,,,,,,,,,,,,,,,"Seiya Suzuki","30116",673548
"Brent Rooker","ATH",154,665,589,152,86,30,2,33,90,99,64,3,170,7,5,1,,6,2,0.257715,0.0962,0.255093,0.377117,0.334894,0.485584,0.350704,0.820478,0.227869,3.82202,0.303315,-0.456745,-0.641484,98.9021,20.3272,123.311,-1.09823,-0.0245165,17.172574281692505,-15.749516908079386,2.48735,50.66999816894531,,,,,,,889.6,5.776623376,889.6,5.776623376,,,,,,,,,,,,,,,,,,,"Brent Rooker","19627",667670
"Joey Ortiz","MIL",146,630,568,142,95,30,3,13,70,65,49,0,107,6,5,3,,16,4,0.249401,0.0775001,0.169606,0.456941,0.312744,0.382177,0.304878,0.694921,0.132776,5.15506,0.284062,0.535525,0.382885,70.2569,-4.18244,95.1912,0.918411,-0.92352,-2.6722351908683777,5.826479971408844,2.46721,404.4700012207031,,,,,,,637.7,4.367808219,637.7,4.367808219,,,,,,,,,,,,,,,,,,,"Joey Ortiz","25493",687401
"Michael Busch","CHC",138,595,521,129,74,25,3,27,82,73,61,2,147,7,4,3,,4,1,0.247841,0.102,0.246861,0.413188,0.332356,0.463435,0.342654,0.795791,0.215594,4.30654,0.291513,-0.942017,-0.584175,84.6024,14.2986,122.106,-1.52619,0.494305,14.063032746315002,-9.980695635080338,2.44303,108,,,,,,,753.6,5.460869565,753.6,5.460869565,,,,,,,,,,,,,,,,,,,"Michael Busch","26319",683737
"Taylor Ward","BAL",152,658,578,141,85,27,2,27,81,84,68,1,158,7,4,1,,5,2,0.243644,0.1032,0.240633,0.428869,0.327795,0.436504,0.332049,0.7643,0.19286,3.64346,0.286728,-0.847584,-0.758362,87.895,10.1472,114.724,-1.60595,-1.77302,9.813264966011047,-8.823018312454224,2.41842,166.1999969482422,,,,,,,784,5.157894736,784,5.157894736,,,,,,,,,,,,,,,,,,,"Taylor Ward","17548",621493
"Alec Bohm","PHI",141,609,557,153,105,29,3,16,70,77,42,1,95,5,4,1,,3,1,0.274871,0.0690999,0.156011,0.442917,0.329698,0.424931,0.327359,0.754629,0.150059,3.51068,0.304153,-0.307991,-0.848549,79.0308,7.0728,108.226,-1.15654,-3.10482,4.781214118003845,-1.5298242568969727,2.40567,270.1300048828125,,,,,,,695.3,4.931205673,695.3,4.931205673,,,,,,,,,,,,,,,,,,,"Alec Bohm","21618",664761
"Ernie Clement","TOR",149,644,602,166,117,34,3,13,70,72,29,1,64,5,5,3,,9,3,0.275904,0.0458,0.098897,0.463108,0.312927,0.40566,0.311444,0.718588,0.129757,4.24575,0.288894,0.732237,-0.457126,75.2511,-0.842464,99.6895,0.275111,-0.798,0.039424121379852295,1.1520005464553833,2.3897,294.3999938964844,,,,,,,676.2,4.538255033,676.2,4.538255033,,,,,,,,,,,,,,,,,,,"Ernie Clement","20352",676391
"Addison Barger","TOR",121,525,470,117,68,28,1,20,62,67,46,2,124,4,4,2,,4,1,0.249281,0.0867,0.236723,0.366251,0.318801,0.440636,0.327176,0.759437,0.191355,3.43554,0.294715,0,-0.478342,68.052,6.01919,110.527,-0.478342,-0.861347,6.035498738288879,-0.7863466739654541,2.3858,194.1300048828125,,,,,,,614.9,5.081818181,614.9,5.081818181,,,,,,,,,,,,,,,,,,,"Addison Barger","24598",680718
"Ha-Seong Kim","ATL",139,602,524,129,89,24,2,14,72,62,66,2,110,5,4,2,,23,6,0.245116,0.1094,0.182575,0.599206,0.332267,0.376994,0.313365,0.709261,0.131879,5.3001,0.283198,0.0542057,1.14655,71.2826,0.15169,99.7796,1.20076,-4.2303,1.0435282438993454,2.2196950912475586,2.38305,265.79998779296875,,,,,,,650.9,4.682733812,650.9,4.682733812,,,,,,,,,,,,,,,,,,,"Ha-Seong Kim","27506",673490
"Ozzie Albies","ATL",146,630,570,147,96,30,2,19,74,76,48,1,95,6,4,2,,11,3,0.258228,0.0756,0.150209,0.503299,0.319323,0.420157,0.320739,0.739481,0.161929,4.49301,0.277611,0.245872,-0.0608045,78.3695,3.93017,104.831,0.185068,-3.89334,3.7919464707374573,-1.6433417797088623,2.36433,167.60000610351562,,,,,,,704.7,4.826712328,704.7,4.826712328,,,,,,,,,,,,,,,,,,,"Ozzie Albies","16556",645277
"Max Muncy","LAD",109,469,389,87,48,15,1,21,61,62,69,2,117,6,4,1,,3,1,0.222362,0.1475,0.249137,0.592043,0.345693,0.433923,0.340008,0.779616,0.211561,3.40299,0.255693,-1.02757,-0.617802,65.6791,10.2631,119.01,-1.64537,-2.82581,8.921840071678162,-1.4508111476898193,2.36084,262.6000061035156,,,,,,,572.7,5.25412844,572.7,5.25412844,,,,,,,,,,,,,,,,,,,"Max Muncy","13301",571970
"TJ Friedl","CIN",143,616,534,133,92,23,2,17,80,58,63,0,105,12,4,3,,12,3,0.249854,0.1018,0.170807,0.595993,0.340153,0.395832,0.325544,0.735984,0.145978,4.81639,0.280382,0.38693,0.00670093,79.0313,6.24612,103.713,0.393631,-2.77664,3.1045619547367096,-0.5766420364379883,2.35548,263.07000732421875,,,,,,,688.1,4.811888111,688.1,4.811888111,,,,,,,,,,,,,,,,,,,"TJ Friedl","19522",670770
"Freddy Fermin","SDP",122,480,437,109,77,19,1,12,50,51,34,1,94,4,4,2,,3,1,0.24938,0.0700001,0.195687,0.357715,0.306253,0.378057,0.299297,0.684311,0.128677,2.92065,0.290156,0.128629,-0.569541,51.354,-5.36175,94.3518,-0.440912,1.09755,-3.6541558504104614,10.472551226615906,2.34867,425.5299987792969,,,,,,,463.9,3.802459016,463.9,3.802459016,,,,,,,,,,,,,,,,,,,"Freddy Fermin","21840",666023
"Bo Naylor","CLE",117,461,403,89,51,19,1,18,52,54,49,1,112,3,4,2,,5,2,0.220406,0.1068,0.243607,0.43841,0.307009,0.404828,0.310291,0.711837,0.184422,3.87712,0.257298,-0.104233,-0.33584,53.4131,-1.03401,99.4764,-0.440073,-1.99163,-0.7244353890419006,7.008366703987122,2.32493,361.92999267578125,,,,,,,485.3,4.147863247,485.3,4.147863247,,,,,,,,,,,,,,,,,,,"Bo Naylor","21865",666310
"Andrés Giménez","TOR",134,581,528,134,93,26,2,13,67,62,34,1,100,13,4,2,,20,4,0.253308,0.0578,0.171432,0.33716,0.311276,0.384392,0.304436,0.695668,0.131084,5.54439,0.28719,0.00509202,1.31493,64.5838,-4.06584,94.8619,1.32002,-1.31171,-2.1984044313430786,4.913294434547424,2.32372,298.5299987792969,,,,,,,599.2,4.471641791,599.2,4.471641791,,,,,,,,,,,,,,,,,,,"Andres Gimenez","19950",665926
"Jakob Marsee","MIA",134,581,499,116,76,22,4,13,75,49,68,0,131,8,4,3,,36,9,0.231757,0.1166,0.225299,0.517535,0.33038,0.371842,0.312572,0.702222,0.140085,6.86052,0.285726,0.684718,2.27939,68.4216,-0.228033,98.3658,2.96411,-0.240392,1.8387731313705444,1.3346080780029297,2.30238,145.52999877929688,,,,,,,630.6,4.705970149,630.6,4.705970149,,,,,,,,,,,,,,,,,,,"Jakob Marsee","31370",805300
"Brandon Lowe","TBR",130,560,503,121,72,21,1,27,74,74,46,1,146,5,4,2,,5,1,0.241511,0.0829001,0.2614,0.317139,0.309751,0.449836,0.326818,0.759587,0.208324,3.7133,0.282931,-0.413916,-0.44582,72.426,6.2577,108.795,-0.859735,-3.63521,4.944871604442596,-1.7852076292037964,2.29527,193.3300018310547,,,,,,,654.7,5.036153846,654.7,5.036153846,,,,,,,,,,,,,,,,,,,"Brandon Lowe","18882",664040
"Vinnie Pasquantino","KCR",149,644,576,153,91,32,2,28,82,92,57,4,96,6,5,0,,2,1,0.265684,0.0883,0.149665,0.589982,0.335231,0.472526,0.345773,0.807757,0.206842,2.66572,0.274122,-1.38028,-0.882873,93.2007,17.1072,119.717,-2.26315,-0.323886,12.70279860496521,-12.473885416984558,2.29122,88.80000305175781,,,,,,,838.2,5.625503355,838.2,5.625503355,,,,,,,,,,,,,,,,,,,"Vinnie Pasquantino","27676",686469
"Nolan Schanuel","LAA",143,616,529,142,99,24,1,18,80,65,72,3,85,9,4,2,,6,2,0.269414,0.1175,0.137381,0.855287,0.363983,0.419582,0.34372,0.783566,0.150168,3.70645,0.289933,-1.18497,-0.654029,88.1219,15.3368,120.142,-1.83899,-0.648267,12.784518480300903,-11.648266911506653,2.28545,307.2699890136719,,,,,,,759.5,5.311188811,759.5,5.311188811,,,,,,,,,,,,,,,,,,,"Nolan Schanuel","33189",694384
"Alec Burleson","STL",126,546,498,138,93,24,2,20,67,74,39,1,77,4,4,1,,6,2,0.278004,0.0711001,0.140574,0.505784,0.333153,0.454987,0.340125,0.788141,0.176983,3.62394,0.291539,-0.797115,-0.51487,76.5142,12.0001,120.73,-1.31199,-0.992496,12.102699041366577,-7.992495834827423,2.27909,194.1999969482422,,,,,,,678.6,5.385714285,678.6,5.385714285,,,,,,,,,,,,,,,,,,,"Alec Burleson","27615",676475
"Anthony Volpe","NYY",113,490,442,103,62,23,3,15,57,55,38,0,115,4,3,2,,18,5,0.233718,0.0785,0.233794,0.335766,0.298591,0.402871,0.304669,0.701461,0.169153,5.98043,0.278435,0.803859,0.865861,54.561,-3.33631,95.547,1.66972,0.990853,-0.9019668102264404,6.240852952003479,2.27174,313.1300048828125,,,,,,,505.8,4.476106194,505.8,4.476106194,,,,,,,,,,,,,,,,,,,"Anthony Volpe","27647",683011
"Jo Adell","LAA",146,630,572,136,74,24,2,35,79,94,44,1,170,9,4,1,,9,3,0.23756,0.0696999,0.269278,0.25884,0.299839,0.472218,0.329994,0.772056,0.234658,4.29688,0.270433,-0.206809,-0.362696,83.1035,8.66416,110.686,-0.569505,-2.81209,7.3651928305625916,-7.162091255187988,2.23928,130.60000610351562,,,,,,,767.3,5.255479452,767.3,5.255479452,,,,,,,,,,,,,,,,,,,"Jo Adell","20220",666176
"Wilyer Abreu","BOS",123,532,465,116,67,25,1,22,67,72,59,4,131,3,4,1,,9,3,0.249074,0.1108,0.245338,0.451623,0.335198,0.452456,0.338893,0.787654,0.203382,3.95451,0.295823,-0.0160974,-0.349818,74.0201,11.1602,113.798,-0.365915,1.20246,8.28601548075676,-4.797537326812744,2.23032,249.1999969482422,,,,,,,664.3,5.400813008,664.3,5.400813008,,,,,,,,,,,,,,,,,,,"Wilyer Abreu","23772",677800
"Jonathan Aranda","TBR",141,609,530,140,91,26,1,23,75,78,64,3,156,9,4,1,,2,1,0.263341,0.1059,0.256033,0.413618,0.350584,0.441577,0.344071,0.792161,0.178236,2.5368,0.328736,-1.75579,-0.94046,87.2938,15.3357,120.679,-2.69625,0.603399,12.146729707717896,-11.32160097360611,2.22897,175.6699981689453,,,,,,,771.3,5.470212765,771.3,5.470212765,,,,,,,,,,,,,,,,,,,"Jonathan Aranda","21837",666018
"Ian Happ","CHC",152,658,566,136,82,31,1,22,82,75,82,1,157,5,5,1,,8,2,0.240479,0.124,0.23903,0.518763,0.338505,0.41529,0.330284,0.753795,0.174811,3.8322,0.291566,-0.344408,-0.466942,86.9519,9.20412,113.632,-0.81135,-2.77639,9.820094466209412,-10.026394844055176,2.2187,183,,,,,,,768.6,5.056578947,768.6,5.056578947,,,,,,,,,,,,,,,,,,,"Ian Happ","17919",664023
"Isaac Paredes","HOU",105,455,389,96,58,18,1,20,60,60,52,0,76,10,3,1,,1,0,0.247275,0.115,0.168079,0.684201,0.34798,0.450343,0.34752,0.798323,0.203068,2.78496,0.258278,-0.293622,-0.71993,66.4936,12.7318,124.513,-1.01355,-0.193554,12.131787776947021,-6.118553817272186,2.21748,214.8699951171875,,,,,,,582.4,5.546666666,582.4,5.546666666,,,,,,,,,,,,,,,,,,,"Isaac Paredes","20036",670623
"Lawrence Butler","ATH",136,588,528,129,78,27,2,23,74,70,52,0,149,2,4,2,,20,5,0.244891,0.0882001,0.253255,0.348266,0.313135,0.434109,0.323497,0.747244,0.189217,5.25254,0.294919,0.734111,0.983679,74.4619,4.98513,104.57,1.71779,-0.177241,4.884630441665649,-3.777240663766861,2.1839,153.27000427246094,,,,,,,686.3,5.046323529,686.3,5.046323529,,,,,,,,,,,,,,,,,,,"Lawrence Butler","22542",671732
"Evan Carter","TEX",107,462,402,98,62,19,3,13,53,50,49,1,101,7,3,1,,17,5,0.243555,0.1051,0.217723,0.482723,0.332962,0.405513,0.323464,0.738475,0.161958,5.87402,0.291194,0.36511,0.512489,58.4931,3.90424,108.771,0.877599,-0.396133,5.653696537017822,-0.24613258242607117,2.18016,315.4700012207031,,,,,,,527.5,4.929906542,527.5,4.929906542,,,,,,,,,,,,,,,,,,,"Evan Carter","27790",694497
"Jake Cronenworth","SDP",144,623,540,127,84,26,2,15,66,65,65,1,124,11,4,2,,5,2,0.235899,0.105,0.198878,0.527961,0.328443,0.375999,0.312418,0.704442,0.1401,3.81006,0.277345,0.110599,-0.758786,73.29,-0.322281,103.34,-0.648187,-2.74004,1.8181138038635254,-1.3150382041931152,2.17214,403.92999267578125,,,,,,,630.9,4.38125,630.9,4.38125,,,,,,,,,,,,,,,,,,,"Jake Cronenworth","18036",630105
"Brayan Rocchio","CLE",125,539,479,116,77,26,2,11,59,54,46,1,99,8,4,2,,14,4,0.242304,0.0847001,0.184541,0.458978,0.315597,0.376535,0.304751,0.692132,0.13423,4.87995,0.281261,-0.170844,0.115879,60.053,-3.63397,95.66,-0.0549652,-0.069516,-2.81206526234746,5.455484092235565,2.16851,433.92999267578125,,,,,,,538.2,4.3056,538.2,4.3056,,,,,,,,,,,,,,,,,,,"Brayan Rocchio","23690",677587
"Hunter Goodman","COL",144,586,541,138,75,29,4,30,74,88,35,0,149,5,4,1,,3,1,0.254572,0.0593999,0.254385,0.233504,0.303756,0.487195,0.336824,0.790951,0.232624,3.98498,0.294225,-0.193862,-0.591999,80.5214,11.3046,102.667,-0.785861,-2.76713,1.06594580411911,0.2578706741333008,2.16226,72.87000274658203,,,,,,,743.6,5.163888888,743.6,5.163888888,,,,,,,,,,,,,,,,,,,"Hunter Goodman","29715",696100
"Matt McLain","CIN",144,623,548,129,83,26,1,19,74,67,60,0,171,7,5,3,,18,5,0.235495,0.0968,0.273692,0.353682,0.317294,0.39175,0.311854,0.709045,0.156255,4.86401,0.303038,0.203306,0.761205,73.0046,-0.607614,94.335,0.964511,0.846679,-3.2184648513793945,3.3716795444488525,2.13634,214.60000610351562,,,,,,,655.3,4.550694444,655.3,4.550694444,,,,,,,,,,,,,,,,,,,"Matt McLain","29695",680574
"Chase DeLauter","CLE",118,511,454,114,74,24,2,14,57,59,48,0,96,4,4,1,,3,1,0.251394,0.0947999,0.187939,0.504418,0.325723,0.406382,0.320348,0.732105,0.154988,3.25424,0.286762,-0.04,-0.679006,63.4044,3.02586,106.404,-0.719006,0,3.138168156147003,0.02499997615814209,2.12308,999,,,,,,,555.9,4.711016949,555.9,4.711016949,,,,,,,,,,,,,,,,,,,"Chase DeLauter","32127",800050
"Brooks Lee","MIN",139,602,550,139,92,26,2,18,66,70,41,1,100,4,5,2,,4,1,0.251849,0.0673001,0.166494,0.40422,0.30573,0.40556,0.30879,0.71129,0.153711,3.62732,0.275935,-0.690811,-0.60762,69.0464,-2.08459,96.4998,-1.29843,-2.65129,-3.7819141149520874,3.748708963394165,2.1165,320.6700134277344,,,,,,,624.2,4.490647482,624.2,4.490647482,,,,,,,,,,,,,,,,,,,"Brooks Lee","31595",686797
"Miguel Vargas","CHW",143,616,536,127,78,29,2,19,70,71,68,0,119,7,4,1,,7,2,0.237985,0.1112,0.193569,0.574472,0.329646,0.405138,0.322962,0.734783,0.167153,3.94975,0.270365,-0.0795799,-0.522923,77.7401,4.95495,106.763,-0.602503,-1.06314,4.3078290820121765,-4.863138198852539,2.11239,287.2699890136719,,,,,,,682,4.769230769,682,4.769230769,,,,,,,,,,,,,,,,,,,"Miguel Vargas","20178",678246
"Jasson Domínguez","NYY",133,574,508,129,85,24,1,18,68,66,57,1,141,4,4,1,,25,7,0.253082,0.0987,0.245988,0.40124,0.330497,0.413402,0.324839,0.743899,0.16032,5.29412,0.312853,0.0273794,1.29157,73.3143,5.49178,109.442,1.31895,-2.17044,7.7064372301101685,-7.120441675186157,2.08126,208.3300018310547,,,,,,,669.8,5.036090225,669.8,5.036090225,,,,,,,,,,,,,,,,,,,"Jasson Dominguez","28080",691176
"Kyle Teel","CHW",117,473,411,102,71,18,1,13,56,47,53,0,118,4,3,2,,6,2,0.248293,0.1112,0.249429,0.445817,0.33722,0.389187,0.321441,0.726407,0.140894,3.80717,0.314636,-0.281593,-0.430878,59.0841,3.21915,105.715,-0.712471,-1.8413,2.472427248954773,1.1587034463882446,2.07038,190.8699951171875,,,,,,,517.1,4.419658119,517.1,4.419658119,,,,,,,,,,,,,,,,,,,"Kyle Teel","33549",691019
"Carlos Narváez","BOS",109,430,379,88,55,19,1,13,46,46,43,0,112,4,3,1,,3,1,0.231688,0.0998001,0.259879,0.384025,0.314676,0.387002,0.308609,0.701678,0.155314,2.97122,0.29136,-0.410346,-0.464086,49.2556,-1.55223,92.9369,-0.874432,0.422259,-4.454053819179535,8.197258651256561,2.06563,295.5299987792969,,,,,,,440.7,4.043119266,440.7,4.043119266,,,,,,,,,,,,,,,,,,,"Carlos Narvaez","19722",665966
"Colton Cowser","BAL",128,553,486,112,67,22,1,21,66,67,54,2,170,7,4,2,,13,4,0.229866,0.0972999,0.308127,0.315779,0.313413,0.411426,0.31558,0.724839,0.181561,4.54995,0.30281,0.300847,0.195516,66.475,1.1338,103.38,0.496363,-3.44544,2.6991568505764008,-1.5704395771026611,2.06283,246.72999572753906,,,,,,,604.6,4.7234375,604.6,4.7234375,,,,,,,,,,,,,,,,,,,"Colton Cowser","29591",681297
"Luis García Jr.","WSN",125,539,501,137,91,28,1,17,61,68,30,1,83,3,4,1,,15,5,0.273242,0.0552001,0.154261,0.357835,0.314981,0.438106,0.324023,0.753087,0.164864,4.4827,0.295398,-0.0421794,-0.0516116,68.487,4.79995,107.572,-0.093791,3.41584,4.74323794990778,-2.65916109085083,2.04796,238.60000610351562,,,,,,,626.4,5.0112,626.4,5.0112,,,,,,,,,,,,,,,,,,,"Luis Garcia Jr.","20391",671277
"Brett Baty","NYM",105,455,408,101,66,16,1,17,53,57,39,0,111,3,3,2,,5,1,0.248142,0.0846999,0.243771,0.347456,0.315461,0.421187,0.319832,0.736648,0.173046,3.86829,0.296753,-0.13655,-0.378701,56.2654,2.50362,107.982,-0.515251,-0.678272,3.7889954447746277,0.9467282891273499,2.03333,253.92999267578125,,,,,,,502.2,4.782857142,502.2,4.782857142,,,,,,,,,,,,,,,,,,,"Brett Baty","26123",683146
"Randy Arozarena","SEA",157,679,585,136,84,28,1,23,88,72,68,1,180,19,4,3,,24,8,0.233137,0.1005,0.264918,0.379363,0.33055,0.403218,0.323029,0.733768,0.170081,5.19345,0.293515,-0.936292,0.526501,85.7275,5.49846,113.598,-0.409791,-6.78021,10.472318917512894,-14.25520944595337,2.00401,95.93000030517578,,,,,,,763.9,4.865605095,763.9,4.865605095,,,,,,,,,,,,,,,,,,,"Randy Arozarena","19290",668227
"Lars Nootbaar","STL",118,511,440,109,71,22,1,16,60,55,63,2,103,4,3,1,,7,2,0.248525,0.1234,0.201359,0.612834,0.345152,0.409886,0.331113,0.755038,0.161361,3.97075,0.288806,0.439708,-0.448056,67.8707,7.49212,114.557,-0.00834817,-1.96688,8.807669935747981,-6.241876602172852,2.00194,385.4700012207031,,,,,,,599,5.076271186,599,5.076271186,,,,,,,,,,,,,,,,,,,"Lars Nootbaar","21454",663457
"Daylen Lile","WSN",134,581,531,144,95,26,9,13,65,68,39,0,101,6,4,1,,15,5,0.270557,0.0670001,0.173929,0.385216,0.325545,0.429135,0.326783,0.75468,0.158578,6.24778,0.30971,0.907741,-0.06706,75.1255,6.47584,109.462,0.840681,-0.434284,7.35649436712265,-7.15928453207016,1.99788,207.3300018310547,,,,,,,673.8,5.028358208,673.8,5.028358208,,,,,,,,,,,,,,,,,,,"Daylen Lile","29995",695734
"Josh Jung","TEX",130,560,519,131,84,25,2,20,61,70,31,0,141,4,4,2,,5,2,0.252049,0.0551,0.252326,0.218368,0.297574,0.422296,0.310787,0.719871,0.170247,3.68875,0.306329,-0.953211,-0.484141,65.137,-1.03134,100.039,-1.43735,-0.421612,-1.4118965584784746,1.5783875584602356,1.98904,327.92999267578125,,,,,,,595.4,4.58,595.4,4.58,,,,,,,,,,,,,,,,,,,"Josh Jung","26299",673962
"Sal Frelick","MIL",125,539,483,131,95,23,3,9,59,54,45,0,78,5,4,1,,16,5,0.270838,0.0834999,0.144331,0.57853,0.337357,0.389421,0.320122,0.726778,0.118583,5.0338,0.303824,0.618879,0.297934,66.7794,3.09243,105.633,0.916813,-0.400253,4.5155540108680725,-3.0752534568309784,1.9821,189.72999572753906,,,,,,,585.4,4.6832,585.4,4.6832,,,,,,,,,,,,,,,,,,,"Sal Frelick","29622",686217
"Luis Robert Jr.","CHW",138,595,541,129,80,25,1,23,68,70,43,4,166,6,4,1,,32,9,0.23777,0.0721001,0.279623,0.257847,0.29887,0.413143,0.306794,0.712012,0.175372,5.20548,0.297168,-0.791259,1.78612,67.2791,-3.02475,95.6253,0.994858,-0.177941,-2.0729898810386658,0.9470594972372055,1.98005,127.52999877929688,,,,,,,658.4,4.771014492,658.4,4.771014492,,,,,,,,,,,,,,,,,,,"Luis Robert Jr.","20043",673357
"Nolan Arenado","STL",125,539,492,124,82,23,1,17,58,66,37,3,79,4,4,1,,3,1,0.251914,0.0692,0.146155,0.473471,0.308027,0.410438,0.310041,0.718465,0.158524,3.03806,0.266478,-0.209873,-0.629982,62.3679,-1.31907,100.121,-0.839856,0.65415,-0.7624935507774353,2.179150104522705,1.97968,427.7300109863281,,,,,,,560.5,4.484,560.5,4.484,,,,,,,,,,,,,,,,,,,"Nolan Arenado","9777",571448
"Kyle Manzardo","CLE",136,588,517,122,68,25,2,27,73,82,60,2,139,6,4,1,,2,1,0.236284,0.1028,0.235604,0.436324,0.321714,0.4511,0.333263,0.772814,0.214816,3.09845,0.266913,-0.0525456,-0.754781,79.124,9.64723,115.301,-0.807327,0.217564,9.796488344669342,-10.782436147332191,1.96973,238.27000427246094,,,,,,,702.9,5.168382352,702.9,5.168382352,,,,,,,,,,,,,,,,,,,"Kyle Manzardo","29794",700932
"Kyle Stowers","MIA",141,609,538,129,75,26,3,25,73,79,58,2,173,7,4,1,,5,2,0.240573,0.0955001,0.284585,0.335576,0.320549,0.441395,0.328644,0.761944,0.200821,4.11047,0.302615,0.299556,-0.636071,79.6661,7.70802,109.376,-0.336515,-0.984435,6.430958867073059,-7.5094353556633,1.96267,128.6699981689453,,,,,,,710.8,5.041134751,710.8,5.041134751,,,,,,,,,,,,,,,,,,,"Kyle Stowers","26151",669065
"Christian Yelich","MIL",146,630,550,142,95,25,1,21,77,80,70,5,151,5,4,1,,17,4,0.25794,0.1106,0.239138,0.462494,0.344273,0.423441,0.33348,0.767714,0.165501,4.45238,0.315293,1.10932,0.44171,84.8865,10.4471,114.784,1.55103,-0.126997,12.589938879013062,-14.376997217535973,1.96166,125.66999816894531,,,,,,,766.9,5.252739726,766.9,5.252739726,,,,,,,,,,,,,,,,,,,"Christian Yelich","11477",592885
"Willson Contreras","STL",138,595,518,126,76,26,1,23,72,78,56,1,152,15,4,1,,5,2,0.243471,0.0947999,0.25505,0.371692,0.333312,0.431154,0.333345,0.764467,0.187683,3.44134,0.296883,-0.829205,-0.748917,80.1057,9.80189,116.085,-1.57812,0.466714,9.76528525352478,-10.408285707235336,1.95957,218.6699981689453,,,,,,,701.8,5.085507246,701.8,5.085507246,,,,,,,,,,,,,,,,,,,"Willson Contreras","11609",575929
"Munetaka Murakami",,122,525,448,102,59,16,1,25,67,68,66,5,152,5,4,2,,9,3,0.226874,0.126,0.290438,0.433828,0.329964,0.437534,0.331245,0.767498,0.210661,3.94341,0.278087,-0.123,-0.423811,69.7863,7.75348,112.256,-0.546811,0,7.058164477348328,-5.724999904632568,1.95432,243.72999572753906,,,,,,,632,5.180327868,632,5.180327868,,,,,,,,,,,,,,,,,,,"Munetaka Murakami","sa3063258",
"Daulton Varsho","TOR",138,595,537,122,68,24,4,26,72,82,47,1,152,5,4,1,,8,3,0.226741,0.0797,0.255851,0.311509,0.293882,0.432158,0.312344,0.72604,0.205417,5.03243,0.263335,0.229717,-0.30236,69.9605,-0.343341,100.31,-0.0726428,-3.68968,0.14462505280971527,-1.5646824836730957,1.94996,208.52999877929688,,,,,,,645.8,4.679710144,645.8,4.679710144,,,,,,,,,,,,,,,,,,,"Daulton Varsho","19918",662139
"Jorge Polanco","NYM",121,525,465,116,72,22,0,22,65,71,51,1,108,4,4,1,,5,2,0.248841,0.0978999,0.205701,0.475934,0.326804,0.438376,0.331695,0.76518,0.189534,3.32487,0.276938,-0.312363,-0.576571,69.9782,7.94541,116.108,-0.888934,2.35888,9.134120106697083,-7.566123962402344,1.94751,255.6699981689453,,,,,,,624.1,5.157851239,624.1,5.157851239,,,,,,,,,,,,,,,,,,,"Jorge Polanco","13152",593871
"Colt Keith","DET",109,469,417,109,71,21,2,15,60,50,44,1,93,3,3,2,,4,1,0.262376,0.0936999,0.199141,0.470521,0.335273,0.430012,0.332242,0.765285,0.167636,4.17995,0.30339,0.82965,-0.434067,62.7219,7.30591,113.162,0.395583,0.334472,7.67107880115509,-4.940528094768524,1.93092,312.3999938964844,,,,,,,552.5,5.068807339,552.5,5.068807339,,,,,,,,,,,,,,,,,,,"Colt Keith","27899",690993
"Matt Wallner","MIN",115,497,428,98,52,21,2,23,63,68,53,0,153,12,3,1,,5,2,0.229977,0.1071,0.307378,0.34843,0.32952,0.449928,0.338114,0.779448,0.219951,4.5168,0.295856,-0.375101,-0.477067,68.8362,10.1118,116.7,-0.852168,-1.36517,8.930312633514404,-7.190174579620361,1.92819,328.6000061035156,,,,,,,608.2,5.288695652,608.2,5.288695652,,,,,,,,,,,,,,,,,,,"Matt Wallner","26466",670242
"Trevor Story","BOS",154,665,613,151,96,32,1,23,76,83,40,1,178,7,5,1,,23,6,0.246852,0.0599001,0.26738,0.224026,0.297759,0.413415,0.307266,0.711174,0.166563,4.84501,0.307872,0.320946,1.27234,75.4493,-3.12556,92.0119,1.59329,-6.50534,-4.667661666870117,0.619661808013916,1.92759,112.80000305175781,,,,,,,715.2,4.644155844,715.2,4.644155844,,,,,,,,,,,,,,,,,,,"Trevor Story","12564",596115
"Mark Vientos","NYM",141,609,552,137,81,26,2,29,75,86,45,0,157,6,5,1,,1,0,0.248826,0.0744999,0.258403,0.28831,0.310518,0.45753,0.330237,0.768048,0.208704,2.93106,0.293211,-0.833859,-0.793772,80.4536,8.49559,115.109,-1.62763,0.719807,9.278022050857544,-10.7551931142807,1.92188,260.6000061035156,,,,,,,729.5,5.173758865,729.5,5.173758865,,,,,,,,,,,,,,,,,,,"Mark Vientos","22184",668901
"Jurickson Profar","ATL",149,644,556,141,93,27,1,19,82,75,73,1,106,10,5,1,,9,3,0.254427,0.1134,0.165017,0.687202,0.348534,0.412455,0.334515,0.76099,0.158028,4.02083,0.280977,-0.411213,-0.483923,87.3145,11.2209,114.268,-0.895136,-1.31622,9.995298206806183,-12.766215205192566,1.90865,181.47000122070312,,,,,,,753.9,5.059731543,753.9,5.059731543,,,,,,,,,,,,,,,,,,,"Jurickson Profar","10815",595777
"Carter Jensen","KCR",94,380,335,82,52,17,2,12,45,43,38,1,94,2,3,1,,4,1,0.246486,0.1013,0.246334,0.411231,0.325853,0.416095,0.323116,0.741948,0.169609,4.41328,0.304516,0.0231228,-0.291462,47.9533,3.10062,104.109,-0.26834,0.441631,1.5701675415039062,3.4916305243968964,1.87822,999,,,,,,,422.5,4.494680851,422.5,4.494680851,,,,,,,,,,,,,,,,,,,"Carter Jensen","29478",695600
"Tommy Edman","LAD",136,588,537,134,89,27,2,17,65,69,39,0,103,6,4,2,,10,2,0.250295,0.0663,0.175916,0.376884,0.306627,0.400999,0.308274,0.707626,0.150704,4.57212,0.279555,0.332201,0.247801,67.1942,-2.28257,97.2718,0.580003,-2.33276,-1.3212822675704956,-0.08276486396789551,1.85788,299,,,,,,,611.3,4.494852941,611.3,4.494852941,,,,,,,,,,,,,,,,,,,"Tommy Edman","19470",669242
"Carson Kelly","CHC",96,379,336,79,53,13,1,13,41,43,35,0,78,4,3,1,,2,1,0.236143,0.0919999,0.205338,0.44804,0.313381,0.395024,0.310487,0.708406,0.158882,3.15082,0.268351,-0.8496,-0.472642,43.9683,-0.789846,100.071,-1.32224,2.06707,-1.2904003895819187,8.842071294784546,1.85208,324.8699951171875,,,,,,,390,4.0625,390,4.0625,,,,,,,,,,,,,,,,,,,"Carson Kelly","13620",608348
"J.T. Realmuto",,125,493,449,111,73,22,2,14,53,56,32,1,119,7,3,1,,6,2,0.246932,0.065,0.240751,0.269989,0.304808,0.397381,0.305458,0.702189,0.150449,4.37896,0.303217,-0.401794,-0.251689,55.1886,-3.03954,94.5421,-0.653483,2.24172,-3.8324132561683655,11.866718530654907,1.84137,221.07000732421875,,,,,,,502.2,4.0176,502.2,4.0176,,,,,,,,,,,,,,,,,,,"J.T. Realmuto","11739",592663
"Marcelo Mayer","BOS",125,539,489,123,76,29,2,16,60,63,39,1,122,4,4,2,,6,2,0.251008,0.0728,0.226296,0.321702,0.309078,0.414602,0.313205,0.72368,0.163594,4.29474,0.301294,0.223701,-0.3992,63.7526,0.0656445,96.103,-0.175499,-0.236721,-2.651173084974289,1.8382792919874191,1.81488,382.7300109863281,,,,,,,580.5,4.644,580.5,4.644,,,,,,,,,,,,,,,,,,,"Marcelo Mayer","29668",691785
"Mike Trout","LAA",134,581,493,114,67,19,2,27,73,76,76,8,178,7,4,1,,4,1,0.232098,0.1315,0.306992,0.428349,0.340718,0.443779,0.337458,0.784497,0.211681,3.61896,0.298899,-0.696238,-0.666893,80.1608,11.5111,115.828,-1.36313,0.0245016,9.47527003288269,-12.000497991219163,1.78759,211.1999969482422,,,,,,,719.5,5.369402985,719.5,5.369402985,,,,,,,,,,,,,,,,,,,"Mike Trout","10155",545361
"Heliot Ramos","SFG",151,651,585,150,98,27,2,23,77,78,51,2,156,9,5,2,,7,2,0.256084,0.0780999,0.23987,0.325593,0.322878,0.428414,0.325467,0.751292,0.17233,3.94788,0.30862,-0.31978,-0.627303,83.4808,6.56011,110.934,-0.947083,-3.38522,7.48895925283432,-11.760224342346191,1.77898,224.72999572753906,,,,,,,748.6,4.957615894,748.6,4.957615894,,,,,,,,,,,,,,,,,,,"Heliot Ramos","22515",671218
"Nick Gonzales","PIT",125,539,492,130,87,28,4,10,56,58,35,1,108,6,4,1,,4,1,0.263293,0.0653,0.200397,0.325853,0.31834,0.400727,0.313189,0.719066,0.137434,4.25268,0.315453,0.242653,-0.708105,63.7457,0.0587347,98.2464,-0.465452,-2.63435,-1.5857106447219849,1.0406453609466553,1.77897,478.3999938964844,,,,,,,561.8,4.4944,561.8,4.4944,,,,,,,,,,,,,,,,,,,"Nick Gonzales","27490",693304
"Salvador Perez","KCR",152,626,579,147,92,27,1,27,74,90,31,6,126,10,4,1,,1,0,0.254312,0.0501,0.201445,0.248704,0.301915,0.445246,0.318317,0.747161,0.190935,2.09304,0.27882,-2.93909,-0.814805,76.5919,2.67248,100.804,-3.7539,1.66189,-3.161441147327423,2.2118895053863525,1.76044,104.06999969482422,,,,,,,706.9,4.650657894,706.9,4.650657894,,,,,,,,,,,,,,,,,,,"Salvador Perez","7304",521692
"Spencer Horwitz","PIT",113,490,422,112,72,26,1,12,57,55,59,1,90,5,3,1,,2,1,0.264234,0.1196,0.183088,0.653238,0.358726,0.415214,0.340055,0.77394,0.15098,2.52012,0.30762,-0.491957,-0.793526,68.6388,10.7415,116.65,-1.28548,1.03277,8.38425350189209,-7.717231750488281,1.73619,355.6000061035156,,,,,,,592.1,5.239823008,592.1,5.239823008,,,,,,,,,,,,,,,,,,,"Spencer Horwitz","26477",687462
"Jordan Lawlar","ARI",109,469,416,101,65,23,3,10,53,50,41,1,119,6,4,2,,15,4,0.24264,0.0877001,0.254594,0.34447,0.316586,0.387113,0.308249,0.703699,0.144473,5.86053,0.312226,0.227465,0.389919,53.5858,-1.83015,95.7613,0.617384,1.49106,-1.7387621998786926,3.0160611867904663,1.72714,338.5299987792969,,,,,,,485.7,4.455963302,485.7,4.455963302,,,,,,,,,,,,,,,,,,,"Jordan Lawlar","29976",691783
"Jared Triolo","PIT",133,574,501,121,85,24,2,10,64,52,62,1,132,5,4,2,,14,4,0.241449,0.1075,0.230495,0.466388,0.328458,0.360424,0.306624,0.688882,0.118975,5.04675,0.304991,-0.213054,0.256602,64.8255,-2.99697,93.7491,0.0435476,-0.324998,-4.208978168666363,1.7750017046928406,1.70485,412.79998779296875,,,,,,,568,4.270676691,568,4.270676691,,,,,,,,,,,,,,,,,,,"Jared Triolo","25807",669707
"Teoscar Hernández","LAD",141,609,558,142,86,27,1,28,75,86,40,1,161,5,4,1,,6,2,0.254929,0.0663,0.264026,0.251112,0.309388,0.459999,0.329786,0.769387,0.20507,3.71533,0.305432,-0.855843,-0.438446,80.2307,8.2727,112.008,-1.29429,-4.58276,7.373319149017334,-11.107763290405273,1.69093,129.6699981689453,,,,,,,725.2,5.143262411,725.2,5.143262411,,,,,,,,,,,,,,,,,,,"Teoscar Hernandez","13066",606192
"Kazuma Okamoto",,102,441,393,99,60,20,1,18,54,56,39,4,75,5,3,2,,2,1,0.251048,0.088,0.169143,0.520268,0.32363,0.441093,0.328587,0.764723,0.190045,3.19395,0.266165,-0.244,-0.502897,57.6687,5.56111,110.43,-0.746897,0,4.689471364021301,-3.2750000953674316,1.67177,317.79998779296875,,,,,,,527.3,5.169607843,527.3,5.169607843,,,,,,,,,,,,,,,,,,,"Kazuma Okamoto","sa3063134",
"Triston Casas","BOS",120,518,443,107,62,21,1,23,63,67,66,5,131,4,4,1,,2,1,0.24202,0.1277,0.252037,0.506671,0.343455,0.449038,0.341307,0.792494,0.207019,3.10619,0.288255,-0.66152,-0.672887,73.0875,11.8818,115.461,-1.33441,-0.307843,8.10506558418274,-9.607842832803726,1.67035,342.20001220703125,,,,,,,650,5.416666666,650,5.416666666,,,,,,,,,,,,,,,,,,,"Triston Casas","22514",671213
"Jeff McNeil","NYM",134,581,518,136,94,26,3,13,64,63,48,3,75,10,4,1,,4,1,0.262326,0.0826,0.128835,0.641129,0.334153,0.400447,0.320879,0.734599,0.13812,3.90461,0.283074,-1.29027,-0.574112,72.3401,3.69044,108.698,-1.86439,-0.833942,4.125315189361572,-7.208941876888275,1.66221,437.3299865722656,,,,,,,637.1,4.754477611,637.1,4.754477611,,,,,,,,,,,,,,,,,,,"Jeff McNeil","15362",643446
"Josh Smith","TEX",110,476,416,102,70,21,1,10,54,46,46,1,90,9,3,2,,8,3,0.244934,0.0960999,0.188396,0.510097,0.330406,0.373486,0.311463,0.703892,0.128552,4.47891,0.287326,-0.0226135,-0.190855,55.6279,-0.61512,100.505,-0.213469,-1.00022,0.06969144940376282,-0.25021934509277344,1.65773,348.3299865722656,,,,,,,487.6,4.432727272,487.6,4.432727272,,,,,,,,,,,,,,,,,,,"Josh Smith","26396",669701
"Jac Caglianone","KCR",121,525,474,121,74,23,2,22,64,71,40,2,110,6,4,1,,3,1,0.255235,0.0762,0.210208,0.362498,0.319066,0.45033,0.330942,0.769396,0.195095,3.46585,0.286384,0.0558286,-0.586062,69.6573,7.62448,109.501,-0.530233,-0.230758,5.348702669143677,-7.355758160352707,1.6434,221.1300048828125,,,,,,,629.4,5.201652892,629.4,5.201652892,,,,,,,,,,,,,,,,,,,"Jac Caglianone","35041",695506
"Cole Young","SEA",94,406,354,86,59,17,2,7,45,39,42,0,70,5,3,2,,6,2,0.242074,0.1025,0.173455,0.590931,0.328187,0.365114,0.307984,0.693301,0.12304,4.58278,0.280267,0.0357131,-0.1592,46.3004,-1.6716,103.234,-0.123487,-0.588412,1.4239966198801994,0.5615881681442261,1.63285,574.9299926757812,,,,,,,400.9,4.264893617,400.9,4.264893617,,,,,,,,,,,,,,,,,,,"Cole Young","31680",702284
"Jake Burger","TEX",133,574,528,130,77,24,1,28,69,82,33,1,142,8,4,1,,2,1,0.246261,0.0571001,0.247507,0.230701,0.298072,0.454621,0.322567,0.752693,0.208359,3.02118,0.282091,-0.168181,-0.654856,72.2553,4.43282,108.153,-0.823037,1.67486,4.692998468875885,-8.775139331817627,1.60365,278.6000061035156,,,,,,,662.5,4.981203007,662.5,4.981203007,,,,,,,,,,,,,,,,,,,"Jake Burger","22275",669394
"Dylan Crews","WSN",138,595,539,131,84,23,4,20,68,72,43,0,128,8,4,1,,25,8,0.243122,0.0719999,0.214489,0.335681,0.306677,0.41093,0.312183,0.717608,0.167808,5.85758,0.28103,0.327559,0.688312,69.8824,-0.421479,99.4604,1.01587,-0.589152,0.6353239119052887,-4.764151453971863,1.60293,161.60000610351562,,,,,,,650.2,4.711594202,650.2,4.711594202,,,,,,,,,,,,,,,,,,,"Dylan Crews","33541",686611
"Nathan Lukes","TOR",107,462,415,113,79,23,2,10,57,48,39,1,72,3,3,2,,4,1,0.273248,0.0837001,0.156004,0.536527,0.337511,0.407287,0.325042,0.744798,0.134039,4.21993,0.308342,-0.00524503,-0.518678,59.085,4.4961,109.056,-0.523923,-0.0118013,4.407469034194946,-4.661801419220865,1.60088,480.8699951171875,,,,,,,520.7,4.86635514,520.7,4.86635514,,,,,,,,,,,,,,,,,,,"Nathan Lukes","18123",664770
"Konnor Griffin","PIT",87,378,343,89,62,16,1,9,42,40,25,0,90,6,3,1,,16,5,0.258663,0.0663001,0.238613,0.277856,0.318009,0.391813,0.3107,0.709822,0.13315,5.3644,0.3236,-0.088249,0.651801,43.9408,-0.722796,96.5411,0.563552,0,-0.986070990562439,4.050000190734863,1.60018,999,,,,,,,401.5,4.614942528,401.5,4.614942528,,,,,,,,,,,,,,,,,,,"Konnor Griffin","sa3065496",804606
"Brandon Marsh","PHI",113,490,434,109,71,23,2,13,56,55,49,1,139,3,4,1,,10,3,0.251717,0.0991,0.28349,0.349571,0.328613,0.404741,0.320528,0.733353,0.153024,4.77444,0.33654,0.38994,0.0440074,60.8704,2.97308,103.547,0.433947,-0.909104,2.493777096271515,-3.159104347229004,1.59987,347.79998779296875,,,,,,,543.3,4.807964601,543.3,4.807964601,,,,,,,,,,,,,,,,,,,"Brandon Marsh","20202",669016
"Ke'Bryan Hayes","CIN",143,616,562,141,101,25,3,12,63,62,42,1,124,5,5,2,,12,4,0.250508,0.0685,0.200956,0.340871,0.306159,0.369732,0.296052,0.675891,0.119225,4.72944,0.298522,0.283289,-0.0319308,64.2816,-8.50359,83.5105,0.251358,4.61551,-11.787422835826874,6.815510034561157,1.58815,474.92999267578125,,,,,,,582.6,4.074125874,582.6,4.074125874,,,,,,,,,,,,,,,,,,,"Ke'Bryan Hayes","18577",663647
"Sean Murphy","ATL",94,380,331,72,42,15,1,15,44,46,38,1,103,7,3,1,,1,0,0.218737,0.0995,0.270458,0.367894,0.309985,0.401028,0.311267,0.711013,0.182291,2.74992,0.266797,-0.145374,-0.502191,44.3015,-0.55121,98.3419,-0.647565,0.0505467,-1.3935701847076416,3.1005466282367706,1.58462,359.79998779296875,,,,,,,399.3,4.24787234,399.3,4.24787234,,,,,,,,,,,,,,,,,,,"Sean Murphy","19352",669221
"Samuel Basallo","BAL",107,445,399,96,57,19,1,19,56,58,37,1,108,4,3,2,,4,1,0.240289,0.0826001,0.242956,0.339979,0.308382,0.436238,0.320907,0.74462,0.195949,3.48012,0.278148,-0.0162208,-0.270287,55.442,2.83821,107.049,-0.286507,0.114566,3.4123111069202423,-2.935433730483055,1.56911,158.72999572753906,,,,,,,505.8,4.727102803,505.8,4.727102803,,,,,,,,,,,,,,,,,,,"Samuel Basallo","28824",694212
"Dylan Beavers","BAL",99,427,368,89,59,17,2,12,49,47,52,0,99,3,3,1,,11,4,0.243034,0.1219,0.230786,0.528195,0.339175,0.398553,0.325278,0.737728,0.155519,4.85594,0.296375,-0.0388759,0.0753926,54.6908,4.23746,110.06,0.0365167,-0.204412,5.099395275115967,-4.479411542415619,1.56708,295.3299865722656,,,,,,,478.6,4.834343434,478.6,4.834343434,,,,,,,,,,,,,,,,,,,"Dylan Beavers","31695",687637
"Pedro Pagés","STL",89,352,320,74,49,13,1,10,36,38,25,1,89,3,3,2,,1,0,0.230331,0.0701,0.253551,0.276473,0.289683,0.372539,0.289144,0.662222,0.142207,2.79733,0.284581,-0.486235,-0.426447,34.7578,-6.83369,85.8058,-0.912682,-0.496581,-6.834415137767792,6.378419458866119,1.56586,557.5999755859375,,,,,,,317.7,3.569662921,317.7,3.569662921,,,,,,,,,,,,,,,,,,,"Pedro Pages","25782",686780
"Sal Stewart","CIN",113,490,439,120,76,25,1,18,60,64,42,0,94,4,4,1,,7,2,0.272051,0.0847001,0.191175,0.443051,0.338225,0.453285,0.342602,0.79151,0.181234,3.65174,0.306763,0.0330094,-0.317497,69.6521,11.7548,115.398,-0.284488,-0.071605,8.65820661187172,-9.721604637801647,1.55914,211.39999389648438,,,,,,,626.1,5.540707964,626.1,5.540707964,,,,,,,,,,,,,,,,,,,"Sal Stewart","31505",701398
"Kerry Carpenter","DET",115,497,454,115,68,19,4,24,63,71,33,1,118,6,4,1,,2,1,0.253666,0.0655001,0.237621,0.27565,0.310522,0.472965,0.33436,0.783488,0.219299,4.19277,0.288976,-0.218762,-0.582472,67.3213,8.59691,114.621,-0.801233,-0.328998,7.763445675373077,-9.653998136520386,1.55672,223.1999969482422,,,,,,,611.5,5.317391304,611.5,5.317391304,,,,,,,,,,,,,,,,,,,"Kerry Carpenter","25961",681481
"Luis Arraez",,141,609,566,173,134,29,3,7,74,57,32,2,28,5,4,3,,9,3,0.305482,0.0520001,0.0455319,1.14206,0.345321,0.404147,0.326728,0.749469,0.0986651,4.6439,0.30993,0.460776,-0.541696,78.7184,6.76036,109.153,-0.0809199,0.0268624,6.507179565727711,-12.098137591034174,1.53676,288.07000732421875,,,,,,,689.5,4.890070921,689.5,4.890070921,,,,,,,,,,,,,,,,,,,"Luis Arraez","18568",650333
"Ryan McMahon","NYY",118,511,445,94,58,18,1,18,56,57,58,2,164,3,4,1,,4,1,0.212133,0.1128,0.320056,0.352438,0.304437,0.374611,0.298917,0.679048,0.162478,3.21555,0.28697,0.121432,-0.618437,54.5128,-5.86581,91.5845,-0.497005,1.1536,-5.565425544977188,2.978602886199951,1.53479,394.92999267578125,,,,,,,496.3,4.205932203,496.3,4.205932203,,,,,,,,,,,,,,,,,,,"Ryan McMahon","15112",641857
"Bryan Reynolds","PIT",152,658,588,149,96,30,2,21,77,79,57,1,160,7,5,1,,6,2,0.254091,0.0864,0.243919,0.354216,0.325009,0.421936,0.324658,0.746945,0.167845,3.99107,0.311667,-0.0334779,-0.645878,83.9464,6.19861,106.103,-0.679356,-1.83205,4.07996141910553,-10.98205029964447,1.53364,206.1999969482422,,,,,,,740,4.868421052,740,4.868421052,,,,,,,,,,,,,,,,,,,"Bryan Reynolds","19326",668804
"Agustín Ramírez","MIA",128,536,486,121,72,27,1,21,65,72,40,2,103,6,4,1,,13,4,0.249701,0.0744,0.191582,0.388346,0.312177,0.441044,0.324317,0.753222,0.191344,4.56343,0.274003,-0.57358,0.187147,68.259,4.90279,106.412,-0.386433,-1.50981,3.688244789838791,-6.934809565544128,1.51968,77.4000015258789,,,,,,,624.5,4.87890625,624.5,4.87890625,,,,,,,,,,,,,,,,,,,"Agustin Ramirez","26546",682663
"Parker Meadows","DET",122,525,466,106,68,19,6,13,59,53,50,1,132,3,4,2,,14,4,0.228132,0.0946999,0.250985,0.377313,0.304532,0.378728,0.299559,0.683261,0.150597,6.29805,0.28683,0.533789,0.568955,56.2801,-5.75267,90.6481,1.10274,-0.549134,-4.68397843837738,1.3258660435676575,1.50517,390.3999938964844,,,,,,,513.5,4.209016393,513.5,4.209016393,,,,,,,,,,,,,,,,,,,"Parker Meadows","23800",678009
"Christian Walker","HOU",146,630,562,129,75,24,1,29,74,84,54,2,165,9,4,1,,4,1,0.229761,0.0850001,0.262086,0.324322,0.304595,0.430082,0.317401,0.734677,0.200321,3.2,0.269425,-0.828618,-0.638822,76.6621,2.22275,103.765,-1.46744,2.92771,1.327857255935669,-8.322293758392334,1.50288,192.3300018310547,,,,,,,702.1,4.808904109,702.1,4.808904109,,,,,,,,,,,,,,,,,,,"Christian Walker","13419",572233
"Jonathan India","KCR",126,546,473,117,78,26,1,12,62,52,56,0,104,11,4,2,,6,2,0.247482,0.1033,0.190279,0.542888,0.338979,0.382574,0.320471,0.721553,0.135092,3.77532,0.29166,0.426892,-0.516313,67.8014,3.28728,102.287,-0.0894214,-1.10381,1.3824936896562576,-5.553808927536011,1.49592,400.79998779296875,,,,,,,582.9,4.626190476,582.9,4.626190476,,,,,,,,,,,,,,,,,,,"Jonathan India","21523",663697
"Ramón Laureano","SDP",126,546,494,120,73,24,2,21,64,71,39,1,148,9,4,1,,8,3,0.243041,0.0709999,0.270488,0.262488,0.307324,0.425796,0.317473,0.733119,0.182754,4.5979,0.301858,-0.654382,-0.309008,66.4727,1.95857,106.803,-0.96339,-0.849909,3.43910950422287,-6.999908149242401,1.49425,225,,,,,,,607.2,4.819047619,607.2,4.819047619,,,,,,,,,,,,,,,,,,,"Ramon Laureano","17128",657656
"Jesús Sánchez","HOU",99,427,383,96,59,18,2,16,52,54,37,1,103,3,3,1,,9,3,0.250394,0.086,0.241393,0.356266,0.318528,0.437555,0.326523,0.756083,0.187161,5.18408,0.298774,-0.0855631,0.0981816,55.1225,4.66912,110.049,0.0126185,-0.637933,5.069799862802029,-5.212932467460632,1.48901,319.4700012207031,,,,,,,497.3,5.023232323,497.3,5.023232323,,,,,,,,,,,,,,,,,,,"Jesus Sanchez","19913",660821
"Brenton Doyle","COL",138,595,547,134,87,25,3,19,67,69,38,0,158,4,4,1,,20,5,0.245029,0.0643999,0.265571,0.242496,0.296452,0.407601,0.305039,0.704053,0.162572,5.51456,0.306263,0.38387,0.999365,66.4314,-3.87241,80.8938,1.38323,4.536,-12.090426206588745,6.660999774932861,1.46986,160.6699981689453,,,,,,,621.6,4.504347826,621.6,4.504347826,,,,,,,,,,,,,,,,,,,"Brenton Doyle","25479",686668
"Spencer Torkelson","DET",151,651,566,129,73,29,1,27,77,82,71,4,171,7,5,1,,2,1,0.228481,0.1098,0.262212,0.418745,0.320084,0.425327,0.322701,0.745411,0.196846,2.7727,0.274394,0.114579,-0.847658,82.0192,5.09855,106.59,-0.73308,-0.492054,4.3232439160346985,-12.367053538560867,1.46947,191.1999969482422,,,,,,,735,4.867549668,735,4.867549668,,,,,,,,,,,,,,,,,,,"Spencer Torkelson","27465",679529
"Vaughn Grissom","LAA",109,469,421,105,74,21,1,10,46,47,37,0,94,6,3,1,,7,2,0.249597,0.0796001,0.199656,0.398687,0.316767,0.373109,0.304367,0.689876,0.123512,3.79967,0.296849,0.255793,-0.234601,52.1078,-3.30816,93.0329,0.0211919,0.551196,-3.830015577375889,1.9261964559555054,1.45677,621.2000122070312,,,,,,,464.3,4.259633027,464.3,4.259633027,,,,,,,,,,,,,,,,,,,"Vaughn Grissom","26031",687093
"Harrison Bader",,122,525,478,117,79,22,1,15,58,58,34,1,127,8,4,2,,15,5,0.245473,0.064,0.241152,0.265393,0.303517,0.390887,0.303089,0.694404,0.145414,4.74658,0.300839,-0.014644,0.273001,57.7847,-4.24813,92.9144,0.258357,-1.27853,-4.1382754147052765,0.5964676141738892,1.45554,314.1300048828125,,,,,,,528.2,4.329508196,528.2,4.329508196,,,,,,,,,,,,,,,,,,,"Harrison Bader","18030",664056
"Josh Bell","MIN",133,574,504,127,82,23,1,21,69,74,60,1,109,5,4,1,,2,1,0.252132,0.104,0.189894,0.547675,0.334896,0.430032,0.332948,0.764929,0.1779,2.78948,0.279723,-1.3217,-0.872006,77.0934,9.27084,113.141,-2.19371,-1.0019,6.696792364120483,-12.301903009414673,1.44783,442.1300048828125,,,,,,,673,5.060150375,673,5.060150375,,,,,,,,,,,,,,,,,,,"Josh Bell","13145",605137
"Justin Crawford","PHI",99,427,387,103,76,19,2,6,49,42,32,0,89,3,3,2,,21,5,0.266331,0.0761001,0.208344,0.365262,0.324838,0.375618,0.308349,0.700456,0.109287,5.92613,0.327717,-0.0297875,1.41121,48.822,-1.63138,95.2039,1.38143,0,-1.0457879304885864,0.925000011920929,1.44113,999,,,,,,,443.6,4.48080808,443.6,4.48080808,,,,,,,,,,,,,,,,,,,"Justin Crawford","sa3020240",702222
"Jose Trevino","CIN",70,275,253,63,43,12,0,8,29,31,16,0,43,2,2,1,,2,0,0.249964,0.0595001,0.154451,0.385236,0.298918,0.391305,0.300626,0.690224,0.141341,2.89225,0.271157,-0.227879,-0.304534,29.7399,-2.77706,86.6437,-0.532413,-0.86785,-4.88883113861084,4.507149696350098,1.43855,726.1300048828125,,,,,,,267.6,3.822857142,267.6,3.822857142,,,,,,,,,,,,,,,,,,,"Jose Trevino","16725",624431
"Davis Schneider","TOR",92,399,340,75,44,15,1,14,48,44,51,0,113,4,3,1,,5,1,0.219548,0.1275,0.282734,0.450953,0.326455,0.395918,0.319068,0.722372,0.176369,4.07265,0.280633,-0.219286,-0.262302,49.0927,1.94774,104.941,-0.481588,-1.0157,1.842085838317871,-1.590696394443512,1.43077,568.8699951171875,,,,,,,432.5,4.701086956,432.5,4.701086956,,,,,,,,,,,,,,,,,,,"Davis Schneider","23565",676914
"Ryan O'Hearn",,120,518,462,123,83,22,2,16,60,63,47,3,98,5,4,1,,3,1,0.266034,0.0900001,0.189864,0.474025,0.337666,0.423692,0.330645,0.761358,0.157659,3.34894,0.304789,-0.665282,-0.67657,68.6034,7.3977,111.844,-1.34185,-0.019696,5.909326791763306,-9.71969585865736,1.40383,299.92999267578125,,,,,,,611.3,5.094166666,611.3,5.094166666,,,,,,,,,,,,,,,,,,,"Ryan O'Hearn","16442",656811
"Romy Gonzalez","BOS",92,399,369,100,65,20,3,12,47,48,22,1,97,4,3,1,,10,3,0.271665,0.0558999,0.244106,0.228998,0.317141,0.438687,0.325399,0.755828,0.167022,5.36028,0.33597,-0.325067,0.0788268,51.1438,3.9989,104.503,-0.24624,-0.510986,1.87142676115036,-1.9359862804412842,1.39845,427.6700134277344,,,,,,,467.5,5.081521739,467.5,5.081521739,,,,,,,,,,,,,,,,,,,"Romy Gonzalez","21562",663853
"Jake Meyers","HOU",83,357,321,81,56,15,2,8,39,38,28,0,75,4,3,1,,10,3,0.252993,0.0790001,0.20972,0.376694,0.319348,0.385215,0.309656,0.704563,0.132223,5.09844,0.304126,0.189416,0.155295,41.197,-0.985323,98.4293,0.344711,0.289216,-0.3161701560020447,1.5642158091068268,1.38484,451.8699951171875,,,,,,,369.3,4.44939759,369.3,4.44939759,,,,,,,,,,,,,,,,,,,"Jake Meyers","20308",676694
"Victor Scott II","STL",130,560,501,114,82,21,2,9,60,49,45,0,123,8,4,3,,35,7,0.22683,0.0799,0.218976,0.364879,0.298053,0.32785,0.279574,0.625903,0.101021,6.19553,0.280609,0.36447,3.10675,50.9454,-15.2229,79.2501,3.47122,3.1335,-10.30084228515625,5.133498907089233,1.37753,344.7300109863281,,,,,,,500.2,3.847692307,500.2,3.847692307,,,,,,,,,,,,,,,,,,,"Victor Scott II","31349",687363
"Marcell Ozuna",,126,546,472,114,69,20,1,24,68,73,66,2,136,3,4,1,,1,0,0.241181,0.121,0.249765,0.484455,0.335904,0.439609,0.336741,0.775513,0.198428,2.03042,0.283789,-1.01706,-0.857259,75.014,10.4999,116.031,-1.87431,0,8.471145868301392,-13.649999618530273,1.36077,333.6700134277344,,,,,,,664.6,5.274603174,664.6,5.274603174,,,,,,,,,,,,,,,,,,,"Marcell Ozuna","10324",542303
"Cedric Mullins","TBR",105,455,407,94,59,19,1,14,51,50,40,0,103,4,3,1,,19,5,0.231671,0.0888999,0.227193,0.391296,0.304737,0.391644,0.304932,0.696381,0.159973,5.39557,0.273309,-0.407184,1.0702,50.761,-3.00075,93.7179,0.663014,-1.01689,-2.7058793902397156,0.30811071395874023,1.35693,311.92999267578125,,,,,,,465.9,4.437142857,465.9,4.437142857,,,,,,,,,,,,,,,,,,,"Cedric Mullins","17929",656775
"Joc Pederson","TEX",100,434,374,90,54,15,1,19,55,59,49,1,100,8,3,0,,3,1,0.239685,0.1121,0.230907,0.485477,0.337834,0.441404,0.338781,0.779238,0.201719,3.58593,0.273349,-0.385539,-0.577317,60.3455,9.06509,119.323,-0.962856,-0.000758338,8.92125517129898,-10.750758338195737,1.34112,555,,,,,,,531.7,5.317,531.7,5.317,,,,,,,,,,,,,,,,,,,"Joc Pederson","11899",592626
"Rafael Marchán","PHI",97,384,341,81,55,16,1,8,40,39,33,0,66,5,3,2,,2,1,0.235919,0.0871,0.172227,0.505726,0.310134,0.362029,0.297509,0.672163,0.12611,3.36769,0.267996,-0.312851,-0.483573,40.5256,-4.84692,87.7777,-0.796424,0.507429,-6.359041452407837,8.007429003715515,1.33709,747,,,,,,,354.9,3.658762886,354.9,3.658762886,,,,,,,,,,,,,,,,,,,"Rafael Marchan","21646",665561
"Carson Benge","NYM",100,434,383,91,61,18,2,10,50,44,41,1,96,5,3,2,,9,2,0.23634,0.0938,0.22211,0.422313,0.31496,0.372115,0.302406,0.687075,0.135775,5.10688,0.287654,0,0.288285,47.5281,-3.75235,96.0441,0.288285,0,-1.7465513050556183,0.3500000238418579,1.33443,999,,,,,,,433.7,4.337,433.7,4.337,,,,,,,,,,,,,,,,,,,"Carson Benge","sa3025452",701807
"Luis Torrens","NYM",58,230,210,50,33,10,1,7,25,26,16,0,52,2,2,1,,2,0,0.239005,0.0673001,0.223739,0.300798,0.296296,0.386701,0.298104,0.682997,0.147696,3.65225,0.284235,-0.0848129,-0.219126,24.4268,-2.79676,93.0972,-0.303939,1.82348,-2.18891179561615,6.323476433753967,1.32982,699.3300170898438,,,,,,,228.3,3.936206896,228.3,3.936206896,,,,,,,,,,,,,,,,,,,"Luis Torrens","15905",620443
"Noelvi Marte","CIN",133,574,525,134,87,26,2,20,72,68,38,1,126,6,4,2,,16,5,0.256243,0.0655,0.2189,0.299223,0.310798,0.427949,0.319398,0.738747,0.171706,5.3877,0.298735,0.233811,0.2485,70.7784,2.95586,99.5027,0.482311,0.0731433,0.14402097463607788,-6.276856608688831,1.32641,137.3300018310547,,,,,,,648.6,4.876691729,648.6,4.876691729,,,,,,,,,,,,,,,,,,,"Noelvi Marte","26517",682622
"Kevin McGonigle","DET",55,238,208,53,34,12,1,6,28,26,26,0,36,2,2,1,,4,1,0.25546,0.1078,0.150405,0.716733,0.340123,0.410075,0.329264,0.750198,0.154615,4.66024,0.280544,-0.0375295,-0.0809499,31.2536,3.13208,111.111,-0.118479,0,2.998168870806694,1.75,1.3239,999,,,,,,,274.5,4.99090909,274.5,4.99090909,,,,,,,,,,,,,,,,,,,"Kevin McGonigle","sa3022895",805808
"Connor Norby","MIA",117,504,456,110,71,23,1,15,56,55,37,0,137,5,4,2,,10,3,0.241005,0.0744001,0.271645,0.273888,0.302779,0.395599,0.304679,0.698378,0.154594,4.57137,0.308182,-0.353485,0.0454125,56.124,-3.42752,92.959,-0.308073,-1.02981,-4.513982713222504,0.5201923847198486,1.30698,342.07000732421875,,,,,,,510,4.358974358,510,4.358974358,,,,,,,,,,,,,,,,,,,"Connor Norby","29592",681393
"Luis Campusano","SDP",94,393,348,86,57,15,1,13,45,46,37,0,78,3,3,1,,1,0,0.24718,0.0939999,0.197932,0.47491,0.322415,0.407452,0.319401,0.729867,0.160273,2.79035,0.280565,0.140122,-0.531146,48.4361,2.02374,108.124,-0.391024,-0.557646,3.3909114599227905,-3.0576456785202026,1.27782,701.3300170898438,,,,,,,426.9,4.541489361,426.9,4.541489361,,,,,,,,,,,,,,,,,,,"Luis Campusano","22217",669134
"Chandler Simpson","TBR",102,441,408,117,96,16,2,2,51,37,26,0,49,2,3,2,,42,10,0.286144,0.0588999,0.110298,0.534009,0.329183,0.355687,0.302462,0.68487,0.0695432,6.74895,0.317581,0.620934,3.56051,48.3145,-3.79302,92.016,4.18144,0.958486,0.03160572052001953,-2.8665143251419067,1.2629,156.27000427246094,,,,,,,459.6,4.505882352,459.6,4.505882352,,,,,,,,,,,,,,,,,,,"Chandler Simpson","31912",802415
"Anthony Santander","TOR",141,609,541,125,72,24,1,28,73,80,58,2,138,5,4,1,,2,1,0.230643,0.0946999,0.226713,0.417709,0.308995,0.434728,0.321126,0.743724,0.204085,2.83399,0.255292,-0.884448,-0.742048,75.9485,3.99046,106.359,-1.6265,-0.996035,2.937764286994934,-11.62103545665741,1.25614,255.6699981689453,,,,,,,687.5,4.875886524,687.5,4.875886524,,,,,,,,,,,,,,,,,,,"Anthony Santander","14551",623993
"Kyle Karros","COL",110,476,424,112,76,24,2,10,49,49,42,1,107,5,3,1,,4,1,0.263697,0.0882001,0.224509,0.392858,0.335083,0.396993,0.32067,0.732076,0.133296,3.77745,0.32891,-0.11387,-0.528868,59.1859,2.94283,91.6014,-0.642738,0.106524,-5.380902707576752,1.8065235540270805,1.25458,563.2000122070312,,,,,,,524,4.763636363,524,4.763636363,,,,,,,,,,,,,,,,,,,"Kyle Karros","33252",691720
"Kyle Isbel","KCR",113,490,448,111,76,22,5,9,54,50,31,0,97,4,4,2,,10,3,0.248601,0.0642,0.197239,0.325493,0.301983,0.380832,0.298164,0.682815,0.132231,5.78578,0.294952,0.75914,0.0890244,51.973,-5.92426,86.921,0.848164,0.313972,-6.705269813537598,2.0639721155166626,1.25064,723.469970703125,,,,,,,466.1,4.124778761,466.1,4.124778761,,,,,,,,,,,,,,,,,,,"Kyle Isbel","21614",664728
"Nasim Nuñez","WSN",99,427,376,87,66,14,1,7,47,36,43,0,98,3,3,2,,34,8,0.232454,0.1005,0.228518,0.43979,0.313602,0.32811,0.288249,0.641712,0.0956567,5.95815,0.293504,-0.116928,2.78254,41.8535,-8.59985,83.0651,2.66561,1.83503,-5.904865264892578,3.9100329875946045,1.2494,449.2699890136719,,,,,,,403.5,4.075757575,403.5,4.075757575,,,,,,,,,,,,,,,,,,,"Nasim Nunez","25979",683083
"Willi Castro",,133,574,510,119,80,23,3,13,63,57,46,1,138,13,4,2,,15,5,0.23433,0.0800001,0.239699,0.333753,0.311018,0.368602,0.300215,0.67962,0.134272,5.41865,0.293353,0.467546,0.0774136,61.8384,-5.98409,90.94,0.54496,-1.82748,-5.601486623287201,-1.6774807423353195,1.24286,384.2699890136719,,,,,,,553.9,4.164661654,553.9,4.164661654,,,,,,,,,,,,,,,,,,,"Willi Castro","17338",650489
"Christian Moore","LAA",113,490,436,100,66,17,3,14,51,52,44,1,146,4,4,2,,7,2,0.229874,0.0896001,0.297794,0.300879,0.303573,0.377816,0.298613,0.681388,0.147942,4.6606,0.308099,-0.0347777,-0.248606,52.1517,-5.7456,89.0689,-0.283384,0.106817,-6.596340388059616,1.856817089021206,1.24059,401.3299865722656,,,,,,,473.7,4.192035398,473.7,4.192035398,,,,,,,,,,,,,,,,,,,"Christian Moore","34979",695681
"Brooks Baldwin","CHW",92,399,365,93,61,17,1,13,45,46,27,0,89,3,3,2,,9,2,0.254303,0.0671001,0.22332,0.300466,0.307895,0.417055,0.314348,0.72495,0.162752,4.67737,0.29943,0.222683,0.208367,47.5637,0.418816,100.829,0.43105,0.824661,0.8209646940231323,-2.4503389596939087,1.23835,437.8699951171875,,,,,,,434.5,4.722826086,434.5,4.722826086,,,,,,,,,,,,,,,,,,,"Brooks Baldwin","31394",681460
"Spencer Steer","CIN",138,595,523,125,76,26,2,21,70,75,60,0,128,7,4,1,,10,3,0.239538,0.1008,0.214944,0.46896,0.323806,0.419407,0.324561,0.743213,0.179869,4.58363,0.275393,-0.376241,-0.202788,75.8623,5.55843,103.04,-0.579029,1.53676,1.5647297501564026,-9.338237524032593,1.23003,235.72999572753906,,,,,,,672.8,4.875362318,672.8,4.875362318,,,,,,,,,,,,,,,,,,,"Spencer Steer","26323",668715
"Luis Rengifo",,100,434,397,101,72,17,2,10,48,46,28,0,77,4,3,2,,12,4,0.255626,0.065,0.178284,0.364588,0.309817,0.387822,0.305056,0.69764,0.132196,5.1269,0.29187,0.553579,-0.00412384,48.462,-2.81847,94.266,0.549455,-1.84296,-2.3917741179466248,-0.292957067489624,1.22813,416.6700134277344,,,,,,,430.9,4.309,430.9,4.309,,,,,,,,,,,,,,,,,,,"Luis Rengifo","19858",650859
"Isaac Collins","KCR",97,420,358,87,57,19,3,8,48,42,52,0,90,5,3,2,,13,4,0.244108,0.1234,0.214455,0.575411,0.345004,0.382848,0.323059,0.727852,0.138741,5.63306,0.300982,0.184634,0.107811,53.0377,3.41141,104.071,0.292444,-0.348618,2.3074243366718292,-4.848617881536484,1.219,393.6000061035156,,,,,,,461.1,4.753608247,461.1,4.753608247,,,,,,,,,,,,,,,,,,,"Isaac Collins","25477",686555
"Victor Caratini",,78,313,281,72,50,11,1,10,34,36,23,0,57,6,2,1,,1,0,0.254841,0.0749998,0.181196,0.413916,0.322468,0.401034,0.316863,0.723502,0.146193,2.94187,0.286149,-0.698457,-0.426164,37.9752,0.968253,102.376,-1.12462,-2.10848,-0.2449589967727661,1.3915166854858398,1.20158,453.1300048828125,,,,,,,342.7,4.393589743,342.7,4.393589743,,,,,,,,,,,,,,,,,,,"Victor Caratini","14968",605170
"Josh Lowe","TBR",117,504,455,113,71,24,2,16,60,60,41,2,132,3,4,1,,21,4,0.248667,0.0808999,0.262141,0.308612,0.312206,0.417614,0.315432,0.72982,0.168947,5.78849,0.312001,-0.300321,1.57338,60.524,0.972534,100.951,1.27306,-2.05951,1.8378088474273682,-7.459507942199707,1.19963,268.79998779296875,,,,,,,569.9,4.87094017,569.9,4.87094017,,,,,,,,,,,,,,,,,,,"Josh Lowe","19953",666139
"Miguel Andujar",,94,406,376,105,74,19,2,11,46,48,24,1,61,3,3,1,,2,1,0.279165,0.058,0.149994,0.386682,0.324163,0.421605,0.322979,0.745767,0.14244,3.38911,0.307273,-0.309071,-0.515375,51.2432,3.27121,106.578,-0.824446,-0.917985,2.3319265246391296,-4.367985129356384,1.19754,495.8699951171875,,,,,,,463.9,4.935106382,463.9,4.935106382,,,,,,,,,,,,,,,,,,,"Miguel Andujar","15878",609280
"Nick Fortes","TBR",79,314,287,69,47,12,1,9,33,34,18,0,55,5,2,1,,2,1,0.239591,0.0579,0.175229,0.330425,0.294181,0.376271,0.293463,0.670452,0.136679,3.36112,0.266521,0.119657,-0.331462,32.066,-4.98829,85.8176,-0.211805,-3.31198,-5.453825578093529,2.8130173683166504,1.17893,674.3300170898438,,,,,,,294.5,3.727848101,294.5,3.727848101,,,,,,,,,,,,,,,,,,,"Nick Fortes","21538",663743
"Max Muncy","ATH",107,462,422,101,65,22,1,13,48,52,29,0,123,7,3,1,,5,2,0.239346,0.0621001,0.266478,0.233041,0.29645,0.391929,0.299778,0.688379,0.152583,3.73629,0.303293,0.0597318,-0.335968,49.6087,-4.9802,88.2303,-0.276236,0.23527,-6.685090661048889,2.0352702736854553,1.15117,501,,,,,,,447.2,4.179439252,447.2,4.179439252,,,,,,,,,,,,,,,,,,,"Max Muncy","29779",691777
"Danny Jansen","TEX",89,352,306,67,39,14,0,13,42,41,37,0,81,5,3,1,,2,0,0.219515,0.1061,0.229342,0.462629,0.311999,0.399544,0.31245,0.711543,0.180029,3.1074,0.250689,-0.54,-0.393834,41.4185,-0.173019,101.184,-0.933834,-2.3034,-0.44257888197898865,4.571597576141357,1.14932,533.72998046875,,,,,,,361.8,4.065168539,361.8,4.065168539,,,,,,,,,,,,,,,,,,,"Danny Jansen","16535",643376
"Giancarlo Stanton","NYY",109,469,419,97,53,15,0,29,61,75,43,3,143,3,3,0,,1,0,0.232368,0.0926,0.303902,0.304704,0.306554,0.476136,0.333078,0.78269,0.243769,2.20639,0.273557,-1.1606,-0.593455,63.0403,7.62433,115.117,-1.75405,-0.00194716,6.6021305322647095,-11.526946777943522,1.14768,267.4700012207031,,,,,,,580.2,5.322935779,580.2,5.322935779,,,,,,,,,,,,,,,,,,,"Giancarlo Stanton","4949",519317
"Adolis García","PHI",139,602,549,130,76,26,1,27,70,80,42,1,157,6,4,1,,12,3,0.236565,0.0700999,0.26094,0.268644,0.296228,0.432562,0.313781,0.728789,0.195997,4.08155,0.279482,0.0349494,0.0790469,71.4855,0.354561,98.9244,0.113996,-1.76145,-0.6534414812922478,-8.211450099945068,1.1422,276.2699890136719,,,,,,,672.3,4.836690647,672.3,4.836690647,,,,,,,,,,,,,,,,,,,"Adolis Garcia","19287",666969
"Gabriel Arias","CLE",118,511,469,107,68,23,2,13,50,52,32,1,157,5,3,1,,11,4,0.228705,0.0635,0.308212,0.206027,0.283974,0.373068,0.286126,0.657043,0.144363,4.79712,0.311348,0.415153,-0.0355125,49.2062,-11.1724,82.8298,0.379641,0.947581,-9.961482912302017,3.5225810408592224,1.14067,478.20001220703125,,,,,,,451.2,3.823728813,451.2,3.823728813,,,,,,,,,,,,,,,,,,,"Gabriel Arias","22563",672356
"Tyler O'Neill","BAL",94,406,356,83,50,14,1,18,50,54,42,2,117,4,3,1,,4,1,0.233009,0.1033,0.287215,0.35966,0.318359,0.430045,0.323694,0.748404,0.197036,3.90686,0.289479,0.0276116,-0.281516,51.479,3.50696,108.969,-0.253905,-0.576868,4.037883430719376,-6.926868319511414,1.13412,380.3999938964844,,,,,,,467.1,4.969148936,467.1,4.969148936,,,,,,,,,,,,,,,,,,,"Tyler O'Neill","15711",641933
"Edgar Quero","CHW",115,480,426,111,78,20,1,11,49,50,44,0,87,5,3,1,,2,1,0.259481,0.0912,0.180933,0.504052,0.333523,0.38925,0.31882,0.722773,0.129769,2.3513,0.299563,-0.585479,-0.739307,58.9869,2.24756,103.91,-1.32479,-0.348546,0.8879947662353516,-4.373546093702316,1.12849,329.7300109863281,,,,,,,510.7,4.440869565,510.7,4.440869565,,,,,,,,,,,,,,,,,,,"Edgar Quero","28022",700337
"Wenceel Pérez","DET",118,511,461,111,71,22,4,14,54,55,42,0,113,4,3,1,,11,4,0.240473,0.0816,0.220577,0.369939,0.307044,0.395931,0.306866,0.702975,0.155458,5.31382,0.287546,0.751331,-0.0199008,57.8107,-2.56789,95.6813,0.73143,-0.229765,-1.8695999383926392,-4.704764813184738,1.12681,415.8699951171875,,,,,,,526.5,4.461864406,526.5,4.461864406,,,,,,,,,,,,,,,,,,,"Wenceel Perez","22857",672761
"Jacob Young","WSN",78,336,304,77,58,14,1,4,35,29,24,0,62,4,2,1,,18,5,0.252758,0.0699999,0.185753,0.376843,0.313165,0.343086,0.291544,0.656251,0.0903273,5.65805,0.304556,0.609086,0.947095,33.8327,-5.86826,85.3222,1.55618,2.90516,-4.288965821266174,4.105156421661377,1.12493,670.469970703125,,,,,,,315.3,4.042307692,315.3,4.042307692,,,,,,,,,,,,,,,,,,,"Jacob Young","29931",696285
"Kyle Higashioka","TEX",71,283,261,59,36,11,1,11,31,35,17,0,69,2,2,1,,3,1,0.226222,0.0590998,0.244856,0.241366,0.275096,0.405013,0.293458,0.680109,0.178791,3.96376,0.261697,-0.786231,-0.154461,28.9153,-4.49973,88.1011,-0.940692,-2.42565,-4.906742572784424,2.4743492603302,1.12016,441,,,,,,,270.3,3.807042253,270.3,3.807042253,,,,,,,,,,,,,,,,,,,"Kyle Higashioka","5517",543309
"Jorge Soler","LAA",130,560,491,112,64,22,1,25,66,71,57,1,152,6,4,1,,1,0,0.227866,0.1026,0.270964,0.378649,0.314035,0.428136,0.322388,0.742172,0.200271,2.53211,0.273,-1.23355,-0.770473,70.4115,4.24318,105.446,-2.00403,-1.47172,1.5907421112060547,-9.971719145774841,1.11452,405.92999267578125,,,,,,,631.6,4.858461538,631.6,4.858461538,,,,,,,,,,,,,,,,,,,"Jorge Soler","14221",624585
"Yoán Moncada",,91,392,349,84,54,17,2,11,44,43,34,1,107,5,3,1,,2,0,0.240715,0.0879999,0.272514,0.322919,0.315068,0.395542,0.31067,0.71061,0.154827,3.70853,0.312105,-0.342526,-0.503682,45.5589,-0.758959,98.1226,-0.846207,-2.07487,-1.7160464525222778,-0.6748675107955933,1.11276,620.27001953125,,,,,,,406.3,4.464835164,406.3,4.464835164,,,,,,,,,,,,,,,,,,,"Yoan Moncada","17232",660162
"Luis Matos","SFG",84,364,333,84,53,17,1,12,42,43,23,0,50,4,3,2,,7,2,0.252097,0.0622,0.137141,0.453546,0.304457,0.42022,0.313343,0.724677,0.168124,4.77293,0.262324,-0.0649916,0.198707,43.0944,0.0849772,102.628,0.133715,0.96296,1.2675979435443878,-2.5370404720306396,1.10916,589.5999755859375,,,,,,,393.9,4.689285714,393.9,4.689285714,,,,,,,,,,,,,,,,,,,"Luis Matos","26467",682641
"Casey Schmitt","SFG",96,413,376,90,59,18,1,12,42,46,29,1,94,5,3,1,,3,1,0.240612,0.0691999,0.227862,0.303692,0.299983,0.393494,0.301769,0.693477,0.152882,3.16381,0.286409,-0.156905,-0.420981,45.0148,-3.78431,94.7002,-0.577886,-0.98215,-3.1720956563949585,0.2428497076034546,1.10614,472.7300109863281,,,,,,,403.6,4.204166666,403.6,4.204166666,,,,,,,,,,,,,,,,,,,"Casey Schmitt","27577",669477
"Alek Thomas","ARI",99,427,394,97,64,20,3,11,47,48,24,0,100,4,3,2,,8,3,0.246296,0.0557999,0.234649,0.237801,0.29349,0.39209,0.297737,0.68558,0.145794,5.26253,0.301241,1.27385,0.0657526,45.1428,-5.31056,88.5603,1.3396,-0.53129,-4.44985556602478,0.9937096834182739,1.09988,575.3300170898438,,,,,,,418.5,4.227272727,418.5,4.227272727,,,,,,,,,,,,,,,,,,,"Alek Thomas","23792",677950
"Mike Yastrzemski","ATL",107,462,403,93,55,19,2,16,55,53,50,2,110,4,3,1,,5,2,0.230135,0.1084,0.237191,0.457016,0.319255,0.409481,0.317153,0.728736,0.179345,4.24999,0.272542,-0.0362072,-0.331685,56.126,1.53715,102.374,-0.367892,-1.06383,0.9321835041046143,-5.613834500312805,1.09364,469.6000061035156,,,,,,,500.6,4.678504672,500.6,4.678504672,,,,,,,,,,,,,,,,,,,"Mike Yastrzemski","14854",573262
"Ben Williamson","SEA",81,350,317,80,58,17,1,5,35,33,25,0,75,3,3,2,,6,2,0.253021,0.0705998,0.215444,0.327695,0.31152,0.356784,0.294805,0.668304,0.103763,4.32504,0.314911,-0.0874478,-0.134324,36.1691,-5.18607,94.1554,-0.221772,0.0209875,-2.632768213748932,1.2709874752908945,1.09317,737.9299926757812,,,,,,,322.8,3.985185185,322.8,3.985185185,,,,,,,,,,,,,,,,,,,"Ben Williamson","33197",810938
"Victor Robles","SEA",105,455,410,100,70,22,2,7,46,41,31,0,99,10,3,1,,22,6,0.244651,0.0677001,0.217022,0.31195,0.310199,0.356903,0.295489,0.667102,0.112252,5.63361,0.303443,0.0433086,1.13261,47.2726,-6.48911,94.6268,1.17592,0.935947,-1.705586552619934,-3.639053761959076,1.05543,310.79998779296875,,,,,,,439,4.18095238,439,4.18095238,,,,,,,,,,,,,,,,,,,"Victor Robles","18363",645302
"Tyler Stephenson","CIN",107,432,382,90,58,18,1,13,46,48,41,1,120,4,3,1,,2,1,0.235328,0.0958001,0.277052,0.345784,0.31477,0.392105,0.30943,0.706874,0.156776,2.71352,0.303338,-0.259515,-0.573743,49.7728,-1.27134,92.6748,-0.833258,-0.455113,-4.583826065063477,2.9948874413967133,1.04991,244,,,,,,,438.1,4.094392523,438.1,4.094392523,,,,,,,,,,,,,,,,,,,"Tyler Stephenson","17988",663886
"Colt Emerson","SEA",78,336,297,69,48,14,1,6,35,31,31,1,74,5,2,1,,5,1,0.233457,0.0916001,0.220907,0.414654,0.312991,0.350585,0.293921,0.663576,0.117128,4.20814,0.288251,-0.0788191,-0.170821,34.4811,-5.2199,93.5461,-0.24964,0,-2.8054673224687576,1.350000023841858,1.03429,999,,,,,,,306.8,3.933333333,306.8,3.933333333,,,,,,,,,,,,,,,,,,,"Colt Emerson","sa3022923",806068
"Zach McKinstry","DET",99,427,380,89,59,16,5,8,44,42,37,0,92,5,3,1,,13,4,0.234098,0.0877,0.216255,0.405539,0.30826,0.371998,0.299052,0.680259,0.1379,6.51364,0.285164,0.640395,0.438924,45.5988,-4.85453,90.299,1.07932,-2.2097,-3.802902936935425,-0.8347029685974121,1.02917,329.6700134277344,,,,,,,408,4.121212121,408,4.121212121,,,,,,,,,,,,,,,,,,,"Zach McKinstry","19392",656716
"Blaze Alexander","ARI",125,539,477,110,73,22,2,12,55,53,47,0,163,10,4,1,,10,4,0.229651,0.0867,0.301904,0.287177,0.309708,0.361317,0.297707,0.671025,0.131666,4.65945,0.318673,0.183386,-0.323294,56.9705,-6.71646,88.54,-0.139908,0.0738794,-7.460878700017929,-0.45112064480781555,1.02524,521,,,,,,,505.8,4.0464,505.8,4.0464,,,,,,,,,,,,,,,,,,,"Blaze Alexander","23789",677942
"Joey Bart","PIT",89,357,313,75,52,13,1,9,37,37,34,0,99,6,3,1,,1,1,0.238845,0.0955,0.2765,0.345388,0.32297,0.373709,0.308871,0.696679,0.134864,3.07981,0.316019,-0.526647,-0.514672,41.0154,-1.21413,95.2882,-1.04132,-1.96263,-3.0372164249420166,2.21237051486969,1.02252,494.3299865722656,,,,,,,354.1,3.978651685,354.1,3.978651685,,,,,,,,,,,,,,,,,,,"Joey Bart","21524",663698
"Cam Smith","HOU",102,441,393,95,62,19,3,12,50,48,38,0,114,5,3,1,,6,2,0.242348,0.0859999,0.25806,0.333255,0.315081,0.393151,0.31012,0.708232,0.150803,4.77843,0.30818,0.268234,-0.207129,51.0565,-1.05102,98.749,0.0611047,0.108486,-0.5891390293836594,-4.616514213383198,1.02035,323.79998779296875,,,,,,,458.8,4.498039215,458.8,4.498039215,,,,,,,,,,,,,,,,,,,"Cam Smith","35108",701358
"Brady House","WSN",123,532,498,122,82,23,1,16,52,59,25,1,142,4,4,2,,6,2,0.244021,0.0462999,0.266137,0.17397,0.282694,0.389661,0.290908,0.672355,0.14564,3.63832,0.307084,0.0692139,-0.344061,53.294,-9.5659,84.8868,-0.274847,0.170728,-9.80415415763855,2.070727601647377,1.01968,499.07000732421875,,,,,,,500.8,4.071544715,500.8,4.071544715,,,,,,,,,,,,,,,,,,,"Brady House","29993",691781
"Trevor Larnach","MIN",99,427,376,93,60,18,1,14,50,49,44,1,102,3,3,1,,4,1,0.248021,0.102,0.237924,0.428708,0.329268,0.416292,0.325029,0.74556,0.168271,3.51348,0.299985,-0.300678,-0.446592,54.6046,4.15126,107.686,-0.74727,-0.493733,3.121056079864502,-7.868733376264572,1.0179,375.6700134277344,,,,,,,480.1,4.849494949,480.1,4.849494949,,,,,,,,,,,,,,,,,,,"Trevor Larnach","21501",663616
"Logan O'Hoppe","LAA",115,459,418,96,61,14,1,20,49,56,32,0,129,5,3,1,,3,1,0.229877,0.0687,0.281859,0.243739,0.289023,0.41005,0.303042,0.699073,0.180173,3.40287,0.280791,-1.11255,-0.482292,50.4588,-3.72829,92.1199,-1.59484,-0.864458,-5.854130148887634,5.9105424284935,1.01522,254.8000030517578,,,,,,,467.8,4.067826086,467.8,4.067826086,,,,,,,,,,,,,,,,,,,"Logan O'Hoppe","24729",681351
"Will Wagner","SDP",76,329,290,75,53,15,1,5,35,32,33,0,57,3,2,1,,3,1,0.258298,0.101,0.173102,0.583472,0.337531,0.373444,0.315466,0.710975,0.115146,3.65044,0.301963,-0.171912,-0.368345,39.5179,0.644053,105.428,-0.540257,-0.0272973,1.5764185786247253,-2.7022972349077463,1.00471,999,,,,,,,337.1,4.435526315,337.1,4.435526315,,,,,,,,,,,,,,,,,,,"Will Wagner","29634",695238
"C.J. Kayfus","CLE",99,427,379,90,56,19,3,13,46,48,39,0,115,5,3,1,,5,1,0.238531,0.0907002,0.269288,0.336815,0.315274,0.406363,0.315267,0.721637,0.167832,4.61786,0.304612,0.168845,-0.315824,51.2203,0.766975,102.904,-0.14698,0.0482781,1.3146563470363617,-6.326721850782633,0.990854,455.6700134277344,,,,,,,458.1,4.627272727,458.1,4.627272727,,,,,,,,,,,,,,,,,,,"C.J. Kayfus","33704",692216
"Dominic Canzone","SEA",100,434,393,97,61,18,1,17,49,56,33,2,101,3,3,1,,4,1,0.246151,0.0766001,0.232335,0.329696,0.307405,0.425786,0.316066,0.733191,0.179635,3.19277,0.285919,-0.448983,-0.383171,52.3414,1.061,108.801,-0.832154,-0.138952,3.669941782951355,-8.988952040672302,0.9841,333.1300048828125,,,,,,,480.7,4.807,480.7,4.807,,,,,,,,,,,,,,,,,,,"Dominic Canzone","26438",686527
"Lenyn Sosa","CHW",128,553,519,132,88,23,1,20,59,67,24,1,122,4,4,2,,3,1,0.253585,0.0431001,0.220966,0.195053,0.289205,0.416304,0.303691,0.70551,0.162719,3.11236,0.293008,-0.0458583,-0.606631,61.1367,-4.20452,93.4877,-0.652489,2.85605,-4.897069752216339,-4.5689537525177,0.978858,270.2699890136719,,,,,,,567.5,4.43359375,567.5,4.43359375,,,,,,,,,,,,,,,,,,,"Lenyn Sosa","22896",672820
"Jesse Winker",,86,371,312,76,50,14,2,10,44,41,50,1,82,6,3,1,,6,2,0.244344,0.135,0.220288,0.612834,0.356138,0.400126,0.334123,0.756264,0.155782,4.91964,0.296782,-1.27404,-0.289555,50.1826,6.34611,114.233,-1.5636,-0.405443,4.67757260799408,-7.680443197488785,0.977429,999,,,,,,,433.4,5.039534883,433.4,5.039534883,,,,,,,,,,,,,,,,,,,"Jesse Winker","13590",608385
"Darell Hernaiz","ATH",65,280,253,67,48,13,1,4,29,27,22,0,40,2,2,1,,5,2,0.26445,0.0802,0.142169,0.564117,0.326868,0.373708,0.309016,0.700577,0.109259,4.31459,0.297716,-0.105976,-0.136313,32.166,-0.918115,94.5942,-0.242289,0.594179,-2.026254966855049,1.7941787242889404,0.962256,629.72998046875,,,,,,,279.1,4.293846153,279.1,4.293846153,,,,,,,,,,,,,,,,,,,"Darell Hernaiz","26224",687231
"Carson Williams","TBR",102,441,396,81,49,14,2,16,48,49,36,0,150,4,3,2,,13,4,0.20589,0.0819001,0.339669,0.241118,0.276818,0.373085,0.284295,0.649903,0.167195,5.56936,0.281054,-0.130734,0.261819,41.81,-10.2975,79.5018,0.131085,-0.0224116,-10.523266151547432,4.702588291838765,0.957423,429.92999267578125,,,,,,,393.5,3.857843137,393.5,3.857843137,,,,,,,,,,,,,,,,,,,"Carson Williams","30038",700246
"Zack Gelof","ATH",94,406,364,81,49,17,1,14,46,46,35,0,130,3,3,2,,12,3,0.222256,0.0852,0.319227,0.266895,0.292551,0.387885,0.297266,0.680436,0.165629,4.87844,0.29987,0.280382,0.470139,42.7675,-5.20457,86.4999,0.750522,-0.35685,-5.709535241127014,1.0931496024131775,0.957387,466.3299865722656,,,,,,,404.6,4.304255319,404.6,4.304255319,,,,,,,,,,,,,,,,,,,"Zack Gelof","29766",680869
"Adael Amador","COL",91,392,345,86,59,17,2,9,46,39,39,0,66,4,3,2,,14,4,0.250831,0.0990999,0.168833,0.58697,0.33105,0.385245,0.316226,0.716296,0.134415,5.40904,0.285133,-0.367483,0.444306,47.3271,1.00933,88.5575,0.0768228,-0.0420687,-5.23937551677227,1.3579312339425087,0.937233,521.27001953125,,,,,,,426.3,4.684615384,426.3,4.684615384,,,,,,,,,,,,,,,,,,,"Adael Amador","27962",691182
"Graham Pauley","MIA",102,441,392,93,59,20,1,13,48,49,39,0,87,4,3,2,,5,2,0.237832,0.0884002,0.197704,0.447134,0.311306,0.394716,0.308777,0.706022,0.156884,4.00535,0.27212,-0.201949,-0.312358,50.5759,-1.53162,95.7666,-0.514307,1.61589,-2.727010130882263,-2.8091068267822266,0.934733,668.5999755859375,,,,,,,447.6,4.388235294,447.6,4.388235294,,,,,,,,,,,,,,,,,,,"Graham Pauley","31363",688363
"Henry Davis","PIT",68,269,239,53,34,11,0,8,28,28,23,1,70,4,2,1,,4,1,0.222414,0.0844,0.261335,0.322957,0.299121,0.368508,0.293808,0.667629,0.146094,3.90666,0.278829,-0.185835,-0.160712,27.5603,-4.20047,84.9696,-0.346547,0.42366,-5.1349824368953705,5.6736598908901215,0.934324,614.2000122070312,,,,,,,250.7,3.686764705,250.7,3.686764705,,,,,,,,,,,,,,,,,,,"Henry Davis","29617",680779
"Reese McGuire",,57,224,206,48,33,9,1,6,23,23,14,0,51,2,2,1,,2,1,0.233819,0.062,0.229622,0.270009,0.285921,0.363336,0.284325,0.649257,0.129517,3.69576,0.282959,-0.34635,-0.139428,21.2423,-5.22498,80.025,-0.485778,0.370088,-5.774119704961777,4.745087534189224,0.933658,999,,,,,,,200,3.508771929,200,3.508771929,,,,,,,,,,,,,,,,,,,"Reese McGuire","15674",624512
"Austin Martin","MIN",73,315,272,70,51,15,1,3,36,27,35,0,55,4,2,1,,11,3,0.256847,0.1122,0.175496,0.639331,0.347643,0.356277,0.315202,0.703921,0.0994308,5.17085,0.308312,0.14651,0.460818,37.7688,0.549121,100.917,0.607328,-0.263053,0.9477242231369019,-2.688052624464035,0.931193,467,,,,,,,326.9,4.478082191,326.9,4.478082191,,,,,,,,,,,,,,,,,,,"Austin Martin","27462",668885
"Jake Rogers","DET",45,179,161,34,21,7,1,6,19,19,14,0,51,2,1,1,,1,0,0.211642,0.0806,0.286745,0.281086,0.280978,0.371318,0.285221,0.652296,0.159676,3.8858,0.269033,-0.0442807,-0.142687,17.1241,-4.04972,80.7709,-0.186968,0.18727,-4.24830649793148,3.6872702836990356,0.923448,743.3300170898438,,,,,,,161.7,3.593333333,161.7,3.593333333,,,,,,,,,,,,,,,,,,,"Jake Rogers","19452",668670
"Andrew Vaughn","MIL",136,588,533,132,83,27,1,21,67,76,43,0,120,6,4,1,,1,0,0.248264,0.0734999,0.20378,0.360682,0.309247,0.423601,0.317723,0.732848,0.175337,2.46292,0.279836,-1.14167,-0.81667,71.7053,2.22856,103.99,-1.95834,-0.890615,0.8225612640380859,-11.390614569187164,0.920286,295.07000732421875,,,,,,,636.5,4.680147058,636.5,4.680147058,,,,,,,,,,,,,,,,,,,"Andrew Vaughn","26197",683734
"Tyler Freeman","COL",92,399,353,98,70,19,2,7,49,37,31,0,53,10,3,2,,16,5,0.277223,0.0783,0.131822,0.593985,0.351072,0.399017,0.330855,0.750089,0.121794,5.68456,0.307238,0.135502,0.458098,52.9111,5.76615,98.5783,0.5936,-0.260553,-0.0787360668182373,-4.2355526983737946,0.916775,397.2699890136719,,,,,,,467.5,5.081521739,467.5,5.081521739,,,,,,,,,,,,,,,,,,,"Tyler Freeman","22532",671289
"Hunter Feduccia","TBR",66,262,228,50,34,10,1,5,26,24,30,0,69,2,2,1,,1,0,0.217647,0.1139,0.261635,0.435339,0.310195,0.334907,0.289077,0.645102,0.11726,3.573,0.285643,-0.1767,-0.3122,25.8961,-5.10849,82.7956,-0.488901,-0.382448,-5.809702605009079,4.74255245923996,0.90906,999,,,,,,,231.6,3.509090909,231.6,3.509090909,,,,,,,,,,,,,,,,,,,"Hunter Feduccia","23372",676439
"José Caballero","NYY",81,350,305,69,47,15,1,6,40,32,35,0,89,6,3,1,,33,10,0.225724,0.0996998,0.255125,0.390788,0.315503,0.340247,0.293732,0.655751,0.114524,6.53573,0.295376,-0.0122696,2.19583,35.8642,-5.49098,88.013,2.18356,-1.45906,-2.7612624168395996,-0.5590633153915405,0.89279,228.8000030517578,,,,,,,344.7,4.255555555,344.7,4.255555555,,,,,,,,,,,,,,,,,,,"Jose Caballero","23401",676609
"Lourdes Gurriel Jr.","ARI",87,378,349,94,62,18,1,12,44,49,22,0,62,4,3,1,,6,2,0.268188,0.0577999,0.164282,0.351833,0.315925,0.434362,0.323909,0.750287,0.166174,4.23934,0.293082,-0.115403,-0.274863,47.9947,3.33104,106.489,-0.390266,-0.753975,2.516833782196045,-6.403974294662476,0.888995,620.5999755859375,,,,,,,431.9,4.964367816,431.9,4.964367816,,,,,,,,,,,,,,,,,,,"Lourdes Gurriel Jr.","19238",666971
"Miguel Amaya","CHC",65,257,232,56,36,11,1,7,28,28,19,0,53,4,2,1,,2,0,0.239859,0.0719999,0.204521,0.352042,0.305229,0.390045,0.303991,0.695273,0.150186,3.65021,0.277316,-0.299202,-0.245552,28.4973,-1.89285,95.6208,-0.544754,-1.39808,-1.8796889781951904,3.001916527748108,0.855527,449.6700134277344,,,,,,,257.8,3.966153846,257.8,3.966153846,,,,,,,,,,,,,,,,,,,"Miguel Amaya","21693",665804
"Max Kepler",,112,483,430,102,65,20,2,16,53,56,43,1,99,5,3,1,,3,1,0.238145,0.0900001,0.204806,0.43944,0.312822,0.400913,0.311133,0.713735,0.162768,3.43447,0.272266,-0.729139,-0.504178,56.3166,-0.753584,98.4406,-1.23332,-0.688348,-2.123521149158478,-5.863347768783569,0.855326,552,,,,,,,507.9,4.534821428,507.9,4.534821428,,,,,,,,,,,,,,,,,,,"Max Kepler","12144",596146
"Hyeseong Kim","LAD",76,329,303,79,61,12,1,5,37,32,20,0,65,3,2,1,,15,3,0.262669,0.0604001,0.197651,0.30559,0.311354,0.359492,0.295023,0.670847,0.0968232,5.98833,0.317863,-0.12755,1.15308,34.0572,-4.81671,88.1945,1.02553,-0.191324,-3.577843427658081,0.983675628900528,0.854488,465.5299987792969,,,,,,,316,4.157894736,316,4.157894736,,,,,,,,,,,,,,,,,,,"Hyeseong Kim","35322",808975
"JJ Bleday",,62,266,232,54,31,13,1,9,32,31,30,1,59,1,2,1,,2,1,0.231039,0.113,0.221566,0.510006,0.320329,0.412534,0.319299,0.732863,0.181495,3.71954,0.267013,-0.206299,-0.279201,32.7784,1.34841,104.05,-0.4855,0.0376802,0.7876704335212708,-1.512319765985012,0.846937,683.0700073242188,,,,,,,292.4,4.716129032,292.4,4.716129032,,,,,,,,,,,,,,,,,,,"JJ Bleday","26368",668709
"Mike Tauchman",,92,399,343,82,56,15,1,9,48,37,47,0,92,4,3,2,,3,1,0.238771,0.119,0.230472,0.516331,0.335806,0.371414,0.315225,0.70722,0.132643,3.66254,0.296881,-0.730268,-0.495143,47.8479,0.702982,101.251,-1.22541,-0.42012,-0.6352897882461548,-4.6951205134391785,0.836248,691.469970703125,,,,,,,405.9,4.411956521,405.9,4.411956521,,,,,,,,,,,,,,,,,,,"Mike Tauchman","15274",643565
"Dalton Rushing","LAD",52,210,183,41,26,8,0,7,25,24,21,0,59,3,2,1,,1,0,0.225612,0.1019,0.278393,0.366029,0.314798,0.393251,0.310833,0.708049,0.167638,3.29438,0.286,-0.0596424,-0.235793,24.4575,-0.379237,99.0249,-0.295435,0.424341,-0.5383689552545547,2.474340945482254,0.835733,396.8699951171875,,,,,,,209.5,4.028846153,209.5,4.028846153,,,,,,,,,,,,,,,,,,,"Dalton Rushing","31382",687221
"Harry Ford","WSN",63,258,221,51,34,10,1,6,28,24,30,0,60,4,2,1,,5,1,0.229082,0.1173,0.230802,0.508228,0.329814,0.35969,0.30863,0.689504,0.130609,4.0939,0.284315,0,-0.117224,29.5578,-0.926933,97.0267,-0.117224,0.0186561,-1.0264091864228249,0.6936560701578856,0.835273,466.8699951171875,,,,,,,264.4,4.196825396,264.4,4.196825396,,,,,,,,,,,,,,,,,,,"Harry Ford","29958",695670
"Leo Jiménez","TOR",55,238,209,50,34,10,0,5,26,24,20,0,51,7,2,1,,2,1,0.237495,0.0826999,0.215502,0.383755,0.320472,0.364093,0.3046,0.684566,0.126598,3.62772,0.288418,-0.14606,-0.246283,26.4877,-1.6338,94.975,-0.392343,0.314221,-1.8019005954265594,1.7642212510108948,0.834245,999,,,,,,,229,4.163636363,229,4.163636363,,,,,,,,,,,,,,,,,,,"Leo Jimenez","23782",677870
"Joe Mack","MIA",84,335,303,66,42,13,1,10,34,35,25,0,92,3,2,1,,3,1,0.217455,0.0743999,0.276063,0.269503,0.282152,0.366054,0.283875,0.648206,0.148599,3.92179,0.274768,0,-0.209899,31.6084,-7.92714,78.7077,-0.209899,0,-8.653803631663322,5.599999904632568,0.826523,999,,,,,,,290.9,3.463095238,290.9,3.463095238,,,,,,,,,,,,,,,,,,,"Joe Mack","sa3017374",691788
"Paul Goldschmidt",,117,504,453,117,78,24,1,14,59,57,42,4,112,4,3,1,,5,1,0.258865,0.084,0.223125,0.376472,0.324698,0.411373,0.318773,0.736071,0.152508,3.73926,0.312207,-0.979362,-0.264974,61.8912,2.33967,103.688,-1.24434,-1.03934,0.9527691602706909,-10.039344787597656,0.815529,525.0700073242188,,,,,,,553.8,4.733333333,553.8,4.733333333,,,,,,,,,,,,,,,,,,,"Paul Goldschmidt","9218",502671
"Gavin Sheets","SDP",120,518,466,114,73,23,1,17,58,62,43,2,106,4,4,1,,3,1,0.244149,0.083,0.204512,0.405845,0.311209,0.405547,0.311482,0.716756,0.161398,3.03668,0.27979,-0.75671,-0.638331,60.5441,-0.661585,102.699,-1.39504,0.474114,0.26197171211242676,-9.525885701179504,0.815438,364.79998779296875,,,,,,,548.5,4.570833333,548.5,4.570833333,,,,,,,,,,,,,,,,,,,"Gavin Sheets","19901",657757
"Ryan Ritter","COL",79,343,308,76,50,15,3,8,38,36,25,0,87,5,3,1,,6,1,0.246935,0.0742999,0.254236,0.292248,0.313379,0.393727,0.309054,0.707107,0.146793,5.54247,0.315479,0.0426031,0.00449731,39.4138,-1.11431,83.644,0.0471004,1.62122,-6.60204754024744,3.0462218523025513,0.803754,605.6699829101562,,,,,,,352,4.455696202,352,4.455696202,,,,,,,,,,,,,,,,,,,"Ryan Ritter","31500",690022
"Amed Rosario","NYY",50,217,204,55,40,11,1,4,24,23,9,0,40,2,2,1,,4,1,0.272472,0.0432999,0.183442,0.236042,0.308646,0.393178,0.305291,0.701824,0.120707,4.60998,0.318655,0.589258,0.0281391,24.2723,-1.36795,95.9754,0.617397,0.249009,-0.41193485260009766,0.724009096622467,0.79608,689.1300048828125,,,,,,,217,4.34,217,4.34,,,,,,,,,,,,,,,,,,,"Amed Rosario","15518",642708
"Christian Vázquez",,65,256,235,53,38,9,0,5,25,24,16,0,52,2,2,1,,3,1,0.22752,0.0620001,0.202703,0.305867,0.280892,0.338662,0.273253,0.619554,0.111143,3.73314,0.268159,-0.62358,-0.187498,21.9756,-8.27278,72.4189,-0.811078,-0.0348856,-9.156265616416931,4.965114403516054,0.788615,999,,,,,,,191.8,2.95076923,191.8,2.95076923,,,,,,,,,,,,,,,,,,,"Christian Vazquez","9774",543877
"Andrew Benintendi","CHW",117,504,452,115,78,20,1,16,55,59,44,2,88,3,4,1,,3,1,0.253641,0.0872001,0.174912,0.498537,0.321385,0.408512,0.317238,0.729897,0.154871,3.25801,0.28111,-0.322005,-0.669286,61.2633,1.71183,102.82,-0.991292,-3.56268,0.6840273141860962,-10.46267580986023,0.774323,412.2699890136719,,,,,,,550,4.7008547,550,4.7008547,,,,,,,,,,,,,,,,,,,"Andrew Benintendi","17901",643217
"Pavin Smith","ARI",100,434,374,89,57,19,1,12,50,49,54,1,111,2,3,1,,3,1,0.237279,0.1246,0.255357,0.487944,0.334465,0.391353,0.319678,0.725818,0.154074,3.51145,0.301199,-0.655146,-0.541589,53.614,2.33353,103.59,-1.19674,0.458064,0.6500447988510132,-7.6919359266757965,0.756846,509.79998779296875,,,,,,,468.9,4.689,468.9,4.689,,,,,,,,,,,,,,,,,,,"Pavin Smith","19892",656976
"Garrett Mitchell","MIL",57,245,217,52,33,10,2,7,27,27,23,0,72,2,2,1,,7,2,0.237502,0.0946002,0.292677,0.323224,0.315001,0.394012,0.310902,0.709013,0.15651,5.70928,0.317719,0.0747101,0.219671,28.5204,-0.428231,99.3178,0.294381,-0.0288879,0.09629194438457489,-0.8538879007101059,0.756459,546.8699951171875,,,,,,,263.1,4.615789473,263.1,4.615789473,,,,,,,,,,,,,,,,,,,"Garrett Mitchell","27555",669003
"Nathaniel Lowe",,87,378,330,81,54,14,1,11,42,43,42,1,91,3,3,1,,1,0,0.244774,0.112,0.240764,0.465185,0.333021,0.396488,0.320422,0.729509,0.151714,3.03143,0.302039,-0.65076,-0.579899,46.9246,2.26103,104.822,-1.23066,0.347193,0.923446774482727,-6.402806639671326,0.748292,527.530029296875,,,,,,,410.2,4.714942528,410.2,4.714942528,,,,,,,,,,,,,,,,,,,"Nathaniel Lowe","19566",663993
"Jordan Walker","STL",94,406,367,89,58,18,1,12,44,46,31,0,106,4,3,1,,7,2,0.243943,0.0760001,0.260943,0.291251,0.307408,0.397933,0.307511,0.705341,0.15399,4.39018,0.308383,0.112627,-0.118314,46.1446,-1.82738,98.3883,-0.00568689,-1.10174,-0.781210436951369,-5.451738238334656,0.7443,372.6000061035156,,,,,,,414.8,4.412765957,414.8,4.412765957,,,,,,,,,,,,,,,,,,,"Jordan Walker","27475",691023
"Liam Hicks","MIA",53,217,187,46,33,8,1,3,21,20,24,0,36,4,1,0,,1,0,0.245949,0.1116,0.163821,0.681232,0.342984,0.35404,0.313333,0.697024,0.108092,3.19074,0.284506,-0.108841,-0.317154,25.7128,0.0489787,98.8872,-0.425995,-1.17377,-0.7124634087085724,0.45122742652893066,0.733218,490.8699951171875,,,,,,,213.6,4.030188679,213.6,4.030188679,,,,,,,,,,,,,,,,,,,"Liam Hicks","29844",689414
"Nick Yorke","PIT",71,308,280,71,51,14,1,5,32,30,22,0,67,2,2,1,,8,2,0.254777,0.0712999,0.216431,0.329434,0.311477,0.371183,0.299654,0.68266,0.116406,4.78455,0.313511,0.0212213,0.183309,33.0414,-3.35116,88.9743,0.204531,-0.274698,-3.8203417360782623,0.7253020405769348,0.731759,595.4000244140625,,,,,,,292.5,4.119718309,292.5,4.119718309,,,,,,,,,,,,,,,,,,,"Nick Yorke","27504",694377
"Ronny Mauricio","NYM",57,245,223,55,36,10,1,9,29,29,17,2,58,2,2,1,,6,2,0.246716,0.0691998,0.238628,0.289991,0.303283,0.413083,0.307811,0.716366,0.166367,4.54521,0.294115,-0.0065663,0.0966758,27.9055,-1.04316,99.7465,0.0901095,0.0476838,0.016512416303157806,-1.0273160859942436,0.730553,470.3299865722656,,,,,,,267.1,4.685964912,267.1,4.685964912,,,,,,,,,,,,,,,,,,,"Ronny Mauricio","23698",677595
"Masataka Yoshida","BOS",84,364,330,92,63,18,1,10,42,44,24,0,50,6,3,1,,3,1,0.278967,0.0669001,0.13787,0.485239,0.336703,0.4299,0.333659,0.766603,0.150933,3.43574,0.300913,-0.452789,-0.388341,49.0986,6.08917,110.193,-0.841129,-0.000866188,3.5318302512168884,-9.000866188260261,0.72225,539.7999877929688,,,,,,,430,5.119047619,430,5.119047619,,,,,,,,,,,,,,,,,,,"Masataka Yoshida","31837",807799
"Rhys Hoskins",,113,490,426,96,57,18,1,20,57,60,53,2,132,6,3,1,,3,1,0.225168,0.108,0.269666,0.400496,0.317521,0.414632,0.318787,0.732153,0.189464,3.49146,0.273497,-1.04077,-0.534313,60.1777,2.28045,103.698,-1.57509,-1.40332,0.5667630434036255,-10.153318881988525,0.715897,447,,,,,,,537.4,4.755752212,537.4,4.755752212,,,,,,,,,,,,,,,,,,,"Rhys Hoskins","16472",656555
"Gary Sánchez",,68,276,246,55,33,9,1,12,32,35,22,0,72,5,2,1,,1,0,0.223627,0.0809999,0.261125,0.310196,0.299077,0.412871,0.309921,0.711948,0.189245,3.11072,0.262662,-0.3858,-0.333495,31.9092,-0.702288,97.6078,-0.719296,-1.08241,-1.4996531009674072,0.5675908327102661,0.715608,676.0700073242188,,,,,,,289.5,4.257352941,289.5,4.257352941,,,,,,,,,,,,,,,,,,,"Gary Sanchez","11442",596142
"Michael Massey","KCR",84,364,339,86,57,18,1,10,38,42,18,0,65,3,3,1,,3,1,0.253393,0.0492,0.178309,0.275925,0.295151,0.400283,0.30104,0.695435,0.14689,3.65644,0.284843,0.0371921,-0.311215,39.4586,-3.55078,88.9025,-0.274023,-0.810983,-5.03504803776741,-0.5109834671020508,0.714372,618.1300048828125,,,,,,,360.4,4.29047619,360.4,4.29047619,,,,,,,,,,,,,,,,,,,"Michael Massey","27684",686681
"Curtis Mead","CHW",62,266,240,60,41,12,1,6,28,27,18,0,55,5,2,1,,4,1,0.249918,0.0681001,0.208358,0.326841,0.312896,0.384932,0.305894,0.697828,0.135014,4.46786,0.29919,0.0794323,-0.157258,29.8834,-1.54659,95.0054,-0.0778261,-0.077096,-1.643682911992073,-0.627096027135849,0.704371,577,,,,,,,266.7,4.301612903,266.7,4.301612903,,,,,,,,,,,,,,,,,,,"Curtis Mead","23986",678554
"Austin Hedges","CLE",36,141,127,25,17,4,0,3,13,13,11,0,38,1,1,1,,2,1,0.195324,0.0765996,0.270124,0.283572,0.263829,0.312485,0.256782,0.576314,0.117161,4.04701,0.246848,-0.147252,-0.0224651,10.2037,-6.43288,62.6161,-0.169717,0.238349,-6.3735388070344925,2.988348737359047,0.693407,999,,,,,,,89.8,2.494444444,89.8,2.494444444,,,,,,,,,,,,,,,,,,,"Austin Hedges","12976",595978
"Moisés Ballesteros","CHC",78,333,300,80,55,16,1,8,36,37,27,1,58,3,2,1,,2,1,0.265729,0.0820001,0.173487,0.472659,0.330125,0.408225,0.321394,0.738349,0.142496,3.27342,0.302266,-0.13411,-0.416521,41.601,2.25449,107.542,-0.550631,0.00118681,2.42619651556015,-6.748813186772168,0.691311,367.20001220703125,,,,,,,366.3,4.696153846,366.3,4.696153846,,,,,,,,,,,,,,,,,,,"Moises Ballesteros","28820",694208
"Ramón Urías",,62,266,241,60,41,12,1,7,29,29,19,0,59,3,2,1,,2,1,0.250554,0.0709999,0.221364,0.320737,0.310371,0.394117,0.307969,0.704488,0.143563,3.39691,0.300574,-0.217371,-0.275473,30.3316,-1.09839,96.2669,-0.492844,-1.5398,-1.666473776102066,-0.5898030400276184,0.690232,688.72998046875,,,,,,,268.3,4.327419354,268.3,4.327419354,,,,,,,,,,,,,,,,,,,"Ramon Urias","18795",602104
"Gavin Lux","CIN",113,490,432,110,76,23,2,8,50,47,51,0,106,3,3,1,,3,1,0.253845,0.1038,0.21636,0.479756,0.334197,0.374254,0.314037,0.708451,0.120408,3.25344,0.315441,0.107943,-0.649522,58.2878,0.390524,95.8303,-0.541579,-0.745731,-2.9631370902061462,-6.595731019973755,0.68995,583.1300048828125,,,,,,,502.2,4.444247787,502.2,4.444247787,,,,,,,,,,,,,,,,,,,"Gavin Lux","19955",666158
"Alex Jackson","MIN",42,166,151,31,18,7,0,6,18,19,12,0,52,2,1,1,,1,0,0.208008,0.0714001,0.309593,0.230625,0.272776,0.378353,0.283418,0.651128,0.170345,3.92276,0.269624,-0.0452682,-0.0942577,15.6575,-4.00394,79.0222,-0.139526,-0.169756,-4.253723129630089,3.080244243144989,0.684869,999,,,,,,,143.2,3.409523809,143.2,3.409523809,,,,,,,,,,,,,,,,,,,"Alex Jackson","17276",656577
"Tyler Heineman","TOR",39,154,136,31,22,6,1,3,16,14,13,0,34,3,1,1,,2,1,0.226079,0.0866997,0.218694,0.396443,0.305706,0.331499,0.285436,0.637205,0.105421,4.3815,0.279477,-0.209952,-0.110235,14.7047,-3.44433,81.7737,-0.320187,-0.0435456,-3.619793623685837,2.956454399973154,0.670169,743.8699951171875,,,,,,,137.9,3.535897435,137.9,3.535897435,,,,,,,,,,,,,,,,,,,"Tyler Heineman","13897",623168
"Denzel Clarke","ATH",92,399,358,81,52,17,3,9,44,39,30,0,130,6,3,2,,13,3,0.226238,0.0751002,0.325312,0.230856,0.294573,0.361907,0.289053,0.656479,0.135669,6.49036,0.325406,0.0801541,0.800839,39.3695,-7.77538,80.8424,0.880993,-0.482177,-8.128228187561035,0.9428231120109558,0.669894,367.6000061035156,,,,,,,370.9,4.031521739,370.9,4.031521739,,,,,,,,,,,,,,,,,,,"Denzel Clarke","29858",672016
"Oswaldo Cabrera","NYY",70,301,271,66,44,13,1,9,34,33,24,0,60,3,2,1,,4,1,0.244773,0.0806,0.198353,0.406347,0.310897,0.392526,0.307984,0.703424,0.147753,4.01822,0.28167,-0.0896956,-0.123599,34.3261,-1.23935,97.8305,-0.213295,0.441994,-0.9829427301883698,-2.8830059468746185,0.664416,999,,,,,,,312.4,4.462857142,312.4,4.462857142,,,,,,,,,,,,,,,,,,,"Oswaldo Cabrera","21707",665828
"Jonah Heim",,68,269,244,56,38,10,0,8,28,29,20,0,52,2,2,1,,2,0,0.229663,0.0739999,0.192772,0.383873,0.289806,0.371552,0.289323,0.661358,0.141889,3.17452,0.258531,-0.458612,-0.264395,26.5815,-5.17927,83.4582,-0.723007,-1.24158,-5.978304624557495,4.00841760635376,0.660956,544.72998046875,,,,,,,243.6,3.582352941,243.6,3.582352941,,,,,,,,,,,,,,,,,,,"Jonah Heim","16930",641680
"Alex Call","LAD",60,259,222,53,35,10,1,6,30,27,30,0,51,3,2,1,,4,1,0.236808,0.1177,0.196618,0.598625,0.33522,0.376658,0.316741,0.711878,0.139851,4.13872,0.277102,-0.127202,-0.251578,31.3779,0.77509,103.072,-0.37878,-0.108399,0.5642571449279785,-2.7833987921476364,0.65458,999,,,,,,,269.7,4.495,269.7,4.495,,,,,,,,,,,,,,,,,,,"Alex Call","19296",669743
"Thairo Estrada",,81,350,326,80,55,15,1,9,36,38,16,0,70,5,2,1,,6,2,0.245689,0.0449999,0.20137,0.223469,0.287795,0.379506,0.290574,0.667301,0.133816,4.17429,0.285432,0.0238938,-0.158518,34.9669,-6.38832,84.3176,-0.134624,-0.130847,-6.621942847967148,1.1191529780626297,0.648939,679.2000122070312,,,,,,,324.6,4.007407407,324.6,4.007407407,,,,,,,,,,,,,,,,,,,"Thairo Estrada","16426",642731
"Mickey Moniak","COL",112,483,450,116,69,21,5,20,62,62,24,0,120,4,3,2,,9,3,0.257619,0.0494999,0.247845,0.199721,0.299402,0.462282,0.325111,0.761684,0.204663,6.07704,0.305472,-0.224953,-0.104573,61.7979,4.72777,94.6438,-0.329526,-0.0738921,-3.395711123943329,-6.348892219364643,0.647119,253.3300018310547,,,,,,,569.7,5.086607142,569.7,5.086607142,,,,,,,,,,,,,,,,,,,"Mickey Moniak","19956",666160
"Christopher Morel","MIA",63,273,242,55,32,11,1,11,32,34,26,1,80,3,2,1,,5,2,0.226961,0.0955002,0.292175,0.32686,0.307081,0.418709,0.315013,0.72579,0.191748,4.34096,0.285656,0.393774,-0.161507,32.6911,0.434018,100.038,0.232267,1.82305,0.24465883057564497,-3.1019489765167236,0.636945,586.2000122070312,,,,,,,297.9,4.728571428,297.9,4.728571428,,,,,,,,,,,,,,,,,,,"Christopher Morel","21897",666624
"Drew Gilbert","SFG",84,364,324,75,48,15,2,10,40,38,31,0,74,5,3,2,,5,1,0.230783,0.0840001,0.203012,0.413768,0.304779,0.379936,0.300896,0.684715,0.149153,4.74455,0.267905,0.0360385,-0.182112,39.416,-3.59341,94.102,-0.146074,0.405433,-2.690576210618019,-3.1945669651031494,0.636918,636.27001953125,,,,,,,359.6,4.28095238,359.6,4.28095238,,,,,,,,,,,,,,,,,,,"Drew Gilbert","31545",687551
"Jeremiah Jackson","BAL",60,259,242,59,38,12,1,8,30,30,13,0,59,2,2,1,,4,2,0.245801,0.0500999,0.226042,0.221639,0.287256,0.405179,0.299201,0.692435,0.159378,4.64958,0.289955,-0.0432693,-0.0927373,27.6895,-2.9133,92.0965,-0.136007,-0.608174,-2.5486378371715546,-0.1831740438938141,0.632552,600.27001953125,,,,,,,251.1,4.185,251.1,4.185,,,,,,,,,,,,,,,,,,,"Jeremiah Jackson","22239",669236
"Mitch Garver",,58,230,201,43,27,7,1,8,26,26,25,0,63,3,2,1,,1,0,0.215951,0.109,0.271521,0.401443,0.308724,0.386307,0.305419,0.695031,0.170357,3.8289,0.266961,-0.61187,-0.274986,25.795,-1.42851,94.5148,-0.886857,-1.42187,-2.380542039871216,3.078129529953003,0.632005,705.72998046875,,,,,,,226.9,3.912068965,226.9,3.912068965,,,,,,,,,,,,,,,,,,,"Mitch Garver","15161",641598
"Miguel Rojas","LAD",47,203,186,48,34,10,0,4,22,21,13,0,28,2,1,1,,3,1,0.257209,0.0632998,0.138053,0.458518,0.309221,0.375541,0.299978,0.684762,0.118331,3.83,0.282225,-0.0844696,-0.0745644,21.8308,-2.15525,91.5892,-0.159034,0.867056,-2.182650551199913,1.5920555591583252,0.630579,660,,,,,,,197.3,4.19787234,197.3,4.19787234,,,,,,,,,,,,,,,,,,,"Miguel Rojas","7802",500743
"J.C. Escarra","NYY",53,221,196,46,31,10,1,5,24,23,20,0,42,2,2,1,,2,1,0.236702,0.0916002,0.189451,0.483504,0.313585,0.373018,0.303206,0.686604,0.136316,3.80375,0.273487,-0.109208,-0.207004,24.3896,-1.77049,94.5391,-0.316213,-0.438093,-1.7412162125110626,-0.9630933403968811,0.626961,999,,,,,,,210.3,3.967924528,210.3,3.967924528,,,,,,,,,,,,,,,,,,,"J.C. Escarra","20084",641555
"Cody Freeman","TEX",52,224,207,52,35,11,0,6,25,25,13,0,33,2,2,1,,3,1,0.25033,0.0600999,0.148705,0.404155,0.299008,0.392187,0.300106,0.691195,0.141857,3.74353,0.270804,-0.0423184,-0.118752,24.1124,-2.35497,92.6811,-0.16107,-0.122501,-2.0933210998773575,0.37749946117401123,0.61325,728.7999877929688,,,,,,,220.4,4.238461538,220.4,4.238461538,,,,,,,,,,,,,,,,,,,"Cody Freeman","25629",683227
"Leo Rivas","SEA",42,182,152,33,24,5,1,2,19,15,26,0,47,2,1,1,,7,2,0.214234,0.1443,0.257565,0.560246,0.33432,0.304895,0.293946,0.639215,0.0906612,4.98518,0.289289,-0.0299406,0.266853,18.6809,-2.82376,93.5633,0.236912,-0.0459802,-1.143807053565979,0.8040198236703873,0.606136,999,,,,,,,163.5,3.892857142,163.5,3.892857142,,,,,,,,,,,,,,,,,,,"Leo Rivas","21009",660844
"Zach Cole","HOU",94,406,363,77,46,15,3,13,47,45,34,1,153,4,3,2,,11,3,0.213231,0.0840001,0.375957,0.22343,0.28671,0.382548,0.291324,0.669259,0.169318,6.29715,0.320115,-0.0528459,0.576427,40.8088,-7.16325,85.8014,0.523582,-2.07288,-6.270698964595795,-1.8228802978992462,0.601626,422,,,,,,,377.5,4.015957446,377.5,4.015957446,,,,,,,,,,,,,,,,,,,"Zach Cole","31583",805904
"Lane Thomas","KCR",92,399,358,84,53,18,2,12,47,44,32,0,102,5,3,1,,14,5,0.236176,0.0813,0.25483,0.319036,0.305949,0.393828,0.3057,0.699777,0.157652,5.56177,0.294465,0.196671,0.183002,44.7623,-2.38264,92.1125,0.379673,-2.09253,-3.329584449529648,-4.567532300949097,0.597077,441.07000732421875,,,,,,,412.4,4.482608695,412.4,4.482608695,,,,,,,,,,,,,,,,,,,"Lane Thomas","16939",657041
"Owen Caissie","CHC",65,280,248,59,36,13,1,9,32,31,27,1,87,2,2,1,,3,1,0.23686,0.0969998,0.309556,0.313351,0.315548,0.405029,0.314327,0.720577,0.168169,4.18602,0.32251,0.0425197,-0.243781,33.3732,0.289045,102.701,-0.201261,0,0.6951552033424377,-4.199999809265137,0.59452,439.6000061035156,,,,,,,300.3,4.62,300.3,4.62,,,,,,,,,,,,,,,,,,,"Owen Caissie","27496",683357
"Rob Refsnyder",,55,238,208,52,33,10,1,7,29,27,25,1,62,3,2,1,,3,1,0.248404,0.104,0.261427,0.397815,0.33405,0.410253,0.32527,0.744304,0.161849,3.7468,0.315761,-0.196439,-0.207417,30.4819,2.3604,108.152,-0.403856,-0.240168,1.8892229497432709,-4.190167859196663,0.588706,745.6699829101562,,,,,,,270.6,4.92,270.6,4.92,,,,,,,,,,,,,,,,,,,"Rob Refsnyder","13770",608701
"Tyrone Taylor","NYM",87,378,347,81,51,18,2,9,41,41,20,1,85,6,3,1,,10,3,0.233344,0.0539999,0.225346,0.239631,0.286252,0.378758,0.289143,0.665009,0.145414,5.70765,0.280853,0.552656,0.392669,37.3249,-7.33872,86.9582,0.945325,-0.681849,-4.897492408752441,-1.9318487644195557,0.587971,746.1300048828125,,,,,,,343.4,3.947126436,343.4,3.947126436,,,,,,,,,,,,,,,,,,,"Tyrone Taylor","13675",621438
"Jack Suwinski","PIT",91,392,340,72,42,15,1,15,43,45,44,2,120,4,3,1,,8,2,0.21214,0.1115,0.304884,0.365713,0.307427,0.392958,0.306422,0.700385,0.180818,4.47098,0.274455,-0.16425,0.0932079,44.2066,-2.1112,93.6103,-0.0710421,0.309696,-3.0396881699562073,-4.390303373336792,0.574172,727.6699829101562,,,,,,,407,4.472527472,407,4.472527472,,,,,,,,,,,,,,,,,,,"Jack Suwinski","22244",669261
"Ezequiel Duran","TEX",70,301,279,69,45,16,1,7,32,32,15,0,71,3,2,1,,8,3,0.245759,0.0501002,0.235685,0.212573,0.290206,0.380482,0.292047,0.670688,0.134723,4.83338,0.303321,-0.254079,0.152324,30.4314,-5.1341,87.1293,-0.101755,-1.31386,-4.667823240160942,-0.08885622024536133,0.573283,685.9299926757812,,,,,,,286.1,4.087142857,286.1,4.087142857,,,,,,,,,,,,,,,,,,,"Ezequiel Duran","23733",677649
"Keibert Ruiz","WSN",81,320,298,76,51,15,0,9,32,36,16,0,37,3,2,1,,2,1,0.254386,0.0503,0.116627,0.43129,0.297712,0.399099,0.302628,0.696811,0.144713,2.97433,0.262788,-0.560189,-0.326393,35.1014,-2.70903,92.9152,-0.886582,-1.45732,-3.5736029148101807,4.7926822900772095,0.561288,402.3999938964844,,,,,,,313.7,3.872839506,313.7,3.872839506,,,,,,,,,,,,,,,,,,,"Keibert Ruiz","19610",660688
"Angel Martínez","CLE",57,245,224,54,35,12,1,6,26,25,16,0,51,2,2,1,,4,1,0.239194,0.0634997,0.206692,0.307219,0.293617,0.376899,0.293064,0.670516,0.137705,4.5257,0.282167,0.271579,-0.0725107,24.972,-3.97665,87.6089,0.199068,-0.446256,-3.3790010660886765,0.4287441074848175,0.560902,612.8699951171875,,,,,,,234.1,4.107017543,234.1,4.107017543,,,,,,,,,,,,,,,,,,,"Angel Martinez","26540",682657
"Dylan Moore",,70,301,263,55,33,12,1,9,34,31,30,0,87,5,2,1,,15,4,0.208917,0.101,0.287854,0.350872,0.300291,0.360287,0.292799,0.660579,0.15137,6.01831,0.273273,0.0283988,0.784414,30.6153,-4.95015,85.8462,0.812812,-0.56206,-4.222480773925781,-0.4870604872703552,0.560427,610.4000244140625,,,,,,,292.4,4.177142857,292.4,4.177142857,,,,,,,,,,,,,,,,,,,"Dylan Moore","18042",664238
"Kody Clemens","MIN",75,322,293,68,40,13,2,13,37,41,23,0,77,3,2,1,,4,1,0.231804,0.0714,0.239947,0.297566,0.292823,0.423668,0.308935,0.716491,0.191864,4.87487,0.268273,0.0976445,-0.169913,36.9696,-1.07714,96.5996,-0.0722681,0.131858,-1.3627684712409973,-4.3181422501802444,0.552672,355.7300109863281,,,,,,,341.9,4.558666666,341.9,4.558666666,,,,,,,,,,,,,,,,,,,"Kody Clemens","20572",665019
"Randal Grichuk",,65,280,257,64,40,14,1,11,32,36,17,1,58,3,2,1,,1,0,0.250817,0.062,0.208479,0.297392,0.303066,0.432685,0.316703,0.735751,0.181868,3.33171,0.283745,0.0975731,-0.322553,33.9134,0.829253,102.266,-0.22498,-0.4309,0.5250724703073502,-4.6308996975421906,0.549477,999,,,,,,,313,4.815384615,313,4.815384615,,,,,,,,,,,,,,,,,,,"Randal Grichuk","10243",545341
"Colby Thomas","ATH",62,266,245,58,34,14,1,10,30,33,15,0,80,4,2,1,,4,1,0.238692,0.0570999,0.29893,0.191014,0.291248,0.421539,0.307694,0.712787,0.182847,4.39311,0.308975,-0.00812137,-0.115038,30.2722,-1.15779,93.6833,-0.12316,0.167068,-2.103504903614521,-1.682931810617447,0.549301,516.72998046875,,,,,,,281.9,4.546774193,281.9,4.546774193,,,,,,,,,,,,,,,,,,,"Colby Thomas","31855",687515
"Jonny DeLuca","TBR",66,287,260,61,40,11,3,8,32,32,21,0,60,3,2,1,,9,3,0.235233,0.0718998,0.208781,0.344379,0.297883,0.392016,0.300427,0.689899,0.156783,6.20667,0.272451,0.0545282,0.348455,30.9686,-2.94265,90.6142,0.402983,-1.18338,-2.7718798220157623,-1.7583780884742737,0.547148,597.3300170898438,,,,,,,286.5,4.34090909,286.5,4.34090909,,,,,,,,,,,,,,,,,,,"Jonny DeLuca","26365",676356
"Jake McCarthy","ARI",52,224,202,53,37,9,3,4,25,23,16,0,40,4,2,1,,8,2,0.26061,0.0698,0.176904,0.394564,0.322372,0.388963,0.311491,0.711335,0.128353,6.55784,0.30457,0.328044,0.383155,26.183,-0.284373,97.9826,0.711199,-0.724394,0.1756024956703186,-2.324393928050995,0.542639,611.8699951171875,,,,,,,245.2,4.715384615,245.2,4.715384615,,,,,,,,,,,,,,,,,,,"Jake McCarthy","21622",664983
"Taylor Walls","TBR",79,343,302,66,45,14,1,6,34,31,35,0,80,2,2,1,,15,4,0.217015,0.1029,0.233753,0.440208,0.300214,0.330822,0.282275,0.631036,0.113807,5.59876,0.272361,0.188807,0.7154,31.9562,-8.57184,78.11,0.904207,-1.65409,-7.9451605677604675,1.3709121942520142,0.535223,683.27001953125,,,,,,,298.6,3.779746835,298.6,3.779746835,,,,,,,,,,,,,,,,,,,"Taylor Walls","22458",670764
"Matt Vierling","DET",62,266,240,58,40,11,1,6,29,26,21,0,62,3,2,1,,3,1,0.242358,0.0795998,0.234384,0.339612,0.308754,0.37259,0.299531,0.681344,0.130232,4.31756,0.301331,0.257984,-0.215672,28.5092,-2.92077,90.6287,0.0423125,-1.29208,-2.895708493888378,-1.042080044746399,0.533815,587.27001953125,,,,,,,253.7,4.091935483,253.7,4.091935483,,,,,,,,,,,,,,,,,,,"Matt Vierling","21558",663837
"Javier Báez","DET",81,350,328,78,53,14,2,9,35,37,14,0,81,4,3,1,,5,1,0.238247,0.0393002,0.232008,0.169391,0.275695,0.376343,0.282485,0.652038,0.138096,4.71119,0.286706,0.285293,0.0319049,32.6681,-8.68713,78.8861,0.317198,-1.98934,-8.39262980222702,1.5606615543365479,0.533505,468.3999938964844,,,,,,,306.1,3.779012345,306.1,3.779012345,,,,,,,,,,,,,,,,,,,"Javier Baez","12979",595879
"Edouard Julien","MIN",44,189,160,36,24,7,0,5,22,18,25,1,58,2,1,1,,2,1,0.22413,0.1336,0.306491,0.435902,0.333662,0.364591,0.311446,0.698253,0.140461,3.99526,0.314685,-0.184064,-0.147139,22.085,-0.246844,98.3297,-0.331203,0.151408,-0.7032813131809235,-0.6235922873020172,0.529795,732.27001953125,,,,,,,190.9,4.338636363,190.9,4.338636363,,,,,,,,,,,,,,,,,,,"Edouard Julien","27534",666397
"Alex Freeland","LAD",44,189,164,36,23,8,0,5,21,19,21,0,49,2,1,1,,4,1,0.221837,0.1128,0.260804,0.432509,0.316097,0.361331,0.301201,0.677428,0.139494,4.38285,0.284279,-0.00652349,0.0157473,20.5129,-1.81895,92.427,0.00922381,-0.183745,-1.6871655089780688,0.5412549823522568,0.526108,639.27001953125,,,,,,,181.6,4.127272727,181.6,4.127272727,,,,,,,,,,,,,,,,,,,"Alex Freeland","31665",690976
"Ty France",,84,364,327,84,58,17,0,9,39,40,23,0,68,11,3,1,,1,0,0.257362,0.062,0.186926,0.331682,0.323982,0.39043,0.314183,0.714412,0.133067,2.55701,0.298471,-0.290244,-0.534292,43.3428,0.333436,100.536,-0.824535,-0.085191,-0.5940593630075455,-6.58519097417593,0.525894,666.0700073242188,,,,,,,381.2,4.538095238,381.2,4.538095238,,,,,,,,,,,,,,,,,,,"Ty France","17982",664034
"Austin Wynns","ATH",42,166,152,35,23,7,0,5,17,18,11,0,47,2,1,1,,1,0,0.230878,0.0680998,0.279738,0.243442,0.289479,0.370677,0.289225,0.660155,0.139798,3.52302,0.29924,-0.13496,-0.133786,16.442,-3.21947,80.9607,-0.268746,0.855268,-4.002777397632599,4.10526829957962,0.524329,734.72998046875,,,,,,,152.2,3.623809523,152.2,3.623809523,,,,,,,,,,,,,,,,,,,"Austin Wynns","15271",642851
"Will Benson","CIN",87,378,330,73,42,15,2,14,44,43,41,1,117,3,3,1,,9,3,0.221707,0.1079,0.310021,0.348041,0.309838,0.404738,0.311653,0.714576,0.183031,5.54654,0.294254,-0.562676,0.157519,44.2332,-0.430409,94.1971,-0.405157,-1.19799,-3.00488618016243,-4.447992920875549,0.524175,658.530029296875,,,,,,,406,4.666666666,406,4.666666666,,,,,,,,,,,,,,,,,,,"Will Benson","21853",666181
"Alan Roden","MIN",49,210,185,47,32,10,1,5,24,22,19,0,39,4,2,1,,3,1,0.255217,0.0897999,0.187605,0.478664,0.334685,0.391995,0.320211,0.72668,0.136778,4.56083,0.298924,-0.0155613,-0.0951992,26.0332,1.22005,104.367,-0.110761,-0.117683,0.9701442793011665,-3.167682558298111,0.514665,688.9299926757812,,,,,,,231.8,4.730612244,231.8,4.730612244,,,,,,,,,,,,,,,,,,,"Alan Roden","31564",702176
"Luke Raley","SEA",71,308,272,61,37,11,1,11,34,36,23,0,94,10,2,1,,4,1,0.223435,0.0735999,0.304446,0.24175,0.304034,0.395426,0.307071,0.69946,0.171991,4.12172,0.291755,-0.263659,-0.139696,34.8961,-1.49651,102.605,-0.403355,-0.11873,0.5421997010707855,-6.118730321526527,0.514052,588.2000122070312,,,,,,,314.4,4.428169014,314.4,4.428169014,,,,,,,,,,,,,,,,,,,"Luke Raley","19354",670042
"Blake Perkins","MIL",58,252,221,50,34,9,1,5,26,24,27,0,68,2,2,1,,8,2,0.224082,0.1057,0.268353,0.393884,0.310188,0.345064,0.291966,0.655252,0.120982,5.50029,0.297,0.116872,0.271164,25.461,-4.31475,86.3461,0.388036,-0.606574,-3.6899946331977844,0.29342561960220337,0.510287,699.8699951171875,,,,,,,234.4,4.04137931,234.4,4.04137931,,,,,,,,,,,,,,,,,,,"Blake Perkins","19921",663368
"Isiah Kiner-Falefa",,79,343,318,81,62,14,1,4,34,30,17,0,58,4,2,1,,10,2,0.254198,0.049,0.169726,0.2887,0.298031,0.343128,0.282654,0.641159,0.0889302,5.09278,0.297721,0.49391,0.391867,32.0619,-8.46617,78.877,0.885778,-1.29168,-7.677416384220123,1.0333168506622314,0.50793,585.8699951171875,,,,,,,295.9,3.74556962,295.9,3.74556962,,,,,,,,,,,,,,,,,,,"Isiah Kiner-Falefa","16512",643396
"Jake Bauers","MIL",83,357,307,66,39,12,1,13,41,41,43,1,108,3,3,1,,8,2,0.214052,0.1207,0.303266,0.398001,0.314745,0.389814,0.309639,0.704559,0.175762,4.65029,0.278956,-0.666602,0.128931,41.1922,-0.99011,98.4525,-0.537672,-0.646394,-1.192431628704071,-5.721393883228302,0.507844,536.72998046875,,,,,,,372.9,4.492771084,372.9,4.492771084,,,,,,,,,,,,,,,,,,,"Jake Bauers","15194",641343
"Thomas Saggese","STL",40,175,161,40,27,8,0,4,18,18,11,0,43,2,1,1,,2,1,0.248893,0.0611998,0.246265,0.248512,0.301515,0.377538,0.297278,0.679054,0.128645,3.74336,0.314351,0.027813,-0.121717,18.4359,-2.24166,91.3781,-0.093904,0.233914,-1.8821740448474884,1.0089144110679626,0.506348,542.27001953125,,,,,,,163.8,4.095,163.8,4.095,,,,,,,,,,,,,,,,,,,"Thomas Saggese","27883",695336
"Luis Urías",,39,168,146,34,23,6,0,4,18,17,17,0,32,3,1,1,,1,0,0.232854,0.0990002,0.187893,0.526896,0.322764,0.371903,0.308657,0.694667,0.139049,3.47881,0.26555,-0.0334433,-0.176185,19.2506,-0.599847,96.7397,-0.209628,-0.60198,-0.8569952696561813,-0.0019797086715698242,0.493849,999,,,,,,,161.3,4.135897435,161.3,4.135897435,,,,,,,,,,,,,,,,,,,"Luis Urias","16622",649966
"Johnathan Rodríguez","CLE",49,210,188,46,30,9,1,7,23,24,18,0,60,2,1,1,,1,0,0.246182,0.0876999,0.285916,0.306733,0.316818,0.412138,0.3172,0.728956,0.165956,3.40013,0.320346,-0.0775202,-0.235801,25.5198,0.706652,104.235,-0.313321,-0.200484,0.7349674105644226,-3.1504845172166824,0.492363,999,,,,,,,229.1,4.675510204,229.1,4.675510204,,,,,,,,,,,,,,,,,,,"Johnathan Rodriguez","22530",671286
"Kristian Campbell","BOS",42,182,159,40,27,8,1,4,20,19,18,0,46,3,1,0,,2,1,0.249385,0.0988,0.254829,0.387711,0.334009,0.387924,0.319159,0.721934,0.138539,4.21753,0.322134,0.0355724,-0.163545,22.4067,0.902015,100.205,-0.127973,0.808076,-0.08406577259302139,-1.3919240236282349,0.489888,383.5299987792969,,,,,,,195.5,4.654761904,195.5,4.654761904,,,,,,,,,,,,,,,,,,,"Kristian Campbell","33644",692225
"Javier Sanoja","MIA",41,175,161,42,29,9,1,3,19,18,11,0,19,1,1,1,,4,2,0.262662,0.0623,0.110851,0.562017,0.312019,0.392196,0.306966,0.704215,0.129534,5.28704,0.280759,0.104613,-0.0119509,19.8124,-0.865169,94.5257,0.0926617,-0.569655,-1.0427796095609665,0.00534510612487793,0.489551,531.27001953125,,,,,,,172.2,4.2,172.2,4.2,,,,,,,,,,,,,,,,,,,"Javier Sanoja","28253",691594
"José Tena","WSN",55,238,217,53,37,11,1,4,24,23,17,0,59,2,2,1,,7,2,0.246574,0.0709998,0.249021,0.285116,0.303709,0.368572,0.295201,0.672281,0.121998,5.05394,0.316554,-0.0402998,0.0449633,24.6716,-3.44993,87.8277,0.00466349,-0.609943,-3.4288978376425803,0.29005736112594604,0.489,999,,,,,,,219.7,3.994545454,219.7,3.994545454,,,,,,,,,,,,,,,,,,,"Jose Tena","23691",677588
"Tyler Austin","CHC",65,280,253,63,38,13,1,11,34,36,23,3,63,2,2,1,,1,0,0.247634,0.0810001,0.225196,0.359687,0.311519,0.438086,0.320587,0.749605,0.190453,3.07959,0.283865,-0.412,-0.297628,34.7965,1.71234,106.99,-0.709628,0,1.610085368156433,-6.199999809265137,0.483504,999,,,,,,,323.5,4.976923076,323.5,4.976923076,,,,,,,,,,,,,,,,,,,"Tyler Austin","11850",592122
"George Valera","CLE",89,385,339,77,47,14,1,14,48,43,40,0,106,3,3,1,,3,1,0.226867,0.1028,0.275956,0.372523,0.310496,0.403342,0.311991,0.713837,0.176475,3.69367,0.282912,-0.0685755,-0.435629,45.1581,-0.332603,100.647,-0.504204,0,-0.21047267317771912,-8.324999809265137,0.482465,628.5999755859375,,,,,,,402,4.516853932,402,4.516853932,,,,,,,,,,,,,,,,,,,"George Valera","22541",671655
"Jon Berti",,55,238,216,55,41,9,1,4,26,22,17,0,48,2,2,1,,12,3,0.253662,0.071,0.201535,0.352296,0.312495,0.354353,0.294609,0.666848,0.10069,5.65437,0.308167,0.271745,0.733933,24.5572,-3.56431,87.0896,1.00568,-1.81393,-2.6259549856185913,-0.7139294147491455,0.48241,999,,,,,,,232.8,4.232727272,232.8,4.232727272,,,,,,,,,,,,,,,,,,,"Jon Berti","12037",542932
"Nolan Gorman","STL",70,301,266,58,34,10,1,13,34,38,30,1,96,2,2,1,,2,1,0.218825,0.1007,0.319357,0.315321,0.300012,0.409408,0.307911,0.70942,0.190583,3.35038,0.283675,-0.718402,-0.256598,34.3084,-1.25706,98.6623,-0.975,0.000491383,-1.4522290229797363,-3.8745086170965806,0.479601,498,,,,,,,312.7,4.467142857,312.7,4.467142857,,,,,,,,,,,,,,,,,,,"Nolan Gorman","22263",669357
"Orlando Arcia",,53,231,211,49,33,9,1,6,24,25,16,0,48,1,2,1,,1,0,0.232048,0.0700002,0.208131,0.336328,0.288908,0.372302,0.288864,0.661211,0.140254,3.18707,0.268664,-0.0211377,-0.229507,22.7574,-4.53706,83.1427,-0.250645,-0.124069,-4.853041559457779,1.700930930674076,0.477383,999,,,,,,,204.5,3.858490566,204.5,3.858490566,,,,,,,,,,,,,,,,,,,"Orlando Arcia","13185",606115
"Robert Hassell III","WSN",75,322,292,71,51,13,1,6,32,31,24,1,75,2,2,1,,7,2,0.242964,0.0730002,0.233779,0.312262,0.301905,0.356637,0.289638,0.658542,0.113673,4.22798,0.303203,0.0317657,0.0225377,31.9249,-6.12191,84.0168,0.0543034,0.631785,-6.045457109808922,-0.018215298652648926,0.475686,554.4000244140625,,,,,,,291.1,3.881333333,291.1,3.881333333,,,,,,,,,,,,,,,,,,,"Robert Hassell III","27482",690987
"Sam Haggerty","TEX",58,252,226,56,40,10,2,4,30,23,21,1,55,3,2,1,,12,3,0.249912,0.0831002,0.218629,0.380098,0.318317,0.371481,0.303457,0.689798,0.12157,6.53969,0.310152,-0.0552732,0.834207,27.812,-1.9637,94.9896,0.778933,-0.55408,-0.7092092633247375,-3.4540805220603943,0.461444,999,,,,,,,252,4.344827586,252,4.344827586,,,,,,,,,,,,,,,,,,,"Sam Haggerty","18054",664059
"Jeferson Quero","MIL",31,122,110,25,17,5,0,3,13,13,9,0,24,1,1,0,,1,0,0.230442,0.0774997,0.194828,0.397786,0.297111,0.370901,0.293602,0.668012,0.140459,3.7732,0.263497,0,-0.104597,12.4474,-1.92058,87.4664,-0.104597,0,-1.9109565392136574,2.375,0.461399,579.8699951171875,,,,,,,104.6,3.374193548,104.6,3.374193548,,,,,,,,,,,,,,,,,,,"Jeferson Quero","sa3015407",691620
"Travis Bazzana","CLE",53,231,201,43,29,9,1,4,23,21,25,0,65,3,2,1,,4,1,0.21454,0.1099,0.280296,0.392085,0.308276,0.334945,0.288672,0.643221,0.120405,4.76541,0.290443,0,-0.0877759,22.7213,-4.5731,84.5835,-0.0877759,0,-4.285074450075626,0.824999988079071,0.459442,999,,,,,,,198,3.735849056,198,3.735849056,,,,,,,,,,,,,,,,,,,"Travis Bazzana","sa3025129",683953
"Jake Fraley","TBR",49,210,187,47,32,9,0,6,24,23,19,0,42,2,2,1,,6,2,0.25215,0.0909002,0.20034,0.453729,0.325961,0.396016,0.316464,0.721976,0.143866,4.59682,0.293886,-0.128885,0.125203,25.3943,0.581145,101.661,-0.00368187,-0.532411,0.40755179594270885,-3.182411253452301,0.455598,639,,,,,,,227.5,4.642857142,227.5,4.642857142,,,,,,,,,,,,,,,,,,,"Jake Fraley","19260",641584
"Everson Pereira","CHW",71,308,276,61,38,11,1,11,33,34,25,0,98,4,2,1,,5,1,0.219574,0.0811999,0.319196,0.254388,0.290959,0.387409,0.296667,0.678368,0.167836,4.32276,0.292048,-0.1408,-0.0452095,32.2944,-4.09816,88.6493,-0.186009,1.17568,-4.306477636098862,-1.9243199825286865,0.447112,738,,,,,,,300.3,4.229577464,300.3,4.229577464,,,,,,,,,,,,,,,,,,,"Everson Pereira","23695",677592
"Edmundo Sosa","PHI",44,189,176,44,29,9,1,5,20,22,8,0,43,3,1,1,,2,1,0.249386,0.0421002,0.22731,0.18521,0.291337,0.401347,0.300041,0.692683,0.151961,4.37257,0.298568,0.251871,-0.129364,20.3348,-1.99699,89.5125,0.122507,-0.287988,-2.226733572781086,0.23701170086860657,0.439775,572.4000244140625,,,,,,,183.2,4.163636363,183.2,4.163636363,,,,,,,,,,,,,,,,,,,"Edmundo Sosa","17022",624641
"Austin Hays",,123,532,486,117,74,24,4,15,58,63,36,2,134,5,4,1,,6,2,0.241544,0.0669999,0.252369,0.265483,0.298372,0.40281,0.303357,0.701182,0.161266,4.74468,0.299691,-0.0315337,-0.448884,58.671,-4.18891,93.0987,-0.480418,-1.00825,-4.819810748100281,-8.908247232437134,0.437602,404.3299865722656,,,,,,,531.4,4.320325203,531.4,4.320325203,,,,,,,,,,,,,,,,,,,"Austin Hays","19363",669720
"Tyler Locklear","ARI",79,343,304,73,47,15,1,10,38,39,30,1,93,6,2,1,,7,2,0.24041,0.0867001,0.272157,0.318566,0.318424,0.396326,0.313123,0.71475,0.155916,4.54594,0.310392,-0.0575565,-0.0444417,40.5471,0.0189705,99.1004,-0.101998,0.148174,-0.46771448850631714,-6.67682608962059,0.436583,744.8699951171875,,,,,,,363.7,4.603797468,363.7,4.603797468,,,,,,,,,,,,,,,,,,,"Tyler Locklear","31396",682988
"Tommy Pham",,94,406,362,89,61,17,1,10,46,41,37,2,93,2,3,1,,6,2,0.245484,0.0910001,0.229429,0.396637,0.31725,0.383939,0.306876,0.70119,0.138455,4.33967,0.300815,-0.892414,-0.163209,45.9351,-2.0369,95.5159,-1.05562,-1.96666,-3.2073670625686646,-6.3166563510894775,0.431428,721.6699829101562,,,,,,,408.2,4.342553191,408.2,4.342553191,,,,,,,,,,,,,,,,,,,"Tommy Pham","2967",502054
"Jordan Beck","COL",131,567,513,127,81,25,4,16,65,67,45,1,157,4,4,1,,17,6,0.248314,0.0793001,0.276679,0.286614,0.311628,0.410002,0.313584,0.72163,0.161689,5.73473,0.32286,0.197709,0.234351,67.2389,0.243502,86.7474,0.432061,-0.200277,-8.47386023402214,-6.175276979804039,0.431257,214.8000030517578,,,,,,,606.4,4.629007633,606.4,4.629007633,,,,,,,,,,,,,,,,,,,"Jordan Beck","31431",687597
"Michael Conforto",,86,371,325,74,46,15,1,12,41,42,38,0,92,5,3,1,,1,0,0.227024,0.102,0.246843,0.413218,0.314503,0.388626,0.30938,0.703129,0.161603,2.77384,0.275391,-0.193346,-0.494749,42.7296,-1.10691,97.2363,-0.688096,-2.49202,-1.89994615316391,-6.4670164585113525,0.428615,696.469970703125,,,,,,,382.3,4.445348837,382.3,4.445348837,,,,,,,,,,,,,,,,,,,"Michael Conforto","16376",624424
"Yohel Pozo","STL",23,90,85,23,15,5,0,3,10,11,3,0,12,1,1,0,,1,0,0.266239,0.0345004,0.130505,0.26436,0.294085,0.421948,0.308028,0.716032,0.155709,3.28929,0.279586,-0.100745,-0.0840374,10.2213,-0.365677,98.7425,-0.184783,-0.584815,-0.31832462549209595,1.165185272693634,0.428596,720.27001953125,,,,,,,100.4,4.365217391,100.4,4.365217391,,,,,,,,,,,,,,,,,,,"Yohel Pozo","18848",650968
"James McCann","ARI",52,208,192,46,31,9,0,6,22,23,11,0,53,2,2,1,,1,0,0.241882,0.0547999,0.253332,0.216316,0.290923,0.387883,0.295479,0.678805,0.146001,3.43892,0.300171,-0.424979,-0.183568,21.5879,-2.96525,87.0138,-0.608547,-0.0198628,-3.806856334209442,2.480137189850211,0.427894,706.6699829101562,,,,,,,189,3.634615384,189,3.634615384,,,,,,,,,,,,,,,,,,,"James McCann","12859",543510
"Starling Marte",,73,315,287,76,54,13,1,7,35,34,20,0,69,5,2,1,,8,2,0.263978,0.0629999,0.217799,0.289257,0.320377,0.39428,0.312676,0.714657,0.130303,4.85648,0.320568,-0.215516,0.250292,37.1227,-0.0970245,99.5001,0.0347763,-0.192108,-0.1513485237956047,-6.367107808589935,0.42383,999,,,,,,,332.4,4.553424657,332.4,4.553424657,,,,,,,,,,,,,,,,,,,"Starling Marte","9241",516782
"Josh Rojas",,65,280,250,59,41,12,1,5,30,26,25,0,62,2,2,1,,6,2,0.236486,0.091,0.220223,0.413218,0.30912,0.348616,0.291734,0.657736,0.112131,4.70541,0.293278,-0.382984,0.120741,28.2371,-4.84709,85.114,-0.262242,-1.31795,-5.188537299633026,-0.16794753074645996,0.42152,999,,,,,,,254.7,3.918461538,254.7,3.918461538,,,,,,,,,,,,,,,,,,,"Josh Rojas","19734",668942
"JJ Wetherholt","STL",21,91,80,20,14,4,0,2,10,9,9,0,16,1,1,0,,2,1,0.252667,0.1007,0.180853,0.556807,0.33685,0.384949,0.318767,0.721799,0.132282,4.53335,0.293095,0,-0.0045545,11.1744,0.422048,106.099,-0.0045545,0,0.6532551157288253,0.42500001192092896,0.42008,999,,,,,,,93.4,4.447619047,93.4,4.447619047,,,,,,,,,,,,,,,,,,,"JJ Wetherholt","sa3025154",802139
"James Outman","MIN",47,203,177,38,22,8,1,7,23,22,20,1,69,3,1,1,,4,1,0.213067,0.1009,0.338481,0.298096,0.30225,0.38146,0.299938,0.68371,0.168392,5.1583,0.299836,0.0340821,0.0561692,21.8241,-2.16194,90.4018,0.0902513,0.547443,-2.2061978727579117,-0.7275567650794983,0.414691,710.2000122070312,,,,,,,204.3,4.34680851,204.3,4.34680851,,,,,,,,,,,,,,,,,,,"James Outman","24770",681546
"Travis d'Arnaud","LAA",57,224,205,44,27,9,0,7,22,24,14,0,64,3,2,1,,1,0,0.216107,0.0627,0.285198,0.219848,0.274041,0.372433,0.282146,0.646474,0.156326,2.92863,0.273279,-0.431457,-0.229647,20.846,-5.62134,77.7255,-0.661105,-0.915829,-6.541804611682892,3.459170877933502,0.411844,749.9299926757812,,,,,,,186.2,3.266666666,186.2,3.266666666,,,,,,,,,,,,,,,,,,,"Travis d'Arnaud","7739",518595
"Jose Iglesias",,53,231,213,55,41,11,0,3,22,22,12,0,39,3,2,1,,3,1,0.257945,0.0539999,0.166802,0.323736,0.306715,0.354858,0.291297,0.661574,0.0969134,3.70056,0.299935,-0.188891,-0.206225,23.2137,-4.08078,84.814,-0.395116,-0.633863,-4.541234523057938,0.6911370754241943,0.40597,746.9299926757812,,,,,,,203,3.830188679,203,3.830188679,,,,,,,,,,,,,,,,,,,"Jose Iglesias","10231",578428
"Oswald Peraza","LAA",70,301,271,61,41,10,1,9,32,31,22,0,78,4,2,1,,9,2,0.223836,0.0747002,0.260708,0.286528,0.291302,0.362819,0.287765,0.654122,0.138983,4.8719,0.279252,0.0577133,0.394156,29.385,-6.18047,81.5962,0.451869,-0.220465,-6.077121138572693,-0.34546495974063873,0.40284,739.530029296875,,,,,,,279.4,3.991428571,279.4,3.991428571,,,,,,,,,,,,,,,,,,,"Oswald Peraza","22823",672724
"Brett Harris","ATH",45,196,173,40,27,8,0,5,21,20,18,0,42,3,1,1,,3,1,0.233815,0.0922002,0.215815,0.427219,0.314532,0.366106,0.301762,0.680639,0.132292,3.95239,0.280264,-0.0910437,-0.129473,21.3619,-1.79703,89.5973,-0.220517,-0.0687886,-2.623644605278969,-0.26878857612609863,0.394268,999,,,,,,,187.1,4.157777777,187.1,4.157777777,,,,,,,,,,,,,,,,,,,"Brett Harris","29788",695391
"Andrés Chaparro","WSN",70,301,270,64,39,14,1,11,33,37,26,1,72,3,2,0,,1,0,0.236018,0.0848001,0.239779,0.35366,0.306876,0.411985,0.312226,0.718861,0.175966,2.93284,0.27929,-0.187201,-0.355081,35.3628,-0.202687,99.4899,-0.542282,0.111052,-0.7242623865604401,-5.463948220014572,0.391461,749.7999877929688,,,,,,,327,4.671428571,327,4.671428571,,,,,,,,,,,,,,,,,,,"Andres Chaparro","21797",665953
"César Salazar","HOU",42,166,146,30,20,6,1,3,17,15,15,0,36,4,1,1,,1,0,0.205375,0.0909999,0.217533,0.418328,0.295549,0.318269,0.276468,0.613818,0.112894,3.80996,0.248819,-0.0428218,-0.162849,14.7185,-4.94292,75.5678,-0.205671,-1.02415,-4.997362464666367,2.225845217704773,0.389822,999,,,,,,,132.2,3.147619047,132.2,3.147619047,,,,,,,,,,,,,,,,,,,"Cesar Salazar","21587",663967
"Gio Urshela",,49,210,194,50,36,9,1,4,21,22,13,0,40,1,2,1,,1,0,0.257871,0.0600001,0.189273,0.317003,0.305105,0.375796,0.29751,0.680901,0.117925,3.32917,0.303121,-0.157832,-0.252887,22.1628,-2.65037,89.0824,-0.410719,-1.05461,-3.120485872030258,-0.30460572242736816,0.376737,999,,,,,,,199.3,4.067346938,199.3,4.067346938,,,,,,,,,,,,,,,,,,,"Gio Urshela","10681",570482
"Sung-moon Song",,36,154,140,35,25,6,1,3,16,16,11,1,24,1,1,1,,3,1,0.250947,0.0719998,0.156903,0.45888,0.307002,0.371503,0.296345,0.678504,0.120555,4.66223,0.280232,-0.085,0.0737348,16.1069,-2.08938,88.2815,-0.0112652,0,-2.1442010048776865,0.550000011920929,0.370149,999,,,,,,,146.2,4.061111111,146.2,4.061111111,,,,,,,,,,,,,,,,,,,"Sung-moon Song","sa3012529",
"Bryce Eldridge","SFG",109,469,420,97,59,20,1,18,50,55,41,3,139,4,3,1,,2,1,0.231865,0.087,0.297303,0.29263,0.303457,0.411732,0.308567,0.715189,0.179867,2.89031,0.298806,-0.0449079,-0.502162,53.7069,-1.70907,99.3567,-0.54707,0.011618,-0.9046612679958344,-11.113382024690509,0.366862,999,,,,,,,492.1,4.514678899,492.1,4.514678899,,,,,,,,,,,,,,,,,,,"Bryce Eldridge","33390",805811
"Mauricio Dubón","ATL",55,238,222,58,42,12,0,4,25,25,12,0,31,1,2,1,,2,1,0.262647,0.0496999,0.128189,0.387708,0.301935,0.374201,0.295274,0.676136,0.111554,3.3992,0.286825,-0.00691587,-0.212046,24.6857,-3.43582,87.3867,-0.218962,-1.57484,-3.776917651295662,-0.5748434066772461,0.364903,498.79998779296875,,,,,,,215.2,3.912727272,215.2,3.912727272,,,,,,,,,,,,,,,,,,,"Mauricio Dubon","16530",643289
"Rowdy Tellez",,86,371,336,79,48,14,1,17,43,48,29,0,90,3,3,1,,1,0,0.23366,0.0780002,0.242728,0.321348,0.297302,0.426648,0.312685,0.72395,0.192988,2.87079,0.266655,-0.554048,-0.420137,43.7251,-0.11144,99.5065,-0.974185,-0.235045,-1.190565511584282,-7.86004464328289,0.35867,700.530029296875,,,,,,,410.4,4.772093023,410.4,4.772093023,,,,,,,,,,,,,,,,,,,"Rowdy Tellez","15679",642133
"Jorge Mateo",,58,252,233,53,34,12,1,6,27,25,14,0,62,2,2,1,,18,4,0.226591,0.0569998,0.247884,0.229945,0.2746,0.358533,0.276413,0.633133,0.131942,6.55185,0.283202,0.409283,1.48045,22.2789,-7.49688,74.59,1.88973,-0.851814,-5.678430199623108,0.6481863856315613,0.357943,749,,,,,,,231.7,3.994827586,231.7,3.994827586,,,,,,,,,,,,,,,,,,,"Jorge Mateo","17273",622761
"Dylan Carlson",,44,189,165,38,25,8,1,5,21,19,19,0,45,2,1,1,,3,1,0.232165,0.102,0.235986,0.432231,0.319066,0.374236,0.307011,0.693302,0.142071,4.25807,0.286597,0.0626445,-0.103537,21.4043,-0.927462,95.6088,-0.0408924,0.0636549,-1.021815001964569,-1.9613452106714249,0.349235,999,,,,,,,189.6,4.309090909,189.6,4.309090909,,,,,,,,,,,,,,,,,,,"Dylan Carlson","20126",666185
"Daniel Schneemann","CLE",52,224,198,43,28,9,1,5,23,21,22,0,61,2,2,1,,4,1,0.216767,0.0987998,0.272869,0.362077,0.298351,0.350129,0.287519,0.64848,0.133363,4.43585,0.282413,-0.170491,-0.0387351,21.8232,-4.64408,83.7897,-0.209226,-0.431556,-4.4888966381549835,0.16844403743743896,0.346764,610.5999755859375,,,,,,,198.4,3.815384615,198.4,3.815384615,,,,,,,,,,,,,,,,,,,"Daniel Schneemann","25180",682177
"Luke Maile",,40,160,141,31,21,6,0,3,16,15,15,0,46,2,1,1,,2,1,0.215992,0.0919997,0.288924,0.318422,0.297,0.330157,0.280585,0.627157,0.114165,4.08213,0.294286,-0.112138,-0.090071,14.6872,-4.21807,77.4553,-0.202209,0.220364,-4.465539753437042,3.345363810658455,0.346531,999,,,,,,,130.2,3.255,130.2,3.255,,,,,,,,,,,,,,,,,,,"Luke Maile","13355",571912
"Carlos Santana",,83,357,315,73,48,13,0,11,39,40,36,1,69,2,3,1,,3,1,0.230963,0.102,0.193118,0.528173,0.313268,0.380111,0.305113,0.693379,0.149148,3.16279,0.259611,-0.885008,-0.319525,39.8804,-2.30191,94.3052,-1.20453,1.25935,-3.607422947883606,-5.115654468536377,0.343703,749.72998046875,,,,,,,351.8,4.238554216,351.8,4.238554216,,,,,,,,,,,,,,,,,,,"Carlos Santana","2396",467793
"Andy Ibáñez",,45,196,178,44,30,9,1,4,21,19,14,0,39,2,1,1,,3,1,0.245133,0.0690003,0.199298,0.346216,0.304011,0.372108,0.296962,0.676119,0.126975,4.31702,0.290377,-0.343778,-0.108833,20.5979,-2.56096,88.7056,-0.452611,-0.941712,-3.069011628627777,-0.2417115569114685,0.33996,999,,,,,,,188.7,4.193333333,188.7,4.193333333,,,,,,,,,,,,,,,,,,,"Andy Ibanez","18819",628451
"LaMonte Wade Jr.",,58,252,214,49,33,9,1,7,29,25,33,2,57,3,2,1,,2,0,0.23117,0.13,0.225743,0.575876,0.338302,0.375261,0.316046,0.713563,0.144091,3.67677,0.280623,-0.68199,-0.323381,30.3877,0.611989,101.815,-1.00537,-0.66664,-0.46466290950775146,-4.766639471054077,0.337372,999,,,,,,,269.8,4.651724137,269.8,4.651724137,,,,,,,,,,,,,,,,,,,"LaMonte Wade Jr.","18126",664774
"Santiago Espinal","CIN",45,196,179,47,35,9,0,2,20,18,13,0,27,2,1,1,,2,1,0.259784,0.067,0.135299,0.495199,0.313584,0.352861,0.294243,0.666445,0.0930776,3.52015,0.291114,0.0999206,-0.159817,20.1653,-2.99358,86.8381,-0.0598962,-1.3791,-3.108912169933319,-0.2791024446487427,0.332052,999,,,,,,,175.1,3.891111111,175.1,3.891111111,,,,,,,,,,,,,,,,,,,"Santiago Espinal","19997",669289
"Nick Sogard","BOS",58,252,221,53,38,12,0,3,25,22,26,0,56,2,2,1,,5,2,0.239643,0.1048,0.22185,0.472392,0.323947,0.337847,0.296514,0.661794,0.0982039,4.09509,0.304497,-0.30635,-0.0894892,26.3915,-3.38429,84.6052,-0.395839,-0.778356,-4.968280047178268,-0.47835636138916016,0.330141,999,,,,,,,226.7,3.908620689,226.7,3.908620689,,,,,,,,,,,,,,,,,,,"Nick Sogard","25483",686765
"Carlos Cortes","ATH",40,175,156,37,23,8,0,6,20,20,16,0,38,1,1,1,,1,0,0.239605,0.0891996,0.216016,0.412931,0.311292,0.409793,0.313908,0.721085,0.170188,3.20677,0.277789,-0.0921036,-0.190516,20.7988,0.12123,97.9641,-0.28262,-0.268636,-0.7025473415851593,-2.1436355113983154,0.32505,743.27001953125,,,,,,,183.7,4.5925,183.7,4.5925,,,,,,,,,,,,,,,,,,,"Carlos Cortes","21842",666126
"Christian Koss","SFG",47,203,188,46,32,10,1,4,20,20,10,0,46,3,1,1,,4,1,0.243387,0.0493999,0.228514,0.216179,0.288972,0.361741,0.284842,0.650712,0.118353,4.5908,0.301587,0.0544122,0.0122735,19.336,-4.65002,83.1043,0.0666857,-0.453847,-3.998369626700878,0.3711526691913605,0.319895,999,,,,,,,185.7,3.951063829,185.7,3.951063829,,,,,,,,,,,,,,,,,,,"Christian Koss","27653",683766
"Ryan Waldschmidt","ARI",24,105,90,22,15,4,0,2,12,11,12,0,23,2,1,0,,2,1,0.247144,0.1126,0.222301,0.506523,0.34175,0.378252,0.319872,0.720002,0.131108,4.92111,0.307458,0,-0.00751481,12.9877,0.581182,103.724,-0.00751481,0,0.4559057308360934,-0.824999988079071,0.319653,999,,,,,,,106.6,4.441666666,106.6,4.441666666,,,,,,,,,,,,,,,,,,,"Ryan Waldschmidt","sa3025261",814439
"Braxton Fulford","COL",55,218,195,47,29,10,2,6,24,24,16,0,59,4,2,1,,3,1,0.23991,0.0742998,0.269126,0.276078,0.307778,0.400498,0.309135,0.708275,0.160588,4.86624,0.307602,0.0282128,-0.142318,25.0186,-0.692544,83.6997,-0.114105,-0.753064,-4.317962348461151,3.4969361424446106,0.3195,748.4000244140625,,,,,,,227.9,4.143636363,227.9,4.143636363,,,,,,,,,,,,,,,,,,,"Braxton Fulford","29704",690924
"Andrew Knizner","SEA",29,115,103,23,16,4,0,2,11,11,8,0,26,2,1,0,,1,0,0.219108,0.0736001,0.226037,0.325612,0.289286,0.333749,0.277248,0.623035,0.114641,3.66689,0.267859,-0.0405512,-0.109427,10.2627,-3.3491,82.061,-0.149978,-0.565874,-2.5856797993183136,1.684126377105713,0.318728,999,,,,,,,88.1,3.037931034,88.1,3.037931034,,,,,,,,,,,,,,,,,,,"Andrew Knizner","19514",668800
"Andruw Monasterio","MIL",41,175,155,36,25,8,0,3,18,16,16,0,43,2,1,1,,5,1,0.233749,0.0936003,0.243003,0.385181,0.312485,0.34149,0.292047,0.653975,0.107741,4.60509,0.301474,-0.0149486,0.0893411,17.6927,-2.98487,86.4015,0.0743925,-0.649196,-2.7460892274975777,0.025804102420806885,0.317374,711.530029296875,,,,,,,158.7,3.870731707,158.7,3.870731707,,,,,,,,,,,,,,,,,,,"Andruw Monasterio","19455",655316
"Leody Taveras","BAL",24,105,96,23,16,4,1,3,12,11,8,0,22,0,1,0,,4,1,0.244996,0.0726997,0.208482,0.34871,0.301312,0.386102,0.29967,0.687414,0.141106,5.69965,0.288294,0.020599,0.221044,11.2655,-1.14107,92.4197,0.241643,0.0796496,-0.6964583545923233,0.15464963763952255,0.314316,737.2000122070312,,,,,,,107.1,4.4625,107.1,4.4625,,,,,,,,,,,,,,,,,,,"Leody Taveras","18900",665750
"Connor Wong","BOS",55,218,198,48,32,10,1,5,23,23,15,0,54,3,2,1,,3,1,0.240716,0.0688999,0.248579,0.277175,0.300528,0.372064,0.29485,0.672592,0.131348,4.32162,0.30432,-0.155074,-0.121119,22.4948,-3.21632,83.4588,-0.276193,-1.32483,-4.518469542264938,2.925170063972473,0.309346,668.6699829101562,,,,,,,209.4,3.807272727,209.4,3.807272727,,,,,,,,,,,,,,,,,,,"Connor Wong","19896",657136
"Nick Allen","HOU",36,154,139,33,24,6,0,2,15,13,12,0,31,1,1,1,,4,1,0.235103,0.08,0.198426,0.403173,0.300175,0.321641,0.277789,0.621816,0.0865383,4.57128,0.28729,0.0242632,0.0406269,13.7868,-4.4095,76.4772,0.0648902,1.09724,-4.204652525484562,1.897237479686737,0.306223,740.530029296875,,,,,,,125.8,3.494444444,125.8,3.494444444,,,,,,,,,,,,,,,,,,,"Nick Allen","22277",669397
"Anthony Rendon","LAA",45,196,172,40,28,8,1,3,21,17,19,0,36,3,1,1,,3,1,0.230771,0.0975998,0.182455,0.534925,0.31619,0.343789,0.295393,0.659978,0.113018,4.51062,0.27009,0.0200604,-0.0299171,20.3483,-2.81064,86.8508,-0.00985675,-0.830229,-3.0474460646510124,-0.7302289009094238,0.303697,999,,,,,,,178,3.955555555,178,3.955555555,,,,,,,,,,,,,,,,,,,"Anthony Rendon","12861",543685
"Griffin Conine","MIA",99,427,379,84,52,16,1,15,46,49,40,0,139,4,3,1,,2,1,0.22145,0.0935,0.324855,0.287821,0.299661,0.390638,0.302274,0.690298,0.169188,3.09149,0.300489,-0.297636,-0.530398,46.7156,-3.73775,91.3113,-0.828034,-0.722448,-5.225249230861664,-6.097448468208313,0.295038,519.9299926757812,,,,,,,417.5,4.217171717,417.5,4.217171717,,,,,,,,,,,,,,,,,,,"Griffin Conine","21626",665052
"Jahmai Jones","DET",36,154,134,32,20,7,1,4,19,16,16,0,39,2,1,0,,3,1,0.237916,0.1068,0.256208,0.416851,0.330152,0.402406,0.321527,0.732558,0.16449,5.36127,0.301745,-0.00316612,-0.0252553,19.2556,1.05928,105.781,-0.0284214,-0.01017,1.020869741216302,-3.4601700203493237,0.292729,727.5999755859375,,,,,,,165.7,4.602777777,165.7,4.602777777,,,,,,,,,,,,,,,,,,,"Jahmai Jones","18872",663330
"Ryan Bliss","SEA",26,112,100,22,14,5,0,3,12,11,9,0,29,1,1,0,,6,2,0.221523,0.0845998,0.26284,0.321868,0.293801,0.356199,0.287039,0.65,0.134675,6.06909,0.28398,-0.0069532,0.229432,10.8679,-2.36576,88.8055,0.222479,-0.169967,-1.2552575767040253,0.2300327867269516,0.289507,683.3300170898438,,,,,,,101.7,3.911538461,101.7,3.911538461,,,,,,,,,,,,,,,,,,,"Ryan Bliss","29547",669208
"Tyler Fitzgerald","SFG",36,154,141,32,21,7,1,4,16,16,10,0,45,2,1,1,,4,1,0.226373,0.0642003,0.289584,0.221698,0.283134,0.368544,0.285042,0.651678,0.14217,5.38608,0.298222,0.166065,0.173558,14.6937,-3.50259,83.2414,0.339623,0.113002,-2.719196766614914,0.3630024865269661,0.283142,707.72998046875,,,,,,,142.6,3.961111111,142.6,3.961111111,,,,,,,,,,,,,,,,,,,"Tyler Fitzgerald","26208",666149
"Alejandro Osuna","TEX",23,98,86,21,15,4,0,2,11,10,9,0,21,1,1,0,,3,1,0.248934,0.0940997,0.212997,0.441789,0.329311,0.386702,0.31535,0.716013,0.137768,4.81145,0.300118,0.0455928,-0.0138541,11.7621,0.182631,103.182,0.0317387,0.0184311,0.39930978044867516,-1.0315688140690327,0.280412,655.469970703125,,,,,,,94.9,4.126086956,94.9,4.126086956,,,,,,,,,,,,,,,,,,,"Alejandro Osuna","27915",696030
"Elias Díaz",,45,179,164,37,25,7,0,5,18,19,12,0,44,1,1,1,,1,0,0.223995,0.0669997,0.244979,0.273491,0.280759,0.356533,0.279301,0.637293,0.132538,2.97942,0.274535,-0.415005,-0.194926,16.2629,-4.91097,76.5737,-0.609931,-0.291887,-5.571590423583984,3.2081134617328644,0.279444,999,,,,,,,151.4,3.364444444,151.4,3.364444444,,,,,,,,,,,,,,,,,,,"Elias Diaz","11680",553869
"Nick Loftin","KCR",28,119,104,26,18,5,0,2,13,12,12,0,19,1,1,0,,2,1,0.246826,0.1013,0.159459,0.635271,0.329914,0.374353,0.312208,0.704267,0.127527,4.21678,0.278834,-0.026968,-0.0651061,13.9789,-0.0818833,96.5952,-0.092074,-0.214926,-0.5696137696504593,-0.8399264216423035,0.274837,999,,,,,,,114.9,4.103571428,114.9,4.103571428,,,,,,,,,,,,,,,,,,,"Nick Loftin","27630",679845
"Ildemaro Vargas",,39,168,155,40,29,7,1,3,17,17,10,0,20,2,1,1,,2,1,0.257268,0.0590001,0.121665,0.484938,0.30605,0.372585,0.297254,0.678635,0.115317,4.25363,0.278972,0.0108502,-0.137713,17.6953,-2.1552,88.9066,-0.126863,-0.115736,-2.329587399959564,-0.7157358378171921,0.270158,999,,,,,,,160.2,4.107692307,160.2,4.107692307,,,,,,,,,,,,,,,,,,,"Ildemaro Vargas","13324",545121
"Sebastian Walcott","TEX",23,98,87,20,14,4,0,2,10,9,9,0,23,1,1,0,,3,1,0.229567,0.0891003,0.238288,0.373918,0.30297,0.35026,0.289632,0.653229,0.120692,5.19399,0.289733,-0.0229292,0.0470112,9.71577,-1.86369,85.466,0.024082,0,-1.6546640936285257,0.8500000238418579,0.262773,999,,,,,,,88.3,3.839130434,88.3,3.839130434,,,,,,,,,,,,,,,,,,,"Sebastian Walcott","sa3021069",806964
"Heriberto Hernández","MIA",89,385,339,75,46,15,1,13,42,43,39,0,117,4,3,1,,4,1,0.222057,0.1005,0.302617,0.332102,0.306638,0.389519,0.305376,0.696157,0.167462,3.97072,0.293391,-0.28431,-0.353856,43.0904,-2.40035,93.4365,-0.638167,-0.193454,-3.6331133246421814,-6.618453949689865,0.261662,476,,,,,,,386.2,4.339325842,386.2,4.339325842,,,,,,,,,,,,,,,,,,,"Heriberto Hernandez","24878",681715
"Austin Slater",,45,196,172,40,27,7,1,5,22,19,20,0,57,2,1,1,,2,1,0.231856,0.1,0.292915,0.341397,0.315011,0.368613,0.302872,0.683624,0.136757,4.27947,0.313675,-0.0254831,-0.128527,21.5385,-1.6204,92.7658,-0.15401,-0.1985,-1.8298506438732147,-2.298500210046768,0.256307,999,,,,,,,192,4.266666666,192,4.266666666,,,,,,,,,,,,,,,,,,,"Austin Slater","16153",596103
"Alex Verdugo",,50,217,197,50,35,10,1,4,24,22,17,0,34,2,1,1,,1,0,0.254429,0.077,0.157635,0.488469,0.315529,0.381182,0.305997,0.696711,0.126752,3.30666,0.2857,-0.142569,-0.265486,24.3967,-1.24347,94.9124,-0.408056,-0.841158,-1.7129081189632416,-3.1661583185195923,0.252216,999,,,,,,,214.2,4.284,214.2,4.284,,,,,,,,,,,,,,,,,,,"Alex Verdugo","17027",657077
"Endy Rodríguez","PIT",58,249,223,55,36,12,1,6,26,26,21,0,51,2,2,1,,3,1,0.2464,0.0853998,0.204553,0.417494,0.315244,0.391461,0.309693,0.706705,0.145061,4.05991,0.291718,-0.0588727,-0.214033,28.7415,-0.679739,95.8512,-0.272906,0.00887763,-1.4973008334636688,-4.341122278012335,0.251721,677.5999755859375,,,,,,,253.8,4.375862068,253.8,4.375862068,,,,,,,,,,,,,,,,,,,"Endy Rodriguez","25332",682848
"Max Schuemann","ATH",34,147,128,29,21,5,1,2,16,13,15,0,35,2,1,1,,4,1,0.225922,0.1012,0.235556,0.429621,0.314557,0.331428,0.290458,0.645985,0.105506,5.15713,0.288866,-0.0379687,0.102914,14.6723,-2.69691,81.8103,0.0649453,0.0541055,-3.086533896625042,0.47910548001527786,0.250878,748.2000122070312,,,,,,,129.2,3.8,129.2,3.8,,,,,,,,,,,,,,,,,,,"Max Schuemann","24488",680474
"Ryan Fitzgerald","MIN",36,154,138,30,19,7,1,4,16,16,13,0,40,2,1,1,,2,1,0.219761,0.0816002,0.262749,0.310563,0.290641,0.360287,0.28632,0.650928,0.140526,4.42944,0.280449,-0.103456,-0.110511,14.8535,-3.34275,81.0212,-0.213967,-0.161577,-3.6587569564580917,0.7884226888418198,0.248629,999,,,,,,,139.6,3.877777777,139.6,3.877777777,,,,,,,,,,,,,,,,,,,"Ryan Fitzgerald","24622",680837
"Daniel Susac","SFG",21,83,77,18,12,3,0,2,8,8,5,0,23,1,1,0,,1,0,0.231205,0.0562995,0.273352,0.20596,0.281445,0.361435,0.281295,0.64288,0.13023,4.1054,0.299523,-0.014065,-0.0434031,7.68533,-2.14539,80.6748,-0.0574681,0,-1.963108904659748,1.625,0.248617,999,,,,,,,71.2,3.39047619,71.2,3.39047619,,,,,,,,,,,,,,,,,,,"Daniel Susac","sa3019997",691740
"Walker Jenkins","MIN",26,112,99,24,16,5,0,2,12,11,11,0,26,1,1,0,,2,1,0.240461,0.0968997,0.232495,0.416783,0.321718,0.367568,0.305671,0.689286,0.127107,4.82231,0.302015,-0.0179149,-0.00599775,12.5622,-0.671457,94.3512,-0.0239126,0,-0.7695832438766956,-0.699999988079071,0.244043,999,,,,,,,105.7,4.065384615,105.7,4.065384615,,,,,,,,,,,,,,,,,,,"Walker Jenkins","sa3022894",805805
"Dane Myers","MIA",44,189,171,42,30,7,0,4,19,19,13,0,48,2,1,1,,7,2,0.242427,0.0714,0.252959,0.282259,0.304062,0.364273,0.294588,0.668334,0.121846,4.85623,0.309284,-0.0704366,0.248052,19.4981,-2.83371,86.0467,0.177615,-0.0508068,-2.947991743683815,-0.9758067056536674,0.241895,724.7999877929688,,,,,,,174.8,3.972727272,174.8,3.972727272,,,,,,,,,,,,,,,,,,,"Dane Myers","22054",667472
"Nathan Church","STL",19,84,77,20,14,3,0,2,9,9,6,0,12,1,1,0,,2,1,0.258857,0.0661003,0.14764,0.447713,0.314289,0.374322,0.30225,0.688611,0.115465,4.95679,0.288886,-0.00231153,0.017736,9.18835,-0.7369,94.7842,0.0154244,0.193398,-0.5038492754101753,-0.006601676344871521,0.233707,737.7999877929688,,,,,,,84.5,4.447368421,84.5,4.447368421,,,,,,,,,,,,,,,,,,,"Nathan Church","31357",701675
"Jimmy Crooks","STL",19,77,70,16,11,3,0,2,8,8,5,0,20,1,1,0,,0,0,0.235632,0.0691004,0.262235,0.263506,0.293801,0.366129,0.28923,0.65993,0.130497,3.07597,0.301871,-0.00792499,-0.0943297,7.58895,-1.48557,85.8653,-0.102255,-0.0633999,-1.3888479098677635,1.4366000816226006,0.23262,537,,,,,,,65.1,3.426315789,65.1,3.426315789,,,,,,,,,,,,,,,,,,,"Jimmy Crooks","31354",699625
"Enrique Hernández",,81,350,320,74,49,15,1,9,35,37,24,0,80,2,3,1,,1,0,0.231247,0.0699999,0.227619,0.307531,0.28739,0.367499,0.286665,0.654889,0.136252,2.95305,0.278133,0.284081,-0.405974,33.8561,-7.4991,81.6324,-0.121894,-0.458234,-7.719991631805897,-1.858234167098999,0.231971,742.530029296875,,,,,,,308.1,3.803703703,308.1,3.803703703,,,,,,,,,,,,,,,,,,,"Enrique Hernandez","10472",571771
"Ryan Mountcastle","BAL",36,154,142,36,23,7,0,5,18,20,10,0,38,1,1,0,,1,0,0.252806,0.0618999,0.249704,0.247893,0.303333,0.418842,0.312695,0.722176,0.166036,3.25914,0.308158,0.0715943,-0.166145,18.1513,-0.0449953,101.392,-0.0945508,0.087707,0.15814751386642456,-3.2622928991913795,0.224707,446.8699951171875,,,,,,,161.8,4.494444444,161.8,4.494444444,,,,,,,,,,,,,,,,,,,"Ryan Mountcastle","18373",663624
"Kyren Paris","LAA",36,154,136,28,17,5,1,4,16,15,15,0,50,2,1,1,,6,1,0.204885,0.0945998,0.326542,0.289701,0.288458,0.351672,0.283582,0.640129,0.146787,6.25514,0.285482,0,0.39987,14.5112,-3.68511,78.7148,0.39987,0.551683,-3.463549315929413,0.30168336629867554,0.218802,729.6699829101562,,,,,,,138.2,3.838888888,138.2,3.838888888,,,,,,,,,,,,,,,,,,,"Kyren Paris","26420",677347
"Luisangel Acuña","NYM",18,77,71,18,13,3,0,1,8,7,5,0,14,1,1,0,,4,1,0.254378,0.0611998,0.179104,0.341699,0.30354,0.356362,0.290315,0.659902,0.101983,5.92606,0.299428,0.0693995,0.206718,7.67649,-1.42166,87.7611,0.276118,-0.0615641,-0.8408190906047821,0.36343591287732124,0.213263,622.7999877929688,,,,,,,70.7,3.927777777,70.7,3.927777777,,,,,,,,,,,,,,,,,,,"Luisangel Acuna","26548",682668
"Johan Rojas","PHI",23,98,90,22,16,4,1,1,11,9,6,0,21,1,1,0,,5,1,0.246589,0.0571002,0.211207,0.270352,0.294753,0.356133,0.285607,0.650887,0.109544,6.70679,0.302011,0.0957112,0.399522,9.39548,-2.18397,79.6245,0.495234,0.338888,-1.871390849351883,0.6888884007930756,0.212603,999,,,,,,,87.6,3.808695652,87.6,3.808695652,,,,,,,,,,,,,,,,,,,"Johan Rojas","24336",679032
"Paul DeJong",,65,280,257,54,33,10,0,10,28,32,17,0,88,3,2,1,,3,1,0.209038,0.0589999,0.312537,0.188777,0.263845,0.367438,0.275165,0.631283,0.1584,3.45788,0.270427,-0.356667,-0.19891,24.4704,-8.61372,73.7323,-0.555577,0.0944444,-9.248497486114502,1.8444444462656975,0.212028,747,,,,,,,231.3,3.558461538,231.3,3.558461538,,,,,,,,,,,,,,,,,,,"Paul DeJong","18015",657557
"Derek Hill","CHW",37,161,147,35,24,6,1,4,16,17,10,0,45,2,1,1,,4,1,0.238013,0.0621,0.281802,0.220367,0.292141,0.372939,0.290997,0.66508,0.134926,5.12022,0.312504,0.0315286,0.116196,16.1401,-2.88332,84.7437,0.147724,0.0912076,-2.747262477874756,-0.7337924316525459,0.210795,999,,,,,,,150.5,4.067567567,150.5,4.067567567,,,,,,,,,,,,,,,,,,,"Derek Hill","16947",656537
"Leo De Vries","ATH",19,84,75,17,11,4,0,2,9,8,7,0,20,1,1,0,,1,0,0.22615,0.0882005,0.239418,0.368395,0.301543,0.362819,0.292183,0.664362,0.136669,4.57251,0.281715,-0.026469,-0.0393747,8.50179,-1.42345,82.9985,-0.0658437,0,-1.7490525469183922,0.8999999761581421,0.208931,999,,,,,,,76.5,4.026315789,76.5,4.026315789,,,,,,,,,,,,,,,,,,,"Leo De Vries","sa3023363",815888
"David Hamilton","BOS",19,84,75,17,11,3,0,2,10,8,7,0,20,1,1,0,,7,2,0.226894,0.0867996,0.236983,0.366269,0.29801,0.362328,0.29106,0.660338,0.135434,7.1115,0.280025,0.0623032,0.596712,8.42519,-1.50006,80.8481,0.659015,-0.0224012,-1.2370949387550354,0.3275988698005676,0.202747,710.8699951171875,,,,,,,79.4,4.178947368,79.4,4.178947368,,,,,,,,,,,,,,,,,,,"David Hamilton","27531",666152
"Richie Palacios","TBR",23,98,85,20,14,4,0,2,11,9,11,0,19,1,1,0,,3,1,0.238258,0.1089,0.194465,0.559998,0.328176,0.355495,0.304768,0.683671,0.117236,4.69349,0.284435,-0.0116084,0.108034,10.9201,-0.659353,93.605,0.0964252,0.039904,-0.6422204002737999,-0.7600959837436676,0.201626,739.27001953125,,,,,,,96.3,4.186956521,96.3,4.186956521,,,,,,,,,,,,,,,,,,,"Richie Palacios","24589",680700
"Tirso Ornelas","SDP",79,343,307,74,50,15,1,8,38,35,29,0,73,3,3,2,,4,1,0.24139,0.0849999,0.213544,0.398043,0.310446,0.376515,0.301918,0.686961,0.135125,3.97496,0.288448,-0.0752577,-0.126796,37.4265,-3.10162,96.147,-0.202054,-0.0123787,-1.7683882117271423,-7.687378852628171,0.200116,999,,,,,,,332.6,4.210126582,332.6,4.210126582,,,,,,,,,,,,,,,,,,,"Tirso Ornelas","22566",672359
"Jake Mangum","TBR",29,126,118,32,24,6,0,1,13,12,6,0,22,1,1,0,,5,1,0.275247,0.0479999,0.17798,0.269693,0.314678,0.370479,0.300368,0.685156,0.0952315,5.13451,0.327209,0.0336166,0.138271,13.59,-1.29789,90.5739,0.171887,-0.0124862,-1.2279472351074219,-1.1624861424788833,0.199129,436.3299865722656,,,,,,,115.7,3.989655172,115.7,3.989655172,,,,,,,,,,,,,,,,,,,"Jake Mangum","26202",663968
"Adrian Del Castillo","ARI",71,304,272,65,40,15,1,9,33,35,26,1,84,2,2,1,,1,0,0.236825,0.0866998,0.274351,0.316018,0.30762,0.398814,0.307429,0.706435,0.16199,3.16314,0.304339,-0.168502,-0.358139,34.5768,-1.39042,95.1998,-0.526641,-0.0320694,-2.2584572434425354,-5.932069484144449,0.198675,609.2000122070312,,,,,,,311.7,4.390140845,311.7,4.390140845,,,,,,,,,,,,,,,,,,,"Adrian Del Castillo","29554",680728
"Jacob Melton","HOU",24,105,95,22,14,4,0,3,12,12,8,0,28,1,1,0,,5,1,0.227512,0.0759998,0.264949,0.286846,0.290175,0.379977,0.2928,0.670152,0.152465,6.073,0.285668,0.0234434,0.315558,10.6798,-1.72678,86.8179,0.339001,0.430096,-1.2923512160778046,-0.3949035406112671,0.197123,584.2000122070312,,,,,,,101.7,4.2375,101.7,4.2375,,,,,,,,,,,,,,,,,,,"Jacob Melton","31661",689200
"Gustavo Campero","LAA",26,112,100,24,16,5,1,3,12,12,8,0,23,2,1,0,,4,1,0.24151,0.0736998,0.205899,0.357941,0.312573,0.38766,0.307203,0.700234,0.14615,5.73769,0.283404,-0.00174899,0.1484,12.7015,-0.532123,94.9865,0.146651,-0.220372,-0.5151546746492386,-1.4203725308179855,0.196372,999,,,,,,,117.6,4.523076923,117.6,4.523076923,,,,,,,,,,,,,,,,,,,"Gustavo Campero","22707",672569
"Brendan Rodgers",,42,182,165,38,26,8,0,4,18,18,13,0,49,2,1,1,,1,0,0.232156,0.0710002,0.269018,0.263924,0.292841,0.356674,0.285674,0.649515,0.124518,3.14131,0.302464,0.185906,-0.207847,17.4586,-4.04607,80.9512,-0.0219404,-0.779305,-4.119492216035724,-0.12930452823638916,0.195506,999,,,,,,,155.5,3.702380952,155.5,3.702380952,,,,,,,,,,,,,,,,,,,"Brendan Rodgers","17907",663898
"Juan Brito","CLE",15,63,55,13,8,3,0,1,7,6,7,0,13,1,0,0,,1,0,0.230044,0.1048,0.199982,0.524049,0.317074,0.365104,0.301678,0.682178,0.135059,4.04076,0.271267,-0.00487218,-0.0360592,6.86197,-0.581963,93.5427,-0.0409314,0,-0.5204031467437744,0.22499999403953552,0.191627,999,,,,,,,61.8,4.12,61.8,4.12,,,,,,,,,,,,,,,,,,,"Juan Brito","sa3009808",682877
"Otto Kemp","PHI",45,196,175,40,25,9,1,6,21,21,14,0,57,5,1,1,,3,1,0.229052,0.0721001,0.290046,0.248581,0.303266,0.384031,0.301325,0.687297,0.15498,4.47058,0.301669,-0.102042,-0.0877415,21.2923,-1.8666,90.3922,-0.189783,-0.274107,-2.421685889363289,-2.274107128381729,0.186738,563.469970703125,,,,,,,197.1,4.38,197.1,4.38,,,,,,,,,,,,,,,,,,,"Otto Kemp","31792",805249
"Nick Madrigal",,26,112,102,27,20,5,0,1,11,10,6,0,13,2,1,0,,2,1,0.262784,0.0559997,0.118972,0.470697,0.316355,0.352175,0.2959,0.66853,0.0893908,4.27149,0.292365,-0.0888387,-0.0770323,11.6737,-1.55999,87.976,-0.165871,-0.62971,-1.7575405538082123,-0.229709655046463,0.184501,999,,,,,,,98.1,3.773076923,98.1,3.773076923,,,,,,,,,,,,,,,,,,,"Nick Madrigal","20521",663611
"Tim Tawa","ARI",34,147,132,30,19,6,0,4,16,16,12,0,37,1,1,1,,3,1,0.229487,0.0796996,0.251863,0.316441,0.296382,0.381994,0.296993,0.678376,0.152507,4.66148,0.282522,-0.00355858,-0.00450487,15.4521,-1.91704,88.0505,-0.00806345,0.272824,-2.0899714352563024,-1.0021757185459137,0.184017,515.6699829101562,,,,,,,132.9,3.908823529,132.9,3.908823529,,,,,,,,,,,,,,,,,,,"Tim Tawa","29571",694374
"Michael Helman","TEX",39,168,153,34,21,7,1,4,18,17,11,0,39,2,1,1,,4,1,0.219648,0.0641001,0.229975,0.278726,0.277684,0.361084,0.279404,0.638767,0.141436,5.16244,0.262415,-0.0603691,0.180504,15.2605,-4.59,78.4202,0.120135,-0.400526,-4.152826257050037,0.14947450160980225,0.182007,999,,,,,,,144.8,3.712820512,144.8,3.712820512,,,,,,,,,,,,,,,,,,,"Michael Helman","24605",680737
"Chas McCormick","HOU",39,168,150,35,24,6,0,5,18,18,14,0,44,2,1,1,,5,2,0.231878,0.0849998,0.25987,0.327086,0.306476,0.369024,0.297976,0.675501,0.137146,5.02803,0.292765,-0.340455,0.087373,17.7937,-2.05676,89.4023,-0.253082,-1.16338,-2.357366144657135,-1.5633844435214996,0.180591,747.27001953125,,,,,,,162.3,4.161538461,162.3,4.161538461,,,,,,,,,,,,,,,,,,,"Chas McCormick","19599",676801
"Tom Murphy",,29,115,104,23,15,4,0,4,12,13,9,0,32,1,1,0,,1,0,0.22194,0.0800003,0.275491,0.290392,0.289782,0.374547,0.291217,0.66433,0.152608,3.9677,0.280523,-0.121154,-0.077675,11.5692,-2.04254,84.7593,-0.198829,-0.926468,-2.273949518799782,1.3235315680503845,0.176736,999,,,,,,,105.9,3.651724137,105.9,3.651724137,,,,,,,,,,,,,,,,,,,"Tom Murphy","13499",608596
"Dominic Keegan","TBR",16,64,58,13,9,3,0,2,6,6,5,0,18,1,0,0,,0,0,0.221855,0.0769004,0.277917,0.276702,0.288101,0.351191,0.281731,0.639292,0.129336,3.25543,0.290406,-0.011244,-0.0729995,5.93441,-1.62768,77.7353,-0.0842435,0,-1.763704814016819,1.25,0.172813,999,,,,,,,60.3,3.76875,60.3,3.76875,,,,,,,,,,,,,,,,,,,"Dominic Keegan","sa3020194",681371
"José Fermín","STL",10,42,36,9,6,2,0,1,5,4,5,0,6,1,0,0,,1,0,0.246562,0.1135,0.131562,0.862705,0.34347,0.368444,0.317821,0.711915,0.121882,4.77901,0.270291,-0.0071714,0.0248668,5.12513,0.16251,105.451,0.0176954,-0.226175,0.2890187278389931,-0.026174798607826233,0.169859,741,,,,,,,49.5,4.95,49.5,4.95,,,,,,,,,,,,,,,,,,,"Jose Fermin","21746",665877
"Ryan Ward","LAD",45,196,178,39,23,7,1,8,23,24,15,1,52,1,1,1,,3,1,0.221265,0.0782,0.263835,0.296397,0.284674,0.402612,0.296408,0.687286,0.181347,4.62378,0.264284,-0.0777407,-0.0760207,20.5099,-2.64904,89.1436,-0.153761,0,-2.6757025718688965,-2.200000047683716,0.168331,999,,,,,,,192.5,4.277777777,192.5,4.277777777,,,,,,,,,,,,,,,,,,,"Ryan Ward","sa1169792",669899
"Jonathon Long","CHC",11,49,43,11,7,2,0,1,5,5,5,0,11,1,0,0,,0,0,0.244818,0.1,0.230799,0.433277,0.327158,0.384576,0.314049,0.711734,0.139758,3.10451,0.299442,-0.0035943,-0.069382,5.82927,0.0395422,102.511,-0.0729763,0,0.07285589724779129,-0.07500000298023224,0.166575,999,,,,,,,51.8,4.709090909,51.8,4.709090909,,,,,,,,,,,,,,,,,,,"Jonathon Long","sa3022864",675085
"David Fry","CLE",52,220,196,44,27,9,1,7,24,25,18,1,59,4,2,1,,2,1,0.223794,0.0835999,0.265927,0.314372,0.29966,0.384147,0.298603,0.683807,0.160354,3.80583,0.278628,-0.168158,-0.185065,23.4559,-2.58605,91.425,-0.353223,0.0239212,-2.5807149410247803,-3.376078901812434,0.164905,721.4000244140625,,,,,,,215,4.134615384,215,4.134615384,,,,,,,,,,,,,,,,,,,"David Fry","24934",681807
"Jesus Rodriguez","SFG",8,32,29,7,5,1,0,0,3,3,3,0,5,0,0,0,,1,0,0.258524,0.0880001,0.169345,0.51965,0.32882,0.363875,0.306041,0.692696,0.105351,4.68226,0.30193,-0.00253521,-0.00986377,3.59881,-0.182238,97.6263,-0.012399,0,-0.10242537874728441,0.625,0.162393,999,,,,,,,24,3,24,3,,,,,,,,,,,,,,,,,,,"Jesus Rodriguez","sa3008916",683679
"DJ LeMahieu",,36,154,137,34,25,5,0,3,16,15,14,0,33,1,1,1,,1,0,0.24811,0.0939998,0.211254,0.444961,0.322513,0.355208,0.301063,0.677721,0.107098,3.42634,0.303716,-0.268811,-0.20111,16.6968,-1.49946,91.5225,-0.469921,-0.456184,-2.0129445791244507,-1.6561841070652008,0.157857,999,,,,,,,143,3.972222222,143,3.972222222,,,,,,,,,,,,,,,,,,,"DJ LeMahieu","9874",518934
"Gabriel Gonzalez","MIN",15,63,57,15,10,3,0,1,7,7,4,0,12,1,0,0,,1,0,0.261972,0.0673008,0.183695,0.366372,0.31954,0.400258,0.314518,0.719798,0.138286,3.93936,0.303905,-0.00513742,-0.0549075,7.51875,0.0748172,100.445,-0.0600449,0,-0.02697257697582245,-0.675000011920929,0.15003,999,,,,,,,62,4.133333333,62,4.133333333,,,,,,,,,,,,,,,,,,,"Gabriel Gonzalez","sa3015723",694224
"Jared Young","NYM",13,56,49,12,7,2,0,2,7,7,5,0,14,1,0,0,,1,0,0.233815,0.0958995,0.246156,0.389589,0.317342,0.405143,0.316493,0.722485,0.171327,4.37587,0.282879,-0.0395294,-0.037263,6.77316,0.156323,105.694,-0.0767924,-0.121412,0.3011461943387985,-0.77141173183918,0.142508,742.8699951171875,,,,,,,62.7,4.823076923,62.7,4.823076923,,,,,,,,,,,,,,,,,,,"Jared Young","20404",676724
"Esteury Ruiz","LAD",10,42,37,9,6,2,0,1,5,5,3,0,10,1,0,0,,3,1,0.244082,0.0810996,0.229787,0.352934,0.317514,0.390789,0.311201,0.708303,0.146708,6.83305,0.298243,-0.00883101,0.238487,4.89939,-0.0632294,99.2769,0.229656,-0.156603,0.19366084784269333,-0.2066032662987709,0.141642,750.1300048828125,,,,,,,43.5,4.35,43.5,4.35,,,,,,,,,,,,,,,,,,,"Esteury Ruiz","21780",665923
"Emmanuel Rodriguez","MIN",13,56,47,10,6,2,0,1,6,5,8,0,19,1,0,0,,1,0,0.211208,0.1448,0.339779,0.426158,0.332206,0.353615,0.308516,0.685821,0.142407,4.68615,0.316793,0,-0.0140248,6.41044,-0.206387,96.3108,-0.0140248,0,-0.2575182784348726,-0.30000001192092896,0.140159,999,,,,,,,53.1,4.084615384,53.1,4.084615384,,,,,,,,,,,,,,,,,,,"Emmanuel Rodriguez","sa3014693",691181
"Zac Veen","COL",78,336,304,76,50,15,2,9,37,37,25,0,76,3,3,2,,9,3,0.249707,0.0743001,0.22717,0.327068,0.310526,0.401115,0.309753,0.71164,0.151408,5.36914,0.302561,-0.0366966,0.118384,38.8,-0.900939,84.1227,0.0816872,0,-6.241132505238056,-3.5999999046325684,0.13686,511.2699890136719,,,,,,,353.8,4.535897435,353.8,4.535897435,,,,,,,,,,,,,,,,,,,"Zac Veen","27770",691728
"Andrew McCutchen",,94,406,352,82,54,15,1,12,48,41,46,2,98,4,3,1,,2,1,0.231994,0.114,0.241038,0.472954,0.325132,0.376364,0.308988,0.701496,0.144369,2.98545,0.285805,-1.18416,-0.526195,46.6315,-1.34057,96.967,-1.71035,-0.100194,-3.1657634973526,-9.250193513929844,0.135547,746.72998046875,,,,,,,420.2,4.470212765,420.2,4.470212765,,,,,,,,,,,,,,,,,,,"Andrew McCutchen","9847",457705
"Nolan Jones","CLE",18,77,67,15,10,3,0,2,8,8,8,0,23,1,1,0,,2,1,0.22917,0.1099,0.298441,0.368247,0.320198,0.375655,0.30663,0.695852,0.146484,4.71588,0.313779,-0.053876,-0.00997193,8.69648,-0.401661,96.9544,-0.0638479,-0.176631,-0.340242363512516,-1.001631498336792,0.13386,688.72998046875,,,,,,,72.5,4.027777777,72.5,4.027777777,,,,,,,,,,,,,,,,,,,"Nolan Jones","20529",666134
"Bryan Torres","STL",10,42,37,10,7,2,0,0,4,4,5,0,8,0,0,0,,1,0,0.261859,0.109599,0.182414,0.600829,0.345584,0.348666,0.311096,0.69425,0.0868077,4.47319,0.317811,-0.0194636,0.0156262,4.89582,-0.0668023,100.844,-0.0038374,0,0.03817344387061894,-0.15000000596046448,0.131525,999,,,,,,,41.7,4.17,41.7,4.17,,,,,,,,,,,,,,,,,,,"Bryan Torres","sa885119",663494
"Austin Barnes",,32,128,115,25,18,4,0,2,12,11,11,0,31,1,1,1,,2,0,0.216832,0.0830005,0.23869,0.347733,0.286797,0.315796,0.269505,0.602593,0.0989645,4.00766,0.274195,-0.261672,-0.0352104,10.5983,-4.52586,69.8445,-0.296882,-1.55951,-4.858951896429062,0.9404870271682739,0.130975,999,,,,,,,95.2,2.975,95.2,2.975,,,,,,,,,,,,,,,,,,,"Austin Barnes","12158",605131
"Enmanuel Valdez","PIT",11,49,44,10,6,2,0,2,5,6,5,0,11,0,0,0,,0,0,0.236489,0.0924005,0.220512,0.419027,0.310898,0.408085,0.313107,0.718983,0.171596,4.21214,0.275781,-0.0127416,-0.0447853,5.7918,0.00207436,98.1902,-0.0575269,-0.0777236,-0.16263370960950851,-0.20272359997034073,0.129414,999,,,,,,,51.6,4.69090909,51.6,4.69090909,,,,,,,,,,,,,,,,,,,"Enmanuel Valdez","21716",665839
"Termarr Johnson","PIT",16,70,62,14,10,3,0,1,7,6,7,0,15,1,1,0,,1,0,0.231764,0.1015,0.216694,0.468403,0.315267,0.340539,0.292212,0.655806,0.108775,4.44607,0.286078,-0.0048503,-0.0148454,7.08646,-1.18458,83.8763,-0.0196957,0,-1.3573906682431698,0.25,0.124977,999,,,,,,,60.4,3.775,60.4,3.775,,,,,,,,,,,,,,,,,,,"Termarr Johnson","sa3020214",702261
"Jace Jung","DET",11,49,42,9,6,2,0,1,5,5,6,0,13,0,0,0,,0,0,0.216504,0.1179,0.273357,0.431302,0.313119,0.354831,0.29797,0.667949,0.138327,3.50988,0.283755,0.00571285,-0.0563829,5.18957,-0.600153,89.5531,-0.0506701,-0.00142821,-0.6540010571479797,0.17357178532984108,0.123396,749.3300170898438,,,,,,,41.6,3.781818181,41.6,3.781818181,,,,,,,,,,,,,,,,,,,"Jace Jung","31437",690291
"Jett Williams","NYM",11,49,43,9,6,2,0,1,5,5,5,0,13,0,0,0,,1,0,0.217674,0.104099,0.264726,0.393234,0.305669,0.348648,0.291423,0.654318,0.130974,5.58075,0.284618,-0.00404422,0.0384552,4.92915,-0.86058,88.5206,0.034411,0,-0.6322561390697956,0.17499999701976776,0.120011,999,,,,,,,39.5,3.59090909,39.5,3.59090909,,,,,,,,,,,,,,,,,,,"Jett Williams","sa3020134",702518
"Wilmer Flores",,60,259,232,55,36,9,0,9,29,31,21,0,48,3,2,1,,1,0,0.236243,0.0829998,0.183599,0.452071,0.307225,0.400336,0.308948,0.70756,0.164092,2.46095,0.257039,-0.899725,-0.348791,29.7392,-0.863674,96.9393,-1.24852,-0.0487088,-2.1854504346847534,-5.423708826303482,0.118326,688.530029296875,,,,,,,260.6,4.343333333,260.6,4.343333333,,,,,,,,,,,,,,,,,,,"Wilmer Flores","5827",527038
"Christian Encarnacion-Strand","CIN",31,133,123,30,18,6,0,6,15,18,7,0,35,2,1,0,,1,0,0.246065,0.0533997,0.260814,0.204743,0.2937,0.438289,0.314749,0.731989,0.192223,3.60297,0.294749,0.0424614,-0.123127,15.8979,0.182936,96.3184,-0.0806652,-0.0427942,-0.6610090211033821,-2.617794293910265,0.117264,537.4000244140625,,,,,,,147.7,4.764516129,147.7,4.764516129,,,,,,,,,,,,,,,,,,,"Christian Encarnacion-Strand","30011",687952
"Miles Mastrobuoni","SEA",11,49,43,10,8,2,0,1,5,4,5,0,10,0,0,0,,2,0,0.240337,0.1005,0.202379,0.496591,0.319,0.332406,0.291668,0.651406,0.0920688,4.40945,0.296675,-0.0360881,0.0546082,4.93888,-0.850847,91.9945,0.0185201,-0.0610722,-0.4438166879117489,-0.13607221841812134,0.11322,999,,,,,,,47,4.272727272,47,4.272727272,,,,,,,,,,,,,,,,,,,"Miles Mastrobuoni","20017",670156
"Michael Arroyo","SEA",8,35,31,7,5,1,0,1,4,3,3,0,9,1,0,0,,0,0,0.222322,0.0924993,0.249837,0.370238,0.312403,0.350098,0.296174,0.662501,0.127776,4.16411,0.282734,-0.00530899,-0.0262119,3.65583,-0.479692,95.0988,-0.0315209,0,-0.23370518535375595,0.125,0.112128,999,,,,,,,32.5,4.0625,32.5,4.0625,,,,,,,,,,,,,,,,,,,"Michael Arroyo","sa3018429",703197
"Tommy Troy","ARI",10,42,38,9,6,2,0,1,5,4,3,0,9,0,0,0,,1,0,0.246483,0.0827002,0.205433,0.402565,0.315543,0.364782,0.30071,0.680326,0.118299,4.90382,0.299593,-0.00328378,0.00116003,4.54165,-0.42097,90.5969,-0.00212376,0,-0.4701981684193015,0.15000000596046448,0.110206,999,,,,,,,38.5,3.85,38.5,3.85,,,,,,,,,,,,,,,,,,,"Tommy Troy","sa3022561",694371
"Trey Sweeney","DET",16,70,63,14,9,3,0,2,7,7,6,0,19,1,1,0,,1,0,0.219956,0.0826002,0.26805,0.308152,0.289276,0.347564,0.28108,0.636841,0.127609,4.9565,0.284943,-0.0383432,-0.00167845,6.45381,-1.81723,77.9188,-0.0400217,-0.233746,-1.8617907725274563,0.5162539780139923,0.108835,731.469970703125,,,,,,,65.8,4.1125,65.8,4.1125,,,,,,,,,,,,,,,,,,,"Trey Sweeney","29575",700242
"Zach Dezenzo","HOU",19,84,76,18,11,4,0,3,9,9,6,0,25,1,1,0,,1,0,0.235371,0.0769999,0.294686,0.261294,0.299625,0.389456,0.30114,0.689081,0.154085,3.81037,0.311171,0.00695839,-0.0488857,9.11266,-0.812585,92.5635,-0.0419273,-0.107855,-0.7781732119619846,-1.0578550770878792,0.107951,746.27001953125,,,,,,,87.5,4.605263157,87.5,4.605263157,,,,,,,,,,,,,,,,,,,"Zach Dezenzo","31562",701305
"Kyle Farmer",,52,224,204,46,32,9,0,5,22,22,14,0,52,3,2,1,,2,1,0.227259,0.0620001,0.232635,0.266512,0.28531,0.353928,0.28092,0.639238,0.126669,3.56251,0.277093,-0.155708,-0.259215,20.6231,-5.84426,77.6859,-0.414923,0.487258,-6.322543114423752,-0.21274155378341675,0.107003,999,,,,,,,178.7,3.436538461,178.7,3.436538461,,,,,,,,,,,,,,,,,,,"Kyle Farmer","14813",571657
"Bryce Johnson","SDP",50,217,194,45,33,8,1,3,21,19,18,0,59,3,2,1,,6,2,0.231033,0.0820002,0.27084,0.302762,0.303446,0.329215,0.282853,0.632661,0.0981822,4.98908,0.312569,-0.0800142,0.227393,20.3192,-5.32103,83.0875,0.147379,-0.468972,-4.202344998717308,-1.9939718842506409,0.104699,999,,,,,,,183.9,3.678,183.9,3.678,,,,,,,,,,,,,,,,,,,"Bryce Johnson","20002",669369
"Dominic Smith",,71,308,277,67,46,13,1,7,32,33,25,0,64,3,2,1,,2,1,0.242195,0.0810002,0.209317,0.386974,0.31034,0.374598,0.301309,0.684938,0.132403,3.23659,0.287595,-0.693049,-0.352891,33.4554,-2.93721,91.6921,-1.04594,0.16794,-4.0702656507492065,-5.332059726119041,0.104535,999,,,,,,,292.4,4.118309859,292.4,4.118309859,,,,,,,,,,,,,,,,,,,"Dominic Smith","15653",642086
"Jerar Encarnacion","SFG",41,175,157,36,23,6,0,6,19,20,15,0,56,1,1,1,,2,1,0.228979,0.0830001,0.321883,0.257858,0.297699,0.391389,0.300791,0.689089,0.16241,3.79366,0.310532,-0.169354,-0.134819,18.9351,-1.74252,94.03,-0.304173,-0.0221051,-1.5424163043498993,-3.297105185687542,0.10055,684.2000122070312,,,,,,,167.4,4.082926829,167.4,4.082926829,,,,,,,,,,,,,,,,,,,"Jerar Encarnacion","21871",666464
"Aidan Miller","PHI",10,42,37,8,5,2,0,1,5,4,4,0,11,1,0,0,,2,1,0.220658,0.103101,0.264248,0.390166,0.309072,0.343273,0.291574,0.652345,0.122614,5.59007,0.29046,-0.00334596,0.0891826,4.2301,-0.73252,83.7119,0.0858367,0,-0.7249622642993927,0.29999998211860657,0.0994875,999,,,,,,,39,3.9,39,3.9,,,,,,,,,,,,,,,,,,,"Aidan Miller","sa3022609",805795
"Anthony Seigler","MIL",10,42,36,8,5,2,0,1,5,4,5,0,10,0,0,0,,1,0,0.210731,0.125801,0.241774,0.520325,0.315993,0.340963,0.294962,0.656956,0.130232,5.22183,0.265093,-0.00147384,0.0374186,4.34565,-0.616971,88.3983,0.0359448,-0.0677968,-0.5415738895535469,0.08220318704843521,0.095967,999,,,,,,,40.9,4.09,40.9,4.09,,,,,,,,,,,,,,,,,,,"Anthony Seigler","23802",678011
"Brice Matthews","HOU",8,35,31,7,4,1,0,1,4,4,3,0,11,0,0,0,,1,0,0.216387,0.0930008,0.321632,0.289153,0.297388,0.369826,0.294134,0.667213,0.153439,6.3056,0.299066,0.00291892,0.06379,3.59784,-0.53768,87.7369,0.0667089,-0.00218919,-0.4391629919409752,0.12281081080436707,0.0908833,491.8699951171875,,,,,,,31.4,3.925,31.4,3.925,,,,,,,,,,,,,,,,,,,"Brice Matthews","33280",694728
"Mickey Gasper","MIN",6,26,23,5,4,1,0,1,3,3,3,0,5,0,0,0,,0,0,0.235884,0.1071,0.19925,0.537514,0.328547,0.369995,0.310517,0.698542,0.134111,3.61938,0.278488,-0.0158325,-0.0238131,3.04174,-0.0539953,97.6892,-0.0396455,-0.0135707,-0.1110013835132122,0.23642931878566742,0.0901251,999,,,,,,,26.3,4.383333333,26.3,4.383333333,,,,,,,,,,,,,,,,,,,"Mickey Gasper","24759",681508
"Tre' Morgan","TBR",15,63,55,13,9,2,0,1,7,6,7,0,13,1,0,0,,1,0,0.243746,0.1049,0.210822,0.497575,0.329932,0.373437,0.311044,0.70337,0.129691,4.18772,0.294133,0,-0.039498,7.34109,-0.102848,97.9284,-0.039498,0,-0.19331977888941765,-1.125,0.0869695,999,,,,,,,58.9,3.926666666,58.9,3.926666666,,,,,,,,,,,,,,,,,,,"Tre' Morgan","sa3022919",691003
"Coby Mayo","BAL",8,35,31,7,4,2,0,1,4,4,3,0,10,0,0,0,,0,0,0.231406,0.0914003,0.271849,0.336217,0.308692,0.417581,0.31561,0.726272,0.186175,4.06754,0.286089,0.00972648,-0.0290196,4.20812,0.0726051,103.4,-0.0192932,-0.161568,0.12096956185996532,-0.4865677058696747,0.0858448,383.1300048828125,,,,,,,32.4,4.05,32.4,4.05,,,,,,,,,,,,,,,,,,,"Coby Mayo","28312",691723
"Jhostynxon Garcia","PIT",110,476,435,101,66,19,3,14,46,50,32,0,129,5,3,1,,5,2,0.231888,0.0673,0.270733,0.248584,0.289859,0.381287,0.292991,0.671146,0.149399,4.26153,0.295188,0,-0.352844,48.4892,-7.75392,84.4102,-0.352844,-0.669099,-9.147947579622269,-5.869099020957947,0.0838542,551.8699951171875,,,,,,,449.3,4.084545454,449.3,4.084545454,,,,,,,,,,,,,,,,,,,"Jhostynxon Garcia","28142",691373
"Garrett Stubbs","PHI",63,250,223,48,34,9,1,4,25,22,20,0,61,3,2,1,,3,1,0.215062,0.0810997,0.245249,0.330683,0.287626,0.318162,0.270259,0.605788,0.1031,4.27773,0.273457,-0.211092,-0.0817981,20.8196,-8.67259,69.1111,-0.29289,-0.659847,-9.430684685707092,4.21515280008316,0.0830503,999,,,,,,,187.1,2.969841269,187.1,2.969841269,,,,,,,,,,,,,,,,,,,"Garrett Stubbs","18067",596117
"Myles Straw","TOR",34,147,133,31,23,6,1,1,14,12,11,0,30,1,1,1,,5,1,0.233043,0.0776998,0.201424,0.385753,0.295744,0.312255,0.271523,0.607999,0.0792117,5.17357,0.288334,0.180698,0.284707,12.4124,-4.9568,72.1898,0.465405,0.676884,-4.352895081043243,0.1018836498260498,0.0827186,742.2000122070312,,,,,,,115.8,3.405882352,115.8,3.405882352,,,,,,,,,,,,,,,,,,,"Myles Straw","17620",664702
"Mark Canha",,44,189,167,40,28,8,0,4,20,18,17,0,40,4,1,0,,2,1,0.237998,0.0880001,0.212441,0.414233,0.319573,0.356825,0.300681,0.676398,0.118827,3.65974,0.28879,-0.34459,-0.165483,20.433,-1.89884,91.2602,-0.510074,-1.12107,-2.4623767137527466,-3.1460673809051514,0.0806356,999,,,,,,,181.8,4.131818181,181.8,4.131818181,,,,,,,,,,,,,,,,,,,"Mark Canha","11445",592192
"LuJames Groover","ARI",5,21,19,5,3,1,0,0,2,2,2,0,4,0,0,0,,0,0,0.261623,0.0867003,0.180713,0.479768,0.332114,0.385968,0.316299,0.718081,0.124344,3.24652,0.304769,-0.00144214,-0.0264436,2.53662,0.0553118,101.276,-0.0278857,0,0.003873787820339203,0.07500000298023224,0.079553,999,,,,,,,17.9,3.58,17.9,3.58,,,,,,,,,,,,,,,,,,,"LuJames Groover","sa3022887",694410
"Maximo Acosta","MIA",16,70,64,14,10,3,0,2,7,7,5,0,17,1,1,0,,3,1,0.227074,0.0723996,0.249583,0.290082,0.288538,0.351488,0.282014,0.640027,0.124415,5.46896,0.286274,0.0106633,0.0675204,6.5069,-1.76414,77.4331,0.0781837,-0.213266,-1.794068269431591,0.23673421144485474,0.0789426,723.27001953125,,,,,,,62.8,3.925,62.8,3.925,,,,,,,,,,,,,,,,,,,"Maximo Acosta","27963",691185
"Nicky Lopez","COL",28,119,106,27,21,4,1,1,12,9,10,0,18,1,1,1,,2,1,0.254133,0.0832001,0.150901,0.551358,0.322915,0.324188,0.290429,0.647103,0.0700555,4.98264,0.298929,0.168643,-0.0257614,11.8747,-2.18603,70.8857,0.142882,0.295878,-3.963395416736603,0.7708780765533447,0.0784371,999,,,,,,,105.9,3.782142857,105.9,3.782142857,,,,,,,,,,,,,,,,,,,"Nicky Lopez","19339",670032
"Blaine Crim","COL",52,224,200,50,32,10,1,7,26,27,19,1,51,2,2,1,,1,0,0.249512,0.0851999,0.227178,0.375036,0.320092,0.417615,0.319992,0.737707,0.168102,3.46455,0.296689,-0.133951,-0.249816,27.7288,1.2615,91.1367,-0.383767,0.14931,-2.7368505001068115,-3.9506896436214447,0.0782685,680.469970703125,,,,,,,245.4,4.719230769,245.4,4.719230769,,,,,,,,,,,,,,,,,,,"Blaine Crim","25714",688760
"Enrique Bradfield Jr.","BAL",10,42,37,9,6,2,0,1,5,4,4,0,9,0,0,0,,3,1,0.228395,0.090399,0.219896,0.411099,0.304475,0.323002,0.280553,0.627477,0.0946073,6.02836,0.287059,-0.00321057,0.178093,3.85431,-1.10831,79.2508,0.174883,0,-0.8522418588399887,0.15000000596046448,0.076052,999,,,,,,,43.5,4.35,43.5,4.35,,,,,,,,,,,,,,,,,,,"Enrique Bradfield Jr.","sa3022917",690961
"Drew Millas","WSN",5,19,17,4,3,1,0,0,2,2,2,0,3,0,0,0,,0,0,0.243995,0.0808992,0.170593,0.474224,0.308869,0.363202,0.294737,0.672071,0.119207,4.99348,0.280649,0.00617489,0.00196558,1.98307,-0.285555,87.5095,0.00814047,-0.0515785,-0.27609348576515913,0.32342152297496796,0.0759809,747.8699951171875,,,,,,,14.3,2.86,14.3,2.86,,,,,,,,,,,,,,,,,,,"Drew Millas","25643",686452
"Nelson Rada","LAA",31,133,117,27,21,4,1,1,13,10,13,0,32,2,1,0,,6,2,0.233148,0.0966,0.242437,0.398453,0.315026,0.305063,0.281235,0.620089,0.0719152,5.5281,0.310075,-0.0309771,0.20234,12.2789,-3.43604,77.0979,0.171363,0,-3.4186735451221466,-0.42500001192092896,0.0750943,999,,,,,,,111.7,3.603225806,111.7,3.603225806,,,,,,,,,,,,,,,,,,,"Nelson Rada","sa3018421",703185
"Kevin Alcántara","CHC",15,63,57,13,9,3,0,2,7,7,5,0,19,0,0,0,,1,0,0.228488,0.0749997,0.302356,0.248051,0.289507,0.365443,0.287461,0.65495,0.136955,3.91634,0.308084,0.00254302,-0.00940088,6.13479,-1.30914,84.2973,-0.00685786,-0.108502,-1.1793440422043204,-0.18350231647491455,0.0750134,697.1300048828125,,,,,,,60.2,4.013333333,60.2,4.013333333,,,,,,,,,,,,,,,,,,,"Kevin Alcantara","25971",682634
"Denzer Guzman","LAA",8,35,32,7,4,1,0,1,3,3,3,0,11,0,0,0,,0,0,0.213409,0.0757005,0.304496,0.248609,0.277903,0.344967,0.274686,0.62287,0.131559,3.84004,0.288191,0.0026087,-0.0193225,3.04521,-1.09031,72.5868,-0.0167138,0.539348,-1.1475525237619877,0.6643478274345398,0.0738122,999,,,,,,,28.5,3.5625,28.5,3.5625,,,,,,,,,,,,,,,,,,,"Denzer Guzman","28816",694203
"Justin Turner",,57,245,217,54,37,10,0,6,26,26,22,0,49,3,2,1,,1,0,0.246668,0.0890001,0.198833,0.447611,0.322696,0.376418,0.308781,0.699114,0.12975,2.92691,0.290782,-1.05032,-0.306592,28.0984,-0.850258,96.8244,-1.35691,0.0532078,-2.2764721512794495,-5.32179220020771,0.0709631,999,,,,,,,247.7,4.345614035,247.7,4.345614035,,,,,,,,,,,,,,,,,,,"Justin Turner","5235",457759
"John Rave","KCR",34,147,131,30,19,6,1,4,16,15,14,0,38,1,1,1,,4,1,0.226496,0.0923001,0.258299,0.357338,0.301128,0.365762,0.293597,0.66689,0.139266,5.36035,0.288312,-0.0455833,0.0785636,15.0469,-2.32229,83.7753,0.0329803,-0.0251173,-2.7780598253011703,-1.6001172363758087,0.069708,999,,,,,,,147.5,4.338235294,147.5,4.338235294,,,,,,,,,,,,,,,,,,,"John Rave","26284",670231
"Eric Wagaman","MIA",23,98,90,23,15,5,0,2,10,11,6,0,20,1,1,0,,1,0,0.251566,0.0642996,0.202783,0.317086,0.302494,0.39823,0.304639,0.700724,0.146664,4.01854,0.295043,-0.0787212,-0.0815695,10.9098,-0.669643,92.9316,-0.160291,-0.00248593,-0.9812864065170288,-1.6024859573226422,0.0692361,568.2000122070312,,,,,,,95,4.130434782,95,4.130434782,,,,,,,,,,,,,,,,,,,"Eric Wagaman","23395",676572
"Vidal Bruján","ATL",13,56,50,12,8,3,0,1,6,5,5,0,12,1,0,0,,1,1,0.233416,0.0816004,0.209455,0.389585,0.303707,0.347269,0.287238,0.650976,0.113853,4.88581,0.284347,0.0465055,-0.00803091,5.44302,-1.17381,81.8816,0.0384746,-0.176447,-1.1640724427998066,-0.07644747942686081,0.0637012,999,,,,,,,52.4,4.03076923,52.4,4.03076923,,,,,,,,,,,,,,,,,,,"Vidal Brujan","20536",660644
"Abimelec Ortiz","TEX",11,49,44,10,6,2,0,2,6,6,4,0,12,0,0,0,,0,0,0.227582,0.0830999,0.253873,0.327329,0.298092,0.407335,0.30654,0.705427,0.179753,3.56646,0.270585,-0.00390496,-0.0495457,5.53054,-0.25919,97.1132,-0.0534506,0,-0.22017057240009308,-0.875,0.0605004,999,,,,,,,48.6,4.418181818,48.6,4.418181818,,,,,,,,,,,,,,,,,,,"Abimelec Ortiz","sa3016926",694673
"Ben Rortvedt","CIN",11,45,39,8,6,2,0,1,4,4,4,0,12,1,0,0,,0,0,0.207987,0.0938002,0.26103,0.359347,0.29136,0.324705,0.276147,0.616065,0.116719,3.21674,0.267049,-0.0309498,-0.0468186,3.95101,-1.34246,69.8749,-0.0777684,-0.235837,-1.6773299500346184,0.6391626596450806,0.0596682,999,,,,,,,36,3.272727272,36,3.272727272,,,,,,,,,,,,,,,,,,,"Ben Rortvedt","20287",666163
"Samad Taylor","SEA",34,147,131,30,21,5,1,3,15,13,13,0,38,1,1,1,,6,2,0.226336,0.0895001,0.255564,0.350206,0.300358,0.335826,0.283436,0.636184,0.10949,5.61658,0.294571,-0.0285955,0.296217,13.8341,-3.5351,86.3234,0.267622,-0.101219,-2.1019424200057983,-2.376219153404236,0.0594783,999,,,,,,,133.2,3.917647058,133.2,3.917647058,,,,,,,,,,,,,,,,,,,"Samad Taylor","22274",669392
"Korey Lee","CHW",32,128,119,26,17,5,0,4,12,13,7,0,34,1,1,0,,2,1,0.218554,0.0570997,0.26934,0.211999,0.26643,0.360412,0.273228,0.626842,0.141858,3.93409,0.272285,0.0581082,-0.0348442,10.9852,-4.139,72.503,0.023264,-0.410506,-4.125009018927813,2.0894937813282013,0.0573875,999,,,,,,,103.7,3.240625,103.7,3.240625,,,,,,,,,,,,,,,,,,,"Korey Lee","25543",686676
"MJ Melendez",,39,168,151,33,19,7,1,6,18,20,14,0,48,1,1,0,,3,1,0.215981,0.0849999,0.283524,0.299798,0.287521,0.39533,0.296978,0.682851,0.179349,4.71772,0.268381,-0.129169,-0.105268,17.6575,-2.19295,88.7165,-0.234437,-0.853441,-2.4749058187007904,-2.6534408926963806,0.0570389,999,,,,,,,164.1,4.207692307,164.1,4.207692307,,,,,,,,,,,,,,,,,,,"MJ Melendez","22197",669004
"Rodolfo Durán","SDP",5,19,18,4,3,1,0,1,2,2,1,0,4,0,0,0,,0,0,0.223969,0.055001,0.233317,0.235735,0.271403,0.366992,0.277951,0.638395,0.143023,3.68824,0.267354,-0.00821408,-0.0153659,1.7214,-0.547225,79.7291,-0.02358,0,-0.4848646130412817,0.375,0.0541156,999,,,,,,,19.7,3.94,19.7,3.94,,,,,,,,,,,,,,,,,,,"Rodolfo Duran","sa877500",660710
"Nate Furman","SFG",3,14,12,3,2,1,0,0,1,1,1,0,2,0,0,0,,0,0,0.252362,0.0977998,0.174256,0.561241,0.334406,0.364506,0.311184,0.698912,0.112144,4.44345,0.295063,-0.000974925,-0.00784975,1.63294,-0.0212723,101.149,-0.00882467,0,0.01024556066840887,0.05000000074505806,0.0538193,999,,,,,,,10.7,3.566666666,10.7,3.566666666,,,,,,,,,,,,,,,,,,,"Nate Furman","sa3020763",801501
"Adam Frazier",,86,371,337,81,59,16,1,6,35,34,24,1,69,5,3,1,,6,2,0.238881,0.0660001,0.186485,0.353916,0.298271,0.339673,0.282113,0.637944,0.100792,4.07666,0.282634,-0.0634999,-0.237375,34.5161,-9.32036,78.5051,-0.300875,-1.63479,-9.726177752017975,-2.309785306453705,0.0532308,734.469970703125,,,,,,,317.9,3.696511627,317.9,3.696511627,,,,,,,,,,,,,,,,,,,"Adam Frazier","15223",624428
"Tristan Peters","CHW",13,56,50,11,8,2,0,1,6,5,5,0,13,1,0,0,,1,0,0.224872,0.0881995,0.226698,0.389062,0.298822,0.346982,0.286118,0.645804,0.122109,4.42903,0.276437,-0.0129524,-0.035604,5.39207,-1.22476,81.3823,-0.0485564,0.361905,-1.27737470343709,-0.13809525966644287,0.0523798,999,,,,,,,46.7,3.592307692,46.7,3.592307692,,,,,,,,,,,,,,,,,,,"Tristan Peters","30063",671976
"Jorge Barrosa","ARI",18,77,69,16,11,4,0,1,8,7,7,0,18,1,1,0,,1,0,0.231264,0.0866998,0.230975,0.375364,0.301847,0.34474,0.286441,0.646587,0.113476,4.59128,0.292278,-0.0130645,-0.0430519,7.4343,-1.66384,80.822,-0.0561165,0.0644516,-1.80631685256958,-0.260548397898674,0.0506389,999,,,,,,,67.5,3.75,67.5,3.75,,,,,,,,,,,,,,,,,,,"Jorge Barrosa","23968",678489
"Victor Mesa Jr.","MIA",6,28,25,6,4,1,0,1,3,3,2,0,6,0,0,0,,0,0,0.243253,0.0713999,0.205106,0.348112,0.301002,0.389111,0.301186,0.690113,0.145858,4.0569,0.283326,0.00332592,-0.0162043,3.03858,-0.269834,90.5659,-0.0128783,-0.125276,-0.32595629431307316,-0.12527631223201752,0.0491442,999,,,,,,,26.9,4.483333333,26.9,4.483333333,,,,,,,,,,,,,,,,,,,"Victor Mesa Jr.","25999",683748
"Rafael Flores Jr.","PIT",57,241,217,51,34,10,1,6,25,25,20,0,66,2,2,1,,1,0,0.235606,0.0814002,0.274283,0.296775,0.302458,0.372953,0.296528,0.675411,0.137347,3.4413,0.30724,-0.0940704,-0.251358,25.2212,-3.23118,86.8328,-0.345429,0.0337991,-4.103326499462128,-3.441200815141201,0.0475161,711.0700073242188,,,,,,,227.6,3.992982456,227.6,3.992982456,,,,,,,,,,,,,,,,,,,"Rafael Flores Jr.","31991",804668
"Spencer Jones","NYY",8,35,32,7,4,1,0,1,4,4,3,0,13,0,0,0,,1,0,0.216485,0.0744999,0.368403,0.202224,0.279779,0.388275,0.290336,0.668054,0.17179,5.15571,0.312547,-0.0054,0.0308109,3.48993,-0.64559,85.6739,0.0254109,0,-0.5655630175024271,-0.17499999701976776,0.0474812,999,,,,,,,30.4,3.8,30.4,3.8,,,,,,,,,,,,,,,,,,,"Spencer Jones","sa3019969",682987
"Shay Whitcomb","HOU",10,42,38,8,5,2,0,1,5,5,3,0,12,0,0,0,,1,0,0.216929,0.0699995,0.285115,0.245513,0.27898,0.375395,0.285092,0.654375,0.158466,4.47346,0.272865,-0.0125907,0.00739238,4.00907,-0.953556,81.5081,-0.0051983,-0.212153,-0.9205844365060329,-0.06215284764766693,0.0473538,999,,,,,,,32.9,3.29,32.9,3.29,,,,,,,,,,,,,,,,,,,"Shay Whitcomb","27789",694376
"Ryan Vilade","TBR",32,140,125,30,21,6,0,3,15,13,12,0,35,2,1,1,,2,1,0.236048,0.0839,0.24695,0.339745,0.307078,0.357135,0.293689,0.664213,0.121088,4.31887,0.30095,-0.0102827,-0.0655991,14.3408,-2.20129,85.9729,-0.0758819,-1.51717,-2.3904436975717545,-1.9671725630760193,0.0471616,999,,,,,,,131.6,4.1125,131.6,4.1125,,,,,,,,,,,,,,,,,,,"Ryan Vilade","22165",668723
"Eduardo Valencia","DET",5,20,18,4,3,1,0,1,2,2,1,0,5,0,0,0,,0,0,0.232716,0.0715005,0.23209,0.308073,0.293007,0.38027,0.29319,0.673276,0.147554,3.17479,0.278044,-0.00469313,-0.0226824,2.02017,-0.31935,86.2605,-0.0273756,0,-0.34800959937274456,0.125,0.0469077,999,,,,,,,19.7,3.94,19.7,3.94,,,,,,,,,,,,,,,,,,,"Eduardo Valencia","sa3006622",680664
"Héctor Rodríguez","CIN",15,63,59,15,10,3,0,2,7,7,3,0,11,0,0,0,,1,0,0.252482,0.0533997,0.176477,0.302588,0.295954,0.402268,0.301796,0.698222,0.149785,4.62822,0.281268,-0.00513742,-0.0248636,6.86803,-0.575908,87.4449,-0.030001,0,-0.967462282627821,-0.6749999523162842,0.0464052,999,,,,,,,63.4,4.226666666,63.4,4.226666666,,,,,,,,,,,,,,,,,,,"Hector Rodriguez","sa3015828",699302
"Sterlin Thompson","COL",10,42,38,10,6,2,0,1,5,5,3,0,10,1,0,0,,1,0,0.254898,0.0722992,0.232812,0.310548,0.319815,0.411708,0.31892,0.731523,0.15681,5.09282,0.312601,-0.00684025,-0.0192766,5.1626,0.199981,90.4024,-0.0261168,0,-0.5038712825626135,-0.45000001788139343,0.0453734,999,,,,,,,47.1,4.71,47.1,4.71,,,,,,,,,,,,,,,,,,,"Sterlin Thompson","sa3019999",694514
"Brandon Lockridge","MIL",18,77,69,16,12,3,0,1,8,7,6,0,21,1,1,0,,3,1,0.235263,0.0825004,0.267162,0.308803,0.303759,0.332545,0.283131,0.636304,0.0972819,6.0863,0.318,-0.0110314,0.238636,7.22737,-1.87077,80.2934,0.227605,-0.128983,-1.5708347856998444,-0.5539828687906265,0.0447097,999,,,,,,,62.6,3.477777777,62.6,3.477777777,,,,,,,,,,,,,,,,,,,"Brandon Lockridge","21496",663604
"Dairon Blanco","KCR",13,56,51,12,9,2,0,1,6,5,4,0,14,1,0,0,,5,1,0.240053,0.0662004,0.241499,0.274123,0.300228,0.357665,0.290177,0.657893,0.117612,6.8395,0.303801,-0.0226604,0.372284,5.57662,-1.04021,81.4189,0.349624,-0.322475,-0.8767783045768738,-0.6224747896194458,0.0438078,999,,,,,,,53.1,4.084615384,53.1,4.084615384,,,,,,,,,,,,,,,,,,,"Dairon Blanco","19779",680118
"Christian Franklin","WSN",11,49,43,10,7,2,0,1,5,4,5,0,13,1,0,0,,1,0,0.225401,0.1094,0.25601,0.427326,0.318129,0.341464,0.295844,0.659594,0.116064,5.10858,0.295375,-0.0117166,-0.000962977,5.10502,-0.684705,88.2681,-0.0126796,0,-0.6940134223550558,-0.5249999761581421,0.0420738,999,,,,,,,48.1,4.372727272,48.1,4.372727272,,,,,,,,,,,,,,,,,,,"Christian Franklin","sa3017510",681047
"Jorbit Vivas","NYY",18,77,66,15,11,3,0,1,8,7,8,0,12,2,1,0,,2,0,0.229047,0.1047,0.157688,0.663969,0.323879,0.335253,0.296812,0.659132,0.106207,4.47611,0.260691,-0.015383,0.00118102,8.08265,-1.01549,90.1344,-0.014202,-0.0130277,-0.9095372408628464,-1.3380276430398226,0.0411961,999,,,,,,,69.9,3.883333333,69.9,3.883333333,,,,,,,,,,,,,,,,,,,"Jorbit Vivas","23917",678391
"Ji Hwan Bae","NYM",6,28,25,6,4,1,0,0,3,2,3,0,7,0,0,0,,1,0,0.234395,0.0918005,0.258987,0.35446,0.309373,0.33343,0.286649,0.642803,0.0990345,6.171,0.314709,0.0148319,0.0467221,2.70812,-0.600299,85.25,0.061554,0.087457,-0.4279370941221714,-0.1125430017709732,0.0400131,999,,,,,,,22.4,3.733333333,22.4,3.733333333,,,,,,,,,,,,,,,,,,,"Ji Hwan Bae","23818",678225
"Hao-Yu  Lee","DET",5,21,19,4,3,1,0,0,2,2,2,0,5,0,0,0,,0,0,0.227196,0.0795992,0.229,0.347595,0.297356,0.358303,0.288975,0.655658,0.131106,5.46751,0.279016,0,0.00419012,2.07074,-0.410568,83.357,0.00419012,0,-0.40773996664211154,0.07500000298023224,0.0399066,999,,,,,,,12.3,2.46,12.3,2.46,,,,,,,,,,,,,,,,,,,"Hao-Yu  Lee","sa3017863",701678
"Tsung-Che Cheng","PIT",39,168,150,32,22,7,1,2,15,13,15,0,41,1,1,1,,4,1,0.209559,0.0864003,0.246789,0.350098,0.282895,0.301461,0.262659,0.584356,0.0919029,4.99365,0.27343,-0.0122072,0.0168343,12.9764,-6.87408,63.6312,0.00462705,1.1312,-7.236931025516242,2.0312024354934692,0.0392545,999,,,,,,,126.8,3.251282051,126.8,3.251282051,,,,,,,,,,,,,,,,,,,"Tsung-Che Cheng","28344",691907
"Max Anderson","DET",5,21,19,5,3,1,0,0,2,2,1,0,4,0,0,0,,0,0,0.248804,0.0523989,0.169793,0.308604,0.293279,0.372451,0.289088,0.66573,0.123646,3.2439,0.282342,-0.00158824,-0.0212711,2.07268,-0.408634,83.4352,-0.0228594,0,-0.4328551720827818,0.07500000298023224,0.037337,999,,,,,,,14.9,2.98,14.9,2.98,,,,,,,,,,,,,,,,,,,"Max Anderson","sa3022567",801194
"Rece Hinds","CIN",8,35,32,7,4,2,0,1,4,4,2,0,11,0,0,0,,1,0,0.231131,0.0594993,0.324674,0.183259,0.28228,0.425037,0.303908,0.707317,0.193906,4.98881,0.303827,0.00710047,0.0228329,3.87558,-0.259941,88.8915,0.0299333,0.0054619,-0.4308703914284706,-0.3695380985736847,0.0372469,999,,,,,,,30.3,3.7875,30.3,3.7875,,,,,,,,,,,,,,,,,,,"Rece Hinds","27493",677956
"Justin Foscue","TEX",10,42,37,8,5,2,0,1,5,4,4,0,8,1,0,0,,0,0,0.222338,0.0930994,0.199337,0.467046,0.303522,0.378129,0.300209,0.681651,0.155791,3.75011,0.25252,-0.00692308,-0.0343959,4.52459,-0.438038,92.7522,-0.041319,0.0588462,-0.40009696781635284,-0.691153846681118,0.0362515,999,,,,,,,38,3.8,38,3.8,,,,,,,,,,,,,,,,,,,"Justin Foscue","27501",679822
"Chadwick Tromp","ATL",6,26,23,5,3,1,0,1,2,2,2,0,7,0,0,0,,0,0,0.208776,0.0736009,0.262653,0.280221,0.270453,0.322069,0.262656,0.592522,0.113292,3.49434,0.26751,-0.00938331,-0.0203199,1.9773,-1.04754,65.0419,-0.0297032,-0.0248382,-1.090377502143383,0.4751618392765522,0.0356215,999,,,,,,,23.3,3.883333333,23.3,3.883333333,,,,,,,,,,,,,,,,,,,"Chadwick Tromp","16953",644433
"Weston Wilson","PHI",8,35,31,7,4,1,0,1,4,4,3,0,10,0,0,0,,1,0,0.216071,0.0960992,0.281179,0.341772,0.295569,0.371851,0.293448,0.66742,0.15578,4.74894,0.274666,-0.026399,0.0105398,3.57835,-0.557167,84.996,-0.0158592,-0.0650318,-0.6382591519504786,-0.19003180414438248,0.0343941,999,,,,,,,31.4,3.925,31.4,3.925,,,,,,,,,,,,,,,,,,,"Weston Wilson","19358",642215
"Grant McCray","SFG",16,70,63,14,9,3,1,2,7,6,5,0,21,0,1,0,,2,0,0.215599,0.0761001,0.304838,0.249641,0.279502,0.347707,0.276021,0.627209,0.132108,6.08562,0.296357,-0.00411559,0.0786451,6.16627,-2.10477,77.0618,0.0745295,0.28449,-1.8285265266895294,-0.1655096709728241,0.0342625,999,,,,,,,67.4,4.2125,67.4,4.2125,,,,,,,,,,,,,,,,,,,"Grant McCray","25690",687529
"Ryan Clifford","NYM",11,49,42,9,5,2,0,2,6,5,6,0,15,1,0,0,,0,0,0.208183,0.1132,0.30129,0.375717,0.305359,0.370495,0.298787,0.675855,0.162313,3.55969,0.272456,-0.00402699,-0.0440262,5.22208,-0.567648,93.5646,-0.0480532,0,-0.4217878617346287,-0.875,0.0341165,999,,,,,,,54,4.909090909,54,4.909090909,,,,,,,,,,,,,,,,,,,"Ryan Clifford","sa3020126",691775
"Rhylan Thomas","SEA",5,21,19,5,4,1,0,0,2,2,1,0,2,0,0,0,,1,0,0.263568,0.0647003,0.104471,0.619312,0.315355,0.352774,0.295039,0.668129,0.0892066,4.29419,0.283858,-0.00362988,0.00770319,2.17413,-0.307183,94.3163,0.00407331,-0.0322656,-0.13660481246188283,-0.257265567779541,0.0336522,999,,,,,,,16.8,3.36,16.8,3.36,,,,,,,,,,,,,,,,,,,"Rhylan Thomas","31793",689041
"Akil Baddoo","MIL",11,49,43,9,6,2,0,1,5,5,5,0,15,0,0,0,,1,0,0.21372,0.1067,0.296105,0.360343,0.30031,0.360572,0.291693,0.660882,0.146852,5.75643,0.286948,0.0657571,0.0434741,4.93986,-0.849872,86.1586,0.109231,-0.0837473,-0.694612942636013,-0.6087472438812256,0.0334441,750.9299926757812,,,,,,,39.5,3.59090909,39.5,3.59090909,,,,,,,,,,,,,,,,,,,"Akil Baddoo","22168",668731
"Luca Tresh","KCR",3,13,12,3,2,1,0,0,1,1,1,0,3,0,0,0,,0,0,0.222326,0.0711991,0.243061,0.292926,0.281736,0.359751,0.281244,0.641487,0.137425,3.91263,0.273338,-0.00342404,-0.0113242,1.18182,-0.330597,75.2653,-0.0147482,0,-0.3879036484286189,0.25,0.030965,999,,,,,,,10.7,3.566666666,10.7,3.566666666,,,,,,,,,,,,,,,,,,,"Luca Tresh","sa3017394",681123
"James Triantos","CHC",6,28,26,6,5,1,0,0,3,3,2,0,5,0,0,0,,1,0,0.241489,0.0550007,0.162201,0.339089,0.289208,0.336203,0.27595,0.625412,0.0947146,5.49538,0.278466,0,0.0492284,2.4649,-0.843513,76.4123,0.0492284,0,-0.7335470393300056,0.10000000149011612,0.0304912,999,,,,,,,18.4,3.066666666,18.4,3.066666666,,,,,,,,,,,,,,,,,,,"James Triantos","sa3017295",701649
"Jose Fernandez","ARI",6,28,26,6,4,1,0,1,3,3,1,0,6,0,0,0,,0,0,0.241206,0.0477991,0.224451,0.212961,0.281179,0.368242,0.282693,0.649421,0.127036,4.59151,0.292528,-0.00190963,-0.010587,2.61819,-0.690225,78.2549,-0.0124966,0,-0.7341251196339726,0.10000000149011612,0.030432,999,,,,,,,22.9,3.816666666,22.9,3.816666666,,,,,,,,,,,,,,,,,,,"Jose Fernandez","sa3015204",699912
"Joey Loperfido","TOR",15,63,57,13,9,3,0,2,7,7,4,0,18,1,0,0,,1,0,0.231108,0.0678002,0.281472,0.240878,0.292541,0.37182,0.290107,0.664362,0.140712,4.56795,0.303154,-0.00881693,-0.00893868,6.27013,-1.1738,84.9912,-0.0177556,-0.0737416,-1.132200699299574,-0.748741626739502,0.0294062,675.6699829101562,,,,,,,60.2,4.013333333,60.2,4.013333333,,,,,,,,,,,,,,,,,,,"Joey Loperfido","29630",694388
"Kahlil Watson","CLE",5,21,19,4,2,1,0,1,2,2,2,0,6,0,0,0,,1,0,0.209878,0.0795992,0.307421,0.258925,0.280188,0.35762,0.280633,0.637808,0.147742,5.10471,0.280554,0,0.0068572,1.92851,-0.552803,79.0457,0.0068572,0,-0.5117820682935417,0.07500000298023224,0.0292618,999,,,,,,,23.6,4.72,23.6,4.72,,,,,,,,,,,,,,,,,,,"Kahlil Watson","sa3017513",696135
"Justyn-Henry Malloy","DET",3,14,12,3,2,1,0,0,2,1,2,0,4,0,0,0,,0,0,0.231202,0.132001,0.277522,0.47564,0.342227,0.368569,0.318488,0.710797,0.137368,3.38474,0.311808,-0.000373487,-0.0171031,1.71596,0.061754,103.687,-0.0174766,-0.00550893,0.04336942359805107,-0.2555089336819947,0.0275955,745.7999877929688,,,,,,,13.7,4.566666666,13.7,4.566666666,,,,,,,,,,,,,,,,,,,"Justyn-Henry Malloy","29606",669234
"Jonatan Clase","TOR",5,21,19,4,3,1,0,0,2,2,2,0,6,0,0,0,,1,0,0.22503,0.0826997,0.265135,0.311915,0.293918,0.354937,0.286425,0.648855,0.129907,5.52377,0.291342,0.00549929,0.0601427,2.02727,-0.454042,82.455,0.065642,-0.0711471,-0.3686140775680542,-0.09614710137248039,0.0263992,999,,,,,,,14.2,2.84,14.2,2.84,,,,,,,,,,,,,,,,,,,"Jonatan Clase","26599",682729
"A.J. Vukovich","ARI",5,21,19,5,3,1,0,1,2,2,1,0,6,0,0,0,,0,0,0.242126,0.0687997,0.289009,0.238054,0.298014,0.400368,0.302749,0.698381,0.158242,4.21027,0.316464,-0.00154777,-0.0192048,2.30559,-0.175717,91.9938,-0.0207526,0,-0.22002175264060497,-0.22499999403953552,0.0259519,999,,,,,,,24.3,4.86,24.3,4.86,,,,,,,,,,,,,,,,,,,"A.J. Vukovich","sa3014525",691021
"Brandon Valenzuela","TOR",5,19,17,3,2,1,0,0,2,2,2,0,5,0,0,0,,0,0,0.202571,0.0826999,0.264731,0.312392,0.272878,0.31751,0.262206,0.590389,0.11494,3.49882,0.25979,-0.00317944,-0.0161089,1.47597,-0.79266,65.7716,-0.0192884,0,-0.793857928365469,0.375,0.0247571,999,,,,,,,8.7,1.74,8.7,1.74,,,,,,,,,,,,,,,,,,,"Brandon Valenzuela","sa3005729",678218
"Clay Dungan","SDP",16,70,62,13,9,3,0,1,7,6,7,0,19,1,1,0,,2,0,0.204201,0.0929998,0.272827,0.340875,0.285771,0.301791,0.264578,0.587562,0.0975897,5.36473,0.277075,-0.0388546,0.0387736,5.51592,-2.75512,70.5682,-0.0000809826,0,-2.4418758549145423,0.3500000238418579,0.0242523,999,,,,,,,56.7,3.54375,56.7,3.54375,,,,,,,,,,,,,,,,,,,"Clay Dungan","sa1169803",687867
"Trei Cruz","DET",3,14,12,3,2,1,0,0,1,1,2,0,4,0,0,0,,0,0,0.211453,0.117901,0.26332,0.447747,0.30796,0.322679,0.283237,0.630639,0.111226,4.42865,0.281844,-0.00449554,-0.00903125,1.31528,-0.338928,79.4046,-0.0135268,0,-0.35336308646947145,0.10000000149011612,0.0233778,999,,,,,,,13.7,4.566666666,13.7,4.566666666,,,,,,,,,,,,,,,,,,,"Trei Cruz","sa3014420",669360
"Kameron Misner","KCR",11,49,43,9,6,2,0,1,5,5,5,0,16,0,0,0,,1,0,0.207753,0.1063,0.322946,0.329157,0.296292,0.343464,0.284525,0.639756,0.135711,5.48312,0.29669,-0.0356555,0.0525313,4.65472,-1.13501,77.5259,0.0168758,0.0403062,-1.2810533866286278,-0.18469378724694252,0.0225858,999,,,,,,,39.5,3.59090909,39.5,3.59090909,,,,,,,,,,,,,,,,,,,"Kameron Misner","26374",670224
"Willie MacIver","TEX",3,13,12,3,2,1,0,0,1,1,1,0,3,0,0,0,,0,0,0.223294,0.0751006,0.269328,0.278845,0.2911,0.354464,0.284926,0.645564,0.13117,4.72343,0.289003,-0.00239409,-0.00298144,1.22009,-0.292324,82.2243,-0.00537553,-0.0426946,-0.27354448148980737,0.2073054164648056,0.0223023,999,,,,,,,10.7,3.566666666,10.7,3.566666666,,,,,,,,,,,,,,,,,,,"Willie MacIver","24641",680862
"Shane McGuire","ATH",3,13,11,2,2,0,0,0,1,1,1,0,3,0,0,0,,0,0,0.209276,0.1092,0.249698,0.43733,0.30234,0.298543,0.272757,0.600882,0.0892664,3.70034,0.275231,-0.00468886,-0.0103145,1.09363,-0.41879,69.6167,-0.0150034,0,-0.4733752217143774,0.25,0.0222202,999,,,,,,,3.2,1.066666666,3.2,1.066666666,,,,,,,,,,,,,,,,,,,"Shane McGuire","sa3017284",676063
"Eli White","ATL",16,70,64,15,10,2,0,2,8,7,5,0,19,1,1,0,,2,1,0.232732,0.0676001,0.273098,0.24753,0.292322,0.370652,0.289772,0.662974,0.137919,5.93404,0.300118,-0.0419391,0.0862857,6.94779,-1.32325,83.6174,0.0443466,-0.208873,-1.3148267194628716,-0.8088731169700623,0.0209963,999,,,,,,,63.6,3.975,63.6,3.975,,,,,,,,,,,,,,,,,,,"Eli White","19346",642201
"Kristian Robinson","ARI",3,14,12,3,2,0,0,0,1,1,1,0,5,0,0,0,,0,0,0.213431,0.1017,0.330063,0.308123,0.299258,0.341795,0.285385,0.641053,0.128364,5.43214,0.30988,-0.00223889,0.00740934,1.33969,-0.314515,80.0989,0.00517045,0,-0.3250462585128844,0.05000000074505806,0.0195148,750.2000122070312,,,,,,,7.8,2.6,7.8,2.6,,,,,,,,,,,,,,,,,,,"Kristian Robinson","sa3006884",677565
"Matthew Lugo","LAA",52,224,208,47,29,10,1,6,22,24,12,0,68,2,2,1,,4,1,0.22539,0.0518002,0.304559,0.170083,0.271768,0.377108,0.281543,0.648876,0.151718,5.04611,0.300658,-0.0332536,-0.0182631,20.7363,-5.73101,77.3101,-0.0515167,0.820652,-6.0418922156095505,-1.4793484210968018,0.0192834,746.7999877929688,,,,,,,193.1,3.713461538,193.1,3.713461538,,,,,,,,,,,,,,,,,,,"Matthew Lugo","25980",683090
"Tristan Gray","BOS",8,35,32,7,4,2,0,1,4,4,2,0,10,0,0,0,,0,0,0.221469,0.0648996,0.28601,0.226914,0.277576,0.384821,0.286955,0.662397,0.163352,4.04475,0.283236,-0.0162625,-0.031382,3.39385,-0.741666,78.0206,-0.0476445,0.104456,-0.9543314129114151,-0.07054439932107925,0.0183924,999,,,,,,,28.4,3.55,28.4,3.55,,,,,,,,,,,,,,,,,,,"Tristan Gray","19877",656484
"Jhonny Pereda","MIN",2,6,6,1,1,0,0,0,1,1,1,0,2,0,0,0,,0,0,0.239971,0.1041,0.250771,0.415121,0.323736,0.341496,0.297984,0.665232,0.101526,3.09556,0.317741,-0.00412168,-0.00825697,0.677899,-0.0783099,89.0562,-0.0123786,-0.0401416,-0.0949292927980423,0.08485840633511543,0.0183569,999,,,,,,,2.6,1.3,2.6,1.3,,,,,,,,,,,,,,,,,,,"Jhonny Pereda","19802",640902
"Orelvis Martinez","WSN",31,133,119,24,14,5,0,5,14,14,11,0,37,2,1,0,,1,0,0.201276,0.0809002,0.275951,0.293169,0.274272,0.365233,0.279756,0.639504,0.163957,3.40366,0.246417,-0.0125761,-0.123617,12.1192,-3.59573,77.2472,-0.136193,0,-3.7227721959352493,-0.5249999761581421,0.0181267,999,,,,,,,117.8,3.8,117.8,3.8,,,,,,,,,,,,,,,,,,,"Orelvis Martinez","25967",682619
"Nacho Alvarez Jr.","ATL",3,14,12,3,2,1,0,0,1,1,1,0,3,0,0,0,,0,0,0.240099,0.0865011,0.214314,0.403618,0.317266,0.339801,0.293548,0.657067,0.0997018,3.8857,0.298815,-0.0093574,-0.00987703,1.43248,-0.221731,86.204,-0.0192344,-0.143285,-0.24814961850643158,-0.043285198509693146,0.017838,742.530029296875,,,,,,,10.7,3.566666666,10.7,3.566666666,,,,,,,,,,,,,,,,,,,"Nacho Alvarez Jr.","31765",805373
"Wade Meckler","SFG",2,7,6,2,1,0,0,0,1,1,1,0,2,0,0,0,,0,0,0.25095,0.094901,0.216152,0.439047,0.325724,0.346288,0.299416,0.672012,0.0953381,4.37156,0.317707,-0.00102208,-0.00412806,0.749586,-0.0775177,93.0878,-0.00515014,-0.0222303,-0.06249657738953829,0.0027697179466485977,0.0177169,999,,,,,,,8.2,4.1,8.2,4.1,,,,,,,,,,,,,,,,,,,"Wade Meckler","31490",685133
"Spencer Packard","SEA",5,21,18,4,3,1,0,0,2,2,2,0,4,0,0,0,,0,0,0.228951,0.0994989,0.199438,0.498897,0.31588,0.337059,0.292291,0.65294,0.108109,2.57644,0.274815,-0.00848497,-0.0296388,2.12729,-0.354025,92.4237,-0.0381238,0,-0.22564373537898064,-0.32499998807907104,0.0176123,999,,,,,,,13.3,2.66,13.3,2.66,,,,,,,,,,,,,,,,,,,"Spencer Packard","sa3016803",689070
"Nick Morabito","NYM",6,28,25,6,4,1,0,0,3,2,2,0,7,0,0,0,,1,0,0.233994,0.0745011,0.252419,0.295148,0.297249,0.322468,0.276506,0.619717,0.0884748,5.58046,0.309124,0,0.0595696,2.47753,-0.830886,78.3016,0.0595696,0,-0.6605090275406837,-0.10000000894069672,0.0175014,999,,,,,,,19.4,3.233333333,19.4,3.233333333,,,,,,,,,,,,,,,,,,,"Nick Morabito","sa3020418",703492
"Brett Wisely","ATL",3,14,13,3,2,1,0,0,1,1,1,0,3,0,0,0,,0,0,0.230648,0.0816003,0.236867,0.344499,0.298171,0.34906,0.285658,0.647232,0.118413,4.59068,0.289409,-0.010975,-0.00331823,1.3428,-0.311413,80.7992,-0.0142932,-0.0145538,-0.3328900057822466,0.03544624522328377,0.0172233,999,,,,,,,9.7,3.233333333,9.7,3.233333333,,,,,,,,,,,,,,,,,,,"Brett Wisely","27735",689172
"Matthew Wood","MIL",2,6,6,1,1,0,0,0,1,1,1,0,1,0,0,0,,0,0,0.216484,0.102599,0.196442,0.522285,0.305018,0.317687,0.280202,0.622705,0.101203,3.66951,0.259479,-0.00118248,-0.0051926,0.585498,-0.170711,78.2871,-0.00637508,0,-0.1710741277784109,0.125,0.0170714,999,,,,,,,2.6,1.3,2.6,1.3,,,,,,,,,,,,,,,,,,,"Matthew Wood","sa3019924",687783
"Heston Kjerstad","BAL",3,14,13,3,2,1,0,0,2,2,1,0,4,0,0,0,,0,0,0.232992,0.0677997,0.262987,0.257806,0.29654,0.392545,0.299973,0.689085,0.159554,4.16656,0.289761,-0.0034973,-0.0137737,1.50551,-0.148703,92.6282,-0.017271,-0.0287278,-0.13891057297587395,-0.17872783914208412,0.0168016,740,,,,,,,9.7,3.233333333,9.7,3.233333333,,,,,,,,,,,,,,,,,,,"Heston Kjerstad","31166",677008
"Junior Perez","ATH",13,56,50,10,6,2,0,2,6,6,5,0,18,0,0,0,,2,0,0.207277,0.0962,0.318709,0.301843,0.287071,0.355517,0.283377,0.642588,0.14824,5.35401,0.286039,-0.0040627,0.0521185,5.26747,-1.34936,76.9322,0.0480558,0,-1.4744788371026516,-0.30000001192092896,0.0156487,999,,,,,,,49.4,3.8,49.4,3.8,,,,,,,,,,,,,,,,,,,"Junior Perez","sa3005744",678577
"Paul McIntosh","PHI",2,6,6,1,1,0,0,0,1,1,1,0,2,0,0,0,,0,0,0.212103,0.0880984,0.239354,0.368068,0.289704,0.341927,0.280292,0.631631,0.129824,3.4781,0.259341,-0.00285714,-0.00595095,0.585965,-0.170244,75.9836,-0.00880809,0,-0.19098040461540222,0.125,0.0150347,999,,,,,,,2.6,1.3,2.6,1.3,,,,,,,,,,,,,,,,,,,"Paul McIntosh","sa3017372",682192
"Blake Dunn","CIN",19,84,74,17,12,3,0,2,9,8,8,0,25,2,1,0,,2,1,0.226711,0.0896996,0.297412,0.301601,0.31096,0.339992,0.291569,0.650952,0.113281,4.9506,0.315322,-0.00171656,0.0781172,8.45991,-1.46534,80.4393,0.0764006,-0.281515,-1.8710079565644264,-0.7815152406692505,0.0145465,999,,,,,,,79.7,4.194736842,79.7,4.194736842,,,,,,,,,,,,,,,,,,,"Blake Dunn","29487",694362
"Drew Romo","NYM",2,6,6,1,1,0,0,0,1,1,0,0,2,0,0,0,,0,0,0.22177,0.0540997,0.246697,0.219296,0.270186,0.347091,0.270395,0.617277,0.125321,4.02028,0.274587,-0.000594132,-0.00425756,0.534538,-0.221671,74.1153,-0.00485169,-0.0081198,-0.20119521813467145,0.11688019521534443,0.013706,999,,,,,,,-0.4,-0.2,-0.4,-0.2,,,,,,,,,,,,,,,,,,,"Drew Romo","27763",691011
"Ronny Simon","PIT",3,14,13,3,2,1,0,0,1,1,1,0,3,0,0,0,,0,0,0.242973,0.0833997,0.21004,0.397066,0.310716,0.368625,0.299103,0.679341,0.125652,5.29161,0.293723,0.00374026,0.0117967,1.49562,-0.158585,88.5971,0.0155369,-0.0215065,-0.17367087490856647,-0.1715064998716116,0.0123395,999,,,,,,,9.7,3.233333333,9.7,3.233333333,,,,,,,,,,,,,,,,,,,"Ronny Simon","25346",682927
"Gabriel Rincones Jr.","PHI",5,21,18,4,2,1,0,1,2,2,2,0,6,0,0,0,,1,0,0.21447,0.103099,0.274266,0.375908,0.302853,0.365195,0.294324,0.668048,0.150725,4.85327,0.273446,-0.00352174,0.008861,2.16195,-0.319358,85.5964,0.00533926,0,-0.3531578527763486,-0.22499999403953552,0.0123304,999,,,,,,,24.6,4.92,24.6,4.92,,,,,,,,,,,,,,,,,,,"Gabriel Rincones Jr.","sa3020758",687282
"Tyler Tolbert","KCR",24,105,96,22,15,5,0,1,11,9,6,0,26,1,1,0,,8,2,0.225891,0.0592004,0.249734,0.237054,0.281121,0.321283,0.26727,0.602404,0.0953919,6.94054,0.295017,-0.0712916,0.763991,8.50337,-3.90319,65.6393,0.6927,-0.159102,-3.5595991015434265,0.06589804589748383,0.0123009,737.8699951171875,,,,,,,81.7,3.404166666,81.7,3.404166666,,,,,,,,,,,,,,,,,,,"Tyler Tolbert","25779",686475
"Hayden Senger","NYM",2,6,6,1,1,0,0,0,1,1,0,0,2,0,0,0,,0,0,0.205939,0.0591984,0.295779,0.200144,0.26197,0.309576,0.253603,0.571546,0.103637,4.35149,0.281111,-0.00360802,-0.0033001,0.447287,-0.308923,62.6126,-0.00690811,0.00577283,-0.2905034073628485,0.13077282905578613,0.0121983,999,,,,,,,-0.4,-0.2,-0.4,-0.2,,,,,,,,,,,,,,,,,,,"Hayden Senger","21489",663584
"Tomás Nido","DET",3,13,12,3,2,0,0,0,1,1,1,0,3,0,0,0,,0,0,0.221951,0.0452995,0.250395,0.180912,0.262722,0.325748,0.25846,0.58847,0.103797,3.43973,0.280511,-0.0321224,-0.0094531,0.945046,-0.567373,62.3365,-0.0415755,-0.0495716,-0.6097782365977764,0.20042839646339417,0.0117701,999,,,,,,,7.8,2.6,7.8,2.6,,,,,,,,,,,,,,,,,,,"Tomas Nido","13755",621512
"Riley Adams","WSN",45,183,165,35,22,7,0,5,18,19,13,0,60,3,1,1,,1,0,0.214262,0.0699998,0.32566,0.214947,0.279662,0.364609,0.282244,0.644271,0.150347,3.33769,0.294576,-0.0474257,-0.186276,17.0264,-4.57286,78.9515,-0.233702,-0.525484,-4.793986603617668,1.2245162725448608,0.0117653,738.530029296875,,,,,,,148.2,3.293333333,148.2,3.293333333,,,,,,,,,,,,,,,,,,,"Riley Adams","19864",656180
"Kevin Newman","KCR",3,14,13,3,2,1,0,0,1,1,1,0,2,0,0,0,,0,0,0.249524,0.053199,0.171299,0.310561,0.293787,0.344703,0.280486,0.638491,0.0951792,4.44823,0.292814,0.00975547,-0.000410804,1.284,-0.370204,74.7433,0.00934467,-0.00975547,-0.40740692242980003,0.040244526229798794,0.0117347,999,,,,,,,9.7,3.233333333,9.7,3.233333333,,,,,,,,,,,,,,,,,,,"Kevin Newman","17696",621028
"Eliezer Alfonzo","LAD",2,6,6,1,1,0,0,0,1,1,0,0,1,0,0,0,,0,0,0.230531,0.055399,0.140355,0.394707,0.277808,0.334073,0.268712,0.611882,0.103542,3.05496,0.252431,-0.00168399,-0.00657498,0.525795,-0.230414,70.1708,-0.00825897,0,-0.23452302627265453,0.125,0.0105798,999,,,,,,,-0.4,-0.2,-0.4,-0.2,,,,,,,,,,,,,,,,,,,"Eliezer Alfonzo","sa3003262",672613
"César Prieto","STL",2,7,7,2,1,0,0,0,1,1,0,0,1,0,0,0,,0,0,0.25305,0.0464009,0.153704,0.301885,0.294232,0.358282,0.285866,0.652514,0.105232,4.34956,0.287384,-0.00224221,-0.00623819,0.672579,-0.154525,83.5605,-0.00848041,-0.0108374,-0.14487015642225742,0.014162630774080753,0.0104547,999,,,,,,,4.2,2.1,4.2,2.1,,,,,,,,,,,,,,,,,,,"Cesar Prieto","30163",693409
"Maverick Handley","BAL",2,6,6,1,1,0,0,0,1,1,1,0,2,0,0,0,,0,0,0.198676,0.0953023,0.276997,0.344056,0.285957,0.294376,0.263357,0.580333,0.0957006,4.58337,0.269328,-0.0033907,-0.00260433,0.497968,-0.258241,67.4049,-0.00599503,-0.0271256,-0.25186429219320416,0.09787442162632942,0.0103668,999,,,,,,,2.6,1.3,2.6,1.3,,,,,,,,,,,,,,,,,,,"Maverick Handley","26106",668974
"Jhonkensy Noel","CLE",3,14,13,3,2,1,0,1,2,2,1,0,4,0,0,0,,0,0,0.226819,0.0594994,0.27849,0.21365,0.281394,0.425899,0.304593,0.707293,0.19908,2.98548,0.269522,-0.0026129,-0.0142804,1.55802,-0.0961876,95.551,-0.0168933,0.00370161,-0.09030516818165779,-0.29629839886911213,0.00974565,735.8699951171875,,,,,,,19.1,6.366666666,19.1,6.366666666,,,,,,,,,,,,,,,,,,,"Jhonkensy Noel","24257",678877
"Jared Serna","MIA",8,35,32,7,5,1,0,0,3,3,3,0,6,0,0,0,,1,0,0.22033,0.0754007,0.185647,0.406152,0.285548,0.31516,0.267766,0.600707,0.0948291,4.61473,0.261314,-0.00288513,-0.00382594,2.84855,-1.28697,67.6724,-0.00671107,0,-1.3477311730384827,0.2750000059604645,0.00938485,999,,,,,,,21,2.625,21,2.625,,,,,,,,,,,,,,,,,,,"Jared Serna","sa3015579",691858
"Taylor Trammell","HOU",2,7,6,1,1,0,0,0,1,1,1,0,2,0,0,0,,0,0,0.207767,0.110999,0.312731,0.354936,0.301668,0.375297,0.298956,0.676965,0.16753,4.69197,0.27718,-0.00530799,-0.000262729,0.746977,-0.0801273,91.059,-0.00557072,0.00509568,-0.07933645648881793,-0.06990432785823941,0.00938081,999,,,,,,,2.6,1.3,2.6,1.3,,,,,,,,,,,,,,,,,,,"Taylor Trammell","19960",666211
"Collin Price","HOU",2,6,6,1,1,0,0,0,1,1,1,0,2,0,0,0,,0,0,0.193726,0.080002,0.325068,0.246108,0.26595,0.325488,0.262542,0.591438,0.131762,4.12907,0.267458,-0.00151402,-0.00451951,0.493733,-0.262476,65.9744,-0.00603353,0,-0.26269366685301065,0.125,0.00844937,999,,,,,,,2.6,1.3,2.6,1.3,,,,,,,,,,,,,,,,,,,"Collin Price","sa3019935",805672
"Joey Wiemer","SFG",6,28,25,5,3,1,0,1,3,3,2,0,8,0,0,0,,1,0,0.208995,0.0878991,0.295867,0.297089,0.286779,0.34524,0.279942,0.632019,0.136245,4.24607,0.278035,-0.0117513,-0.00139443,2.55565,-0.752763,79.748,-0.0131457,0.133741,-0.6852234359830618,-0.16625908017158508,0.00819363,999,,,,,,,23.2,3.866666666,23.2,3.866666666,,,,,,,,,,,,,,,,,,,"Joey Wiemer","27690",686894
"Nick Raposo","SEA",2,6,6,1,1,0,0,0,1,1,0,0,2,0,0,0,,0,0,0.200558,0.0756005,0.24162,0.31289,0.26617,0.299341,0.252886,0.565511,0.0987833,3.59152,0.253256,-0.00273913,-0.00571494,0.443561,-0.312648,65.2792,-0.00845407,0,-0.2703578360378742,0.125,0.00766523,999,,,,,,,-0.4,-0.2,-0.4,-0.2,,,,,,,,,,,,,,,,,,,"Nick Raposo","sa3015018",695596
"Andrew Pinckney","WSN",3,14,13,3,2,0,0,0,1,1,1,0,4,0,0,0,,0,0,0.224184,0.0601007,0.307026,0.195751,0.280244,0.338736,0.273263,0.61898,0.114552,5.27919,0.30902,-0.00233858,0.0121898,1.20191,-0.452301,72.7994,0.00985121,0,-0.4414862459525466,0.05000000074505806,0.00760153,999,,,,,,,6.8,2.266666666,6.8,2.266666666,,,,,,,,,,,,,,,,,,,"Andrew Pinckney","sa3022670",687605
"Jason Delay","BOS",2,6,6,1,1,0,0,0,1,1,0,0,1,0,0,0,,0,0,0.220937,0.0628981,0.215332,0.292099,0.277903,0.3059,0.260382,0.583804,0.084963,3.5397,0.276566,-0.0045394,-0.00562181,0.48251,-0.2737,59.7151,-0.0101612,-0.0431243,-0.31403609458357096,0.08187565952539444,0.00753309,999,,,,,,,-0.4,-0.2,-0.4,-0.2,,,,,,,,,,,,,,,,,,,"Jason Delay","19806",641511
"Matt Koperniak","STL",3,14,13,3,2,1,0,0,1,1,1,0,3,0,0,0,,0,0,0.234532,0.0691008,0.212942,0.324505,0.291284,0.346068,0.280857,0.637352,0.111536,3.91322,0.282277,-0.0054053,-0.0119186,1.28822,-0.365985,80.1292,-0.0173239,0,-0.347037885338068,-0.05000000447034836,0.00703353,999,,,,,,,9.7,3.233333333,9.7,3.233333333,,,,,,,,,,,,,,,,,,,"Matt Koperniak","sa3014834",689288
"Jose Herrera","TEX",2,6,6,1,1,0,0,0,1,1,1,0,2,0,0,0,,0,0,0.215121,0.0981012,0.235879,0.415897,0.296364,0.311938,0.273934,0.608302,0.0968168,3.41901,0.273161,-0.0106498,-0.00575487,0.552931,-0.203278,74.6524,-0.0164047,-0.0325638,-0.20760520361363888,0.09243615716695786,0.0065254,999,,,,,,,2.6,1.3,2.6,1.3,,,,,,,,,,,,,,,,,,,"Jose Herrera","17040",645444
"Tyler Black","MIL",2,7,6,1,1,0,0,0,1,1,1,0,2,0,0,0,,0,0,0.219008,0.1177,0.261882,0.449441,0.32057,0.352863,0.301084,0.673433,0.133855,5.80963,0.285089,-0.000529412,0.00733539,0.759068,-0.0680363,92.5919,0.00680598,0.00935294,-0.0546548399142921,-0.11564705893397331,0.00640372,742.469970703125,,,,,,,2.6,1.3,2.6,1.3,,,,,,,,,,,,,,,,,,,"Tyler Black","29949",672012
"Braden Montgomery","CHW",45,196,177,40,27,9,1,4,19,18,15,0,55,2,1,1,,3,1,0.225995,0.0742003,0.279292,0.265673,0.289752,0.348717,0.28105,0.638469,0.122721,4.2225,0.300856,0,-0.080339,18.0659,-5.09306,77.8915,-0.080339,0,-5.187594920396805,-1.5,0.00597571,999,,,,,,,170.3,3.784444444,170.3,3.784444444,,,,,,,,,,,,,,,,,,,"Braden Montgomery","sa3038253",695731
"Mason McCoy","SDP",31,133,120,24,16,5,0,2,12,11,10,0,41,1,1,0,,4,1,0.201817,0.0770001,0.307741,0.250211,0.267621,0.306041,0.255451,0.573662,0.104224,5.08875,0.283165,-0.017287,0.14695,9.49472,-6.22026,64.3161,0.129663,0.343921,-5.49527969956398,1.1189207136631012,0.00497071,999,,,,,,,85.5,2.758064516,85.5,2.758064516,,,,,,,,,,,,,,,,,,,"Mason McCoy","22232",669200
"Petey Halpin","CLE",6,28,25,5,4,1,0,1,3,3,2,0,8,0,0,0,,0,0,0.212898,0.0735997,0.286389,0.256992,0.274224,0.329539,0.267007,0.603764,0.116641,4.52941,0.285491,0,-0.0109032,2.26159,-1.04683,69.6594,-0.0109032,-0.0136709,-1.0121810035780072,0.08632911555469036,0.00387382,999,,,,,,,21.3,3.55,21.3,3.55,,,,,,,,,,,,,,,,,,,"Petey Halpin","27931",690984
"Ben Cowles","CHW",2,7,6,1,1,0,0,0,1,1,0,0,2,0,0,0,,0,0,0.215831,0.0640993,0.285758,0.224313,0.273359,0.320797,0.263326,0.594156,0.104967,4.69512,0.293533,-0.00159494,0.00115443,0.544476,-0.282628,65.6819,-0.000440509,0,-0.28357583383331075,0.07500000298023224,0.0033101,999,,,,,,,-0.4,-0.2,-0.4,-0.2,,,,,,,,,,,,,,,,,,,"Ben Cowles","sa3016976",701496
"Sebastián Rivero","LAA",2,6,6,1,1,0,0,0,1,1,0,0,1,0,0,0,,0,0,0.217164,0.0488016,0.227512,0.214501,0.261742,0.331358,0.260198,0.593101,0.114194,3.76738,0.264107,-0.00373272,-0.00492441,0.481556,-0.274654,62.6066,-0.00865713,-0.00709217,-0.29072123672813177,0.11790783470496535,0.00327892,999,,,,,,,-0.4,-0.2,-0.4,-0.2,,,,,,,,,,,,,,,,,,,"Sebastian Rivero","21735",665861
"Alika Williams","PIT",5,21,19,4,3,1,0,0,2,2,1,0,4,0,0,0,,0,0,0.230557,0.0662991,0.20914,0.317008,0.287809,0.328198,0.273102,0.616007,0.0976411,4.55857,0.282843,-0.0155224,-0.0128405,1.80011,-0.681202,70.7852,-0.0283629,-0.138593,-0.7554998379200697,0.08640682697296143,0.00302662,999,,,,,,,9.3,1.86,9.3,1.86,,,,,,,,,,,,,,,,,,,"Alika Williams","27604",675961
"Cooper Kinney","TBR",2,7,6,1,1,0,0,0,1,1,0,0,2,0,0,0,,0,0,0.228471,0.0559,0.251221,0.222513,0.275509,0.347184,0.272888,0.622693,0.118713,3.46994,0.289273,0,-0.00694782,0.598819,-0.228285,71.6437,-0.00694782,0,-0.2408963479101658,0.02500000037252903,0.00256111,999,,,,,,,-0.4,-0.2,-0.4,-0.2,,,,,,,,,,,,,,,,,,,"Cooper Kinney","sa3017793",695692
"Kemp Alderman","MIA",3,14,13,3,2,1,0,0,1,2,1,0,4,0,0,0,,0,0,0.235904,0.0563003,0.254449,0.221264,0.283492,0.38113,0.289008,0.664622,0.145226,4.90417,0.2927,0,0.000963916,1.38087,-0.27334,82.2236,0.000963916,0,-0.2939974472974427,-0.15000000596046448,0.00222898,999,,,,,,,9.7,3.233333333,9.7,3.233333333,,,,,,,,,,,,,,,,,,,"Kemp Alderman","sa3022562",694580
"Brett Sullivan","COL",6,26,23,5,4,1,0,0,3,2,2,0,5,0,0,0,,0,0,0.231382,0.0703998,0.175813,0.400424,0.290138,0.360237,0.284915,0.650375,0.128855,4.78775,0.265035,-0.0140742,-0.0166919,2.43996,-0.584876,67.1085,-0.0307661,-0.0820995,-1.0287373717874289,0.417900450527668,0.000297722,999,,,,,,,13.9,2.316666666,13.9,2.316666666,,,,,,,,,,,,,,,,,,,"Brett Sullivan","18217",664954
"Tim Elko","CHW",5,21,19,5,3,1,0,1,2,2,1,0,7,0,0,0,,0,0,0.233353,0.0550999,0.32701,0.168496,0.280222,0.397417,0.29348,0.677639,0.164064,3.07833,0.313723,-0.00546835,-0.0195852,2.14755,-0.333762,86.4537,-0.0250536,0.0153797,-0.3603363912552595,-0.3596202526241541,0.000289467,999,,,,,,,24.3,4.86,24.3,4.86,,,,,,,,,,,,,,,,,,,"Tim Elko","31522",671284
"José Barrero","BAL",3,14,13,3,2,0,0,0,1,1,1,0,4,0,0,0,,0,0,0.201504,0.0589992,0.318894,0.185012,0.260145,0.332088,0.261017,0.592233,0.130584,5.3717,0.27481,-0.0026099,0.0104834,1.06271,-0.591502,65.7929,0.00787355,-0.0249804,-0.5565658081322908,0.07501956261694431,0.0000318177,999,,,,,,,6.8,2.266666666,6.8,2.266666666,,,,,,,,,,,,,,,,,,,"Jose Barrero","23378",676480
"Troy Johnston","COL",76,329,299,76,51,14,2,8,35,35,22,0,70,5,2,1,,10,3,0.255298,0.0664002,0.212908,0.311872,0.315094,0.404163,0.313434,0.719257,0.148865,5.50942,0.304687,-0.264027,0.347607,38.975,0.101087,86.6443,0.08358,0.197942,-5.124257616698742,-5.827057883143425,-0.000553012,444.6000061035156,,,,,,,345.4,4.544736842,345.4,4.544736842,,,,,,,,,,,,,,,,,,,"Troy Johnston","26143",687859
"Nate Eaton","BOS",26,112,103,24,16,5,0,2,12,11,7,0,28,1,1,0,,4,1,0.23476,0.0619,0.252716,0.24494,0.288318,0.362911,0.285024,0.651229,0.128151,5.3683,0.297895,-0.00194012,0.197359,10.6847,-2.54894,76.6903,0.195419,-0.379293,-2.8815854340791702,-0.9792934060096741,-0.000616008,750,,,,,,,93.5,3.596153846,93.5,3.596153846,,,,,,,,,,,,,,,,,,,"Nate Eaton","25055",681987
"Tyler Wade","TEX",3,14,13,3,2,0,0,0,1,1,1,0,3,0,0,0,,0,0,0.222296,0.0851007,0.246218,0.345631,0.294121,0.297539,0.266916,0.591659,0.0752425,5.52585,0.294934,-0.00154728,0.0112544,1.12976,-0.524451,69.8175,0.00970717,-0.0516791,-0.488323581404984,-0.0016790814697742462,-0.000833378,999,,,,,,,6.8,2.266666666,6.8,2.266666666,,,,,,,,,,,,,,,,,,,"Tyler Wade","15730",642180
"Tim Anderson",,10,42,39,10,8,2,0,0,4,4,2,0,11,0,0,0,,1,0,0.242266,0.0430005,0.25689,0.167389,0.280062,0.317094,0.263792,0.597156,0.0748286,4.48462,0.320919,0.0681061,0.00181006,3.28275,-1.67987,65.9198,0.0699162,-0.114392,-1.621836967766285,0.1856081783771515,-0.00151093,999,,,,,,,30.7,3.07,30.7,3.07,,,,,,,,,,,,,,,,,,,"Tim Anderson","15172",641313
"Ryan Kreidler","MIN",18,77,67,13,9,3,0,1,8,6,8,0,25,1,1,0,,2,1,0.194674,0.0999995,0.320027,0.312472,0.283796,0.304333,0.265661,0.588129,0.109659,5.38341,0.280431,0.013109,0.0665157,6.13523,-2.96292,66.7898,0.0796247,-0.258902,-2.9343127608299255,0.26609790325164795,-0.00184163,999,,,,,,,51.9,2.883333333,51.9,2.883333333,,,,,,,,,,,,,,,,,,,"Ryan Kreidler","25867",668952
"Brennan Milone","ATH",2,7,6,1,1,0,0,0,1,1,1,0,2,0,0,0,,0,0,0.226349,0.0932007,0.255464,0.364829,0.304048,0.360298,0.294074,0.664346,0.133949,3.75998,0.287449,-0.00107795,-0.00668231,0.719228,-0.107876,84.301,-0.00776026,0,-0.13728219410404563,-0.125,-0.00218474,999,,,,,,,2.6,1.3,2.6,1.3,,,,,,,,,,,,,,,,,,,"Brennan Milone","sa3019974",686810
"Riley Tirotta","TOR",3,14,12,3,2,1,0,0,1,1,1,0,5,0,0,0,,0,0,0.207936,0.0936989,0.326478,0.286999,0.289644,0.332225,0.27676,0.621869,0.124289,4.29259,0.296937,-0.00457258,-0.00625814,1.24165,-0.412557,75.7969,-0.0108307,0,-0.41019715555012226,-0.10000000149011612,-0.00289953,999,,,,,,,10.7,3.566666666,10.7,3.566666666,,,,,,,,,,,,,,,,,,,"Riley Tirotta","sa3017078",694661
"Oliver Dunn","CHW",6,28,25,5,3,1,0,1,3,2,2,0,9,0,0,0,,1,0,0.199924,0.087199,0.335707,0.259747,0.277316,0.322264,0.267458,0.599581,0.122341,5.37481,0.289769,-0.00325901,0.0191082,2.27185,-1.03657,68.5287,0.0158492,-0.0706119,-1.0227440651506186,0.029388099908828735,-0.00303269,999,,,,,,,23.2,3.866666666,23.2,3.866666666,,,,,,,,,,,,,,,,,,,"Oliver Dunn","26295",686554
"Will Robertson","BAL",2,7,6,1,1,0,0,0,1,1,1,0,2,0,0,0,,0,0,0.206173,0.0777011,0.313523,0.247832,0.274537,0.361215,0.277722,0.635752,0.155041,3.6505,0.27367,-0.00192475,-0.00632851,0.626291,-0.200813,77.3001,-0.00825326,-0.0102653,-0.1955342423170805,-0.08526534959673882,-0.0040793,999,,,,,,,2.6,1.3,2.6,1.3,,,,,,,,,,,,,,,,,,,"Will Robertson","25467",683770
"Braden Shewmake","NYY",2,7,6,1,1,0,0,0,1,1,0,0,1,0,0,0,,0,0,0.208809,0.0614006,0.203712,0.301409,0.263178,0.323471,0.258822,0.58665,0.114662,5.33734,0.245446,-0.00142941,0.00697175,0.518881,-0.308223,63.965,0.00554234,-0.0733765,-0.2917575500905514,0.0016235336661338806,-0.00503433,999,,,,,,,-0.4,-0.2,-0.4,-0.2,,,,,,,,,,,,,,,,,,,"Braden Shewmake","25817",669699
"Niko Kavadas","LAA",5,21,18,3,2,1,0,1,2,2,2,0,8,0,0,0,,0,0,0.192031,0.116501,0.374277,0.311268,0.297244,0.359116,0.291512,0.65636,0.167085,3.08308,0.282208,-0.0126093,-0.0260627,2.114,-0.367316,84.1771,-0.038672,0.0219763,-0.43030329793691635,-0.35302372090518475,-0.00619412,999,,,,,,,17.1,3.42,17.1,3.42,,,,,,,,,,,,,,,,,,,"Niko Kavadas","29782",694359
"Steward Berroa","MIL",2,7,6,1,1,0,0,0,1,1,1,0,2,0,0,0,,0,0,0.201966,0.100599,0.302593,0.332456,0.287511,0.298361,0.265151,0.585872,0.0963951,5.84906,0.286764,-0.00143681,0.0235496,0.554851,-0.272253,67.977,0.0221128,-0.0815388,-0.24356437474489212,-0.05653879605233669,-0.00687657,999,,,,,,,2.6,1.3,2.6,1.3,,,,,,,,,,,,,,,,,,,"Steward Berroa","22766",672642
"Bryan Ramos","CHW",21,91,82,17,11,3,0,3,9,9,7,0,22,1,1,0,,1,0,0.211122,0.0722001,0.241613,0.298826,0.277026,0.354307,0.277877,0.631333,0.143185,4.07475,0.251565,0.0133397,-0.0365534,8.15328,-2.59907,75.7057,-0.0232137,0.145582,-2.628879191353917,-0.5794180184602737,-0.00779877,999,,,,,,,76,3.619047619,76,3.619047619,,,,,,,,,,,,,,,,,,,"Bryan Ramos","25621",682868
"Trey Lipscomb","WSN",3,14,13,3,2,1,0,0,1,1,1,0,3,0,0,0,,0,0,0.230678,0.0562001,0.214643,0.261831,0.277772,0.339828,0.270607,0.617599,0.109149,4.30619,0.27918,-0.00910251,-0.000129489,1.17171,-0.482499,70.9794,-0.00923199,0.0469886,-0.4907675487920642,-0.053011391311883926,-0.00797992,999,,,,,,,9.7,3.233333333,9.7,3.233333333,,,,,,,,,,,,,,,,,,,"Trey Lipscomb","31567",702358
"T.J. Rumfield","NYY",18,77,69,16,11,3,0,2,8,8,6,0,17,1,1,0,,1,0,0.23098,0.0835999,0.222334,0.37601,0.303077,0.367664,0.29557,0.670741,0.136684,3.16542,0.276034,-0.0179588,-0.0802104,8.005,-1.09314,89.2788,-0.0981692,0,-1.071152463555336,-1.6749999523162842,-0.00981562,999,,,,,,,71,3.944444444,71,3.944444444,,,,,,,,,,,,,,,,,,,"T.J. Rumfield","sa3017330",681198
"Ivan Melendez","ARI",5,21,19,4,3,1,0,1,2,2,1,0,6,0,0,0,,0,0,0.225467,0.0607993,0.304106,0.199928,0.281188,0.388248,0.29118,0.669435,0.16278,3.5424,0.292946,-0.00507692,-0.0200483,2.10835,-0.372966,84.0688,-0.0251252,0,-0.42164296098053455,-0.375,-0.0100233,999,,,,,,,18.7,3.74,18.7,3.74,,,,,,,,,,,,,,,,,,,"Ivan Melendez","sa3019859",699471
"Justin Dean","SFG",10,42,37,8,6,1,0,0,4,3,4,0,13,0,0,0,,2,1,0.212218,0.0878999,0.301311,0.291725,0.28799,0.300261,0.265029,0.58825,0.0880429,6.16555,0.303907,-0.0204718,0.092035,3.32493,-1.6377,69.5317,0.0715632,0.183427,-1.4451076164841652,-0.0665728747844696,-0.0116974,999,,,,,,,23.7,2.37,23.7,2.37,,,,,,,,,,,,,,,,,,,"Justin Dean","25005",681909
"Davis Wendzel","PIT",3,14,12,3,2,1,0,0,1,1,1,0,3,0,0,0,,0,0,0.205622,0.0813989,0.232282,0.350431,0.281001,0.328514,0.271251,0.609515,0.122891,2.9535,0.248686,-0.00535046,-0.0147354,1.17904,-0.475172,69.5174,-0.0200859,-0.161406,-0.5258807148784399,-0.06140550225973129,-0.0124313,999,,,,,,,10.7,3.566666666,10.7,3.566666666,,,,,,,,,,,,,,,,,,,"Davis Wendzel","26469",673995
"Pedro León","PHI",3,14,13,3,2,1,0,0,1,1,1,0,4,0,0,0,,0,0,0.211215,0.0751013,0.309476,0.242673,0.27942,0.353482,0.278416,0.632903,0.142268,5.03188,0.284414,-0.0114945,0.00387194,1.26047,-0.393737,74.6982,-0.00762251,-0.118896,-0.4274520021863282,-0.16889578849077225,-0.0133584,999,,,,,,,9.7,3.233333333,9.7,3.233333333,,,,,,,,,,,,,,,,,,,"Pedro Leon","27781",694175
"Nick Schnell","SDP",3,14,13,3,2,0,0,0,1,1,1,0,5,0,0,0,,0,0,0.207185,0.0610004,0.341129,0.178819,0.260574,0.34974,0.265816,0.610315,0.142555,5.27233,0.291451,-0.003286,-0.00105905,1.11725,-0.536957,71.416,-0.00434505,0,-0.47863691579550505,-0.15000000596046448,-0.016662,999,,,,,,,6.8,2.266666666,6.8,2.266666666,,,,,,,,,,,,,,,,,,,"Nick Schnell","sa3007639",678010
"Jorge Alfaro",,23,90,84,18,12,3,0,2,8,9,3,0,31,1,1,0,,1,0,0.215707,0.0369998,0.34093,0.108526,0.254251,0.337475,0.258362,0.591727,0.121768,4.49457,0.308077,-0.0794241,0.0033184,6.60817,-3.97876,62.1895,-0.0761057,-0.214319,-4.080207481980324,1.5356809347867966,-0.0174355,999,,,,,,,58.2,2.530434782,58.2,2.530434782,,,,,,,,,,,,,,,,,,,"Jorge Alfaro","12180",595751
"Chris Taylor",,63,273,243,52,35,11,1,6,27,26,23,0,84,4,2,1,,5,1,0.214335,0.0859999,0.308957,0.278355,0.290781,0.335303,0.278392,0.626084,0.120968,4.69515,0.299745,-0.357217,0.118446,24.574,-7.68308,75.9491,-0.23877,-1.40304,-7.999071344733238,-1.4280434995889664,-0.0191957,999,,,,,,,229.9,3.649206349,229.9,3.649206349,,,,,,,,,,,,,,,,,,,"Chris Taylor","13757",621035
"Michael Siani","LAD",6,28,25,5,4,1,0,0,3,2,2,0,8,0,0,0,,1,0,0.200146,0.0880001,0.280548,0.313673,0.275762,0.294032,0.256806,0.569794,0.0938862,5.69024,0.270794,-0.0233441,0.0523694,2.02968,-1.27873,62.0145,0.0290253,0.0817043,-1.2315525971353054,0.08170434087514877,-0.0223329,999,,,,,,,13.8,2.3,13.8,2.3,,,,,,,,,,,,,,,,,,,"Michael Siani","22557",672279
"Tyler Callihan","CIN",28,119,108,24,16,5,1,2,12,11,9,0,33,1,1,0,,3,1,0.225336,0.0755997,0.278184,0.271762,0.288675,0.349558,0.281479,0.638232,0.124222,5.17962,0.298361,-0.027518,0.0877318,11.0099,-3.05082,73.5269,0.0602138,0.189324,-3.673539862036705,-0.5356762260198593,-0.025584,999,,,,,,,98.3,3.510714285,98.3,3.510714285,,,,,,,,,,,,,,,,,,,"Tyler Callihan","27497",682997
"Yanquiel Fernández","COL",29,126,116,30,19,6,0,4,14,15,8,0,26,1,1,0,,0,0,0.257478,0.0605003,0.207372,0.291747,0.305889,0.425077,0.31523,0.730966,0.167599,2.83526,0.295721,-0.122151,-0.150621,15.1103,0.222454,87.8747,-0.272772,0.000357165,-2.0835235118865967,-2.449642643885454,-0.0349004,652.3300170898438,,,,,,,134,4.620689655,134,4.620689655,,,,,,,,,,,,,,,,,,,"Yanquiel Fernandez","28552",692585
"Manuel Margot",,15,63,58,14,10,3,0,1,6,5,4,0,12,1,0,0,,1,0,0.240333,0.0620005,0.19062,0.325257,0.294321,0.337737,0.27964,0.632059,0.0974048,4.0577,0.287801,0.0207791,-0.0580618,5.73474,-1.70919,76.8063,-0.0372827,-0.37818,-1.7642952278256416,-0.7531795799732208,-0.0394193,999,,,,,,,55.4,3.693333333,55.4,3.693333333,,,,,,,,,,,,,,,,,,,"Manuel Margot","14712",622534
"Scott Kingery","CHC",19,84,77,16,11,3,0,2,8,8,6,0,25,1,1,0,,1,0,0.210438,0.0660003,0.295804,0.223121,0.265962,0.329703,0.261995,0.595665,0.119265,5.14315,0.282678,-0.0665184,0.0351387,6.44296,-3.48229,66.8525,-0.0313797,0.0365851,-3.331460226327181,0.13658510893583298,-0.0409429,999,,,,,,,63,3.315789473,63,3.315789473,,,,,,,,,,,,,,,,,,,"Scott Kingery","17975",664068
"Garrett Hampson",,24,105,94,21,15,4,0,1,10,8,9,0,27,1,1,0,,3,1,0.218829,0.0829998,0.260503,0.318614,0.28857,0.301367,0.26525,0.589938,0.0825384,4.80689,0.29485,0.0907177,0.0489985,8.33115,-4.0754,66.9212,0.139716,-0.711649,-3.9653882533311844,-0.08664917945861816,-0.050991,999,,,,,,,77.5,3.229166666,77.5,3.229166666,,,,,,,,,,,,,,,,,,,"Garrett Hampson","19262",641658
"Bryce Teodosio","LAA",84,364,334,73,51,13,3,5,35,31,21,0,110,5,3,2,,16,4,0.217275,0.0567,0.302154,0.187653,0.271232,0.325456,0.263384,0.596688,0.108181,6.84493,0.303674,0.0348496,1.1586,28.3299,-14.6795,64.8009,1.19345,-0.522745,-13.907527565956116,0.7772552967071533,-0.0615905,999,,,,,,,273.8,3.259523809,273.8,3.259523809,,,,,,,,,,,,,,,,,,,"Bryce Teodosio","29524",669326
"Deyvison De Los Santos","MIA",24,105,97,23,15,4,0,4,11,12,6,0,26,1,1,0,,2,0,0.234785,0.0553,0.24899,0.222097,0.282454,0.388726,0.290239,0.67118,0.153941,4.29443,0.282808,0,-0.0295232,10.4614,-1.94511,83.0668,-0.0295232,0,-2.1367991287261248,-2.0250000953674316,-0.0683881,723.1300048828125,,,,,,,105.8,4.408333333,105.8,4.408333333,,,,,,,,,,,,,,,,,,,"Deyvison De Los Santos","sa3015168",691277
"Charlie Condon","COL",44,189,169,41,27,7,1,6,21,21,15,0,52,3,1,1,,1,0,0.242082,0.0793002,0.277607,0.285657,0.312045,0.400583,0.311513,0.712628,0.158501,4.41753,0.313915,0,-0.189675,22.0952,-0.23658,85.3289,-0.189675,0,-3.4760627448558807,-3.5249998569488525,-0.0729475,999,,,,,,,198.9,4.520454545,198.9,4.520454545,,,,,,,,,,,,,,,,,,,"Charlie Condon","sa3025257",809707
"Jeimer Candelario",,55,238,215,46,28,11,1,7,24,25,17,0,65,3,2,0,,2,1,0.212671,0.073,0.274221,0.266208,0.278963,0.360817,0.280532,0.63978,0.148146,3.69215,0.269874,-0.100088,-0.221713,21.837,-6.28457,77.4191,-0.321801,0.0294996,-6.673689782619476,-2.120500475168228,-0.075634,999,,,,,,,207,3.763636363,207,3.763636363,,,,,,,,,,,,,,,,,,,"Jeimer Candelario","13621",600869
"Nick Castellanos","PHI",60,259,240,59,38,12,1,8,28,32,15,0,61,2,2,0,,2,1,0.248286,0.0570999,0.23411,0.243902,0.296275,0.410516,0.305614,0.706791,0.16223,3.63147,0.296248,-0.475214,-0.228795,29.0381,-1.56474,93.3301,-0.704009,-3.73813,-2.7514652013778687,-6.613133907318115,-0.0764894,332.3299865722656,,,,,,,258.1,4.301666666,258.1,4.301666666,,,,,,,,,,,,,,,,,,,"Nick Castellanos","11737",592206
"Yohandy Morales","WSN",24,105,95,22,15,5,0,2,10,10,8,0,30,1,1,0,,1,0,0.228885,0.0729995,0.288544,0.252992,0.289901,0.358135,0.284545,0.648036,0.12925,4.01536,0.307132,-0.00806639,-0.08399,9.97611,-2.43045,80.528,-0.0920564,0,-2.5152827873826027,-1.875,-0.0917648,999,,,,,,,90.4,3.766666666,90.4,3.766666666,,,,,,,,,,,,,,,,,,,"Yohandy Morales","sa3022672",691002
"Billy Cook","PIT",34,147,133,29,19,6,1,4,15,14,10,0,41,2,1,1,,3,1,0.219887,0.0703003,0.281923,0.24936,0.281932,0.351432,0.277956,0.633364,0.131544,5.03207,0.288441,-0.0583419,0.0967859,13.1801,-4.1891,74.1103,0.038444,-0.309881,-4.472201868891716,-1.5348813831806183,-0.114217,999,,,,,,,129,3.794117647,129,3.794117647,,,,,,,,,,,,,,,,,,,"Billy Cook","29573",695257
"Tanner Murray","CHW",36,154,144,32,22,7,0,3,14,14,7,0,37,1,1,1,,1,0,0.224961,0.0481002,0.241608,0.199084,0.267735,0.33968,0.266057,0.607414,0.114719,3.50653,0.281095,-0.0361994,-0.11903,12.32,-5.87629,67.5635,-0.155229,0,-6.042671591043472,-0.44999998807907104,-0.121981,999,,,,,,,109.6,3.044444444,109.6,3.044444444,,,,,,,,,,,,,,,,,,,"Tanner Murray","sa3016805",695020
"Marco Luciano","PIT",62,266,232,47,31,9,1,7,27,25,29,0,83,2,2,1,,3,1,0.204236,0.1105,0.311732,0.354471,0.295806,0.340543,0.284145,0.636349,0.136307,3.89249,0.280004,-0.00459317,-0.190665,25.1864,-6.24352,78.3504,-0.195259,0.312124,-7.0206173956394196,-3.1878757774829865,-0.139003,698.9299926757812,,,,,,,224.7,3.624193548,224.7,3.624193548,,,,,,,,,,,,,,,,,,,"Marco Luciano","25616",682617
"Kris Bryant","COL",32,140,125,30,20,6,0,4,15,16,11,0,36,2,1,0,,1,0,0.238862,0.0783001,0.259602,0.301616,0.309059,0.388748,0.306137,0.697807,0.149885,3.35015,0.301113,-0.111724,-0.167275,15.7557,-0.786362,81.6459,-0.278999,0.00952194,-3.324477970600128,-2.9904780564829707,-0.169544,999,,,,,,,138.9,4.340625,138.9,4.340625,,,,,,,,,,,,,,,,,,,"Kris Bryant","15429",592178
"Jacob Stallings","BAL",39,154,137,28,19,6,0,3,14,13,12,0,42,2,1,1,,1,0,0.203605,0.0790004,0.273665,0.288676,0.278027,0.307876,0.262499,0.585903,0.104271,3.16394,0.269861,-0.435563,-0.163954,11.8442,-6.30479,65.0315,-0.599516,-1.13433,-6.947751045227051,1.8656660318374634,-0.188504,999,,,,,,,109.3,2.802564102,109.3,2.802564102,,,,,,,,,,,,,,,,,,,"Jacob Stallings","13723",607732