Name,Team,W,L,QS,ERA,G,GS,SV,HLD,BS,IP,TBF,H,R,ER,HR,BB,IBB,HBP,SO,K/9,BB/9,K/BB,HR/9,K%,BB%,K-BB%,AVG,WHIP,BABIP,LOB%,GB%,HR/FB,FIP,WAR,RA9-WAR,ADP,InterSD,InterSK,IntraSD,Vol,Skew,Dim,FPTS,FPTS/IP,SPTS,SPTS/IP,P10,P20,P30,P40,P50,P60,P70,P80,P90,TT10,TT20,TT30,TT40,TT50,TT60,TT70,TT80,TT90,NameASCII,PlayerId,MLBAMID
"Tarik Skubal","DET",14,9,22,2.81074,32,32,0,0,,202,807,162,69,63,21,44,,7,245,10.9156,1.96172,5.56429,0.917,0.303938,0.054623,0.2493150681257248,0.214446,1.01931,0.288783,0.771663,,,2.79483,5.91911,5.81812,6.46999979019165,,,,,,,1152.3000000000002,5.704455445544555,1074,5.316831683168317,,,,,,,,,,,,,,,,,,,"Tarik Skubal","22267",669373
"Paul Skenes","PIT",13,9,21,2.9169,32,32,0,0,,196,795,160,70,64,18,52,,7,240,10.9961,2.3928,4.59548,0.812,0.301781,0.0656691,0.2361120507121086,0.217518,1.08064,0.297709,0.75883,,,2.77293,5.75798,5.76731,10.199999809265137,,,,,,,1116,5.6938775510204085,1049,5.3520408163265305,,,,,,,,,,,,,,,,,,,"Paul Skenes","33677",694973
"Garrett Crochet","BOS",14,9,21,3.01049,32,32,0,0,,195,783,159,72,65,20,50,,6,242,11.1448,2.32029,4.80318,0.911,0.30871,0.064272,0.244438074529171,0.219268,1.07399,0.300055,0.75917,,,2.84127,5.6505,5.40986,10.399999618530273,,,,,,,1099.6,5.638974358974359,1031,5.287179487179487,,,,,,,,,,,,,,,,,,,"Garrett Crochet","27463",676979
"Cristopher Sánchez","PHI",14,10,20,3.15767,32,32,0,0,,201,823,186,78,70,18,51,,7,195,8.74314,2.27253,3.84732,0.802,0.236745,0.061535,0.1752099208533764,0.242515,1.17823,0.303493,0.747515,,,3.20935,4.76164,5.19966,29.670000076293945,,,,,,,998.4,4.967164179104477,987,4.91044776119403,,,,,,,,,,,,,,,,,,,"Cristopher Sanchez","20778",650911
"Jacob deGrom","TEX",12,10,18,3.476,31,31,0,0,,185,754,160,77,71,25,42,,6,214,10.425,2.0479,5.09059,1.204,0.283444,0.05568,0.22776394709944725,0.225878,1.09234,0.288201,0.74695,,,3.33175,4.30954,3.71006,42.529998779296875,,,,,,,929.5,5.024324324324325,884,4.778378378378378,,,,,,,,,,,,,,,,,,,"Jacob deGrom","10954",594798
"Cole Ragans","KCR",12,9,18,3.22649,29,29,0,0,,172,710,139,67,62,18,62,,6,211,11.015,3.25129,3.38787,0.933,0.296547,0.087532,0.2090151607990265,0.216084,1.16793,0.292238,0.760496,,,3.21693,4.24898,4.3393,49.869998931884766,,,,,,,907.9999999999999,5.27906976744186,844,4.906976744186046,,,,,,,,,,,,,,,,,,,"Cole Ragans","21846",666142
"Chris Sale","ATL",12,7,18,3.19138,28,28,0,0,,169,686,140,65,60,18,44,,9,205,10.9718,2.3638,4.6416,0.966,0.299653,0.064558,0.23509486764669418,0.220891,1.09201,0.297352,0.750188,,,3.03345,4.15073,4.31761,32.33000183105469,,,,,,,916.2,5.4213017751479295,862,5.100591715976331,,,,,,,,,,,,,,,,,,,"Chris Sale","10603",519242
"Logan Webb","SFG",13,11,20,3.3211,32,32,0,0,,202,841,196,83,74,17,47,,6,190,8.44995,2.1174,3.99072,0.759,0.225332,0.056464,0.1688680239021778,0.249189,1.20737,0.308483,0.731503,,,3.15053,4.12489,3.99854,55.470001220703125,,,,,,,997.1000000000003,4.936138613861387,1010,5,,,,,,,,,,,,,,,,,,,"Logan Webb","17995",657277
"Sonny Gray","BOS",12,10,18,3.68218,31,31,0,0,,181,757,171,81,74,21,48,,6,190,9.42074,2.36689,3.98021,1.053,0.250801,0.063012,0.18778898566961288,0.243104,1.20609,0.304197,0.730359,,,3.44519,3.87305,3.46659,112.80000305175781,,,,,,,854.5000000000001,4.720994475138122,850,4.696132596685083,,,,,,,,,,,,,,,,,,,"Sonny Gray","12768",543243
"Dylan Cease","TOR",12,10,18,3.60353,32,32,0,0,,187,787,159,81,75,23,68,,6,219,10.5166,3.29225,3.19434,1.093,0.277754,0.086952,0.19080200791358948,0.223294,1.2164,0.289419,0.7488,,,3.5699,3.84097,3.28973,69.7300033569336,,,,,,,903.5000000000001,4.831550802139038,852,4.55614973262032,,,,,,,,,,,,,,,,,,,"Dylan Cease","18525",656302
"Framber Valdez",,12,10,19,3.47426,31,31,0,0,,190,795,180,81,73,16,63,,8,179,8.4397,2.96459,2.84684,0.761,0.224496,0.0788581,0.14563799649477005,0.2489,1.27684,0.309922,0.733158,,,3.47067,3.71929,3.81471,91.87000274658203,,,,,,,886.2,4.66421052631579,887,4.668421052631579,,,,,,,,,,,,,,,,,,,"Framber Valdez","17295",664285
"Max Fried","NYY",13,9,19,3.33937,31,31,0,0,,189,791,178,78,70,19,54,,7,179,8.49654,2.58545,3.28629,0.896,0.226008,0.068773,0.15723492205142975,0.243656,1.22549,0.298779,0.750287,,,3.52082,3.64745,3.70727,57.66999816894531,,,,,,,877.1000000000001,4.640740740740742,873,4.619047619047619,,,,,,,,,,,,,,,,,,,"Max Fried","13743",608331
"Yoshinobu Yamamoto","LAD",11,8,17,3.43268,28,28,0,0,,161,668,145,68,62,17,49,,5,170,9.46181,2.74468,3.44732,0.968,0.253892,0.073649,0.18024294078350067,0.236314,1.20346,0.29923,0.745291,,,3.44673,3.60515,3.44526,23,,,,,,,783.3000000000002,4.865217391304349,762,4.732919254658385,,,,,,,,,,,,,,,,,,,"Yoshinobu Yamamoto","33825",808967
"Hunter Brown","HOU",12,10,18,3.63146,31,31,0,0,,184,770,165,81,74,21,61,,7,200,9.77278,2.97779,3.28189,1.02,0.259739,0.079143,0.18059607595205307,0.235102,1.22679,0.29966,0.736316,,,3.54619,3.58674,3.28731,33.869998931884766,,,,,,,870.3000000000002,4.729891304347827,843,4.581521739130435,,,,,,,,,,,,,,,,,,,"Hunter Brown","25880",686613
"Hunter Greene","CIN",11,11,17,3.93789,31,31,0,0,,184,769,157,86,80,28,61,,10,220,10.772,3.00812,3.58096,1.38,0.285936,0.079849,0.2060871496796608,0.224551,1.18682,0.285804,0.741096,,,3.9018,3.57287,3.40522,43.06999969482422,,,,,,,836.0000000000002,4.543478260869566,783,4.255434782608695,,,,,,,,,,,,,,,,,,,"Hunter Greene","22182",668881
"Jesús Luzardo","PHI",12,10,18,3.57444,31,31,0,0,,181,752,159,78,72,23,57,,6,199,9.88702,2.82722,3.49708,1.161,0.264313,0.075581,0.188731849193573,0.230748,1.19357,0.290453,0.753639,,,3.65023,3.50963,3.81902,73.33000183105469,,,,,,,852.1,4.707734806629834,815,4.502762430939226,,,,,,,,,,,,,,,,,,,"Jesus Luzardo","19959",666200
"Joe Ryan","MIN",11,10,17,3.82954,31,31,0,0,,182,753,164,83,78,27,44,,9,199,9.84212,2.17822,4.51843,1.312,0.264753,0.058594,0.2061590924859047,0.233545,1.1391,0.288764,0.732807,,,3.7113,3.43248,3.00572,62.20000076293945,,,,,,,827.2999999999998,4.5456043956043946,798,4.384615384615385,,,,,,,,,,,,,,,,,,,"Joe Ryan","21390",657746
"Nathan Eovaldi","TEX",11,9,17,3.59563,29,29,0,0,,175,723,163,76,70,20,44,,7,171,8.83518,2.29381,3.85175,1.045,0.236979,0.061525,0.1754540354013443,0.242858,1.18917,0.297599,0.733897,,,3.5674,3.3949,3.15809,150,,,,,,,814.2,4.652571428571429,804,4.594285714285714,,,,,,,,,,,,,,,,,,,"Nathan Eovaldi","9132",543135
"Bryan Woo","SEA",12,11,19,3.58908,32,32,0,0,,198,811,178,85,79,26,45,,8,198,9.03558,2.03084,4.44919,1.207,0.244563,0.054968,0.18959498032927513,0.234757,1.12731,0.283986,0.740979,,,3.66343,3.34092,3.01032,39.72999954223633,,,,,,,919.6000000000001,4.644444444444445,889,4.48989898989899,,,,,,,,,,,,,,,,,,,"Bryan Woo","30279",693433
"Blake Snell","LAD",11,8,16,3.52259,28,28,0,0,,164,689,133,70,64,19,72,,4,200,11.0148,3.93525,2.79902,1.039,0.291036,0.103978,0.18705786019563675,0.217734,1.25169,0.291102,0.757569,,,3.58228,3.28673,3.42732,62.66999816894531,,,,,,,806.1000000000001,4.915243902439025,745,4.5426829268292686,,,,,,,,,,,,,,,,,,,"Blake Snell","13543",605483
"Ranger Suárez",,11,9,17,3.54965,29,29,0,0,,169,707,162,73,67,18,48,,6,154,8.22742,2.54966,3.22687,0.945,0.218301,0.0676509,0.1506499946117401,0.247719,1.24234,0.299419,0.738659,,,3.62017,3.26464,3.28603,173.39999389648438,,,,,,,754,4.461538461538462,757,4.479289940828402,,,,,,,,,,,,,,,,,,,"Ranger Suarez","17277",624133
"Pablo López","MIN",11,10,17,3.81451,31,31,0,0,,182,758,173,83,77,23,47,,8,181,8.96038,2.32012,3.86204,1.137,0.238844,0.061844,0.1770000346004963,0.245654,1.20775,0.300031,0.727355,,,3.69023,3.24153,3.00596,139.6699981689453,,,,,,,811.1000000000001,4.456593406593408,808,4.43956043956044,,,,,,,,,,,,,,,,,,,"Pablo Lopez","17085",641154
"Logan Gilbert","SEA",11,9,17,3.39244,29,29,0,0,,166,678,144,68,63,21,39,,6,182,9.8399,2.09198,4.70362,1.134,0.26852,0.057088,0.21143218502402306,0.227512,1.09786,0.286096,0.74832,,,3.38998,3.1662,2.89902,36.93000030517578,,,,,,,824.7000000000002,4.968072289156628,786,4.734939759036145,,,,,,,,,,,,,,,,,,,"Logan Gilbert","22250",669302
"George Kirby","SEA",12,10,18,3.50094,31,31,0,0,,178,732,165,75,69,22,34,,7,174,8.78757,1.70423,5.15633,1.116,0.237655,0.04609,0.19156504794955254,0.239141,1.11685,0.289229,0.735273,,,3.48438,3.16044,2.86179,63.869998931884766,,,,,,,842.5999999999999,4.7337078651685385,829,4.657303370786517,,,,,,,,,,,,,,,,,,,"George Kirby","25436",669923
"Kyle Bradish","BAL",10,8,16,3.70101,28,28,0,0,,158,663,146,71,65,19,49,,7,167,9.49342,2.80948,3.37906,1.075,0.25147,0.07442,0.17704986780881882,0.240167,1.23386,0.301206,0.737527,,,3.64898,3.12596,2.5456,77.06999969482422,,,,,,,721.9,4.568987341772152,709,4.487341772151899,,,,,,,,,,,,,,,,,,,"Kyle Bradish","24586",680694
"Tyler Glasnow","LAD",10,8,15,3.59481,26,26,0,0,,148,612,125,64,59,17,54,,4,172,10.4734,3.30251,3.17134,1.057,0.280803,0.0885439,0.19225895404815674,0.225831,1.21354,0.295484,0.743281,,,3.52081,3.06784,2.99611,110.80000305175781,,,,,,,731.1000000000001,4.939864864864866,689,4.655405405405405,,,,,,,,,,,,,,,,,,,"Tyler Glasnow","14374",607192
"Michael King","SDP",11,10,17,3.7932,31,31,0,0,,176,742,158,80,74,23,61,,7,182,9.33428,3.10624,3.00501,1.177,0.245699,0.081763,0.1639360561966896,0.234609,1.24476,0.288319,0.743299,,,3.92083,3.06207,2.79623,143.8699951171875,,,,,,,768.7,4.367613636363637,741,4.2102272727272725,,,,,,,,,,,,,,,,,,,"Michael King","19853",650633
"Zack Wheeler","PHI",9,6,13,3.20176,21,21,0,0,,126,511,105,49,45,15,31,,6,145,10.3839,2.24689,4.62145,1.038,0.284057,0.0614649,0.22259202599525452,0.222277,1.08713,0.289016,0.75602,,,3.20896,3.01561,3.24388,141.92999267578125,,,,,,,653.9000000000001,5.189682539682541,614,4.873015873015873,,,,,,,,,,,,,,,,,,,"Zack Wheeler","10310",554430
"José Soriano","LAA",11,11,18,3.6588,31,31,0,0,,177,759,169,80,72,15,75,,9,165,8.36195,3.82696,2.18501,0.759,0.217039,0.099331,0.11770797520875931,0.249994,1.37693,0.310498,0.736079,,,3.79486,3.01001,3.12168,351.6700134277344,,,,,,,763.9,4.315819209039548,768,4.338983050847458,,,,,,,,,,,,,,,,,,,"Jose Soriano","22100",667755
"Spencer Schwellenbach","ATL",11,8,16,3.64809,28,28,0,0,,167,689,159,74,68,20,38,,6,163,8.7822,2.06714,4.24849,1.085,0.236046,0.05556,0.18048600852489471,0.247013,1.18473,0.301257,0.73206,,,3.55339,2.98116,3.18476,77.47000122070312,,,,,,,770.4,4.613173652694611,769,4.604790419161676,,,,,,,,,,,,,,,,,,,"Spencer Schwellenbach","31846",680885
"Brandon Woodruff","MIL",10,9,15,3.84306,28,28,0,0,,160,662,143,73,68,23,44,,6,168,9.47544,2.45286,3.86301,1.309,0.254047,0.065764,0.18828309327363968,0.234276,1.17027,0.285643,0.737288,,,3.85712,2.95654,2.72519,106.52999877929688,,,,,,,715.3,4.470625,687,4.29375,,,,,,,,,,,,,,,,,,,"Brandon Woodruff","16162",605540
"Aaron Nola","PHI",11,10,16,3.98759,31,31,0,0,,181,759,175,86,80,27,46,,6,176,8.75906,2.29704,3.81319,1.323,0.231823,0.060795,0.17102797701954842,0.247656,1.22367,0.294402,0.7323,,,3.96279,2.95234,2.97297,210.8000030517578,,,,,,,748.3000000000002,4.13425414364641,750,4.143646408839779,,,,,,,,,,,,,,,,,,,"Aaron Nola","16149",605400
"Freddy Peralta","MIL",11,10,17,3.90843,31,31,0,0,,178,750,154,83,77,25,66,,8,200,10.1166,3.3189,3.04817,1.26,0.266066,0.0872869,0.17877891659736633,0.226944,1.23362,0.284614,0.739783,,,3.94873,2.94727,2.84169,60.79999923706055,,,,,,,787.3000000000001,4.423033707865169,743,4.174157303370786,,,,,,,,,,,,,,,,,,,"Freddy Peralta","18679",642547
"MacKenzie Gore","WSN",11,11,17,3.76138,31,31,0,0,,176,740,153,79,73,22,67,,7,193,9.88995,3.41006,2.90022,1.133,0.260765,0.089912,0.1708528846502304,0.229737,1.25099,0.290208,0.744238,,,3.82798,2.92779,3.31679,196.92999267578125,,,,,,,798.0000000000002,4.53409090909091,758,4.306818181818182,,,,,,,,,,,,,,,,,,,"MacKenzie Gore","22201",669022
"Nick Pivetta","SDP",12,11,17,3.95757,32,32,0,0,,193,808,173,91,85,30,60,,6,213,9.89256,2.77492,3.56498,1.387,0.263142,0.073813,0.18932905048131943,0.232487,1.20092,0.285564,0.742764,,,3.95352,2.89757,2.70999,85.4000015258789,,,,,,,837.4000000000001,4.338860103626944,803,4.160621761658031,,,,,,,,,,,,,,,,,,,"Nick Pivetta","15454",601713
"Shane McClanahan","TBR",9,8,14,3.56463,24,24,0,0,,142,588,129,61,56,18,42,,4,154,9.72472,2.63344,3.69279,1.129,0.261379,0.070781,0.19059806317090988,0.23727,1.19719,0.298922,0.74987,,,3.5693,2.88847,2.72945,250.27000427246094,,,,,,,664,4.676056338028169,646,4.549295774647887,,,,,,,,,,,,,,,,,,,"Shane McClanahan","21483",663556
"Drew Rasmussen","TBR",10,11,16,3.9171,31,31,0,0,,171,718,170,81,74,21,45,,6,156,8.23302,2.35629,3.49406,1.131,0.217809,0.062337,0.1554720215499401,0.25429,1.25421,0.302822,0.72444,,,3.83114,2.84433,2.4791,145.8699951171875,,,,,,,724.1000000000001,4.234502923976609,741,4.333333333333333,,,,,,,,,,,,,,,,,,,"Drew Rasmussen","25385",656876
"Kevin Gausman","TOR",11,11,16,4.05068,31,31,0,0,,185,785,178,90,83,26,55,,4,181,8.76261,2.65412,3.30151,1.247,0.22997,0.069656,0.16031405329704285,0.245039,1.25413,0.292845,0.726613,,,3.94644,2.8255,2.21016,116.80000305175781,,,,,,,771.4000000000001,4.16972972972973,772,4.172972972972973,,,,,,,,,,,,,,,,,,,"Kevin Gausman","14107",592332
"Spencer Strider","ATL",11,9,15,3.82731,28,28,0,0,,161,674,140,73,68,21,58,,7,187,10.474,3.23197,3.24074,1.183,0.277676,0.085683,0.19199316948652267,0.22898,1.22643,0.295231,0.738892,,,3.72641,2.66355,2.89192,101.87000274658203,,,,,,,748.1000000000001,4.646583850931678,711,4.416149068322981,,,,,,,,,,,,,,,,,,,"Spencer Strider","27498",675911
"Chase Burns","CIN",8,8,12,3.72758,33,23,0,1,,134,556,118,60,55,18,42,,4,152,10.2333,2.82689,3.61999,1.224,0.273702,0.0756085,0.19809375703334808,0.231568,1.19602,0.294198,0.745093,,,3.6665,2.62301,2.63404,115.93000030517578,,,,,,,633.3999999999999,4.72686567164179,606,4.522388059701493,,,,,,,,,,,,,,,,,,,"Chase Burns","35333",695505
"Eury Pérez","MIA",9,10,15,3.99253,28,28,0,0,,154,647,135,73,68,22,54,,5,172,10.0352,3.13472,3.20132,1.287,0.265265,0.0828611,0.1824040710926056,0.228628,1.22183,0.285061,0.732902,,,3.91222,2.61372,2.48777,81.80000305175781,,,,,,,685,4.4480519480519485,651,4.2272727272727275,,,,,,,,,,,,,,,,,,,"Eury Perez","27768",691587
"Jack Flaherty","DET",10,10,16,3.91339,29,29,0,0,,166,708,152,78,72,22,58,,7,179,9.71893,3.1615,3.07415,1.186,0.252692,0.082199,0.17049308121204376,0.235885,1.26658,0.293605,0.736781,,,3.86811,2.60553,2.36867,214.8699951171875,,,,,,,725.6000000000001,4.371084337349399,707,4.259036144578313,,,,,,,,,,,,,,,,,,,"Jack Flaherty","17479",656427
"Shohei Ohtani","LAD",9,6,13,3.44353,23,23,0,0,,117,480,98,48,45,15,36,,5,136,10.4805,2.78749,3.75983,1.127,0.283905,0.0755101,0.20839517563581467,0.223433,1.14831,0.289577,0.75434,,,3.47955,2.57604,2.64952,1.1299999952316284,,,,,,,575.5000000000002,4.918803418803421,539,4.6068376068376065,,,,,,,,,,,,,,,,,,,"Shohei Ohtani","19755",660271
"Yusei Kikuchi","LAA",10,11,16,4.10224,31,31,0,0,,178,748,166,87,81,26,63,,5,182,9.20495,3.18317,2.89176,1.335,0.243113,0.0840711,0.15904197096824646,0.243671,1.28514,0.295352,0.738323,,,4.17105,2.53386,2.44712,350.6000061035156,,,,,,,725.8000000000001,4.0775280898876405,712,4,,,,,,,,,,,,,,,,,,,"Yusei Kikuchi","20633",579328
"Sandy Alcantara","MIA",10,12,16,4.1493,31,31,0,0,,187,795,189,93,86,22,56,,8,159,7.64946,2.69996,2.83317,1.072,0.199481,0.070409,0.12907187640666962,0.258935,1.31489,0.303609,0.709441,,,4.00748,2.51171,2.57427,161.07000732421875,,,,,,,747.7999999999998,3.9989304812834217,775,4.144385026737968,,,,,,,,,,,,,,,,,,,"Sandy Alcantara","18684",645261
"Merrill Kelly","ARI",11,11,16,4.14771,31,31,0,0,,185,791,186,92,85,24,57,,5,169,8.22688,2.75504,2.98612,1.163,0.213899,0.071631,0.14226800203323364,0.25559,1.31314,0.303037,0.720276,,,3.98734,2.48128,2.50772,239.8699951171875,,,,,,,742.1999999999999,4.011891891891891,765,4.135135135135135,,,,,,,,,,,,,,,,,,,"Merrill Kelly","11156",518876
"Shane Bieber","TOR",10,9,14,3.86406,26,26,0,0,,153,643,153,71,66,19,36,,5,140,8.21375,2.13637,3.84473,1.147,0.217208,0.056495,0.16071287170052528,0.253749,1.23529,0.300929,0.726914,,,3.77356,2.46885,2.18666,145.3300018310547,,,,,,,657.7,4.298692810457517,675,4.411764705882353,,,,,,,,,,,,,,,,,,,"Shane Bieber","19427",669456
"Kris Bubic","KCR",10,9,12,3.79699,40,24,0,1,,155,655,147,71,66,17,54,,5,148,8.56154,3.10602,2.75644,1.008,0.225466,0.081796,0.14366954565048218,0.246375,1.29111,0.30039,0.733666,,,3.82711,2.42083,2.46878,213.8000030517578,,,,,,,678.7,4.378709677419355,677,4.367741935483871,,,,,,,,,,,,,,,,,,,"Kris Bubic","21455",663460
"Nick Lodolo","CIN",9,10,14,4.06803,28,28,0,0,,154,653,147,75,70,22,43,,13,158,9.18734,2.49826,3.67749,1.297,0.241321,0.0656211,0.17569991201162338,0.246613,1.23218,0.299526,0.723823,,,4.04482,2.40229,2.54214,125,,,,,,,634.8000000000002,4.122077922077923,632,4.103896103896104,,,,,,,,,,,,,,,,,,,"Nick Lodolo","26378",666157
"Zac Gallen",,11,12,16,4.21713,32,32,0,0,,194,832,192,98,91,27,63,,7,184,8.55046,2.90982,2.93849,1.237,0.221077,0.075235,0.14584195613861084,0.252161,1.31658,0.300129,0.721663,,,4.09694,2.37759,2.27458,224.39999389648438,,,,,,,762.3,3.929381443298969,777,4.005154639175258,,,,,,,,,,,,,,,,,,,"Zac Gallen","19291",668678
"Luis Castillo","SEA",11,11,17,3.85786,31,31,0,0,,181,763,170,84,78,25,51,,7,172,8.52038,2.53056,3.367,1.236,0.225222,0.066891,0.15833086520433426,0.241479,1.21932,0.285907,0.736157,,,3.98235,2.36354,2.03452,159.1300048828125,,,,,,,759.9000000000001,4.198342541436465,750,4.143646408839779,,,,,,,,,,,,,,,,,,,"Luis Castillo","15689",622491
"Trevor Rogers","BAL",11,11,16,4.18121,31,31,0,0,,184,790,186,93,86,24,62,,7,157,7.65648,3.04,2.51858,1.156,0.198643,0.078871,0.11977212131023407,0.257366,1.34397,0.299531,0.722836,,,4.22275,2.35873,1.87387,167.72999572753906,,,,,,,689.8000000000001,3.7489130434782614,715,3.885869565217391,,,,,,,,,,,,,,,,,,,"Trevor Rogers","22286",669432
"Matthew Boyd","CHC",11,11,17,3.93263,31,31,0,0,,183,772,173,86,80,26,55,,8,165,8.09398,2.70818,2.98872,1.255,0.213771,0.071526,0.14224499464035034,0.244654,1.24619,0.285255,0.738071,,,4.17902,2.35501,2.79987,230,,,,,,,725.6000000000001,3.965027322404372,718,3.9234972677595628,,,,,,,,,,,,,,,,,,,"Matthew Boyd","15440",571510
"David Peterson","NYM",12,10,18,3.67625,31,31,0,0,,182,782,175,82,74,19,70,,8,161,7.94162,3.47206,2.2873,0.916,0.205335,0.0897719,0.11556296795606613,0.249223,1.34956,0.299,0.744632,,,3.98427,2.34455,2.94026,362.4700012207031,,,,,,,746.0999999999999,4.099450549450549,751,4.126373626373627,,,,,,,,,,,,,,,,,,,"David Peterson","20302",656849
"Tanner Bibee","CLE",10,11,16,4.07779,31,31,0,0,,182,773,175,89,83,26,56,,8,171,8.46279,2.75213,3.075,1.261,0.221443,0.072014,0.14942898601293564,0.246656,1.2664,0.291566,0.727515,,,4.13127,2.33613,2.14249,181.1300048828125,,,,,,,722,3.967032967032967,722,3.967032967032967,,,,,,,,,,,,,,,,,,,"Tanner Bibee","30134",676440
"Joe Musgrove","SDP",10,9,15,3.89702,28,28,0,0,,159,668,152,74,69,22,41,,10,150,8.50679,2.29782,3.70212,1.222,0.224863,0.060739,0.16412382572889328,0.24658,1.21375,0.293185,0.728568,,,3.95948,2.31692,2.33677,250.8000030517578,,,,,,,657.8,4.1371069182389935,656,4.1257861635220126,,,,,,,,,,,,,,,,,,,"Joe Musgrove","12970",605397
"Mitch Keller","PIT",10,12,15,4.34919,31,31,0,0,,180,771,182,94,87,23,55,,10,156,7.78558,2.74469,2.8366,1.15,0.201733,0.0711179,0.1306149736046791,0.258095,1.31861,0.301873,0.700478,,,4.14834,2.29717,2.10364,353.79998779296875,,,,,,,692.8999999999999,3.8494444444444436,718,3.988888888888889,,,,,,,,,,,,,,,,,,,"Mitch Keller","17594",656605
"Brady Singer","CIN",10,11,15,4.39498,31,31,0,0,,176,758,178,92,86,26,56,,10,164,8.39532,2.86715,2.9281,1.357,0.216226,0.0738451,0.14238101243972778,0.256635,1.32974,0.301203,0.718644,,,4.35149,2.29072,2.28163,327.6700134277344,,,,,,,649.8000000000002,3.6920454545454557,672,3.8181818181818183,,,,,,,,,,,,,,,,,,,"Brady Singer","25377",663903
"Mason Miller","SDP",4,2,0,2.38419,66,0,32,2,,66,263,41,19,17,6,25,,2,104,14.244,3.44622,4.13321,0.751,0.397565,0.0961879,0.301377035677433,0.173427,1.0006,0.281841,0.804654,,,2.31227,2.288,2.39205,34.130001068115234,,,,,,,603.0000000000001,9.136363636363638,547,8.287878787878787,,,,,,,,,,,,,,,,,,,"Mason Miller","31757",695243
"Casey Mize","DET",10,10,15,4.0871,29,29,0,0,,162,688,161,80,74,22,45,,5,143,7.94295,2.49217,3.18716,1.209,0.20837,0.065378,0.1429920196533203,0.253208,1.27107,0.295536,0.721062,,,4.04403,2.27946,1.91887,259.5299987792969,,,,,,,645.5999999999998,3.985185185185184,660,4.074074074074074,,,,,,,,,,,,,,,,,,,"Casey Mize","20492",663554
"Grayson Rodriguez","LAA",8,8,13,3.80794,23,23,0,0,,129,540,117,59,55,17,44,,5,136,9.47328,3.04313,3.113,1.171,0.251042,0.080643,0.17039890587329865,0.237733,1.24597,0.295036,0.740968,,,3.84376,2.26582,2.19636,308.4700012207031,,,,,,,566.3,4.389922480620155,549,4.255813953488372,,,,,,,,,,,,,,,,,,,"Grayson Rodriguez","24492",680570
"Cody Ponce","TOR",9,9,12,4.00521,38,24,0,1,,153,645,149,73,68,20,44,,6,147,8.66139,2.59065,3.34333,1.161,0.227468,0.0680364,0.1594315692782402,0.250525,1.26537,0.30191,0.722659,,,3.87416,2.25634,1.70735,317.3299865722656,,,,,,,646.8000000000001,4.227450980392157,653,4.26797385620915,,,,,,,,,,,,,,,,,,,"Cody Ponce","17920",664074
"Carlos Rodón","NYY",10,9,15,4.0289,28,28,0,0,,162,688,145,78,72,23,59,,7,174,9.71118,3.27042,2.9694,1.288,0.253462,0.085358,0.16810405254364014,0.232716,1.25909,0.286506,0.73597,,,4.06206,2.23123,1.97215,193.1999969482422,,,,,,,688.9000000000001,4.252469135802469,661,4.080246913580247,,,,,,,,,,,,,,,,,,,"Carlos Rodon","16137",607074
"Nolan McLean","NYM",10,9,16,3.74008,28,28,0,0,,163,698,151,74,68,17,63,,9,154,8.51436,3.49328,2.43736,0.938,0.220995,0.0906699,0.13032489269971848,0.241677,1.31564,0.295346,0.73466,,,3.92713,2.20424,2.5697,92.19999694824219,,,,,,,696.5000000000001,4.273006134969326,686,4.208588957055214,,,,,,,,,,,,,,,,,,,"Nolan McLean","33703",690997
"Michael Wacha","KCR",10,11,14,4.39053,29,29,0,0,,170,725,174,89,83,24,50,,6,135,7.14828,2.64321,2.70439,1.272,0.186173,0.0688409,0.11733192950487137,0.259982,1.31792,0.293904,0.710045,,,4.36376,2.15712,1.88136,364.6700134277344,,,,,,,612.4,3.6023529411764703,640,3.764705882352941,,,,,,,,,,,,,,,,,,,"Michael Wacha","14078",608379
"Cade Cavalli","WSN",9,10,14,3.97533,26,26,0,0,,152,648,149,73,67,17,52,,8,127,7.54725,3.08985,2.4426,0.999,0.19648,0.0804391,0.11604100465774536,0.25459,1.32861,0.299361,0.721086,,,4.09472,2.15709,2.35692,344.1300048828125,,,,,,,602.3,3.9625,613,4.032894736842105,,,,,,,,,,,,,,,,,,,"Cade Cavalli","27473",676917
"Shota Imanaga","CHC",10,10,15,4.11696,29,29,0,0,,171,715,168,84,78,30,37,,5,156,8.17146,1.96337,4.16195,1.552,0.217724,0.0523129,0.1654110737144947,0.249861,1.19871,0.284144,0.742441,,,4.29826,2.15557,2.22836,171.1300048828125,,,,,,,645.6000000000001,3.7754385964912287,651,3.807017543859649,,,,,,,,,,,,,,,,,,,"Shota Imanaga","33829",684007
"Clay Holmes","NYM",11,10,17,3.91481,31,31,0,0,,176,760,173,84,76,16,71,,10,146,7.49623,3.62008,2.07074,0.844,0.19232,0.092875,0.0994449257850647,0.254911,1.38918,0.303279,0.723546,,,4.06582,2.14265,2.33443,347.7300109863281,,,,,,,704.8000000000002,4.004545454545456,721,4.096590909090909,,,,,,,,,,,,,,,,,,,"Clay Holmes","13649",605280
"Reese Olson","DET",8,9,12,3.93661,32,24,0,1,,141,603,137,67,62,16,47,,6,131,8.3687,2.99076,2.79818,1.027,0.217852,0.0778547,0.1399969458580017,0.24818,1.29868,0.299052,0.722837,,,3.88217,2.09258,1.84622,304.20001220703125,,,,,,,597.4000000000001,4.236879432624114,604,4.283687943262412,,,,,,,,,,,,,,,,,,,"Reese Olson","24968",681857
"Chris Bassitt",,10,10,15,4.14553,29,29,0,0,,164,703,159,82,76,21,57,,10,148,8.14151,3.10976,2.61805,1.132,0.211046,0.080612,0.13043411076068878,0.250482,1.31761,0.296901,0.71789,,,4.17743,2.0898,2.00945,413.20001220703125,,,,,,,636.9000000000002,3.8835365853658548,642,3.9146341463414633,,,,,,,,,,,,,,,,,,,"Chris Bassitt","12304",605135
"Trey Yesavage","TOR",9,8,12,3.81207,34,24,0,1,,147,621,128,67,62,18,60,,5,162,9.91109,3.65817,2.7093,1.105,0.260064,0.0959895,0.1640748232603073,0.229684,1.2773,0.291363,0.740954,,,3.8578,2.08526,2.00599,141.27000427246094,,,,,,,666.5999999999999,4.53469387755102,634,4.312925170068027,,,,,,,,,,,,,,,,,,,"Trey Yesavage","35456",702056
"Ryan Pepiot","TBR",10,11,15,4.2577,31,31,0,0,,175,745,164,88,83,27,63,,8,179,9.22506,3.22826,2.8576,1.412,0.240364,0.084114,0.15625004470348358,0.242387,1.29493,0.290728,0.733691,,,4.33017,2.08453,2.00971,139.60000610351562,,,,,,,681.5000000000001,3.894285714285715,669,3.822857142857143,,,,,,,,,,,,,,,,,,,"Ryan Pepiot","26221",686752
"Zach Eflin",,10,10,15,4.15549,29,29,0,0,,164,689,172,82,76,24,32,,5,128,7.0339,1.75757,4.00206,1.316,0.186164,0.0465171,0.1396469734609127,0.264187,1.24405,0.296692,0.717436,,,4.158,2.02522,2.01024,463.6000061035156,,,,,,,616.2,3.757317073170732,653,3.981707317073171,,,,,,,,,,,,,,,,,,,"Zach Eflin","13774",621107
"Andrew Abbott","CIN",9,11,14,4.57159,29,29,0,0,,168,720,167,90,85,30,54,,5,155,8.31092,2.89859,2.86723,1.587,0.215068,0.075009,0.14005914330482483,0.25275,1.31871,0.288493,0.726782,,,4.63205,2.01834,1.96733,208.72999572753906,,,,,,,573,3.4107142857142856,583,3.4702380952380953,,,,,,,,,,,,,,,,,,,"Andrew Abbott","29911",671096
"Edward Cabrera","MIA",8,9,13,4.02936,26,26,0,0,,142,606,129,69,64,17,58,,7,150,9.46817,3.63868,2.60209,1.05,0.247014,0.0949291,0.15208514034748077,0.238478,1.31139,0.299974,0.720094,,,3.91358,2.01608,2.1188,193.8699951171875,,,,,,,611.3,4.304929577464788,594,4.183098591549296,,,,,,,,,,,,,,,,,,,"Edward Cabrera","21690",665795
"Foster Griffin","WSN",8,9,11,3.91879,37,23,0,1,,143,606,143,68,62,17,42,,6,123,7.73738,2.62191,2.95105,1.077,0.203212,0.068861,0.13435130566358566,0.255393,1.28611,0.300136,0.726328,,,3.97779,2.01551,2.10569,582.3300170898438,,,,,,,583.3,4.079020979020979,600,4.195804195804196,,,,,,,,,,,,,,,,,,,"Foster Griffin","16432",656492
"Gavin Williams","CLE",10,11,16,4.067,31,31,0,0,,177,760,163,87,80,23,77,,6,180,9.15588,3.88301,2.35794,1.147,0.237239,0.100613,0.13662594556808472,0.240063,1.34882,0.295121,0.735382,,,4.15755,1.99685,2.03523,138.6699981689453,,,,,,,714.1000000000001,4.034463276836159,697,3.937853107344633,,,,,,,,,,,,,,,,,,,"Gavin Williams","30122",668909
"Brayan Bello","BOS",9,11,14,4.39422,29,29,0,0,,168,730,176,89,82,20,59,,9,140,7.49628,3.1572,2.37435,1.056,0.191655,0.080719,0.11093597114086151,0.265871,1.39885,0.3111,0.703937,,,4.20661,1.97087,1.81506,334.92999267578125,,,,,,,615.6,3.6642857142857146,656,3.9047619047619047,,,,,,,,,,,,,,,,,,,"Brayan Bello","23920",678394
"Shane Baz","BAL",10,10,15,4.27279,29,29,0,0,,168,720,161,86,80,24,61,,8,165,8.83175,3.27978,2.69279,1.277,0.229331,0.0851649,0.1441659927368164,0.247909,1.32342,0.297655,0.722528,,,4.24899,1.95906,1.60006,193.92999267578125,,,,,,,652.4,3.8833333333333333,651,3.875,,,,,,,,,,,,,,,,,,,"Shane Baz","22264",669358
"Seth Lugo","KCR",9,10,14,4.38254,28,28,0,0,,161,697,166,85,79,22,53,,7,138,7.71521,2.93747,2.62648,1.224,0.198281,0.0754929,0.12278791517019272,0.259651,1.3536,0.300792,0.713186,,,4.29037,1.93291,1.71771,347.20001220703125,,,,,,,585.2,3.6347826086956525,615,3.8198757763975157,,,,,,,,,,,,,,,,,,,"Seth Lugo","12447",607625
"Reid Detmers","LAA",8,9,12,4.03994,34,24,0,1,,149,631,135,72,67,20,57,,7,157,9.49899,3.44639,2.75621,1.234,0.248923,0.0903133,0.15860939770936966,0.237637,1.28888,0.293476,0.735165,,,4.08984,1.90169,2.00824,343.20001220703125,,,,,,,631.6000000000001,4.238926174496645,611,4.100671140939597,,,,,,,,,,,,,,,,,,,"Reid Detmers","27468",672282
"Gerrit Cole","NYY",8,7,12,4.00397,23,23,0,0,,131,552,122,63,58,20,38,,5,133,9.15642,2.64067,3.46746,1.349,0.241526,0.0696549,0.17187100648880005,0.239,1.22121,0.28655,0.735241,,,4.03975,1.89114,1.60352,272.3999938964844,,,,,,,543.2,4.146564885496184,532,4.061068702290076,,,,,,,,,,,,,,,,,,,"Gerrit Cole","13125",543037
"Brandon Pfaadt","ARI",10,11,15,4.33441,31,31,0,0,,176,746,183,91,85,25,42,,7,152,7.80079,2.14515,3.63648,1.282,0.204294,0.056179,0.14811498671770096,0.262978,1.28051,0.304604,0.706118,,,4.09267,1.88724,2.03498,377.4700012207031,,,,,,,676.1000000000001,3.8414772727272735,712,4.045454545454546,,,,,,,,,,,,,,,,,,,"Brandon Pfaadt","27782",694297
"Luis Severino","ATH",10,11,15,4.51489,31,31,0,0,,182,786,188,98,92,27,59,,10,149,7.33675,2.89389,2.53526,1.324,0.189125,0.074598,0.11452706903219223,0.26166,1.35027,0.296916,0.708867,,,4.55362,1.87636,1.74736,445.7300109863281,,,,,,,616.8999999999999,3.3895604395604386,650,3.5714285714285716,,,,,,,,,,,,,,,,,,,"Luis Severino","15890",622663
"Quinn Priester","MIL",10,11,15,4.14132,29,29,0,0,,169,726,172,85,78,20,58,,7,138,7.32967,3.09503,2.36821,1.065,0.189594,0.0800579,0.10953597724437714,0.260805,1.36381,0.302758,0.719061,,,4.19935,1.87306,2.05287,282,,,,,,,638.4000000000001,3.777514792899409,666,3.940828402366864,,,,,,,,,,,,,,,,,,,"Quinn Priester","25977",682990
"Jhoan Duran","PHI",4,3,0,2.78412,70,0,29,3,,70,285,56,24,22,5,23,,3,84,10.7825,2.94837,3.65708,0.665,0.294241,0.0804579,0.21378345042467117,0.217841,1.13309,0.301608,0.7646,,,2.82175,1.86838,2.11951,37.79999923706055,,,,,,,557.9,7.97,532,7.6,,,,,,,,,,,,,,,,,,,"Jhoan Duran","21029",661395
"Jeffrey Springs","ATH",10,11,14,4.6255,31,31,0,0,,175,756,179,96,90,29,56,,5,150,7.69531,2.87386,2.67769,1.507,0.198197,0.0740179,0.12417902797460556,0.258244,1.34298,0.291086,0.71718,,,4.65221,1.86249,1.50963,435.3999938964844,,,,,,,589.9,3.3708571428571426,615,3.5142857142857142,,,,,,,,,,,,,,,,,,,"Jeffrey Springs","17677",605488
"Bubba Chandler","PIT",9,10,12,4.29695,38,26,0,1,,162,703,158,84,78,21,63,,8,148,8.22322,3.51517,2.33935,1.151,0.210999,0.0901957,0.12080375105142593,0.249527,1.36124,0.295873,0.716344,,,4.29114,1.85601,1.88974,147.6699981689453,,,,,,,616.7,3.8067901234567905,624,3.8518518518518516,,,,,,,,,,,,,,,,,,,"Bubba Chandler","29868",696149
"Cam Schlittler","NYY",9,9,14,4.07005,26,26,0,0,,148,635,138,73,67,19,57,,7,141,8.56725,3.44827,2.48451,1.178,0.222463,0.0895399,0.132922925055027,0.242196,1.31577,0.289656,0.72931,,,4.21772,1.82471,1.61803,125.33000183105469,,,,,,,592.7,4.00472972972973,583,3.939189189189189,,,,,,,,,,,,,,,,,,,"Cam Schlittler","32095",693645
"Braxton Garrett","MIA",7,7,9,3.76319,40,18,0,1,,122,511,120,56,51,14,30,,7,109,8.03158,2.2102,3.63386,1.023,0.212683,0.0585279,0.15415460243821144,0.253382,1.23269,0.302264,0.723349,,,3.7285,1.79639,1.79641,506.2699890136719,,,,,,,529.6000000000001,4.340983606557378,539,4.418032786885246,,,,,,,,,,,,,,,,,,,"Braxton Garrett","21844",666129
"Emmet Sheehan","LAD",8,6,8,3.878,40,18,0,1,,120,503,104,55,52,18,42,,5,136,10.2101,3.11787,3.2747,1.321,0.270613,0.0826376,0.18797558546066284,0.227874,1.21318,0.28543,0.746259,,,3.93982,1.79433,1.73119,121.7300033569336,,,,,,,531.2,4.426666666666667,501,4.175,,,,,,,,,,,,,,,,,,,"Emmet Sheehan","29839",686218
"Sean Manaea","NYM",10,9,14,4.01992,28,28,0,0,,149,631,137,72,67,21,51,,8,149,8.98988,3.06031,2.93757,1.283,0.236134,0.0803841,0.155750073492527,0.238801,1.25674,0.287004,0.734728,,,4.16467,1.78122,1.88465,279.6000061035156,,,,,,,609.1000000000001,4.087919463087249,593,3.9798657718120807,,,,,,,,,,,,,,,,,,,"Sean Manaea","15873",640455
"Tatsuya Imai",,8,9,13,4.29245,26,26,0,0,,148,640,145,76,70,18,59,,7,138,8.41018,3.62036,2.32302,1.109,0.215581,0.092802,0.12277893722057343,0.252851,1.38453,0.303862,0.716853,,,4.21771,1.77947,1.60991,999,,,,,,,574.8000000000001,3.8837837837837843,584,3.945945945945946,,,,,,,,,,,,,,,,,,,"Tatsuya Imai","sa3062955",
"Shane Smith","CHW",9,11,14,4.38215,29,29,0,0,,168,724,163,88,82,24,65,,10,153,8.19763,3.46847,2.36347,1.268,0.211772,0.0896021,0.12217004597187042,0.250202,1.35086,0.293757,0.717593,,,4.47193,1.77665,1.62594,270.6000061035156,,,,,,,605.2,3.6023809523809525,609,3.625,,,,,,,,,,,,,,,,,,,"Shane Smith","31687",681343
"Zack Littell",,10,12,15,4.5436,31,31,0,0,,177,754,190,96,90,29,38,,7,135,6.83132,1.90862,3.5792,1.491,0.178677,0.049921,0.12875602021813393,0.267873,1.28253,0.294582,0.706904,,,4.52654,1.73882,1.41559,442.1300048828125,,,,,,,594.0999999999999,3.3564971751412425,643,3.632768361581921,,,,,,,,,,,,,,,,,,,"Zack Littell","15823",641793
"Jack Leiter","TEX",9,11,14,4.46216,29,29,0,0,,162,700,152,86,80,24,69,,7,156,8.68006,3.81403,2.27583,1.324,0.222981,0.097978,0.1250028908252716,0.24333,1.36259,0.288245,0.719687,,,4.51996,1.73473,1.27345,245,,,,,,,592.3999999999999,3.656790123456789,582,3.5925925925925926,,,,,,,,,,,,,,,,,,,"Jack Leiter","30146",683004
"Noah Cameron","KCR",9,9,13,4.20088,26,26,0,0,,148,635,150,75,69,19,50,,6,122,7.39464,3.01043,2.45634,1.16,0.19185,0.0781039,0.11374596506357193,0.258313,1.34466,0.297717,0.721575,,,4.28345,1.73175,1.88843,261.07000732421875,,,,,,,547.5,3.699324324324324,569,3.8445945945945947,,,,,,,,,,,,,,,,,,,"Noah Cameron","30184",702070
"Edwin Díaz","LAD",4,3,0,3.01647,66,0,36,3,,66,268,48,24,22,7,24,,3,91,12.3591,3.27136,3.77797,0.892,0.337679,0.0893809,0.24829769879579544,0.199078,1.091,0.287984,0.763061,,,2.91387,1.73061,1.74003,32.66999816894531,,,,,,,570.5000000000001,8.643939393939396,532,8.06060606060606,,,,,,,,,,,,,,,,,,,"Edwin Diaz","14710",621242
"Kyle Freeland","COL",9,14,13,5.13893,32,32,0,0,,186,817,218,113,106,31,49,,7,139,6.70464,2.37734,2.82022,1.507,0.169851,0.0602261,0.10962491855025291,0.286776,1.43541,0.316478,0.688537,,,4.72714,1.69333,1.7905,999,,,,,,,538.3000000000002,2.894086021505377,637,3.424731182795699,,,,,,,,,,,,,,,,,,,"Kyle Freeland","16256",607536
"Zebby Matthews","MIN",8,8,9,4.01589,43,19,0,1,,129,538,126,62,57,18,32,,4,121,8.47045,2.22698,3.80356,1.263,0.225345,0.0592458,0.1660994067788124,0.250092,1.22271,0.296272,0.724253,,,3.90783,1.68927,1.50426,288.07000732421875,,,,,,,543.5999999999999,4.213953488372092,549,4.255813953488372,,,,,,,,,,,,,,,,,,,"Zebby Matthews","31827",805673
"Bailey Ober","MIN",8,9,10,4.34783,35,23,0,1,,141,598,141,73,68,24,33,,5,129,8.23681,2.1147,3.89502,1.537,0.216261,0.0555223,0.1607382372021675,0.252387,1.23396,0.288355,0.724475,,,4.34607,1.68413,1.38259,298.3299865722656,,,,,,,529.6,3.7560283687943263,541,3.8368794326241136,,,,,,,,,,,,,,,,,,,"Bailey Ober","21224",641927
"Steven Matz","TBR",8,9,10,4.2786,35,23,0,1,,138,585,141,71,65,20,39,,5,113,7.40529,2.55539,2.89791,1.293,0.19363,0.0668172,0.12681292742490768,0.261739,1.31211,0.298642,0.718951,,,4.32064,1.68076,1.37644,577.530029296875,,,,,,,506.6,3.6710144927536232,528,3.8260869565217392,,,,,,,,,,,,,,,,,,,"Steven Matz","13361",571927
"Jameson Taillon","CHC",9,11,14,4.5383,29,29,0,0,,171,727,179,92,86,28,42,,5,133,7.0161,2.18644,3.20891,1.482,0.183354,0.057139,0.1262148767709732,0.263726,1.29252,0.291514,0.709603,,,4.53231,1.67917,1.41647,326.5299987792969,,,,,,,580.6,3.3953216374269006,616,3.6023391812865495,,,,,,,,,,,,,,,,,,,"Jameson Taillon","11674",592791
"Roki Sasaki","LAD",8,8,9,4.20518,41,21,0,1,,135,580,131,68,63,17,50,,7,128,8.50545,3.32837,2.55544,1.164,0.220152,0.0861503,0.13400143384933472,0.25036,1.33876,0.300309,0.719621,,,4.19389,1.67839,1.45669,232.47000122070312,,,,,,,538.3,3.987407407407407,543,4.022222222222222,,,,,,,,,,,,,,,,,,,"Roki Sasaki","35323",808963
"Anthony Kay","CHW",8,9,12,4.24402,24,24,0,0,,139,601,144,71,65,17,53,,6,107,6.98227,3.42125,2.04085,1.087,0.178746,0.0875839,0.09116209298372269,0.264672,1.41743,0.303223,0.724019,,,4.41695,1.64803,1.52854,545.7999877929688,,,,,,,482.10000000000014,3.468345323741008,511,3.676258992805755,,,,,,,,,,,,,,,,,,,"Anthony Kay","20387",641743
"Patrick Sandoval","BOS",7,7,9,3.93894,35,19,0,1,,123,528,119,59,54,14,48,,5,115,8.35956,3.50563,2.38461,0.988,0.217172,0.0910724,0.12609977275133133,0.250047,1.35242,0.303359,0.73092,,,3.98284,1.64415,1.73023,600.0700073242188,,,,,,,503.6,4.094308943089431,508,4.130081300813008,,,,,,,,,,,,,,,,,,,"Patrick Sandoval","19447",663776
"Braxton Ashcraft","PIT",8,9,10,4.09144,41,23,0,1,,141,604,142,70,64,16,46,,6,120,7.61514,2.95233,2.57937,1.026,0.198179,0.0768325,0.12134694308042526,0.2573,1.33137,0.302563,0.715031,,,4.03498,1.64124,1.76765,294.8699951171875,,,,,,,565.4000000000001,4.009929078014185,585,4.148936170212766,,,,,,,,,,,,,,,,,,,"Braxton Ashcraft","23793",677952
"Reynaldo López","ATL",8,8,10,4.02463,37,21,0,1,,134,568,126,65,60,17,46,,4,137,9.1935,3.10388,2.96194,1.144,0.241269,0.0814563,0.15981251746416092,0.243075,1.28225,0.299243,0.725354,,,3.87722,1.62665,1.75386,386.3999938964844,,,,,,,582.8999999999999,4.349999999999999,577,4.3059701492537314,,,,,,,,,,,,,,,,,,,"Reynaldo Lopez","16400",625643
"Eduardo Rodriguez","ARI",9,9,13,4.34984,26,26,0,0,,143,617,145,74,69,20,50,,4,126,7.91458,3.16503,2.50063,1.231,0.204284,0.081693,0.12259101122617722,0.257052,1.36066,0.299826,0.71961,,,4.29306,1.62022,1.64653,568.0700073242188,,,,,,,525.2,3.672727272727273,545,3.8111888111888113,,,,,,,,,,,,,,,,,,,"Eduardo Rodriguez","13164",593958
"Ryan Weathers","MIA",8,9,13,3.96228,24,24,0,0,,133,566,127,63,59,17,47,,6,125,8.48311,3.20128,2.64991,1.144,0.221315,0.0835179,0.13779696822166443,0.247373,1.31098,0.29662,0.736073,,,4.09413,1.61471,2.15272,317.6700134277344,,,,,,,535.9000000000001,4.029323308270677,535,4.022556390977444,,,,,,,,,,,,,,,,,,,"Ryan Weathers","23796",677960
"Cade Smith","CLE",4,3,0,2.97469,70,0,30,3,,70,285,55,25,23,7,22,,3,88,11.3088,2.8449,3.97511,0.87,0.308353,0.0775708,0.23078188300132751,0.21121,1.10058,0.29132,0.766652,,,2.96103,1.59697,1.69312,37.93000030517578,,,,,,,551.9,7.884285714285714,522,7.457142857142857,,,,,,,,,,,,,,,,,,,"Cade Smith","27867",671922
"Mike Burrows","HOU",8,9,11,4.24415,32,24,0,1,,138,588,132,70,65,20,47,,6,133,8.71615,3.10444,2.80764,1.308,0.22653,0.0806834,0.14584628492593765,0.246733,1.30477,0.293368,0.724142,,,4.24272,1.59558,1.38909,343.6700134277344,,,,,,,543,3.9347826086956523,541,3.920289855072464,,,,,,,,,,,,,,,,,,,"Mike Burrows","24728",681347
"Kumar Rocker","TEX",8,8,12,4.25297,24,24,0,0,,131,556,131,67,62,17,42,,5,112,7.73152,2.8808,2.6838,1.176,0.201535,0.0750929,0.12644188851118088,0.257211,1.32389,0.299746,0.712359,,,4.19553,1.59449,1.28863,511.2699890136719,,,,,,,502.70000000000005,3.837404580152672,517,3.946564885496183,,,,,,,,,,,,,,,,,,,"Kumar Rocker","31843",677958
"Jacob Lopez","ATH",8,8,12,4.35968,24,24,0,0,,136,588,127,71,66,20,55,,7,136,8.97764,3.66311,2.45083,1.348,0.231324,0.0943861,0.13693801313638687,0.241458,1.3373,0.28849,0.726727,,,4.46547,1.59005,1.53021,371,,,,,,,516.2,3.795588235294118,506,3.7205882352941178,,,,,,,,,,,,,,,,,,,"Jacob Lopez","25098",682052
"Robbie Ray","SFG",10,11,16,4.20074,31,31,0,0,,180,774,167,90,84,26,69,,7,187,9.37007,3.43534,2.72755,1.291,0.241852,0.08867,0.15318208932876587,0.238781,1.30887,0.290445,0.730009,,,4.18329,1.58436,1.85839,153.6699981689453,,,,,,,724,4.022222222222222,708,3.933333333333333,,,,,,,,,,,,,,,,,,,"Robbie Ray","11486",592662
"Jacob Misiorowski","MIL",9,9,11,4.0397,40,24,0,1,,147,633,127,71,66,19,69,,9,162,9.91805,4.23906,2.33968,1.162,0.256419,0.109596,0.1468236893415451,0.228283,1.33115,0.288175,0.737261,,,4.19891,1.57506,1.88766,126.93000030517578,,,,,,,617.8999999999999,4.203401360544217,582,3.9591836734693877,,,,,,,,,,,,,,,,,,,"Jacob Misiorowski","31623",694819
"Justin Verlander",,8,9,12,4.43978,26,26,0,0,,143,615,142,75,71,22,45,,6,121,7.61351,2.80185,2.71731,1.382,0.19719,0.0725679,0.1246219128370285,0.252301,1.30484,0.285863,0.714626,,,4.49588,1.56439,1.39766,500.7300109863281,,,,,,,507.40000000000003,3.5482517482517486,518,3.6223776223776225,,,,,,,,,,,,,,,,,,,"Justin Verlander","8700",434378
"Ryne Nelson","ARI",10,10,14,4.3863,29,29,0,0,,166,708,173,87,81,23,48,,6,136,7.40581,2.59831,2.85024,1.248,0.192551,0.0675559,0.12499498575925827,0.263488,1.32973,0.301852,0.710527,,,4.25973,1.5482,1.80248,266.8699951171875,,,,,,,605.7,3.648795180722892,641,3.86144578313253,,,,,,,,,,,,,,,,,,,"Ryne Nelson","26253",669194
"Dustin May","STL",9,10,11,4.18962,40,24,0,1,,155,667,150,78,72,19,57,,9,143,8.32735,3.32522,2.5043,1.126,0.214601,0.0856931,0.12890806049108505,0.248763,1.33621,0.296785,0.717984,,,4.1871,1.5179,1.54349,493.3999938964844,,,,,,,615.3,3.9696774193548383,620,4,,,,,,,,,,,,,,,,,,,"Dustin May","19716",669160
"Aroldis Chapman","BOS",3,3,0,2.99729,62,0,31,2,,62,256,45,23,21,6,28,,2,87,12.5631,4.0704,3.08646,0.844,0.337669,0.109403,0.22826604545116425,0.199719,1.18099,0.294083,0.778946,,,3.01803,1.5133,1.58994,49.93000030517578,,,,,,,515,8.306451612903226,479,7.725806451612903,,,,,,,,,,,,,,,,,,,"Aroldis Chapman","10233",547973
"Jared Jones","PIT",6,6,9,3.85935,16,16,0,0,,92,387,83,42,39,12,31,,4,96,9.43464,3.04199,3.10147,1.134,0.24876,0.0802069,0.1685527190566063,0.236928,1.24635,0.294165,0.733036,,,3.81726,1.51,1.69268,445.6700134277344,,,,,,,404.40000000000003,4.395652173913044,391,4.25,,,,,,,,,,,,,,,,,,,"Jared Jones","27863",683003
"Lance McCullers Jr.","HOU",8,9,11,4.40657,34,24,0,1,,142,618,138,75,69,18,64,,7,132,8.36409,4.0353,2.07273,1.159,0.213253,0.102885,0.11036796867847443,0.251452,1.4192,0.300434,0.7185,,,4.44167,1.47146,1.11119,700.469970703125,,,,,,,525.5999999999999,3.701408450704225,531,3.73943661971831,,,,,,,,,,,,,,,,,,,"Lance McCullers Jr.","14120",621121
"Jon Gray",,7,8,11,4.45621,23,23,0,0,,126,541,127,67,62,19,42,,5,108,7.69438,2.96594,2.59425,1.332,0.199199,0.0767849,0.12241395562887192,0.257557,1.34043,0.29531,0.714292,,,4.45023,1.4691,1.14001,999,,,,,,,443.50000000000006,3.51984126984127,458,3.634920634920635,,,,,,,,,,,,,,,,,,,"Jon Gray","14916",592351
"Tyler Mahle",,8,9,13,4.32837,26,26,0,0,,144,617,145,75,69,21,47,,4,123,7.65477,2.91035,2.63019,1.296,0.199024,0.075669,0.12335483729839325,0.255643,1.32547,0.293329,0.720016,,,4.36689,1.46722,1.4595,401.6000061035156,,,,,,,523.3000000000002,3.634027777777779,540,3.75,,,,,,,,,,,,,,,,,,,"Tyler Mahle","16358",641816
"Will Warren","NYY",9,9,10,4.08749,45,23,0,1,,143,613,137,70,65,20,50,,6,138,8.7217,3.14651,2.77187,1.241,0.225325,0.0812898,0.1440349668264389,0.245909,1.31157,0.293799,0.733086,,,4.15643,1.46525,1.3677,326.8699951171875,,,,,,,568,3.972027972027972,567,3.965034965034965,,,,,,,,,,,,,,,,,,,"Will Warren","30182",701542
"Michael McGreevy","STL",9,9,12,4.04864,34,24,0,1,,149,629,159,73,67,17,36,,5,101,6.12061,2.20072,2.78118,1.056,0.160591,0.0577419,0.10284867510199547,0.26982,1.31232,0.300777,0.714816,,,4.13246,1.45995,1.75548,476.92999267578125,,,,,,,563.1000000000001,3.779194630872484,607,4.073825503355705,,,,,,,,,,,,,,,,,,,"Michael McGreevy","29869",700241
"Taj Bradley","MIN",7,8,8,4.14416,44,18,0,1,,124,526,118,61,57,17,43,,4,123,8.94559,3.10737,2.87883,1.237,0.234071,0.0813076,0.15276332199573517,0.245981,1.29684,0.297443,0.726522,,,4.06767,1.44894,1.26459,382.2699890136719,,,,,,,510.6999999999999,4.118548387096773,508,4.096774193548387,,,,,,,,,,,,,,,,,,,"Taj Bradley","22543",671737
"Michael Soroka","ARI",9,9,10,4.22695,49,23,6,1,,149,638,142,75,70,18,54,,10,146,8.83574,3.2712,2.70107,1.117,0.228775,0.0846981,0.14407727122306824,0.248294,1.32234,0.302891,0.711281,,,4.07349,1.44543,1.58554,409.79998779296875,,,,,,,646.0000000000002,4.335570469798659,645,4.328859060402684,,,,,,,,,,,,,,,,,,,"Michael Soroka","18383",647336
"Max Scherzer",,8,9,11,4.42142,24,24,0,0,,133,563,128,69,65,23,38,,5,128,8.66023,2.57821,3.35901,1.553,0.226898,0.067549,0.15934884548187256,0.246253,1.25033,0.284714,0.723038,,,4.43416,1.43442,1.37607,523.9299926757812,,,,,,,495.50000000000006,3.7255639097744364,493,3.706766917293233,,,,,,,,,,,,,,,,,,,"Max Scherzer","3137",453286
"Griffin Jax","TBR",4,3,0,3.12528,67,0,12,10,,67,274,56,25,23,7,20,,2,82,11.0386,2.71667,4.06327,0.94,0.29939,0.073682,0.2257077321410179,0.220756,1.13151,0.298773,0.762949,,,3.05522,1.42399,1.4308,201,,,,,,,462.0999999999999,6.897014925373133,442,6.597014925373134,,,,,,,,,,,,,,,,,,,"Griffin Jax","20253",643377
"Andre Pallante","STL",8,10,13,4.20477,26,26,0,0,,148,643,157,76,69,14,57,,5,103,6.27571,3.48766,1.7994,0.847,0.160449,0.089168,0.07128103077411652,0.271082,1.4512,0.309527,0.71057,,,4.2303,1.42152,1.50136,731.4000244140625,,,,,,,534.8,3.6135135135135132,578,3.9054054054054053,,,,,,,,,,,,,,,,,,,"Andre Pallante","26108",669467
"Kodai Senga","NYM",8,7,9,3.92201,35,19,0,1,,123,530,112,58,54,15,52,,5,124,9.0744,3.81743,2.3771,1.068,0.234984,0.0988535,0.1361309140920639,0.237687,1.3344,0.292889,0.737309,,,4.04488,1.41226,1.4225,300.8699951171875,,,,,,,515.5,4.191056910569106,501,4.073170731707317,,,,,,,,,,,,,,,,,,,"Kodai Senga","31838",673540
"Josh Hader","HOU",4,3,0,3.29296,66,0,32,2,,66,271,49,26,24,8,25,,3,90,12.2965,3.45547,3.55856,1.145,0.332142,0.0933361,0.23880615830421448,0.200228,1.12291,0.278428,0.774155,,,3.32515,1.40897,1.28648,56.79999923706055,,,,,,,526.6000000000001,7.978787878787881,490,7.424242424242424,,,,,,,,,,,,,,,,,,,"Josh Hader","14212",623352
"Grant Taylor","CHW",4,4,1,3.32184,72,2,11,9,,79,328,65,32,29,8,31,,3,92,10.4578,3.50346,2.98498,0.908,0.279213,0.093539,0.1856735423207283,0.221805,1.21854,0.294192,0.756789,,,3.3914,1.39922,1.41825,325.79998779296875,,,,,,,490.20000000000005,6.205063291139241,464,5.8734177215189876,,,,,,,,,,,,,,,,,,,"Grant Taylor","33927",691799
"Joey Cantillo","CLE",9,9,10,3.93179,54,21,0,1,,149,636,134,70,65,18,65,,5,151,9.15037,3.91125,2.3395,1.112,0.238077,0.101764,0.13631271570920944,0.236842,1.33581,0.291818,0.742028,,,4.10395,1.39235,1.5368,276.5299987792969,,,,,,,628.8000000000002,4.220134228187921,607,4.073825503355705,,,,,,,,,,,,,,,,,,,"Joey Cantillo","23335",676282
"Bryce Miller","SEA",8,9,13,4.18856,26,26,0,0,,143,609,139,72,67,22,43,,5,128,8.00634,2.70489,2.95995,1.357,0.209588,0.0708081,0.13878005743026733,0.248023,1.27009,0.285411,0.72765,,,4.32214,1.37449,1.00093,245.52999877929688,,,,,,,538.2,3.763636363636364,541,3.7832167832167833,,,,,,,,,,,,,,,,,,,"Bryce Miller","29837",682243
"Parker Messick","CLE",7,8,12,4.05666,23,23,0,0,,129,553,126,63,58,16,44,,6,114,7.97007,3.09777,2.57284,1.137,0.206779,0.0803699,0.12640921026468277,0.251283,1.32208,0.295712,0.727289,,,4.17959,1.36512,1.5281,283.6000061035156,,,,,,,508.19999999999993,3.93953488372093,515,3.992248062015504,,,,,,,,,,,,,,,,,,,"Parker Messick","31986",800048
"Bryan Abreu","HOU",4,3,0,3.23971,68,0,3,14,,68,282,52,27,24,7,28,,3,88,11.6847,3.6673,3.18618,0.927,0.31302,0.0982428,0.21477694064378738,0.207737,1.17435,0.28987,0.761099,,,3.24592,1.34144,1.20191,275.2699890136719,,,,,,,435.90000000000003,6.41029411764706,403,5.926470588235294,,,,,,,,,,,,,,,,,,,"Bryan Abreu","16609",650556
"Nick Martinez",,9,10,13,4.57388,28,28,0,0,,155,667,165,84,79,23,44,,6,115,6.69713,2.563,2.613,1.333,0.172414,0.0659831,0.10643091052770615,0.267901,1.35435,0.297229,0.70483,,,4.5429,1.33428,1.24552,572.530029296875,,,,,,,515.1,3.323225806451613,556,3.587096774193548,,,,,,,,,,,,,,,,,,,"Nick Martinez","12730",607259
"Hurston Waldrep","ATL",9,9,13,4.31237,26,26,0,0,,146,637,146,76,70,16,65,,6,129,7.9376,4.00116,1.98383,1.008,0.202497,0.102074,0.10042300820350647,0.257163,1.43991,0.307089,0.716292,,,4.28211,1.33007,1.61077,254.92999267578125,,,,,,,549.0000000000001,3.7602739726027403,567,3.8835616438356166,,,,,,,,,,,,,,,,,,,"Hurston Waldrep","33527",694462
"Cade Horton","CHC",8,9,13,4.33513,26,26,0,0,,143,613,141,74,69,21,49,,6,125,7.88406,3.05568,2.58013,1.296,0.204197,0.0791419,0.12505494058132172,0.252691,1.32694,0.292082,0.719199,,,4.40223,1.31693,1.48007,194.47000122070312,,,,,,,518.3000000000001,3.624475524475525,527,3.6853146853146854,,,,,,,,,,,,,,,,,,,"Cade Horton","31872",690990
"Abner Uribe","MIL",4,3,0,3.14546,72,0,24,4,,72,302,57,28,25,6,33,,3,87,10.8497,4.10076,2.64577,0.756,0.287275,0.108579,0.17869597673416138,0.215506,1.25165,0.296158,0.763668,,,3.3243,1.31415,1.54831,161.92999267578125,,,,,,,512.8000000000002,7.1222222222222245,484,6.722222222222222,,,,,,,,,,,,,,,,,,,"Abner Uribe","25327",682842
"Matthew Liberatore","STL",9,10,14,4.32764,28,28,0,0,,157,677,160,81,76,21,52,,6,130,7.42368,2.99304,2.48031,1.214,0.191696,0.077287,0.11440904438495636,0.257717,1.34605,0.295544,0.716111,,,4.35004,1.31368,1.55544,442.3299865722656,,,,,,,573.5,3.6528662420382165,598,3.8089171974522293,,,,,,,,,,,,,,,,,,,"Matthew Liberatore","22294",669461
"Justin Steele","CHC",5,5,8,3.63453,15,15,0,0,,83,344,78,37,34,10,23,,3,79,8.54253,2.53792,3.36596,1.061,0.228845,0.0679881,0.16085703670978546,0.244369,1.21771,0.296093,0.738777,,,3.72491,1.31309,1.48413,381.07000732421875,,,,,,,368.40000000000003,4.4385542168674705,365,4.397590361445783,,,,,,,,,,,,,,,,,,,"Justin Steele","17312",657006
"Dean Kremer","BAL",9,10,13,4.56599,28,28,0,0,,155,665,160,84,78,25,48,,5,130,7.58952,2.78896,2.72128,1.45,0.195894,0.0719861,0.12390800565481186,0.261829,1.34779,0.296248,0.717332,,,4.56515,1.31051,1.00448,416.6700134277344,,,,,,,524.5,3.3838709677419354,551,3.554838709677419,,,,,,,,,,,,,,,,,,,"Dean Kremer","19350",665152
"Davis Martin","CHW",8,11,13,4.64488,28,28,0,0,,159,693,167,88,82,24,56,,7,123,6.98466,3.17093,2.20272,1.346,0.178264,0.0809291,0.09733506292104721,0.265563,1.40257,0.29734,0.710628,,,4.72341,1.3076,1.06895,689.72998046875,,,,,,,504.2000000000001,3.171069182389938,540,3.3962264150943398,,,,,,,,,,,,,,,,,,,"Davis Martin","21448",663436
"Aaron Civale",,8,10,12,4.58696,26,26,0,0,,140,607,144,76,71,23,43,,6,121,7.76424,2.76974,2.80323,1.461,0.198937,0.070967,0.1279699057340622,0.258415,1.33694,0.293087,0.714019,,,4.58147,1.29237,1.11131,657.469970703125,,,,,,,473.70000000000005,3.383571428571429,496,3.5428571428571427,,,,,,,,,,,,,,,,,,,"Aaron Civale","19479",650644
"Brad Lord","WSN",8,10,10,4.28979,44,24,0,1,,155,668,158,80,74,20,55,,7,120,6.9394,3.20808,2.1631,1.146,0.179147,0.0828194,0.09632738679647446,0.261112,1.37559,0.296805,0.717171,,,4.45116,1.29056,1.57146,610.72998046875,,,,,,,548.2,3.5367741935483874,573,3.696774193548387,,,,,,,,,,,,,,,,,,,"Brad Lord","31972",695418
"Chad Patrick","MIL",8,9,12,4.45498,26,26,0,0,,141,606,137,75,70,24,46,,6,128,8.14522,2.93292,2.77717,1.498,0.211323,0.0760929,0.13522997498512268,0.248288,1.29802,0.283306,0.723192,,,4.59075,1.28927,1.29949,344.6000061035156,,,,,,,492.00000000000006,3.48936170212766,493,3.49645390070922,,,,,,,,,,,,,,,,,,,"Chad Patrick","30113",694477
"Jeremiah Estrada","SDP",4,3,0,3.2112,70,0,1,18,,70,289,53,27,25,8,29,,2,92,11.87,3.66542,3.23839,1.019,0.319172,0.0985591,0.22061323374509811,0.203431,1.15799,0.282306,0.773506,,,3.29502,1.23042,1.12287,360.3999938964844,,,,,,,449.8,6.425714285714286,414,5.914285714285715,,,,,,,,,,,,,,,,,,,"Jeremiah Estrada","22210",669093
"Lucas Giolito",,9,11,13,4.69017,29,29,0,0,,165,716,165,92,86,26,63,,5,147,8.01415,3.46263,2.31447,1.445,0.204717,0.088451,0.1162659153342247,0.254836,1.38676,0.292074,0.714981,,,4.69453,1.22749,1.07298,382.6700134277344,,,,,,,562.2,3.4072727272727277,577,3.496969696969697,,,,,,,,,,,,,,,,,,,"Lucas Giolito","15474",608337
"J.T. Ginn","ATH",6,6,7,4.0527,31,15,0,1,,95,404,93,46,43,11,32,,5,85,8.05314,3.06964,2.62348,1.066,0.209326,0.0797896,0.12953690439462662,0.253738,1.32603,0.302072,0.720343,,,4.06377,1.22728,1.1181,503.79998779296875,,,,,,,388.90000000000003,4.093684210526316,395,4.157894736842105,,,,,,,,,,,,,,,,,,,"J.T. Ginn","27889",669372
"Troy Melton","DET",7,8,8,4.21532,46,18,0,1,,129,549,128,65,60,18,41,,4,111,7.72983,2.83702,2.72463,1.257,0.201205,0.0738467,0.12735822051763535,0.252665,1.30605,0.291197,0.722111,,,4.27441,1.20655,1.06596,259.6000061035156,,,,,,,491.3999999999999,3.809302325581395,502,3.891472868217054,,,,,,,,,,,,,,,,,,,"Troy Melton","31807",675512
"Simeon Woods Richardson","MIN",7,9,8,4.54451,39,21,0,1,,129,560,128,70,65,19,48,,4,117,8.14904,3.37405,2.41521,1.348,0.209196,0.0866162,0.12257988005876541,0.253249,1.36761,0.294251,0.715842,,,4.49626,1.20429,0.834708,364.3299865722656,,,,,,,470.09999999999985,3.644186046511627,480,3.7209302325581395,,,,,,,,,,,,,,,,,,,"Simeon Woods Richardson","24494",680573
"Hunter Barco","PIT",6,7,7,4.18307,38,16,0,1,,114,498,112,58,53,13,47,,6,100,7.88846,3.72634,2.11695,1.061,0.201381,0.095128,0.10625269263982773,0.251644,1.39156,0.297435,0.723989,,,4.31842,1.20241,1.18661,999,,,,,,,437.49999999999994,3.8377192982456134,446,3.912280701754386,,,,,,,,,,,,,,,,,,,"Hunter Barco","33174",682995
"David Bednar","NYY",4,3,0,3.2999,65,0,33,2,,65,269,52,26,24,7,22,,2,79,10.8966,3.07329,3.54558,1.038,0.292756,0.0825692,0.21018686890602112,0.214441,1.14734,0.283946,0.761467,,,3.34603,1.19917,1.09097,45.529998779296875,,,,,,,518.7,7.98,493,7.584615384615384,,,,,,,,,,,,,,,,,,,"David Bednar","19569",670280
"Miles Mikolas",,8,10,12,4.66836,28,28,0,0,,150,641,165,83,78,24,33,,5,104,6.26853,1.99075,3.14883,1.466,0.162703,0.0516709,0.11103197559714317,0.274479,1.32603,0.297537,0.701753,,,4.62654,1.19532,1.03645,999,,,,,,,479.79999999999995,3.1986666666666665,532,3.546666666666667,,,,,,,,,,,,,,,,,,,"Miles Mikolas","9803",571945
"Slade Cecconi","CLE",8,11,13,4.49626,28,28,0,0,,157,673,164,84,79,26,42,,6,131,7.51689,2.39355,3.14048,1.463,0.195272,0.062179,0.1330929435789585,0.262009,1.30715,0.295228,0.715234,,,4.48763,1.18516,1.11245,416.3999938964844,,,,,,,533.6,3.3987261146496817,565,3.5987261146496814,,,,,,,,,,,,,,,,,,,"Slade Cecconi","27500",677944
"Martín Pérez",,7,9,11,4.53078,24,24,0,0,,134,590,142,73,68,18,50,,5,103,6.93056,3.38839,2.04538,1.218,0.174958,0.085538,0.08942016214132309,0.265291,1.43438,0.299312,0.715417,,,4.59554,1.17504,1.03845,749.530029296875,,,,,,,441.99999999999994,3.2985074626865667,477,3.5597014925373136,,,,,,,,,,,,,,,,,,,"Martin Perez","6902",527048
"Tomoyuki Sugano",,8,10,12,4.70559,26,26,0,0,,143,614,161,80,75,22,33,,6,94,5.93027,2.06286,2.87478,1.395,0.152935,0.0531989,0.09973606839776039,0.279525,1.35788,0.302016,0.697408,,,4.64424,1.1697,0.903095,739.6699829101562,,,,,,,440,3.076923076923077,500,3.4965034965034967,,,,,,,,,,,,,,,,,,,"Tomoyuki Sugano","35321",608372
"Andrés Muñoz","SEA",4,3,0,2.91406,64,0,28,3,,64,265,49,23,21,5,26,,3,81,11.3752,3.62288,3.13981,0.758,0.304854,0.0970932,0.2077609896659851,0.206806,1.16695,0.289672,0.770788,,,3.05131,1.15475,1.27545,32.529998779296875,,,,,,,511.70000000000005,7.995312500000001,482,7.53125,,,,,,,,,,,,,,,,,,,"Andres Munoz","20373",662253
"Jose Quintana",,8,10,12,4.60514,26,26,0,0,,145,641,156,80,74,19,54,,6,107,6.61155,3.37429,1.95939,1.199,0.166464,0.0849571,0.08150703459978104,0.268548,1.44823,0.300455,0.709994,,,4.64683,1.14832,1.0249,660.469970703125,,,,,,,467.69999999999993,3.22551724137931,512,3.5310344827586206,,,,,,,,,,,,,,,,,,,"Jose Quintana","11423",500779
"Garrett Whitlock","BOS",4,3,0,3.46189,70,0,3,14,,70,290,62,29,27,8,21,,3,77,9.94798,2.63913,3.76941,0.966,0.266385,0.0706703,0.19571503251791,0.23394,1.18565,0.301717,0.741743,,,3.3238,1.13981,1.24079,432.3999938964844,,,,,,,411.40000000000003,5.877142857142857,399,5.7,,,,,,,,,,,,,,,,,,,"Garrett Whitlock","20191",676477
"Patrick Corbin",,8,10,12,4.54805,26,26,0,0,,142,612,150,77,72,21,46,,4,112,7.10822,2.88823,2.4611,1.349,0.183155,0.0744201,0.10873503983020782,0.266014,1.37447,0.299144,0.713141,,,4.55911,1.13892,1.13642,736.72998046875,,,,,,,476.5,3.3556338028169015,511,3.5985915492957745,,,,,,,,,,,,,,,,,,,"Patrick Corbin","9323",571578
"Jeff Hoffman","TOR",3,3,0,3.46359,63,0,26,4,,63,262,52,26,24,8,23,,3,76,10.8764,3.22421,3.37334,1.074,0.290037,0.085979,0.20405790209770203,0.218078,1.17845,0.288041,0.75524,,,3.48633,1.13379,0.950838,142.1999969482422,,,,,,,452.6000000000001,7.184126984126985,431,6.841269841269841,,,,,,,,,,,,,,,,,,,"Jeff Hoffman","17432",656546
"Landen Roupp","SFG",8,9,12,4.14355,24,24,0,0,,131,566,128,65,60,15,52,,5,119,8.22858,3.5595,2.31172,1.039,0.210926,0.091242,0.11968404054641724,0.250444,1.3728,0.300033,0.720546,,,4.10449,1.13134,1.37778,411.79998779296875,,,,,,,519.1000000000001,3.962595419847329,527,4.022900763358779,,,,,,,,,,,,,,,,,,,"Landen Roupp","30076",694738
"José Alvarado","PHI",3,3,0,3.26842,64,0,3,13,,64,268,53,26,23,6,26,,2,74,10.4565,3.65566,2.86036,0.886,0.277678,0.0970782,0.18060024082660675,0.222445,1.23865,0.295729,0.762882,,,3.41648,1.12142,1.22527,626.7999877929688,,,,,,,392.99999999999994,6.140624999999999,373,5.828125,,,,,,,,,,,,,,,,,,,"Jose Alvarado","17780",621237
"Drew Anderson","DET",5,6,6,4.05746,38,13,0,1,,99,425,92,48,45,12,39,,5,101,9.21804,3.55203,2.59515,1.072,0.238439,0.0918789,0.14656034111976624,0.241281,1.32468,0.2991,0.723963,,,3.95836,1.11665,0.933731,639.7999877929688,,,,,,,419.8,4.240404040404041,413,4.171717171717172,,,,,,,,,,,,,,,,,,,"Drew Anderson","15130",623454
"Logan Henderson","MIL",6,6,6,4.08065,37,13,0,1,,97,407,89,47,44,15,29,,3,97,9.01795,2.68823,3.3546,1.404,0.23844,0.0710786,0.16736163198947906,0.23808,1.21948,0.282256,0.734379,,,4.16342,1.11511,1.06163,307.20001220703125,,,,,,,403.9000000000001,4.163917525773197,392,4.041237113402062,,,,,,,,,,,,,,,,,,,"Logan Henderson","31475",701656
"Devin Williams","NYM",4,3,0,3.13517,64,0,32,3,,64,266,49,24,22,6,28,,3,81,11.4233,3.925,2.91039,0.835,0.305128,0.104841,0.20028697699308395,0.205944,1.19395,0.286937,0.764178,,,3.24243,1.10941,1.39481,71.47000122070312,,,,,,,513.4,8.021875,483,7.546875,,,,,,,,,,,,,,,,,,,"Devin Williams","15816",642207
"Ryan Weiss","HOU",7,8,8,4.49154,37,19,0,1,,129,560,129,69,64,17,51,,7,116,8.0994,3.5367,2.2901,1.205,0.206966,0.0903741,0.11659194529056549,0.257457,1.39747,0.303581,0.710492,,,4.41551,1.10413,0.783003,999,,,,,,,472.0999999999999,3.6596899224806196,486,3.7674418604651163,,,,,,,,,,,,,,,,,,,"Ryan Weiss","sa3007778",680802
"Adrian Houser","SFG",8,10,13,4.33721,26,26,0,0,,150,655,161,79,72,17,50,,7,109,6.5399,2.97915,2.19523,1.02,0.166622,0.075902,0.09072002023458481,0.268698,1.40118,0.304452,0.705299,,,4.2901,1.09754,1.12901,534.5999755859375,,,,,,,529.3,3.528666666666666,576,3.84,,,,,,,,,,,,,,,,,,,"Adrian Houser","12718",605288
"Trevor Megill","MIL",3,3,0,3.41223,66,0,7,11,,66,273,53,27,25,8,24,,2,82,11.146,3.25066,3.42885,1.029,0.299952,0.087479,0.21247292309999466,0.21508,1.16397,0.289299,0.753105,,,3.3335,1.09592,1.12538,111.2699966430664,,,,,,,417.2000000000001,6.321212121212123,391,5.924242424242424,,,,,,,,,,,,,,,,,,,"Trevor Megill","17722",656730
"Max Meyer","MIA",5,6,6,3.92641,37,13,0,1,,96,407,93,46,42,12,31,,4,91,8.52908,2.85292,2.9896,1.095,0.224706,0.0751627,0.1495436728000641,0.248881,1.27843,0.300594,0.7263,,,3.88445,1.09558,1.21156,397,,,,,,,402.00000000000006,4.187500000000001,405,4.21875,,,,,,,,,,,,,,,,,,,"Max Meyer","27474",676974
"Will Vest","DET",4,3,0,3.27241,68,0,5,12,,68,283,61,27,25,6,21,,2,69,9.18457,2.81079,3.26761,0.804,0.245126,0.075017,0.17010919749736786,0.235831,1.21188,0.299574,0.746727,,,3.30163,1.08226,1.16305,240.72999572753906,,,,,,,412.80000000000007,6.070588235294118,404,5.9411764705882355,,,,,,,,,,,,,,,,,,,"Will Vest","19769",676684
"Kutter Crawford","BOS",7,7,6,4.38802,46,16,0,1,,120,510,118,62,59,19,34,,5,115,8.6369,2.5711,3.35922,1.442,0.226171,0.0673285,0.15884263813495636,0.249788,1.26389,0.292526,0.717336,,,4.27929,1.07001,1.01653,508.07000732421875,,,,,,,464.49999999999994,3.8708333333333327,470,3.9166666666666665,,,,,,,,,,,,,,,,,,,"Kutter Crawford","20531",676710
"Chris Paddack",,7,8,10,4.64545,23,23,0,0,,124,529,132,68,64,21,32,,4,95,6.87985,2.32773,2.9556,1.503,0.178876,0.0605211,0.11835495755076408,0.26722,1.32315,0.294051,0.708779,,,4.64676,1.06004,0.917341,749.2000122070312,,,,,,,398.09999999999997,3.2104838709677415,429,3.4596774193548385,,,,,,,,,,,,,,,,,,,"Chris Paddack","20099",663978
"Connelly Early","BOS",4,4,5,3.71453,22,10,0,1,,67,283,62,30,28,7,25,,3,66,8.89326,3.32967,2.67091,0.947,0.233017,0.0872425,0.14577457308769226,0.24227,1.29503,0.300865,0.73529,,,3.79374,1.05693,1.04574,203.92999267578125,,,,,,,300.49999999999994,4.4850746268656705,296,4.417910447761194,,,,,,,,,,,,,,,,,,,"Connelly Early","33666",813349
"Pete Fairbanks","MIA",3,3,0,3.56248,62,0,27,4,,62,259,54,27,25,7,22,,2,66,9.52628,3.20136,2.9757,0.96,0.253399,0.0851561,0.16824286431074142,0.231585,1.23236,0.293854,0.74097,,,3.57984,1.04183,0.967385,118.47000122070312,,,,,,,443.29999999999995,7.1499999999999995,430,6.935483870967742,,,,,,,,,,,,,,,,,,,"Pete Fairbanks","17998",664126
"José Berríos","TOR",7,7,7,4.33689,46,16,0,1,,122,526,125,63,59,18,36,,6,107,7.87587,2.62812,2.99677,1.346,0.203518,0.0679124,0.1356051340699196,0.257324,1.31079,0.296211,0.7196,,,4.35137,1.04138,0.708454,461.4700012207031,,,,,,,448.4000000000002,3.6754098360655756,468,3.8360655737704916,,,,,,,,,,,,,,,,,,,"Jose Berrios","14168",621244
"Luis Gil","NYY",8,8,8,4.39085,49,19,0,1,,137,596,125,71,67,21,64,,6,139,9.15605,4.17304,2.1941,1.377,0.233925,0.106616,0.1273091807961464,0.236469,1.37252,0.282764,0.735399,,,4.60627,1.03369,0.779708,363.79998779296875,,,,,,,502.5000000000002,3.667883211678834,484,3.5328467153284673,,,,,,,,,,,,,,,,,,,"Luis Gil","21052",661563
"Alex Cobb",,4,4,6,3.92474,11,11,0,0,,64,273,65,31,28,7,21,,2,53,7.50594,2.8833,2.60325,0.926,0.195905,0.0752541,0.1206507459282875,0.260701,1.33759,0.308376,0.719909,,,3.87053,1.02427,0.887239,999,,,,,,,255.5,3.9921875,266,4.15625,,,,,,,,,,,,,,,,,,,"Alex Cobb","6562",502171
"Kyle Wright",,5,6,8,4.30437,16,16,0,0,,91,392,93,47,44,11,32,,5,74,7.32764,3.11864,2.34963,1.111,0.189053,0.080461,0.10859218239784241,0.26179,1.37027,0.302831,0.710897,,,4.29964,1.01051,0.962683,999,,,,,,,333.2999999999999,3.6626373626373616,349,3.8351648351648353,,,,,,,,,,,,,,,,,,,"Kyle Wright","19665",657140
"Joe Boyle","TBR",6,7,8,4.24478,28,18,0,1,,105,457,93,53,49,13,56,,5,112,9.60572,4.77922,2.00989,1.102,0.244853,0.121824,0.12302904576063156,0.236024,1.42256,0.297227,0.729833,,,4.33726,1.0032,1.06139,473.2699890136719,,,,,,,420.3,4.002857142857143,401,3.8190476190476192,,,,,,,,,,,,,,,,,,,"Joe Boyle","29608",671212
"Tanner Scott","LAD",3,3,0,3.43114,63,0,4,15,,63,264,52,26,24,7,26,,3,73,10.4638,3.7303,2.80509,1.008,0.277291,0.0988529,0.17843806743621826,0.222068,1.24421,0.291554,0.762173,,,3.63528,1.00232,1.09366,355.1300048828125,,,,,,,383.90000000000003,6.093650793650794,363,5.761904761904762,,,,,,,,,,,,,,,,,,,"Tanner Scott","17586",656945
"Ryan Helsley","BAL",3,3,0,3.46721,64,0,25,4,,64,267,54,27,25,7,25,,2,76,10.647,3.45999,3.07716,1.023,0.283209,0.0920358,0.1911732479929924,0.222601,1.22175,0.293589,0.757284,,,3.4937,1.00067,0.9003,77.93000030517578,,,,,,,459.1,7.1734375,441,6.890625,,,,,,,,,,,,,,,,,,,"Ryan Helsley","18138",664854
"Robert Suarez","ATL",4,3,0,3.51143,67,0,8,11,,67,278,59,28,26,8,21,,2,73,9.83435,2.85248,3.44766,1.019,0.263342,0.0763831,0.1869593858718872,0.233545,1.20382,0.298532,0.747418,,,3.47736,1.00023,1.10891,123.87000274658203,,,,,,,405,6.044776119402985,392,5.850746268656716,,,,,,,,,,,,,,,,,,,"Robert Suarez","30115",663158
"Marcus Stroman",,8,10,12,4.66077,26,26,0,0,,140,616,152,78,72,18,53,,6,99,6.36941,3.42757,1.85829,1.134,0.16058,0.086413,0.07416708022356033,0.273041,1.46923,0.305282,0.70231,,,4.62086,0.987581,0.914839,999,,,,,,,440.40000000000003,3.145714285714286,487,3.4785714285714286,,,,,,,,,,,,,,,,,,,"Marcus Stroman","13431",573186
"Griffin Canning",,8,9,11,4.46387,24,24,0,0,,132,571,134,70,65,19,48,,5,112,7.65691,3.29571,2.3233,1.314,0.196272,0.0844799,0.11179206520318985,0.259457,1.38681,0.297803,0.721398,,,4.53453,0.985754,1.21316,746.4000244140625,,,,,,,459.70000000000016,3.4825757575757588,478,3.621212121212121,,,,,,,,,,,,,,,,,,,"Griffin Canning","19867",656288
"Luis Morales","ATH",7,8,9,4.70438,21,21,0,0,,118,513,118,66,62,18,49,,5,100,7.61846,3.70346,2.05712,1.376,0.194694,0.094644,0.10005007684230804,0.256827,1.41244,0.292638,0.71179,,,4.78111,0.985706,0.896639,406.6000061035156,,,,,,,383.00000000000006,3.2457627118644075,394,3.3389830508474576,,,,,,,,,,,,,,,,,,,"Luis Morales","32227",806960
"Austin Gomber",,7,9,11,4.77628,24,24,0,0,,133,574,145,75,70,23,36,,4,95,6.4392,2.45143,2.62671,1.537,0.165559,0.0630289,0.10252994298934937,0.270736,1.36125,0.292793,0.708484,,,4.82324,0.980036,0.782363,999,,,,,,,394.30000000000007,2.9646616541353388,436,3.2781954887218046,,,,,,,,,,,,,,,,,,,"Austin Gomber","16561",596295
"Jacob Latz","TEX",7,8,8,4.44177,41,19,0,1,,130,571,123,69,64,18,65,,4,121,8.32128,4.46821,1.86233,1.254,0.211167,0.113389,0.09777817875146866,0.244551,1.43756,0.287955,0.730655,,,4.68799,0.958948,0.840743,467.92999267578125,,,,,,,459.8,3.536923076923077,455,3.5,,,,,,,,,,,,,,,,,,,"Jacob Latz","21306",656641
"Logan Allen","CLE",7,8,9,4.44188,31,21,0,1,,125,546,128,66,62,18,48,,5,101,7.28967,3.48938,2.0891,1.274,0.185362,0.0887282,0.0966339260339737,0.260599,1.4156,0.296154,0.725584,,,4.63129,0.95555,0.856994,704.0700073242188,,,,,,,417.8,3.3424,438,3.504,,,,,,,,,,,,,,,,,,,"Logan Allen","27589",671106
"Adrian Morejon","SDP",4,3,0,3.35003,68,0,3,14,,68,282,60,28,25,7,23,,2,70,9.26194,2.99736,3.09004,0.917,0.24822,0.0803291,0.16789063811302185,0.232709,1.21306,0.293564,0.752929,,,3.49443,0.946613,1.02114,432.20001220703125,,,,,,,397.1,5.839705882352941,385,5.661764705882353,,,,,,,,,,,,,,,,,,,"Adrian Morejon","20039",670970
"Sean Burke","CHW",8,11,12,4.82921,28,28,0,0,,151,662,149,86,81,25,68,,6,135,8.05774,4.03142,1.99874,1.495,0.204219,0.102174,0.1020449623465538,0.252654,1.43232,0.288657,0.717675,,,4.96755,0.94319,0.779339,515.8699951171875,,,,,,,470.5000000000001,3.1158940397351,478,3.165562913907285,,,,,,,,,,,,,,,,,,,"Sean Burke","29878",680732
"Cody Bradford","TEX",6,7,7,4.36852,30,16,0,1,,105,448,106,55,51,17,27,,4,90,7.71379,2.32063,3.32401,1.479,0.201814,0.060714,0.14109986275434494,0.254952,1.26625,0.2877,0.7223,,,4.43225,0.943183,0.841682,573.2000122070312,,,,,,,383.29999999999995,3.65047619047619,395,3.761904761904762,,,,,,,,,,,,,,,,,,,"Cody Bradford","27597",674003
"Ryan Feltner","COL",5,9,7,5.18431,27,19,0,1,,115,510,127,71,66,18,45,,5,95,7.38789,3.49853,2.11171,1.381,0.185633,0.0879062,0.09772631525993347,0.276232,1.49168,0.31456,0.686661,,,4.77576,0.932757,0.934221,999,,,,,,,343.40000000000003,2.9860869565217394,385,3.347826086956522,,,,,,,,,,,,,,,,,,,"Ryan Feltner","21446",663372
"Tyler Wells","BAL",7,9,8,4.71079,37,21,0,1,,135,577,139,75,70,25,36,,5,116,7.77108,2.42115,3.20966,1.681,0.201633,0.0628207,0.13881266862154007,0.259468,1.30129,0.288744,0.717762,,,4.74793,0.925503,0.580484,381.6000061035156,,,,,,,443.1,3.2822222222222224,463,3.4296296296296296,,,,,,,,,,,,,,,,,,,"Tyler Wells","20000",669330
"Germán Márquez",,8,10,11,4.80675,26,26,0,0,,139,602,149,79,74,22,46,,5,105,6.78201,2.97012,2.28342,1.417,0.173695,0.076068,0.09762682765722275,0.269866,1.40181,0.29875,0.702873,,,4.77517,0.923364,0.757516,745.5999755859375,,,,,,,427.60000000000014,3.0762589928057564,466,3.352517985611511,,,,,,,,,,,,,,,,,,,"German Marquez","15038",608566
"Matt Brash","SEA",3,3,0,3.04162,63,0,3,12,,63,262,50,23,21,6,25,,3,75,10.7534,3.51569,3.05869,0.8,0.287474,0.0939861,0.19348810613155365,0.214186,1.18778,0.290504,0.766512,,,3.20462,0.922907,1.10697,493.3299865722656,,,,,,,391.4000000000001,6.212698412698414,366,5.809523809523809,,,,,,,,,,,,,,,,,,,"Matt Brash","25756",666374
"Jordan Montgomery",,5,6,8,4.34945,16,16,0,0,,91,390,95,47,44,12,28,,3,68,6.8033,2.75148,2.4726,1.212,0.175752,0.0710801,0.10467217862606049,0.264912,1.35531,0.29788,0.714179,,,4.39107,0.918144,0.963016,741.7999877929688,,,,,,,321.79999999999995,3.5362637362637357,342,3.758241758241758,,,,,,,,,,,,,,,,,,,"Jordan Montgomery","16511",656756
"Tanner Gordon","COL",7,11,10,5.47064,26,26,0,0,,148,646,175,95,90,29,36,,5,101,6.15589,2.21691,2.77679,1.774,0.156428,0.0563341,0.10009405389428139,0.289695,1.43179,0.307802,0.681051,,,5.17085,0.915349,0.985899,999,,,,,,,362.5,2.449324324324324,442,2.9864864864864864,,,,,,,,,,,,,,,,,,,"Tanner Gordon","27669",685299
"Cristian Javier","HOU",8,11,12,4.95587,28,28,0,0,,157,687,154,92,87,29,64,,6,144,8.24373,3.66971,2.24643,1.637,0.210032,0.093496,0.11653605103492737,0.249957,1.38623,0.282806,0.711402,,,5.00719,0.897918,0.462737,394.3299865722656,,,,,,,482.69999999999993,3.0745222929936302,486,3.0955414012738856,,,,,,,,,,,,,,,,,,,"Cristian Javier","17606",664299
"Matt Strahm","KCR",3,3,0,3.6568,66,0,1,17,,66,275,57,29,27,8,21,,3,72,9.83328,2.8207,3.48612,1.131,0.26233,0.07525,0.18708042800426483,0.228291,1.18225,0.287207,0.743937,,,3.6609,0.881222,0.771983,662.469970703125,,,,,,,386.8000000000001,5.860606060606062,371,5.621212121212121,,,,,,,,,,,,,,,,,,,"Matt Strahm","13799",621381
"Colin Rea","CHC",7,9,8,4.58141,39,21,0,1,,134,578,140,73,68,21,40,,6,106,7.13263,2.70297,2.63881,1.407,0.183678,0.0696064,0.11407187581062317,0.263467,1.34674,0.29445,0.709888,,,4.61146,0.876324,0.868028,462.20001220703125,,,,,,,447.29999999999995,3.338059701492537,475,3.544776119402985,,,,,,,,,,,,,,,,,,,"Colin Rea","12317",607067
"Andrew Heaney",,7,8,10,4.65207,23,23,0,0,,121,524,124,67,63,20,39,,7,103,7.61305,2.9093,2.6168,1.474,0.196163,0.0749629,0.12120004743337631,0.258997,1.34163,0.292438,0.710699,,,4.71307,0.874302,0.831019,999,,,,,,,395.0000000000001,3.2644628099173563,413,3.4132231404958677,,,,,,,,,,,,,,,,,,,"Andrew Heaney","15423",571760
"Chris Martin","TEX",3,2,0,3.39445,54,0,4,12,,54,222,50,22,20,6,12,,2,55,9.14292,2.04688,4.46675,1.006,0.247265,0.0553568,0.1919083036482334,0.239017,1.14657,0.297059,0.742656,,,3.34532,0.851275,0.709873,687.6699829101562,,,,,,,331.8,6.144444444444445,328,6.074074074074074,,,,,,,,,,,,,,,,,,,"Chris Martin","11847",455119
"Fernando Cruz","NYY",3,3,0,3.35716,61,0,1,16,,61,256,47,25,23,7,27,,2,80,11.8624,3.96654,2.99063,1.029,0.314091,0.105025,0.20906595885753632,0.205253,1.20381,0.28387,0.767343,,,3.42129,0.845038,0.726961,687.469970703125,,,,,,,385.1000000000001,6.313114754098362,356,5.836065573770492,,,,,,,,,,,,,,,,,,,"Fernando Cruz","7048",518585
"Garrett Cleavinger","TBR",3,3,0,3.42626,66,0,8,13,,66,276,54,27,25,8,25,,4,82,11.1192,3.45851,3.21504,1.049,0.295401,0.0918811,0.20352020114660263,0.219053,1.20396,0.294207,0.760436,,,3.50072,0.836455,0.89923,484.20001220703125,,,,,,,418.60000000000014,6.3424242424242445,395,5.984848484848484,,,,,,,,,,,,,,,,,,,"Garrett Cleavinger","17897",664076
"Lucas Erceg","KCR",3,3,0,3.56961,62,0,2,13,,62,262,56,27,25,6,23,,3,63,9.08608,3.30791,2.74678,0.842,0.238863,0.0869611,0.15190158039331436,0.239393,1.27882,0.302468,0.736706,,,3.59204,0.835911,0.89376,508,,,,,,,349.4,5.635483870967741,342,5.516129032258065,,,,,,,,,,,,,,,,,,,"Lucas Erceg","19360",668674
"Luis Medina","ATH",6,7,6,4.54191,40,16,0,1,,114,497,113,62,58,16,48,,6,102,8.05909,3.81938,2.11005,1.263,0.205518,0.0973997,0.10811861604452133,0.254151,1.4111,0.297329,0.715783,,,4.59243,0.833026,0.785465,999,,,,,,,398.99999999999994,3.4999999999999996,408,3.5789473684210527,,,,,,,,,,,,,,,,,,,"Luis Medina","21649",665622
"Ian Seymour","TBR",6,7,7,4.34781,34,16,0,1,,109,468,108,57,53,18,34,,6,99,8.19076,2.77292,2.95384,1.45,0.212689,0.0720043,0.1406845673918724,0.251713,1.2945,0.289824,0.727282,,,4.49005,0.82875,0.913297,309.2699890136719,,,,,,,386.40000000000003,3.5449541284403674,393,3.6055045871559632,,,,,,,,,,,,,,,,,,,"Ian Seymour","27932",693855
"Andrew Painter","PHI",7,9,8,4.67647,37,21,0,1,,136,590,141,76,71,21,50,,4,106,7.01258,3.27976,2.13814,1.392,0.179513,0.0839576,0.0955553874373436,0.263016,1.4017,0.293232,0.711766,,,4.77752,0.81193,0.946569,999,,,,,,,435.5000000000001,3.202205882352942,461,3.389705882352941,,,,,,,,,,,,,,,,,,,"Andrew Painter","sa3017880",691725
"Robert Garcia","TEX",3,3,0,3.48428,64,0,20,6,,64,269,56,27,25,7,23,,2,70,9.82536,3.25918,3.01467,1.025,0.259717,0.0861509,0.17356564849615097,0.229947,1.23725,0.292763,0.75737,,,3.62536,0.811613,0.924972,381.5299987792969,,,,,,,430.9,6.7328125,418,6.53125,,,,,,,,,,,,,,,,,,,"Robert Garcia","23363",676395
"Andrew Alvarez","WSN",5,6,5,4.10478,47,11,0,1,,99,428,101,49,45,11,38,,4,72,6.55825,3.46922,1.89041,0.983,0.169184,0.0894957,0.0796879455447197,0.261941,1.40113,0.298217,0.723371,,,4.38669,0.808168,0.810435,999,,,,,,,356.69999999999993,3.603030303030302,374,3.7777777777777777,,,,,,,,,,,,,,,,,,,"Andrew Alvarez","29914",674841
"Robby Snelling","MIA",4,4,6,4.01853,11,11,0,0,,65,277,64,31,29,8,23,,2,54,7.46195,3.19738,2.33377,1.061,0.193679,0.0829898,0.11068903654813766,0.254983,1.34765,0.296945,0.72808,,,4.17602,0.802608,1.03067,999,,,,,,,249.20000000000002,3.833846153846154,254,3.9076923076923076,,,,,,,,,,,,,,,,,,,"Robby Snelling","sa3020707",702281
"Sean Newcomb","CHW",5,6,4,4.15659,53,11,0,1,,105,453,100,52,48,13,45,,5,96,8.20264,3.86487,2.12236,1.136,0.210783,0.0993152,0.11146751791238785,0.247779,1.38353,0.294306,0.732422,,,4.37309,0.794445,0.807924,699.469970703125,,,,,,,403.1,3.8390476190476193,402,3.8285714285714287,,,,,,,,,,,,,,,,,,,"Sean Newcomb","16943",656794
"Grant Holmes","ATL",5,5,5,4.09823,35,11,0,1,,87,373,83,43,40,11,32,,4,87,9.01907,3.33969,2.70057,1.131,0.233967,0.0866363,0.14733075350522995,0.24754,1.32922,0.303506,0.726229,,,4.00205,0.783082,0.879146,538.4000244140625,,,,,,,362.7,4.1689655172413795,362,4.160919540229885,,,,,,,,,,,,,,,,,,,"Grant Holmes","16944",656550
"Camilo Doval","NYY",3,3,0,3.45879,64,0,2,14,,64,271,53,27,25,6,30,,3,73,10.298,4.2055,2.44869,0.848,0.269808,0.110184,0.15962326526641846,0.222373,1.29593,0.295193,0.751479,,,3.61502,0.782112,0.783067,524.5999755859375,,,,,,,374.99999999999994,5.859374999999999,355,5.546875,,,,,,,,,,,,,,,,,,,"Camilo Doval","21992",666808
"Cade Povich","BAL",5,5,6,4.21805,21,13,0,1,,79,338,77,40,37,11,29,,2,74,8.40614,3.2928,2.55288,1.294,0.217672,0.0852653,0.13240699470043182,0.250465,1.34103,0.295277,0.734235,,,4.32874,0.775868,0.706072,446.1300048828125,,,,,,,308.1,3.9000000000000004,311,3.9367088607594938,,,,,,,,,,,,,,,,,,,"Cade Povich","30055",700249
"Charlie Morton",,5,6,8,4.36789,16,16,0,0,,86,378,83,45,42,11,38,,6,84,8.771,3.95181,2.21949,1.187,0.222686,0.100332,0.12235403060913086,0.247885,1.39749,0.299475,0.720792,,,4.43071,0.772907,0.850687,999,,,,,,,321.2999999999999,3.736046511627906,323,3.755813953488372,,,,,,,,,,,,,,,,,,,"Charlie Morton","4676",450203
"Ryan Walker","SFG",3,3,0,3.29555,63,0,30,4,,63,262,55,25,23,6,20,,4,68,9.70939,2.79531,3.47345,0.854,0.259672,0.074759,0.18491270393133163,0.231094,1.18572,0.298578,0.745258,,,3.314,0.768586,1.07705,214.72999572753906,,,,,,,479.4000000000001,7.609523809523811,467,7.412698412698413,,,,,,,,,,,,,,,,,,,"Ryan Walker","20423",676254
"Kyle Leahy","STL",7,8,7,4.33711,50,18,0,1,,132,574,136,69,64,17,49,,5,104,7.05197,3.33791,2.11269,1.143,0.180867,0.0856095,0.09525704383850098,0.261183,1.39649,0.297925,0.718398,,,4.43526,0.768044,0.905912,542.469970703125,,,,,,,464.10000000000014,3.515909090909092,489,3.7045454545454546,,,,,,,,,,,,,,,,,,,"Kyle Leahy","24763",681517
"Raisel Iglesias","ATL",4,3,0,3.70571,66,0,26,5,,66,276,60,29,27,8,19,,2,71,9.7089,2.62294,3.70153,1.147,0.258149,0.0697412,0.18840809911489487,0.236082,1.20044,0.29558,0.741774,,,3.61984,0.764211,0.95828,71.5999984741211,,,,,,,463.0000000000001,7.0151515151515165,455,6.893939393939394,,,,,,,,,,,,,,,,,,,"Raisel Iglesias","17130",628452
"JP Sears","SDP",7,9,10,4.64022,31,23,0,1,,132,564,133,72,68,24,37,,7,112,7.67642,2.5582,3.0007,1.637,0.199306,0.0664196,0.13288602232933044,0.255144,1.29011,0.283395,0.718298,,,4.80537,0.729516,0.747648,593.2000122070312,,,,,,,431.8000000000001,3.2712121212121223,444,3.3636363636363638,,,,,,,,,,,,,,,,,,,"JP Sears","23429",676664
"Daniel Palencia","CHC",3,3,0,3.61582,67,0,32,3,,67,282,57,29,27,8,27,,3,75,10.0563,3.69027,2.72508,1.022,0.265262,0.0973411,0.16792085766792297,0.225155,1.25606,0.289902,0.748609,,,3.74089,0.72917,0.958417,147.27000427246094,,,,,,,481.2,7.182089552238806,463,6.91044776119403,,,,,,,,,,,,,,,,,,,"Daniel Palencia","27914",694037
"Louis Varland","TOR",4,3,0,3.4448,67,0,2,13,,67,277,61,28,26,8,18,,3,68,9.18881,2.38505,3.85266,1.025,0.247179,0.064158,0.1830212026834488,0.23971,1.18254,0.29844,0.747488,,,3.48225,0.723206,0.612508,537.2000122070312,,,,,,,373.79999999999995,5.579104477611939,366,5.462686567164179,,,,,,,,,,,,,,,,,,,"Louis Varland","27691",686973
"Rhett Lowder","CIN",5,6,4,4.4929,37,11,0,1,,90,389,94,49,45,13,30,,4,74,7.33781,2.97072,2.47004,1.303,0.189019,0.0765246,0.11249425262212753,0.264027,1.37037,0.300507,0.712545,,,4.50651,0.720187,0.669958,478.1300048828125,,,,,,,311.70000000000005,3.463333333333334,331,3.6777777777777776,,,,,,,,,,,,,,,,,,,"Rhett Lowder","33876",695076
"Jonah Tong","NYM",3,3,4,3.67212,8,8,0,0,,44,189,38,20,18,5,19,,1,48,9.77009,3.88934,2.51202,1.004,0.25565,0.101771,0.15387938916683197,0.227979,1.2945,0.290391,0.74637,,,3.80535,0.71909,0.691127,317.4700012207031,,,,,,,201.3,4.575,191,4.340909090909091,,,,,,,,,,,,,,,,,,,"Jonah Tong","32157",804636
"Payton Tolle","BOS",4,4,3,3.99181,32,8,0,1,,69,291,64,33,31,9,24,,3,70,9.11408,3.11374,2.92705,1.222,0.239857,0.0819448,0.15791217237710953,0.241668,1.27367,0.294364,0.735589,,,4.02469,0.717295,0.808277,337.3299865722656,,,,,,,296.5,4.297101449275362,291,4.217391304347826,,,,,,,,,,,,,,,,,,,"Payton Tolle","35466",801139
"Tyler Anderson",,8,10,11,4.88236,26,26,0,0,,144,635,150,83,78,23,57,,6,110,6.85407,3.54928,1.93112,1.456,0.172418,0.089284,0.0831340104341507,0.26125,1.43483,0.287218,0.709644,,,5.01804,0.710813,0.673724,999,,,,,,,423.70000000000016,2.9423611111111123,452,3.138888888888889,,,,,,,,,,,,,,,,,,,"Tyler Anderson","12880",542881
"Chase Dollander","COL",6,10,9,5.41903,24,24,0,0,,133,593,144,85,80,22,60,,7,111,7.52861,4.03286,1.86681,1.484,0.187546,0.100463,0.08708285540342331,0.273012,1.52844,0.309723,0.684515,,,5.11525,0.708075,0.920711,657.469970703125,,,,,,,360.20000000000005,2.7082706766917295,400,3.007518796992481,,,,,,,,,,,,,,,,,,,"Chase Dollander","33482",801403
"Jose A. Ferrer","SEA",4,3,0,3.10014,70,0,3,16,,70,290,63,27,24,6,21,,3,68,8.7,2.72132,3.19698,0.764,0.23345,0.073022,0.16042815148830414,0.236361,1.19829,0.296113,0.754935,,,3.35621,0.702127,0.854923,529.7999877929688,,,,,,,423.40000000000003,6.048571428571429,415,5.928571428571429,,,,,,,,,,,,,,,,,,,"Jose A. Ferrer","24017",678606
"Walker Buehler",,7,9,10,4.9128,24,24,0,0,,130,578,138,76,71,19,53,,7,103,7.11528,3.65206,1.94829,1.331,0.177961,0.091342,0.08661901950836182,0.266004,1.46592,0.299398,0.699292,,,4.8477,0.695594,0.5044,714.3300170898438,,,,,,,395.49999999999994,3.0423076923076917,429,3.3,,,,,,,,,,,,,,,,,,,"Walker Buehler","19374",621111
"Alex Vesia","LAD",3,3,0,3.66553,61,0,1,18,,61,257,48,26,25,9,26,,3,75,11.0848,3.78148,2.93133,1.289,0.292884,0.099915,0.19296889007091522,0.212303,1.21482,0.27508,0.769516,,,3.92035,0.694533,0.796274,666.4000244140625,,,,,,,355.9000000000001,5.834426229508198,328,5.377049180327869,,,,,,,,,,,,,,,,,,,"Alex Vesia","25007",681911
"Orion Kerkering","PHI",3,3,0,3.51069,63,0,1,13,,63,264,54,27,25,7,24,,3,69,9.81513,3.39167,2.89389,0.961,0.26021,0.089917,0.17029313743114471,0.228511,1.23672,0.293537,0.746777,,,3.62671,0.682106,0.698052,707.5999755859375,,,,,,,353.70000000000005,5.614285714285715,338,5.365079365079365,,,,,,,,,,,,,,,,,,,"Orion Kerkering","31776",689147
"Edwin Uceta","TBR",3,3,0,3.85584,70,0,12,12,,70,295,60,32,30,10,25,,4,79,10.1498,3.27577,3.09845,1.251,0.267842,0.0864438,0.18139799684286118,0.227658,1.22817,0.286722,0.744635,,,3.93011,0.664556,0.692177,273.2699890136719,,,,,,,418,5.9714285714285715,399,5.7,,,,,,,,,,,,,,,,,,,"Edwin Uceta","20539",670955
"Johan Oviedo","BOS",4,4,2,4.06785,48,6,0,1,,78,332,72,38,35,9,31,,4,78,9.09567,3.54487,2.56587,1.091,0.236415,0.0921383,0.14427653700113297,0.243169,1.32544,0.30023,0.725615,,,4.02147,0.662046,0.638622,414.8699951171875,,,,,,,334.3,4.285897435897436,328,4.205128205128205,,,,,,,,,,,,,,,,,,,"Johan Oviedo","22487",670912
"Alek Manoah","LAA",5,8,8,4.81812,19,19,0,0,,108,473,109,62,58,17,44,,7,92,7.65604,3.7085,2.06446,1.399,0.193698,0.093825,0.09987306594848633,0.258062,1.42256,0.293873,0.706024,,,4.88251,0.65593,0.565938,695.4000244140625,,,,,,,337.70000000000005,3.1268518518518524,350,3.240740740740741,,,,,,,,,,,,,,,,,,,"Alek Manoah","26410",666201
"Stephen Kolek","KCR",4,5,3,4.15228,41,8,0,1,,80,344,86,40,37,8,24,,4,58,6.59828,2.72066,2.42525,0.922,0.17015,0.0701579,0.09999243170022964,0.271824,1.3778,0.311776,0.70795,,,4.0572,0.638,0.572753,589.2000122070312,,,,,,,306,3.825,332,4.15,,,,,,,,,,,,,,,,,,,"Stephen Kolek","21487",663568
"Jordan Leasure","CHW",3,3,0,3.98836,66,0,18,7,,66,282,57,31,29,9,30,,2,73,9.9284,4.11791,2.41103,1.247,0.257917,0.106974,0.15094350278377533,0.227481,1.31789,0.28413,0.750397,,,4.21534,0.635307,0.558041,278.3999938964844,,,,,,,397.50000000000006,6.022727272727273,381,5.7727272727272725,,,,,,,,,,,,,,,,,,,"Jordan Leasure","29950",673929
"Jared Koenig","MIL",3,3,0,3.47687,65,0,1,16,,65,273,57,27,25,7,23,,3,68,9.47649,3.19742,2.96379,0.99,0.250811,0.0846251,0.1661858707666397,0.232742,1.23875,0.293762,0.75422,,,3.66584,0.633848,0.887498,740.2000122070312,,,,,,,373.7,5.749230769230769,361,5.553846153846154,,,,,,,,,,,,,,,,,,,"Jared Koenig","27517",657649
"Hunter Dobbins","STL",6,7,6,4.33383,37,15,0,1,,102,442,106,53,49,14,33,,4,75,6.60715,2.92711,2.25723,1.196,0.170041,0.0753317,0.09470921009778976,0.262697,1.36256,0.293483,0.715204,,,4.50029,0.631445,0.709373,713.3300170898438,,,,,,,350.0000000000001,3.431372549019609,371,3.6372549019607843,,,,,,,,,,,,,,,,,,,"Hunter Dobbins","30240",690928
"Dylan Lee","ATL",4,3,0,3.5876,65,0,1,16,,65,270,58,28,26,9,20,,2,71,9.88077,2.73345,3.61476,1.182,0.264036,0.073044,0.1909923329949379,0.23303,1.19546,0.292743,0.757786,,,3.64053,0.629473,0.808075,687.530029296875,,,,,,,364.49999999999994,5.607692307692306,353,5.430769230769231,,,,,,,,,,,,,,,,,,,"Dylan Lee","19996",669276
"Carmen Mlodzinski","PIT",4,4,3,4.07068,38,8,0,1,,72,308,71,35,32,8,26,,3,63,7.8456,3.25021,2.41388,0.991,0.203209,0.0841835,0.11902501434087753,0.255206,1.35369,0.303517,0.71906,,,4.02489,0.629073,0.59429,607.530029296875,,,,,,,292.80000000000007,4.066666666666667,299,4.152777777777778,,,,,,,,,,,,,,,,,,,"Carmen Mlodzinski","27572",669387
"Yimi García","TOR",3,3,0,3.62457,60,0,4,11,,60,251,52,26,24,7,21,,3,67,10.0645,3.13983,3.20544,1.091,0.267381,0.0834148,0.18396636843681335,0.22708,1.20877,0.289989,0.745334,,,3.66124,0.623089,0.653238,702.1300048828125,,,,,,,348.7,5.8116666666666665,335,5.583333333333333,,,,,,,,,,,,,,,,,,,"Yimi Garcia","12095",554340
"Drew Pomeranz","LAA",3,3,0,3.73038,58,0,3,13,,58,244,51,26,24,8,21,,3,63,9.79991,3.20429,3.05837,1.168,0.2585,0.0845223,0.1739780530333519,0.232378,1.24102,0.291616,0.750277,,,3.85622,0.615429,0.563496,706.7999877929688,,,,,,,319.20000000000005,5.50344827586207,307,5.293103448275862,,,,,,,,,,,,,,,,,,,"Drew Pomeranz","11426",519141
"Spencer Arrighetti","HOU",6,6,6,4.59694,28,16,0,1,,101,438,96,55,52,15,43,,5,99,8.80455,3.87891,2.26985,1.367,0.225538,0.0993626,0.12617549300193787,0.245763,1.37879,0.291929,0.714696,,,4.59612,0.615102,0.633838,461.2699890136719,,,,,,,371.30000000000007,3.676237623762377,368,3.6435643564356437,,,,,,,,,,,,,,,,,,,"Spencer Arrighetti","29921",681293
"Mick Abel","MIN",6,7,5,4.42189,53,13,0,1,,111,482,108,59,54,14,49,,4,102,8.24943,3.94375,2.09177,1.159,0.210377,0.100574,0.10980354994535446,0.25176,1.41486,0.299187,0.717706,,,4.40882,0.613176,0.652623,472.20001220703125,,,,,,,417.40000000000003,3.7603603603603606,422,3.8018018018018016,,,,,,,,,,,,,,,,,,,"Mick Abel","27756",690953
"A.J. Minter","NYM",3,3,0,3.32925,60,0,2,15,,60,249,49,24,22,7,22,,2,68,10.2685,3.25485,3.15482,1.009,0.27451,0.0870128,0.1874968335032463,0.219149,1.18544,0.283992,0.762911,,,3.50242,0.611578,0.840186,727.5999755859375,,,,,,,364.5,6.075,343,5.716666666666667,,,,,,,,,,,,,,,,,,,"A.J. Minter","18655",621345
"Mark Leiter Jr.","ATH",3,3,0,3.9213,64,0,6,13,,64,274,59,30,28,8,25,,4,66,9.26854,3.55043,2.61054,1.062,0.240467,0.0921139,0.14835309237241745,0.23862,1.3092,0.296672,0.731741,,,3.95749,0.610859,0.520169,633.530029296875,,,,,,,348.80000000000007,5.450000000000001,343,5.359375,,,,,,,,,,,,,,,,,,,"Mark Leiter Jr.","15551",643410
"Emilio Pagán","CIN",3,3,0,4.1716,66,0,27,4,,66,279,59,32,31,11,23,,2,73,9.9017,3.1977,3.09651,1.484,0.260525,0.0841351,0.17638994008302689,0.233612,1.25115,0.284453,0.744381,,,4.24285,0.610793,0.699315,115.33000183105469,,,,,,,421.70000000000016,6.389393939393941,409,6.196969696969697,,,,,,,,,,,,,,,,,,,"Emilio Pagan","14771",641941
"Jake Irvin","WSN",5,7,6,4.58718,30,15,0,1,,96,413,101,53,49,15,30,,4,75,6.97225,2.85086,2.44567,1.378,0.180688,0.0738811,0.10680736601352692,0.265692,1.36159,0.296776,0.710265,,,4.64107,0.609265,0.729998,728.7999877929688,,,,,,,315.30000000000007,3.2843750000000007,337,3.5104166666666665,,,,,,,,,,,,,,,,,,,"Jake Irvin","21504",663623
"Corbin Burnes","ARI",2,2,3,3.86243,6,6,0,0,,38,160,36,18,16,4,12,,1,37,8.91841,2.80921,3.1747,0.976,0.234257,0.0737885,0.160468228161335,0.247738,1.27326,0.306696,0.719144,,,3.61465,0.606269,0.607823,573.7999877929688,,,,,,,173.4,4.563157894736842,173,4.552631578947368,,,,,,,,,,,,,,,,,,,"Corbin Burnes","19361",669203
"Jonathan Cannon","CHW",5,8,6,4.817,38,16,0,1,,110,482,117,63,59,18,39,,5,83,6.7532,3.17702,2.12564,1.47,0.1717,0.0807755,0.0909242331981659,0.2659,1.4094,0.291925,0.70876,,,4.9495,0.602516,0.302911,999,,,,,,,326.40000000000003,2.9672727272727277,354,3.2181818181818183,,,,,,,,,,,,,,,,,,,"Jonathan Cannon","31730",686563
"Trevor McDonald","SFG",5,5,6,4.14785,25,13,0,1,,86,374,90,44,40,9,29,,5,65,6.77801,2.99587,2.26246,0.955,0.17383,0.0768326,0.09699767827987671,0.263541,1.37094,0.302614,0.708938,,,4.18902,0.599139,0.651187,546.469970703125,,,,,,,323.69999999999993,3.7639534883720924,345,4.011627906976744,,,,,,,,,,,,,,,,,,,"Trevor McDonald","26448",686790
"Gregory Soto","PIT",3,3,0,3.56726,61,0,4,14,,61,259,53,26,24,6,25,,4,66,9.74619,3.69944,2.6345,0.83,0.254917,0.0967611,0.15815626084804535,0.23247,1.28765,0.302186,0.738828,,,3.60001,0.59805,0.843586,624.0700073242188,,,,,,,360.80000000000007,5.914754098360657,348,5.704918032786885,,,,,,,,,,,,,,,,,,,"Gregory Soto","19677",642397
"Robert Stephenson","LAA",3,3,0,3.92621,60,0,19,7,,60,252,53,28,26,9,21,,2,66,9.96474,3.11547,3.19847,1.295,0.263512,0.0823868,0.18112504482269287,0.231619,1.23113,0.28839,0.7434,,,3.93398,0.592086,0.573116,422.8699951171875,,,,,,,381.49999999999994,6.3583333333333325,369,6.15,,,,,,,,,,,,,,,,,,,"Robert Stephenson","13594",596112
"Andrew Kittredge","BAL",3,3,0,3.87534,67,0,4,13,,67,282,65,31,29,8,19,,2,67,8.9339,2.61646,3.4145,1.13,0.236252,0.0691908,0.16706082969903946,0.248159,1.25353,0.303178,0.730921,,,3.74771,0.578492,0.470105,476.3999938964844,,,,,,,371.4,5.543283582089552,374,5.582089552238806,,,,,,,,,,,,,,,,,,,"Andrew Kittredge","12828",552640
"Seranthony Domínguez",,3,3,0,3.74072,63,0,0,0,,63,267,53,28,26,7,28,,3,72,10.2581,4.06591,2.52296,1.011,0.268763,0.106527,0.1622357740998268,0.223478,1.28913,0.290612,0.742534,,,3.79767,0.570489,0.559513,614.27001953125,,,,,,,293.3,4.655555555555556,275,4.365079365079365,,,,,,,,,,,,,,,,,,,"Seranthony Dominguez","19249",622554
"Bryan King","HOU",3,3,0,3.7227,67,0,1,17,,67,282,62,30,28,8,21,,3,67,8.96255,2.88549,3.10607,1.1,0.236711,0.0762091,0.16050171107053757,0.240573,1.24408,0.294515,0.741581,,,3.8374,0.564049,0.574984,999,,,,,,,371.2,5.540298507462686,366,5.462686567164179,,,,,,,,,,,,,,,,,,,"Bryan King","25890",687911
"Randy Vásquez","SDP",8,11,12,4.94857,28,28,0,0,,147,645,157,86,81,23,54,,8,100,6.16421,3.33577,1.84791,1.427,0.155886,0.0843579,0.07152804732322693,0.26911,1.43883,0.291001,0.699395,,,5.09957,0.562208,0.356994,715.6699829101562,,,,,,,410.7,2.793877551020408,450,3.061224489795918,,,,,,,,,,,,,,,,,,,"Randy Vasquez","24719",681190
"Kyle Harrison","BOS",4,5,3,4.19898,42,8,0,1,,78,335,74,39,36,11,29,,4,78,8.97282,3.38409,2.65147,1.24,0.232912,0.0878426,0.14506974816322327,0.244881,1.32092,0.296315,0.727562,,,4.19774,0.560534,0.614674,534.5999755859375,,,,,,,310.5,3.980769230769231,308,3.948717948717949,,,,,,,,,,,,,,,,,,,"Kyle Harrison","27758",690986
"Aaron Bummer","ATL",3,3,0,3.39448,61,0,0,13,,61,258,56,25,23,5,23,,4,62,9.20948,3.39892,2.70953,0.706,0.241493,0.089127,0.15236561000347137,0.242066,1.29761,0.31182,0.740988,,,3.41897,0.550292,0.750572,999,,,,,,,339.30000000000007,5.562295081967214,335,5.491803278688525,,,,,,,,,,,,,,,,,,,"Aaron Bummer","16258",607481
"Cole Sands","MIN",3,3,0,3.93339,68,0,5,15,,68,288,64,32,30,8,21,,3,67,8.91609,2.83123,3.14919,1.095,0.234196,0.0743669,0.1598290130496025,0.243818,1.25761,0.298091,0.724203,,,3.8225,0.54468,0.420027,604.469970703125,,,,,,,385.4000000000001,5.667647058823531,383,5.632352941176471,,,,,,,,,,,,,,,,,,,"Cole Sands","21461",663485
"Blake Treinen","LAD",3,3,0,3.76806,58,0,1,14,,58,245,51,26,24,7,22,,2,64,9.92683,3.39496,2.92399,1.096,0.261628,0.0894761,0.17215145379304886,0.231962,1.25785,0.295079,0.740783,,,3.77044,0.533477,0.487626,739.8699951171875,,,,,,,327.5,5.646551724137931,316,5.448275862068965,,,,,,,,,,,,,,,,,,,"Blake Treinen","12572",595014
"Riley O'Brien","STL",3,3,0,3.53553,63,0,17,9,,63,269,56,27,25,6,27,,4,64,9.13723,3.83634,2.38175,0.791,0.237771,0.0998301,0.13794075697660446,0.236191,1.32045,0.300552,0.741902,,,3.69915,0.527934,0.886612,285.6000061035156,,,,,,,402.80000000000007,6.393650793650795,393,6.238095238095238,,,,,,,,,,,,,,,,,,,"Riley O'Brien","20348",676617
"Bryce Elder","ATL",4,4,4,4.42918,18,10,0,1,,63,271,67,33,31,8,20,,2,51,7.41197,2.95118,2.51153,1.135,0.189754,0.0755533,0.11420097947120667,0.268029,1.39279,0.310507,0.706843,,,4.22874,0.526664,0.57048,681.9299926757812,,,,,,,233.60000000000008,3.7079365079365094,251,3.984126984126984,,,,,,,,,,,,,,,,,,,"Bryce Elder","27779",693821
"Justin Wilson",,3,2,0,3.44412,50,0,0,0,,50,208,43,21,19,6,18,,2,55,9.86283,3.18852,3.09323,1.03,0.262899,0.0849918,0.1779075786471367,0.227058,1.21152,0.289576,0.757647,,,3.61007,0.525867,0.583302,750.0700073242188,,,,,,,234.39999999999998,4.688,222,4.44,,,,,,,,,,,,,,,,,,,"Justin Wilson","4301",458677
"Kody Funderburk","MIN",3,3,0,3.69622,65,0,10,9,,65,279,61,29,27,6,27,,4,62,8.63085,3.68529,2.34197,0.836,0.223443,0.0954081,0.12803491204977036,0.245674,1.34981,0.305309,0.737553,,,3.81754,0.518315,0.710474,741.469970703125,,,,,,,365.6,5.624615384615385,364,5.6,,,,,,,,,,,,,,,,,,,"Kody Funderburk","24993",681892
"Brandon Sproat","NYM",3,3,4,4.11652,18,8,0,1,,56,240,55,28,26,7,21,,3,45,7.26969,3.38246,2.14923,1.06,0.187576,0.0872759,0.10030017793178558,0.253622,1.35984,0.293209,0.721057,,,4.32986,0.515927,0.495415,484.6700134277344,,,,,,,207.30000000000007,3.7017857142857156,211,3.767857142857143,,,,,,,,,,,,,,,,,,,"Brandon Sproat","33850",687075
"Kevin Ginkel","ARI",3,3,0,3.8125,60,0,2,15,,60,255,56,28,25,6,22,,2,62,9.28623,3.2604,2.84819,0.952,0.243093,0.08535,0.15774279087781906,0.242195,1.29282,0.304954,0.728819,,,3.65358,0.515323,0.493062,703.8699951171875,,,,,,,346.6,5.776666666666667,344,5.733333333333333,,,,,,,,,,,,,,,,,,,"Kevin Ginkel","19876",656464
"Cal Quantrill",,5,6,7,4.87697,16,16,0,0,,85,371,91,49,46,13,28,,4,63,6.74684,3.00257,2.24702,1.408,0.17092,0.0760651,0.09485486894845963,0.267848,1.40565,0.295705,0.696425,,,4.82041,0.510259,0.396036,999,,,,,,,262.5,3.088235294117647,286,3.364705882352941,,,,,,,,,,,,,,,,,,,"Cal Quantrill","19312",615698
"Richard Fitts","STL",6,7,6,4.42776,40,16,0,1,,111,478,116,59,55,16,34,,5,83,6.76081,2.76815,2.44236,1.268,0.174379,0.0713979,0.10298112034797668,0.264366,1.35437,0.295318,0.712389,,,4.50895,0.508865,0.708829,555.7999877929688,,,,,,,376.0000000000001,3.3873873873873883,400,3.6036036036036037,,,,,,,,,,,,,,,,,,,"Richard Fitts","30160",690916
"Spencer Turnbull",,4,5,6,4.78392,13,13,0,0,,72,316,75,41,38,10,29,,4,54,6.76142,3.65384,1.85049,1.247,0.170388,0.092077,0.0783110186457634,0.265972,1.45652,0.298036,0.700432,,,4.81192,0.494901,0.384694,999,,,,,,,223.80000000000007,3.1083333333333343,239,3.3194444444444446,,,,,,,,,,,,,,,,,,,"Spencer Turnbull","16207",605513
"Clayton Beeter","WSN",3,3,0,3.77741,63,0,17,9,,63,269,53,29,26,7,32,,2,70,10.0535,4.52049,2.22398,1.002,0.261167,0.117432,0.14373472332954407,0.223998,1.33905,0.289338,0.748209,,,3.97297,0.4918,0.752489,417.92999267578125,,,,,,,401.3,6.36984126984127,383,6.079365079365079,,,,,,,,,,,,,,,,,,,"Clayton Beeter","27494",690925
"Kyle Finnegan","DET",3,3,0,3.78817,64,0,4,13,,64,271,60,29,27,7,23,,2,62,8.74945,3.21777,2.71911,0.997,0.229818,0.0845199,0.14529860019683838,0.241911,1.28726,0.296685,0.733119,,,3.79149,0.491223,0.479681,292.8699951171875,,,,,,,352.5,5.5078125,350,5.46875,,,,,,,,,,,,,,,,,,,"Kyle Finnegan","15009",640448
"Taijuan Walker","PHI",6,8,6,4.81321,50,16,0,1,,121,531,131,70,65,20,42,,5,87,6.47248,3.12129,2.07366,1.475,0.164427,0.0792933,0.08513378351926804,0.269821,1.42222,0.293793,0.711675,,,4.9917,0.485496,0.518647,743.530029296875,,,,,,,345.80000000000007,2.8578512396694222,382,3.15702479338843,,,,,,,,,,,,,,,,,,,"Taijuan Walker","11836",592836
"Sean Sullivan","COL",4,6,6,5.20711,15,15,0,0,,83,364,94,51,48,15,24,,4,61,6.62712,2.65258,2.49837,1.65,0.168108,0.0672871,0.10082083195447922,0.279776,1.4255,0.303469,0.693602,,,5.0613,0.483105,0.750217,999,,,,,,,223.30000000000004,2.690361445783133,258,3.108433734939759,,,,,,,,,,,,,,,,,,,"Sean Sullivan","sa3023162",807743
"Keider Montero","DET",5,5,4,4.39919,44,10,0,1,,87,378,88,46,43,12,30,,4,73,7.57165,3.04884,2.48346,1.287,0.194455,0.0783002,0.11615484952926636,0.256723,1.35185,0.293757,0.717477,,,4.45205,0.481908,0.39339,732.4000244140625,,,,,,,315.40000000000003,3.6252873563218393,327,3.7586206896551726,,,,,,,,,,,,,,,,,,,"Keider Montero","22630",672456
"Luke Weaver","NYM",3,3,0,3.71536,67,0,4,14,,67,281,60,30,28,9,21,,3,71,9.55566,2.84315,3.36094,1.236,0.253119,0.0753121,0.177807055413723,0.232091,1.20725,0.285455,0.75317,,,3.85932,0.475638,0.632512,437.6000061035156,,,,,,,375.0999999999999,5.598507462686566,364,5.432835820895522,,,,,,,,,,,,,,,,,,,"Luke Weaver","16918",596133
"Graham Ashcraft","CIN",3,3,0,3.982,65,0,2,16,,65,276,66,31,29,8,19,,3,57,7.93793,2.67909,2.96292,1.08,0.207621,0.0700731,0.13754770159721375,0.258151,1.30546,0.305935,0.724601,,,3.96381,0.474349,0.595484,722.27001953125,,,,,,,333,5.123076923076923,343,5.276923076923077,,,,,,,,,,,,,,,,,,,"Graham Ashcraft","27552",668933
"Caleb Thielbar","CHC",3,3,0,3.68446,58,0,1,16,,58,243,51,26,24,7,21,,2,61,9.46719,3.23077,2.93032,1.154,0.251196,0.085723,0.16547321528196335,0.230435,1.23478,0.285279,0.752194,,,3.85897,0.470113,0.537481,744.2000122070312,,,,,,,332.5,5.732758620689655,321,5.5344827586206895,,,,,,,,,,,,,,,,,,,"Caleb Thielbar","10078",573204
"Drew Thorpe","CHW",4,5,6,4.79173,13,13,0,0,,73,318,76,42,39,12,27,,2,56,6.88893,3.30807,2.08246,1.472,0.175285,0.0841719,0.09111284464597702,0.263131,1.41142,0.289757,0.711406,,,4.92971,0.466164,0.335188,999,,,,,,,220.00000000000003,3.013698630136987,234,3.2054794520547945,,,,,,,,,,,,,,,,,,,"Drew Thorpe","31967",689672
"David Festa","MIN",3,3,1,3.72797,35,3,0,1,,50,207,45,22,21,6,16,,2,53,9.64755,2.90624,3.3196,1.088,0.256169,0.0771686,0.17900047451257706,0.235527,1.2232,0.296395,0.736702,,,3.64918,0.458035,0.372835,616,,,,,,,235.2,4.704,228,4.56,,,,,,,,,,,,,,,,,,,"David Festa","30056",701581
"Aaron Ashby","MIL",3,3,0,3.48025,64,0,0,13,,64,274,57,27,25,6,29,,3,67,9.42221,4.09731,2.29961,0.779,0.244768,0.106439,0.13832936435937881,0.234363,1.33998,0.30216,0.74912,,,3.67301,0.450762,0.672139,547.27001953125,,,,,,,341.6,5.3375,332,5.1875,,,,,,,,,,,,,,,,,,,"Aaron Ashby","23550",676879
"Gabriel Hughes","COL",4,6,4,5.25014,29,11,0,1,,83,367,96,52,48,13,30,,3,58,6.34044,3.2459,1.95337,1.38,0.158642,0.0812148,0.07742738723754883,0.28696,1.51982,0.316137,0.68561,,,4.92344,0.450587,0.563533,999,,,,,,,225.70000000000007,2.7192771084337357,267,3.216867469879518,,,,,,,,,,,,,,,,,,,"Gabriel Hughes","sa3020661",687312
"Bryan Baker","TBR",3,3,0,3.86655,63,0,3,12,,63,266,56,29,27,9,23,,2,69,9.83797,3.27454,3.00438,1.223,0.259176,0.0862659,0.1729096621274948,0.233024,1.25464,0.291046,0.745127,,,3.89996,0.448931,0.368416,630.1300048828125,,,,,,,335.9000000000001,5.331746031746033,324,5.142857142857143,,,,,,,,,,,,,,,,,,,"Bryan Baker","19804",641329
"Dennis Santana","PIT",3,3,0,4.02557,68,0,26,5,,68,291,65,33,30,8,25,,3,64,8.42286,3.27964,2.56823,1.048,0.218433,0.0850521,0.13338104635477066,0.247375,1.32336,0.298317,0.725462,,,4.00103,0.447581,0.589365,152.8699951171875,,,,,,,429.80000000000007,6.320588235294118,430,6.323529411764706,,,,,,,,,,,,,,,,,,,"Dennis Santana","17878",642701
"Robert Gasser","MIL",3,3,2,3.97516,39,5,0,1,,61,258,58,29,27,8,18,,4,57,8.39667,2.71834,3.0889,1.252,0.220387,0.071348,0.14903881400823593,0.24397,1.24705,0.287678,0.733366,,,4.15707,0.445135,0.41487,553.7999877929688,,,,,,,254.2000000000001,4.1672131147541,253,4.147540983606557,,,,,,,,,,,,,,,,,,,"Robert Gasser","29812",688107
"Tyler Holton","DET",4,3,0,3.72949,72,0,1,14,,72,304,71,33,30,8,20,,2,62,7.7947,2.47027,3.1554,1.034,0.205347,0.0650781,0.1402691751718521,0.251198,1.25646,0.296116,0.734784,,,3.82184,0.434949,0.397269,730.5999755859375,,,,,,,368.80000000000007,5.122222222222224,375,5.208333333333333,,,,,,,,,,,,,,,,,,,"Tyler Holton","26231",663947
"Justin Topa","MIN",3,3,0,4.03523,63,0,12,10,,63,271,64,31,28,7,22,,3,53,7.63749,3.07457,2.48408,0.935,0.197132,0.0793581,0.11777390539646149,0.259858,1.35967,0.308294,0.717693,,,3.94964,0.434086,0.296819,698.3300170898438,,,,,,,344.70000000000005,5.471428571428572,355,5.634920634920635,,,,,,,,,,,,,,,,,,,"Justin Topa","15145",623437
"Janson Junk","MIA",4,4,2,4.16314,55,5,0,4,,77,326,81,39,36,11,15,,3,58,6.75699,1.80108,3.75162,1.236,0.17811,0.0474754,0.13063428923487663,0.264702,1.2534,0.296326,0.71061,,,4.12736,0.433184,0.370992,586.7999877929688,,,,,,,301.9,3.9207792207792207,320,4.1558441558441555,,,,,,,,,,,,,,,,,,,"Janson Junk","23301",676083
"Christian Scott","NYM",3,3,2,3.80081,29,5,0,1,,51,215,48,23,22,7,14,,2,50,8.74905,2.40717,3.63459,1.248,0.232924,0.0640853,0.16883830726146698,0.239147,1.19195,0.285236,0.738963,,,3.91694,0.428467,0.471911,513.3300170898438,,,,,,,222.50000000000006,4.362745098039217,220,4.313725490196078,,,,,,,,,,,,,,,,,,,"Christian Scott","30107",681035
"McCade Brown","COL",5,9,8,5.51797,21,21,0,0,,114,509,123,74,70,20,50,,6,98,7.72852,3.97237,1.94557,1.603,0.191925,0.098647,0.09327781945466995,0.27112,1.51952,0.306155,0.685117,,,5.22605,0.426138,0.690914,748.0700073242188,,,,,,,305.7999999999999,2.6824561403508764,338,2.9649122807017543,,,,,,,,,,,,,,,,,,,"McCade Brown","30004",685326
"Kyle Hurt","LAD",3,2,2,4.01605,23,5,0,1,,45,194,41,22,20,6,19,,2,47,9.2457,3.68309,2.51031,1.178,0.240575,0.0958349,0.14474017918109894,0.238217,1.31957,0.292666,0.736692,,,4.12827,0.423497,0.406477,999,,,,,,,187.6,4.168888888888889,182,4.044444444444444,,,,,,,,,,,,,,,,,,,"Kyle Hurt","27514",669165
"JoJo Romero","STL",3,3,0,3.56338,64,0,14,9,,64,274,59,28,25,6,26,,3,61,8.55239,3.58872,2.38313,0.886,0.222172,0.0932271,0.12894519418478012,0.242035,1.3274,0.297764,0.75023,,,3.83527,0.422956,0.751056,459.20001220703125,,,,,,,387.4,6.053125,383,5.984375,,,,,,,,,,,,,,,,,,,"JoJo Romero","19574",668941
"Kenley Jansen","DET",3,3,0,4.08641,60,0,23,4,,60,254,53,29,27,8,22,,2,63,9.3753,3.27354,2.86396,1.242,0.245737,0.0858031,0.15993394702672958,0.230778,1.24981,0.281249,0.726395,,,4.04428,0.422783,0.301413,115.12999725341797,,,,,,,392.8,6.546666666666667,381,6.35,,,,,,,,,,,,,,,,,,,"Kenley Jansen","3096",445276
"Gabe Speier","SEA",3,3,0,3.20518,58,0,0,12,,58,238,48,22,21,6,18,,3,66,10.3188,2.75982,3.73894,0.988,0.278952,0.074607,0.20434457063674927,0.220136,1.13417,0.286772,0.761368,,,3.32213,0.416585,0.48319,695.27001953125,,,,,,,347.6,5.993103448275862,329,5.672413793103448,,,,,,,,,,,,,,,,,,,"Gabe Speier","17170",642100
"Justin Slaten","BOS",3,3,0,3.95787,61,0,0,13,,61,258,58,29,27,7,20,,2,59,8.68983,2.9719,2.92399,1.086,0.228157,0.0780291,0.15012744814157486,0.247644,1.28749,0.301011,0.726741,,,3.8718,0.415108,0.377092,728.0700073242188,,,,,,,318.50000000000006,5.221311475409837,318,5.213114754098361,,,,,,,,,,,,,,,,,,,"Justin Slaten","25648",686580
"Hayden Birdsong","SFG",4,5,4,4.44027,25,11,0,1,,74,325,69,39,36,10,36,,4,73,8.83128,4.34112,2.03433,1.218,0.223398,0.109814,0.11358402669429779,0.241972,1.41542,0.291196,0.722887,,,4.54081,0.414164,0.399203,616.27001953125,,,,,,,275.20000000000005,3.7189189189189196,270,3.6486486486486487,,,,,,,,,,,,,,,,,,,"Hayden Birdsong","31635",806185
"Victor Vodnik","COL",3,3,0,4.38628,64,0,22,4,,64,280,64,34,31,7,30,,2,63,8.84579,4.26254,2.07524,1.026,0.22429,0.108079,0.11621074378490448,0.258272,1.47426,0.319223,0.720639,,,4.17466,0.409375,0.659456,391.6000061035156,,,,,,,377.1,5.8921875,385,6.015625,,,,,,,,,,,,,,,,,,,"Victor Vodnik","24614",680767
"Kai-Wei Teng","SFG",4,5,5,4.35842,21,11,0,1,,71,311,69,37,34,9,30,,5,65,8.23062,3.7777,2.17874,1.105,0.208844,0.0958557,0.11298863589763641,0.249212,1.38829,0.296851,0.711479,,,4.37974,0.399903,0.460594,656.27001953125,,,,,,,264.29999999999995,3.722535211267605,267,3.76056338028169,,,,,,,,,,,,,,,,,,,"Kai-Wei Teng","24282",678906
"Jason Alexander","HOU",3,4,5,4.61187,10,10,0,0,,54,236,59,30,28,8,18,,2,39,6.47288,3.03378,2.1336,1.25,0.165418,0.0775297,0.08788793534040451,0.271706,1.41454,0.302041,0.704755,,,4.64921,0.390146,0.318995,739.1300048828125,,,,,,,165.80000000000004,3.0703703703703713,184,3.4074074074074074,,,,,,,,,,,,,,,,,,,"Jason Alexander","19666",669920
"Jordan Romano","LAA",3,3,0,4.05405,56,0,3,11,,56,238,50,27,25,8,22,,3,60,9.58349,3.50039,2.73784,1.223,0.250342,0.0914377,0.15890375524759293,0.235689,1.28907,0.291869,0.733851,,,4.07502,0.386683,0.246467,655.8699951171875,,,,,,,290.0000000000001,5.178571428571431,280,5,,,,,,,,,,,,,,,,,,,"Jordan Romano","16122",605447
"David Robertson",,2,2,0,3.53139,41,0,0,0,,41,174,35,17,16,4,16,,2,47,10.3478,3.58621,2.88543,0.97,0.271571,0.0941181,0.17745331674814224,0.224967,1.25141,0.294081,0.749366,,,3.56364,0.386014,0.503084,999,,,,,,,203.20000000000005,4.956097560975611,193,4.7073170731707314,,,,,,,,,,,,,,,,,,,"David Robertson","8241",502085
"Paul Blackburn","NYY",4,4,1,4.0405,53,3,0,5,,68,288,68,33,30,10,18,,3,59,7.77951,2.40258,3.23798,1.264,0.203064,0.0627131,0.1403506174683571,0.254707,1.27349,0.293899,0.73101,,,4.14717,0.385258,0.212155,999,,,,,,,278.40000000000003,4.094117647058824,285,4.1911764705882355,,,,,,,,,,,,,,,,,,,"Paul Blackburn","14739",621112
"Mitchell Parker","WSN",4,5,2,4.32611,52,6,0,1,,81,348,83,42,39,12,25,,2,65,7.19148,2.77491,2.59161,1.304,0.186733,0.072053,0.11467990279197693,0.25966,1.33189,0.293088,0.723125,,,4.43213,0.381325,0.396856,999,,,,,,,288.99999999999994,3.5679012345679006,302,3.728395061728395,,,,,,,,,,,,,,,,,,,"Mitchell Parker","27636",680730
"Taylor Rogers",,3,3,0,3.85918,57,0,0,0,,57,244,51,26,24,7,24,,3,59,9.33856,3.79986,2.4576,1.069,0.242076,0.0985007,0.1435750424861908,0.235644,1.32071,0.293508,0.742285,,,4.02407,0.379878,0.430155,999,,,,,,,240.09999999999994,4.212280701754385,231,4.052631578947368,,,,,,,,,,,,,,,,,,,"Taylor Rogers","13449",573124
"Tyler Kinley",,3,3,0,4.05099,64,0,0,0,,64,275,57,31,29,8,28,,3,68,9.57433,3.88599,2.46381,1.179,0.247975,0.100647,0.14732808619737625,0.231452,1.31562,0.28692,0.736431,,,4.12441,0.379807,0.279261,707.4000244140625,,,,,,,270.00000000000006,4.218750000000001,259,4.046875,,,,,,,,,,,,,,,,,,,"Tyler Kinley","18297",641755
"Ricky Tiedemann","TOR",3,3,2,3.99291,23,5,0,1,,46,197,42,22,20,6,20,,2,48,9.35429,3.97304,2.35444,1.121,0.240514,0.102153,0.1383608803153038,0.237907,1.3537,0.294955,0.740807,,,4.13651,0.378375,0.384945,999,,,,,,,191.40000000000003,4.160869565217392,186,4.043478260869565,,,,,,,,,,,,,,,,,,,"Ricky Tiedemann","sa3018096",694357
"Shawn Armstrong","CLE",3,3,0,3.89289,68,0,3,17,,68,287,63,32,29,9,22,,3,68,8.99316,2.89885,3.10232,1.139,0.23672,0.0763041,0.16041577607393265,0.239875,1.24599,0.292519,0.730576,,,3.8908,0.37817,0.319139,527.9299926757812,,,,,,,372.7,5.480882352941176,367,5.397058823529412,,,,,,,,,,,,,,,,,,,"Shawn Armstrong","12857",542888
"Carlos Estévez","KCR",3,3,0,4.28749,65,0,31,2,,65,280,62,33,31,9,24,,3,61,8.40599,3.35877,2.5027,1.235,0.216781,0.0866189,0.13016190379858017,0.245654,1.32933,0.290293,0.722679,,,4.29989,0.378112,0.299034,84.12999725341797,,,,,,,413.09999999999997,6.355384615384615,412,6.338461538461538,,,,,,,,,,,,,,,,,,,"Carlos Estevez","14542",608032
"Danny Coulombe",,2,2,0,3.78318,48,0,0,0,,48,204,44,22,20,6,18,,2,48,8.91364,3.29694,2.70361,1.07,0.232943,0.08616,0.14678265154361725,0.239573,1.2887,0.293159,0.742826,,,3.90485,0.372325,0.350699,999,,,,,,,203.00000000000003,4.229166666666667,198,4.125,,,,,,,,,,,,,,,,,,,"Danny Coulombe","13293",543056
"Sawyer Gipson-Long","DET",3,3,1,3.83676,41,3,0,1,,56,236,54,26,24,7,15,,2,51,8.23887,2.40703,3.42284,1.104,0.218083,0.063714,0.1543685421347618,0.24774,1.23043,0.294954,0.726137,,,3.83068,0.37175,0.319423,583.6699829101562,,,,,,,242.90000000000006,4.337500000000001,244,4.357142857142857,,,,,,,,,,,,,,,,,,,"Sawyer Gipson-Long","26048",687830
"Angel Zerpa","MIL",3,3,0,3.44438,60,0,0,12,,60,251,55,25,23,6,21,,2,59,8.8589,3.1268,2.83322,0.896,0.234859,0.0828948,0.15196426957845688,0.241354,1.26542,0.300936,0.75031,,,3.62349,0.360664,0.515453,713,,,,,,,324.2,5.403333333333333,319,5.316666666666666,,,,,,,,,,,,,,,,,,,"Angel Zerpa","22717",672582
"Julian Fernández","WSN",3,3,0,3.71423,59,0,2,12,,59,247,52,26,24,7,21,,2,61,9.26034,3.22832,2.86848,1.083,0.245605,0.0856222,0.15998291969299316,0.233902,1.24674,0.289988,0.742856,,,3.81982,0.360231,0.562543,999,,,,,,,326.3,5.530508474576272,315,5.338983050847458,,,,,,,,,,,,,,,,,,,"Julian Fernandez","18341",642759
"Brad Keller","PHI",3,3,0,3.97751,68,0,2,16,,68,292,66,33,30,8,26,,3,61,8.05902,3.37871,2.38524,1.037,0.20864,0.0874711,0.12116842716932297,0.252288,1.35215,0.30114,0.731189,,,4.10306,0.359744,0.452242,423.20001220703125,,,,,,,342.20000000000005,5.032352941176471,345,5.073529411764706,,,,,,,,,,,,,,,,,,,"Brad Keller","15734",641745
"Jimmy Herget","COL",4,5,1,4.85449,76,2,2,14,,83,362,88,48,45,13,27,,4,73,7.86825,2.94552,2.67127,1.444,0.200952,0.0752273,0.12572483718395233,0.266013,1.38426,0.305076,0.699316,,,4.60372,0.359665,0.494222,749.72998046875,,,,,,,344.50000000000006,4.150602409638555,365,4.397590361445783,,,,,,,,,,,,,,,,,,,"Jimmy Herget","17556",623474
"Ryan Pressly",,3,2,0,3.88132,51,0,0,0,,51,218,50,24,22,6,18,,2,47,8.21215,3.12289,2.62966,0.985,0.213881,0.081334,0.13254663348197937,0.251049,1.32142,0.302492,0.728987,,,3.88735,0.35424,0.302065,999,,,,,,,207.60000000000002,4.070588235294118,211,4.137254901960785,,,,,,,,,,,,,,,,,,,"Ryan Pressly","7005",519151
"Pierce Johnson",,3,3,0,3.87105,62,0,0,0,,62,265,55,29,27,8,25,,2,67,9.78528,3.61367,2.70785,1.143,0.254852,0.0941162,0.1607360914349556,0.232985,1.29419,0.292554,0.744839,,,3.91587,0.3505,0.386701,742.6699829101562,,,,,,,270.4,4.361290322580645,259,4.17741935483871,,,,,,,,,,,,,,,,,,,"Pierce Johnson","13435",572955
"Steven Okert","HOU",3,3,0,3.98562,64,0,0,14,,64,271,55,30,28,9,25,,3,71,10.0324,3.47389,2.88795,1.334,0.263407,0.0912089,0.17219816148281097,0.226682,1.24709,0.281128,0.746275,,,4.1321,0.349991,0.304788,999,,,,,,,333.90000000000003,5.2171875000000005,317,4.953125,,,,,,,,,,,,,,,,,,,"Steven Okert","13580",595345
"Hunter Harvey","CHC",3,2,0,3.34781,50,0,0,5,,50,206,42,20,19,5,15,,2,56,10.0842,2.76588,3.64595,0.948,0.272499,0.0747403,0.19775866717100143,0.225415,1.15579,0.292778,0.745119,,,3.30693,0.343373,0.28414,641.2000122070312,,,,,,,280.3,5.606,266,5.32,,,,,,,,,,,,,,,,,,,"Hunter Harvey","15507",640451
"Jakob Junis",,3,3,0,4.01995,66,0,0,0,,66,278,65,32,29,9,17,,3,59,8.02908,2.3786,3.37554,1.191,0.2117,0.0627159,0.14898411184549332,0.252421,1.25029,0.296234,0.722521,,,3.99488,0.342683,0.284307,999,,,,,,,266.7000000000001,4.040909090909093,271,4.106060606060606,,,,,,,,,,,,,,,,,,,"Jakob Junis","13619",596001
"Calvin Faucher","MIA",3,3,0,3.98942,64,0,5,12,,64,276,60,31,28,7,26,,3,64,8.93409,3.71984,2.40174,0.994,0.229903,0.0957237,0.1341797560453415,0.243839,1.35475,0.301327,0.728218,,,3.95634,0.341716,0.483522,389.3999938964844,,,,,,,345.5,5.3984375,343,5.359375,,,,,,,,,,,,,,,,,,,"Calvin Faucher","20116",676534
"Tanner Banks","PHI",3,3,0,3.79531,62,0,0,13,,62,261,58,28,26,8,19,,2,60,8.73367,2.74343,3.18348,1.171,0.230666,0.0724571,0.15820887684822083,0.242783,1.24324,0.292363,0.742184,,,3.91104,0.337497,0.417762,999,,,,,,,318.59999999999997,5.138709677419354,315,5.080645161290323,,,,,,,,,,,,,,,,,,,"Tanner Banks","16990",621383
"Brusdar Graterol","LAD",3,2,0,3.61827,54,0,0,11,,54,227,52,24,22,6,17,,2,49,8.12283,2.91503,2.78653,0.922,0.214443,0.0769568,0.13748576492071152,0.249069,1.28179,0.301117,0.737848,,,3.75041,0.336216,0.311625,999,,,,,,,275.6,5.1037037037037045,277,5.12962962962963,,,,,,,,,,,,,,,,,,,"Brusdar Graterol","20367",660813
"Kirby Yates",,3,3,0,3.83136,53,0,0,0,,53,226,44,24,23,7,24,,2,62,10.451,4.06686,2.5698,1.105,0.272771,0.106145,0.16662602126598358,0.223057,1.29145,0.289037,0.745294,,,3.88835,0.334799,0.420207,584.4000244140625,,,,,,,237.70000000000002,4.4849056603773585,220,4.150943396226415,,,,,,,,,,,,,,,,,,,"Kirby Yates","9073",489446
"Wade Miley",,3,4,5,4.58068,10,10,0,0,,54,238,59,30,28,7,19,,2,37,6.07859,3.09065,1.96677,1.222,0.153518,0.0780561,0.07546195387840271,0.27311,1.43901,0.299907,0.711446,,,4.71314,0.334631,0.361266,999,,,,,,,171.1,3.1685185185185185,190,3.5185185185185186,,,,,,,,,,,,,,,,,,,"Wade Miley","8779",489119
"Jordan Wicks","CHC",3,2,1,3.70972,31,3,0,1,,46,193,44,21,19,6,14,,1,42,8.18406,2.74961,2.97645,1.079,0.216046,0.0725852,0.14346102625131607,0.247658,1.26428,0.29516,0.74296,,,3.88794,0.332451,0.350013,747.5999755859375,,,,,,,195.20000000000002,4.243478260869566,195,4.239130434782608,,,,,,,,,,,,,,,,,,,"Jordan Wicks","30094",696136
"Josh Winckowski",,2,2,0,3.73521,35,0,0,0,,35,148,34,16,15,4,11,,1,31,7.88619,2.71761,2.90188,0.966,0.207319,0.0714431,0.13587599992752075,0.253383,1.28653,0.302274,0.732671,,,3.8005,0.331432,0.26047,999,,,,,,,147.4,4.211428571428572,149,4.257142857142857,,,,,,,,,,,,,,,,,,,"Josh Winckowski","22387",670174
"Kohl Drake","ARI",3,3,2,4.23565,24,6,0,1,,55,237,54,28,26,7,21,,2,49,7.96551,3.38131,2.35575,1.161,0.205157,0.0870876,0.11806902289390564,0.252789,1.36102,0.296948,0.723254,,,4.29084,0.330181,0.443242,999,,,,,,,213.49999999999997,3.8818181818181814,217,3.9454545454545453,,,,,,,,,,,,,,,,,,,"Kohl Drake","sa3021723",684442
"Cristian Mena","ARI",2,2,1,3.98781,27,3,0,1,,42,181,41,20,19,5,15,,2,40,8.54501,3.28899,2.59806,1.009,0.222628,0.0856902,0.136938214302063,0.248695,1.32555,0.302962,0.723179,,,3.90611,0.325872,0.242263,723.27001953125,,,,,,,175.70000000000002,4.183333333333334,178,4.238095238095238,,,,,,,,,,,,,,,,,,,"Cristian Mena","27974",691441
"John Schreiber","KCR",3,3,0,4.0293,64,0,1,14,,64,275,62,31,29,7,24,,3,59,8.26367,3.37452,2.44884,1.048,0.213662,0.0872502,0.12641184031963348,0.248646,1.3393,0.298162,0.727282,,,4.06946,0.323608,0.322538,999,,,,,,,324.3,5.0671875,327,5.109375,,,,,,,,,,,,,,,,,,,"John Schreiber","20020",670167
"Yoendrys Gómez","TBR",4,5,3,4.61991,48,8,0,1,,85,371,83,47,44,14,35,,4,81,8.51787,3.65236,2.33216,1.437,0.216973,0.0930355,0.12393786013126373,0.250398,1.38365,0.292305,0.720202,,,4.68854,0.323273,0.206261,726.3300170898438,,,,,,,290,3.411764705882353,292,3.4352941176470586,,,,,,,,,,,,,,,,,,,"Yoendrys Gomez","22872",672782
"Ben Brown","CHC",3,2,1,3.38586,42,2,0,1,,49,201,41,20,18,6,15,,2,56,10.2777,2.77461,3.70421,1.026,0.277275,0.0748539,0.2024209052324295,0.224739,1.15666,0.291538,0.750766,,,3.36405,0.32223,0.278867,474.92999267578125,,,,,,,247.20000000000002,5.044897959183674,232,4.73469387755102,,,,,,,,,,,,,,,,,,,"Ben Brown","23590",676962
"Phil Maton","CHC",3,3,0,3.81431,65,0,4,14,,65,277,58,30,28,8,25,,5,67,9.3137,3.52387,2.64303,1.046,0.242984,0.0919341,0.15105028450489044,0.233352,1.27765,0.290938,0.734501,,,3.96123,0.322106,0.591222,459.5299987792969,,,,,,,351.8,5.412307692307692,341,5.246153846153846,,,,,,,,,,,,,,,,,,,"Phil Maton","18064",664208
"Caleb Ferguson","CIN",3,3,0,3.93558,60,0,1,13,,60,257,56,28,26,7,24,,3,59,8.80151,3.65243,2.40977,1.027,0.22835,0.0947603,0.13359017670154572,0.245446,1.34374,0.301846,0.733842,,,4.04686,0.321328,0.505661,999,,,,,,,306.29999999999995,5.1049999999999995,303,5.05,,,,,,,,,,,,,,,,,,,"Caleb Ferguson","19349",657571
"Clarke Schmidt","NYY",2,2,1,3.82787,19,3,0,1,,34,143,31,16,14,5,11,,2,35,9.15675,2.90844,3.14834,1.225,0.241346,0.0766583,0.164687879383564,0.236584,1.23295,0.2874,0.743106,,,3.97997,0.319025,0.308288,748.0700073242188,,,,,,,144.50000000000003,4.250000000000001,140,4.117647058823529,,,,,,,,,,,,,,,,,,,"Clarke Schmidt","19899",657376
"Quinn Mathews","STL",3,3,4,4.26021,8,8,0,0,,46,203,45,24,22,5,23,,2,39,7.68682,4.41618,1.7406,1.057,0.194135,0.111533,0.08260177820920944,0.249913,1.45676,0.293227,0.729435,,,4.55521,0.31398,0.427716,563.3300170898438,,,,,,,164.90000000000003,3.584782608695653,168,3.652173913043478,,,,,,,,,,,,,,,,,,,"Quinn Mathews","sa3023407",687273
"Ryan Bergert","KCR",4,4,3,4.64727,32,8,0,1,,68,297,69,38,35,10,27,,3,57,7.49151,3.52678,2.12418,1.275,0.191128,0.0899773,0.10115025192499161,0.258444,1.40603,0.295756,0.707299,,,4.60515,0.313423,0.368224,580.7999877929688,,,,,,,228.80000000000004,3.3647058823529417,238,3.5,,,,,,,,,,,,,,,,,,,"Ryan Bergert","29863",686701
"Tony Santillan","CIN",3,4,0,4.32577,70,0,4,14,,70,304,64,36,34,10,31,,4,73,9.44969,3.99943,2.36276,1.332,0.241807,0.102341,0.13946622610092163,0.239483,1.36574,0.29191,0.735329,,,4.44389,0.301757,0.404914,466.8699951171875,,,,,,,345.6,4.937142857142858,337,4.814285714285714,,,,,,,,,,,,,,,,,,,"Tony Santillan","19926",663574
"Evan Phillips",,1,1,0,3.39555,26,0,0,0,,26,108,23,11,10,3,8,,1,29,9.98141,2.87107,3.47655,0.958,0.267168,0.0768487,0.19031955301761627,0.228664,1.18633,0.295199,0.748458,,,3.37513,0.301382,0.294053,999,,,,,,,126.7,4.8730769230769235,122,4.6923076923076925,,,,,,,,,,,,,,,,,,,"Evan Phillips","17734",623465
"Jonathan Loáisiga",,2,2,0,3.71484,45,0,0,0,,45,191,44,20,19,4,15,,2,40,7.92272,3.05828,2.59058,0.897,0.207487,0.0800928,0.12739405781030655,0.250507,1.30714,0.301114,0.731667,,,3.81383,0.294148,0.399952,999,,,,,,,198.4,4.408888888888889,202,4.488888888888889,,,,,,,,,,,,,,,,,,,"Jonathan Loaisiga","19753",642528
"Brock Burke","LAA",3,3,0,3.95612,63,0,4,12,,63,267,60,30,28,8,22,,2,60,8.51701,3.1794,2.67881,1.18,0.223051,0.0832649,0.13978613913059235,0.246783,1.30349,0.295389,0.739898,,,4.12363,0.294028,0.472678,746.7999877929688,,,,,,,327.80000000000007,5.203174603174604,327,5.190476190476191,,,,,,,,,,,,,,,,,,,"Brock Burke","17968",656271
"Keegan Akin","BAL",3,3,0,3.8867,66,0,3,16,,66,281,61,31,29,9,24,,2,68,9.31319,3.33356,2.79377,1.229,0.243074,0.0870058,0.15606806427240372,0.239806,1.29471,0.293604,0.752253,,,4.04891,0.292697,0.326283,694.469970703125,,,,,,,356.1,5.3954545454545455,350,5.303030303030303,,,,,,,,,,,,,,,,,,,"Keegan Akin","19362",669211
"Brandon Young","BAL",3,3,2,4.43964,24,6,0,1,,54,230,56,28,26,8,16,,2,46,7.74963,2.64972,2.9247,1.406,0.200266,0.0684739,0.1317916139960289,0.260812,1.3306,0.297724,0.72028,,,4.42402,0.291445,0.242291,749.4000244140625,,,,,,,197.60000000000005,3.6592592592592603,208,3.8518518518518516,,,,,,,,,,,,,,,,,,,"Brandon Young","27819",687064
"River Ryan","LAD",3,3,2,4.65939,14,6,0,1,,45,195,46,25,23,7,17,,2,37,7.35086,3.44272,2.13519,1.361,0.187536,0.0878313,0.09970495104789734,0.26121,1.40794,0.29557,0.711841,,,4.7563,0.290645,0.33337,572.469970703125,,,,,,,148.29999999999998,3.295555555555555,155,3.4444444444444446,,,,,,,,,,,,,,,,,,,"River Ryan","29514",689981
"Eduard Bazardo","SEA",3,3,0,3.70064,68,0,1,14,,68,286,60,30,28,9,23,,3,70,9.24747,3.06061,3.02145,1.127,0.244236,0.080834,0.16340189427137375,0.232092,1.22869,0.285273,0.744389,,,3.84272,0.289489,0.251744,741.3300170898438,,,,,,,359.5,5.286764705882353,346,5.088235294117647,,,,,,,,,,,,,,,,,,,"Eduard Bazardo","20997",660825
"Carson Whisenhunt","SFG",2,3,3,4.28273,14,6,0,1,,44,192,45,23,21,6,16,,2,35,7.14663,3.18591,2.2432,1.158,0.183046,0.0816003,0.10144540667533875,0.259248,1.37665,0.29583,0.719855,,,4.39974,0.289358,0.262123,666.72998046875,,,,,,,154.8,3.5181818181818185,162,3.6818181818181817,,,,,,,,,,,,,,,,,,,"Carson Whisenhunt","31676",687931
"Luis García",,3,3,0,3.86953,53,0,0,0,,53,226,51,25,23,5,19,,2,48,8.14373,3.26596,2.49351,0.92,0.21228,0.085133,0.12714725732803345,0.250583,1.32919,0.303277,0.725124,,,3.87328,0.288099,0.307304,999,,,,,,,231.10000000000005,4.360377358490567,233,4.39622641509434,,,,,,,,,,,,,,,,,,,"Luis Garcia","6984",472610
"Kyle Hart","SDP",4,4,3,4.39368,30,8,0,1,,67,289,68,35,33,10,24,,3,54,7.35603,3.19141,2.30495,1.295,0.188266,0.0816792,0.10658708214759827,0.257889,1.37092,0.292793,0.722803,,,4.57241,0.287725,0.400811,999,,,,,,,226.99999999999994,3.3880597014925367,236,3.5223880597014925,,,,,,,,,,,,,,,,,,,"Kyle Hart","19646",606996
"Mitch Bratt","ARI",2,2,2,4.2023,15,5,0,1,,38,160,38,19,18,5,10,,1,32,7.62787,2.44245,3.12304,1.263,0.199565,0.063901,0.13566433638334274,0.257571,1.28568,0.296254,0.719859,,,4.19143,0.28713,0.373242,999,,,,,,,155.89999999999998,4.102631578947368,160,4.2105263157894735,,,,,,,,,,,,,,,,,,,"Mitch Bratt","sa3017719",683352
"Gage Jump","ATH",2,2,2,4.42241,5,5,0,0,,28,120,28,15,14,4,10,,1,23,7.54847,3.28873,2.29526,1.27,0.193995,0.0845199,0.10947505384683609,0.258957,1.37963,0.297307,0.719425,,,4.51278,0.286822,0.276317,999,,,,,,,98.2,3.507142857142857,101,3.607142857142857,,,,,,,,,,,,,,,,,,,"Gage Jump","sa3034986",695611
"Eric Orze","MIN",3,3,0,4.1398,62,0,3,12,,62,269,58,31,29,7,28,,3,60,8.68166,4.01944,2.15992,1.065,0.222732,0.103121,0.11961156129837036,0.243758,1.38287,0.296567,0.728324,,,4.21402,0.278558,0.119253,750,,,,,,,311.8999999999999,5.030645161290321,309,4.983870967741935,,,,,,,,,,,,,,,,,,,"Eric Orze","27626",679358
"Scott Barlow",,3,3,0,4.10865,62,0,0,0,,62,271,56,31,28,7,31,,3,64,9.33943,4.47574,2.08668,1.028,0.237533,0.113833,0.1236996278166771,0.236038,1.39891,0.295142,0.730876,,,4.19154,0.278313,0.160902,999,,,,,,,253.09999999999994,4.082258064516128,245,3.9516129032258065,,,,,,,,,,,,,,,,,,,"Scott Barlow","14993",605130
"Tyler Rogers","TOR",4,4,0,4.05982,74,0,2,18,,74,317,81,37,33,8,17,,3,51,6.1937,2.07178,2.98956,1.016,0.160761,0.0537741,0.10698683932423592,0.271993,1.31975,0.304757,0.711183,,,4.05137,0.27469,0.0658726,697.530029296875,,,,,,,362.6,4.9,390,5.27027027027027,,,,,,,,,,,,,,,,,,,"Tyler Rogers","15541",643511
"Erik Miller","SFG",3,3,0,3.45461,61,0,2,13,,61,262,51,26,23,6,31,,2,70,10.2843,4.58845,2.24134,0.84,0.266021,0.118688,0.14733250439167023,0.222314,1.34273,0.294593,0.760644,,,3.71011,0.274155,0.482158,999,,,,,,,348.0000000000001,5.704918032786887,330,5.409836065573771,,,,,,,,,,,,,,,,,,,"Erik Miller","26252",669062
"Ty Johnson","TBR",2,2,2,4.45193,5,5,0,0,,28,119,27,15,14,4,10,,1,26,8.5358,3.33268,2.56124,1.393,0.219939,0.0858719,0.134066641330719,0.249057,1.33905,0.292116,0.720678,,,4.51801,0.267584,0.22914,999,,,,,,,106.80000000000005,3.8142857142857163,107,3.8214285714285716,,,,,,,,,,,,,,,,,,,"Ty Johnson","sa3023410",694494
"Tommy Nance","TOR",3,3,0,3.82528,58,0,0,12,,58,246,56,27,25,6,19,,3,53,8.28016,2.87522,2.87983,0.97,0.216664,0.0752348,0.14142882823944092,0.250187,1.2903,0.302547,0.72526,,,3.79386,0.265689,0.174848,999,,,,,,,297.80000000000007,5.134482758620691,300,5.172413793103448,,,,,,,,,,,,,,,,,,,"Tommy Nance","19178",667297
"Justin Wrobleski","LAD",3,3,1,4.00818,41,3,0,1,,56,238,54,27,25,8,19,,2,51,8.16596,3.10189,2.63258,1.218,0.214442,0.0814572,0.13298504799604416,0.248626,1.30138,0.292791,0.737121,,,4.22895,0.264867,0.269548,558.27001953125,,,,,,,218.6000000000001,3.9035714285714307,219,3.9107142857142856,,,,,,,,,,,,,,,,,,,"Justin Wrobleski","31204",680736
"Andrew Chafin",,2,2,0,3.82331,46,0,0,0,,46,199,41,21,20,5,22,,2,49,9.57694,4.24612,2.25546,1.008,0.245808,0.108984,0.13682445138692856,0.233693,1.36473,0.295264,0.748441,,,3.98695,0.260543,0.345613,999,,,,,,,198.30000000000004,4.310869565217392,191,4.1521739130434785,,,,,,,,,,,,,,,,,,,"Andrew Chafin","12988",605177
"Justin Sterner","ATH",3,3,0,4.35771,65,0,8,10,,65,279,61,34,31,10,24,,3,63,8.76391,3.30304,2.65328,1.375,0.226888,0.0855121,0.14137577265501022,0.24315,1.30913,0.287231,0.724405,,,4.42522,0.258622,0.13299,526.4000244140625,,,,,,,324.4,4.990769230769231,320,4.923076923076923,,,,,,,,,,,,,,,,,,,"Justin Sterner","27694",686993
"Matt Svanson","STL",3,3,0,3.83499,65,0,6,15,,65,280,62,30,28,7,25,,3,59,8.13582,3.42584,2.37484,0.921,0.210085,0.0884629,0.12162215262651443,0.247682,1.33917,0.298984,0.730521,,,3.95639,0.256564,0.446148,484.6000061035156,,,,,,,357.7,5.5030769230769225,358,5.507692307692308,,,,,,,,,,,,,,,,,,,"Matt Svanson","29629",694335
"Dietrich Enns","BAL",3,3,0,3.91835,62,0,0,11,,62,263,62,29,27,8,18,,2,56,8.09149,2.67409,3.02589,1.148,0.211997,0.070061,0.14193584024906158,0.254532,1.29125,0.300988,0.736748,,,4.00081,0.25265,0.156673,742.9299926757812,,,,,,,295.2,4.761290322580645,302,4.870967741935484,,,,,,,,,,,,,,,,,,,"Dietrich Enns","13932",608650
"José Urquidy",,6,8,9,5.00684,21,21,0,0,,119,515,127,70,66,21,36,,5,87,6.60166,2.7064,2.43927,1.626,0.169076,0.069314,0.09976187348365784,0.267617,1.37094,0.288358,0.697988,,,5.03466,0.252293,0.422664,999,,,,,,,343.09999999999997,2.883193277310924,373,3.134453781512605,,,,,,,,,,,,,,,,,,,"Jose Urquidy","18413",664353
"Brendon Little","TOR",3,2,0,3.4276,54,0,0,10,,54,233,48,23,21,4,27,,2,57,9.46582,4.5368,2.08645,0.735,0.243587,0.116747,0.12683981657028198,0.233653,1.38594,0.303012,0.757464,,,3.72414,0.250601,0.290407,743.27001953125,,,,,,,292.6,5.4185185185185185,285,5.277777777777778,,,,,,,,,,,,,,,,,,,"Brendon Little","21574",663893
"Josiah Gray","WSN",6,9,9,5.10984,21,21,0,0,,118,521,120,71,67,22,49,,6,99,7.56365,3.72194,2.03218,1.639,0.190604,0.0937929,0.09681105613708496,0.258134,1.4327,0.286106,0.705377,,,5.20492,0.245389,0.412432,736.3300170898438,,,,,,,323.6,2.7423728813559323,337,2.8559322033898304,,,,,,,,,,,,,,,,,,,"Josiah Gray","24580",680686
"Cooper Criswell","NYM",4,4,1,3.98135,53,3,0,5,,68,291,69,33,30,8,20,,4,55,7.23802,2.63725,2.74454,1.055,0.187977,0.0684915,0.1194857731461525,0.2578,1.30575,0.297818,0.721394,,,4.10053,0.244628,0.239864,999,,,,,,,283.4000000000001,4.167647058823531,294,4.323529411764706,,,,,,,,,,,,,,,,,,,"Cooper Criswell","24975",681867
"Hunter Gaddis","CLE",3,3,0,4.06708,66,0,3,14,,66,280,62,32,30,9,21,,3,64,8.66085,2.87873,3.00856,1.274,0.226433,0.0752628,0.1511702612042427,0.242726,1.26256,0.288188,0.731688,,,4.14899,0.244095,0.23829,593.7999877929688,,,,,,,343.5000000000001,5.204545454545456,340,5.151515151515151,,,,,,,,,,,,,,,,,,,"Hunter Gaddis","25636",683769
"Brant Hurter","DET",3,3,0,3.65832,55,0,0,9,,55,234,53,24,22,6,17,,4,49,7.94726,2.70635,2.93653,0.919,0.207865,0.070786,0.1370789110660553,0.249094,1.26778,0.298548,0.731681,,,3.79367,0.242252,0.278746,999,,,,,,,266.4,4.843636363636363,268,4.872727272727273,,,,,,,,,,,,,,,,,,,"Brant Hurter","30133",676428
"Joey Wentz","ATL",3,3,2,4.34405,39,5,0,1,,60,259,58,31,29,8,24,,2,58,8.62561,3.62439,2.37988,1.232,0.22182,0.0932067,0.1286136880517006,0.249844,1.37353,0.298855,0.72435,,,4.30261,0.241191,0.313367,737.9299926757812,,,,,,,236.8,3.9466666666666668,238,3.966666666666667,,,,,,,,,,,,,,,,,,,"Joey Wentz","19962",666214
"Anthony Bender","MIA",3,3,0,3.94162,61,0,1,12,,61,262,58,29,27,7,24,,3,59,8.65406,3.55049,2.43743,0.975,0.224044,0.091918,0.13212567567825317,0.2459,1.34208,0.301495,0.727912,,,3.93539,0.240332,0.362948,743.27001953125,,,,,,,304.50000000000006,4.991803278688526,304,4.983606557377049,,,,,,,,,,,,,,,,,,,"Anthony Bender","19742",669622
"Nick Mears","KCR",3,3,0,4.03395,60,0,0,12,,60,256,56,29,27,7,23,,2,60,9.03998,3.48951,2.59061,1.087,0.235642,0.0909601,0.1446823850274086,0.241623,1.31571,0.297269,0.727876,,,3.96215,0.238519,0.23057,999,,,,,,,305.29999999999995,5.088333333333333,302,5.033333333333333,,,,,,,,,,,,,,,,,,,"Nick Mears","25376",683232
"Bailey Falter","KCR",4,4,2,4.53131,53,5,0,4,,74,318,77,40,37,11,23,,2,58,7.07405,2.79154,2.5341,1.34,0.18319,0.0722899,0.11089995503425598,0.263133,1.35043,0.295306,0.712012,,,4.51064,0.237542,0.202733,999,,,,,,,269.1,3.6364864864864868,284,3.8378378378378377,,,,,,,,,,,,,,,,,,,"Bailey Falter","20070",663559
"Javier Assad","CHC",4,4,2,4.18279,57,5,0,7,,79,338,78,39,37,10,28,,3,67,7.72371,3.17433,2.43318,1.161,0.199557,0.082015,0.11754212528467178,0.254605,1.34738,0.296511,0.724059,,,4.277,0.236986,0.370357,701.469970703125,,,,,,,327.8,4.149367088607595,334,4.227848101265823,,,,,,,,,,,,,,,,,,,"Javier Assad","21741",665871
"Drey Jameson","ARI",3,3,0,3.86961,58,0,1,12,,58,247,55,27,25,6,22,,2,58,8.93145,3.37342,2.6476,0.955,0.233309,0.088121,0.14518775790929794,0.245529,1.31764,0.305206,0.728299,,,3.77052,0.236154,0.392084,692.1300048828125,,,,,,,309.40000000000003,5.33448275862069,309,5.327586206896552,,,,,,,,,,,,,,,,,,,"Drey Jameson","26260",686753
"Josh Sborz",,2,2,0,3.95124,46,0,0,0,,46,196,42,22,20,6,18,,2,47,9.22228,3.56333,2.5881,1.116,0.239985,0.092726,0.14725858718156815,0.23741,1.30739,0.292683,0.735455,,,3.98966,0.235363,0.232493,999,,,,,,,191.40000000000003,4.160869565217392,186,4.043478260869565,,,,,,,,,,,,,,,,,,,"Josh Sborz","18323",622250
"Ryne Stanek",,3,3,0,4.0857,56,0,0,0,,56,241,49,27,25,7,25,,2,59,9.51183,4.09408,2.32331,1.201,0.245722,0.105764,0.1399584859609604,0.231833,1.33861,0.286195,0.740813,,,4.22384,0.232572,0.258581,999,,,,,,,237.90000000000006,4.248214285714287,226,4.035714285714286,,,,,,,,,,,,,,,,,,,"Ryne Stanek","15947",592773
"Mason Barnett","ATH",3,3,2,4.58349,31,5,0,1,,53,231,53,29,27,8,21,,2,44,7.50453,3.63141,2.06656,1.299,0.191725,0.0927751,0.09894998371601105,0.256592,1.40408,0.293101,0.713474,,,4.69256,0.23069,0.189162,999,,,,,,,179.00000000000006,3.377358490566039,184,3.4716981132075473,,,,,,,,,,,,,,,,,,,"Mason Barnett","31741",686930
"Brady Basso","ATH",3,3,0,3.80846,54,0,2,9,,54,228,52,25,23,7,17,,2,50,8.30247,2.85037,2.91277,1.111,0.218816,0.075123,0.14369311183691025,0.247181,1.27182,0.295119,0.739891,,,3.95045,0.229826,0.251048,999,,,,,,,267.3,4.95,268,4.962962962962963,,,,,,,,,,,,,,,,,,,"Brady Basso","25582",669620
"Juan Mejia","COL",3,3,0,4.63322,66,0,3,14,,66,291,66,36,34,9,30,,4,65,8.83008,4.14087,2.13242,1.191,0.222714,0.104442,0.11827211827039719,0.255905,1.45407,0.310983,0.71102,,,4.45661,0.229065,0.426371,729.6699829101562,,,,,,,305.10000000000014,4.622727272727275,312,4.7272727272727275,,,,,,,,,,,,,,,,,,,"Juan Mejia","23237",675848
"Jordan Hicks","BOS",3,3,0,3.97311,58,0,0,12,,58,249,56,28,26,6,23,,3,55,8.47604,3.63144,2.33407,0.887,0.219153,0.0938928,0.12525999546051025,0.251953,1.36971,0.310481,0.721532,,,3.92019,0.22553,0.239639,999,,,,,,,289.80000000000007,4.996551724137932,292,5.0344827586206895,,,,,,,,,,,,,,,,,,,"Jordan Hicks","19618",663855
"Dauri Moreta",,2,2,0,3.92076,38,0,0,0,,38,163,33,18,17,5,16,,2,43,10.1436,3.8434,2.63923,1.163,0.263509,0.0998431,0.1636662557721138,0.226921,1.29084,0.288035,0.74219,,,3.97263,0.224763,0.211563,999,,,,,,,165.89999999999998,4.3657894736842096,157,4.131578947368421,,,,,,,,,,,,,,,,,,,"Dauri Moreta","21101",664294
"Tobias Myers","MIL",3,3,1,4.13852,45,3,0,1,,60,252,59,29,27,9,16,,2,53,8.04213,2.39398,3.35931,1.364,0.210877,0.0627738,0.1481032595038414,0.250724,1.25205,0.288983,0.730198,,,4.23198,0.224148,0.219392,608.0700073242188,,,,,,,235.9,3.9316666666666666,239,3.9833333333333334,,,,,,,,,,,,,,,,,,,"Tobias Myers","22191",668964
"PJ Poulin","WSN",3,3,0,3.8897,61,0,2,15,,61,262,57,29,26,7,26,,3,56,8.33193,3.78484,2.2014,1.026,0.215149,0.0977331,0.11741632223129272,0.243148,1.35348,0.292776,0.740225,,,4.16359,0.222405,0.4548,738.6699829101562,,,,,,,312.1000000000001,5.116393442622952,309,5.065573770491803,,,,,,,,,,,,,,,,,,,"PJ Poulin","23394",676571
"Braden Nett","ATH",2,3,2,4.56944,23,5,0,1,,46,201,46,25,23,6,21,,2,38,7.4613,4.18631,1.78231,1.165,0.188436,0.105726,0.08271032571792603,0.257671,1.46742,0.297766,0.714671,,,4.68922,0.219436,0.249805,999,,,,,,,158.00000000000003,3.4347826086956528,163,3.5434782608695654,,,,,,,,,,,,,,,,,,,"Braden Nett","sa3020336",804556
"Jalen Beeks",,3,2,0,3.87506,51,0,0,0,,51,218,48,24,22,6,19,,2,47,8.34653,3.40405,2.45194,1.04,0.216639,0.0883539,0.12828482687473297,0.245665,1.32771,0.295509,0.737956,,,4.03019,0.219222,0.302053,999,,,,,,,209.8,4.113725490196079,208,4.078431372549019,,,,,,,,,,,,,,,,,,,"Jalen Beeks","17192",656222
"Justin Lawrence","PIT",3,3,0,3.9384,58,0,1,12,,58,251,54,28,25,6,27,,3,57,8.84688,4.14841,2.13259,0.875,0.22707,0.106476,0.12059406191110611,0.243622,1.38916,0.304409,0.729025,,,3.9898,0.217201,0.247555,625.5999755859375,,,,,,,292,5.0344827586206895,289,4.982758620689655,,,,,,,,,,,,,,,,,,,"Justin Lawrence","17639",664875
"Ryan Brasier",,3,3,0,3.99876,54,0,0,0,,54,229,53,26,24,7,17,,2,49,8.24128,2.75442,2.99202,1.145,0.216288,0.0722881,0.14399965107440948,0.250176,1.28016,0.297071,0.726623,,,3.97753,0.217046,0.25348,999,,,,,,,216.7,4.012962962962963,220,4.074074074074074,,,,,,,,,,,,,,,,,,,"Ryan Brasier","5615",518489
"Colin Selby","BAL",3,3,0,3.82286,58,0,0,12,,58,248,53,27,25,6,24,,2,60,9.32352,3.76962,2.47333,0.989,0.242515,0.0980521,0.14446332305669785,0.2409,1.33744,0.303187,0.739576,,,3.86724,0.212685,0.188138,999,,,,,,,307.6,5.30344827586207,302,5.206896551724138,,,,,,,,,,,,,,,,,,,"Colin Selby","24986",681882
"Connor Prielipp","MIN",3,3,1,3.86905,54,2,0,7,,61,262,58,29,26,7,23,,3,59,8.66893,3.33046,2.60293,1.018,0.225195,0.0865161,0.1386788710951805,0.24623,1.32112,0.300753,0.73517,,,3.92333,0.212146,0.207027,999,,,,,,,282.50000000000006,4.631147540983608,282,4.622950819672131,,,,,,,,,,,,,,,,,,,"Connor Prielipp","sa3020808",687570
"Duncan Davitt","CHW",2,3,2,4.59009,23,5,0,1,,46,198,48,25,23,7,15,,2,35,6.80425,2.89216,2.35265,1.41,0.174853,0.0743216,0.10053135454654694,0.262929,1.36103,0.290319,0.712763,,,4.76846,0.210566,0.202852,999,,,,,,,152.50000000000006,3.315217391304349,162,3.5217391304347827,,,,,,,,,,,,,,,,,,,"Duncan Davitt","sa3020394",701474
"Blade Tidwell","SFG",2,3,2,4.34931,26,5,0,1,,48,209,47,25,23,7,18,,2,42,7.78658,3.38875,2.29777,1.225,0.199497,0.0868217,0.11267486214637756,0.250695,1.35832,0.290114,0.717705,,,4.43573,0.208659,0.191903,721.0700073242188,,,,,,,174.90000000000003,3.6437500000000007,177,3.6875,,,,,,,,,,,,,,,,,,,"Blade Tidwell","31701",694918
"Brandon Williamson","CIN",3,3,1,4.40281,43,3,0,1,,58,250,58,30,28,9,19,,2,54,8.31563,2.97075,2.79917,1.456,0.214442,0.0766093,0.13783304393291473,0.253996,1.33003,0.293979,0.731316,,,4.50577,0.205816,0.272758,999,,,,,,,216.70000000000005,3.736206896551725,222,3.8275862068965516,,,,,,,,,,,,,,,,,,,"Brandon Williamson","25463",682227
"JR Ritchie","ATL",2,2,2,4.5611,5,5,0,0,,28,121,29,15,14,4,11,,1,22,7.2948,3.44038,2.12035,1.199,0.185693,0.0875766,0.09811606258153915,0.263855,1.42041,0.302571,0.707829,,,4.53707,0.204489,0.266619,999,,,,,,,90.6,3.2357142857142853,96,3.4285714285714284,,,,,,,,,,,,,,,,,,,"JR Ritchie","sa3020395",702275
"Caden Dana","LAA",4,7,7,5.0621,16,16,0,0,,90,400,93,54,51,16,40,,4,76,7.58771,3.9563,1.91788,1.557,0.190536,0.0993471,0.09118883311748505,0.260607,1.46638,0.292003,0.708336,,,5.1523,0.203748,0.252138,709.27001953125,,,,,,,247.39999999999998,2.7488888888888887,262,2.911111111111111,,,,,,,,,,,,,,,,,,,"Caden Dana","31508",702674
"Brooks Raley","NYM",3,3,0,3.85393,59,0,0,13,,59,253,54,27,25,7,22,,3,57,8.73558,3.37531,2.58809,1.088,0.226737,0.0876081,0.13912926614284515,0.23842,1.2922,0.288994,0.738858,,,4.06737,0.203482,0.237334,748.469970703125,,,,,,,301.1,5.103389830508475,295,5,,,,,,,,,,,,,,,,,,,"Brooks Raley","10061",548384
"Mason Montgomery","PIT",3,3,0,3.88688,60,0,2,12,,60,256,54,28,26,7,25,,3,61,9.13019,3.67664,2.4833,1.068,0.237689,0.095715,0.1419740617275238,0.236563,1.31094,0.292272,0.738699,,,4.00878,0.202726,0.434634,708.9299926757812,,,,,,,313.5,5.225,305,5.083333333333333,,,,,,,,,,,,,,,,,,,"Mason Montgomery","29770",682254
"Greg Weissert","BOS",3,3,0,4.30523,65,0,1,17,,65,280,65,33,31,8,23,,2,58,8.03653,3.21812,2.49727,1.169,0.207164,0.0829562,0.1242079809308052,0.25609,1.36003,0.301756,0.717711,,,4.22534,0.20121,0.248672,999,,,,,,,327.6,5.04,335,5.153846153846154,,,,,,,,,,,,,,,,,,,"Greg Weissert","20375",669711
"Bennett Sousa","HOU",3,2,0,3.60409,50,0,0,4,,50,209,43,22,20,6,18,,2,55,9.85577,3.28446,3.00073,1.057,0.262273,0.0874032,0.17487019300460815,0.229928,1.23304,0.292881,0.748411,,,3.67124,0.201119,0.163275,999,,,,,,,250.39999999999998,5.007999999999999,238,4.76,,,,,,,,,,,,,,,,,,,"Bennett Sousa","21345",656986
"Brandon Eisert","CHW",3,3,0,3.9714,60,0,0,11,,60,257,57,29,26,8,23,,2,57,8.48971,3.40965,2.48991,1.169,0.220544,0.088575,0.13196858763694763,0.244596,1.32218,0.292237,0.741327,,,4.1985,0.200939,0.168629,999,,,,,,,280.40000000000003,4.673333333333334,279,4.65,,,,,,,,,,,,,,,,,,,"Brandon Eisert","27668",685126
"Adbert Alzolay","NYM",3,3,0,3.93364,62,0,1,14,,62,262,58,29,27,8,20,,3,60,8.77819,2.97103,2.9546,1.208,0.230379,0.0779732,0.1524059921503067,0.241273,1.26092,0.289845,0.73644,,,4.05677,0.198506,0.265677,750.7999877929688,,,,,,,321.59999999999997,5.187096774193548,318,5.129032258064516,,,,,,,,,,,,,,,,,,,"Adbert Alzolay","17859",640470
"Dane Dunning",,1,2,2,4.60161,5,5,0,0,,27,118,28,15,14,4,10,,1,21,6.9656,3.2554,2.13971,1.25,0.176849,0.0826512,0.09419818222522736,0.265763,1.41446,0.299785,0.707019,,,4.63816,0.198334,0.180628,999,,,,,,,86.80000000000003,3.2148148148148157,92,3.4074074074074074,,,,,,,,,,,,,,,,,,,"Dane Dunning","19409",641540
"Logan Evans","SEA",3,4,2,4.25862,32,6,0,1,,62,268,63,32,29,8,21,,3,49,7.15694,2.99795,2.38728,1.232,0.184344,0.0772191,0.10712459683418274,0.25656,1.34228,0.290628,0.72174,,,4.46514,0.194877,0.22056,741.7999877929688,,,,,,,226.59999999999997,3.654838709677419,236,3.806451612903226,,,,,,,,,,,,,,,,,,,"Logan Evans","33699",688138
"Hoby Milner","CHC",3,3,0,3.80005,66,0,1,15,,66,282,66,30,28,7,21,,3,56,7.57834,2.88273,2.62888,1.007,0.197121,0.0749829,0.12213805317878723,0.255521,1.31933,0.300131,0.737559,,,3.99134,0.192561,0.456037,745.1300048828125,,,,,,,335.70000000000005,5.086363636363637,344,5.212121212121212,,,,,,,,,,,,,,,,,,,"Hoby Milner","13346",571948
"Brenan Hanifee","DET",3,3,0,3.88733,58,0,0,11,,58,247,61,27,25,6,16,,2,44,6.75618,2.51106,2.69057,0.91,0.176036,0.065427,0.11060868203639984,0.26475,1.32409,0.304937,0.719305,,,3.89914,0.191782,0.205826,999,,,,,,,274.80000000000007,4.737931034482759,290,5,,,,,,,,,,,,,,,,,,,"Brenan Hanifee","22304",669724
"Coleman Crow","MIL",1,1,1,3.73437,20,2,0,1,,27,114,25,12,11,3,9,,1,28,9.19666,2.88936,3.18294,1.095,0.243566,0.0765222,0.16704357415437698,0.238256,1.23457,0.294294,0.737643,,,3.75647,0.189797,0.193205,999,,,,,,,127.9,4.737037037037037,126,4.666666666666667,,,,,,,,,,,,,,,,,,,"Coleman Crow","sa3015142",689441
"Nate Pearson","HOU",3,4,1,4.50355,55,3,0,7,,70,305,66,38,35,10,31,,3,68,8.72873,3.93462,2.21844,1.324,0.223667,0.100821,0.12284517288208008,0.245284,1.38263,0.291626,0.720617,,,4.55288,0.18927,0.0240775,738.530029296875,,,,,,,285.4,4.0771428571428565,282,4.0285714285714285,,,,,,,,,,,,,,,,,,,"Nate Pearson","20160",663878
"Gunnar Hoglund","ATH",3,3,2,4.80922,20,6,0,1,,51,219,54,29,27,8,16,,2,38,6.74634,2.82834,2.38527,1.475,0.173246,0.0726317,0.10061435401439667,0.26819,1.37866,0.294733,0.702764,,,4.84028,0.188723,0.224246,745.5999755859375,,,,,,,164.6,3.227450980392157,177,3.4705882352941178,,,,,,,,,,,,,,,,,,,"Gunnar Hoglund","31318",680684
"Ryan Thompson","ARI",3,3,0,4.10006,62,0,2,13,,62,266,64,31,28,6,20,,3,50,7.28302,2.9586,2.46164,0.911,0.18863,0.0766279,0.1120024025440216,0.263694,1.36249,0.309828,0.709459,,,3.94169,0.188078,0.314733,750,,,,,,,311.5999999999999,5.025806451612902,325,5.241935483870968,,,,,,,,,,,,,,,,,,,"Ryan Thompson","16647",657044
"Trey Gibson","BAL",1,1,2,4.32155,3,3,0,0,,18,80,19,10,9,2,7,,1,16,7.64366,3.39215,2.25334,1.12,0.195847,0.0869142,0.10893278568983078,0.25986,1.39245,0.303684,0.715005,,,4.33983,0.188051,0.0925004,999,,,,,,,67.20000000000002,3.7333333333333343,72,4,,,,,,,,,,,,,,,,,,,"Trey Gibson","sa3023250",694346
"Ian Hamilton","ATL",3,2,0,3.8508,54,0,0,10,,54,232,49,25,23,6,24,,2,56,9.39982,4.03222,2.33118,0.962,0.242724,0.104121,0.1386033520102501,0.239042,1.35975,0.302256,0.739401,,,3.90242,0.187475,0.240033,999,,,,,,,272.4,5.044444444444444,266,4.925925925925926,,,,,,,,,,,,,,,,,,,"Ian Hamilton","19261",641656
"Ryan Yarbrough","NYY",4,4,2,4.4168,57,5,0,7,,79,342,81,42,39,12,24,,5,62,7.11018,2.70665,2.62693,1.408,0.182453,0.069455,0.11299826204776764,0.257437,1.32255,0.286289,0.721617,,,4.67129,0.185245,0.153571,688.2000122070312,,,,,,,291.4,3.6886075949367085,304,3.848101265822785,,,,,,,,,,,,,,,,,,,"Ryan Yarbrough","16502",642232
"Jonathan Bowlan","PHI",3,3,0,3.84237,56,0,0,10,,56,236,53,26,24,7,18,,2,53,8.49584,2.86889,2.96136,1.157,0.223535,0.075484,0.14805147051811218,0.244427,1.26348,0.29227,0.738629,,,3.99227,0.183336,0.271707,999,,,,,,,276.50000000000006,4.937500000000001,275,4.910714285714286,,,,,,,,,,,,,,,,,,,"Jonathan Bowlan","24607",680742
"Taylor Clarke",,2,2,0,4.09535,49,0,0,0,,49,208,49,24,22,7,13,,2,42,7.72442,2.45048,3.15221,1.281,0.201779,0.064012,0.13776712119579315,0.255431,1.27965,0.29391,0.731133,,,4.19804,0.178245,0.183817,999,,,,,,,188.1,3.8387755102040817,193,3.938775510204082,,,,,,,,,,,,,,,,,,,"Taylor Clarke","17611",664199
"Thomas White","MIA",1,1,2,4.16623,3,3,0,0,,18,81,17,9,9,2,9,,1,18,8.61866,4.35044,1.9811,1.097,0.219584,0.110839,0.10874460637569427,0.241241,1.40714,0.291624,0.732736,,,4.40018,0.177026,0.242756,999,,,,,,,70.40000000000002,3.9111111111111123,70,3.888888888888889,,,,,,,,,,,,,,,,,,,"Thomas White","sa3023268",806258
"Mitch Farris","LAA",2,3,2,4.45184,21,5,0,1,,43,188,42,23,21,6,19,,2,39,8.04524,3.85309,2.08799,1.344,0.20554,0.0984392,0.10710122436285019,0.251849,1.40652,0.291759,0.731381,,,4.68137,0.173997,0.287921,999,,,,,,,154.2,3.5860465116279068,156,3.627906976744186,,,,,,,,,,,,,,,,,,,"Mitch Farris","33628",815083
"Eric Lauer","TOR",3,3,1,4.07135,50,2,0,4,,57,241,54,27,26,9,17,,2,55,8.66117,2.63303,3.28943,1.399,0.227325,0.0691077,0.1582174077630043,0.245314,1.25089,0.287902,0.743016,,,4.21171,0.172964,0.180598,555.6699829101562,,,,,,,239.69999999999996,4.205263157894736,237,4.157894736842105,,,,,,,,,,,,,,,,,,,"Eric Lauer","19316",641778
"Chase Petty","CIN",2,3,1,4.71054,37,3,0,1,,52,228,54,29,27,8,21,,2,42,7.20208,3.64221,1.97739,1.35,0.182625,0.0923565,0.0902688130736351,0.264081,1.44468,0.297862,0.714117,,,4.81568,0.1721,0.142326,743.2000122070312,,,,,,,164.99999999999997,3.1730769230769225,175,3.3653846153846154,,,,,,,,,,,,,,,,,,,"Chase Petty","30170",695534
"Joe Jiménez","ATL",2,2,0,3.77082,47,0,0,4,,47,197,42,21,20,6,16,,2,52,10.0148,2.99702,3.34157,1.121,0.266059,0.079621,0.1864384338259697,0.23183,1.2165,0.294887,0.736856,,,3.64295,0.168902,0.171668,734.3300170898438,,,,,,,230.8,4.910638297872341,223,4.74468085106383,,,,,,,,,,,,,,,,,,,"Joe Jimenez","15761",641729
"Ryan Fernandez","STL",3,3,0,3.89988,61,0,1,13,,61,261,55,29,26,7,27,,2,61,8.98877,3.93778,2.2827,1.02,0.233009,0.102076,0.13093288987874985,0.237597,1.3435,0.293465,0.738105,,,4.03082,0.168808,0.24979,999,,,,,,,314.30000000000007,5.152459016393443,306,5.016393442622951,,,,,,,,,,,,,,,,,,,"Ryan Fernandez","24862",681676
"Joe Rock","TBR",2,3,1,4.24655,29,3,0,1,,44,191,47,23,21,6,13,,2,35,7.06685,2.72979,2.58879,1.234,0.182638,0.0705496,0.112088143825531,0.26468,1.34916,0.300006,0.724059,,,4.39076,0.168693,0.203374,999,,,,,,,158.60000000000002,3.604545454545455,171,3.8863636363636362,,,,,,,,,,,,,,,,,,,"Joe Rock","30016",697812
"Jaden Hill","COL",3,3,0,4.57804,58,0,2,10,,58,254,60,32,30,7,23,,4,55,8.50275,3.52497,2.41215,1.138,0.215781,0.0894562,0.1263251155614853,0.262442,1.42179,0.316641,0.702742,,,4.24878,0.1678,0.199312,999,,,,,,,266.1,4.587931034482759,278,4.793103448275862,,,,,,,,,,,,,,,,,,,"Jaden Hill","30250",677955
"Jose Corniell","TEX",2,3,1,4.2869,31,3,0,1,,46,199,45,24,22,7,16,,2,42,8.07511,3.1495,2.56394,1.293,0.209532,0.0817228,0.1278093233704567,0.249507,1.32015,0.290259,0.722946,,,4.38915,0.165949,0.183348,734.4000244140625,,,,,,,171.30000000000007,3.7239130434782624,173,3.760869565217391,,,,,,,,,,,,,,,,,,,"Jose Corniell","27984",692030
"Yennier Cano","BAL",3,2,0,3.72891,52,0,0,5,,52,221,50,24,22,5,19,,2,49,8.51731,3.33142,2.55666,0.892,0.222774,0.087135,0.1356395035982132,0.249551,1.32813,0.307472,0.73469,,,3.75875,0.165611,0.0926238,999,,,,,,,248.3,4.775,250,4.8076923076923075,,,,,,,,,,,,,,,,,,,"Yennier Cano","25911",666974
"Jake Bird","NYY",3,3,0,3.82745,57,0,0,12,,57,246,52,26,24,6,24,,3,58,9.14209,3.76701,2.42689,1.019,0.235561,0.097063,0.1384977623820305,0.237966,1.33061,0.295458,0.740331,,,4.01394,0.16216,0.204382,999,,,,,,,295.79999999999995,5.189473684210525,290,5.087719298245614,,,,,,,,,,,,,,,,,,,"Jake Bird","21267",656234
"Mason Black","KCR",2,3,1,4.68266,31,3,0,1,,46,202,47,26,24,6,18,,2,37,7.2553,3.50534,2.06978,1.266,0.184035,0.0889154,0.09512007236480713,0.260833,1.4173,0.296339,0.704897,,,4.67104,0.161306,0.0883656,999,,,,,,,162.40000000000003,3.5304347826086966,170,3.6956521739130435,,,,,,,,,,,,,,,,,,,"Mason Black","30171",696131
"John King",,2,2,0,3.90105,44,0,0,0,,44,189,47,21,19,4,14,,1,30,6.14168,2.79986,2.19357,0.84,0.158933,0.0724542,0.0864790678024292,0.272313,1.38737,0.309431,0.723522,,,4.00762,0.160284,0.227451,999,,,,,,,169.20000000000005,3.8454545454545466,183,4.159090909090909,,,,,,,,,,,,,,,,,,,"John King","22051",667463
"Noah Schultz","CHW",1,1,1,4.43457,3,3,0,0,,18,81,19,10,9,2,8,,1,15,7.25044,3.96204,1.82998,1.171,0.183275,0.100152,0.08312350511550903,0.258416,1.4482,0.296088,0.722421,,,4.70044,0.158866,0.117844,999,,,,,,,62.200000000000024,3.455555555555557,67,3.7222222222222223,,,,,,,,,,,,,,,,,,,"Noah Schultz","sa3020949",702273
"Gavin Stone","LAD",1,1,1,4.00815,18,2,0,1,,25,106,24,12,11,4,8,,1,24,8.44513,2.70771,3.11892,1.268,0.222971,0.0714897,0.15148083120584488,0.248355,1.26327,0.29383,0.734342,,,4.08971,0.158676,0.17099,674.7999877929688,,,,,,,98.4,3.9360000000000004,98,3.92,,,,,,,,,,,,,,,,,,,"Gavin Stone","27792",694813
"Ronel Blanco","HOU",1,1,1,3.97367,18,2,0,1,,25,106,23,12,11,3,9,,1,27,9.64431,3.34041,2.88717,1.248,0.25377,0.0878958,0.16587411612272263,0.234805,1.26844,0.29053,0.739887,,,3.99843,0.158565,0.149938,999,,,,,,,116.3,4.652,114,4.56,,,,,,,,,,,,,,,,,,,"Ronel Blanco","19407",669854
"Bowden Francis","TOR",2,2,1,4.16512,30,2,0,1,,37,156,35,18,17,6,10,,2,36,8.77743,2.49212,3.52207,1.423,0.230096,0.0653298,0.16476640850305557,0.244816,1.23458,0.287775,0.730939,,,4.22013,0.154731,0.127602,743.9299926757812,,,,,,,149,4.027027027027027,147,3.972972972972973,,,,,,,,,,,,,,,,,,,"Bowden Francis","20548",670102
"Mason Englert","TBR",3,3,0,4.23408,60,0,1,12,,60,257,60,30,28,9,19,,2,54,8.1291,2.80282,2.90032,1.295,0.211176,0.072811,0.13836457580327988,0.254595,1.31097,0.297216,0.72509,,,4.25261,0.152729,0.0712385,999,,,,,,,275.3,4.588333333333334,281,4.683333333333334,,,,,,,,,,,,,,,,,,,"Mason Englert","22288",669438
"Jorge Alcala",,2,2,0,4.14342,36,0,0,0,,36,154,32,18,17,5,16,,1,38,9.50115,3.91845,2.42472,1.257,0.24608,0.101488,0.1445920690894127,0.233808,1.32772,0.287149,0.737895,,,4.25981,0.152476,0.0936297,999,,,,,,,146.70000000000005,4.075000000000001,140,3.888888888888889,,,,,,,,,,,,,,,,,,,"Jorge Alcala","19459",660896
"Liam Hendriks",,1,1,0,4.07505,24,0,0,0,,24,102,22,12,11,3,9,,1,25,9.32775,3.35044,2.78404,1.243,0.242832,0.0872229,0.15560904890298843,0.237201,1.287,0.289587,0.733573,,,4.0928,0.152005,0.0625136,999,,,,,,,103.50000000000001,4.312500000000001,101,4.208333333333333,,,,,,,,,,,,,,,,,,,"Liam Hendriks","3548",521230
"Tyler Phillips","MIA",3,4,0,4.12689,68,0,3,16,,68,292,72,34,31,8,21,,2,51,6.71298,2.81852,2.38174,1.012,0.173717,0.072937,0.10077986866235733,0.266721,1.36512,0.304473,0.716383,,,4.15419,0.15196,0.301103,725.3300170898438,,,,,,,329.6000000000001,4.847058823529413,348,5.117647058823529,,,,,,,,,,,,,,,,,,,"Tyler Phillips","20629",663969
"Chase Silseth","LAA",3,3,0,4.04263,57,0,0,10,,57,244,53,28,26,7,23,,2,56,8.84886,3.69008,2.39801,1.118,0.229579,0.0957372,0.13384199142456055,0.243623,1.34296,0.297103,0.732899,,,4.14313,0.151429,0.119265,749.2000122070312,,,,,,,274.8999999999999,4.822807017543858,271,4.754385964912281,,,,,,,,,,,,,,,,,,,"Chase Silseth","30074",681217
"Hayden Wesneski","HOU",2,2,1,4.04247,24,2,0,1,,31,130,29,15,14,4,9,,1,31,8.96182,2.66971,3.35685,1.294,0.236828,0.0705508,0.16627735644578934,0.245802,1.24736,0.295768,0.731234,,,4.02281,0.151044,0.147634,999,,,,,,,140.79999999999998,4.541935483870967,139,4.483870967741935,,,,,,,,,,,,,,,,,,,"Hayden Wesneski","27581",669713
"Erik Sabrowski","CLE",3,3,0,3.90564,61,0,0,14,,61,265,51,28,26,7,33,,3,70,10.3437,4.93852,2.09449,1.093,0.265028,0.126536,0.13849212229251862,0.221745,1.37935,0.286524,0.754355,,,4.18723,0.149608,0.299866,999,,,,,,,320.70000000000005,5.257377049180328,302,4.950819672131147,,,,,,,,,,,,,,,,,,,"Erik Sabrowski","24978",681870
"José Ureña",,2,3,3,5.04453,6,6,0,0,,35,154,38,21,19,5,14,,2,23,6.06545,3.75905,1.61356,1.333,0.151366,0.093809,0.05755740404129028,0.275002,1.51518,0.299602,0.698217,,,5.09709,0.147998,0.085722,999,,,,,,,96.7,2.762857142857143,108,3.085714285714286,,,,,,,,,,,,,,,,,,,"Jose Urena","11589",570632
"Tim Mayza",,2,2,0,3.94975,44,0,0,0,,44,190,45,21,19,5,16,,2,36,7.38923,3.22178,2.29353,0.955,0.190478,0.0830503,0.1074276864528656,0.259393,1.37367,0.304359,0.729406,,,4.0566,0.145931,0.227146,999,,,,,,,165.10000000000002,3.752272727272728,173,3.9318181818181817,,,,,,,,,,,,,,,,,,,"Tim Mayza","15042",641835
"Wandy Peralta","SDP",3,3,0,3.66741,60,0,0,12,,60,258,57,27,24,6,25,,3,54,8.15726,3.73504,2.18398,0.883,0.210457,0.0963641,0.11409299075603485,0.246624,1.36322,0.2993,0.746216,,,3.98342,0.145694,0.288013,999,,,,,,,294,4.9,294,4.9,,,,,,,,,,,,,,,,,,,"Wandy Peralta","14295",593974
"José Leclerc",,2,2,0,4.04801,44,0,0,0,,44,189,38,21,20,6,19,,2,47,9.64049,3.88859,2.47917,1.208,0.25001,0.100844,0.1491655856370926,0.228933,1.30445,0.283334,0.737529,,,4.1592,0.1439,0.227225,999,,,,,,,184,4.181818181818182,173,3.9318181818181817,,,,,,,,,,,,,,,,,,,"Jose Leclerc","14524",600917
"Emerson Hancock","SEA",3,3,1,4.12869,45,3,0,1,,60,256,60,30,27,8,18,,3,49,7.39976,2.65499,2.78711,1.247,0.191544,0.0687248,0.12281904369592667,0.253342,1.29513,0.288442,0.725397,,,4.3261,0.140292,0.0638998,746.9299926757812,,,,,,,228.60000000000002,3.8100000000000005,235,3.9166666666666665,,,,,,,,,,,,,,,,,,,"Emerson Hancock","27470",676106
"Justin Martinez","ARI",2,1,0,3.09051,34,0,0,1,,34,143,26,13,12,2,17,,2,43,11.4225,4.59818,2.48413,0.633,0.3013,0.12129,0.18001019209623337,0.213211,1.29013,0.306188,0.763691,,,3.18393,0.1398,0.126613,999,,,,,,,192.4,5.658823529411765,177,5.205882352941177,,,,,,,,,,,,,,,,,,,"Justin Martinez","24453",679885
"Elmer Rodríguez","NYY",1,1,1,3.87019,16,2,0,1,,23,100,22,11,10,3,9,,1,21,8.01265,3.51304,2.28083,0.996,0.207457,0.0909566,0.11650018393993378,0.248196,1.34956,0.296302,0.735484,,,4.07331,0.139424,0.13371,999,,,,,,,92.10000000000001,4.004347826086957,92,4,,,,,,,,,,,,,,,,,,,"Elmer Rodriguez","sa3019459",695684
"Dom Hamel","TEX",4,4,2,4.49952,53,5,0,4,,76,328,75,41,38,11,27,,4,65,7.69969,3.26454,2.35859,1.344,0.197746,0.083841,0.11390535533428192,0.254474,1.35925,0.291015,0.716376,,,4.59645,0.138587,0.0975567,999,,,,,,,285.09999999999997,3.7513157894736837,290,3.8157894736842106,,,,,,,,,,,,,,,,,,,"Dom Hamel","30153",687589
"Austin Peterson","CLE",2,2,1,4.36833,26,3,0,1,,41,176,43,22,20,6,10,,2,31,6.79089,2.16707,3.13367,1.385,0.17766,0.0566937,0.12096581980586052,0.262736,1.28297,0.290461,0.713386,,,4.46806,0.134926,0.0600824,999,,,,,,,147.8,3.604878048780488,157,3.8292682926829267,,,,,,,,,,,,,,,,,,,"Austin Peterson","sa3020868",804926
"Henry Baez","ATH",1,1,1,4.72345,3,3,0,0,,18,81,20,10,10,2,7,,1,13,6.18918,3.46379,1.78682,1.181,0.156379,0.0875182,0.06886128336191177,0.272894,1.46568,0.302259,0.700224,,,4.77662,0.133786,0.143234,999,,,,,,,58.60000000000002,3.255555555555557,66,3.6666666666666665,,,,,,,,,,,,,,,,,,,"Henry Baez","sa3016584",692013
"Jack Kochanowicz","LAA",2,3,1,4.51746,27,3,0,1,,42,183,46,23,21,5,15,,3,28,5.9909,3.16815,1.89098,1.124,0.151577,0.080158,0.07141918689012527,0.276821,1.45261,0.306317,0.709605,,,4.67453,0.133605,0.0936688,999,,,,,,,135.70000000000002,3.2309523809523815,151,3.5952380952380953,,,,,,,,,,,,,,,,,,,"Jack Kochanowicz","27688",686799
"Ryan Gusto","MIA",2,2,1,4.22338,28,2,0,1,,35,148,34,18,16,5,11,,1,30,7.87661,2.81251,2.80056,1.264,0.205746,0.073466,0.13227994740009308,0.251549,1.29337,0.291441,0.720334,,,4.27366,0.133587,0.178073,999,,,,,,,137.1,3.917142857142857,138,3.942857142857143,,,,,,,,,,,,,,,,,,,"Ryan Gusto","26440",687473
"Hogan Harris","ATH",3,3,0,4.15972,66,0,10,11,,66,284,61,33,31,9,29,,3,64,8.66182,3.95288,2.19127,1.161,0.22386,0.10216,0.12169981747865677,0.243512,1.3693,0.293649,0.734351,,,4.32649,0.132992,0.384067,599.9299926757812,,,,,,,345.10000000000014,5.228787878787881,339,5.136363636363637,,,,,,,,,,,,,,,,,,,"Hogan Harris","21520",663687
"George Klassen","LAA",1,2,1,4.12679,20,2,0,1,,27,117,26,13,12,3,11,,1,26,8.69442,3.7,2.34984,1.155,0.224829,0.0956785,0.12915081530809402,0.244819,1.35184,0.295614,0.730641,,,4.2341,0.130331,0.0619644,999,,,,,,,115.30000000000001,4.270370370370371,116,4.296296296296297,,,,,,,,,,,,,,,,,,,"George Klassen","sa3023440",691946
"Tim Herrin","CLE",3,3,0,3.76693,54,0,0,10,,54,232,48,25,23,6,26,,3,57,9.47258,4.28165,2.21237,0.932,0.244498,0.110514,0.1339837834239006,0.233814,1.35914,0.297407,0.744224,,,3.95607,0.128775,0.150026,999,,,,,,,268,4.962962962962963,259,4.796296296296297,,,,,,,,,,,,,,,,,,,"Tim Herrin","25139",682120
"Sam Hentges","SFG",3,2,0,3.33989,54,0,0,7,,54,226,49,22,20,5,18,,2,56,9.3073,3.0571,3.04449,0.803,0.246747,0.0810472,0.16569989174604416,0.23609,1.24015,0.301498,0.745308,,,3.35775,0.127967,0.116001,999,,,,,,,290.70000000000005,5.383333333333334,285,5.277777777777778,,,,,,,,,,,,,,,,,,,"Sam Hentges","18548",656529
"Tanner McDougal","CHW",1,2,1,4.62695,11,3,0,1,,26,117,26,15,14,4,13,,1,22,7.64565,4.30632,1.77545,1.244,0.19217,0.108237,0.08393245190382004,0.25506,1.47069,0.294239,0.718081,,,4.82471,0.126885,0.116182,999,,,,,,,81.6,3.1384615384615384,84,3.230769230769231,,,,,,,,,,,,,,,,,,,"Tanner McDougal","sa3017471",701780
"Tyler Alexander","TEX",4,5,1,4.50107,69,3,0,14,,84,359,87,44,42,14,23,,3,67,7.24808,2.50776,2.89026,1.488,0.187542,0.0648875,0.12265436351299286,0.260491,1.31558,0.289566,0.722161,,,4.61421,0.126755,0.0693519,999,,,,,,,335.2000000000001,3.990476190476192,350,4.166666666666667,,,,,,,,,,,,,,,,,,,"Tyler Alexander","17735",641302
"Mike Clevinger",,3,4,4,4.97051,10,10,0,0,,54,238,57,32,30,9,20,,3,41,6.73668,3.23693,2.08119,1.495,0.170962,0.0821462,0.08881588280200958,0.264542,1.41024,0.289355,0.698088,,,5.01839,0.122255,0.168516,999,,,,,,,153.70000000000005,2.846296296296297,166,3.074074074074074,,,,,,,,,,,,,,,,,,,"Mike Clevinger","12808",605182
"Joey Lucchesi",,2,2,0,4.06032,47,0,0,0,,47,203,48,23,21,5,17,,2,36,6.81296,3.24889,2.09702,0.999,0.175623,0.0837491,0.09187407046556473,0.262064,1.38631,0.30032,0.726672,,,4.25768,0.119463,0.178554,999,,,,,,,176.5,3.75531914893617,185,3.9361702127659575,,,,,,,,,,,,,,,,,,,"Joey Lucchesi","19320",664192
"AJ Blubaugh","HOU",2,3,1,4.54131,29,3,0,1,,44,190,43,24,22,7,18,,2,39,8.06545,3.61185,2.23305,1.384,0.207281,0.0928243,0.11445710808038712,0.25086,1.37628,0.289502,0.720663,,,4.65267,0.11912,0.0652178,514.469970703125,,,,,,,149.7,3.402272727272727,151,3.4318181818181817,,,,,,,,,,,,,,,,,,,"AJ Blubaugh","31764",805123
"Landon Knack","LAD",2,2,1,4.83352,17,3,0,1,,32,137,31,18,17,6,12,,1,28,8.03524,3.44248,2.33414,1.636,0.205554,0.0880642,0.11749029904603958,0.253268,1.37708,0.284953,0.718621,,,4.96182,0.115653,0.106207,745.4000244140625,,,,,,,103.4,3.23125,103,3.21875,,,,,,,,,,,,,,,,,,,"Landon Knack","27487",689017
"Michael Kopech",,2,2,0,4.30046,46,0,0,0,,46,200,40,23,22,6,25,,2,51,9.92031,4.84899,2.04585,1.157,0.253079,0.123703,0.1293753832578659,0.228968,1.40174,0.289352,0.729389,,,4.36125,0.115341,0.119425,573.27001953125,,,,,,,183.60000000000002,3.9913043478260875,173,3.760869565217391,,,,,,,,,,,,,,,,,,,"Michael Kopech","17282",656629
"Daniel Lynch IV","KCR",3,3,0,4.15422,59,0,0,11,,59,252,61,29,27,7,18,,3,46,7.07516,2.76976,2.55443,1.105,0.183797,0.0719523,0.11184494942426682,0.261776,1.33562,0.299936,0.719138,,,4.21087,0.114132,0.155863,999,,,,,,,264.9,4.489830508474576,277,4.694915254237288,,,,,,,,,,,,,,,,,,,"Daniel Lynch IV","21537",663738
"Andrew Nardi","MIA",3,2,0,3.54932,52,0,0,7,,52,219,43,22,21,6,22,,2,62,10.7048,3.73223,2.8682,1.071,0.282844,0.0986139,0.18423020094633102,0.219737,1.2387,0.288754,0.759032,,,3.66899,0.11309,0.131488,746.9299926757812,,,,,,,279.2,5.369230769230769,262,5.038461538461538,,,,,,,,,,,,,,,,,,,"Andrew Nardi","25942",677053
"Matt Waldron","SDP",1,2,2,4.71706,5,5,0,0,,27,118,28,15,14,4,8,,1,21,6.88442,2.79656,2.46174,1.462,0.177159,0.0719651,0.10519437491893768,0.263243,1.35273,0.290193,0.704157,,,4.79546,0.11197,0.144581,999,,,,,,,92.80000000000003,3.437037037037038,98,3.6296296296296298,,,,,,,,,,,,,,,,,,,"Matt Waldron","25550",663362
"Brent Headrick","NYY",3,2,0,3.89012,53,0,0,10,,53,225,49,25,23,8,18,,2,53,9.08365,3.01677,3.01106,1.292,0.237588,0.0789051,0.1586824581027031,0.237956,1.25527,0.286145,0.750026,,,4.12738,0.111829,0.100262,750.72998046875,,,,,,,252.40000000000006,4.762264150943397,247,4.660377358490566,,,,,,,,,,,,,,,,,,,"Brent Headrick","27702",687396
"Tommy Kahnle",,3,3,0,4.19114,63,0,0,0,,63,276,61,32,29,7,29,,3,58,8.25564,4.17314,1.97828,1.036,0.20951,0.105905,0.10360473394393921,0.249728,1.43094,0.299963,0.728985,,,4.31216,0.110389,0.107387,999,,,,,,,241.50000000000003,3.833333333333334,244,3.873015873015873,,,,,,,,,,,,,,,,,,,"Tommy Kahnle","11384",592454
"Tyler Uberstine","BOS",1,2,1,4.36892,20,2,0,1,,27,116,27,14,13,4,9,,1,25,8.13126,2.85466,2.84842,1.306,0.211238,0.0741597,0.1370781511068344,0.253326,1.3086,0.295393,0.714011,,,4.30501,0.10702,0.0795398,999,,,,,,,104.40000000000002,3.8666666666666676,107,3.962962962962963,,,,,,,,,,,,,,,,,,,"Tyler Uberstine","sa3017643",700413
"Kyle Nicolas","PIT",3,3,0,4.07129,56,0,0,10,,56,243,52,27,25,6,26,,3,56,9.02652,4.18203,2.15841,1.016,0.231078,0.10706,0.12401875853538513,0.240744,1.3864,0.298154,0.731376,,,4.13163,0.106925,0.202747,999,,,,,,,270.4000000000001,4.82857142857143,267,4.767857142857143,,,,,,,,,,,,,,,,,,,"Kyle Nicolas","27775",693312
"Huascar Brazobán","NYM",3,3,0,3.93627,56,0,0,11,,56,241,51,27,24,6,24,,3,53,8.5725,3.92999,2.1813,1.006,0.221742,0.101656,0.12008605152368546,0.239715,1.35011,0.291913,0.733476,,,4.13831,0.106462,0.087895,999,,,,,,,277.0000000000001,4.946428571428574,271,4.839285714285714,,,,,,,,,,,,,,,,,,,"Huascar Brazoban","6107",623211
"Zack Kelly","BOS",3,3,0,4.22717,56,0,0,10,,56,243,53,28,26,7,25,,3,55,8.86524,3.97877,2.22814,1.095,0.226753,0.101768,0.12498489022254944,0.24609,1.39084,0.300911,0.724778,,,4.21304,0.10594,0.126507,999,,,,,,,256.50000000000006,4.580357142857144,255,4.553571428571429,,,,,,,,,,,,,,,,,,,"Zack Kelly","20349",677161
"Anthony Banda","LAD",3,3,0,4.11013,55,0,0,13,,55,236,51,27,25,7,24,,2,54,8.8324,3.8824,2.27498,1.22,0.228563,0.100468,0.12809491902589798,0.241315,1.35297,0.290898,0.74072,,,4.35853,0.105633,0.163183,999,,,,,,,270.29999999999995,4.914545454545454,266,4.836363636363636,,,,,,,,,,,,,,,,,,,"Anthony Banda","14706",607455
"Adam Mazur","MIA",1,2,1,4.26029,20,2,0,1,,27,115,28,14,13,4,7,,1,21,7.17662,2.41457,2.97221,1.256,0.18692,0.0628891,0.1240304708480835,0.260783,1.30182,0.295409,0.715587,,,4.26305,0.104823,0.0752784,999,,,,,,,99.80000000000003,3.696296296296297,105,3.888888888888889,,,,,,,,,,,,,,,,,,,"Adam Mazur","31900",800049
"Brock Stewart","LAD",2,1,0,3.5985,32,0,0,1,,32,134,26,14,13,4,12,,1,38,10.7421,3.46432,3.10077,1.139,0.285501,0.0920742,0.193427212536335,0.219854,1.2095,0.287199,0.754964,,,3.68334,0.10463,0.0639221,999,,,,,,,161.00000000000003,5.031250000000001,149,4.65625,,,,,,,,,,,,,,,,,,,"Brock Stewart","16727",592779
"Lou Trivino",,2,2,0,4.30421,43,0,0,0,,43,186,42,22,21,6,17,,2,38,8.00272,3.63129,2.20382,1.168,0.205314,0.0931627,0.11215123534202576,0.250378,1.3743,0.29423,0.720974,,,4.40423,0.104379,0.0555205,999,,,,,,,154.2,3.5860465116279068,156,3.627906976744186,,,,,,,,,,,,,,,,,,,"Lou Trivino","15043",642152
"Ty Madden","DET",1,2,1,4.23064,20,2,0,1,,27,117,26,14,13,4,10,,1,24,8.03877,3.24274,2.479,1.19,0.20806,0.0839288,0.12413076311349869,0.248908,1.33002,0.291763,0.720314,,,4.25895,0.103876,0.0416507,999,,,,,,,102.00000000000003,3.777777777777779,102,3.7777777777777777,,,,,,,,,,,,,,,,,,,"Ty Madden","30140",680744
"A.J. Puk","ARI",2,1,0,3.47521,32,0,0,1,,32,133,27,13,12,3,11,,2,36,10.2568,3.11406,3.2937,0.964,0.273855,0.0831452,0.1907101422548294,0.226774,1.20044,0.296436,0.744986,,,3.42938,0.10367,0.0956667,999,,,,,,,166.7,5.209375,158,4.9375,,,,,,,,,,,,,,,,,,,"A.J. Puk","19343",640462
"Thomas Harrington","PIT",2,3,2,4.78024,15,5,0,1,,38,162,39,21,20,6,12,,2,29,6.905,2.85579,2.41789,1.461,0.177073,0.0732346,0.10383859276771545,0.263484,1.36361,0.290639,0.702578,,,4.79636,0.101277,0.166476,999,,,,,,,125.99999999999997,3.3157894736842097,132,3.473684210526316,,,,,,,,,,,,,,,,,,,"Thomas Harrington","31989",802419
"Luis Perales","WSN",2,2,1,4.19409,26,2,0,1,,33,143,31,17,15,4,15,,1,32,8.62087,3.99337,2.15879,1.171,0.22186,0.10277,0.11908954381942749,0.24104,1.3676,0.289179,0.730707,,,4.36451,0.101252,0.0759666,999,,,,,,,134.40000000000006,4.072727272727275,133,4.03030303030303,,,,,,,,,,,,,,,,,,,"Luis Perales","sa3014677",691384
"Derek Law",,1,1,0,4.06639,28,0,0,0,,28,120,28,14,13,3,10,,1,25,7.88345,3.21763,2.45008,1.073,0.204268,0.0833721,0.12089632451534271,0.253495,1.34425,0.299415,0.725877,,,4.12012,0.097534,0.0728969,999,,,,,,,114.50000000000004,4.089285714285716,118,4.214285714285714,,,,,,,,,,,,,,,,,,,"Derek Law","13133",571882
"Tink Hence","STL",1,1,1,4.08623,16,2,0,1,,23,100,22,11,11,3,9,,1,21,8.04,3.34577,2.40303,1.127,0.208313,0.0866877,0.12162549048662186,0.248134,1.33447,0.292701,0.727864,,,4.20217,0.0965616,0.0475019,999,,,,,,,92.10000000000001,4.004347826086957,92,4,,,,,,,,,,,,,,,,,,,"Tink Hence","sa3014709",693311
"Pierson Ohl","MIN",3,3,0,4.19188,60,0,2,11,,60,252,62,30,28,9,13,,2,49,7.2789,1.88113,3.86942,1.33,0.192244,0.0496829,0.14256097748875618,0.26062,1.24293,0.294339,0.718027,,,4.15823,0.0961657,0.0777636,999,,,,,,,279.1,4.651666666666667,290,4.833333333333333,,,,,,,,,,,,,,,,,,,"Pierson Ohl","30179",701487
"Matt Gage","SFG",3,3,0,3.80972,56,0,0,10,,56,241,55,26,24,6,20,,2,49,7.9176,3.23626,2.44653,0.949,0.204714,0.0836753,0.1210390031337738,0.25083,1.33809,0.299415,0.735431,,,3.93532,0.0952732,0.136249,999,,,,,,,269.6000000000001,4.814285714285716,274,4.892857142857143,,,,,,,,,,,,,,,,,,,"Matt Gage","17381",657424
"Jesse Scholtens","TBR",2,2,1,4.26933,36,2,0,1,,43,184,44,22,20,6,12,,1,37,7.80215,2.57034,3.03545,1.352,0.203309,0.0669781,0.13633088767528534,0.257367,1.30078,0.295473,0.724967,,,4.31266,0.0941588,0.0450451,748.469970703125,,,,,,,168.99999999999997,3.9302325581395343,176,4.093023255813954,,,,,,,,,,,,,,,,,,,"Jesse Scholtens","19205",669947
"Jason Adam","SDP",2,2,0,3.63859,46,0,0,1,,46,193,39,20,19,5,17,,3,50,9.86122,3.32073,2.9696,1.028,0.260664,0.0877777,0.1728867068886757,0.225171,1.21955,0.286792,0.738405,,,3.7066,0.0933098,0.0703158,670.0700073242188,,,,,,,221.50000000000003,4.815217391304349,209,4.543478260869565,,,,,,,,,,,,,,,,,,,"Jason Adam","11861",592094
"Alan Rangel","PHI",2,2,1,4.63836,23,3,0,1,,38,165,39,21,20,7,12,,1,32,7.38883,2.79791,2.64084,1.571,0.191604,0.0725543,0.11904966831207275,0.257053,1.32445,0.284652,0.718365,,,4.78757,0.0931378,0.126916,999,,,,,,,122.69999999999999,3.228947368421052,128,3.3684210526315788,,,,,,,,,,,,,,,,,,,"Alan Rangel","19524",660604
"Porter Hodge","CHC",3,3,0,3.86938,55,0,0,11,,55,237,47,26,24,6,27,,2,60,9.76091,4.47143,2.18295,1.048,0.252157,0.115512,0.13664498925209045,0.2292,1.35958,0.291163,0.747342,,,4.09049,0.0911265,0.172269,713.3300170898438,,,,,,,288,5.236363636363636,274,4.9818181818181815,,,,,,,,,,,,,,,,,,,"Porter Hodge","26413",687863
"Ben Joyce","LAA",2,2,0,3.41506,34,0,4,1,,34,143,27,14,13,3,16,,2,41,10.9774,4.16147,2.63786,0.902,0.289801,0.109862,0.1799389272928238,0.216825,1.26357,0.295125,0.757024,,,3.53973,0.0909533,0.090092,504.4700012207031,,,,,,,196.50000000000006,5.779411764705884,183,5.382352941176471,,,,,,,,,,,,,,,,,,,"Ben Joyce","31461",690829
"Carson Seymour","SFG",1,2,1,3.93177,22,2,0,1,,29,124,29,14,13,3,10,,1,24,7.56268,3.09527,2.4433,0.927,0.195578,0.0800468,0.11553166806697845,0.255789,1.34237,0.302506,0.721015,,,3.97276,0.0901934,0.128789,999,,,,,,,121.30000000000001,4.182758620689656,125,4.310344827586207,,,,,,,,,,,,,,,,,,,"Carson Seymour","30084",693313
"Luke Little","CHC",2,2,0,3.35774,36,0,0,1,,36,155,29,15,13,3,20,,3,42,10.5078,4.94165,2.12637,0.756,0.271801,0.127824,0.14397726953029633,0.218312,1.35166,0.296349,0.761924,,,3.74965,0.0881168,0.0867704,999,,,,,,,173.10000000000002,4.808333333333334,160,4.444444444444445,,,,,,,,,,,,,,,,,,,"Luke Little","28036",681432
"Bryan Hoeing","SDP",2,2,1,4.18028,28,2,0,1,,35,150,36,18,16,4,12,,1,29,7.43534,2.99825,2.47989,1.143,0.192325,0.0775539,0.1147712916135788,0.259449,1.3526,0.299868,0.722607,,,4.23257,0.088014,0.0337414,999,,,,,,,139.20000000000002,3.9771428571428578,146,4.171428571428572,,,,,,,,,,,,,,,,,,,"Bryan Hoeing","26304",663773
"Carlos Rodriguez","MIL",2,2,1,4.33607,28,2,0,1,,35,151,33,18,17,5,14,,2,33,8.34897,3.46667,2.40835,1.38,0.2157,0.0895634,0.1261369213461876,0.243027,1.3254,0.282263,0.729833,,,4.569,0.0875768,0.0587287,999,,,,,,,133.7,3.82,132,3.7714285714285714,,,,,,,,,,,,,,,,,,,"Carlos Rodriguez","30161",692230
"Seth Halvorsen","COL",3,3,0,4.75922,60,0,3,11,,60,265,62,34,32,8,28,,2,54,8.0265,4.14029,1.93863,1.19,0.201911,0.104151,0.09775976836681366,0.265795,1.50076,0.314202,0.708765,,,4.57463,0.0875334,0.195574,544.27001953125,,,,,,,261.40000000000003,4.356666666666667,273,4.55,,,,,,,,,,,,,,,,,,,"Seth Halvorsen","33294",678020
"Jhonathan Díaz","SEA",2,2,1,3.70077,24,2,0,1,,31,131,31,14,13,4,8,,2,24,6.80089,2.30629,2.94885,1.035,0.179363,0.0608247,0.11853806301951408,0.254486,1.25037,0.289591,0.733825,,,4.03869,0.0865069,0.116819,999,,,,,,,121.6,3.92258064516129,125,4.032258064516129,,,,,,,,,,,,,,,,,,,"Jhonathan Diaz","20298",646242
"Jovani Morán","BOS",3,2,0,3.72629,52,0,0,7,,52,222,47,23,22,5,23,,2,55,9.52667,3.89463,2.44611,0.936,0.247482,0.101174,0.14630820602178574,0.236371,1.33327,0.300885,0.74328,,,3.77212,0.0861604,0.104159,999,,,,,,,264.1,5.078846153846154,258,4.961538461538462,,,,,,,,,,,,,,,,,,,"Jovani Moran","20422",663558
"Nick Sandlin","TOR",2,2,0,4.2761,41,0,0,0,,41,177,38,21,19,6,19,,2,40,8.85503,4.0853,2.16754,1.213,0.227279,0.104856,0.12242336571216583,0.240118,1.37232,0.289575,0.72913,,,4.43211,0.0851945,0.0502695,999,,,,,,,147.8,3.604878048780488,144,3.5121951219512195,,,,,,,,,,,,,,,,,,,"Nick Sandlin","20517",680704
"Jackson Rutledge","WSN",3,3,0,4.27624,55,0,0,10,,55,237,53,28,26,8,20,,3,48,7.91512,3.34126,2.36891,1.239,0.204474,0.0863159,0.1181582659482956,0.248537,1.33345,0.288872,0.721713,,,4.45481,0.083441,0.0790629,999,,,,,,,237.8,4.323636363636364,238,4.327272727272727,,,,,,,,,,,,,,,,,,,"Jackson Rutledge","26215",671131
"Keegan Thompson","CIN",2,2,1,4.56373,26,2,0,1,,33,145,32,18,17,5,14,,2,32,8.63468,3.75035,2.30237,1.389,0.220254,0.095664,0.12458951026201248,0.250524,1.39027,0.295498,0.722181,,,4.63215,0.0812583,0.07597,999,,,,,,,119.50000000000004,3.6212121212121224,120,3.6363636363636362,,,,,,,,,,,,,,,,,,,"Keegan Thompson","19795",624522
"Jack Wenninger","NYM",1,1,1,4.30624,2,2,0,0,,9,40,9,5,4,1,3,,0,7,7.30585,3.22563,2.26493,1.194,0.188166,0.0830781,0.10508836060762405,0.257006,1.36496,0.294037,0.718316,,,4.4291,0.0807602,0.0468046,999,,,,,,,35.90000000000001,3.9888888888888903,37,4.111111111111111,,,,,,,,,,,,,,,,,,,"Jack Wenninger","sa3023282",811307
"Brennan Bernardino","COL",3,3,0,4.51506,55,0,0,9,,55,243,57,30,28,7,24,,3,50,8.23168,3.96895,2.07402,1.112,0.206798,0.0997089,0.10708926618099213,0.264275,1.47773,0.316553,0.718134,,,4.41171,0.0775003,0.179661,999,,,,,,,227.7,4.14,239,4.345454545454546,,,,,,,,,,,,,,,,,,,"Brennan Bernardino","16835",657514
"Yosver Zulueta","CIN",2,2,0,4.07833,50,0,0,4,,50,219,48,25,23,5,24,,3,48,8.60999,4.2964,2.004,0.963,0.218886,0.109224,0.10966132581233978,0.248826,1.43261,0.305638,0.731199,,,4.20781,0.0742622,0.0989601,999,,,,,,,214.7,4.294,216,4.32,,,,,,,,,,,,,,,,,,,"Yosver Zulueta","27765",691172
"Paul Sewald",,3,3,0,4.41208,53,0,0,0,,53,227,50,28,26,9,19,,3,53,8.96089,3.15416,2.84098,1.485,0.232386,0.0817979,0.15058790147304535,0.240473,1.28465,0.28236,0.726779,,,4.48793,0.0733197,-0.0307084,999,,,,,,,191.50000000000006,3.613207547169812,188,3.547169811320755,,,,,,,,,,,,,,,,,,,"Paul Sewald","13892",623149
"Jean Cabrera","PHI",1,1,1,4.883,3,3,0,0,,18,82,20,11,10,3,8,,1,13,6.31988,3.66623,1.72381,1.359,0.159121,0.092308,0.06681349128484726,0.267822,1.46641,0.292815,0.703167,,,5.06987,0.0700631,0.0564052,999,,,,,,,43.30000000000001,2.4055555555555563,50,2.7777777777777777,,,,,,,,,,,,,,,,,,,"Jean Cabrera","sa3015433",691893
"Mike Vasil","CHW",3,4,0,4.32936,72,0,3,16,,72,312,72,37,35,9,28,,4,59,7.39654,3.44075,2.14969,1.16,0.18968,0.0882362,0.10144410282373428,0.255868,1.37898,0.294709,0.717085,,,4.47939,0.0698107,0.0789049,723.530029296875,,,,,,,335.90000000000015,4.66527777777778,344,4.777777777777778,,,,,,,,,,,,,,,,,,,"Mike Vasil","30105",678024
"Carson Palmquist","COL",2,3,1,5.46637,27,5,0,1,,49,219,51,31,30,9,23,,3,43,7.99054,4.30792,1.85485,1.62,0.197764,0.10662,0.09114396572113037,0.265182,1.52673,0.300951,0.694338,,,5.31076,0.0691607,0.17103,999,,,,,,,131.30000000000004,2.6795918367346947,140,2.857142857142857,,,,,,,,,,,,,,,,,,,"Carson Palmquist","31612",687223
"Joe Ross",,3,3,0,4.13887,52,0,0,0,,52,224,52,26,24,7,19,,2,44,7.6459,3.22363,2.37183,1.15,0.197434,0.0832413,0.11419294774532318,0.256256,1.35906,0.298144,0.730507,,,4.28861,0.0690374,0.135264,999,,,,,,,188.50000000000006,3.625000000000001,194,3.730769230769231,,,,,,,,,,,,,,,,,,,"Joe Ross","12972",605452
"James McArthur","KCR",2,2,0,3.88348,40,0,0,1,,40,171,39,19,17,4,13,,2,36,8.09163,2.96332,2.7306,0.96,0.210922,0.0772438,0.13367799669504166,0.253111,1.31314,0.304439,0.724667,,,3.84992,0.068515,0.0374209,999,,,,,,,176.4,4.41,179,4.475,,,,,,,,,,,,,,,,,,,"James McArthur","21527",663704
"Jack Perkins","ATH",2,2,0,3.76551,34,0,0,1,,34,144,30,15,14,4,14,,2,36,9.4928,3.58888,2.64506,1.03,0.249027,0.0941482,0.15487926453351974,0.233402,1.28231,0.293964,0.739052,,,3.86337,0.0682439,0.0668598,521.72998046875,,,,,,,152.40000000000003,4.4823529411764715,146,4.294117647058823,,,,,,,,,,,,,,,,,,,"Jack Perkins","31468",678022
"Tyler Gilbert","CHW",3,3,0,4.20084,56,0,0,9,,56,241,55,28,26,8,20,,2,49,7.93284,3.2328,2.45386,1.299,0.205108,0.0835859,0.12152228504419327,0.251398,1.33907,0.290933,0.737199,,,4.44775,0.068161,0.0621049,999,,,,,,,241.0000000000001,4.303571428571431,244,4.357142857142857,,,,,,,,,,,,,,,,,,,"Tyler Gilbert","17964",656457
"Isaac Mattson","PIT",3,3,0,4.43215,64,0,2,13,,64,280,61,34,32,9,28,,3,59,8.30859,3.97427,2.09059,1.235,0.211315,0.101079,0.11023613810539246,0.245828,1.39713,0.289504,0.722984,,,4.51774,0.0678333,0.101585,999,,,,,,,291.30000000000007,4.551562500000001,290,4.53125,,,,,,,,,,,,,,,,,,,"Isaac Mattson","20385",676755
"Doug Nikhazy","CLE",2,2,1,4.32932,32,2,0,1,,39,170,37,20,19,6,17,,1,35,8.05449,3.83314,2.10128,1.294,0.205993,0.0980322,0.10796047747135162,0.246388,1.38264,0.285818,0.733517,,,4.59889,0.0672022,0.0249304,999,,,,,,,138.60000000000002,3.5538461538461545,137,3.5128205128205128,,,,,,,,,,,,,,,,,,,"Doug Nikhazy","30142",680951
"Antonio Senzatela","COL",3,4,1,5.24939,45,3,0,1,,59,262,71,37,35,9,18,,3,39,5.86267,2.7441,2.13646,1.385,0.147041,0.0688244,0.0782163217663765,0.294496,1.50722,0.319903,0.683787,,,4.87538,0.0666762,0.0527917,999,,,,,,,160.30000000000004,2.7169491525423735,197,3.3389830508474576,,,,,,,,,,,,,,,,,,,"Antonio Senzatela","15488",622608
"Leandro Lopez","TEX",1,1,1,4.58445,2,2,0,0,,9,41,9,5,5,1,4,,0,8,7.45585,4.09162,1.82222,1.224,0.188635,0.103519,0.08511577546596527,0.256976,1.45716,0.295056,0.716493,,,4.71756,0.0653645,0.0483063,999,,,,,,,34.90000000000001,3.877777777777779,36,4,,,,,,,,,,,,,,,,,,,"Leandro Lopez","sa3016748",699214
"Ben Kudrna","KCR",1,1,1,4.57836,14,2,0,1,,21,93,22,12,11,3,9,,1,16,6.91225,3.79544,1.8212,1.108,0.174869,0.0960187,0.07885051518678665,0.264108,1.4594,0.301056,0.707361,,,4.58845,0.0650015,0.0438019,999,,,,,,,67.3,3.2047619047619045,72,3.4285714285714284,,,,,,,,,,,,,,,,,,,"Ben Kudrna","sa3018253",695667
"Sam Moll","CIN",3,3,0,4.08688,52,0,0,7,,52,226,49,26,24,7,23,,3,51,8.8145,3.95739,2.22735,1.134,0.225749,0.101353,0.1243957132101059,0.245135,1.38243,0.298037,0.738754,,,4.29238,0.063274,0.0364975,999,,,,,,,223.30000000000004,4.29423076923077,221,4.25,,,,,,,,,,,,,,,,,,,"Sam Moll","14874",594580
"Ryan Johnson","LAA",1,1,0,3.85931,26,0,0,1,,26,109,24,12,11,3,9,,1,25,8.70089,2.99177,2.90827,1.123,0.229703,0.0789825,0.15072010457515717,0.24516,1.27419,0.297099,0.736625,,,3.9257,0.0620051,0.0288736,999,,,,,,,117.1,4.503846153846154,115,4.423076923076923,,,,,,,,,,,,,,,,,,,"Ryan Johnson","35325",696270
"Sam Aldegheri","LAA",3,4,2,4.98343,28,6,0,1,,58,259,60,34,32,10,26,,3,45,6.92234,4.07997,1.69667,1.482,0.173114,0.102032,0.07108208537101746,0.26172,1.48275,0.288302,0.712404,,,5.26668,0.0616998,0.0959091,999,,,,,,,157.20000000000005,2.7103448275862076,167,2.8793103448275863,,,,,,,,,,,,,,,,,,,"Sam Aldegheri","26443",691951
"Jaxon Wiggins","CHC",1,1,1,4.44499,2,2,0,0,,9,40,9,5,5,1,4,,0,8,7.94561,4.05497,1.95948,1.231,0.202791,0.103493,0.09929849952459335,0.249175,1.41357,0.290399,0.721012,,,4.61354,0.0613067,0.0586998,999,,,,,,,34.90000000000001,3.877777777777779,36,4,,,,,,,,,,,,,,,,,,,"Jaxon Wiggins","sa3023635",694393
"Justin Hagenman","NYM",2,2,0,3.79155,36,0,0,1,,36,150,34,16,15,5,8,,1,33,8.2581,2.0313,4.06543,1.262,0.220675,0.0542809,0.16639408841729164,0.24362,1.17465,0.285023,0.737208,,,3.91128,0.061008,0.042318,999,,,,,,,159.50000000000003,4.430555555555556,158,4.388888888888889,,,,,,,,,,,,,,,,,,,"Justin Hagenman","21546",663795
"Enyel De Los Santos","HOU",3,3,0,4.27419,60,0,0,12,,60,257,57,30,28,9,23,,3,59,8.79576,3.44451,2.55356,1.319,0.22781,0.0892129,0.1385975256562233,0.244278,1.32638,0.290999,0.730102,,,4.36658,0.0595685,0.0576562,999,,,,,,,273.1,4.551666666666667,271,4.516666666666667,,,,,,,,,,,,,,,,,,,"Enyel De Los Santos","18403",660853
"Julian Aguiar","CIN",2,2,1,4.64382,32,2,0,1,,39,169,41,22,20,6,12,,2,31,7.13709,2.69157,2.65165,1.475,0.183778,0.0693071,0.11447089910507202,0.265118,1.3496,0.294995,0.711542,,,4.73721,0.0592605,0.0512804,999,,,,,,,132.20000000000002,3.38974358974359,141,3.6153846153846154,,,,,,,,,,,,,,,,,,,"Julian Aguiar","30031",687924
"Mitch Spence","ATH",2,2,0,4.0483,40,0,0,1,,40,169,41,19,18,5,11,,2,34,7.63279,2.37427,3.2148,1.155,0.200403,0.0623378,0.1380656398832798,0.259641,1.28348,0.302065,0.721444,,,4.0213,0.0590979,0.037029,999,,,,,,,160.9,4.0225,168,4.2,,,,,,,,,,,,,,,,,,,"Mitch Spence","27707",687765
"Yaramil Hiraldo","BAL",2,2,0,4.01356,44,0,0,1,,44,186,40,21,20,6,16,,2,45,9.21281,3.3021,2.78998,1.267,0.24199,0.0867353,0.1552548110485077,0.237643,1.27673,0.288669,0.739869,,,4.12267,0.0567941,0.00392695,999,,,,,,,187.8,4.2681818181818185,182,4.136363636363637,,,,,,,,,,,,,,,,,,,"Yaramil Hiraldo","25215",682274
"Braydon Fisher","TOR",3,3,0,4.04699,52,0,0,7,,52,225,47,25,23,7,22,,2,57,9.79186,3.87703,2.52561,1.182,0.250998,0.0993811,0.1516168862581253,0.23227,1.32778,0.289745,0.737951,,,4.08485,0.0565365,-0.00635483,999,,,,,,,246.50000000000006,4.740384615384617,239,4.596153846153846,,,,,,,,,,,,,,,,,,,"Braydon Fisher","24609",680755
"Yohan Ramírez","PIT",2,2,0,3.98918,50,0,0,4,,50,217,47,24,22,5,20,,5,48,8.70547,3.65357,2.38273,0.94,0.222473,0.0933691,0.12910423427820206,0.246035,1.35218,0.303434,0.722483,,,4.06409,0.0565319,0.117478,999,,,,,,,223.3,4.466,222,4.44,,,,,,,,,,,,,,,,,,,"Yohan Ramirez","19444",670990
"Jason Foley","SFG",2,2,0,3.64196,34,0,0,1,,34,143,34,15,14,3,10,,1,30,7.92699,2.58313,3.06875,0.841,0.208833,0.0680514,0.14078131318092346,0.253969,1.27615,0.306692,0.726304,,,3.55704,0.0563641,0.0368336,999,,,,,,,157.3,4.626470588235295,162,4.764705882352941,,,,,,,,,,,,,,,,,,,"Jason Foley","19531",671345
"Wilber Dotel","PIT",2,2,1,4.83194,19,3,0,1,,34,152,36,20,19,5,14,,2,27,6.97576,3.71445,1.87801,1.307,0.175557,0.0934806,0.08207667618989944,0.26289,1.45166,0.294792,0.703064,,,4.86183,0.0545278,0.0328698,999,,,,,,,106.50000000000003,3.1323529411764715,115,3.3823529411764706,,,,,,,,,,,,,,,,,,,"Wilber Dotel","sa3015163",696062
"Alex Lange","KCR",3,3,0,3.93425,52,0,0,7,,52,227,47,25,23,5,26,,3,55,9.46821,4.58322,2.06584,0.858,0.241334,0.116821,0.1245131865143776,0.236733,1.40836,0.30324,0.731501,,,3.95402,0.0528102,0.039682,999,,,,,,,252.10000000000002,4.848076923076923,246,4.730769230769231,,,,,,,,,,,,,,,,,,,"Alex Lange","19883",656638
"DJ Herz","WSN",1,1,0,3.47855,22,0,0,1,,22,92,18,9,9,3,9,,1,26,10.6376,3.79788,2.80094,1.062,0.281544,0.100518,0.18102622032165527,0.216149,1.22967,0.283034,0.763511,,,3.68947,0.0518041,0.0657515,750.3300170898438,,,,,,,105.10000000000001,4.777272727272727,97,4.409090909090909,,,,,,,,,,,,,,,,,,,"DJ Herz","26389",687792
"Rob Zastryzny","MIL",2,2,0,4.0109,50,0,0,4,,50,214,47,24,22,7,19,,2,46,8.29258,3.3683,2.46195,1.189,0.215607,0.087576,0.12803135812282562,0.244408,1.31769,0.28908,0.739306,,,4.25009,0.0513344,0.0822794,999,,,,,,,206.7,4.1339999999999995,204,4.08,,,,,,,,,,,,,,,,,,,"Rob Zastryzny","15094",642239
"Grant Anderson","MIL",3,3,0,4.11599,56,0,0,10,,56,240,52,28,26,8,22,,2,55,8.81769,3.54841,2.48497,1.212,0.228868,0.092101,0.1367669776082039,0.241593,1.32303,0.290887,0.732559,,,4.2358,0.0511042,0.0756242,999,,,,,,,258.8000000000001,4.621428571428574,254,4.535714285714286,,,,,,,,,,,,,,,,,,,"Grant Anderson","20546",681982
"Félix Bautista","BAL",1,0,0,3.02855,10,0,0,1,,10,41,7,4,3,1,4,,0,14,12.68,3.90699,3.24547,0.87,0.341657,0.105272,0.2363847717642784,0.197222,1.15508,0.290365,0.773437,,,2.97826,0.0508982,0.0253729,742.469970703125,,,,,,,63.5,6.35,57,5.7,,,,,,,,,,,,,,,,,,,"Felix Bautista","20666",642585
"Colton Gordon","HOU",2,2,0,3.9682,40,0,0,1,,40,167,39,19,18,6,10,,2,36,8.20402,2.21875,3.69759,1.345,0.218136,0.0589941,0.15914185345172882,0.249298,1.21725,0.289915,0.738118,,,4.10981,0.0508231,0.0152269,999,,,,,,,160.79999999999998,4.02,162,4.05,,,,,,,,,,,,,,,,,,,"Colton Gordon","31312",676467
"Bryan Hudson","CHW",2,2,0,3.88397,38,0,0,1,,38,163,35,18,16,5,16,,2,36,8.54595,3.78116,2.26014,1.089,0.221909,0.0981839,0.12372542172670364,0.241496,1.34219,0.291552,0.74537,,,4.1916,0.0482097,0.0231991,999,,,,,,,150.7,3.96578947368421,147,3.8684210526315788,,,,,,,,,,,,,,,,,,,"Bryan Hudson","19924",663542
"Kevin Kelly","TBR",2,2,0,4.03872,44,0,0,1,,44,187,45,21,20,6,12,,2,37,7.66906,2.35604,3.25507,1.145,0.200844,0.061702,0.1391422562301159,0.260353,1.28495,0.30365,0.720846,,,4.02307,0.047739,0.0168587,999,,,,,,,170.8,3.8818181818181823,178,4.045454545454546,,,,,,,,,,,,,,,,,,,"Kevin Kelly","25679",687330
"Evan Sisk","PIT",3,3,0,3.81235,52,0,0,7,,52,224,50,24,22,5,23,,2,47,8.21257,3.90259,2.10439,0.836,0.211428,0.10047,0.11095809191465378,0.248825,1.38855,0.304354,0.734801,,,3.95222,0.0465113,0.0770367,999,,,,,,,240.3,4.621153846153846,242,4.653846153846154,,,,,,,,,,,,,,,,,,,"Evan Sisk","24995",681895
"Michel Otañez","TEX",2,2,0,3.77692,40,0,0,1,,40,173,33,18,17,4,21,,2,47,10.5206,4.7396,2.21972,0.964,0.270262,0.121755,0.1485070288181305,0.221895,1.35672,0.293314,0.747326,,,3.94251,0.0463102,0.0413378,999,,,,,,,190,4.75,177,4.425,,,,,,,,,,,,,,,,,,,"Michel Otanez","22533",671305
"Jack Dreyer","LAD",2,2,0,4.0621,44,0,0,1,,44,188,41,21,20,6,17,,1,43,8.72787,3.52718,2.47446,1.285,0.226537,0.09155,0.13498695194721222,0.241049,1.32172,0.286736,0.745796,,,4.32219,0.0443544,0.0334676,999,,,,,,,181.20000000000002,4.118181818181818,178,4.045454545454546,,,,,,,,,,,,,,,,,,,"Jack Dreyer","30249",676263
"Ryan Webb","CLE",0,1,1,4.63699,2,2,0,0,,9,41,10,5,5,1,4,,1,7,6.87008,3.82222,1.7974,1.205,0.172822,0.0961506,0.07667090743780136,0.263911,1.46388,0.297755,0.711153,,,4.78682,0.0442042,0.0447967,999,,,,,,,27.30000000000001,3.0333333333333345,31,3.4444444444444446,,,,,,,,,,,,,,,,,,,"Ryan Webb","sa3018280",669067
"Andrew Morris","MIN",1,1,0,3.9145,28,0,0,1,,28,118,28,13,12,3,7,,1,24,7.75257,2.33193,3.32453,1.084,0.20441,0.0614853,0.1429242119193077,0.25564,1.26041,0.300122,0.72271,,,3.86975,0.0440546,0.0232236,999,,,,,,,125.50000000000001,4.482142857142858,129,4.607142857142857,,,,,,,,,,,,,,,,,,,"Andrew Morris","sa3020569",702193
"Brody Hopkins","TBR",0,1,1,4.82943,2,2,0,0,,9,41,9,5,5,1,4,,1,8,7.46267,4.15361,1.79667,1.321,0.186817,0.10398,0.08283761888742447,0.260013,1.47962,0.296408,0.708311,,,4.95356,0.0437435,0.0557079,999,,,,,,,31.900000000000013,3.544444444444446,33,3.6666666666666665,,,,,,,,,,,,,,,,,,,"Brody Hopkins","sa3023515",811315
"Keaton Winn","SFG",1,1,0,3.62352,28,0,0,1,,28,118,27,12,11,3,8,,1,26,8.40912,2.53691,3.31471,0.93,0.222188,0.0670307,0.15515685081481934,0.247413,1.24104,0.301446,0.730102,,,3.59515,0.0434145,0.0422373,732.3300170898438,,,,,,,129.10000000000002,4.610714285714287,130,4.642857142857143,,,,,,,,,,,,,,,,,,,"Keaton Winn","23499",676775
"Nestor German","BAL",1,1,1,4.8361,2,2,0,0,,9,40,10,5,5,2,3,,0,7,7.10253,3.24396,2.18947,1.465,0.180878,0.0826127,0.09826499223709106,0.266178,1.41673,0.296217,0.707839,,,4.85682,0.0427554,0.0457528,999,,,,,,,21.000000000000007,2.333333333333334,24,2.6666666666666665,,,,,,,,,,,,,,,,,,,"Nestor German","sa3023517",815148
"Carlos Carrasco","ATL",0,1,1,4.94577,2,2,0,0,,9,38,10,5,5,1,3,,0,6,6.50831,2.9502,2.20606,1.413,0.164516,0.0745748,0.08994137495756149,0.277596,1.4455,0.305352,0.698097,,,4.83753,0.0420659,0.068019,999,,,,,,,31.30000000000001,3.477777777777779,35,3.888888888888889,,,,,,,,,,,,,,,,,,,"Carlos Carrasco","6632",471911
"Josh White","MIA",2,2,0,3.91803,44,0,0,1,,44,188,40,21,19,5,18,,2,45,9.13752,3.7721,2.42239,1.064,0.23727,0.0979488,0.13932152092456818,0.236599,1.32248,0.292459,0.736424,,,4.02413,0.0420467,0.038816,999,,,,,,,194.10000000000002,4.411363636363637,189,4.295454545454546,,,,,,,,,,,,,,,,,,,"Josh White","sa3019953",687985
"Scott Alexander",,2,2,0,4.03779,35,0,0,0,,35,152,36,17,16,4,13,,1,26,6.75077,3.32223,2.032,0.936,0.17327,0.0852708,0.08799920976161957,0.264986,1.40734,0.30491,0.726237,,,4.2201,0.0416639,0.147511,999,,,,,,,126.20000000000002,3.6057142857142863,133,3.8,,,,,,,,,,,,,,,,,,,"Scott Alexander","10591",518397
"Elvis Alvarado","ATH",3,3,0,4.32682,58,0,3,10,,58,253,53,30,28,8,29,,3,58,8.93629,4.44723,2.00941,1.183,0.227379,0.113157,0.11422170698642731,0.240546,1.4142,0.292023,0.729801,,,4.48384,0.0409545,0.065932,731.6699829101562,,,,,,,268.00000000000006,4.620689655172415,261,4.5,,,,,,,,,,,,,,,,,,,"Elvis Alvarado","21662",665660
"Pete Hansen","STL",0,1,1,4.50461,2,2,0,0,,9,40,10,5,5,1,3,,0,6,5.66423,2.99045,1.89411,1.228,0.144374,0.0762229,0.06815144419670105,0.270637,1.41118,0.292622,0.712654,,,4.76823,0.0398751,0.0529311,999,,,,,,,31.30000000000001,3.477777777777779,35,3.888888888888889,,,,,,,,,,,,,,,,,,,"Pete Hansen","sa3020798",677337
"Will Klein","LAD",3,2,0,4.05397,50,0,0,5,,50,218,44,24,23,6,27,,2,54,9.69989,4.85302,1.99874,1.078,0.247455,0.123806,0.12364926934242249,0.231077,1.41029,0.292098,0.74276,,,4.29419,0.0398739,0.0990634,999,,,,,,,222.79999999999998,4.4559999999999995,213,4.26,,,,,,,,,,,,,,,,,,,"Will Klein","27787",694361
"Sean Guenther","DET",1,1,0,3.79806,22,0,0,1,,22,94,22,10,9,2,7,,1,18,7.22393,2.93498,2.46132,0.927,0.187822,0.0763096,0.11151282489299774,0.256085,1.32652,0.299047,0.731253,,,3.9696,0.0390726,0.0202052,999,,,,,,,97.00000000000001,4.40909090909091,100,4.545454545454546,,,,,,,,,,,,,,,,,,,"Sean Guenther","20045",674944
"Yariel Rodríguez","TOR",2,2,0,3.97628,36,0,0,1,,36,155,33,17,16,4,15,,2,37,9.32218,3.81945,2.44071,1.111,0.240822,0.0986689,0.14215345680713654,0.236273,1.32924,0.292612,0.737034,,,4.08239,0.0390681,0.00556735,681.0700073242188,,,,,,,158.40000000000003,4.400000000000001,155,4.305555555555555,,,,,,,,,,,,,,,,,,,"Yariel Rodriguez","33838",684320
"Randy Dobnak","SEA",1,1,1,4.14323,16,2,0,1,,23,101,24,12,11,3,8,,1,17,6.68833,3.18304,2.10124,1.048,0.1714,0.0815708,0.0898289605975151,0.260887,1.37996,0.295957,0.720578,,,4.36842,0.0378004,-0.0100128,999,,,,,,,81.9,3.5608695652173914,87,3.782608695652174,,,,,,,,,,,,,,,,,,,"Randy Dobnak","23798",677976
"Chayce McDermott","BAL",1,1,1,4.60468,16,2,0,1,,23,102,22,13,12,3,12,,1,22,8.71522,4.53979,1.91974,1.32,0.219791,0.11449,0.10530100017786026,0.24525,1.45022,0.291501,0.724966,,,4.75313,0.0375979,0.0057382,999,,,,,,,85.10000000000001,3.7,85,3.6956521739130435,,,,,,,,,,,,,,,,,,,"Chayce McDermott","29866",694646
"Walbert Urena","LAA",1,1,1,4.66821,16,2,0,1,,23,104,24,13,12,3,12,,1,17,6.64196,4.57863,1.45064,1.052,0.165136,0.113837,0.051299698650836945,0.267637,1.55492,0.30428,0.712732,,,4.8589,0.0370312,0.0319809,999,,,,,,,69.9,3.039130434782609,75,3.260869565217391,,,,,,,,,,,,,,,,,,,"Walbert Urena","sa3018298",700712
"JT Brubaker","SFG",3,3,0,4.06684,53,0,0,5,,53,228,53,26,24,7,18,,2,47,7.99523,2.97849,2.68432,1.122,0.206099,0.076779,0.12932045757770538,0.253112,1.32698,0.298196,0.726649,,,4.10466,0.036472,0.00178157,999,,,,,,,222.3,4.194339622641509,228,4.30188679245283,,,,,,,,,,,,,,,,,,,"JT Brubaker","17578",664141
"Luinder Avila","KCR",2,2,0,3.98817,42,0,0,1,,42,181,41,20,19,4,17,,2,38,8.14901,3.59764,2.2651,0.927,0.210154,0.0927795,0.1173749566078186,0.25031,1.36619,0.302692,0.723516,,,4.00557,0.0352653,0.0378804,999,,,,,,,178.00000000000003,4.238095238095239,181,4.309523809523809,,,,,,,,,,,,,,,,,,,"Luinder Avila","24452",679883
"Tayler Saucedo",,2,2,0,4.00347,35,0,0,0,,35,152,34,17,16,4,15,,2,30,7.8173,3.93375,1.98724,0.941,0.200122,0.100704,0.0994187444448471,0.251993,1.40807,0.300834,0.731398,,,4.21828,0.0352451,0.147398,999,,,,,,,130.4,3.725714285714286,132,3.7714285714285714,,,,,,,,,,,,,,,,,,,"Tayler Saucedo","17888",642048
"Kendry Rojas","MIN",2,2,0,3.97461,42,0,0,1,,42,180,40,20,19,5,16,,2,39,8.30904,3.33208,2.49365,1.079,0.215204,0.0863009,0.128903329372406,0.24813,1.33234,0.297151,0.734005,,,4.08498,0.0352147,0.0193799,999,,,,,,,173.3,4.126190476190477,173,4.119047619047619,,,,,,,,,,,,,,,,,,,"Kendry Rojas","sa3016746",696070
"John Klein","MIN",2,3,0,4.21673,50,0,0,4,,50,215,49,25,23,7,17,,3,45,8.07777,3.07469,2.62718,1.19,0.208945,0.0795318,0.12941283732652664,0.250374,1.31746,0.294171,0.718966,,,4.2531,0.0349294,0.0177549,999,,,,,,,202.49999999999997,4.05,205,4.1,,,,,,,,,,,,,,,,,,,"John Klein","sa3020405",804619
"Manuel Rodríguez","TBR",1,1,0,3.84391,16,0,0,1,,16,68,16,7,7,2,5,,1,15,8.32123,3.08453,2.69773,0.983,0.21737,0.0805748,0.13679468631744385,0.251475,1.31402,0.304772,0.729869,,,3.87922,0.0347937,0.0258532,747.9299926757812,,,,,,,68.20000000000002,4.262500000000001,70,4.375,,,,,,,,,,,,,,,,,,,"Manuel Rodriguez","20794",655889
"David Morgan","SDP",3,3,0,4.0426,64,0,0,14,,64,276,59,31,29,8,27,,3,62,8.75983,3.78364,2.31518,1.116,0.225809,0.0975339,0.12827500700950623,0.240912,1.34567,0.292074,0.734215,,,4.20956,0.0347043,0.170617,999,,,,,,,311.80000000000007,4.871875000000001,306,4.78125,,,,,,,,,,,,,,,,,,,"David Morgan","31616",688158
"Austin Warren","NYM",2,2,0,4.06171,44,0,0,1,,44,189,42,21,20,6,16,,2,40,8.09264,3.22859,2.50656,1.175,0.209869,0.0837278,0.1261407434940338,0.245931,1.3135,0.288941,0.730992,,,4.24064,0.0327746,0.00578906,999,,,,,,,172.60000000000002,3.9227272727272733,172,3.909090909090909,,,,,,,,,,,,,,,,,,,"Austin Warren","24937",681810
"Luke Jackson",,2,3,0,4.26048,52,0,0,0,,52,227,50,27,25,6,24,,2,48,8.25137,4.14294,1.99167,1.036,0.210135,0.105507,0.1046280711889267,0.250529,1.42747,0.301234,0.72263,,,4.30575,0.0326088,0.0229661,999,,,,,,,199,3.826923076923077,200,3.8461538461538463,,,,,,,,,,,,,,,,,,,"Luke Jackson","11752",592426
"Matt Festa","CLE",3,3,0,4.14843,58,0,0,12,,58,248,54,29,27,8,22,,3,55,8.534,3.37753,2.5267,1.201,0.22141,0.0876281,0.1337818056344986,0.243238,1.31406,0.289913,0.726211,,,4.24291,0.0322877,0.0156846,749.5999755859375,,,,,,,273.4000000000001,4.713793103448277,269,4.637931034482759,,,,,,,,,,,,,,,,,,,"Matt Festa","19330",670036
"Joel Payamps","ATL",3,3,0,4.14232,58,0,0,12,,58,248,57,29,27,8,19,,2,53,8.24392,2.9556,2.78926,1.185,0.214068,0.0767472,0.13732033967971802,0.252613,1.31571,0.299099,0.724947,,,4.12665,0.0315671,0.130099,999,,,,,,,273.6000000000001,4.717241379310346,277,4.775862068965517,,,,,,,,,,,,,,,,,,,"Joel Payamps","14332",606303
"José Suarez","ATL",2,1,0,3.71337,30,0,0,1,,30,126,28,13,12,4,9,,1,30,8.87859,2.83638,3.13025,1.109,0.234889,0.0750383,0.15985062718391418,0.243355,1.25081,0.297041,0.746249,,,3.82927,0.0300348,0.0635921,999,,,,,,,134,4.466666666666667,132,4.4,,,,,,,,,,,,,,,,,,,"Jose Suarez","19911",660761
"Nick Raquet","STL",2,3,0,4.06714,50,0,0,5,,50,216,51,25,23,6,18,,2,39,6.95023,3.22783,2.15322,1.058,0.178698,0.0829912,0.09570705890655518,0.258075,1.36947,0.295102,0.728992,,,4.33305,0.0298397,0.00783342,999,,,,,,,201.6,4.032,210,4.2,,,,,,,,,,,,,,,,,,,"Nick Raquet","20333",675919
"Yoniel Curet","PHI",1,1,1,4.7239,10,2,0,1,,17,77,16,10,9,3,9,,1,16,8.21478,4.59437,1.78801,1.326,0.205594,0.114985,0.09060931205749512,0.246415,1.46136,0.287108,0.716462,,,4.96724,0.0290985,0.0777417,999,,,,,,,53.300000000000004,3.1352941176470592,52,3.0588235294117645,,,,,,,,,,,,,,,,,,,"Yoniel Curet","sa3015446",692414
"Dylan Ross","NYM",2,2,0,3.83818,42,0,0,1,,42,181,37,19,18,5,20,,2,44,9.38132,4.38574,2.13905,0.992,0.241621,0.112957,0.12866366654634476,0.231723,1.36513,0.291238,0.744784,,,4.0608,0.0284311,0.0386797,999,,,,,,,179.10000000000002,4.264285714285715,171,4.071428571428571,,,,,,,,,,,,,,,,,,,"Dylan Ross","sa3025659",697811
"Travis Adams","MIN",3,4,1,4.45289,58,2,0,10,,65,282,68,35,32,9,22,,3,52,7.12864,2.98094,2.39141,1.224,0.182675,0.0763882,0.10628695040941238,0.263256,1.37484,0.298932,0.711253,,,4.43398,0.0278552,-0.0310627,999,,,,,,,262.5,4.038461538461538,277,4.2615384615384615,,,,,,,,,,,,,,,,,,,"Travis Adams","30180",701519
"Dylan Dodd","ATL",3,2,0,3.88485,50,0,0,7,,50,211,50,23,22,6,13,,2,43,7.69255,2.32137,3.3138,1.156,0.202827,0.0612067,0.14162000641226768,0.257411,1.26736,0.299829,0.735453,,,3.97334,0.0274225,0.0651328,999,,,,,,,235.2,4.704,241,4.82,,,,,,,,,,,,,,,,,,,"Dylan Dodd","29928",689266
"DL Hall","MIL",3,3,0,3.88571,52,0,0,7,,52,223,47,24,22,6,22,,2,52,8.98011,3.78566,2.37214,1.095,0.232984,0.0982169,0.13476727157831192,0.237821,1.32849,0.291404,0.744168,,,4.11692,0.0271457,0.0557143,734.1300048828125,,,,,,,248.8,4.7846153846153845,242,4.653846153846154,,,,,,,,,,,,,,,,,,,"DL Hall","22207",669084
"Anthony Nunez","BAL",2,2,0,4.01871,34,0,0,1,,34,147,31,16,15,4,15,,2,35,9.31537,3.96887,2.34711,1.067,0.23982,0.102177,0.13764318823814392,0.241009,1.36373,0.300623,0.735223,,,4.06801,0.0268616,0.0101278,999,,,,,,,144.80000000000004,4.258823529411766,141,4.147058823529412,,,,,,,,,,,,,,,,,,,"Anthony Nunez","sa3010171",689296
"Ryan Watson","BOS",2,3,0,4.33111,50,0,0,4,,50,216,51,26,24,6,18,,2,42,7.54223,3.29499,2.289,1.136,0.193919,0.0847179,0.10920137912034988,0.259691,1.38356,0.301735,0.71589,,,4.31071,0.02665,0.0137291,999,,,,,,,203.6,4.072,212,4.24,,,,,,,,,,,,,,,,,,,"Ryan Watson","sa3015070",670245
"Chris Murphy","CHW",2,2,0,4.04379,40,0,0,1,,40,173,38,19,18,5,18,,2,37,8.36404,4.05214,2.06411,1.08,0.214399,0.10387,0.11052858829498291,0.245212,1.39019,0.294536,0.739093,,,4.34071,0.0262327,0.0223832,999,,,,,,,153.7,3.8425,153,3.825,,,,,,,,,,,,,,,,,,,"Chris Murphy","26214",669684
"Lake Bachar","MIA",3,3,0,4.22743,56,0,0,10,,56,242,52,28,26,8,23,,2,54,8.71574,3.63817,2.39564,1.255,0.224478,0.0937029,0.13077553361654282,0.241841,1.34078,0.288314,0.731083,,,4.33574,0.0257022,0.116143,999,,,,,,,253.80000000000013,4.532142857142859,249,4.446428571428571,,,,,,,,,,,,,,,,,,,"Lake Bachar","19222",669199
"Zak Kent","STL",2,2,0,4.01576,40,0,0,1,,40,173,38,19,18,5,17,,2,37,8.30272,3.78947,2.191,1.022,0.213011,0.0972211,0.11579012125730515,0.24552,1.37056,0.295258,0.731615,,,4.15695,0.0255942,0.0155163,999,,,,,,,156.7,3.9174999999999995,156,3.9,,,,,,,,,,,,,,,,,,,"Zak Kent","25703",687849
"Scott McGough",,2,2,0,4.39173,32,0,0,0,,32,139,32,17,16,4,13,,1,28,7.88656,3.65422,2.1582,1.244,0.201458,0.0933451,0.10811258852481842,0.254005,1.39819,0.29532,0.724677,,,4.51031,0.0254374,-0.0290381,999,,,,,,,118.40000000000002,3.7000000000000006,122,3.8125,,,,,,,,,,,,,,,,,,,"Scott McGough","12056",543518
"Philip Abner","ARI",2,2,0,4.11038,42,0,0,1,,42,182,41,21,19,5,17,,2,38,8.12655,3.67329,2.21234,1.03,0.208671,0.0943216,0.11434962600469589,0.252228,1.38584,0.301958,0.727777,,,4.16969,0.025326,0.00560516,999,,,,,,,165.70000000000002,3.9452380952380954,168,4,,,,,,,,,,,,,,,,,,,"Philip Abner","33821",691769
"Steven Cruz","KCR",2,2,0,4.20346,45,0,0,1,,45,195,43,23,21,5,19,,2,42,8.41716,3.89502,2.16101,1.052,0.215946,0.0999287,0.11601775884628296,0.247659,1.38752,0.29892,0.722506,,,4.21173,0.024597,-0.00696854,999,,,,,,,184.7,4.104444444444444,185,4.111111111111111,,,,,,,,,,,,,,,,,,,"Steven Cruz","23165",674444
"Beau Brieske","DET",2,3,0,4.31256,50,0,0,4,,50,217,48,26,24,7,20,,2,45,8.14068,3.67259,2.2166,1.223,0.208492,0.0940591,0.11443252861499786,0.247604,1.37282,0.290224,0.726519,,,4.41878,0.0234146,-0.0523799,999,,,,,,,199.09999999999997,3.9819999999999993,199,3.98,,,,,,,,,,,,,,,,,,,"Beau Brieske","26079",689225
"Riley Cornelio","WSN",1,2,1,4.98633,11,3,0,1,,26,117,28,16,15,4,12,,1,19,6.49174,4.01464,1.61702,1.409,0.162906,0.100745,0.062161557376384735,0.264612,1.49039,0.289292,0.706453,,,5.17111,0.0231936,0.0189566,999,,,,,,,73.39999999999999,2.823076923076923,81,3.1153846153846154,,,,,,,,,,,,,,,,,,,"Riley Cornelio","sa3020830",683000
"Michael Tonkin","MIN",2,2,0,4.32573,37,0,0,0,,37,160,36,19,18,5,13,,2,34,8.1819,3.17496,2.57701,1.22,0.21082,0.0818078,0.1290118545293808,0.250979,1.33154,0.295331,0.714903,,,4.31646,0.0226656,0.0399705,999,,,,,,,141.70000000000002,3.8297297297297304,143,3.864864864864865,,,,,,,,,,,,,,,,,,,"Michael Tonkin","10315",543859
"Alex Carrillo","NYM",2,2,0,4.05574,32,0,0,1,,32,138,28,16,14,4,15,,1,33,9.3742,4.19504,2.23459,1.158,0.241021,0.107859,0.13316171616315842,0.232575,1.35277,0.286889,0.740268,,,4.25218,0.0226153,-0.0186773,999,,,,,,,136.8,4.275,130,4.0625,,,,,,,,,,,,,,,,,,,"Alex Carrillo","26463",692024
"Trenton Denholm","CLE",0,1,1,4.90938,2,2,0,0,,9,40,10,5,5,2,3,,0,6,5.64366,2.52904,2.23154,1.508,0.144413,0.0647147,0.07969872653484344,0.27565,1.39026,0.291591,0.697102,,,5.01337,0.0222829,0.0448557,999,,,,,,,19.000000000000007,2.111111111111112,22,2.4444444444444446,,,,,,,,,,,,,,,,,,,"Trenton Denholm","sa3018139",671143
"Jonathan Pintaro","NYM",1,1,0,3.69347,26,0,0,1,,26,111,23,12,11,3,11,,1,26,8.91325,3.6747,2.42557,0.952,0.23224,0.0957465,0.13649366050958633,0.235724,1.30509,0.292072,0.740879,,,3.90946,0.0222212,0.0164247,999,,,,,,,115.7,4.45,111,4.269230769230769,,,,,,,,,,,,,,,,,,,"Jonathan Pintaro","33980",702752
"Jorge López",,2,2,0,4.19506,34,0,0,0,,34,147,34,17,16,4,13,,2,29,7.68571,3.35764,2.28902,1.056,0.197181,0.0861419,0.11103904992341995,0.257661,1.37768,0.303067,0.718759,,,4.24828,0.0214604,0.0883874,999,,,,,,,127.00000000000003,3.7352941176470598,131,3.8529411764705883,,,,,,,,,,,,,,,,,,,"Jorge Lopez","14527",605347
"Connor Phillips","CIN",3,3,0,4.37686,58,0,1,12,,58,253,53,30,28,8,27,,3,62,9.63105,4.2428,2.26998,1.311,0.245163,0.108003,0.1371607482433319,0.238348,1.38642,0.293287,0.732333,,,4.46658,0.0211484,0.148187,594.8699951171875,,,,,,,280.00000000000006,4.8275862068965525,273,4.706896551724138,,,,,,,,,,,,,,,,,,,"Connor Phillips","27649",683175
"Shane Drohan","BOS",1,1,0,3.97361,22,0,0,1,,22,94,20,10,10,3,9,,1,22,8.91086,3.56408,2.50018,1.115,0.231188,0.0924685,0.13871978223323822,0.242085,1.32689,0.295463,0.73743,,,4.07762,0.0210568,0.0359672,999,,,,,,,91.9,4.177272727272728,89,4.045454545454546,,,,,,,,,,,,,,,,,,,"Shane Drohan","sa3014447",675660
"Carlos Hernández","CLE",1,1,0,4.11784,22,0,0,1,,22,95,20,11,10,3,9,,1,22,9.11246,3.80999,2.39173,1.17,0.235708,0.0985514,0.1371568962931633,0.237267,1.33355,0.289638,0.732412,,,4.17798,0.0205898,-0.0144373,999,,,,,,,91.9,4.177272727272728,89,4.045454545454546,,,,,,,,,,,,,,,,,,,"Carlos Hernandez","22713",672578
"Griff McGarry","WSN",2,3,0,4.05255,52,0,0,7,,52,227,45,25,23,6,28,,2,55,9.57624,4.86263,1.96935,1.038,0.244194,0.123997,0.12019684165716171,0.230568,1.40978,0.290988,0.739926,,,4.2652,0.020532,0.0409533,999,,,,,,,242,4.653846153846154,230,4.423076923076923,,,,,,,,,,,,,,,,,,,"Griff McGarry","sa3017130",676046
"Chase Lee","TOR",1,1,0,3.95313,25,0,0,1,,25,106,24,12,11,3,8,,1,24,8.57815,2.94005,2.91769,1.141,0.223985,0.0767679,0.14721711724996567,0.246267,1.28301,0.295908,0.73073,,,3.99294,0.0204886,-0.00240242,999,,,,,,,110.69999999999999,4.428,111,4.44,,,,,,,,,,,,,,,,,,,"Chase Lee","29574",695445
"Troy Watson","DET",0,1,1,4.99762,2,2,0,0,,9,41,10,6,5,1,4,,0,6,6.1039,3.7885,1.61117,1.344,0.152531,0.094671,0.05785960704088211,0.270098,1.4987,0.293554,0.700241,,,5.0885,0.0202428,-0.0447976,999,,,,,,,28.30000000000001,3.1444444444444457,32,3.5555555555555554,,,,,,,,,,,,,,,,,,,"Troy Watson","sa3007249",681890
"Richard Lovelady","NYM",3,2,0,3.81799,52,0,0,7,,52,222,49,24,22,6,19,,3,47,8.07907,3.30681,2.44316,0.999,0.210056,0.0859771,0.12407906353473663,0.246682,1.31742,0.295169,0.735691,,,4.04999,0.0193381,0.0328738,999,,,,,,,239.6,4.607692307692307,238,4.576923076923077,,,,,,,,,,,,,,,,,,,"Richard Lovelady","19337",663992
"Colin Holderman","CLE",2,2,0,3.99999,42,0,0,1,,42,181,39,20,19,5,18,,2,41,8.72524,3.78373,2.30599,1.015,0.225208,0.0976621,0.12754575908184052,0.24249,1.34975,0.296907,0.728134,,,4.0793,0.0184665,0.00358769,999,,,,,,,173.9,4.140476190476191,171,4.071428571428571,,,,,,,,,,,,,,,,,,,"Colin Holderman","22361",670059
"Evan Reifert","TBR",1,1,0,4.02495,22,0,0,1,,22,95,20,11,10,3,11,,1,23,9.6021,4.29975,2.23318,1.096,0.246454,0.11036,0.13609378784894943,0.236244,1.37694,0.297004,0.740368,,,4.15286,0.0177245,-0.00698634,999,,,,,,,87.9,3.9954545454545456,85,3.8636363636363638,,,,,,,,,,,,,,,,,,,"Evan Reifert","sa3014860",682126
"Sammy Peralta","MIL",1,1,0,4.07948,22,0,0,1,,22,94,22,11,10,3,7,,1,18,7.51917,2.97581,2.52677,1.173,0.19458,0.0770074,0.11757232248783112,0.254437,1.32822,0.293491,0.731223,,,4.27747,0.0170857,-0.00251092,999,,,,,,,84.7,3.85,87,3.9545454545454546,,,,,,,,,,,,,,,,,,,"Sammy Peralta","25589",671111
"Welinton Herrera","COL",1,1,0,4.4452,26,0,0,1,,26,114,26,14,13,3,12,,1,25,8.53183,4.09008,2.08598,1.124,0.215571,0.103343,0.11222798377275467,0.258509,1.46112,0.312548,0.721851,,,4.37302,0.0168781,0.0231747,999,,,,,,,102.9,3.957692307692308,106,4.076923076923077,,,,,,,,,,,,,,,,,,,"Welinton Herrera","sa3016061",700327
"Drew Sommers","DET",1,1,0,3.73121,23,0,0,1,,23,99,23,11,10,2,9,,1,19,7.46061,3.53567,2.1101,0.814,0.192401,0.0911812,0.101220041513443,0.253565,1.3732,0.301984,0.735252,,,3.97963,0.0166093,0.00396933,999,,,,,,,97.80000000000003,4.252173913043479,101,4.391304347826087,,,,,,,,,,,,,,,,,,,"Drew Sommers","32026",805427
"Danny Young","ATL",1,1,0,3.77238,20,0,0,1,,20,87,19,9,8,2,9,,1,20,9.21087,3.95505,2.32889,0.885,0.236309,0.101469,0.13484033942222595,0.242531,1.36747,0.306764,0.739382,,,3.88009,0.0164749,0.0321734,999,,,,,,,88,4.4,88,4.4,,,,,,,,,,,,,,,,,,,"Danny Young","18439",664849
"Edgardo Henriquez","LAD",2,2,0,4.1474,34,0,0,1,,34,147,31,17,16,5,16,,2,35,9.23201,4.17386,2.21187,1.202,0.237776,0.1075,0.13027583807706833,0.236649,1.36382,0.289902,0.737417,,,4.35191,0.0164702,0.00246627,999,,,,,,,129.50000000000003,3.8088235294117654,125,3.676470588235294,,,,,,,,,,,,,,,,,,,"Edgardo Henriquez","26944",683618
"Trevor Williams","WSN",1,1,0,4.0801,18,0,0,1,,18,76,18,9,8,3,4,,1,16,7.766,2.1733,3.57337,1.289,0.204245,0.0571575,0.14708729460835457,0.254835,1.24779,0.293293,0.72672,,,4.09898,0.0155722,0.00367683,999,,,,,,,70.50000000000001,3.9166666666666674,72,4,,,,,,,,,,,,,,,,,,,"Trevor Williams","16977",592866
"Gordon Graceffo","STL",3,3,0,4.06187,60,0,0,13,,60,257,61,29,27,7,18,,2,48,7.14879,2.66952,2.67793,1.102,0.185789,0.0693778,0.11641120165586472,0.258868,1.31727,0.296829,0.722518,,,4.13595,0.0146795,0.142756,999,,,,,,,287.29999999999995,4.788333333333332,297,4.95,,,,,,,,,,,,,,,,,,,"Gordon Graceffo","29519",700669
"Didier Fuentes","ATL",1,0,0,4.02474,10,0,0,1,,10,42,9,5,4,1,3,,0,10,9.05382,2.93148,3.08848,1.22,0.238113,0.0770971,0.16101590543985367,0.243326,1.26337,0.295765,0.73038,,,3.99939,0.0145519,0.000832374,693.5999755859375,,,,,,,53.300000000000004,5.33,52,5.2,,,,,,,,,,,,,,,,,,,"Didier Fuentes","30661",800311
"Grant Wolfram","BAL",2,2,0,4.18184,38,0,0,1,,38,165,37,19,18,5,16,,2,34,8.07113,3.77053,2.14058,1.14,0.206351,0.0963996,0.10995178669691086,0.252368,1.39935,0.298368,0.733804,,,4.37162,0.0141545,-0.0238328,999,,,,,,,141.5,3.723684210526316,143,3.763157894736842,,,,,,,,,,,,,,,,,,,"Grant Wolfram","21623",664991
"Ron Marinaccio","SDP",3,3,0,4.33346,54,0,0,10,,54,236,51,28,26,7,24,,3,50,8.32757,4.04623,2.0581,1.174,0.211983,0.102999,0.10898368805646896,0.244196,1.39089,0.289698,0.722617,,,4.51093,0.0140559,-0.0545913,999,,,,,,,239.9,4.442592592592593,238,4.407407407407407,,,,,,,,,,,,,,,,,,,"Ron Marinaccio","23488",676760
"K.C. Hunt","MIL",1,1,0,3.91149,14,0,0,1,,14,59,13,7,6,2,4,,0,13,8.30732,2.78781,2.97987,1.176,0.218851,0.0734432,0.14540789276361465,0.245429,1.26039,0.290805,0.733949,,,4.02059,0.013973,-0.00159344,999,,,,,,,63.20000000000003,4.514285714285717,62,4.428571428571429,,,,,,,,,,,,,,,,,,,"K.C. Hunt","sa3022937",687268
"Gregory Santos","SFG",1,1,0,3.7223,24,0,0,1,,24,103,23,11,10,2,10,,1,23,8.58604,3.74899,2.29023,0.795,0.221711,0.0968074,0.12490364909172058,0.245336,1.35928,0.305113,0.732212,,,3.75641,0.0139448,0.012782,999,,,,,,,110.20000000000003,4.591666666666668,111,4.625,,,,,,,,,,,,,,,,,,,"Gregory Santos","21894",666619
"Bobby Miller","LAD",1,1,0,4.07777,26,0,0,1,,26,111,24,13,12,3,11,,1,26,8.88404,3.6577,2.42886,1.194,0.230492,0.0948971,0.13559440523386002,0.242144,1.33503,0.293146,0.735798,,,4.22851,0.0138346,0.00201378,733.469970703125,,,,,,,113.1,4.35,111,4.269230769230769,,,,,,,,,,,,,,,,,,,"Bobby Miller","27483",676272
"Jhony Brito","SDP",1,1,0,4.01605,24,0,0,1,,24,102,24,12,11,3,8,,1,21,7.81406,2.95504,2.64432,1.12,0.20386,0.0770934,0.1267661228775978,0.251595,1.3078,0.2948,0.727343,,,4.11431,0.0136075,-0.0130595,999,,,,,,,97.30000000000001,4.054166666666667,100,4.166666666666667,,,,,,,,,,,,,,,,,,,"Jhony Brito","25386",666745
"Craig Yoho","MIL",2,2,0,3.94513,40,0,0,1,,40,172,36,19,18,5,18,,2,40,9.05218,4.06517,2.22677,1.027,0.233547,0.104881,0.12866513431072235,0.237552,1.35542,0.294147,0.736077,,,4.11374,0.0135405,0.0262303,999,,,,,,,164.9,4.1225000000000005,159,3.975,,,,,,,,,,,,,,,,,,,"Craig Yoho","33248",684974
"Peyton Gray","TEX",1,1,0,4.06374,16,0,0,1,,16,68,15,8,7,2,6,,1,15,8.54128,3.39064,2.51908,1.146,0.221788,0.0880434,0.1337447389960289,0.24563,1.32579,0.2948,0.730924,,,4.13821,0.0133303,-0.00867615,999,,,,,,,67.80000000000001,4.237500000000001,67,4.1875,,,,,,,,,,,,,,,,,,,"Peyton Gray","sa3008046",682608
"Sean Sullivan","PIT",0,1,1,5.17543,2,2,0,0,,9,41,10,6,5,1,4,,0,6,6.01637,3.49454,1.72165,1.441,0.150475,0.0874019,0.06307346373796463,0.2747,1.49129,0.295882,0.692836,,,5.16109,0.0131844,-0.0180844,999,,,,,,,28.30000000000001,3.1444444444444457,32,3.5555555555555554,,,,,,,,,,,,,,,,,,,"Sean Sullivan","sa3018185",696155
"Konnor Pilkington","WSN",3,3,0,4.04392,57,0,1,11,,57,248,52,28,26,7,27,,2,55,8.65743,4.34072,1.99447,1.093,0.221534,0.111074,0.110460065305233,0.240231,1.39906,0.291029,0.743215,,,4.36811,0.0131833,0.186009,999,,,,,,,272.49999999999994,4.780701754385964,266,4.666666666666667,,,,,,,,,,,,,,,,,,,"Konnor Pilkington","21453",663455
"José Buttó","SFG",3,3,0,3.98094,62,0,1,16,,62,268,59,30,27,7,24,,3,58,8.37602,3.48034,2.40667,1.021,0.215543,0.0895608,0.1259821504354477,0.246261,1.34432,0.296772,0.729307,,,4.03604,0.0122922,0.158803,745,,,,,,,323.29999999999995,5.2145161290322575,323,5.209677419354839,,,,,,,,,,,,,,,,,,,"Jose Butto","23313",676130
"Hayden Harris","ATL",2,2,0,3.89232,40,0,0,1,,40,172,36,19,17,5,18,,2,43,9.56738,4.0046,2.3891,1.064,0.246945,0.103363,0.1435818448662758,0.236105,1.3446,0.297221,0.744065,,,4.0292,0.0121686,0.0337802,999,,,,,,,170.9,4.2725,165,4.125,,,,,,,,,,,,,,,,,,,"Hayden Harris","31913",802686
"Marco Raya","MIN",1,1,0,4.14399,22,0,0,1,,22,95,21,11,10,2,9,,1,20,8.15224,3.71336,2.19538,1.016,0.208879,0.0951448,0.11373436450958252,0.251465,1.3874,0.301601,0.722726,,,4.17104,0.0119947,-0.00598842,999,,,,,,,97.60000000000002,4.436363636363637,98,4.454545454545454,,,,,,,,,,,,,,,,,,,"Marco Raya","sa3014550",694397
"Angel Bastardo","TOR",1,1,0,4.0193,16,0,0,1,,16,69,15,8,7,2,6,,1,16,8.7678,3.57486,2.45263,1.12,0.226792,0.092469,0.13432322442531586,0.242586,1.33352,0.294042,0.733845,,,4.11208,0.011852,-0.0113153,999,,,,,,,69.80000000000001,4.362500000000001,69,4.3125,,,,,,,,,,,,,,,,,,,"Angel Bastardo","sa3009716",682785
"Franco Aleman","CLE",1,1,0,4.0068,25,0,0,1,,25,108,23,12,11,3,11,,1,25,9.16582,3.92144,2.33736,1.087,0.236377,0.10113,0.13524676859378815,0.237912,1.34561,0.293866,0.734881,,,4.12033,0.0110257,-0.000841959,999,,,,,,,106.3,4.252,104,4.16,,,,,,,,,,,,,,,,,,,"Franco Aleman","sa3018178",680916
"Nick Burdi","NYM",1,1,0,3.77392,18,0,0,1,,18,77,15,8,8,2,8,,1,19,9.7366,4.1949,2.32106,1.013,0.251745,0.108461,0.14328338205814362,0.227003,1.3241,0.288342,0.745459,,,3.9878,0.0104953,0.0210932,999,,,,,,,84.60000000000002,4.700000000000001,79,4.388888888888889,,,,,,,,,,,,,,,,,,,"Nick Burdi","16074",595897
"Brendan Beck","NYY",1,1,0,4.05073,24,0,0,1,,24,101,23,12,11,4,7,,1,21,7.95683,2.51573,3.16284,1.329,0.209176,0.0661356,0.1430405229330063,0.24823,1.25061,0.285882,0.7343,,,4.23012,0.0101708,-0.0186017,999,,,,,,,90.60000000000004,3.7750000000000017,90,3.75,,,,,,,,,,,,,,,,,,,"Brendan Beck","sa3020680",694341
"John Brebbia","COL",1,1,0,4.89693,24,0,0,1,,24,105,25,14,13,4,9,,1,23,8.54711,3.21277,2.66035,1.533,0.217287,0.081676,0.13561084866523743,0.261872,1.39695,0.304998,0.708373,,,4.64801,0.00972392,-0.00756354,999,,,,,,,83.40000000000003,3.4750000000000014,88,3.6666666666666665,,,,,,,,,,,,,,,,,,,"John Brebbia","12777",605154
"AJ Smith-Shawver","ATL",0,0,0,3.79282,6,0,0,1,,6,25,5,3,3,1,2,,0,7,10.3122,3.32055,3.10557,1.133,0.272582,0.0877721,0.18481028825044632,0.229098,1.23957,0.294532,0.740791,,,3.68999,0.0089285,0.000499425,999,,,,,,,31.10000000000001,5.1833333333333345,29,4.833333333333333,,,,,,,,,,,,,,,,,,,"AJ Smith-Shawver","29960",700363
"Hunter Stratton","ATL",1,1,0,4.24477,26,0,0,1,,26,112,26,13,12,3,9,,1,24,8.22804,3.14076,2.61976,1.209,0.21274,0.0812059,0.1315343827009201,0.252491,1.33428,0.298191,0.721894,,,4.23817,0.008527,0.00216417,999,,,,,,,109.9,4.226923076923077,113,4.346153846153846,,,,,,,,,,,,,,,,,,,"Hunter Stratton","23455",676702
"Winston Santos","TEX",0,0,0,4.05219,10,0,0,1,,10,42,10,5,5,1,3,,1,9,8.43147,2.87352,2.9342,1.212,0.220529,0.0751583,0.14537089318037033,0.245708,1.27131,0.291588,0.726983,,,4.13252,0.00852009,-0.00542647,750,,,,,,,45.7,4.57,47,4.7,,,,,,,,,,,,,,,,,,,"Winston Santos","sa3015952",692437
"Connor Brogdon","CLE",2,3,0,4.24553,52,0,0,7,,52,223,49,26,25,8,20,,2,50,8.70165,3.43684,2.53187,1.302,0.225276,0.088976,0.13630005717277527,0.243251,1.32367,0.288795,0.730404,,,4.34251,0.00822299,-0.0344278,999,,,,,,,220.99999999999997,4.249999999999999,218,4.1923076923076925,,,,,,,,,,,,,,,,,,,"Connor Brogdon","21205",641401
"Sauryn Lao","WSN",2,2,0,4.15391,42,0,0,1,,42,179,42,21,19,6,13,,2,35,7.45239,2.84736,2.61729,1.205,0.194093,0.074158,0.11993516236543655,0.253585,1.30671,0.290971,0.722713,,,4.30223,0.00818496,0.00784647,999,,,,,,,156.8,3.7333333333333334,161,3.8333333333333335,,,,,,,,,,,,,,,,,,,"Sauryn Lao","21922",666659
"Brycen Mautz","STL",1,1,0,3.79853,18,0,0,1,,18,76,17,8,8,2,6,,1,16,7.8548,2.92625,2.68425,1.077,0.205446,0.0765373,0.12890827655792236,0.246551,1.28073,0.289907,0.73889,,,4.06213,0.00816859,0.0242584,999,,,,,,,79.40000000000002,4.411111111111112,79,4.388888888888889,,,,,,,,,,,,,,,,,,,"Brycen Mautz","sa3020710",802408
"Mason Fluharty","TOR",2,2,0,3.96696,42,0,0,1,,42,182,39,20,19,5,18,,2,43,9.11383,3.78673,2.40678,1.169,0.234022,0.0972345,0.13678772002458572,0.237775,1.33927,0.289891,0.746174,,,4.19087,0.00785627,0.00126683,999,,,,,,,177.9,4.235714285714286,175,4.166666666666667,,,,,,,,,,,,,,,,,,,"Mason Fluharty","31553",689254
"Rafael Montero",,3,3,0,4.28711,58,0,0,0,,58,254,55,30,28,7,28,,2,56,8.61775,4.3889,1.96353,1.077,0.218412,0.111234,0.10717807710170746,0.244659,1.43153,0.296401,0.725678,,,4.35416,0.00776258,0.0380469,999,,,,,,,222.10000000000002,3.8293103448275865,221,3.810344827586207,,,,,,,,,,,,,,,,,,,"Rafael Montero","12760",606160
"Osvaldo Bido","TBR",1,1,0,4.34583,14,0,0,1,,14,60,13,7,7,2,5,,1,13,8.60741,3.04181,2.8297,1.402,0.223886,0.0791201,0.14476624876260757,0.245817,1.29106,0.288351,0.723893,,,4.43105,0.00762091,-0.0044405,741.1300048828125,,,,,,,57.20000000000003,4.085714285714288,56,4,,,,,,,,,,,,,,,,,,,"Osvaldo Bido","23150",674370
"Yerry De los Santos","NYY",2,2,0,4.04377,40,0,0,1,,40,173,40,20,18,5,16,,1,32,7.29261,3.48867,2.09037,1.029,0.187015,0.0894651,0.09755003452301025,0.256078,1.38858,0.297109,0.730689,,,4.2728,0.0071971,-0.0311213,999,,,,,,,147.5,3.6875,152,3.8,,,,,,,,,,,,,,,,,,,"Yerry De los Santos","21420",660787
"Andrew Saalfrank","ARI",3,3,0,4.15214,63,0,20,8,,63,276,62,32,29,6,31,,2,55,7.87271,4.3637,1.80414,0.888,0.199442,0.110547,0.08889496326446533,0.255475,1.47252,0.307338,0.72708,,,4.22823,0.00667648,0.272368,714.7999877929688,,,,,,,374.2000000000001,5.939682539682542,380,6.031746031746032,,,,,,,,,,,,,,,,,,,"Andrew Saalfrank","26203",685314
"Paxton Schultz","TOR",1,1,0,4.28334,23,0,0,1,,23,99,22,12,11,3,8,,1,22,8.42623,3.17833,2.65115,1.353,0.21749,0.0820362,0.1354539915919304,0.246035,1.31697,0.287366,0.729812,,,4.37906,0.00635429,-0.0319542,999,,,,,,,97.10000000000001,4.221739130434783,97,4.217391304347826,,,,,,,,,,,,,,,,,,,"Paxton Schultz","25501",687606
"Ryan Lambert","NYM",1,1,0,3.97622,22,0,0,1,,22,95,19,10,10,3,11,,1,24,9.85173,4.41961,2.22909,1.129,0.253409,0.113683,0.13972662389278412,0.226675,1.34931,0.285565,0.744945,,,4.17691,0.0061118,0.0187474,999,,,,,,,92.5,4.204545454545454,87,3.9545454545454546,,,,,,,,,,,,,,,,,,,"Ryan Lambert","sa3025613",822038
"Nate Lavender","NYM",1,1,0,3.82391,12,0,0,1,,12,52,10,5,5,1,5,,1,13,9.49845,3.9792,2.38703,1.119,0.245905,0.103017,0.1428876593708992,0.22964,1.31521,0.285538,0.750937,,,4.1104,0.00608109,0.024688,999,,,,,,,62.500000000000014,5.208333333333335,59,4.916666666666667,,,,,,,,,,,,,,,,,,,"Nate Lavender","sa3017917",681320
"Brandyn Garcia","ARI",3,3,0,3.96696,54,0,0,10,,54,235,53,26,24,5,23,,3,48,7.95977,3.88827,2.04712,0.858,0.202974,0.0991508,0.10382329672574997,0.253539,1.41146,0.306628,0.727546,,,4.08835,0.0060686,0.174674,999,,,,,,,258.3,4.783333333333333,263,4.87037037037037,,,,,,,,,,,,,,,,,,,"Brandyn Garcia","33568",805299
"Cole Sulser","TBR",3,3,0,4.28816,55,0,0,10,,55,237,55,28,26,8,20,,2,49,7.93998,3.30275,2.40405,1.279,0.204587,0.085101,0.11948592215776443,0.25484,1.36324,0.296063,0.730055,,,4.42659,0.00605484,0.0128929,999,,,,,,,237.60000000000002,4.32,243,4.418181818181818,,,,,,,,,,,,,,,,,,,"Cole Sulser","15256",642121
"Chen Zhong-Ao Zhuang","ATH",0,0,0,4.15305,8,0,0,1,,8,34,8,4,4,1,2,,0,7,7.66957,2.2383,3.42652,1.353,0.202905,0.059216,0.14368880167603493,0.253962,1.24374,0.289723,0.725028,,,4.23056,0.00591165,0.00143647,999,,,,,,,38.10000000000001,4.762500000000001,39,4.875,,,,,,,,,,,,,,,,,,,"Chen Zhong-Ao Zhuang","sa3018174",800018
"Albert Suárez","BAL",1,1,0,4.16089,22,0,0,1,,22,94,22,11,10,3,6,,1,19,7.82497,2.5668,3.04853,1.226,0.20397,0.0669077,0.13706239312887192,0.258894,1.30636,0.301136,0.724289,,,4.12191,0.00583886,-0.0137486,999,,,,,,,89.7,4.077272727272727,92,4.181818181818182,,,,,,,,,,,,,,,,,,,"Albert Suarez","6175",544150
"Trey Supak","TEX",1,1,0,4.14943,18,0,0,1,,18,76,18,9,8,3,5,,1,15,7.3366,2.34765,3.12508,1.279,0.192382,0.0615608,0.13082166016101837,0.255104,1.26192,0.289516,0.720311,,,4.29154,0.00566288,-0.00977073,999,,,,,,,65.50000000000001,3.6388888888888897,67,3.7222222222222223,,,,,,,,,,,,,,,,,,,"Trey Supak","sa828707",657022
"Will Johnston","ATH",1,0,0,4.05066,10,0,0,1,,10,43,9,5,5,1,5,,0,10,8.69976,4.12002,2.11158,1.11,0.223583,0.105884,0.117699034512043,0.242307,1.38586,0.29368,0.741226,,,4.28482,0.00561369,0.00183753,999,,,,,,,47.300000000000004,4.73,46,4.6,,,,,,,,,,,,,,,,,,,"Will Johnston","sa3022940",690658
"Daysbel Hernández","ATL",2,2,0,4.13147,42,0,0,1,,42,184,37,21,19,5,22,,2,46,9.78079,4.78599,2.04363,1.04,0.248432,0.121564,0.1268681138753891,0.234819,1.42315,0.299117,0.736029,,,4.19921,0.00491928,0.00349597,999,,,,,,,177.10000000000002,4.216666666666667,169,4.023809523809524,,,,,,,,,,,,,,,,,,,"Daysbel Hernandez","20271",678226
"Shane Murphy","CHW",1,1,0,4.15481,24,0,0,1,,24,102,25,12,11,4,6,,1,18,6.59389,2.2761,2.89701,1.332,0.172687,0.0596087,0.11307844892144203,0.26221,1.29083,0.28915,0.731897,,,4.4466,0.00456666,-0.00523184,999,,,,,,,82.40000000000003,3.433333333333335,87,3.625,,,,,,,,,,,,,,,,,,,"Shane Murphy","sa3020389",690294
"Bradgley Rodriguez","SDP",2,2,0,4.19224,39,0,0,1,,39,170,37,20,18,5,19,,2,36,8.22508,4.27895,1.92222,1.084,0.209191,0.108828,0.10036328434944153,0.244953,1.41693,0.292269,0.731072,,,4.44863,0.00416751,-0.0369326,999,,,,,,,143.90000000000003,3.6897435897435904,143,3.6666666666666665,,,,,,,,,,,,,,,,,,,"Bradgley Rodriguez","29107",699134
"Tyler Ferguson","ATH",3,3,0,4.25134,52,0,1,6,,52,227,48,26,25,7,24,,3,51,8.83054,4.22817,2.0885,1.156,0.225178,0.107818,0.11736031621694565,0.24191,1.39807,0.29323,0.730657,,,4.4027,0.00408898,0.00974716,999,,,,,,,223.90000000000003,4.305769230769231,219,4.211538461538462,,,,,,,,,,,,,,,,,,,"Tyler Ferguson","19481",621053
"Jhancarlos Lara","ATL",1,1,0,3.97668,12,0,0,1,,12,53,11,6,5,1,7,,1,13,9.87053,5.23815,1.88435,0.871,0.248959,0.132119,0.11683975160121918,0.233476,1.46097,0.304213,0.739136,,,4.12165,0.00396599,0.000998849,999,,,,,,,53.90000000000001,4.491666666666668,53,4.416666666666667,,,,,,,,,,,,,,,,,,,"Jhancarlos Lara","sa3019367",702910
"Joe Jacques","NYM",0,0,0,3.74826,8,0,0,1,,8,35,8,4,3,1,3,,0,6,7.29079,3.48435,2.09244,0.867,0.187293,0.0895093,0.09778336435556412,0.253919,1.3713,0.298987,0.73799,,,4.11553,0.00390587,-0.00467464,999,,,,,,,33.10000000000001,4.137500000000001,34,4.25,,,,,,,,,,,,,,,,,,,"Joe Jacques","25178",682175
"Zach Pop","PHI",3,3,0,4.17548,52,0,0,7,,52,225,54,26,24,6,19,,2,41,7.09293,3.3169,2.13842,1.033,0.181973,0.0850968,0.09687618911266327,0.263458,1.40102,0.304271,0.721436,,,4.2869,0.00376304,0.0159444,999,,,,,,,217.6,4.184615384615385,229,4.403846153846154,,,,,,,,,,,,,,,,,,,"Zach Pop","20185",647315
"Jake Bennett","BOS",0,0,0,4.18536,8,0,0,1,,8,34,8,4,4,1,3,,0,6,7.19651,3.03761,2.36913,1.081,0.185509,0.0783023,0.10720645636320114,0.263322,1.37332,0.303825,0.721216,,,4.22757,0.00358908,0.00220168,999,,,,,,,33.10000000000001,4.137500000000001,34,4.25,,,,,,,,,,,,,,,,,,,"Jake Bennett","sa3020737",687562
"Ken Waldichuk","ATH",1,1,0,4.20368,12,0,0,1,,12,52,11,6,6,2,5,,1,12,8.96077,3.83655,2.33563,1.25,0.230691,0.0987701,0.13192059099674225,0.243046,1.36054,0.293557,0.737503,,,4.36531,0.00349563,0.00219509,999,,,,,,,45.600000000000016,3.800000000000001,44,3.6666666666666665,,,,,,,,,,,,,,,,,,,"Ken Waldichuk","27681",686610
"Brandon Waddell","NYM",1,1,0,3.89783,14,0,0,1,,14,59,14,7,6,2,4,,1,11,7.28646,2.5596,2.84672,1.109,0.190906,0.0670619,0.12384457886219025,0.254714,1.27909,0.293197,0.730949,,,4.12506,0.00298445,-0.00814195,999,,,,,,,53.6,3.8285714285714287,55,3.9285714285714284,,,,,,,,,,,,,,,,,,,"Brandon Waddell","18347",663399
"Connor Noland","CHC",1,1,0,4.05951,14,0,0,1,,14,59,14,7,6,2,4,,0,10,6.71394,2.5803,2.602,1.102,0.175531,0.06746,0.1080707311630249,0.263129,1.32122,0.297755,0.722076,,,4.18987,0.00288869,-0.00284218,999,,,,,,,54.6,3.9,56,4,,,,,,,,,,,,,,,,,,,"Connor Noland","sa3020834",690939
"Yuki Matsui","SDP",3,3,0,4.04895,52,0,0,7,,52,223,47,25,23,7,23,,2,53,9.2278,3.97513,2.32139,1.236,0.23859,0.102779,0.13581069558858871,0.236324,1.34578,0.287929,0.748641,,,4.28499,0.00275886,0.00329746,999,,,,,,,235.50000000000006,4.528846153846155,228,4.384615384615385,,,,,,,,,,,,,,,,,,,"Yuki Matsui","33826",673513
"José Fermin","LAA",3,3,0,4.37363,55,0,0,7,,55,239,50,29,27,8,27,,2,58,9.41551,4.41093,2.13458,1.306,0.240514,0.112675,0.12783926725387573,0.23741,1.39725,0.289776,0.735516,,,4.5153,0.00263495,-0.0493124,999,,,,,,,235.60000000000002,4.283636363636364,228,4.1454545454545455,,,,,,,,,,,,,,,,,,,"Jose Fermin","33908",820862
"Andrew Sears","DET",0,0,0,3.96374,10,0,0,1,,10,43,10,5,4,1,4,,1,9,7.85259,3.37545,2.32638,1.07,0.202509,0.0870489,0.11546012759208679,0.24672,1.33216,0.29025,0.733223,,,4.22318,0.00239123,-0.0049474,999,,,,,,,42.7,4.2700000000000005,44,4.4,,,,,,,,,,,,,,,,,,,"Andrew Sears","sa3023133",808825
"Taylor Rashi","ARI",1,1,0,4.17544,12,0,0,1,,12,52,12,6,6,1,5,,0,11,8.3148,3.7473,2.21888,1.034,0.212766,0.0958892,0.11687713861465454,0.251095,1.39353,0.30225,0.723376,,,4.13268,0.00235824,0.00158191,999,,,,,,,56.30000000000001,4.691666666666667,58,4.833333333333333,,,,,,,,,,,,,,,,,,,"Taylor Rashi","26344",688497
"Justin Bruihl","CLE",1,1,0,3.93676,18,0,0,1,,18,78,18,9,8,2,7,,1,16,7.8732,3.56715,2.20714,0.976,0.202253,0.0916357,0.11061716079711914,0.252021,1.37132,0.300317,0.733133,,,4.16528,0.00223352,-0.0118062,999,,,,,,,73.80000000000003,4.100000000000001,76,4.222222222222222,,,,,,,,,,,,,,,,,,,"Justin Bruihl","23779",677865
"Jake Miller","DET",1,1,0,4.05822,14,0,0,1,,14,60,14,7,6,2,5,,1,12,7.50645,3.12474,2.40227,1.124,0.193917,0.0807224,0.11319438368082047,0.252318,1.33422,0.291963,0.730275,,,4.25826,0.00168775,-0.00692017,999,,,,,,,52.6,3.757142857142857,54,3.857142857142857,,,,,,,,,,,,,,,,,,,"Jake Miller","sa3020408",805725
"Chase Hampton","NYY",0,0,0,4.10666,6,0,0,1,,6,26,6,3,3,1,2,,0,6,8.9373,3.2268,2.76971,1.346,0.232669,0.084005,0.1486644744873047,0.239433,1.28595,0.284848,0.740994,,,4.27714,0.00158838,-0.00466356,999,,,,,,,26.500000000000007,4.416666666666668,27,4.5,,,,,,,,,,,,,,,,,,,"Chase Hampton","sa3020682",694633
"Dax Fulton","MIA",0,1,0,4.00641,10,0,0,1,,10,43,10,5,4,1,4,,0,9,7.98381,4.04442,1.97403,0.978,0.203943,0.103313,0.10062991827726364,0.248908,1.40891,0.297588,0.735294,,,4.25784,0.00157008,0.00195415,999,,,,,,,45.7,4.57,47,4.7,,,,,,,,,,,,,,,,,,,"Dax Fulton","sa3014535",690978
"Tate Kuehner","MIL",0,0,0,3.97915,10,0,0,1,,10,43,9,5,4,1,4,,0,9,8.35929,4.02201,2.07839,1.042,0.214184,0.103053,0.11113110184669495,0.244011,1.38406,0.293763,0.739428,,,4.27006,0.00146902,-0.00114078,999,,,,,,,48.300000000000004,4.83,47,4.7,,,,,,,,,,,,,,,,,,,"Tate Kuehner","sa3023099",804249
"Gus Varland","ARI",2,2,0,4.21394,40,0,0,1,,40,173,40,20,19,5,16,,2,37,8.23262,3.55419,2.31631,1.045,0.210937,0.091066,0.11987133324146271,0.253617,1.38356,0.304301,0.718948,,,4.13011,0.00145695,0.00534404,999,,,,,,,154.5,3.8625,159,3.975,,,,,,,,,,,,,,,,,,,"Gus Varland","24737",681402
"Nick Anderson","ATH",1,1,0,4.42493,22,0,0,1,,22,95,22,12,11,3,8,,1,20,8.04383,3.47126,2.31727,1.322,0.206459,0.0890957,0.11736282706260681,0.253078,1.37478,0.293697,0.72557,,,4.51951,0.00108141,-0.0260722,999,,,,,,,85.7,3.8954545454545455,88,4,,,,,,,,,,,,,,,,,,,"Nick Anderson","18337",623433
"Will Sanders","CHC",0,0,0,4.09996,10,0,0,1,,10,43,10,5,5,1,3,,1,9,7.89336,2.97036,2.65737,1.18,0.205665,0.0773942,0.12827125936746597,0.250401,1.3023,0.292608,0.724607,,,4.23027,0.00066546,-0.00202753,999,,,,,,,45.7,4.57,47,4.7,,,,,,,,,,,,,,,,,,,"Will Sanders","sa3023508",691739
"Grant Holman","ATH",2,2,0,4.43433,42,0,0,1,,42,183,42,22,21,6,18,,2,37,7.82754,3.82236,2.04783,1.189,0.199341,0.0973429,0.10199839621782303,0.255332,1.41997,0.298041,0.720213,,,4.5084,0.000649567,-0.0225143,999,,,,,,,145.8,3.4714285714285715,150,3.5714285714285716,,,,,,,,,,,,,,,,,,,"Grant Holman","30002",680880
"Trevor Kuncl","CIN",1,1,0,4.46464,12,0,0,1,,12,52,12,6,6,2,5,,0,11,7.94633,3.6846,2.15663,1.262,0.20263,0.0939565,0.10867314040660858,0.257154,1.41452,0.299741,0.722451,,,4.53823,-0.000110558,0.00844458,999,,,,,,,44.000000000000014,3.666666666666668,45,3.75,,,,,,,,,,,,,,,,,,,"Trevor Kuncl","sa3066360",805321
"Nigel Belgrave","MIA",0,0,0,4.16818,8,0,0,1,,8,35,8,4,4,1,4,,0,7,8.42051,4.25633,1.97835,1.018,0.214258,0.108301,0.10595694929361343,0.245513,1.41602,0.297207,0.72686,,,4.31056,-0.000179327,0.00156454,999,,,,,,,32.10000000000001,4.012500000000001,33,4.125,,,,,,,,,,,,,,,,,,,"Nigel Belgrave","sa3023180",811310
"Riley Martin","CHC",1,1,0,3.89452,30,0,0,1,,30,131,27,14,13,3,16,,1,29,8.80956,4.74177,1.85786,0.949,0.224448,0.12081,0.10363823920488358,0.238566,1.43168,0.29514,0.747106,,,4.25328,-0.000349734,0.0250973,999,,,,,,,125.89999999999999,4.196666666666666,122,4.066666666666666,,,,,,,,,,,,,,,,,,,"Riley Martin","sa3017601",702303
"Jose Franco","CIN",1,1,0,4.39184,18,0,0,1,,18,78,17,9,9,3,7,,1,17,8.4877,3.5221,2.40984,1.375,0.21851,0.0906741,0.12783607840538025,0.247444,1.35153,0.289958,0.728508,,,4.54163,-0.000361322,0.0126699,999,,,,,,,66.10000000000001,3.6722222222222225,65,3.611111111111111,,,,,,,,,,,,,,,,,,,"Jose Franco","sa3008714",683742
"Reggie Crawford","SFG",1,1,0,3.87437,16,0,0,1,,16,69,14,7,7,2,7,,1,17,9.35314,4.07143,2.29726,1.014,0.239753,0.104365,0.13538801670074463,0.235126,1.35341,0.294142,0.742066,,,4.0289,-0.000561043,0.0189084,999,,,,,,,71.4,4.4625,68,4.25,,,,,,,,,,,,,,,,,,,"Reggie Crawford","sa3020457",686846
"Adam Macko","TOR",0,0,0,4.12256,8,0,0,1,,8,35,8,4,4,1,3,,0,7,8.26178,3.4452,2.39805,1.222,0.212605,0.0886573,0.12394766509532928,0.245212,1.33465,0.288569,0.735042,,,4.3723,-0.00105803,-0.00566847,999,,,,,,,35.10000000000001,4.387500000000001,36,4.5,,,,,,,,,,,,,,,,,,,"Adam Macko","sa3011555",671936
"Josh Stephan","TEX",1,1,0,4.28866,12,0,0,1,,12,51,12,6,6,2,3,,1,9,6.99045,2.54415,2.74766,1.27,0.181674,0.0661196,0.1155543327331543,0.260427,1.30964,0.292791,0.716124,,,4.41207,-0.00109458,-0.00650866,999,,,,,,,43.000000000000014,3.5833333333333344,44,3.6666666666666665,,,,,,,,,,,,,,,,,,,"Josh Stephan","sa3015286",695776
"Tristan Beck","SFG",2,2,0,4.08136,40,0,0,1,,40,171,40,20,18,5,13,,2,35,7.83754,2.82789,2.77151,1.154,0.203689,0.0734938,0.13019535690546036,0.251763,1.30174,0.293942,0.724286,,,4.11899,-0.001144,-0.0299932,999,,,,,,,159.5,3.9875,164,4.1,,,,,,,,,,,,,,,,,,,"Tristan Beck","21584",663941
"Lyon Richardson","CIN",1,1,0,4.33478,22,0,0,1,,22,96,22,11,11,3,10,,1,20,8.14533,4.0626,2.00495,1.139,0.206621,0.103055,0.10356564819812775,0.25411,1.43864,0.301625,0.726771,,,4.45557,-0.00148146,0.015441,999,,,,,,,79.7,3.622727272727273,82,3.727272727272727,,,,,,,,,,,,,,,,,,,"Lyon Richardson","24581",680689
"Ethan Roberts","CHC",2,2,0,4.30531,42,0,0,1,,42,182,40,22,20,6,17,,2,39,8.45595,3.71059,2.27887,1.263,0.217224,0.095321,0.12190289795398712,0.245793,1.36211,0.29072,0.728493,,,4.46317,-0.0018836,-0.0394047,999,,,,,,,158,3.761904761904762,157,3.738095238095238,,,,,,,,,,,,,,,,,,,"Ethan Roberts","24930",681799
"Shinnosuke Ogasawara","WSN",0,1,0,4.20953,10,0,0,1,,10,43,11,5,5,1,3,,0,7,6.46218,2.33919,2.76257,1.222,0.168233,0.0608974,0.10733598843216896,0.268643,1.32729,0.298645,0.722775,,,4.34852,-0.00212068,0.00198652,999,,,,,,,42.1,4.21,46,4.6,,,,,,,,,,,,,,,,,,,"Shinnosuke Ogasawara","35324",829272
"Collin Snider","CHC",1,1,0,4.34241,16,0,0,1,,16,69,16,8,8,2,6,,1,13,7.32184,3.23539,2.26305,1.23,0.188009,0.0830777,0.10493109375238419,0.257342,1.36961,0.293598,0.72078,,,4.4905,-0.00226652,-0.00323735,999,,,,,,,61.20000000000001,3.8250000000000006,63,3.9375,,,,,,,,,,,,,,,,,,,"Collin Snider","23307",676092
"Jackson Wolf","SDP",1,1,0,4.02594,12,0,0,1,,12,51,12,6,5,2,4,,1,10,7.64797,2.91862,2.6204,1.246,0.199528,0.0761442,0.1233842670917511,0.24883,1.29258,0.285843,0.737495,,,4.33806,-0.00242808,-0.00652522,999,,,,,,,42.000000000000014,3.5000000000000013,43,3.5833333333333335,,,,,,,,,,,,,,,,,,,"Jackson Wolf","29832",680232
"David Sandlin","BOS",2,2,0,4.38123,40,0,0,1,,40,172,40,21,19,6,13,,1,35,7.81679,3.01167,2.5955,1.293,0.202455,0.0780023,0.12445279210805893,0.255206,1.33483,0.294647,0.71758,,,4.37824,-0.00246014,-0.0187631,999,,,,,,,150.2,3.755,154,3.85,,,,,,,,,,,,,,,,,,,"David Sandlin","sa3020606",689818
"Jeff Criswell","COL",1,1,0,4.84394,14,0,0,1,,14,61,14,8,8,2,5,,1,13,8.33895,3.52614,2.3649,1.422,0.212088,0.0896815,0.12240607291460037,0.261564,1.4219,0.305604,0.707034,,,4.62739,-0.00246538,0.0000548961,999,,,,,,,54.60000000000003,3.900000000000002,56,4,,,,,,,,,,,,,,,,,,,"Jeff Criswell","27608",676105
"Jose Espada","BAL",1,1,0,4.48537,12,0,0,1,,12,52,12,6,6,2,5,,0,11,8.6106,4.095,2.10271,1.309,0.219187,0.10424,0.11494681984186172,0.247701,1.415,0.293696,0.727863,,,4.58027,-0.00333008,-0.00752679,999,,,,,,,44.000000000000014,3.666666666666668,45,3.75,,,,,,,,,,,,,,,,,,,"Jose Espada","21131",664744
"Trent Sellers","NYY",0,0,0,4.23335,10,0,0,1,,10,43,9,5,5,1,4,,0,9,8.52426,3.90546,2.18265,1.238,0.218034,0.0998941,0.11813998222351074,0.242741,1.3728,0.287924,0.734167,,,4.45786,-0.00341034,-0.00781279,999,,,,,,,48.300000000000004,4.83,47,4.7,,,,,,,,,,,,,,,,,,,"Trent Sellers","sa3023454",815587
"Chris Roycroft","STL",2,3,0,4.09647,52,0,0,7,,52,227,52,26,24,5,23,,2,41,7.15322,3.9488,1.81149,0.914,0.181931,0.100431,0.0814991220831871,0.257257,1.43899,0.300388,0.725912,,,4.30763,-0.00346501,-0.0204417,999,,,,,,,223.10000000000002,4.290384615384616,230,4.423076923076923,,,,,,,,,,,,,,,,,,,"Chris Roycroft","31261",688297
"Dylan Ray","ARI",0,0,0,4.36736,8,0,0,1,,8,35,8,4,4,1,3,,0,7,7.3764,2.98159,2.47398,1.145,0.189904,0.0767602,0.11314332485198975,0.262009,1.36391,0.30237,0.709657,,,4.27393,-0.0037622,0.00106881,999,,,,,,,35.10000000000001,4.387500000000001,36,4.5,,,,,,,,,,,,,,,,,,,"Dylan Ray","sa3020392",691009
"Jedixson Paez","CHW",2,3,0,4.38927,50,0,0,4,,50,217,52,26,24,7,18,,2,38,6.92563,3.17869,2.17877,1.233,0.177681,0.0815511,0.0961296483874321,0.26227,1.38518,0.29554,0.719593,,,4.56522,-0.00382842,-0.0289788,999,,,,,,,180.7,3.614,191,3.82,,,,,,,,,,,,,,,,,,,"Jedixson Paez","sa3016264",699151
"Jaden Hamm","DET",1,1,0,4.23475,12,0,0,1,,12,51,12,6,6,2,4,,1,10,7.68653,3.04215,2.52668,1.262,0.199166,0.0788255,0.12034086138010025,0.248898,1.31075,0.285706,0.723294,,,4.38993,-0.0039032,-0.00592759,999,,,,,,,42.000000000000014,3.5000000000000013,43,3.5833333333333335,,,,,,,,,,,,,,,,,,,"Jaden Hamm","sa3023134",811290
"Yorman Gómez","CLE",0,0,0,4.24706,8,0,0,1,,8,34,8,4,4,1,3,,0,7,7.6734,3.38198,2.26891,1.185,0.197716,0.0871413,0.11057452112436295,0.252511,1.35945,0.292655,0.723449,,,4.39163,-0.00392719,-0.00528397,999,,,,,,,35.10000000000001,4.387500000000001,36,4.5,,,,,,,,,,,,,,,,,,,"Yorman Gomez","sa3015931",691414
"A.J. Causey","KCR",1,1,0,4.41828,20,0,0,1,,20,87,20,11,10,2,8,,1,16,7.38437,3.50298,2.10802,1.123,0.188548,0.089443,0.09910492599010468,0.259513,1.40633,0.30004,0.712582,,,4.41315,-0.00412881,-0.0263265,999,,,,,,,80.4,4.0200000000000005,83,4.15,,,,,,,,,,,,,,,,,,,"A.J. Causey","sa3028661",822067
"Chad Green",,2,3,0,4.53047,50,0,0,0,,50,215,50,27,25,8,17,,2,44,7.99387,3.07166,2.60246,1.459,0.206153,0.0792149,0.12693850696086884,0.252739,1.33416,0.288646,0.721645,,,4.60633,-0.0043479,-0.0942175,999,,,,,,,172.60000000000002,3.4520000000000004,177,3.54,,,,,,,,,,,,,,,,,,,"Chad Green","15552",643338
"Kolby Allard","CLE",2,2,0,4.38062,42,0,0,0,,42,180,44,22,20,6,12,,1,32,6.85952,2.66796,2.57107,1.352,0.177509,0.0690409,0.10846813768148422,0.262649,1.33817,0.291929,0.723543,,,4.54601,-0.00439715,-0.00308195,999,,,,,,,147.6,3.5142857142857142,157,3.738095238095238,,,,,,,,,,,,,,,,,,,"Kolby Allard","18694",663465
"Jake Eder","WSN",1,2,0,4.29943,30,0,0,1,,30,130,30,15,14,4,11,,2,24,7.28919,3.31164,2.20108,1.237,0.187332,0.0851089,0.10222279280424118,0.25478,1.36295,0.289913,0.725627,,,4.5564,-0.00447961,0.00591998,999,,,,,,,107.80000000000001,3.5933333333333337,111,3.7,,,,,,,,,,,,,,,,,,,"Jake Eder","27590",671109
"Ben Casparius","LAD",3,3,0,4.41758,52,0,0,8,,52,223,50,27,26,8,19,,2,49,8.45984,3.29265,2.56931,1.432,0.219204,0.0853161,0.13388747721910477,0.246822,1.32368,0.287147,0.727497,,,4.54612,-0.00453011,-0.0270332,722.5999755859375,,,,,,,223.39999999999998,4.296153846153846,223,4.288461538461538,,,,,,,,,,,,,,,,,,,"Ben Casparius","30085",676508
"Jake Bloss","TOR",1,1,0,4.39012,12,0,0,1,,12,52,12,6,6,2,4,,0,11,7.95637,3.24585,2.45125,1.317,0.204655,0.0834902,0.12116482853889465,0.252074,1.3499,0.291256,0.722082,,,4.45504,-0.00488054,-0.00847951,999,,,,,,,47.000000000000014,3.916666666666668,48,4,,,,,,,,,,,,,,,,,,,"Jake Bloss","33168",814005
"Cade Gibson","MIA",3,3,0,4.09659,60,0,0,12,,60,262,61,30,27,6,24,,4,47,7.05822,3.54717,1.98982,0.938,0.179671,0.0902953,0.08937584608793259,0.261398,1.41645,0.303755,0.723668,,,4.28332,-0.00509954,0.152477,999,,,,,,,269.6,4.493333333333334,280,4.666666666666667,,,,,,,,,,,,,,,,,,,"Cade Gibson","31815",806188
"Lazaro Estrada","TOR",1,1,0,4.1918,21,0,0,1,,21,89,20,10,10,3,6,,1,19,8.23624,2.53427,3.24994,1.409,0.216155,0.0665103,0.14964457601308823,0.24654,1.24569,0.284465,0.729069,,,4.30968,-0.00510216,0.00100285,999,,,,,,,87.5,4.166666666666667,87,4.142857142857143,,,,,,,,,,,,,,,,,,,"Lazaro Estrada","24914",681751
"Ronan Kopp","LAD",1,1,0,4.21544,12,0,0,1,,12,53,10,6,6,2,8,,0,13,9.68888,5.63985,1.71793,1.132,0.24287,0.141374,0.10149647295475006,0.230572,1.49462,0.289681,0.749954,,,4.62159,-0.00518631,0.0010013,999,,,,,,,44.20000000000002,3.683333333333335,40,3.3333333333333335,,,,,,,,,,,,,,,,,,,"Ronan Kopp","sa3017751",691947
"Henry Williams","KCR",0,0,0,4.5041,8,0,0,1,,8,35,8,4,4,1,3,,0,6,6.90424,3.27038,2.11115,1.188,0.176288,0.0835033,0.09278431534767151,0.262034,1.39493,0.296142,0.70814,,,4.56164,-0.00568615,0.00148073,999,,,,,,,33.10000000000001,4.137500000000001,34,4.25,,,,,,,,,,,,,,,,,,,"Henry Williams","sa3020901",689275
"Joey Estes","ATH",1,2,0,4.59529,30,0,0,1,,30,128,31,16,15,5,7,,2,24,7.2783,2.10522,3.45726,1.61,0.189883,0.054923,0.13496024906635284,0.259681,1.26518,0.285678,0.713698,,,4.70618,-0.0057597,-0.0250308,999,,,,,,,104.9,3.496666666666667,110,3.6666666666666665,,,,,,,,,,,,,,,,,,,"Joey Estes","26257",683155
"Tyson Neighbors","BAL",1,1,0,4.29698,26,0,0,1,,26,113,24,13,12,4,11,,1,26,8.9712,3.96152,2.26458,1.222,0.229464,0.101327,0.12813669443130493,0.24418,1.38196,0.295852,0.729466,,,4.36787,-0.00611641,-0.0163091,999,,,,,,,100.79999999999998,3.8769230769230765,98,3.769230769230769,,,,,,,,,,,,,,,,,,,"Tyson Neighbors","sa3025569",695695
"Tim Hill","NYY",3,3,0,4.05503,66,0,0,15,,66,286,73,33,30,7,21,,3,40,5.42122,2.86505,1.89219,0.928,0.138964,0.0734409,0.0655229464173317,0.27673,1.41837,0.304903,0.723874,,,4.34948,-0.00644251,0.0185677,999,,,,,,,280.50000000000006,4.250000000000001,307,4.651515151515151,,,,,,,,,,,,,,,,,,,"Tim Hill","16814",657612
"Easton McGee","MIL",1,2,0,4.17318,30,0,0,1,,30,129,30,15,14,4,10,,1,24,7.31385,2.96079,2.47024,1.149,0.189185,0.0765858,0.11259913444519043,0.257827,1.34131,0.296263,0.721762,,,4.27686,-0.00647656,-0.00341017,999,,,,,,,113.80000000000001,3.793333333333334,117,3.9,,,,,,,,,,,,,,,,,,,"Easton McGee","22176",668834
"Miguel Ullola","HOU",1,1,0,4.175,24,0,0,1,,24,104,21,12,11,3,12,,1,26,9.62932,4.6209,2.08386,1.204,0.246403,0.118244,0.12815990298986435,0.229056,1.37969,0.28411,0.739535,,,4.41536,-0.00669026,-0.00950133,999,,,,,,,103.10000000000002,4.295833333333334,98,4.083333333333333,,,,,,,,,,,,,,,,,,,"Miguel Ullola","sa3016504",699044
"Andrew Walters","CLE",2,2,0,4.11917,38,0,0,1,,38,164,33,19,17,5,18,,2,42,9.89036,4.25963,2.32188,1.193,0.254402,0.109567,0.14483480155467987,0.230688,1.35134,0.289542,0.73904,,,4.20083,-0.00678034,-0.0250579,999,,,,,,,161.89999999999998,4.260526315789473,153,4.026315789473684,,,,,,,,,,,,,,,,,,,"Andrew Walters","33834",689958
"Michael Darrell-Hicks","PIT",0,0,0,4.49197,8,0,0,1,,8,35,8,4,4,1,3,,1,6,6.98107,3.17835,2.19645,1.133,0.177399,0.0807662,0.09663236141204834,0.265471,1.40351,0.302606,0.705561,,,4.46804,-0.00741328,0.00258559,999,,,,,,,30.100000000000005,3.7625000000000006,31,3.875,,,,,,,,,,,,,,,,,,,"Michael Darrell-Hicks","31501",690382
"Jagger Haynes","SDP",1,1,1,4.97159,3,3,0,0,,18,83,19,11,10,3,10,,1,14,6.82383,4.96637,1.37401,1.329,0.167942,0.122228,0.04571405053138733,0.259555,1.56788,0.288622,0.716361,,,5.33849,-0.00748845,-0.0000970148,999,,,,,,,41.90000000000001,2.3277777777777784,46,2.5555555555555554,,,,,,,,,,,,,,,,,,,"Jagger Haynes","sa3020876",695247
"Sam Benschoter","CIN",1,1,0,4.6081,16,0,0,1,,16,70,17,9,8,2,6,,1,13,7.23999,3.1158,2.32364,1.364,0.184943,0.0795919,0.10535096377134323,0.264414,1.39166,0.298179,0.71352,,,4.68393,-0.00769917,-0.0178037,999,,,,,,,58.60000000000001,3.6625000000000005,63,3.9375,,,,,,,,,,,,,,,,,,,"Sam Benschoter","sa3017639",680397
"Nolan Hoffman","PHI",1,1,0,4.22451,24,0,0,1,,24,105,23,12,11,3,11,,1,22,8.08162,4.07156,1.9849,1.066,0.205722,0.103644,0.10207811743021011,0.249804,1.41525,0.297533,0.725164,,,4.41046,-0.00810297,0.00743512,999,,,,,,,92.90000000000002,3.870833333333334,93,3.875,,,,,,,,,,,,,,,,,,,"Nolan Hoffman","23381",676510
"Zach McCambley","PHI",2,2,0,4.29914,48,0,0,4,,48,209,46,25,23,6,22,,2,44,8.33355,4.10244,2.03136,1.175,0.212598,0.104658,0.10794033110141754,0.246535,1.40589,0.292979,0.728176,,,4.48562,-0.00813475,0.013543,999,,,,,,,193.80000000000004,4.0375000000000005,194,4.041666666666667,,,,,,,,,,,,,,,,,,,"Zach McCambley","sa3014478",685112
"James Karinchak","ATL",1,1,0,4.42601,14,0,0,1,,14,61,13,7,7,2,7,,1,16,9.98556,4.66136,2.1422,1.243,0.252966,0.118087,0.13487882912158966,0.233514,1.4118,0.292896,0.728587,,,4.3858,-0.00821397,0.00116532,999,,,,,,,57.20000000000003,4.085714285714288,56,4,,,,,,,,,,,,,,,,,,,"James Karinchak","20151",675916
"Grant Kipp","CHC",0,0,0,4.31309,8,0,0,1,,8,35,8,4,4,1,3,,1,7,7.9317,3.82579,2.07322,1.185,0.202609,0.0977269,0.10488244891166687,0.247319,1.37993,0.289057,0.722331,,,4.5512,-0.00832938,-0.00161108,999,,,,,,,32.10000000000001,4.012500000000001,33,4.125,,,,,,,,,,,,,,,,,,,"Grant Kipp","sa3020185",805990
"Kyle Backhus","PHI",2,2,0,4.12922,31,0,0,1,,31,134,30,15,14,4,13,,2,28,8.08502,3.65124,2.21432,1.158,0.208413,0.0941207,0.11429266631603241,0.248398,1.36218,0.293177,0.733036,,,4.39036,-0.00836382,0.0246844,999,,,,,,,117.19999999999999,3.7806451612903222,118,3.806451612903226,,,,,,,,,,,,,,,,,,,"Kyle Backhus","29615",679775
"Cody Laweryson","LAA",2,3,0,4.55808,50,0,0,4,,50,217,51,27,25,8,18,,2,41,7.43553,3.26002,2.28083,1.397,0.190515,0.0835287,0.10698577761650085,0.257747,1.376,0.290855,0.71956,,,4.71056,-0.00853238,-0.0672089,999,,,,,,,177.00000000000003,3.5400000000000005,184,3.68,,,,,,,,,,,,,,,,,,,"Cody Laweryson","26429",689520
"Chase Shugart","PIT",2,2,0,4.52692,40,0,0,1,,40,175,41,22,20,5,15,,2,32,7.22297,3.47459,2.0788,1.213,0.183945,0.0884861,0.0954589694738388,0.260352,1.41115,0.296772,0.713035,,,4.55923,-0.00854548,-0.0468303,999,,,,,,,144.9,3.6225,152,3.8,,,,,,,,,,,,,,,,,,,"Chase Shugart","21544",663767
"Eric Cerantola","KCR",1,1,0,4.3743,22,0,0,1,,22,97,21,12,11,3,11,,1,21,8.40322,4.50749,1.86428,1.067,0.212135,0.113789,0.0983455702662468,0.246029,1.44737,0.296235,0.721079,,,4.47139,-0.00886973,-0.0259403,999,,,,,,,81.30000000000001,3.6954545454545458,81,3.6818181818181817,,,,,,,,,,,,,,,,,,,"Eric Cerantola","sa3017914",672021
"Brian Fitzpatrick","MIL",0,0,0,4.39045,8,0,0,1,,8,35,8,4,4,1,3,,0,7,7.64539,3.85166,1.98496,1.266,0.194363,0.0979179,0.0964450016617775,0.252263,1.41205,0.289747,0.730629,,,4.67359,-0.00977371,-0.000911404,999,,,,,,,35.10000000000001,4.387500000000001,36,4.5,,,,,,,,,,,,,,,,,,,"Brian Fitzpatrick","sa3020265",702153
"Dylan Smith","DET",2,2,0,4.18157,42,0,0,1,,42,183,41,21,20,5,17,,2,36,7.72708,3.74235,2.06477,1.06,0.197469,0.0956377,0.10183177888393402,0.252119,1.39694,0.296156,0.725514,,,4.3181,-0.00977651,-0.0205097,999,,,,,,,161.70000000000002,3.8500000000000005,164,3.9047619047619047,,,,,,,,,,,,,,,,,,,"Dylan Smith","30145",681916
"Dan Altavilla","MIN",2,2,0,4.43753,34,0,0,1,,34,149,33,18,17,4,16,,2,30,7.96587,4.2457,1.87622,1.083,0.201448,0.107369,0.09407906234264374,0.25391,1.45494,0.300986,0.717753,,,4.49361,-0.00994707,-0.0399388,999,,,,,,,126.60000000000004,3.723529411764707,128,3.764705882352941,,,,,,,,,,,,,,,,,,,"Dan Altavilla","16507",656186
"Ky Bush","CHW",1,1,0,4.42902,12,0,0,1,,12,53,12,6,6,2,5,,0,10,7.35502,4.02503,1.82732,1.242,0.186407,0.102011,0.08439619094133377,0.256074,1.44503,0.292319,0.731286,,,4.75734,-0.00994776,-0.00256321,999,,,,,,,42.000000000000014,3.5000000000000013,43,3.5833333333333335,,,,,,,,,,,,,,,,,,,"Ky Bush","29823",681066
"Kevin Abel","CIN",1,1,0,4.62069,14,0,0,1,,14,62,14,8,7,2,6,,1,12,7.61837,3.97408,1.91702,1.282,0.192321,0.100323,0.09199772775173187,0.258982,1.45522,0.297843,0.718751,,,4.75621,-0.0100137,-0.0191964,999,,,,,,,49.6,3.542857142857143,51,3.642857142857143,,,,,,,,,,,,,,,,,,,"Kevin Abel","sa3017879",674265
"Tyler Samaniego","BOS",1,1,0,4.39704,26,0,0,1,,26,114,26,14,13,3,11,,1,22,7.56426,3.84258,1.96853,1.113,0.191712,0.0973882,0.09432382136583328,0.259762,1.44345,0.302751,0.721105,,,4.47436,-0.0100247,-0.0225678,999,,,,,,,99.9,3.8423076923076924,103,3.9615384615384617,,,,,,,,,,,,,,,,,,,"Tyler Samaniego","sa3017876",701719
"Eduarniel Núñez","ATH",2,3,0,4.45408,50,0,0,4,,50,222,47,27,25,6,28,,3,47,8.47971,5.02189,1.68855,1.098,0.212558,0.125882,0.08667606115341187,0.245267,1.4957,0.295651,0.726018,,,4.66488,-0.0101843,-0.0441203,999,,,,,,,191,3.82,189,3.78,,,,,,,,,,,,,,,,,,,"Eduarniel Nunez","23162",674384
"Isaiah Campbell","ARI",1,1,0,4.44983,22,0,0,1,,22,96,24,12,11,3,8,,1,16,6.63226,3.2186,2.0606,1.031,0.168828,0.0819313,0.08689653128385544,0.271861,1.43466,0.309455,0.705414,,,4.3601,-0.0109711,-0.0271781,999,,,,,,,72.5,3.2954545454545454,80,3.6363636363636362,,,,,,,,,,,,,,,,,,,"Isaiah Campbell","25551",663462
"Christian MacLeod","MIN",1,1,0,4.3486,16,0,0,1,,16,70,16,8,8,2,7,,1,14,7.82224,3.99268,1.95914,1.173,0.19851,0.101325,0.09718499332666397,0.251392,1.42208,0.293196,0.727918,,,4.54974,-0.0118259,-0.00435549,999,,,,,,,60.20000000000001,3.7625000000000006,62,3.875,,,,,,,,,,,,,,,,,,,"Christian MacLeod","sa3018005",681306
"Scott Effross",,2,2,0,4.32797,36,0,0,0,,36,156,39,19,17,4,12,,1,25,6.22715,3.08022,2.02165,1.065,0.159415,0.0788538,0.08056128025054932,0.270847,1.41558,0.302921,0.714146,,,4.42188,-0.0118965,-0.0186061,999,,,,,,,126.80000000000004,3.5222222222222235,139,3.861111111111111,,,,,,,,,,,,,,,,,,,"Scott Effross","18384",664123
"Garrett Hawkins","SDP",1,1,0,4.21439,28,0,0,1,,28,121,26,14,13,4,12,,1,27,8.72537,3.85242,2.26491,1.25,0.22463,0.0991783,0.12545139342546463,0.240167,1.35204,0.286647,0.734282,,,4.40757,-0.0123191,-0.0152012,999,,,,,,,109.40000000000006,3.9071428571428592,107,3.8214285714285716,,,,,,,,,,,,,,,,,,,"Garrett Hawkins","sa3017383",678184
"Rico Garcia","BAL",3,3,0,4.29532,53,0,0,7,,53,228,50,27,25,8,22,,2,53,8.98908,3.65826,2.4572,1.344,0.232218,0.0945051,0.13771279901266098,0.24244,1.34216,0.290025,0.734202,,,4.40372,-0.0126875,-0.048915,999,,,,,,,225.80000000000007,4.260377358490567,223,4.2075471698113205,,,,,,,,,,,,,,,,,,,"Rico Garcia","20023",670329
"Francis Pena","SDP",1,1,0,4.23021,16,0,0,1,,16,70,16,8,8,2,7,,1,13,7.08098,4.00894,1.7663,1.03,0.179935,0.101871,0.0780634880065918,0.256658,1.44245,0.295828,0.725739,,,4.51325,-0.012822,-0.00867602,999,,,,,,,58.20000000000001,3.6375000000000006,60,3.75,,,,,,,,,,,,,,,,,,,"Francis Pena","sa3019374",800212
"Prelander Berroa","CHW",2,2,0,4.35775,34,0,0,1,,34,150,31,18,16,5,18,,1,34,9.05657,4.73426,1.91298,1.249,0.22883,0.119619,0.10921037942171097,0.23817,1.43879,0.288013,0.738939,,,4.62214,-0.0130227,-0.0380596,999,,,,,,,124.50000000000003,3.6617647058823537,120,3.5294117647058822,,,,,,,,,,,,,,,,,,,"Prelander Berroa","22932",672860
"Carson Coleman","NYY",0,0,0,5.58923,8,0,0,0,,8,39,9,5,5,1,4,,1,7,8.37549,4.49478,1.86338,1.37851,0.192943,0.103545,0.08939866721630096,0.254136,1.58204,0.292628,0.659426,,,4.95482,-0.0133456,-0.035397,999,,,,,,,22.500000000000007,2.812500000000001,26,3.25,,,,,,,,,,,,,,,,,,,"Carson Coleman","sa3014857",679693
"Luis Curvelo","TEX",2,3,0,4.49513,52,0,0,7,,52,226,51,28,26,8,22,,2,45,7.85767,3.74024,2.10085,1.305,0.200458,0.0954177,0.10504015535116196,0.250919,1.39214,0.289353,0.721048,,,4.66441,-0.0138003,-0.0906675,999,,,,,,,199.79999999999998,3.842307692307692,202,3.8846153846153846,,,,,,,,,,,,,,,,,,,"Luis Curvelo","24710",681168
"Kendall Graveman",,2,2,0,4.35976,44,0,0,0,,44,194,43,23,21,5,20,,2,39,7.92951,4.17172,1.90078,1.077,0.200176,0.105313,0.09486321359872818,0.253097,1.44858,0.29931,0.721817,,,4.45687,-0.0139273,0.00197143,999,,,,,,,164.3,3.7340909090909093,167,3.7954545454545454,,,,,,,,,,,,,,,,,,,"Kendall Graveman","15514",608665
"Ryan Zeferjahn","LAA",3,3,0,4.31501,61,0,1,12,,61,266,54,31,29,8,30,,3,65,9.61151,4.48355,2.14373,1.253,0.245307,0.11443,0.13087692111730576,0.233918,1.38685,0.289149,0.73329,,,4.47237,-0.0139698,0.0715681,700.9299926757812,,,,,,,296.60000000000014,4.862295081967216,285,4.672131147540983,,,,,,,,,,,,,,,,,,,"Ryan Zeferjahn","25420",666171
"Blake Walston","ARI",1,1,0,4.33456,16,0,0,1,,16,70,16,8,8,2,6,,1,14,7.72324,3.57187,2.16224,1.122,0.196601,0.0909247,0.10567599534988403,0.25675,1.40199,0.300294,0.719641,,,4.38983,-0.0140552,0.00212544,999,,,,,,,63.20000000000001,3.9500000000000006,65,4.0625,,,,,,,,,,,,,,,,,,,"Blake Walston","26270",686796
"Trent Thornton",,2,3,0,4.3468,50,0,0,0,,50,215,50,26,24,7,17,,2,44,7.83675,3.10696,2.52232,1.281,0.202101,0.0801252,0.12197619676589966,0.254737,1.34353,0.294566,0.721181,,,4.41248,-0.0144496,0.0177642,999,,,,,,,184.89999999999998,3.6979999999999995,190,3.8,,,,,,,,,,,,,,,,,,,"Trent Thornton","17948",663423
"Daison Acosta","SDP",1,1,0,4.24866,18,0,0,1,,18,79,16,9,8,2,9,,1,17,8.70895,4.40515,1.97699,1.179,0.221692,0.112136,0.10955605655908585,0.238907,1.40396,0.287081,0.734083,,,4.51398,-0.0144727,-0.00976356,999,,,,,,,75.00000000000003,4.166666666666668,72,4,,,,,,,,,,,,,,,,,,,"Daison Acosta","sa944989",670897
"Jack Dallas","PHI",0,1,0,4.69221,10,0,0,1,,10,44,10,6,5,2,4,,0,8,7.00596,3.37545,2.07556,1.406,0.178496,0.0859989,0.0924973115324974,0.261397,1.4056,0.290686,0.714026,,,4.86504,-0.0151837,-0.0267598,999,,,,,,,31.4,3.1399999999999997,32,3.2,,,,,,,,,,,,,,,,,,,"Jack Dallas","sa3020490",806585
"Alex Hoppe","SEA",1,1,0,4.01468,18,0,0,1,,18,78,17,9,8,2,8,,1,15,7.60065,4.03285,1.88468,0.974,0.194154,0.103017,0.0911373645067215,0.249406,1.4115,0.293871,0.733287,,,4.31376,-0.0152169,-0.0300844,999,,,,,,,71.40000000000002,3.9666666666666677,71,3.9444444444444446,,,,,,,,,,,,,,,,,,,"Alex Hoppe","sa3020836",695380
"Angel Chivilli","COL",1,2,0,4.94364,30,0,0,1,,30,133,33,18,16,4,12,,2,25,7.49217,3.54438,2.11382,1.311,0.187887,0.088885,0.09900165349245071,0.273613,1.48418,0.314174,0.699367,,,4.70079,-0.0152554,-0.022963,999,,,,,,,99.00000000000001,3.3000000000000003,110,3.6666666666666665,,,,,,,,,,,,,,,,,,,"Angel Chivilli","26790",683409
"T.J. McFarland",,2,2,0,4.1462,33,0,0,0,,33,144,35,17,15,3,12,,2,23,6.17678,3.21169,1.92322,0.94,0.157302,0.0817911,0.07551100105047226,0.271154,1.42996,0.30588,0.72085,,,4.3366,-0.0154226,0.0296055,999,,,,,,,120.30000000000004,3.645454545454547,130,3.9393939393939394,,,,,,,,,,,,,,,,,,,"T.J. McFarland","3237",519008
"Emiliano Teodo","TEX",2,2,0,4.29424,32,0,0,1,,32,141,29,16,15,4,17,,2,31,8.79126,4.88762,1.79868,1.088,0.22154,0.123168,0.09837198257446289,0.240052,1.45928,0.292502,0.731898,,,4.53032,-0.0155937,-0.0173028,750.4000244140625,,,,,,,121.20000000000002,3.7875000000000005,117,3.65625,,,,,,,,,,,,,,,,,,,"Emiliano Teodo","sa3015158",693713
"Dale Stanavich","MIA",1,1,0,4.39732,12,0,0,1,,12,54,12,6,6,1,7,,1,11,7.887,5.11515,1.54189,1.005,0.195861,0.127027,0.06883461773395538,0.251296,1.53715,0.298943,0.729671,,,4.69124,-0.0157803,0.00234072,999,,,,,,,47.30000000000001,3.9416666666666678,49,4.083333333333333,,,,,,,,,,,,,,,,,,,"Dale Stanavich","sa3019833",689359
"Blas Castaño","SEA",1,1,0,4.09578,12,0,0,1,,12,52,12,6,5,1,4,,1,9,6.7362,2.7408,2.45775,1.121,0.174167,0.0708643,0.10330236703157425,0.257753,1.31743,0.290622,0.71959,,,4.3606,-0.0162818,-0.0199844,999,,,,,,,52.30000000000001,4.358333333333334,54,4.5,,,,,,,,,,,,,,,,,,,"Blas Castano","26117",680604
"J.P. France","HOU",1,1,0,4.37736,30,0,0,1,,30,129,30,16,15,4,11,,1,27,8.06616,3.3102,2.43676,1.278,0.208107,0.0854031,0.12270372360944748,0.253441,1.35728,0.295707,0.721509,,,4.396,-0.0165589,-0.0429025,999,,,,,,,116.80000000000001,3.8933333333333335,120,4,,,,,,,,,,,,,,,,,,,"J.P. France","21212",641585
"Harrison Cohen","NYY",1,1,0,4.54596,12,0,0,1,,12,53,12,7,6,2,6,,1,11,7.9875,4.32172,1.84822,1.268,0.200663,0.108571,0.09209215641021729,0.25035,1.45567,0.290994,0.725386,,,4.77087,-0.0165987,-0.0404758,999,,,,,,,38.000000000000014,3.166666666666668,39,3.25,,,,,,,,,,,,,,,,,,,"Harrison Cohen","sa3020811",694660
"Sam Bachman","LAA",2,2,0,4.32891,42,0,0,1,,42,184,42,22,20,5,19,,2,36,7.73496,4.00534,1.93116,1.082,0.196383,0.101691,0.09469116479158401,0.256706,1.44222,0.301893,0.722912,,,4.45457,-0.0168921,-0.0334991,999,,,,,,,153.10000000000002,3.6452380952380956,158,3.761904761904762,,,,,,,,,,,,,,,,,,,"Sam Bachman","29754",696147
"Victor Mederos","LAA",2,2,0,4.54356,40,0,0,1,,40,175,41,22,20,6,15,,3,32,7.1408,3.39286,2.10465,1.266,0.181535,0.0862543,0.09528100490570068,0.260644,1.39978,0.295024,0.711955,,,4.7165,-0.017107,-0.0636511,999,,,,,,,129.6,3.2399999999999998,136,3.4,,,,,,,,,,,,,,,,,,,"Victor Mederos","31533",682989
"Peyton Alford","SEA",0,1,0,4.17234,10,0,0,1,,10,43,9,5,5,1,4,,0,9,8.37657,3.94884,2.12127,1.282,0.214533,0.101134,0.11339893937110901,0.238705,1.35996,0.279526,0.743173,,,4.56317,-0.0172266,-0.0167071,999,,,,,,,48.300000000000004,4.83,47,4.7,,,,,,,,,,,,,,,,,,,"Peyton Alford","sa3016843",688230
"Tommy McCollum","TBR",0,0,0,4.90867,8,0,0,1,,8,36,8,5,4,1,4,,0,7,7.39226,4.12628,1.79151,1.409,0.184887,0.103202,0.08168541640043259,0.261262,1.48669,0.294713,0.712835,,,5.04845,-0.017387,-0.0329691,999,,,,,,,32.10000000000001,4.012500000000001,33,4.125,,,,,,,,,,,,,,,,,,,"Tommy McCollum","sa3017204",695294
"Kervin Castro","NYY",2,2,0,4.29858,34,0,0,1,,34,148,33,18,16,5,15,,1,31,8.15434,4.00328,2.03692,1.2,0.207482,0.101861,0.10562126338481903,0.248004,1.40768,0.291772,0.730836,,,4.50941,-0.0175293,-0.0578547,999,,,,,,,122.30000000000003,3.5970588235294123,123,3.6176470588235294,,,,,,,,,,,,,,,,,,,"Kervin Castro","21656",665645
"Collin Baumgartner","COL",1,1,0,5.23086,12,0,0,1,,12,54,13,7,7,2,6,,1,10,7.8684,4.16887,1.88742,1.47,0.195574,0.10362,0.09195422381162643,0.267985,1.52567,0.307181,0.700296,,,5.02684,-0.0175474,-0.00376203,999,,,,,,,33.40000000000002,2.783333333333335,37,3.0833333333333335,,,,,,,,,,,,,,,,,,,"Collin Baumgartner","sa3023002",694677
"RJ Petit","COL",2,3,0,4.92341,52,0,0,6,,52,229,56,30,28,8,21,,3,44,7.62895,3.55119,2.14828,1.322,0.19208,0.0894112,0.10266909003257751,0.271112,1.47045,0.312388,0.699968,,,4.68347,-0.0185399,-0.00741448,999,,,,,,,180.79999999999998,3.4769230769230766,196,3.769230769230769,,,,,,,,,,,,,,,,,,,"RJ Petit","sa3017848",696275
"Michael Petersen","MIA",2,2,0,4.41947,36,0,0,1,,36,156,35,19,18,5,14,,2,33,8.24212,3.4363,2.39855,1.319,0.211731,0.0882749,0.12345656752586365,0.24887,1.35273,0.290374,0.722081,,,4.48055,-0.0188747,-0.0230195,999,,,,,,,135.90000000000003,3.775000000000001,137,3.8055555555555554,,,,,,,,,,,,,,,,,,,"Michael Petersen","20827",656848
"Cade Winquest","NYY",2,2,0,4.24261,42,0,0,1,,42,182,42,21,20,6,16,,2,34,7.37079,3.39531,2.17087,1.183,0.188692,0.0869199,0.10177188366651535,0.254226,1.37177,0.29143,0.725074,,,4.49107,-0.0189551,-0.0328088,999,,,,,,,145.8,3.4714285714285715,150,3.5714285714285716,,,,,,,,,,,,,,,,,,,"Cade Winquest","sa3020805",685464
"Carlos Vargas","SEA",3,3,0,3.83255,56,0,0,10,,56,239,54,26,24,6,20,,3,46,7.448,3.26607,2.28042,0.95,0.19431,0.085208,0.10910184681415558,0.251875,1.33223,0.296284,0.731109,,,4.08361,-0.0189648,0.0291442,999,,,,,,,263.20000000000005,4.700000000000001,265,4.732142857142857,,,,,,,,,,,,,,,,,,,"Carlos Vargas","22915",672841
"Alimber Santa","HOU",1,1,0,4.54658,14,0,0,1,,14,62,14,8,7,2,8,,1,12,7.96063,4.977,1.59948,1.098,0.198751,0.12426,0.07449161261320114,0.252058,1.52436,0.298315,0.722804,,,4.74208,-0.0194048,-0.036485,999,,,,,,,43.6,3.1142857142857143,45,3.2142857142857144,,,,,,,,,,,,,,,,,,,"Alimber Santa","sa3015478",695001
"Tanner Rainey","DET",1,1,0,4.47679,16,0,0,1,,16,70,15,8,8,2,8,,1,15,8.51715,4.40404,1.93394,1.27,0.216145,0.111764,0.10438095778226852,0.240735,1.41537,0.284471,0.726704,,,4.67168,-0.0194721,-0.00788797,999,,,,,,,61.80000000000001,3.8625000000000007,61,3.8125,,,,,,,,,,,,,,,,,,,"Tanner Rainey","17610",663432
"Josh Ekness","MIA",1,1,0,4.52299,16,0,0,1,,16,71,16,9,8,2,8,,1,14,7.77634,4.2723,1.82018,1.136,0.195359,0.10733,0.0880293920636177,0.252952,1.45695,0.295907,0.715316,,,4.66694,-0.0197228,-0.0268829,999,,,,,,,57.20000000000001,3.5750000000000006,59,3.6875,,,,,,,,,,,,,,,,,,,"Josh Ekness","sa3023204",694795
"Brent Suter",,3,3,0,4.18214,62,0,0,0,,62,267,65,31,29,8,19,,2,48,6.97375,2.7794,2.50908,1.185,0.179768,0.0716469,0.10812114924192429,0.262697,1.34946,0.297552,0.727272,,,4.34405,-0.019913,0.161363,999,,,,,,,224.39999999999998,3.6193548387096772,239,3.8548387096774195,,,,,,,,,,,,,,,,,,,"Brent Suter","13942",608718
"Cole Wilcox","SEA",1,1,0,3.92915,28,0,0,1,,28,120,28,13,12,3,9,,1,22,7.11077,3.04544,2.33489,1.023,0.184723,0.0791141,0.10560872405767441,0.254277,1.32858,0.293114,0.728247,,,4.18161,-0.020351,-0.0136483,999,,,,,,,115.50000000000001,4.125000000000001,119,4.25,,,,,,,,,,,,,,,,,,,"Cole Wilcox","27481",677961
"Hayden Durke","ARI",1,1,0,4.49265,14,0,0,1,,14,63,13,8,7,2,8,,1,14,8.72029,5.43221,1.60529,0.966,0.215874,0.134476,0.0813979059457779,0.246673,1.54874,0.30407,0.721861,,,4.56283,-0.0207952,-0.0282273,999,,,,,,,50.20000000000003,3.585714285714288,49,3.5,,,,,,,,,,,,,,,,,,,"Hayden Durke","sa3022733",694492
"Will Childers","MIL",1,1,0,4.65283,12,0,0,1,,12,53,12,7,6,2,5,,0,10,7.28085,4.11773,1.76817,1.271,0.183398,0.103722,0.07967619597911835,0.257665,1.46662,0.292598,0.718125,,,4.83743,-0.0213005,-0.0319149,999,,,,,,,42.000000000000014,3.5000000000000013,43,3.5833333333333335,,,,,,,,,,,,,,,,,,,"Will Childers","sa3021720",682999
"Jairo Iriarte","CHW",1,1,0,4.52678,26,0,0,1,,26,115,25,14,13,3,13,,2,23,7.88933,4.41287,1.7878,1.195,0.19811,0.110812,0.08729791641235352,0.251738,1.46587,0.29407,0.722303,,,4.75664,-0.0213934,-0.0362697,999,,,,,,,95.5,3.673076923076923,96,3.6923076923076925,,,,,,,,,,,,,,,,,,,"Jairo Iriarte","26907",683568
"Troy Taylor","SEA",2,2,0,4.07139,40,0,0,1,,40,174,38,20,18,5,18,,2,36,8.1448,3.94335,2.06545,1.081,0.208507,0.10095,0.10755713284015656,0.243717,1.37721,0.289588,0.733053,,,4.34821,-0.0214387,-0.0669236,999,,,,,,,151.7,3.7924999999999995,151,3.775,,,,,,,,,,,,,,,,,,,"Troy Taylor","31883",700187
"Génesis Cabrera","MIN",2,2,0,4.28858,35,0,0,0,,35,152,33,18,17,5,15,,2,32,8.26995,3.89895,2.12107,1.218,0.211618,0.0997697,0.11184859275817871,0.247119,1.38853,0.291642,0.731128,,,4.48575,-0.0215889,0.0348776,999,,,,,,,124.7,3.5628571428571427,123,3.5142857142857142,,,,,,,,,,,,,,,,,,,"Genesis Cabrera","17490",650893
"George Soriano","BAL",1,1,0,4.3877,24,0,0,1,,24,104,24,13,12,3,10,,1,22,8.22154,3.68126,2.23335,1.237,0.210015,0.094036,0.11597906053066254,0.253904,1.39655,0.299492,0.723981,,,4.47603,-0.021822,-0.0463559,999,,,,,,,93.30000000000001,3.8875000000000006,96,4,,,,,,,,,,,,,,,,,,,"George Soriano","21863",666277
"Domingo Gonzalez","SEA",1,1,0,4.15751,16,0,0,1,,16,69,15,8,7,2,7,,1,15,8.27314,3.85245,2.1475,1.194,0.212069,0.0987513,0.11331718415021896,0.240392,1.35453,0.283289,0.732831,,,4.46309,-0.0219322,-0.0267301,999,,,,,,,64.80000000000001,4.050000000000001,64,4,,,,,,,,,,,,,,,,,,,"Domingo Gonzalez","sa3007495",682445
"Paul Gervase","LAD",1,1,0,4.43471,28,0,0,1,,28,122,25,15,14,4,14,,1,29,9.24891,4.42093,2.09208,1.349,0.235848,0.112734,0.12311400473117828,0.237625,1.39897,0.286792,0.733843,,,4.63988,-0.0231014,-0.0283447,999,,,,,,,110.00000000000006,3.9285714285714306,105,3.75,,,,,,,,,,,,,,,,,,,"Paul Gervase","31571",801434
"Rolddy Muñoz","ATL",1,1,0,4.35374,22,0,0,1,,22,97,22,12,11,2,11,,1,19,7.95195,4.35301,1.82677,1.004,0.199948,0.109454,0.0904933288693428,0.25635,1.47959,0.30602,0.721323,,,4.42001,-0.0231245,-0.0284571,999,,,,,,,87.00000000000001,3.954545454545455,90,4.090909090909091,,,,,,,,,,,,,,,,,,,"Rolddy Munoz","27407",691548
"Yilber Díaz","ARI",2,2,1,4.66577,30,2,6,1,,37,166,36,21,19,5,21,,1,35,8.55656,5.01374,1.70662,1.122,0.212783,0.12468,0.08810218423604965,0.249292,1.52208,0.300595,0.716826,,,4.64569,-0.0232702,0.0132489,745.9299926757812,,,,,,,156.70000000000002,4.235135135135136,158,4.27027027027027,,,,,,,,,,,,,,,,,,,"Yilber Diaz","29271",700270
"Joey Gerber","NYM",1,1,0,4.26725,28,0,0,1,,28,120,27,14,13,4,10,,1,26,8.41709,3.37298,2.49545,1.308,0.217348,0.0870977,0.13025015592575073,0.244489,1.32485,0.286855,0.729332,,,4.40491,-0.0236658,-0.0163567,999,,,,,,,110.80000000000005,3.957142857142859,111,3.9642857142857144,,,,,,,,,,,,,,,,,,,"Joey Gerber","24591",680702
"Jack Neely","CHC",1,1,0,4.35874,22,0,0,1,,22,96,20,11,11,3,10,,1,21,8.64777,4.1141,2.10198,1.267,0.220902,0.105092,0.11580976843833923,0.241312,1.38442,0.286936,0.729074,,,4.56445,-0.0239361,-0.0044563,999,,,,,,,86.9,3.95,84,3.8181818181818183,,,,,,,,,,,,,,,,,,,"Jack Neely","30106",680891
"Andrew Hoffmann","ARI",2,2,0,4.20733,50,0,0,7,,50,216,50,25,23,6,18,,2,44,7.84823,3.2929,2.38338,1.081,0.202223,0.0848472,0.11737581342458725,0.255136,1.36197,0.300814,0.71796,,,4.17661,-0.0239702,0.00669527,999,,,,,,,222.2,4.444,228,4.56,,,,,,,,,,,,,,,,,,,"Andrew Hoffmann","29633",694851
"Ryan Harbin","PIT",2,2,0,4.3778,34,0,0,1,,34,152,33,18,17,4,19,,2,31,8.18441,5.06938,1.61448,0.938,0.203973,0.12634,0.07763338088989258,0.250326,1.52631,0.303089,0.723638,,,4.50475,-0.0241603,-0.0189356,999,,,,,,,119.60000000000004,3.5176470588235307,121,3.5588235294117645,,,,,,,,,,,,,,,,,,,"Ryan Harbin","sa3011733",689877
"Hunter Bigge","TBR",2,2,0,4.3844,46,0,0,4,,46,199,44,24,22,7,19,,2,45,8.90204,3.78055,2.35469,1.341,0.228189,0.0969081,0.13128092139959335,0.245678,1.3723,0.293384,0.731137,,,4.46991,-0.0243902,-0.0379055,750.4000244140625,,,,,,,182.90000000000006,3.9760869565217405,182,3.9565217391304346,,,,,,,,,,,,,,,,,,,"Hunter Bigge","26259",685801
"Marquis Grissom Jr.","WSN",1,1,0,4.77186,12,0,0,1,,12,53,12,7,6,2,5,,1,9,7.08705,3.9153,1.81009,1.388,0.179068,0.0989274,0.08014024049043655,0.256688,1.44075,0.286083,0.714352,,,5.00345,-0.0251865,-0.0279603,999,,,,,,,37.000000000000014,3.0833333333333344,38,3.1666666666666665,,,,,,,,,,,,,,,,,,,"Marquis Grissom Jr.","sa3020312",671726
"Gavin Hollowell","CHC",1,1,0,4.3083,20,0,0,1,,20,87,19,10,10,3,9,,1,19,8.55338,4.27171,2.00233,1.175,0.218301,0.109024,0.10927759855985641,0.242977,1.40413,0.291104,0.728136,,,4.51577,-0.0251892,-0.00394565,999,,,,,,,73.69999999999999,3.6849999999999996,73,3.65,,,,,,,,,,,,,,,,,,,"Gavin Hollowell","25427",668970
"William Kempner","MIA",1,1,0,4.4417,28,0,0,1,,28,124,27,15,14,3,14,,2,26,8.42863,4.60572,1.83004,1.106,0.211746,0.115706,0.0960400179028511,0.246742,1.46247,0.296322,0.721575,,,4.56876,-0.0252017,-0.0245995,999,,,,,,,108.10000000000004,3.860714285714287,109,3.892857142857143,,,,,,,,,,,,,,,,,,,"William Kempner","sa3020527",687531
"Samy Natera Jr.","LAA",1,2,0,4.41083,32,0,0,1,,32,141,29,17,16,4,17,,2,32,9.13528,4.79655,1.90455,1.26,0.23021,0.120873,0.10933639854192734,0.239871,1.45099,0.291163,0.73798,,,4.67092,-0.0252212,-0.0327083,999,,,,,,,123.20000000000002,3.8500000000000005,119,3.71875,,,,,,,,,,,,,,,,,,,"Samy Natera Jr.","sa3020862",696519
"Tyler Davis","CHW",1,1,0,4.80132,14,0,0,1,,14,62,14,8,7,2,7,,1,12,7.65071,4.39464,1.74092,1.414,0.191863,0.110208,0.0816553607583046,0.253056,1.47581,0.286824,0.721953,,,5.06222,-0.0255853,-0.033721,999,,,,,,,46.6,3.3285714285714287,48,3.4285714285714284,,,,,,,,,,,,,,,,,,,"Tyler Davis","sa3024515",699823
"Casey Legumina","SEA",2,2,0,4.0198,50,0,0,4,,50,214,46,24,22,6,20,,2,47,8.44267,3.52021,2.39834,1.169,0.219227,0.0914078,0.12781959772109985,0.2409,1.3174,0.28677,0.735767,,,4.24947,-0.0258554,-0.0438939,999,,,,,,,220.6,4.412,216,4.32,,,,,,,,,,,,,,,,,,,"Casey Legumina","25921",668984
"Hunter Parks","CIN",0,0,0,5.38248,8,0,0,1,,8,37,8,5,5,1,5,,1,7,7.54672,5.09794,1.48035,1.508,0.183555,0.123994,0.05956055223941803,0.261363,1.59448,0.293951,0.704814,,,5.54093,-0.0258945,-0.0233124,999,,,,,,,26.100000000000005,3.2625000000000006,27,3.375,,,,,,,,,,,,,,,,,,,"Hunter Parks","sa3017640",688609
"Andre Granillo","STL",2,2,0,4.35879,44,0,0,1,,44,191,41,23,21,6,19,,2,41,8.33396,3.97587,2.09613,1.275,0.213164,0.101694,0.11147025227546692,0.242698,1.37977,0.284687,0.729763,,,4.56218,-0.0259316,-0.0482171,999,,,,,,,168.20000000000002,3.822727272727273,165,3.75,,,,,,,,,,,,,,,,,,,"Andre Granillo","29542",701552
"Jacob Webb","CHC",3,3,0,4.34154,61,0,1,13,,61,263,57,31,29,9,25,,3,57,8.39586,3.62946,2.31325,1.309,0.21652,0.0935998,0.12292004376649857,0.243969,1.34564,0.286217,0.727231,,,4.49766,-0.0261093,0.0486551,999,,,,,,,279.5000000000001,4.581967213114756,275,4.508196721311475,,,,,,,,,,,,,,,,,,,"Jacob Webb","19274",657097
"Ben Peoples","CHW",1,1,0,4.72951,16,0,0,1,,16,71,16,9,8,2,7,,1,13,7.4763,4.13089,1.80985,1.399,0.188319,0.104052,0.0842670425772667,0.254023,1.45166,0.286559,0.721354,,,5.00453,-0.0262282,-0.0341749,999,,,,,,,58.20000000000001,3.6375000000000006,60,3.75,,,,,,,,,,,,,,,,,,,"Ben Peoples","sa3011784",687239
"Seth Johnson","PHI",2,3,1,4.72945,40,2,0,1,,47,208,47,27,25,7,21,,2,40,7.62861,4.03025,1.89284,1.365,0.192267,0.101576,0.0906909629702568,0.256623,1.45483,0.292446,0.71781,,,4.86492,-0.0262473,0.0269736,999,,,,,,,154.50000000000006,3.2872340425531927,159,3.382978723404255,,,,,,,,,,,,,,,,,,,"Seth Johnson","26020",686751
"Cam Sanders","PIT",1,1,0,4.66143,26,0,0,1,,26,117,25,14,13,3,15,,1,24,8.26737,5.20103,1.58956,1.109,0.204388,0.128581,0.07580655813217163,0.248589,1.53823,0.29671,0.719043,,,4.79354,-0.026311,-0.0214767,999,,,,,,,94.5,3.6346153846153846,95,3.6538461538461537,,,,,,,,,,,,,,,,,,,"Cam Sanders","23479",676742
"Cameron Foster","BAL",1,1,0,4.4499,30,0,0,1,,30,130,30,16,15,4,12,,1,26,7.85913,3.45684,2.2735,1.324,0.201631,0.0886874,0.11294352263212204,0.254623,1.38003,0.293603,0.723735,,,4.55949,-0.0266238,-0.0501089,999,,,,,,,111.80000000000001,3.726666666666667,115,3.8333333333333335,,,,,,,,,,,,,,,,,,,"Cameron Foster","sa3020735",671382
"Jackson Kowar","SEA",3,3,0,4.16925,54,0,0,7,,54,235,50,27,25,7,24,,3,52,8.70245,4.06683,2.13986,1.154,0.222396,0.10393,0.11846556514501572,0.240199,1.37621,0.289175,0.732354,,,4.36703,-0.0268668,-0.0904748,999,,,,,,,234.5,4.342592592592593,230,4.2592592592592595,,,,,,,,,,,,,,,,,,,"Jackson Kowar","21549",663804
"Triston McKenzie","SDP",2,2,1,4.94051,17,3,0,1,,32,141,31,19,17,5,15,,1,29,8.26605,4.37694,1.88855,1.553,0.207844,0.110055,0.09778904914855957,0.248445,1.45489,0.28353,0.719863,,,5.10282,-0.0269689,0.0573009,730.27001953125,,,,,,,108.70000000000002,3.3968750000000005,109,3.40625,,,,,,,,,,,,,,,,,,,"Triston McKenzie","18000",663474
"Zach Brzykcy","MIA",1,1,0,4.74163,14,0,0,1,,14,62,14,8,7,2,7,,1,13,8.13497,4.41861,1.84107,1.309,0.203827,0.110711,0.09311576932668686,0.251808,1.47408,0.293415,0.717661,,,4.80911,-0.0287082,-0.0272525,999,,,,,,,48.60000000000003,3.4714285714285738,50,3.5714285714285716,,,,,,,,,,,,,,,,,,,"Zach Brzykcy","27783",694350
"Jake Miller","CLE",1,1,0,4.623,16,0,0,1,,16,70,17,9,8,2,6,,1,12,6.70748,3.57171,1.87795,1.26,0.169924,0.0904838,0.07943996787071228,0.26418,1.44001,0.294823,0.713051,,,4.77641,-0.0289097,-0.0417326,999,,,,,,,56.60000000000001,3.5375000000000005,61,3.8125,,,,,,,,,,,,,,,,,,,"Jake Miller","sa3018171",681313
"Reiver Sanmartin","SFG",2,2,0,3.95837,44,0,0,1,,44,191,46,21,19,4,15,,2,32,6.57581,3.13904,2.09485,0.872,0.16856,0.0804639,0.08809588849544525,0.266534,1.40022,0.306208,0.725121,,,4.10274,-0.0290646,-0.00340591,999,,,,,,,173.80000000000004,3.950000000000001,185,4.204545454545454,,,,,,,,,,,,,,,,,,,"Reiver Sanmartin","19754",665665
"Roddery Muñoz","HOU",2,2,0,4.48003,34,0,0,1,,34,148,32,18,17,5,15,,2,33,8.84393,4.02422,2.19768,1.332,0.225324,0.102528,0.12279586493968964,0.24677,1.40179,0.29462,0.727134,,,4.57121,-0.0296083,-0.0445474,999,,,,,,,125.90000000000002,3.702941176470589,124,3.6470588235294117,,,,,,,,,,,,,,,,,,,"Roddery Munoz","25311",682610
"Josh Simpson","MIA",2,2,0,4.15704,40,0,0,1,,40,175,38,20,18,5,20,,2,37,8.35227,4.53024,1.84367,1.038,0.212426,0.115219,0.09720685333013535,0.245512,1.44128,0.296225,0.73542,,,4.4238,-0.0299228,0.00778921,999,,,,,,,147.7,3.6925,147,3.675,,,,,,,,,,,,,,,,,,,"Josh Simpson","25957",681006
"Joe La Sorsa","PIT",1,1,0,4.72535,14,0,0,1,,14,62,15,8,7,2,5,,1,9,6.0174,3.42,1.75947,1.223,0.150836,0.0857276,0.06510788947343826,0.272717,1.47235,0.298806,0.708165,,,4.84613,-0.0309363,-0.0253165,999,,,,,,,44,3.142857142857143,48,3.4285714285714284,,,,,,,,,,,,,,,,,,,"Joe La Sorsa","25481",686747
"Daniel Espino","CLE",0,0,0,5.58923,14,0,0,0,,14,68,15,10,9,2,7,,1,13,8.37549,4.49478,1.86338,1.37851,0.192943,0.103545,0.08939865976572037,0.254136,1.58204,0.292628,0.659426,,,4.95482,-0.0310459,-0.10021,999,,,,,,,42.00000000000003,3.000000000000002,46,3.2857142857142856,,,,,,,,,,,,,,,,,,,"Daniel Espino","sa3011495",682982
"Kade Strowd","BAL",3,3,0,4.2323,60,0,1,13,,60,261,59,31,28,7,27,,2,54,8.07729,4.01813,2.01021,1.052,0.20624,0.102596,0.10364385694265366,0.254051,1.428,0.303473,0.726122,,,4.3239,-0.0318051,-0.0601568,999,,,,,,,282.5,4.708333333333333,287,4.783333333333333,,,,,,,,,,,,,,,,,,,"Kade Strowd","26191",669704
"Juan Sanchez","SFG",1,1,0,4.29279,18,0,0,1,,18,79,18,9,9,2,8,,1,16,7.76595,4.22835,1.83664,1.082,0.195444,0.106414,0.08902982622385025,0.250841,1.44784,0.294183,0.728464,,,4.52028,-0.0319086,-0.0140897,999,,,,,,,70.80000000000003,3.933333333333335,73,4.055555555555555,,,,,,,,,,,,,,,,,,,"Juan Sanchez","sa3005444",678738
"Drew Smith",,2,2,0,4.31738,44,0,0,0,,44,190,41,22,21,7,18,,2,44,8.92763,3.70579,2.4091,1.347,0.22944,0.0952389,0.13420138508081436,0.240383,1.34188,0.286121,0.733644,,,4.45897,-0.0328554,0.114385,999,,,,,,,160.9,3.6568181818181817,157,3.5681818181818183,,,,,,,,,,,,,,,,,,,"Drew Smith","17755",622098
"Max Lazar","PHI",2,2,0,4.42742,42,0,0,1,,42,181,43,22,21,6,14,,1,33,7.12999,3.03883,2.3463,1.306,0.183953,0.0784016,0.10555177181959152,0.262239,1.36955,0.29583,0.72029,,,4.55219,-0.0340888,-0.0170665,999,,,,,,,150.2,3.576190476190476,157,3.738095238095238,,,,,,,,,,,,,,,,,,,"Max Lazar","23426",676661
"Joel Hurtado","LAA",1,2,0,4.62043,28,0,0,1,,28,123,30,16,14,4,11,,1,20,6.27914,3.57959,1.75415,1.191,0.158653,0.0904443,0.06820866465568542,0.270127,1.46467,0.299577,0.710822,,,4.8034,-0.0344364,-0.0628417,999,,,,,,,88,3.142857142857143,96,3.4285714285714284,,,,,,,,,,,,,,,,,,,"Joel Hurtado","sa3019774",805871
"Spencer Miles","TOR",0,0,0,5.58923,20,0,0,0,,20,96,22,14,12,3,10,,1,19,8.37549,4.49478,1.86338,1.37851,0.192943,0.103545,0.08939865976572037,0.254136,1.58204,0.292628,0.659426,,,4.95482,-0.0348379,-0.132019,999,,,,,,,58.89999999999999,2.9449999999999994,66,3.3,,,,,,,,,,,,,,,,,,,"Spencer Miles","sa3020475",693686
"Daniel Harper","PHI",1,1,0,5.10448,13,0,0,1,,13,58,14,8,7,2,6,,0,10,7.1136,4.25035,1.67365,1.487,0.177128,0.105833,0.07129461318254471,0.263287,1.51268,0.292118,0.709383,,,5.23412,-0.0356055,-0.0406913,999,,,,,,,41.199999999999996,3.169230769230769,45,3.4615384615384617,,,,,,,,,,,,,,,,,,,"Daniel Harper","sa3020316",679702
"Luis Mey","CIN",2,2,0,4.69505,44,0,0,1,,44,198,43,25,23,6,26,,2,40,8.16012,5.27922,1.54571,1.141,0.201464,0.130338,0.07112616300582886,0.254189,1.56896,0.302193,0.722702,,,4.87694,-0.036578,-0.0563282,999,,,,,,,140,3.1818181818181817,142,3.227272727272727,,,,,,,,,,,,,,,,,,,"Luis Mey","25620",682825
"Scott Blewett","STL",1,1,0,4.35905,28,0,0,1,,28,121,29,15,14,4,10,,1,21,6.78307,3.13554,2.16329,1.191,0.174099,0.0804788,0.09362027049064636,0.261897,1.38082,0.294523,0.717766,,,4.50877,-0.0368573,-0.0419017,999,,,,,,,95.6,3.414285714285714,101,3.607142857142857,,,,,,,,,,,,,,,,,,,"Scott Blewett","16427",656240
"Spencer Bivens","SFG",3,4,0,4.12715,70,0,1,14,,70,303,73,35,32,8,22,,3,53,6.85128,2.85945,2.39601,1.026,0.175697,0.0733291,0.10236801207065582,0.263314,1.36247,0.300976,0.717137,,,4.1898,-0.0375182,-0.00356494,999,,,,,,,321.8,4.597142857142857,338,4.828571428571428,,,,,,,,,,,,,,,,,,,"Spencer Bivens","30226",702352
"Robinson Ortiz","SEA",2,2,0,3.95982,34,0,0,1,,34,148,31,16,15,4,16,,2,31,8.2337,4.29647,1.91639,1.046,0.209868,0.109512,0.10035558044910431,0.240235,1.39876,0.287121,0.744396,,,4.38803,-0.0376643,-0.0238588,999,,,,,,,133.80000000000004,3.93529411764706,130,3.823529411764706,,,,,,,,,,,,,,,,,,,"Robinson Ortiz","sa3004006",673662
"Ryan Loutos","SEA",1,1,0,4.25799,24,0,0,1,,24,104,24,12,11,3,10,,1,20,7.45549,3.66307,2.03531,1.167,0.190447,0.0935714,0.09687526524066925,0.252665,1.39383,0.290798,0.727426,,,4.49618,-0.0384188,-0.0400089,999,,,,,,,89.30000000000001,3.7208333333333337,92,3.8333333333333335,,,,,,,,,,,,,,,,,,,"Ryan Loutos","29521",702795
"Ty Adcock","SDP",2,3,0,4.23445,50,0,0,4,,50,215,48,25,24,7,19,,2,46,8.3113,3.38495,2.45537,1.27,0.215078,0.0875953,0.12748318910598755,0.247644,1.33706,0.291158,0.730052,,,4.36251,-0.0396414,-0.00483608,999,,,,,,,204.09999999999997,4.081999999999999,204,4.08,,,,,,,,,,,,,,,,,,,"Ty Adcock","25651",686654
"Jaden Woods","PIT",1,1,0,4.52925,24,0,0,1,,24,107,24,13,12,3,12,,1,20,7.34591,4.48646,1.63735,1.122,0.183321,0.111962,0.07135892659425735,0.255162,1.49306,0.294193,0.721492,,,4.78717,-0.0401053,-0.0221455,999,,,,,,,83.30000000000001,3.4708333333333337,86,3.5833333333333335,,,,,,,,,,,,,,,,,,,"Jaden Woods","sa3023064",692243
"Eric Reyzelman","NYY",1,1,0,4.73301,18,0,0,1,,18,81,17,10,9,3,11,,1,17,8.46965,5.4224,1.56197,1.274,0.20873,0.133632,0.07509797811508179,0.244225,1.54606,0.288401,0.728775,,,5.02833,-0.0402726,-0.0453357,999,,,,,,,54.10000000000001,3.005555555555556,53,2.9444444444444446,,,,,,,,,,,,,,,,,,,"Eric Reyzelman","sa3020611",801432
"Jayvien Sandridge","NYY",1,1,0,4.3451,26,0,0,1,,26,116,24,14,13,3,15,,1,26,9.07408,5.13284,1.76785,1.208,0.226449,0.128093,0.09835609793663025,0.236659,1.47714,0.287285,0.742905,,,4.72529,-0.0407141,-0.0516542,999,,,,,,,101.1,3.8884615384615384,99,3.8076923076923075,,,,,,,,,,,,,,,,,,,"Jayvien Sandridge","25158",682144
"Miguel Castro",,2,2,0,4.34467,38,0,0,0,,38,165,37,20,18,5,16,,2,33,7.83512,3.67588,2.13149,1.132,0.200492,0.0940619,0.10643022507429123,0.253605,1.39451,0.297486,0.717131,,,4.39083,-0.0434885,-0.0136119,999,,,,,,,135.5,3.5657894736842106,137,3.6052631578947367,,,,,,,,,,,,,,,,,,,"Miguel Castro","15684",612434
"Bailey Horn","DET",2,3,0,4.21488,52,0,0,6,,52,227,50,26,24,6,23,,2,46,7.94565,4.0617,1.95624,1.118,0.202526,0.103528,0.09899768978357315,0.248718,1.41413,0.2928,0.732749,,,4.44838,-0.0450619,-0.0259928,999,,,,,,,222,4.269230769230769,223,4.288461538461538,,,,,,,,,,,,,,,,,,,"Bailey Horn","27753",690544
"Alek Jacob","SDP",2,2,0,4.65531,33,0,0,1,,33,145,33,18,17,5,14,,2,28,7.55176,3.84499,1.96405,1.371,0.190808,0.0971499,0.09365761280059814,0.253031,1.41764,0.28674,0.71807,,,4.88726,-0.0460021,-0.0651028,999,,,,,,,108.90000000000005,3.3000000000000016,112,3.393939393939394,,,,,,,,,,,,,,,,,,,"Alek Jacob","29628",689690
"Bradley Blalock","COL",1,2,1,5.99994,13,3,0,1,,28,125,34,19,18,5,11,,1,17,5.58048,3.56915,1.56353,1.677,0.136597,0.087364,0.04923250526189804,0.298484,1.62247,0.314953,0.672455,,,5.61404,-0.0473457,0.0483656,999,,,,,,,59.30000000000001,2.1178571428571433,77,2.75,,,,,,,,,,,,,,,,,,,"Bradley Blalock","26419",687134
"Juan Morillo","ARI",3,3,0,4.3069,56,0,1,11,,56,247,55,29,27,6,28,,2,49,7.82584,4.48153,1.74624,0.912,0.197472,0.113084,0.08438806980848312,0.256248,1.48738,0.307262,0.719045,,,4.33967,-0.0510886,0.0524432,999,,,,,,,254.60000000000008,4.546428571428573,259,4.625,,,,,,,,,,,,,,,,,,,"Juan Morillo","21924",666661
"Gavin Collyer","TEX",1,1,0,4.78253,26,0,0,1,,26,117,25,15,14,4,15,,2,24,8.28748,5.06492,1.63625,1.263,0.20516,0.125385,0.0797758400440216,0.247046,1.51689,0.290539,0.718445,,,4.99645,-0.0532133,-0.0764144,999,,,,,,,79.19999999999999,3.0461538461538455,79,3.0384615384615383,,,,,,,,,,,,,,,,,,,"Gavin Collyer","sa3011742",686560
"Brandan Bidois","PIT",2,2,0,4.64637,42,0,0,1,,42,186,41,23,22,6,21,,2,38,8.14232,4.47255,1.82051,1.203,0.204101,0.112112,0.09198904782533646,0.251684,1.47685,0.296404,0.717041,,,4.68121,-0.0550773,-0.0462104,999,,,,,,,141.4,3.3666666666666667,143,3.4047619047619047,,,,,,,,,,,,,,,,,,,"Brandan Bidois","sa3015277",684049
"Garrett Acton","COL",1,2,0,5.17587,34,0,0,1,,34,150,35,21,20,6,15,,1,32,8.41847,3.88877,2.16482,1.612,0.211585,0.097738,0.1138468012213707,0.261318,1.46486,0.300831,0.706334,,,4.9988,-0.0575674,-0.0418373,999,,,,,,,106.80000000000001,3.1411764705882357,112,3.2941176470588234,,,,,,,,,,,,,,,,,,,"Garrett Acton","27583",670183
"Jayden Murray","HOU",2,2,0,4.6108,44,0,0,1,,44,192,44,24,23,6,18,,2,37,7.58657,3.74709,2.02466,1.282,0.192699,0.095176,0.09752281755208969,0.256969,1.41885,0.294957,0.713001,,,4.72047,-0.0610437,-0.0794852,999,,,,,,,155.4,3.5318181818181817,160,3.6363636363636362,,,,,,,,,,,,,,,,,,,"Jayden Murray","26482",681151
"Austin Love","STL",2,2,0,4.50409,38,0,0,1,,38,167,38,20,19,5,17,,2,32,7.61305,3.95214,1.92631,1.229,0.192695,0.100033,0.09266184270381927,0.252743,1.42619,0.290975,0.720141,,,4.67175,-0.0631826,-0.0459649,999,,,,,,,131.89999999999998,3.4710526315789467,136,3.5789473684210527,,,,,,,,,,,,,,,,,,,"Austin Love","sa3017609",676153
"Robby Ahlstrom","TEX",2,2,0,4.63926,34,0,0,1,,34,151,34,19,18,5,18,,1,28,7.53941,4.6355,1.62645,1.263,0.188234,0.115733,0.07250071316957474,0.253309,1.50131,0.290152,0.726743,,,4.95476,-0.0648722,-0.0808344,999,,,,,,,104.70000000000002,3.079411764705883,108,3.176470588235294,,,,,,,,,,,,,,,,,,,"Robby Ahlstrom","sa3018193",695239
"Peyton Pallette","CLE",2,2,0,4.38843,48,0,0,4,,48,209,46,25,23,7,21,,2,45,8.352,3.88074,2.15216,1.255,0.213069,0.0990022,0.11406683176755905,0.245879,1.38339,0.289733,0.724304,,,4.54028,-0.0678373,-0.0661859,999,,,,,,,186.50000000000003,3.8854166666666674,186,3.875,,,,,,,,,,,,,,,,,,,"Peyton Pallette","sa3020742",688883
"Juan Burgos","ARI",2,2,0,4.56305,47,0,0,4,,47,207,48,26,24,6,20,,2,38,7.33354,3.8096,1.92501,1.122,0.185294,0.0962561,0.08903834968805313,0.262067,1.45246,0.302751,0.709429,,,4.53736,-0.0683577,-0.0770238,999,,,,,,,175.2,3.7276595744680847,183,3.893617021276596,,,,,,,,,,,,,,,,,,,"Juan Burgos","27271",686228
"Andry Lara","WSN",2,2,0,4.60002,40,0,0,1,,40,175,42,22,20,6,15,,1,29,6.41801,3.46151,1.85411,1.257,0.163303,0.0880765,0.07522671669721603,0.265101,1.4307,0.293035,0.713,,,4.78696,-0.0686075,-0.0531817,999,,,,,,,126.99999999999999,3.175,136,3.4,,,,,,,,,,,,,,,,,,,"Andry Lara","27967",691251
"Marc Church","TEX",2,2,0,4.63064,44,0,0,1,,44,194,42,24,23,6,22,,2,40,8.279,4.54003,1.82356,1.277,0.208447,0.114308,0.09413879364728928,0.248689,1.46675,0.292199,0.722819,,,4.77057,-0.0715017,-0.0862185,999,,,,,,,154.60000000000002,3.513636363636364,154,3.5,,,,,,,,,,,,,,,,,,,"Marc Church","26353",687847
"Kaleb Ort","HOU",3,3,0,4.41734,54,0,0,10,,54,234,50,28,27,8,25,,2,55,9.24792,4.13318,2.23748,1.344,0.237466,0.106131,0.13133502751588821,0.239322,1.37619,0.289169,0.730784,,,4.5085,-0.0773729,-0.0351836,999,,,,,,,240.20000000000005,4.448148148148149,235,4.351851851851852,,,,,,,,,,,,,,,,,,,"Kaleb Ort","20061",672391
"Luis Peralta","COL",2,2,0,5.20172,40,0,0,1,,40,182,42,25,23,6,22,,2,36,8.14075,5.05494,1.61045,1.323,0.198815,0.123453,0.07536211609840393,0.265733,1.60707,0.311674,0.707103,,,5.08373,-0.0777571,-0.0568695,999,,,,,,,116.99999999999999,2.925,126,3.15,,,,,,,,,,,,,,,,,,,"Luis Peralta","24203",678821
"Steven Wilson","TBR",2,3,0,4.91275,52,0,0,7,,52,229,51,30,28,9,23,,2,49,8.47819,3.93423,2.15498,1.621,0.213839,0.0992299,0.1146087497472763,0.24874,1.41246,0.284114,0.720279,,,5.04523,-0.0783191,-0.138821,999,,,,,,,192.50000000000003,3.7019230769230775,194,3.730769230769231,,,,,,,,,,,,,,,,,,,"Steven Wilson","20353",621051
"Matt Pushard","STL",3,3,0,4.26673,56,0,0,10,,56,242,55,29,27,7,21,,2,48,7.63822,3.40105,2.24584,1.202,0.196387,0.0874449,0.10894237458705902,0.251498,1.35938,0.290356,0.724405,,,4.43086,-0.0797941,-0.0330792,999,,,,,,,252.30000000000007,4.505357142857144,256,4.571428571428571,,,,,,,,,,,,,,,,,,,"Matt Pushard","sa3019955",690155
"Orlando Ribalta","WSN",2,3,0,4.64245,48,0,0,4,,48,211,46,26,25,7,24,,2,43,8.03454,4.44921,1.80584,1.333,0.202649,0.112219,0.09043007344007492,0.246596,1.44877,0.284962,0.723489,,,4.87994,-0.0869333,-0.0467316,749.469970703125,,,,,,,173.50000000000003,3.614583333333334,173,3.6041666666666665,,,,,,,,,,,,,,,,,,,"Orlando Ribalta","26247",687377
"Luis Guerrero","TBR",1,2,0,5.08011,30,0,0,1,,30,135,30,18,17,5,17,,1,26,7.85031,5.016,1.56505,1.434,0.193379,0.123561,0.06981851160526276,0.255033,1.5529,0.291159,0.715583,,,5.28274,-0.0965936,-0.101068,999,,,,,,,84.5,2.816666666666667,87,2.9,,,,,,,,,,,,,,,,,,,"Luis Guerrero","31184",692285
"Alexis Díaz","TEX",3,3,0,4.66851,60,0,3,12,,60,266,55,33,31,9,31,,4,59,8.91555,4.67038,1.90895,1.305,0.223582,0.117123,0.10645914077758789,0.238643,1.43491,0.285267,0.717,,,4.81609,-0.101282,-0.250601,617.5999755859375,,,,,,,266.3,4.4383333333333335,259,4.316666666666666,,,,,,,,,,,,,,,,,,,"Alexis Diaz","21132",664747
"Carter Baumler","TEX",2,3,0,4.56944,54,0,0,10,,54,237,54,29,27,8,24,,2,46,7.72328,4.03703,1.91311,1.257,0.195399,0.102137,0.09326217323541641,0.254361,1.44105,0.293664,0.719631,,,4.70411,-0.107406,-0.126851,999,,,,,,,214.80000000000004,3.9777777777777783,220,4.074074074074074,,,,,,,,,,,,,,,,,,,"Carter Baumler","sa3014480",691945
"Michael Kelly","ATH",3,3,0,4.57224,60,0,3,11,,60,263,60,33,30,8,26,,3,54,8.03085,3.87228,2.07393,1.267,0.203716,0.0982269,0.1054890975356102,0.254591,1.42476,0.297135,0.717667,,,4.60232,-0.109974,-0.0928693,746.2000122070312,,,,,,,269.6,4.493333333333334,276,4.6,,,,,,,,,,,,,,,,,,,"Michael Kelly","12791",547184
"Zach Maxwell","CIN",3,3,0,4.59082,55,0,0,10,,55,243,51,30,28,8,30,,2,55,8.99491,4.85619,1.85226,1.32,0.226372,0.122214,0.1041577085852623,0.24335,1.47369,0.292463,0.731075,,,4.77225,-0.1119,0.00944475,999,,,,,,,230.00000000000003,4.1818181818181825,225,4.090909090909091,,,,,,,,,,,,,,,,,,,"Zach Maxwell","31610",687209
"Cole Winn","TEX",3,3,0,4.39572,63,0,6,11,,63,275,61,33,31,8,28,,3,56,7.93086,3.95623,2.00465,1.193,0.20162,0.100576,0.10104375332593918,0.250714,1.41323,0.29309,0.723025,,,4.55735,-0.135955,-0.0986324,999,,,,,,,302.20000000000005,4.7968253968253975,304,4.825396825396825,,,,,,,,,,,,,,,,,,,"Cole Winn","22113",668390
"Zach Agnos","COL",2,3,0,5.29542,50,0,0,4,,50,223,55,31,29,8,21,,2,40,7.18567,3.75527,1.91349,1.5,0.179003,0.093548,0.08545522391796112,0.276458,1.52392,0.309419,0.696299,,,5.07684,-0.141786,-0.0675516,744.0700073242188,,,,,,,155.60000000000002,3.1120000000000005,173,3.46,,,,,,,,,,,,,,,,,,,"Zach Agnos","31552",688642
"Alexander Alberto","CHW",2,3,0,5.11384,52,0,0,6,,52,239,54,32,30,7,32,,3,38,6.55591,5.55483,1.18022,1.186,0.158653,0.134427,0.024226069450378418,0.266785,1.66238,0.298744,0.711059,,,5.41246,-0.15417,-0.194659,999,,,,,,,153.30000000000004,2.9480769230769237,164,3.1538461538461537,,,,,,,,,,,,,,,,,,,"Alexander Alberto","sa3015986",693739
"Kyle Keller",,2,2,0,4.7363,40,0,0,0,,40,176,39,22,21,6,19,,1,38,8.49573,4.2336,2.00674,1.374,0.214282,0.106781,0.10750067979097366,0.250916,1.44862,0.294634,0.71979,,,4.75191,-0.175257,-0.120312,999,,,,,,,136.79999999999998,3.4199999999999995,138,3.45,,,,,,,,,,,,,,,,,,,"Kyle Keller","18890",664918
"Eli Morgan",,2,2,0,4.63557,43,0,0,0,,43,187,43,24,22,7,16,,1,37,7.81336,3.26851,2.3905,1.43,0.200022,0.0836738,0.11634821444749832,0.25466,1.36729,0.289866,0.715728,,,4.6563,-0.190528,-0.168197,999,,,,,,,143.3,3.332558139534884,147,3.4186046511627906,,,,,,,,,,,,,,,,,,,"Eli Morgan","20203",669212
"Colin Poche",,2,2,0,4.71543,34,0,0,0,,34,150,33,19,18,5,16,,1,30,8.01476,4.18733,1.91405,1.407,0.20215,0.105614,0.09653625637292862,0.248947,1.43792,0.285405,0.722759,,,4.88098,-0.194815,-0.135663,999,,,,,,,113.30000000000003,3.332352941176471,114,3.3529411764705883,,,,,,,,,,,,,,,,,,,"Colin Poche","19403",621363
"Cole Henry","WSN",3,3,0,4.69925,64,0,16,8,,64,285,60,36,33,9,33,,4,59,8.29177,4.6141,1.79705,1.304,0.20711,0.11525,0.09185979515314102,0.243821,1.4564,0.284854,0.717451,,,4.90967,-0.23729,-0.218821,728.530029296875,,,,,,,325.90000000000003,5.0921875000000005,322,5.03125,,,,,,,,,,,,,,,,,,,"Cole Henry","27570",669371
"Wikelman González","CHW",3,3,0,4.58609,62,0,1,12,,62,275,57,34,32,9,34,,3,61,8.83902,4.97796,1.77563,1.304,0.22127,0.124615,0.09665502607822418,0.239203,1.46978,0.285297,0.730486,,,4.87347,-0.261099,-0.17516,999,,,,,,,263.9,4.256451612903225,257,4.145161290322581,,,,,,,,,,,,,,,,,,,"Wikelman Gonzalez","26641",682790
"Hunter Strickland",,2,2,0,4.85604,40,0,0,0,,40,177,41,23,22,6,17,,2,32,7.2601,3.91419,1.85481,1.389,0.182551,0.0984199,0.08413075655698776,0.257937,1.45122,0.289338,0.709929,,,4.96452,-0.289272,-0.231805,999,,,,,,,122.6,3.065,129,3.225,,,,,,,,,,,,,,,,,,,"Hunter Strickland","7836",519326
"Lucas Sims",,2,2,0,4.92925,34,0,0,0,,34,154,32,20,19,5,20,,3,32,8.48586,5.21171,1.62823,1.325,0.208657,0.12815,0.08050742745399475,0.244477,1.52284,0.287536,0.714469,,,5.13857,-0.353021,-0.247202,999,,,,,,,101.90000000000002,2.997058823529412,100,2.9411764705882355,,,,,,,,,,,,,,,,,,,"Lucas Sims","13470",608371
"Joel Peguero","SFG",3,3,0,4.39365,64,0,5,12,,64,281,66,34,31,8,26,,3,51,7.15912,3.59526,1.99127,1.076,0.181285,0.09104,0.090244822204113,0.261418,1.43056,0.300915,0.714137,,,4.42947,-0.444384,-0.234255,999,,,,,,,291.6,4.55625,304,4.75,,,,,,,,,,,,,,,,,,,"Joel Peguero","21951",666711