player_name,mlbid,final_adp,week,x1b,x2b,x3b,hr,bb,hbp,r,rbi,sb,ud_points,week_rank,rank_group
Nick Kurtz,701762,NA,2025-07-21,5,5,0,5,3,0,9,11,1,148,1,H1
Jose Ramirez,608070,8.37,2025-07-07,2,1,0,4,5,1,10,11,7,140,1,H1
Pete Alonso,624413,29.95,2025-06-02,5,2,0,5,3,2,9,15,0,140,1,H1
Shohei Ohtani,660271,1.11,2025-05-05,3,3,1,4,5,0,9,10,1,132,1,H1
Cal Raleigh,663728,152.19,2025-06-16,3,2,0,5,3,0,10,12,2,132,1,H1
George Springer,543807,107.02,2025-06-30,7,0,0,5,4,0,9,13,1,131,1,H1
Vinnie Pasquantino,686469,131.56,2025-08-18,3,2,0,6,2,1,7,12,0,128,1,H1
Kyle Tucker,663656,7.8,2025-03-31,3,3,0,3,8,0,11,8,2,127,1,H1
Matt Olson,621566,21.79,2025-09-15,4,4,1,3,4,1,9,10,0,127,1,H1
Trea Turner,607208,35.91,2025-05-19,6,2,1,3,3,0,8,8,4,125,1,H1
Juan Soto,665742,3.25,2025-09-01,5,1,1,3,6,0,7,9,3,121,1,H1
Freddie Freeman,518692,26.39,2025-05-05,7,3,1,3,2,0,7,12,0,121,2,H1
Juan Soto,665742,3.25,2025-08-25,5,0,0,3,7,1,8,7,5,119,1,H1
Seiya Suzuki,673548,54.65,2025-05-19,5,4,0,3,4,0,9,10,0,119,2,H1
Taylor Ward,621493,83.15,2025-05-19,3,4,1,3,2,0,9,12,0,119,2,H1
Junior Caminero,691406,65.87,2025-05-26,3,4,0,4,1,0,8,13,0,118,1,H1
Francisco Lindor,596019,17.8,2025-08-11,8,3,0,3,3,0,7,7,2,117,1,H1
Jo Adell,666176,198.16,2025-09-01,5,1,0,5,2,0,6,12,1,117,2,H1
James Wood,695578,32.36,2025-04-07,2,1,0,4,8,0,7,8,2,114,1,H1
Byron Buxton,621439,140.84,2025-06-16,2,1,0,6,4,0,7,6,1,114,2,H1
Cal Raleigh,663728,152.19,2025-05-26,2,0,0,6,3,1,6,10,1,114,2,H1
Aaron Judge,592450,2.1,2025-06-30,4,2,0,3,9,1,7,7,0,112,2,H1
Aaron Judge,592450,2.1,2025-08-25,3,2,0,3,8,1,10,5,1,112,2,H1
Lawrence Butler,671732,38.6,2025-06-02,5,6,0,1,5,0,11,5,1,112,2,H1
Jose Altuve,514888,81.09,2025-06-30,4,2,1,3,4,0,9,10,0,112,2,H1
Aaron Judge,592450,2.1,2025-09-22,4,1,0,4,7,0,7,9,0,111,1,H1
Julio Rodriguez,677594,14.08,2025-07-07,1,4,0,3,4,0,10,7,2,111,2,H1
Will Benson,666181,239.99,2025-05-12,4,1,0,5,3,0,5,10,1,111,1,H1
Otto Lopez,672640,NA,2025-06-23,7,2,0,2,3,1,8,13,1,111,1,H1
Elly De La Cruz,682829,5.23,2025-06-09,6,2,0,4,2,0,8,7,1,110,1,H1
Bryce Harper,547180,27.32,2025-04-14,3,2,0,3,7,0,8,9,1,110,1,H1
Rafael Devers,646240,35.39,2025-08-25,6,2,0,3,4,0,9,10,0,110,3,H1
Michael Busch,683737,226.9,2025-06-30,7,2,0,4,2,1,7,7,0,110,4,H1
Shohei Ohtani,660271,1.11,2025-08-04,6,2,0,3,5,0,9,4,2,109,1,H1
Trea Turner,607208,35.91,2025-08-18,8,1,1,2,1,0,7,9,4,109,2,H1
Jurickson Profar,595777,69.27,2025-08-18,5,1,0,3,2,2,6,13,2,109,2,H1
Nick Kurtz,701762,NA,2025-07-07,2,2,0,4,4,0,8,9,1,108,3,H1
Jurickson Profar,595777,69.27,2025-08-04,3,1,0,3,10,0,10,4,1,107,2,H1
Trevor Story,596115,238.76,2025-06-30,6,3,0,3,1,0,7,10,1,107,5,H1
Christian Yelich,592885,58.87,2025-08-11,6,1,0,4,2,0,6,12,0,106,2,H1
Michael Busch,683737,226.9,2025-09-22,0,3,1,4,4,0,6,8,0,106,2,H1
Aaron Judge,592450,2.1,2025-09-08,4,0,0,5,4,1,9,5,0,105,1,H1
Wyatt Langford,694671,24.34,2025-08-18,4,3,0,2,7,0,9,4,2,105,4,H1
Brandon Nimmo,607043,51.96,2025-08-25,6,4,0,2,3,0,8,9,0,105,4,H1
Shohei Ohtani,660271,1.11,2025-09-15,2,3,0,4,4,0,6,6,1,104,2,H1
William Contreras,661388,61.55,2025-07-28,8,2,0,3,2,0,11,5,0,104,1,H1
Aaron Judge,592450,2.1,2025-04-28,6,2,1,3,3,0,7,6,0,103,1,H1
Wyatt Langford,694671,24.34,2025-07-07,7,1,0,2,4,0,7,7,4,103,4,H1
Riley Greene,682985,44.7,2025-04-28,9,0,0,4,1,1,7,8,0,103,1,H1
Riley Greene,682985,44.7,2025-06-16,5,3,0,3,2,0,7,10,0,103,3,H1
Eugenio Suarez,553993,104.99,2025-06-16,5,2,0,4,0,2,5,10,0,103,3,H1
Trevor Story,596115,238.76,2025-07-28,2,4,0,3,2,1,7,8,1,103,2,H1
Mookie Betts,605141,16.08,2025-09-08,7,3,0,2,3,0,7,10,0,102,2,H1
Freddie Freeman,518692,26.39,2025-08-18,4,3,0,3,3,1,7,6,1,102,5,H1
Alex Bregman,608324,60.11,2025-03-31,4,5,0,2,2,0,7,10,0,102,2,H1
Seiya Suzuki,673548,54.65,2025-09-22,1,1,0,5,2,0,6,12,0,101,3,H1
Pete Alonso,624413,29.95,2025-04-28,6,2,0,2,7,1,8,5,0,100,3,H1
James Wood,695578,32.36,2025-05-26,2,2,0,3,6,0,5,8,2,100,3,H1
Corey Seager,608369,43.68,2025-07-07,7,2,0,2,6,1,8,5,0,100,5,H1
Jose Altuve,514888,81.09,2025-08-04,6,1,0,3,4,0,7,6,2,100,3,H1
Aaron Judge,592450,2.1,2025-03-24,0,2,0,4,3,0,8,11,0,99,1,H1
Francisco Lindor,596019,17.8,2025-05-05,4,2,0,3,2,1,5,7,3,99,3,H1
James Wood,695578,32.36,2025-06-16,1,2,0,4,6,0,5,8,0,99,5,H1
Cody Bellinger,641355,47.51,2025-05-12,5,4,0,2,4,0,6,8,0,99,2,H1
Cody Bellinger,641355,47.51,2025-08-25,7,3,0,2,4,0,6,8,0,99,5,H1
Randy Arozarena,668227,53.57,2025-06-30,3,0,0,6,0,0,6,9,0,99,6,H1
Christian Yelich,592885,58.87,2025-07-28,6,1,0,2,7,0,10,7,0,99,3,H1
CJ Abrams,682928,79.08,2025-06-16,5,1,0,2,6,0,8,4,4,99,5,H1
Josh Naylor,647304,89.6,2025-08-04,2,2,0,3,2,1,6,5,5,99,4,H1
Zach Neto,687263,202.06,2025-07-07,8,2,0,2,3,0,10,3,2,99,6,H1
Geraldo Perdomo,672695,240,2025-08-11,5,1,0,2,6,0,9,3,4,99,3,H1
Shohei Ohtani,660271,1.11,2025-04-28,3,1,1,2,7,0,9,2,3,98,4,H1
Ketel Marte,606466,37.6,2025-06-02,4,0,0,4,6,0,6,8,0,98,3,H1
Mark Vientos,668901,83.69,2025-08-25,3,2,0,3,3,2,6,10,0,98,6,H1
George Springer,543807,107.02,2025-08-25,7,1,0,2,3,2,10,4,2,98,6,H1
Isaac Paredes,670623,121.15,2025-05-19,6,1,0,4,1,1,7,7,0,98,4,H1
Jeremy Pena,665161,180.02,2025-05-26,6,1,0,3,2,0,6,5,4,98,4,H1
Willson Contreras,575929,182.14,2025-07-21,3,5,0,2,2,3,6,6,0,98,2,H1
Jose Ramirez,608070,8.37,2025-03-31,2,2,0,4,4,1,5,5,1,97,3,H1
Kyle Schwarber,656941,12.34,2025-05-19,2,1,0,3,9,0,9,5,0,97,5,H1
Jarren Duran,680776,15.71,2025-04-21,7,4,2,0,2,0,6,3,3,97,1,H1
Pete Alonso,624413,29.95,2025-03-31,3,2,0,3,3,1,6,11,0,97,3,H1
Rafael Devers,646240,35.39,2025-03-31,6,3,0,1,7,0,8,7,0,97,3,H1
Ketel Marte,606466,37.6,2025-08-11,5,3,0,2,3,1,6,8,1,97,4,H1
Oneil Cruz,665833,50.09,2025-05-19,2,1,1,3,5,0,7,5,2,97,5,H1
Cal Raleigh,663728,152.19,2025-04-14,3,1,0,4,4,0,5,8,1,97,2,H1
Yandy Diaz,650490,154.91,2025-09-15,10,2,0,1,9,0,5,4,0,97,3,H1
Isaac Collins,686555,NA,2025-08-04,4,2,1,2,3,2,6,7,1,97,5,H1
Mickey Moniak,666160,NA,2025-06-16,2,1,1,4,1,0,6,9,1,97,7,H1
Mauricio Dubon,643289,NA,2025-06-16,2,3,0,4,3,0,7,5,0,97,7,H1
Jackson Chourio,694192,13.9,2025-05-26,5,3,0,2,1,0,8,8,2,96,5,H1
Brandon Nimmo,607043,51.96,2025-04-28,3,2,0,3,3,0,7,11,0,96,5,H1
Jung Hoo Lee,808982,132.35,2025-04-07,2,2,1,3,4,0,6,8,0,96,2,H1
Ryan McMahon,641857,172.9,2025-05-05,4,2,0,3,6,0,8,4,0,96,4,H1
Austin Hays,669720,212.98,2025-04-14,8,1,0,3,2,0,7,8,0,96,3,H1
Corbin Carroll,682998,6.36,2025-05-12,4,1,0,3,3,0,7,4,4,95,3,H1
Jose Ramirez,608070,8.37,2025-07-21,5,2,0,2,5,1,7,4,2,95,3,H1
Kyle Schwarber,656941,12.34,2025-09-08,3,1,0,3,8,0,6,7,0,95,3,H1
Rafael Devers,646240,35.39,2025-05-19,4,1,0,3,5,0,6,10,0,95,7,H1
Willy Adames,642715,76.34,2025-06-30,7,2,0,2,4,0,6,9,0,95,7,H1
CJ Abrams,682928,79.08,2025-05-12,3,2,0,4,2,0,8,4,1,95,3,H1
Eugenio Suarez,553993,104.99,2025-04-21,3,1,0,4,3,1,9,5,0,95,2,H1
Max Muncy,571970,161.48,2025-05-26,3,0,0,4,2,0,6,12,1,95,6,H1
Andy Pages,681624,228.33,2025-04-21,7,3,0,3,0,0,5,6,1,95,2,H1
Miguel Vargas,678246,NA,2025-05-12,4,2,0,4,0,1,5,9,0,95,3,H1
Kyle Stowers,669065,NA,2025-07-07,6,0,0,3,4,1,6,8,1,95,7,H1
Shohei Ohtani,660271,1.11,2025-05-12,5,0,0,4,3,0,6,9,0,94,6,H1
Jose Ramirez,608070,8.37,2025-09-15,4,2,0,2,5,1,8,4,2,94,4,H1
Kyle Schwarber,656941,12.34,2025-08-25,1,0,1,4,3,0,7,10,0,94,8,H1
Seiya Suzuki,673548,54.65,2025-03-31,3,1,0,3,7,0,5,9,0,94,6,H1
Andrew Vaughn,683734,236.76,2025-07-28,8,0,0,3,2,0,7,10,0,94,4,H1
Josh Smith,669701,239.59,2025-06-09,6,3,0,2,4,0,9,4,0,94,2,H1
Maikel Garcia,672580,239.72,2025-04-28,8,2,0,2,2,0,4,4,4,94,6,H1
Colson Montgomery,695657,239.98,2025-09-01,4,0,0,3,5,1,9,8,0,94,3,H1
Ernie Clement,676391,NA,2025-08-04,6,2,1,3,0,0,9,4,0,94,6,H1
Trent Grisham,663757,NA,2025-08-25,2,0,0,3,7,1,6,7,2,94,8,H1
Aaron Judge,592450,2.1,2025-06-02,5,2,0,2,5,1,7,5,1,93,4,H1
Jose Ramirez,608070,8.37,2025-05-12,4,1,0,3,3,0,7,5,3,93,7,H1
Marcell Ozuna,542303,25.41,2025-05-12,3,1,0,3,6,0,6,9,0,93,7,H1
Pete Alonso,624413,29.95,2025-04-14,4,3,1,2,5,0,4,6,0,93,4,H1
Michael Harris II,671739,42.59,2025-09-22,5,2,0,3,0,0,4,6,4,93,4,H1
Bo Bichette,666182,84.67,2025-08-04,4,2,0,3,1,0,8,10,0,93,7,H1
Bo Bichette,666182,84.67,2025-09-01,3,4,0,2,4,0,6,8,0,93,4,H1
Matt Chapman,656305,93.14,2025-04-14,6,1,0,2,7,0,4,6,2,93,4,H1
Byron Buxton,621439,140.84,2025-08-25,1,1,0,4,2,0,7,8,2,93,10,H1
Zach Neto,687263,202.06,2025-08-11,3,1,0,4,3,1,5,8,0,93,5,H1
Shea Langeliers,669127,226.05,2025-08-04,4,2,0,4,1,0,6,7,0,93,7,H1
Jorge Polanco,593871,239.99,2025-04-21,2,2,0,4,2,1,5,8,0,93,4,H1
Mike Trout,545361,36.46,2025-07-07,3,1,0,3,7,0,4,9,0,92,8,H1
Christian Yelich,592885,58.87,2025-05-26,6,1,0,3,1,1,5,9,1,92,7,H1
William Contreras,661388,61.55,2025-04-07,4,2,0,3,2,0,6,10,0,92,3,H1
Josh Naylor,647304,89.6,2025-06-09,7,2,0,2,3,0,6,9,0,92,3,H1
Anthony Volpe,683011,135.32,2025-07-28,3,1,1,3,1,0,7,5,3,92,5,H1
Nick Kurtz,701762,NA,2025-05-19,3,0,0,4,5,0,5,9,0,92,8,H1
Nick Kurtz,701762,NA,2025-06-16,2,2,0,4,2,0,6,8,0,92,9,H1
Juan Soto,665742,3.25,2025-06-23,3,0,0,4,4,0,7,6,1,91,2,H1
Kyle Schwarber,656941,12.34,2025-07-21,3,1,0,4,2,0,5,10,0,91,4,H1
Freddie Freeman,518692,26.39,2025-04-28,6,2,0,2,5,0,6,7,0,91,7,H1
Ketel Marte,606466,37.6,2025-06-16,5,5,0,1,2,0,8,7,0,91,10,H1
Marcus Semien,543760,65.54,2025-07-07,5,0,0,3,3,1,10,7,0,91,9,H1
Spencer Steer,668715,80.57,2025-06-23,8,1,0,3,1,0,5,7,1,91,2,H1
Matt Chapman,656305,93.14,2025-07-21,3,1,1,3,3,1,5,8,0,91,4,H1
George Springer,543807,107.02,2025-09-01,3,1,0,3,5,1,8,4,1,91,5,H1
Zach Neto,687263,202.06,2025-05-12,2,3,0,3,3,0,7,7,0,91,9,H1
Jordan Beck,687597,234.82,2025-04-21,2,0,0,5,3,0,5,6,1,91,5,H1
Andrew Benintendi,643217,238.69,2025-09-01,4,1,0,3,4,1,5,9,0,91,5,H1
Kyle Stowers,669065,NA,2025-06-23,2,4,0,2,5,0,5,8,0,91,2,H1
Agustin Ramirez,682663,NA,2025-06-23,5,4,1,1,2,0,8,6,0,91,2,H1
Dylan Moore,664238,NA,2025-04-14,6,1,0,3,1,0,6,5,3,91,6,H1
Yordan Alvarez,670541,9.59,2025-09-01,9,2,0,2,3,0,5,6,0,90,7,H1
Gunnar Henderson,683002,12.24,2025-07-28,6,1,0,2,4,0,8,9,0,90,6,H1
Pete Alonso,624413,29.95,2025-08-25,9,2,0,2,1,0,7,7,0,90,11,H1
Michael Harris II,671739,42.59,2025-08-11,8,2,0,2,0,0,6,9,1,90,6,H1
Corey Seager,608369,43.68,2025-06-23,3,0,0,3,6,1,6,7,1,90,6,H1
Adolis Garcia,666969,49.79,2025-07-07,5,1,0,3,2,1,6,7,1,90,10,H1
Oneil Cruz,665833,50.09,2025-04-21,5,1,0,3,3,0,6,5,2,90,6,H1
George Springer,543807,107.02,2025-07-21,11,1,0,1,5,0,10,3,0,90,6,H1
Matt Shaw,807713,227.33,2025-07-21,3,2,0,3,1,0,5,9,2,90,6,H1
Logan O'Hoppe,681351,238.67,2025-05-19,5,1,0,4,1,0,6,7,0,90,9,H1
Noelvi Marte,682622,239.78,2025-04-21,6,2,0,2,2,0,3,8,3,90,6,H1
Hunter Goodman,696100,239.98,2025-06-02,3,3,1,3,1,0,5,6,0,90,5,H1
Shohei Ohtani,660271,1.11,2025-05-26,2,0,0,4,5,0,9,5,0,89,8,H1
Juan Soto,665742,3.25,2025-06-02,6,1,0,1,11,0,8,3,0,89,6,H1
Juan Soto,665742,3.25,2025-09-15,5,2,0,2,4,0,3,6,3,89,5,H1
Alex Bregman,608324,60.11,2025-04-21,6,4,0,1,5,0,5,6,0,89,8,H1
Bo Bichette,666182,84.67,2025-07-21,6,5,0,1,1,0,4,10,0,89,8,H1
Ceddanne Rafaela,678882,156.21,2025-07-07,4,1,0,3,1,0,5,10,2,89,11,H1
Tyler Fitzgerald,666149,237.85,2025-04-14,5,2,1,2,2,0,7,5,1,89,7,H1
Francisco Alvarez,682626,239.35,2025-08-11,3,3,0,3,0,0,7,9,0,89,7,H1
Kyle Teel,691019,239.94,2025-08-18,8,1,0,2,3,0,7,8,0,89,6,H1
Harrison Bader,664056,239.99,2025-09-08,12,3,0,1,0,1,7,4,0,89,4,H1
Geraldo Perdomo,672695,240,2025-04-28,6,3,0,1,3,0,3,8,3,89,8,H1
Ernie Clement,676391,NA,2025-05-26,7,4,0,2,0,0,6,6,0,89,8,H1
Mike Tauchman,643565,NA,2025-05-26,4,4,1,1,5,0,6,4,0,89,8,H1
Ramon Laureano,657656,NA,2025-08-11,4,2,0,3,2,1,7,4,1,89,7,H1
Aaron Judge,592450,2.1,2025-05-19,4,1,0,3,4,0,6,6,1,88,10,H1
Corbin Carroll,682998,6.36,2025-04-07,5,3,0,2,2,1,7,4,1,88,4,H1
Kyle Tucker,663656,7.8,2025-06-23,6,2,0,2,2,0,6,6,2,88,7,H1
Teoscar Hernandez,606192,29.24,2025-04-28,7,3,0,1,1,0,6,8,2,88,9,H1
Pete Alonso,624413,29.95,2025-09-15,6,1,0,3,3,1,6,5,0,88,6,H1
Rafael Devers,646240,35.39,2025-05-05,7,1,0,2,5,0,3,8,1,88,5,H1
Ozzie Albies,645277,58.95,2025-08-25,4,2,0,3,2,0,4,10,0,88,12,H1
Jurickson Profar,595777,69.27,2025-08-25,4,2,0,2,6,0,8,3,1,88,12,H1
Jasson Dominguez,691176,70.56,2025-06-30,7,1,1,2,1,0,5,6,2,88,8,H1
Taylor Ward,621493,83.15,2025-04-07,2,0,0,5,2,0,7,6,0,88,4,H1
Mark Vientos,668901,83.69,2025-08-18,2,2,0,4,2,0,5,7,0,88,7,H1
Max Muncy,571970,161.48,2025-06-16,2,0,1,2,6,0,6,10,1,88,11,H1
Evan Carter,694497,197.41,2025-06-09,4,2,0,2,4,0,7,5,2,88,4,H1
Nico Hoerner,663538,212.11,2025-03-31,9,1,0,0,3,0,6,5,6,88,7,H1
Jordan Beck,687597,234.82,2025-07-28,5,0,0,3,5,0,5,7,1,88,7,H1
Hunter Goodman,696100,239.98,2025-09-01,5,2,0,3,1,0,4,10,0,88,8,H1
Colson Montgomery,695657,239.98,2025-09-22,4,3,0,3,2,0,5,6,0,88,5,H1
Agustin Ramirez,682663,NA,2025-04-21,2,4,0,3,2,0,4,5,1,88,9,H1
Juan Soto,665742,3.25,2025-08-04,4,0,0,3,5,0,7,4,2,87,9,H1
Corbin Carroll,682998,6.36,2025-04-14,6,1,0,2,1,0,5,9,3,87,8,H1
Jose Ramirez,608070,8.37,2025-05-26,6,3,0,2,3,0,6,3,1,87,11,H1
Gunnar Henderson,683002,12.24,2025-08-18,6,0,1,2,2,1,6,4,3,87,8,H1
Kyle Schwarber,656941,12.34,2025-04-28,0,1,0,4,4,1,5,8,0,87,10,H1
Kyle Schwarber,656941,12.34,2025-05-05,7,0,0,3,2,0,5,6,2,87,6,H1
Francisco Lindor,596019,17.8,2025-09-15,6,1,0,2,4,1,9,3,1,87,7,H1
Riley Greene,682985,44.7,2025-03-31,4,3,0,3,1,0,7,5,0,87,8,H1
Manny Machado,592518,45.54,2025-06-02,8,0,0,3,3,0,4,6,1,87,7,H1
Randy Arozarena,668227,53.57,2025-07-07,3,1,0,3,2,2,7,6,1,87,12,H1
Seiya Suzuki,673548,54.65,2025-06-30,2,3,0,3,3,0,4,8,0,87,9,H1
Jasson Dominguez,691176,70.56,2025-05-05,3,1,0,3,4,0,8,7,0,87,6,H1
Willy Adames,642715,76.34,2025-04-28,3,2,0,3,4,0,6,4,1,87,10,H1
Steven Kwan,680757,82.5,2025-07-21,5,0,0,3,6,0,7,5,0,87,9,H1
Taylor Ward,621493,83.15,2025-05-12,2,1,0,4,3,0,5,8,0,87,10,H1
Bo Bichette,666182,84.67,2025-06-16,6,2,0,3,1,0,5,7,0,87,12,H1
Heliot Ramos,671218,108.52,2025-05-05,5,3,0,2,2,2,4,7,0,87,6,H1
Roman Anthony,701350,198.72,2025-08-11,2,1,0,2,7,0,10,3,2,87,9,H1
Xander Bogaerts,593428,211.87,2025-08-04,3,1,0,3,2,0,7,5,3,87,9,H1
Andy Pages,681624,228.33,2025-06-16,5,2,0,3,0,2,6,6,0,87,12,H1
Jonathan Aranda,666018,239.63,2025-05-26,6,3,0,1,4,1,7,6,0,87,11,H1
Addison Barger,680718,NA,2025-05-26,4,2,0,3,3,0,6,6,0,87,11,H1
Zach McKinstry,656716,NA,2025-07-07,1,2,0,2,5,1,4,5,4,87,12,H1
Jackson Chourio,694192,13.9,2025-03-31,4,3,0,3,0,0,5,8,0,86,9,H1
Julio Rodriguez,677594,14.08,2025-09-01,1,1,0,4,0,1,7,8,1,86,9,H1
Freddie Freeman,518692,26.39,2025-07-28,8,2,0,2,2,0,4,8,0,86,8,H1
Teoscar Hernandez,606192,29.24,2025-03-31,3,2,0,3,1,0,5,7,2,86,9,H1
Teoscar Hernandez,606192,29.24,2025-09-08,6,2,0,3,0,0,7,6,0,86,5,H1
James Wood,695578,32.36,2025-05-12,5,1,0,2,3,0,7,7,2,86,11,H1
Cody Bellinger,641355,47.51,2025-07-07,6,1,0,3,0,0,9,7,0,86,14,H2
Oneil Cruz,665833,50.09,2025-04-14,3,1,0,3,3,0,6,6,2,86,9,H1
William Contreras,661388,61.55,2025-08-25,5,2,0,3,1,0,7,6,0,86,14,H2
George Springer,543807,107.02,2025-05-26,3,1,0,3,4,1,7,6,0,86,14,H2
Yandy Diaz,650490,154.91,2025-06-16,9,2,0,2,1,2,6,3,0,86,14,H2
Daulton Varsho,662139,183.34,2025-08-04,4,1,0,3,4,0,3,10,0,86,11,H1
Tyler Soderstrom,691016,238.1,2025-06-02,3,0,1,2,6,1,4,8,1,86,8,H1
Ty France,664034,239.69,2025-04-07,7,2,0,2,2,1,6,6,0,86,6,H1
Spencer Horwitz,687462,239.83,2025-09-22,5,3,0,2,3,0,5,7,0,86,6,H1
Geraldo Perdomo,672695,240,2025-06-23,5,2,0,1,5,0,7,6,2,86,8,H1
Geraldo Perdomo,672695,240,2025-08-18,5,0,2,1,5,0,6,5,2,86,9,H1
Jose Caballero,676609,NA,2025-05-26,3,3,0,1,2,1,6,6,4,86,14,H2
Ramon Laureano,657656,NA,2025-07-28,7,0,1,2,1,2,9,5,0,86,8,H1
Shohei Ohtani,660271,1.11,2025-09-01,2,3,0,3,5,0,3,5,0,85,10,H1
Aaron Judge,592450,2.1,2025-09-15,5,1,0,1,9,1,7,3,1,85,8,H1
Jackson Chourio,694192,13.9,2025-04-07,3,2,1,2,0,0,8,8,1,85,7,H1
Brent Rooker,667670,20.89,2025-07-07,4,3,0,2,3,0,5,6,1,85,15,H2
Ian Happ,664023,38.05,2025-06-09,2,1,0,3,5,0,6,6,1,85,5,H1
Bryan Reynolds,668804,42.05,2025-06-23,3,5,0,2,0,0,7,6,0,85,9,H1
Brenton Doyle,686668,56.73,2025-08-18,5,2,0,3,0,0,4,8,1,85,10,H1
William Contreras,661388,61.55,2025-08-11,7,2,0,1,4,0,4,9,1,85,10,H1
Kerry Carpenter,681481,130.48,2025-04-28,5,2,0,3,0,0,6,8,0,85,12,H1
Cal Raleigh,663728,152.19,2025-09-15,2,1,0,4,3,0,6,6,0,85,8,H1
Xavier Edwards,669364,165.36,2025-08-04,13,2,0,0,0,0,3,4,5,85,12,H1
Michael Busch,683737,226.9,2025-04-07,3,3,1,2,0,2,6,6,0,85,7,H1
Brice Turang,668930,230.59,2025-08-18,8,1,0,2,2,1,5,6,1,85,10,H1
Trevor Larnach,663616,237.16,2025-04-21,4,1,0,3,3,0,5,9,0,85,10,H1
Kyle Teel,691019,239.94,2025-09-01,2,2,0,2,6,1,5,6,1,85,10,H1
Kyle Stowers,669065,NA,2025-04-28,3,1,0,4,0,0,5,10,0,85,12,H1
Aaron Judge,592450,2.1,2025-05-05,3,2,0,3,3,0,6,6,0,84,9,H1
Jose Ramirez,608070,8.37,2025-07-28,6,1,0,2,4,0,7,5,1,84,10,H1
Mookie Betts,605141,16.08,2025-04-28,6,1,1,1,2,0,9,9,0,84,14,H2
Jackson Merrill,701538,22.38,2025-09-08,1,1,2,3,1,0,5,8,0,84,6,H1
James Wood,695578,32.36,2025-06-23,6,0,0,1,8,0,5,7,2,84,10,H1
Adolis Garcia,666969,49.79,2025-08-25,8,3,0,1,0,0,7,7,1,84,15,H2
Brandon Nimmo,607043,51.96,2025-06-09,6,0,0,3,2,0,6,5,2,84,6,H1
Brandon Nimmo,607043,51.96,2025-06-30,2,1,0,3,1,1,5,9,2,84,10,H1
Junior Caminero,691406,65.87,2025-09-01,6,3,0,2,0,0,5,9,0,84,12,H1
Steven Kwan,680757,82.5,2025-09-01,9,2,0,0,3,0,4,4,5,84,12,H1
Vinnie Pasquantino,686469,131.56,2025-06-02,10,1,0,2,1,1,4,7,0,84,9,H1
Anthony Volpe,683011,135.32,2025-03-31,4,3,0,2,1,1,6,8,0,84,11,H1
Ceddanne Rafaela,678882,156.21,2025-06-30,1,6,0,2,1,0,6,5,0,84,10,H1
TJ Friedl,670770,168.11,2025-05-05,5,0,0,2,9,0,5,4,1,84,9,H1
Jeremy Pena,665161,180.02,2025-09-15,5,2,0,2,2,1,8,6,0,84,10,H1
Josh Bell,605137,238,2025-05-26,6,0,0,3,3,1,5,7,0,84,16,H2
Maikel Garcia,672580,239.72,2025-06-02,3,2,0,2,3,0,5,6,3,84,9,H1
Maikel Garcia,672580,239.72,2025-07-21,3,1,2,2,3,0,6,4,1,84,10,H1
Ryan O'Hearn,656811,239.89,2025-05-19,9,2,0,1,4,1,4,4,1,84,11,H1
Jorge Polanco,593871,239.99,2025-09-08,1,10,0,0,1,0,3,6,0,84,6,H1
Dane Myers,667472,240,2025-04-28,4,1,0,2,4,0,3,8,3,84,14,H2
Isaac Collins,686555,NA,2025-06-16,3,2,0,2,3,0,7,8,1,84,15,H2
Juan Soto,665742,3.25,2025-08-18,3,0,0,2,8,0,7,6,1,83,12,H1
Elly De La Cruz,682829,5.23,2025-04-14,4,0,0,2,5,0,5,5,4,83,10,H1
Corbin Carroll,682998,6.36,2025-04-21,1,1,3,2,2,0,6,4,1,83,11,H1
Corbin Carroll,682998,6.36,2025-09-15,5,2,1,1,2,0,5,7,2,83,11,H1
Brent Rooker,667670,20.89,2025-08-04,5,4,0,1,1,1,5,7,1,83,13,H2
Mike Trout,545361,36.46,2025-03-31,1,1,0,3,4,0,6,8,1,83,12,H1
Lawrence Butler,671732,38.6,2025-05-19,2,5,1,1,1,0,5,4,2,83,12,H1
Ozzie Albies,645277,58.95,2025-09-01,6,1,1,2,1,0,6,4,2,83,14,H2
Marcus Semien,543760,65.54,2025-06-30,4,1,0,2,5,0,6,7,1,83,12,H1
Willy Adames,642715,76.34,2025-07-21,5,3,0,1,5,1,7,4,0,83,11,H1
Max Muncy,571970,161.48,2025-08-04,4,0,0,3,7,0,4,6,0,83,13,H2
Nico Hoerner,663538,212.11,2025-09-08,7,3,1,0,2,0,6,3,3,83,8,H1
Alec Burleson,676475,219.26,2025-06-16,6,1,0,3,1,0,4,9,0,83,16,H2
Ben Rice,700250,239.01,2025-08-11,4,2,0,2,5,0,4,8,0,83,11,H1
Angel Martinez,682657,NA,2025-07-07,0,3,0,3,1,0,6,8,1,83,16,H2
Shohei Ohtani,660271,1.11,2025-07-21,3,0,0,4,3,0,6,6,0,82,12,H1
Elly De La Cruz,682829,5.23,2025-07-07,5,3,1,0,5,0,4,3,3,82,17,H2
Corbin Carroll,682998,6.36,2025-08-25,4,3,0,2,2,0,5,6,1,82,16,H2
Jarren Duran,680776,15.71,2025-05-19,7,2,1,1,3,0,5,6,0,82,13,H2
Michael Harris II,671739,42.59,2025-07-21,5,2,2,2,1,0,5,3,0,82,12,H1
Christian Yelich,592885,58.87,2025-04-21,7,1,0,1,5,0,3,8,2,82,12,H1
Christian Yelich,592885,58.87,2025-06-16,7,4,0,0,1,0,2,11,2,82,17,H2
Alex Bregman,608324,60.11,2025-04-28,2,2,0,3,3,1,6,5,0,82,16,H2
Bo Bichette,666182,84.67,2025-05-26,3,2,0,3,3,0,4,7,0,82,17,H2
Matt Chapman,656305,93.14,2025-06-02,3,3,0,2,2,1,5,4,2,82,11,H1
JJ Bleday,668709,111.18,2025-09-01,2,1,0,4,0,0,6,9,0,82,15,H2
Cedric Mullins,656775,133.6,2025-04-14,2,1,0,3,6,0,6,3,1,82,11,H1
Cal Raleigh,663728,152.19,2025-09-08,3,2,0,1,10,1,7,2,0,82,9,H1
Nathaniel Lowe,663993,192.46,2025-04-28,4,2,0,2,3,1,5,8,0,82,16,H2
Wilyer Abreu,677800,217.36,2025-03-24,3,2,0,2,5,0,5,6,1,82,2,H1
Shea Langeliers,669127,226.05,2025-07-21,7,0,0,3,3,0,5,6,0,82,12,H1
Jeff McNeil,643446,239.75,2025-08-18,1,2,0,3,2,1,5,9,0,82,13,H2
Spencer Horwitz,687462,239.83,2025-07-28,5,2,0,2,3,0,5,8,0,82,11,H1
Jake Fraley,641584,NA,2025-04-14,3,2,0,2,5,0,6,7,0,82,11,H1
Trent Grisham,663757,NA,2025-03-31,4,1,0,3,2,0,5,9,0,82,13,H2
Ramon Laureano,657656,NA,2025-06-23,4,3,0,1,4,0,9,4,1,82,11,H1
Elly De La Cruz,682829,5.23,2025-05-26,2,2,0,3,3,0,8,4,0,81,18,H2
Corbin Carroll,682998,6.36,2025-03-31,2,1,1,3,3,0,6,5,0,81,14,H2
Kyle Tucker,663656,7.8,2025-05-19,8,0,0,2,3,0,6,4,2,81,14,H2
Francisco Lindor,596019,17.8,2025-08-18,7,2,0,1,4,0,6,1,3,81,14,H2
James Wood,695578,32.36,2025-04-28,5,3,0,1,6,0,4,2,2,81,18,H2
Randy Arozarena,668227,53.57,2025-04-14,4,2,0,1,4,1,3,7,3,81,13,H2
Junior Caminero,691406,65.87,2025-08-04,4,0,0,4,1,0,5,8,0,81,15,H2
Taylor Ward,621493,83.15,2025-06-23,0,5,0,1,6,1,5,5,0,81,12,H1
Byron Buxton,621439,140.84,2025-05-05,2,1,1,2,3,0,6,8,1,81,11,H1
Byron Buxton,621439,140.84,2025-07-07,5,3,1,1,1,1,7,3,1,81,18,H2
Max Muncy,571970,161.48,2025-06-23,5,1,0,2,2,0,7,10,0,81,12,H1
Rhys Hoskins,656555,172.72,2025-04-14,6,0,0,3,0,1,5,8,1,81,13,H2
Jo Adell,666176,198.16,2025-06-02,2,0,0,4,1,2,6,5,1,81,12,H1
Josh Jung,673962,208.9,2025-05-12,6,0,0,3,1,0,6,7,1,81,12,H1
Spencer Torkelson,679529,237.98,2025-04-14,2,2,0,2,5,0,4,10,0,81,13,H2
Giancarlo Stanton,519317,238.16,2025-08-18,1,1,0,4,2,0,6,7,0,81,14,H2
Mike Yastrzemski,573262,238.77,2025-09-22,3,1,0,2,7,1,6,3,1,81,7,H1
Casey Schmitt,669477,239.77,2025-06-09,4,0,0,3,3,0,4,11,0,81,7,H1
Luis Matos,682641,NA,2025-08-18,3,2,1,2,2,0,5,4,2,81,14,H2
Kyle Stowers,669065,NA,2025-05-12,4,1,1,3,1,2,4,4,0,81,12,H1
Elly De La Cruz,682829,5.23,2025-03-31,3,2,0,2,1,0,5,9,2,80,15,H2
Corbin Carroll,682998,6.36,2025-08-04,2,2,0,3,2,0,6,7,0,80,16,H2
Jackson Chourio,694192,13.9,2025-07-21,6,4,0,1,2,0,4,5,1,80,15,H2
Julio Rodriguez,677594,14.08,2025-09-08,5,5,0,0,3,0,4,5,2,80,10,H1
Brent Rooker,667670,20.89,2025-05-19,7,1,0,2,5,0,5,4,0,80,15,H2
Jackson Merrill,701538,22.38,2025-03-31,4,1,0,3,2,0,6,5,1,80,15,H2
Riley Greene,682985,44.7,2025-05-12,5,3,0,2,1,0,4,8,0,80,14,H2
Oneil Cruz,665833,50.09,2025-07-21,3,3,0,1,3,0,4,5,4,80,15,H2
Christian Walker,572233,74.01,2025-06-30,11,0,0,2,0,1,4,8,0,80,13,H2
Willy Adames,642715,76.34,2025-08-25,4,0,0,3,2,0,7,7,1,80,17,H2
CJ Abrams,682928,79.08,2025-06-23,7,2,1,1,1,0,4,5,2,80,14,H2
George Springer,543807,107.02,2025-08-18,4,1,0,3,1,1,6,5,1,80,17,H2
Daulton Varsho,662139,183.34,2025-09-01,3,1,0,3,3,0,6,5,1,80,16,H2
Lars Nootbaar,663457,186.05,2025-04-21,6,1,0,1,6,0,6,6,1,80,13,H2
Roman Anthony,701350,198.72,2025-07-07,6,2,0,1,3,1,8,4,1,80,19,H2
Josh Jung,673962,208.9,2025-08-25,8,4,0,1,0,0,5,6,0,80,17,H2
Nico Hoerner,663538,212.11,2025-05-12,5,3,0,0,2,1,9,4,3,80,14,H2
Will Smith,669257,215.77,2025-06-16,2,3,0,3,2,0,6,4,0,80,18,H2
Jacob Wilson,805779,238.09,2025-06-02,9,3,0,1,1,0,5,6,0,80,13,H2
Giancarlo Stanton,519317,238.16,2025-09-22,3,1,0,3,3,0,3,10,0,80,8,H1
Jake Meyers,676694,239.95,2025-04-28,5,1,1,2,3,0,3,8,0,80,19,H2
Geraldo Perdomo,672695,240,2025-09-08,5,0,0,2,5,2,4,4,2,80,10,H1
Liover Peguero,678894,NA,2025-07-28,1,1,0,4,1,0,5,7,1,80,12,H1
Addison Barger,680718,NA,2025-06-30,4,2,0,2,2,0,4,9,1,80,13,H2
Lenyn Sosa,672820,NA,2025-07-28,9,0,0,2,3,0,6,6,0,80,12,H1
Agustin Ramirez,682663,NA,2025-09-15,3,4,0,1,3,0,6,4,2,80,12,H1
Corbin Carroll,682998,6.36,2025-08-11,5,1,0,2,4,0,5,4,2,79,12,H1
Julio Rodriguez,677594,14.08,2025-08-04,5,0,0,3,1,1,6,6,1,79,17,H2
Jarren Duran,680776,15.71,2025-07-28,1,4,0,2,2,0,4,5,2,79,14,H2
Francisco Lindor,596019,17.8,2025-05-26,5,1,0,3,2,0,6,5,0,79,19,H2
Francisco Lindor,596019,17.8,2025-09-22,2,1,0,3,5,0,5,6,0,79,9,H1
Marcell Ozuna,542303,25.41,2025-08-04,2,0,0,4,3,0,4,8,0,79,17,H2
Teoscar Hernandez,606192,29.24,2025-04-21,3,2,0,3,0,0,6,8,0,79,14,H2
Michael Harris II,671739,42.59,2025-08-04,3,3,0,3,0,0,4,5,1,79,17,H2
Colton Cowser,681297,70.73,2025-06-16,1,2,0,3,0,2,4,8,1,79,19,H2
CJ Abrams,682928,79.08,2025-04-28,7,3,1,0,1,3,5,3,1,79,20,H2
Jose Altuve,514888,81.09,2025-06-09,4,4,0,1,2,1,4,6,1,79,8,H1
Steven Kwan,680757,82.5,2025-09-15,7,2,0,1,2,0,4,7,2,79,13,H2
Josh Naylor,647304,89.6,2025-04-14,6,0,0,3,3,0,6,5,0,79,16,H2
Josh Naylor,647304,89.6,2025-09-08,6,1,0,1,1,0,7,8,3,79,12,H1
George Springer,543807,107.02,2025-09-22,5,1,0,2,4,0,5,4,2,79,9,H1
Cal Raleigh,663728,152.19,2025-05-12,2,1,0,3,3,0,5,7,1,79,16,H2
Nathaniel Lowe,663993,192.46,2025-06-16,1,1,0,4,2,0,5,7,0,79,19,H2
Bryson Stott,681082,202.3,2025-08-18,4,2,0,2,1,0,6,6,2,79,18,H2
Nico Hoerner,663538,212.11,2025-06-23,7,0,0,3,2,0,5,4,1,79,15,H2
Brandon Lowe,664040,213.94,2025-05-12,6,1,0,2,3,0,5,6,1,79,16,H2
Jake Cronenworth,630105,229.63,2025-08-25,4,3,0,1,6,1,4,5,0,79,19,H2
Brice Turang,668930,230.59,2025-09-01,6,1,1,1,5,0,4,5,1,79,17,H2
Josh Bell,605137,238,2025-09-08,5,0,0,3,0,0,5,12,0,79,12,H1
Logan O'Hoppe,681351,238.67,2025-03-31,4,0,0,4,1,0,4,8,0,79,17,H2
Kyle Stowers,669065,NA,2025-07-21,2,3,0,2,4,1,4,4,1,79,17,H2
Javier Baez,595879,NA,2025-04-28,2,2,0,3,0,1,7,7,0,79,20,H2
Trent Grisham,663757,NA,2025-09-15,3,0,0,3,4,0,6,8,0,79,13,H2
Shohei Ohtani,660271,1.11,2025-09-08,5,1,0,1,7,0,8,3,1,78,14,H2
Aaron Judge,592450,2.1,2025-05-26,3,1,0,3,5,0,6,3,0,78,20,H2
Aaron Judge,592450,2.1,2025-08-11,2,1,0,2,8,0,4,5,1,78,13,H2
Francisco Lindor,596019,17.8,2025-08-25,8,1,0,1,1,1,6,4,3,78,20,H2
Wyatt Langford,694671,24.34,2025-04-21,6,3,0,2,2,0,3,3,1,78,15,H2
Bryce Harper,547180,27.32,2025-05-19,6,3,0,1,0,2,4,7,1,78,16,H2
Rafael Devers,646240,35.39,2025-05-12,4,2,0,2,4,0,4,7,0,78,18,H2
Rafael Devers,646240,35.39,2025-06-02,2,2,0,2,4,2,6,5,0,78,14,H2
Rafael Devers,646240,35.39,2025-09-22,1,2,0,3,5,0,5,4,0,78,11,H1
Ian Happ,664023,38.05,2025-08-25,2,4,0,2,2,0,4,7,0,78,20,H2
Bryan Reynolds,668804,42.05,2025-05-26,7,2,1,1,3,0,2,7,0,78,20,H2
Manny Machado,592518,45.54,2025-07-21,8,4,0,1,0,2,1,6,0,78,18,H2
Adolis Garcia,666969,49.79,2025-06-09,3,4,0,1,3,0,5,6,1,78,9,H1
Dylan Crews,686611,71.02,2025-04-14,5,1,0,2,1,0,7,4,3,78,17,H2
Tyler O'Neill,641933,104.59,2025-07-21,3,1,0,3,3,0,6,6,0,78,18,H2
Eugenio Suarez,553993,104.99,2025-05-05,3,2,0,2,4,1,5,6,0,78,12,H1
Dansby Swanson,621020,124.49,2025-08-25,3,0,1,3,1,0,5,7,1,78,20,H2
Vinnie Pasquantino,686469,131.56,2025-06-30,3,3,0,2,2,1,3,8,0,78,15,H2
Cal Raleigh,663728,152.19,2025-06-02,3,1,0,3,1,0,5,8,1,78,14,H2
Jeremy Pena,665161,180.02,2025-06-16,7,1,0,2,2,1,5,6,0,78,21,H2
Willson Contreras,575929,182.14,2025-06-09,3,1,0,2,4,3,4,7,0,78,9,H1
Austin Hays,669720,212.98,2025-04-21,3,2,0,2,3,0,7,5,1,78,15,H2
Michael Busch,683737,226.9,2025-09-15,1,2,0,3,5,0,5,4,0,78,15,H2
Sal Frelick,686217,236.71,2025-08-11,5,1,0,1,5,0,9,5,1,78,13,H2
Pavin Smith,656976,239.18,2025-04-14,4,2,0,2,6,0,3,3,1,78,17,H2
Maikel Garcia,672580,239.72,2025-08-04,6,3,0,1,4,0,3,3,2,78,20,H2
Ivan Herrera,671056,NA,2025-05-12,7,3,0,1,1,2,5,5,0,78,18,H2
Aaron Judge,592450,2.1,2025-07-07,1,3,0,2,4,0,5,7,0,77,20,H2
Juan Soto,665742,3.25,2025-06-09,2,2,0,2,5,0,5,5,1,77,11,H1
Elly De La Cruz,682829,5.23,2025-06-23,9,0,1,1,2,0,6,5,1,77,16,H2
Corbin Carroll,682998,6.36,2025-08-18,3,2,2,0,4,0,5,1,4,77,19,H2
Corbin Carroll,682998,6.36,2025-09-01,3,2,0,1,4,0,6,3,4,77,18,H2
Julio Rodriguez,677594,14.08,2025-06-23,7,2,0,1,0,2,5,7,1,77,16,H2
Matt Olson,621566,21.79,2025-08-25,5,2,0,2,3,1,4,5,0,77,23,H2
Bryce Harper,547180,27.32,2025-07-07,2,5,0,1,5,0,5,1,1,77,20,H2
Rafael Devers,646240,35.39,2025-04-21,2,1,0,2,6,1,7,5,0,77,17,H2
Rafael Devers,646240,35.39,2025-09-01,4,0,0,3,3,0,6,7,0,77,18,H2
Ketel Marte,606466,37.6,2025-05-12,3,0,0,3,2,2,6,5,1,77,20,H2
Randy Arozarena,668227,53.57,2025-07-28,5,1,0,2,2,0,4,3,4,77,15,H2
Seiya Suzuki,673548,54.65,2025-04-28,1,1,1,3,2,0,6,6,0,77,22,H2
Christian Walker,572233,74.01,2025-09-22,3,1,0,4,0,0,5,6,0,77,12,H1
Spencer Steer,668715,80.57,2025-09-15,2,0,0,4,1,0,4,10,0,77,16,H2
Eugenio Suarez,553993,104.99,2025-03-24,0,0,0,4,2,1,5,7,1,77,3,H1
Eugenio Suarez,553993,104.99,2025-05-12,3,1,0,2,1,3,5,10,0,77,20,H2
Eugenio Suarez,553993,104.99,2025-07-07,1,2,0,3,3,1,5,5,0,77,20,H2
George Springer,543807,107.02,2025-05-05,3,1,0,2,4,0,8,5,1,77,13,H2
Jordan Westburg,676059,108.66,2025-06-09,2,1,0,3,2,1,5,8,0,77,11,H1
Dansby Swanson,621020,124.49,2025-05-12,5,0,0,2,4,0,5,4,3,77,20,H2
Xavier Edwards,669364,165.36,2025-04-07,9,0,0,0,6,0,6,2,4,77,9,H1
Ryan McMahon,641857,172.9,2025-06-09,2,1,0,3,5,0,5,5,0,77,11,H1
Willson Contreras,575929,182.14,2025-04-28,7,0,0,2,1,3,4,8,0,77,22,H2
Carlos Correa,621043,209.38,2025-08-04,9,2,0,1,4,0,3,5,0,77,21,H2
Kristian Campbell,692225,212.49,2025-03-31,3,2,0,1,6,0,8,4,1,77,18,H2
Brandon Lowe,664040,213.94,2025-06-23,5,0,0,3,2,0,6,7,0,77,16,H2
Shea Langeliers,669127,226.05,2025-09-22,9,4,0,1,0,0,4,4,0,77,12,H1
Andy Pages,681624,228.33,2025-05-26,6,1,0,2,3,0,4,8,0,77,22,H2
Brice Turang,668930,230.59,2025-08-25,6,0,1,2,3,0,7,4,0,77,23,H2
Gavin Lux,666158,238.36,2025-04-14,10,1,0,0,5,0,7,4,1,77,19,H2
Nolan Schanuel,694384,239.52,2025-06-16,5,2,0,2,0,2,4,8,0,77,22,H2
Jeff McNeil,643446,239.75,2025-06-02,3,2,0,3,2,0,5,5,0,77,16,H2
Ivan Herrera,671056,NA,2025-09-08,4,1,0,2,3,4,5,2,1,77,15,H2
Mickey Moniak,666160,NA,2025-04-14,3,0,2,2,1,1,6,7,0,77,19,H2
Trent Grisham,663757,NA,2025-07-28,1,0,0,3,6,0,6,5,1,77,15,H2
Shohei Ohtani,660271,1.11,2025-06-09,4,1,1,2,4,0,7,2,0,76,14,H2
Aaron Judge,592450,2.1,2025-03-31,3,1,0,2,2,1,6,6,2,76,19,H2
Aaron Judge,592450,2.1,2025-04-14,10,1,0,1,4,0,4,5,0,76,21,H2
Aaron Judge,592450,2.1,2025-04-21,7,2,1,1,3,0,4,2,1,76,18,H2
Juan Soto,665742,3.25,2025-08-11,3,0,0,2,7,0,5,4,2,76,15,H2
Juan Soto,665742,3.25,2025-09-08,4,1,0,2,2,0,5,5,3,76,16,H2
Elly De La Cruz,682829,5.23,2025-07-21,3,4,0,0,5,0,6,2,3,76,20,H2
Gunnar Henderson,683002,12.24,2025-05-19,6,2,0,0,6,0,7,1,3,76,17,H2
Francisco Lindor,596019,17.8,2025-04-21,9,0,0,2,2,1,5,5,0,76,18,H2
Trea Turner,607208,35.91,2025-04-14,7,2,0,0,3,2,7,3,2,76,21,H2
Trea Turner,607208,35.91,2025-08-04,2,2,1,1,6,0,3,6,1,76,22,H2
Trea Turner,607208,35.91,2025-08-11,12,2,0,0,1,1,6,1,2,76,15,H2
Ketel Marte,606466,37.6,2025-06-23,3,0,0,4,1,0,5,7,0,76,19,H2
Ian Happ,664023,38.05,2025-06-16,1,0,0,4,3,0,5,7,0,76,23,H2
Riley Greene,682985,44.7,2025-08-18,1,0,0,3,6,1,6,5,0,76,20,H2
Junior Caminero,691406,65.87,2025-06-16,8,1,0,2,2,0,5,5,0,76,23,H2
Jordan Westburg,676059,108.66,2025-07-28,9,2,0,1,1,0,8,4,0,76,17,H2
Cal Raleigh,663728,152.19,2025-08-04,1,0,0,3,3,0,5,10,1,76,22,H2
Ceddanne Rafaela,678882,156.21,2025-06-02,3,1,0,3,3,0,4,5,1,76,17,H2
Xavier Edwards,669364,165.36,2025-07-07,4,5,0,1,0,0,5,5,1,76,23,H2
Bryson Stott,681082,202.3,2025-04-14,7,1,1,0,3,0,6,4,3,76,21,H2
Brandon Lowe,664040,213.94,2025-05-19,3,2,0,3,1,0,6,5,0,76,17,H2
Wilyer Abreu,677800,217.36,2025-06-30,2,0,0,3,2,0,6,9,1,76,16,H2
Tyler Soderstrom,691016,238.1,2025-07-07,5,1,0,3,1,0,4,7,0,76,23,H2
Gavin Sheets,657757,239.88,2025-08-25,7,3,0,1,3,0,5,4,0,76,25,H3
Nolan Gorman,669357,239.92,2025-06-23,5,0,0,3,1,0,5,7,1,76,19,H2
Shohei Ohtani,660271,1.11,2025-06-23,1,0,1,3,4,0,6,5,0,75,21,H2
Shohei Ohtani,660271,1.11,2025-08-11,2,0,1,2,7,0,7,3,0,75,17,H2
Aaron Judge,592450,2.1,2025-06-23,1,1,0,3,4,0,6,6,0,75,21,H2
Juan Soto,665742,3.25,2025-04-14,4,1,0,2,3,0,4,8,1,75,24,H2
Elly De La Cruz,682829,5.23,2025-05-19,4,2,0,1,3,0,7,7,1,75,19,H2
Kyle Schwarber,656941,12.34,2025-04-07,3,0,1,2,6,0,4,4,1,75,10,H1
Kyle Schwarber,656941,12.34,2025-06-09,2,0,0,2,7,0,6,6,1,75,15,H2
Julio Rodriguez,677594,14.08,2025-07-21,5,0,0,4,0,0,4,4,1,75,21,H2
Jarren Duran,680776,15.71,2025-06-02,4,4,1,0,3,2,5,3,0,75,18,H2
Jarren Duran,680776,15.71,2025-07-07,3,2,0,2,4,0,3,6,1,75,25,H3
Freddie Freeman,518692,26.39,2025-09-22,3,0,0,3,4,0,5,5,1,75,14,H2
Pete Alonso,624413,29.95,2025-04-07,3,4,0,1,3,1,3,7,0,75,10,H1
Pete Alonso,624413,29.95,2025-08-11,5,2,0,2,1,1,4,7,0,75,17,H2
Christian Walker,572233,74.01,2025-08-18,4,1,0,3,1,0,5,7,0,75,21,H2
Willy Adames,642715,76.34,2025-06-09,3,1,0,3,2,0,6,6,0,75,15,H2
Willy Adames,642715,76.34,2025-08-18,3,0,0,3,6,0,4,3,1,75,21,H2
CJ Abrams,682928,79.08,2025-03-31,2,2,0,3,1,0,5,5,1,75,20,H2
Taylor Ward,621493,83.15,2025-08-11,3,1,0,2,6,0,8,3,0,75,17,H2
Isaac Paredes,670623,121.15,2025-05-12,3,0,0,3,4,0,5,7,0,75,23,H2
TJ Friedl,670770,168.11,2025-06-09,3,0,0,3,6,0,6,3,0,75,15,H2
Brendan Donovan,680977,177.69,2025-04-14,6,3,0,1,0,1,6,3,2,75,24,H2
Willson Contreras,575929,182.14,2025-05-05,3,1,0,2,5,1,5,6,0,75,14,H2
Jo Adell,666176,198.16,2025-06-23,8,0,0,2,3,0,6,5,0,75,21,H2
Jo Adell,666176,198.16,2025-08-04,2,0,0,4,1,0,4,9,0,75,24,H2
Roman Anthony,701350,198.72,2025-08-25,7,0,0,3,2,0,5,4,0,75,26,H3
Zach Neto,687263,202.06,2025-08-25,1,3,0,3,2,0,3,4,1,75,26,H3
Xander Bogaerts,593428,211.87,2025-06-16,7,4,0,1,2,0,4,3,0,75,25,H3
Brandon Marsh,669016,230.99,2025-09-01,6,3,0,1,3,0,6,4,0,75,20,H2
Spencer Torkelson,679529,237.98,2025-04-07,2,1,0,3,2,1,7,5,0,75,10,H1
Trevor Story,596115,238.76,2025-09-15,7,1,0,1,2,0,6,4,3,75,17,H2
Nick Kurtz,701762,NA,2025-09-22,2,1,0,3,3,0,7,5,0,75,14,H2
Kyle Tucker,663656,7.8,2025-06-16,3,3,0,2,3,0,6,3,0,74,26,H3
Jose Ramirez,608070,8.37,2025-06-02,7,1,0,1,3,0,4,2,4,74,19,H2
Jackson Chourio,694192,13.9,2025-06-30,4,2,0,2,1,1,5,5,1,74,17,H2
Francisco Lindor,596019,17.8,2025-06-30,4,2,0,1,2,2,6,6,1,74,17,H2
Francisco Lindor,596019,17.8,2025-09-01,1,4,0,0,7,2,5,1,2,74,21,H2
Ian Happ,664023,38.05,2025-09-01,5,0,0,2,5,0,7,3,1,74,21,H2
Manny Machado,592518,45.54,2025-05-05,8,3,0,0,2,0,7,6,0,74,15,H2
Cody Bellinger,641355,47.51,2025-06-30,5,2,0,2,1,0,5,5,1,74,17,H2
Matt Chapman,656305,93.14,2025-09-01,3,2,0,2,4,1,4,5,0,74,21,H2
George Springer,543807,107.02,2025-06-23,8,0,0,1,2,0,5,8,2,74,24,H2
Isaac Paredes,670623,121.15,2025-04-07,5,0,0,3,3,0,5,5,0,74,13,H2
Matt Wallner,670242,122.55,2025-08-25,2,0,0,3,1,1,4,6,3,74,28,H3
Kerry Carpenter,681481,130.48,2025-08-04,2,2,0,3,0,0,4,9,0,74,25,H3
Byron Buxton,621439,140.84,2025-06-23,4,1,0,2,2,0,7,4,2,74,24,H2
Alec Bohm,664761,148.29,2025-06-09,8,0,0,2,2,0,3,9,0,74,18,H2
Cal Raleigh,663728,152.19,2025-04-28,3,1,0,2,4,1,4,6,1,74,24,H2
Cal Raleigh,663728,152.19,2025-07-07,0,0,0,3,6,0,3,8,1,74,26,H3
Willson Contreras,575929,182.14,2025-08-18,5,1,0,3,1,0,5,5,0,74,23,H2
Salvador Perez,521692,194.19,2025-07-07,4,1,0,3,1,1,6,4,0,74,26,H3
Andy Pages,681624,228.33,2025-05-05,8,2,1,0,0,0,5,6,2,74,15,H2
Spencer Torkelson,679529,237.98,2025-09-15,5,1,0,3,1,0,4,6,0,74,18,H2
Trevor Story,596115,238.76,2025-09-01,6,2,0,1,1,1,3,5,3,74,21,H2
Colson Montgomery,695657,239.98,2025-07-28,2,0,0,4,0,0,4,10,0,74,18,H2
Ivan Herrera,671056,NA,2025-03-31,0,0,0,4,2,0,5,9,0,74,21,H2
Shohei Ohtani,660271,1.11,2025-06-16,3,1,1,1,4,2,3,8,0,73,27,H3
Kyle Schwarber,656941,12.34,2025-07-07,1,1,0,3,2,2,3,6,1,73,28,H3
Brent Rooker,667670,20.89,2025-05-05,5,2,0,1,1,1,7,4,2,73,17,H2
Brent Rooker,667670,20.89,2025-06-09,3,3,0,2,4,0,3,4,0,73,19,H2
Bryce Harper,547180,27.32,2025-09-08,4,1,0,2,4,1,5,5,0,73,17,H2
James Wood,695578,32.36,2025-09-22,2,1,0,4,1,0,4,5,0,73,16,H2
Rafael Devers,646240,35.39,2025-07-21,5,2,0,2,2,0,5,5,0,73,22,H2
Randy Arozarena,668227,53.57,2025-06-09,3,1,0,1,6,2,4,2,3,73,19,H2
Ozzie Albies,645277,58.95,2025-04-07,5,1,0,2,4,0,3,3,2,73,14,H2
Junior Caminero,691406,65.87,2025-08-11,2,1,0,3,3,0,6,5,0,73,20,H2
Eugenio Suarez,553993,104.99,2025-07-14,1,0,0,4,2,0,5,7,0,73,1,H1
Eugenio Suarez,553993,104.99,2025-09-15,3,3,0,2,2,0,6,4,0,73,19,H2
George Springer,543807,107.02,2025-09-08,4,2,0,2,3,0,7,3,0,73,17,H2
Alec Bohm,664761,148.29,2025-05-19,7,2,0,2,0,0,4,6,0,73,20,H2
Cal Raleigh,663728,152.19,2025-08-11,3,2,0,2,4,0,4,4,1,73,20,H2
Jesus Sanchez,660821,210.78,2025-06-02,4,3,0,1,1,0,4,9,1,73,20,H2
Shea Langeliers,669127,226.05,2025-07-28,4,3,0,2,1,0,5,3,1,73,19,H2
Sal Frelick,686217,236.71,2025-04-14,5,1,1,1,4,0,4,1,3,73,26,H3
Spencer Torkelson,679529,237.98,2025-06-30,3,1,0,3,1,1,5,6,0,73,20,H2
Trevor Story,596115,238.76,2025-07-07,5,2,0,1,2,0,6,5,2,73,28,H3
Jonathan Aranda,666018,239.63,2025-04-14,3,2,0,2,4,0,5,5,0,73,26,H3
Gavin Sheets,657757,239.88,2025-05-19,3,0,0,4,0,0,4,8,0,73,20,H2
Jorge Polanco,593871,239.99,2025-08-25,3,2,0,3,0,0,4,7,0,73,29,H3
Mickey Moniak,666160,NA,2025-06-30,3,2,1,2,0,0,3,5,2,73,20,H2
Ramon Laureano,657656,NA,2025-07-21,3,1,0,3,1,1,4,7,0,73,22,H2
Juan Soto,665742,3.25,2025-04-28,4,2,0,2,4,0,6,2,0,72,25,H3
Juan Soto,665742,3.25,2025-05-05,1,1,0,3,5,0,4,5,0,72,18,H2
Jose Ramirez,608070,8.37,2025-09-01,4,2,1,1,1,1,4,6,1,72,25,H3
Kyle Schwarber,656941,12.34,2025-06-16,5,0,0,2,4,1,6,3,1,72,28,H3
Kyle Schwarber,656941,12.34,2025-08-18,3,1,0,2,5,0,4,7,0,72,24,H2
Jarren Duran,680776,15.71,2025-06-30,2,3,1,1,2,0,6,6,0,72,22,H2
Wyatt Langford,694671,24.34,2025-05-12,3,0,0,3,1,0,5,6,2,72,24,H2
Freddie Freeman,518692,26.39,2025-04-14,3,2,0,2,5,0,3,5,0,72,28,H3
Bryce Harper,547180,27.32,2025-08-18,5,1,0,2,3,0,4,5,1,72,24,H2
Bryan Reynolds,668804,42.05,2025-08-25,2,3,0,1,5,1,5,5,0,72,30,H3
Corey Seager,608369,43.68,2025-07-21,3,2,0,2,5,0,3,5,0,72,24,H2
Brandon Nimmo,607043,51.96,2025-06-02,4,2,0,1,3,1,4,5,2,72,21,H2
Junior Caminero,691406,65.87,2025-09-08,1,3,0,3,1,0,4,5,0,72,19,H2
Jurickson Profar,595777,69.27,2025-08-11,5,1,0,1,5,0,3,6,2,72,22,H2
Jose Altuve,514888,81.09,2025-05-19,8,0,0,2,2,0,5,4,1,72,22,H2
Mark Vientos,668901,83.69,2025-04-28,5,0,0,2,5,0,7,4,0,72,25,H3
Eugenio Suarez,553993,104.99,2025-09-01,2,2,0,3,2,0,5,4,0,72,25,H3
Adley Rutschman,668939,112.59,2025-06-02,7,1,0,2,3,0,5,3,0,72,21,H2
Cal Raleigh,663728,152.19,2025-06-23,4,2,0,1,8,0,4,3,0,72,26,H3
Cal Raleigh,663728,152.19,2025-09-01,5,0,0,3,1,0,6,6,0,72,25,H3
Masyn Winn,691026,166.08,2025-04-28,3,2,0,2,3,0,6,3,1,72,25,H3
Royce Lewis,668904,168.33,2025-07-21,4,4,0,1,2,0,3,5,1,72,24,H2
Alec Burleson,676475,219.26,2025-09-15,6,3,0,1,2,2,4,3,0,72,20,H2
Carlos Santana,467793,237.36,2025-05-19,2,2,0,2,4,0,6,5,0,72,22,H2
Wenceel Perez,672761,238.7,2025-09-01,5,3,0,1,3,0,4,6,0,72,25,H3
Josh Smith,669701,239.59,2025-03-31,4,2,0,1,4,0,5,2,3,72,22,H2
Caleb Durbin,702332,239.92,2025-05-19,6,3,0,0,1,1,4,5,3,72,22,H2
Hunter Goodman,696100,239.98,2025-05-05,4,3,1,1,0,0,5,7,0,72,18,H2
Miguel Vargas,678246,NA,2025-08-18,4,3,0,0,6,0,8,4,0,72,24,H2
Kyle Higashioka,543309,NA,2025-07-28,3,0,1,3,1,0,6,5,0,72,20,H2
Kyle Tucker,663656,7.8,2025-04-28,5,0,0,2,4,0,5,5,1,71,28,H3
Jose Ramirez,608070,8.37,2025-05-05,5,3,0,1,3,1,3,3,1,71,20,H2
Kyle Schwarber,656941,12.34,2025-04-14,5,0,0,1,8,0,5,4,1,71,29,H3
Julio Rodriguez,677594,14.08,2025-03-31,3,0,1,2,3,1,6,3,1,71,23,H2
Julio Rodriguez,677594,14.08,2025-05-19,3,1,0,2,2,0,5,8,1,71,25,H3
Julio Rodriguez,677594,14.08,2025-08-11,3,3,1,1,1,1,4,4,1,71,23,H2
Matt Olson,621566,21.79,2025-04-14,3,1,0,2,5,1,4,5,0,71,29,H3
Matt Olson,621566,21.79,2025-06-30,4,2,0,2,3,0,3,6,0,71,23,H2
Jackson Merrill,701538,22.38,2025-05-05,8,2,0,1,0,1,5,6,0,71,20,H2
Marcell Ozuna,542303,25.41,2025-07-28,2,0,0,2,7,0,6,6,0,71,21,H2
Pete Alonso,624413,29.95,2025-06-30,2,1,0,2,4,1,4,8,0,71,23,H2
Austin Riley,663586,30.75,2025-04-07,8,3,0,1,1,0,5,3,0,71,15,H2
Rafael Devers,646240,35.39,2025-04-28,6,3,0,1,3,0,2,6,0,71,28,H3
Trea Turner,607208,35.91,2025-06-02,3,3,0,2,0,0,5,5,1,71,23,H2
Ketel Marte,606466,37.6,2025-05-05,1,1,0,3,4,0,6,4,0,71,20,H2
Lawrence Butler,671732,38.6,2025-07-07,3,0,0,2,6,0,4,4,2,71,30,H3
Manny Machado,592518,45.54,2025-04-07,2,4,0,1,3,0,5,4,1,71,15,H2
Manny Machado,592518,45.54,2025-08-18,5,2,0,1,2,0,6,6,1,71,27,H3
Randy Arozarena,668227,53.57,2025-04-07,2,1,0,1,5,2,2,6,3,71,15,H2
CJ Abrams,682928,79.08,2025-06-09,6,3,0,1,1,2,6,2,0,71,21,H2
Josh Naylor,647304,89.6,2025-05-26,6,1,0,2,1,0,4,6,1,71,23,H2
Matt Chapman,656305,93.14,2025-03-31,3,2,0,1,6,0,3,6,1,71,23,H2
Cedric Mullins,656775,133.6,2025-07-28,2,4,0,1,2,1,5,4,1,71,21,H2
Rhys Hoskins,656555,172.72,2025-05-19,3,2,0,2,4,0,5,4,0,71,25,H3
Willson Contreras,575929,182.14,2025-06-23,4,3,0,1,4,1,5,1,1,71,27,H3
Salvador Perez,521692,194.19,2025-06-16,1,2,0,3,2,0,3,7,0,71,29,H3
Brandon Lowe,664040,213.94,2025-08-25,2,0,0,3,3,0,5,8,0,71,31,H3
Colt Keith,690993,235.65,2025-04-28,1,0,0,3,4,0,8,5,0,71,28,H3
Colt Keith,690993,235.65,2025-07-07,4,2,0,2,3,0,5,4,0,71,30,H3
Tyler Soderstrom,691016,238.1,2025-04-14,4,0,0,3,1,0,5,8,0,71,29,H3
Andrew Benintendi,643217,238.69,2025-05-26,5,1,1,1,3,1,3,7,0,71,23,H2
Wenceel Perez,672761,238.7,2025-07-28,5,2,1,1,0,0,7,2,2,71,21,H2
Willi Castro,650489,239.25,2025-06-02,7,0,0,2,4,0,6,3,0,71,23,H2
Maikel Garcia,672580,239.72,2025-06-16,5,1,1,1,2,0,4,5,2,71,29,H3
Caleb Durbin,702332,239.92,2025-09-08,5,2,0,1,3,1,5,2,2,71,20,H2
Jake Meyers,676694,239.95,2025-06-16,11,1,0,0,1,1,5,4,2,71,29,H3
Jorge Polanco,593871,239.99,2025-07-07,2,1,0,3,3,0,5,5,0,71,30,H3
Geraldo Perdomo,672695,240,2025-09-15,4,4,1,0,4,1,4,2,0,71,21,H2
Patrick Bailey,672275,240,2025-09-08,1,1,0,3,2,0,4,9,0,71,20,H2
Blake Perkins,663368,NA,2025-07-28,2,2,0,2,3,0,8,4,0,71,21,H2
Trent Grisham,663757,NA,2025-08-18,2,0,0,4,3,0,4,4,0,71,27,H3
Ramon Laureano,657656,NA,2025-08-25,2,1,0,3,0,1,5,8,0,71,31,H3
Agustin Ramirez,682663,NA,2025-07-07,1,5,0,1,2,0,7,4,0,71,30,H3
Juan Soto,665742,3.25,2025-06-16,4,0,0,3,4,0,3,5,0,70,32,H3
Kyle Tucker,663656,7.8,2025-08-18,1,1,0,3,3,0,4,7,0,70,29,H3
Brent Rooker,667670,20.89,2025-04-14,6,1,0,2,2,0,6,4,0,70,32,H3
Trea Turner,607208,35.91,2025-07-21,6,3,1,0,2,0,7,3,0,70,26,H3
Trea Turner,607208,35.91,2025-08-25,5,3,1,0,1,0,4,3,3,70,33,H3
Manny Machado,592518,45.54,2025-07-07,5,1,0,3,1,0,4,4,0,70,34,H3
Alex Bregman,608324,60.11,2025-08-11,5,1,0,2,3,0,4,6,0,70,24,H2
Junior Caminero,691406,65.87,2025-04-07,3,1,0,3,1,0,6,5,0,70,18,H2
Junior Caminero,691406,65.87,2025-06-02,2,2,0,2,1,1,6,3,2,70,25,H3
Steven Kwan,680757,82.5,2025-04-14,5,1,0,2,3,0,2,6,1,70,32,H3
Bo Bichette,666182,84.67,2025-05-12,4,3,0,2,2,0,3,4,0,70,25,H3
Matt McLain,680574,91.6,2025-05-05,3,0,0,1,5,2,4,3,4,70,23,H2
Matt Chapman,656305,93.14,2025-08-25,4,0,0,2,4,0,5,6,1,70,33,H3
Michael Toglia,669911,138.78,2025-06-16,4,0,0,3,2,0,3,6,1,70,32,H3
Willson Contreras,575929,182.14,2025-06-02,3,4,0,1,1,0,5,7,0,70,25,H3
Shea Langeliers,669127,226.05,2025-08-11,3,1,0,3,1,0,7,4,0,70,24,H2
Michael Busch,683737,226.9,2025-04-14,4,2,0,2,2,0,2,6,1,70,32,H3
Andy Pages,681624,228.33,2025-09-15,5,4,0,1,1,0,5,2,1,70,22,H2
Max Kepler,596146,234.12,2025-06-09,2,2,0,2,4,0,6,4,0,70,22,H2
Andrew Vaughn,683734,236.76,2025-07-07,2,2,0,2,2,0,3,10,0,70,34,H3
Tyler Soderstrom,691016,238.1,2025-09-01,6,2,0,1,1,1,2,8,1,70,29,H3
Noelvi Marte,682622,239.78,2025-07-07,3,1,0,3,1,0,4,5,1,70,34,H3
Nolan Gorman,669357,239.92,2025-06-09,4,1,0,2,4,0,4,6,0,70,22,H2
Hunter Goodman,696100,239.98,2025-06-16,2,1,0,3,2,0,3,8,0,70,32,H3
Ke'Bryan Hayes,663647,240,2025-08-18,3,3,1,0,4,1,5,1,2,70,29,H3
Mickey Moniak,666160,NA,2025-09-15,3,1,0,3,1,0,5,6,0,70,22,H2
Javier Baez,595879,NA,2025-05-12,3,0,0,3,1,0,5,9,0,70,25,H3
Trey Sweeney,700242,NA,2025-04-28,6,0,0,2,2,0,4,7,1,70,31,H3
Aaron Judge,592450,2.1,2025-05-12,5,2,0,1,6,0,5,2,0,69,27,H3
Jose Ramirez,608070,8.37,2025-09-22,4,3,0,0,3,0,3,4,4,69,17,H2
Jackson Chourio,694192,13.9,2025-06-09,5,0,2,2,0,0,4,5,0,69,24,H2
Jackson Chourio,694192,13.9,2025-06-16,2,4,0,0,3,0,7,4,2,69,35,H3
Jarren Duran,680776,15.71,2025-08-25,4,1,0,2,3,0,3,6,1,69,35,H3
Francisco Lindor,596019,17.8,2025-04-14,7,1,0,2,1,1,5,3,0,69,35,H3
Matt Olson,621566,21.79,2025-06-09,5,2,0,1,4,0,4,6,0,69,24,H2
Matt Olson,621566,21.79,2025-09-08,4,0,0,3,3,0,5,4,0,69,22,H2
Jackson Merrill,701538,22.38,2025-07-28,5,0,2,1,2,0,2,9,0,69,25,H3
Mike Trout,545361,36.46,2025-09-22,1,0,0,4,2,0,5,5,0,69,17,H2
Corey Seager,608369,43.68,2025-08-18,8,2,0,1,2,1,4,3,0,69,31,H3
William Contreras,661388,61.55,2025-08-04,1,0,0,3,5,1,4,5,0,69,26,H3
Marcus Semien,543760,65.54,2025-05-26,6,1,0,1,3,0,6,3,2,69,25,H3
Nick Castellanos,592206,65.98,2025-06-16,4,4,0,1,1,0,5,5,0,69,35,H3
Josh Naylor,647304,89.6,2025-04-07,5,3,0,1,2,0,2,6,1,69,19,H2
George Springer,543807,107.02,2025-09-15,7,3,0,1,2,0,2,5,0,69,24,H2
Dansby Swanson,621020,124.49,2025-04-28,6,0,0,3,1,0,6,3,0,69,32,H3
Gleyber Torres,650402,147.51,2025-06-23,5,1,0,2,2,0,6,5,0,69,28,H3
Daulton Varsho,662139,183.34,2025-05-12,1,2,0,3,0,0,6,6,0,69,27,H3
Zach Neto,687263,202.06,2025-06-02,5,1,1,1,0,0,6,5,2,69,27,H3
Jordan Beck,687597,234.82,2025-05-12,1,1,1,2,4,0,5,3,1,69,27,H3
Sal Frelick,686217,236.71,2025-08-18,8,3,0,0,5,0,3,3,0,69,31,H3
Trevor Larnach,663616,237.16,2025-05-12,3,2,1,1,3,1,6,3,0,69,27,H3
Jacob Wilson,805779,238.09,2025-05-19,8,1,0,1,3,2,3,2,1,69,27,H3
Trevor Story,596115,238.76,2025-04-07,9,1,0,1,0,0,1,4,4,69,19,H2
Ben Rice,700250,239.01,2025-05-05,1,4,0,1,1,3,3,7,0,69,24,H2
Tyler Freeman,671289,239.42,2025-06-16,8,1,0,0,2,3,4,2,3,69,35,H3
Ryan O'Hearn,656811,239.89,2025-08-18,6,0,0,2,2,1,6,5,0,69,31,H3
Gabriel Moreno,672515,NA,2025-09-08,6,0,0,2,3,0,4,5,1,69,22,H2
Tyrone Taylor,621438,NA,2025-04-28,7,2,0,1,0,2,5,3,1,69,32,H3
Kyle Stowers,669065,NA,2025-04-07,5,3,1,0,2,0,5,6,0,69,19,H2
Javier Baez,595879,NA,2025-06-16,5,0,1,2,0,2,7,3,0,69,35,H3
Alejandro Kirk,672386,NA,2025-06-09,7,2,0,2,0,0,4,4,0,69,24,H2
Jake Bauers,641343,NA,2025-09-01,5,1,0,1,2,0,6,6,2,69,30,H3
Juan Soto,665742,3.25,2025-07-07,3,0,0,2,5,0,5,5,1,68,37,H4
Gunnar Henderson,683002,12.24,2025-07-21,5,2,0,0,4,1,5,4,2,68,27,H3
Kyle Schwarber,656941,12.34,2025-08-04,2,0,0,3,4,0,3,7,0,68,27,H3
Kyle Schwarber,656941,12.34,2025-08-11,1,2,0,2,3,0,5,7,0,68,26,H3
Mookie Betts,605141,16.08,2025-08-04,6,2,0,1,2,0,6,5,0,68,27,H3
Matt Olson,621566,21.79,2025-06-02,1,2,0,1,6,1,5,6,0,68,28,H3
Trea Turner,607208,35.91,2025-05-05,8,1,0,1,0,0,5,3,3,68,25,H3
Ketel Marte,606466,37.6,2025-05-19,3,2,0,2,2,1,5,2,1,68,28,H3
Ian Happ,664023,38.05,2025-09-08,4,2,0,2,4,0,3,3,0,68,24,H2
Ozzie Albies,645277,58.95,2025-07-28,7,2,0,0,5,0,5,3,1,68,26,H3
Marcus Semien,543760,65.54,2025-06-02,4,2,0,2,2,0,4,5,0,68,28,H3
Jose Altuve,514888,81.09,2025-03-31,7,0,0,2,1,0,6,4,1,68,25,H3
Matt Chapman,656305,93.14,2025-05-05,5,2,0,1,3,0,6,3,1,68,25,H3
Heliot Ramos,671218,108.52,2025-05-26,7,0,1,1,2,1,4,2,2,68,26,H3
JJ Bleday,668709,111.18,2025-04-28,2,2,0,2,4,0,7,2,0,68,34,H3
Isaac Paredes,670623,121.15,2025-06-02,2,0,0,3,4,0,4,6,0,68,28,H3
Vinnie Pasquantino,686469,131.56,2025-04-28,2,2,0,3,0,0,4,6,0,68,34,H3
Vinnie Pasquantino,686469,131.56,2025-09-15,5,3,0,1,3,0,5,3,0,68,25,H3
Jackson Holliday,702616,135.54,2025-08-25,3,2,1,0,7,0,3,2,2,68,36,H3
Byron Buxton,621439,140.84,2025-09-01,0,2,3,1,1,1,4,4,0,68,31,H3
Gleyber Torres,650402,147.51,2025-04-28,4,1,0,2,2,2,3,4,1,68,34,H3
Cal Raleigh,663728,152.19,2025-03-31,4,1,0,2,4,0,4,3,1,68,25,H3
Cal Raleigh,663728,152.19,2025-04-07,0,2,0,3,1,1,5,5,0,68,22,H2
Max Muncy,571970,161.48,2025-05-12,3,1,0,2,3,0,3,9,0,68,31,H3
Max Muncy,571970,161.48,2025-06-02,4,0,0,2,6,0,4,3,1,68,28,H3
Masyn Winn,691026,166.08,2025-06-23,6,2,0,1,2,0,6,5,0,68,29,H3
Brendan Donovan,680977,177.69,2025-03-31,4,2,0,2,2,0,3,6,0,68,25,H3
Jeremy Pena,665161,180.02,2025-06-09,7,3,0,0,1,0,7,2,2,68,27,H3
Evan Carter,694497,197.41,2025-07-07,2,3,1,0,2,0,6,7,1,68,37,H4
Jo Adell,666176,198.16,2025-06-30,4,2,0,1,4,0,2,9,0,68,25,H3
Jacob Wilson,805779,238.09,2025-05-05,8,3,0,0,2,0,3,5,1,68,25,H3
Masataka Yoshida,807799,238.11,2025-09-22,5,2,0,2,1,0,5,4,0,68,19,H2
Trevor Story,596115,238.76,2025-08-11,5,1,0,1,0,1,5,6,3,68,26,H3
Mike Yastrzemski,573262,238.77,2025-03-31,5,0,0,1,7,0,3,4,2,68,25,H3
Mike Yastrzemski,573262,238.77,2025-08-25,2,3,0,2,2,0,5,4,0,68,36,H3
Ty France,664034,239.69,2025-06-02,7,3,0,0,1,2,5,5,0,68,28,H3
Spencer Horwitz,687462,239.83,2025-07-21,5,2,0,1,3,0,4,7,0,68,27,H3
Gavin Sheets,657757,239.88,2025-05-05,5,3,0,1,1,0,4,7,0,68,25,H3
Ryan O'Hearn,656811,239.89,2025-04-28,2,1,0,3,2,0,4,6,0,68,34,H3
Tyler Stephenson,663886,239.91,2025-05-26,5,0,0,3,1,0,3,7,0,68,26,H3
Curtis Mead,678554,239.94,2025-05-19,2,1,0,3,1,1,4,4,1,68,28,H3
Colson Montgomery,695657,239.98,2025-07-21,2,1,0,3,0,0,5,8,0,68,27,H3
Colson Montgomery,695657,239.98,2025-08-18,1,1,0,3,1,0,5,8,0,68,34,H3
Jorge Polanco,593871,239.99,2025-09-01,4,1,0,2,4,0,5,4,0,68,31,H3
Nick Kurtz,701762,NA,2025-08-11,2,2,0,2,4,0,5,4,0,68,26,H3
Christian Moore,695681,NA,2025-06-23,3,0,0,2,4,1,5,7,0,68,29,H3
Corbin Carroll,682998,6.36,2025-06-02,2,1,0,2,4,1,5,5,0,67,33,H3
Gunnar Henderson,683002,12.24,2025-05-05,3,1,1,2,2,0,5,4,0,67,29,H3
Gunnar Henderson,683002,12.24,2025-09-15,8,1,0,0,3,0,3,3,4,67,26,H3
Kyle Schwarber,656941,12.34,2025-06-30,1,2,0,2,4,0,4,6,0,67,26,H3
Jarren Duran,680776,15.71,2025-05-12,5,1,1,1,2,0,3,6,1,67,32,H3
Jarren Duran,680776,15.71,2025-07-21,2,1,2,1,2,1,5,5,0,67,30,H3
Francisco Lindor,596019,17.8,2025-07-07,3,1,0,2,2,0,6,5,1,67,39,H4
Matt Olson,621566,21.79,2025-06-16,3,2,0,1,6,0,3,6,0,67,39,H4
Marcell Ozuna,542303,25.41,2025-04-07,6,1,0,2,3,0,4,3,0,67,23,H2
Teoscar Hernandez,606192,29.24,2025-06-09,2,0,0,3,3,0,4,7,0,67,28,H3
Austin Riley,663586,30.75,2025-05-26,4,1,0,2,3,0,5,5,0,67,28,H3
Cody Bellinger,641355,47.51,2025-06-02,5,2,0,1,2,0,5,3,2,67,33,H3
Cody Bellinger,641355,47.51,2025-06-23,6,3,0,1,1,0,3,4,1,67,31,H3
Alex Bregman,608324,60.11,2025-04-14,3,1,0,2,3,1,6,4,0,67,36,H3
Bo Bichette,666182,84.67,2025-07-07,6,5,0,0,3,0,3,2,0,67,39,H4
Bo Bichette,666182,84.67,2025-08-18,8,3,0,0,3,0,6,2,0,67,35,H3
Josh Naylor,647304,89.6,2025-09-15,7,2,0,1,2,0,4,3,1,67,26,H3
Heliot Ramos,671218,108.52,2025-06-16,3,1,0,2,2,2,3,7,0,67,39,H4
Heliot Ramos,671218,108.52,2025-08-25,7,1,0,1,2,2,6,3,0,67,38,H4
Heliot Ramos,671218,108.52,2025-09-22,4,0,0,3,1,0,4,7,0,67,20,H2
Jake Burger,669394,115.47,2025-05-19,1,2,0,3,0,0,4,5,1,67,30,H3
Dansby Swanson,621020,124.49,2025-05-05,5,2,0,1,4,0,5,4,0,67,29,H3
Byron Buxton,621439,140.84,2025-09-22,1,0,0,4,0,0,5,7,0,67,20,H2
Masyn Winn,691026,166.08,2025-05-12,5,0,0,2,4,0,6,4,0,67,32,H3
Jeremy Pena,665161,180.02,2025-09-01,6,2,0,1,3,0,3,4,1,67,33,H3
Zach Neto,687263,202.06,2025-07-28,2,3,0,1,1,2,2,6,2,67,27,H3
Josh Jung,673962,208.9,2025-04-07,3,3,1,1,0,0,4,5,1,67,23,H2
Brandon Lowe,664040,213.94,2025-06-16,6,1,0,2,1,0,5,5,0,67,39,H4
Shea Langeliers,669127,226.05,2025-05-05,5,1,0,2,2,0,3,7,0,67,29,H3
Brice Turang,668930,230.59,2025-08-04,3,1,0,2,2,0,4,5,2,67,29,H3
Andrew McCutchen,457705,235.95,2025-04-21,6,1,0,2,3,0,3,4,0,67,20,H2
Jacob Wilson,805779,238.09,2025-03-31,5,2,0,2,0,0,3,7,0,67,29,H3
Andrew Benintendi,643217,238.69,2025-07-21,4,1,0,2,3,0,5,5,0,67,30,H3
Jacob Young,696285,239.49,2025-06-23,5,2,0,0,2,0,4,5,4,67,31,H3
Nolan Schanuel,694384,239.52,2025-05-19,5,2,0,1,5,1,5,1,0,67,30,H3
Yoan Moncada,660162,NA,2025-05-05,2,1,1,2,2,1,4,5,0,67,29,H3
Otto Lopez,672640,NA,2025-08-25,6,1,0,1,3,0,3,7,1,67,38,H4
Ivan Herrera,671056,NA,2025-09-22,5,0,0,2,4,0,4,6,0,67,20,H2
Kyle Isbel,664728,NA,2025-07-28,3,4,0,0,2,0,5,5,2,67,27,H3
Elly De La Cruz,682829,5.23,2025-04-21,9,0,0,0,3,0,5,2,4,66,21,H2
Corbin Carroll,682998,6.36,2025-05-05,3,0,1,2,5,0,5,2,0,66,33,H3
Corbin Carroll,682998,6.36,2025-07-28,3,1,1,1,5,0,4,3,1,66,29,H3
Kyle Schwarber,656941,12.34,2025-07-28,1,2,0,2,4,1,2,4,1,66,29,H3
Matt Olson,621566,21.79,2025-05-12,5,2,0,2,1,0,4,4,0,66,34,H3
Matt Olson,621566,21.79,2025-08-04,7,1,0,1,5,0,5,2,0,66,30,H3
Jackson Merrill,701538,22.38,2025-09-15,3,3,0,2,1,0,6,2,0,66,28,H3
Wyatt Langford,694671,24.34,2025-06-09,6,0,0,2,3,1,4,4,0,66,29,H3
Wyatt Langford,694671,24.34,2025-08-25,4,1,0,1,5,1,7,3,0,66,40,H4
Bryce Harper,547180,27.32,2025-04-07,3,0,0,1,7,0,3,2,4,66,25,H3
Brenton Doyle,686668,56.73,2025-05-19,3,3,1,0,5,0,2,2,2,66,32,H3
Matt McLain,680574,91.6,2025-04-14,3,0,0,1,7,0,6,5,1,66,37,H4
Matt McLain,680574,91.6,2025-09-01,4,2,0,1,4,0,6,4,0,66,34,H3
Eugenio Suarez,553993,104.99,2025-06-09,2,0,0,3,1,1,3,9,0,66,29,H3
Heliot Ramos,671218,108.52,2025-03-31,5,2,0,1,1,0,4,5,2,66,30,H3
Jordan Westburg,676059,108.66,2025-08-11,8,0,0,1,3,1,5,5,0,66,29,H3
Ezequiel Tovar,678662,111.22,2025-05-19,7,2,0,1,3,0,4,3,0,66,32,H3
Paul Goldschmidt,502671,117.94,2025-05-05,4,3,0,1,2,0,5,3,1,66,33,H3
Matt Wallner,670242,122.55,2025-07-28,3,0,1,2,5,0,3,4,0,66,29,H3
Kerry Carpenter,681481,130.48,2025-06-02,2,2,0,3,0,0,4,5,0,66,35,H3
Vinnie Pasquantino,686469,131.56,2025-09-08,5,3,0,1,1,0,5,5,0,66,25,H3
Jackson Holliday,702616,135.54,2025-05-12,5,2,0,2,0,1,3,5,0,66,34,H3
Josh Lowe,666139,138.27,2025-08-25,2,2,1,2,0,0,6,4,0,66,40,H4
Byron Buxton,621439,140.84,2025-04-14,6,1,1,1,0,0,5,3,2,66,37,H4
Gleyber Torres,650402,147.51,2025-04-21,5,1,0,1,3,0,4,7,1,66,21,H2
Cal Raleigh,663728,152.19,2025-05-19,4,2,0,2,4,0,2,3,0,66,32,H3
Yandy Diaz,650490,154.91,2025-06-09,8,0,1,1,2,0,4,5,0,66,29,H3
TJ Friedl,670770,168.11,2025-05-26,8,1,0,1,4,0,4,1,1,66,29,H3
Luis Arraez,650333,168.81,2025-03-31,8,1,0,1,1,1,3,3,2,66,30,H3
Jeremy Pena,665161,180.02,2025-05-05,5,2,0,1,1,0,4,7,1,66,33,H3
Salvador Perez,521692,194.19,2025-07-21,3,1,0,3,1,0,3,6,0,66,32,H3
Kristian Campbell,692225,212.49,2025-04-21,5,2,0,0,5,0,6,4,1,66,21,H2
Brice Turang,668930,230.59,2025-04-07,8,0,0,1,1,1,7,4,1,66,25,H3
Ryan Mountcastle,663624,234.73,2025-08-25,4,3,0,1,1,1,4,6,0,66,40,H4
Sal Frelick,686217,236.71,2025-07-07,4,1,0,1,2,2,6,3,2,66,41,H4
Tyler Soderstrom,691016,238.1,2025-08-18,5,2,0,1,5,0,4,1,1,66,36,H3
Ryan O'Hearn,656811,239.89,2025-09-22,7,1,0,1,3,0,5,5,0,66,23,H2
Hunter Goodman,696100,239.98,2025-08-11,1,1,0,3,2,1,4,5,0,66,29,H3
Nick Kurtz,701762,NA,2025-06-23,5,0,0,2,3,0,4,7,0,66,33,H3
Miguel Vargas,678246,NA,2025-06-09,2,3,1,1,2,0,5,2,1,66,29,H3
Colby Thomas,687515,NA,2025-08-11,4,1,0,2,0,0,5,7,1,66,29,H3
Addison Barger,680718,NA,2025-05-05,4,3,0,1,2,0,4,6,0,66,33,H3
Zach McKinstry,656716,NA,2025-06-23,5,1,1,1,0,1,4,4,2,66,33,H3
Jake Mangum,663968,NA,2025-03-31,8,2,0,0,0,0,3,4,4,66,30,H3
Shohei Ohtani,660271,1.11,2025-07-07,3,0,0,2,6,0,5,4,0,65,42,H4
Corbin Carroll,682998,6.36,2025-06-09,1,0,2,2,2,0,6,4,0,65,33,H3
Kyle Tucker,663656,7.8,2025-06-09,4,1,0,1,5,0,4,3,2,65,33,H3
Jose Ramirez,608070,8.37,2025-08-11,4,1,0,2,1,0,5,3,2,65,32,H3
Jackson Chourio,694192,13.9,2025-04-21,6,3,0,1,0,1,4,4,0,65,24,H2
Jarren Duran,680776,15.71,2025-04-28,4,1,1,1,1,0,4,5,2,65,38,H4
Mookie Betts,605141,16.08,2025-09-01,4,1,1,2,1,0,2,6,0,65,35,H3
Francisco Lindor,596019,17.8,2025-06-02,5,1,0,1,1,1,4,4,3,65,36,H3
Brent Rooker,667670,20.89,2025-06-02,6,2,0,0,5,0,4,6,0,65,36,H3
Freddie Freeman,518692,26.39,2025-08-04,4,0,0,2,5,0,3,6,0,65,31,H3
Bryce Harper,547180,27.32,2025-07-14,0,2,0,3,1,0,4,6,0,65,2,H1
James Wood,695578,32.36,2025-06-30,7,0,0,1,3,1,6,3,1,65,27,H3
James Wood,695578,32.36,2025-09-08,3,5,0,0,4,0,5,2,0,65,26,H3
Trea Turner,607208,35.91,2025-06-16,6,1,0,2,1,0,5,4,0,65,42,H4
Lawrence Butler,671732,38.6,2025-03-31,6,2,0,1,3,0,4,2,1,65,33,H3
Riley Greene,682985,44.7,2025-06-23,6,1,0,2,0,1,5,4,0,65,35,H3
Riley Greene,682985,44.7,2025-08-25,6,2,0,1,1,0,3,6,1,65,43,H4
Randy Arozarena,668227,53.57,2025-08-25,2,3,0,2,0,1,4,5,0,65,43,H4
Seiya Suzuki,673548,54.65,2025-06-23,5,0,1,2,2,0,3,5,0,65,35,H3
Christian Yelich,592885,58.87,2025-08-18,5,1,0,1,6,0,6,2,0,65,37,H4
Jasson Dominguez,691176,70.56,2025-03-31,3,3,0,1,1,1,6,3,1,65,33,H3
Christian Walker,572233,74.01,2025-07-28,3,1,0,2,2,2,4,5,0,65,32,H3
Christian Walker,572233,74.01,2025-08-04,2,3,0,1,3,0,6,5,0,65,31,H3
Dansby Swanson,621020,124.49,2025-03-31,1,2,0,2,4,0,4,5,0,65,33,H3
Jung Hoo Lee,808982,132.35,2025-07-28,5,3,0,0,3,1,4,2,2,65,32,H3
Cedric Mullins,656775,133.6,2025-03-31,2,2,0,1,4,1,4,5,1,65,33,H3
Jackson Holliday,702616,135.54,2025-06-23,4,1,0,2,3,0,2,5,1,65,35,H3
Byron Buxton,621439,140.84,2025-03-31,3,2,0,1,1,1,7,3,2,65,33,H3
Royce Lewis,668904,168.33,2025-09-08,5,0,0,2,0,0,4,5,3,65,26,H3
Luis Arraez,650333,168.81,2025-07-21,8,3,0,0,1,0,5,3,1,65,33,H3
Rhys Hoskins,656555,172.72,2025-05-12,5,1,0,1,4,0,3,6,1,65,36,H3
Nathaniel Lowe,663993,192.46,2025-08-18,4,2,0,1,3,0,4,7,0,65,37,H4
Bryson Stott,681082,202.3,2025-04-21,5,0,1,1,3,1,4,4,1,65,24,H2
Carlos Correa,621043,209.38,2025-08-18,8,1,0,1,3,0,4,4,0,65,37,H4
Jesus Sanchez,660821,210.78,2025-05-19,2,1,1,1,5,0,3,5,1,65,35,H3
Nico Hoerner,663538,212.11,2025-05-19,5,3,0,0,2,0,7,4,1,65,35,H3
Austin Hays,669720,212.98,2025-05-19,6,1,2,0,0,1,4,7,0,65,35,H3
Will Smith,669257,215.77,2025-06-30,5,0,0,2,5,1,4,2,0,65,27,H3
Michael Busch,683737,226.9,2025-06-02,4,0,1,2,3,0,3,5,0,65,36,H3
Brice Turang,668930,230.59,2025-03-31,8,1,0,1,1,0,6,3,1,65,33,H3
Sal Frelick,686217,236.71,2025-05-19,6,0,1,1,3,0,3,5,1,65,35,H3
Joey Ortiz,687401,237.06,2025-06-23,1,0,0,3,2,0,4,7,1,65,35,H3
Josh Bell,605137,238,2025-07-21,4,1,0,2,3,0,5,4,0,65,33,H3
Logan O'Hoppe,681351,238.67,2025-06-16,1,1,0,3,2,0,4,6,0,65,42,H4
Tyler Freeman,671289,239.42,2025-06-30,6,4,0,0,1,0,2,2,3,65,27,H3
Nolan Schanuel,694384,239.52,2025-04-07,4,2,0,2,3,0,3,3,0,65,27,H3
Josh Smith,669701,239.59,2025-04-28,7,0,1,1,2,0,4,4,1,65,38,H4
Jonathan Aranda,666018,239.63,2025-06-09,5,1,0,1,4,2,3,5,0,65,33,H3
Sean Murphy,669221,239.72,2025-04-07,2,0,0,3,2,1,4,6,0,65,27,H3
Casey Schmitt,669477,239.77,2025-08-18,1,2,0,2,4,0,4,5,0,65,37,H4
Harrison Bader,664056,239.99,2025-09-01,3,3,0,1,2,0,6,5,0,65,35,H3
Dylan Carlson,666185,NA,2025-08-11,4,0,1,2,3,0,4,4,0,65,32,H3
Gunnar Henderson,683002,12.24,2025-06-09,7,2,0,0,3,0,4,3,2,64,36,H3
Kyle Schwarber,656941,12.34,2025-03-31,1,1,0,2,4,1,6,4,0,64,39,H4
Julio Rodriguez,677594,14.08,2025-08-25,9,0,0,1,1,0,5,5,1,64,45,H4
Mookie Betts,605141,16.08,2025-05-05,8,0,0,1,2,0,7,3,1,64,37,H4
Mookie Betts,605141,16.08,2025-06-02,8,2,0,1,2,0,4,2,0,64,39,H4
Francisco Lindor,596019,17.8,2025-05-19,2,1,0,1,5,1,3,1,4,64,39,H4
Wyatt Langford,694671,24.34,2025-08-11,2,1,0,2,3,1,3,5,1,64,34,H3
Pete Alonso,624413,29.95,2025-08-04,4,2,0,2,0,0,3,7,0,64,33,H3
Rafael Devers,646240,35.39,2025-08-04,2,0,0,2,7,1,4,3,0,64,33,H3
Mike Trout,545361,36.46,2025-07-21,2,1,0,2,5,1,4,3,0,64,35,H3
Lawrence Butler,671732,38.6,2025-05-26,6,1,0,1,4,0,5,2,1,64,30,H3
Manny Machado,592518,45.54,2025-05-19,4,2,0,2,2,0,4,3,0,64,39,H4
Seiya Suzuki,673548,54.65,2025-05-12,0,3,0,2,2,0,3,7,0,64,37,H4
Christian Yelich,592885,58.87,2025-06-23,4,1,0,2,2,0,4,6,0,64,39,H4
Christian Yelich,592885,58.87,2025-07-07,3,0,0,2,3,2,4,4,1,64,43,H4
Nick Castellanos,592206,65.98,2025-04-14,6,1,0,1,4,0,4,5,0,64,39,H4
Colton Cowser,681297,70.73,2025-08-18,3,1,0,2,3,0,3,5,1,64,41,H4
CJ Abrams,682928,79.08,2025-05-05,8,2,0,0,4,0,3,1,2,64,37,H4
CJ Abrams,682928,79.08,2025-07-21,1,2,0,1,1,2,4,5,3,64,35,H3
Taylor Ward,621493,83.15,2025-06-30,8,0,1,0,6,0,3,2,1,64,30,H3
Taylor Ward,621493,83.15,2025-07-14,0,3,0,2,2,0,2,8,0,64,3,H1
Josh Naylor,647304,89.6,2025-05-12,5,2,0,1,1,0,3,5,2,64,37,H4
Eugenio Suarez,553993,104.99,2025-08-25,3,0,0,2,3,0,4,7,1,64,45,H4
Heliot Ramos,671218,108.52,2025-05-12,7,1,0,1,3,0,4,5,0,64,37,H4
Paul Goldschmidt,502671,117.94,2025-04-28,5,0,0,2,1,0,6,7,0,64,40,H4
Kerry Carpenter,681481,130.48,2025-03-31,2,1,0,3,0,0,4,7,0,64,39,H4
Jung Hoo Lee,808982,132.35,2025-03-31,3,5,0,0,1,0,6,1,2,64,39,H4
Cedric Mullins,656775,133.6,2025-08-18,6,1,1,0,3,1,2,2,3,64,41,H4
Joc Pederson,592626,151.33,2025-08-25,2,2,0,2,0,0,5,8,0,64,45,H4
Yandy Diaz,650490,154.91,2025-06-23,7,1,0,1,5,0,3,3,0,64,39,H4
Yandy Diaz,650490,154.91,2025-09-01,10,2,0,0,2,0,5,3,0,64,37,H4
TJ Friedl,670770,168.11,2025-09-22,5,2,0,1,5,0,3,3,0,64,24,H2
Willson Contreras,575929,182.14,2025-04-21,7,1,0,1,5,0,2,2,1,64,26,H3
Lars Nootbaar,663457,186.05,2025-03-31,7,1,0,1,3,0,7,2,0,64,39,H4
Salvador Perez,521692,194.19,2025-09-08,2,1,0,3,0,0,3,8,0,64,28,H3
Jo Adell,666176,198.16,2025-06-16,1,1,0,3,3,0,4,4,0,64,44,H4
Roman Anthony,701350,198.72,2025-07-28,7,2,0,0,4,1,5,3,0,64,34,H3
Zach Neto,687263,202.06,2025-04-21,4,2,0,2,0,0,2,2,3,64,26,H3
Carlos Correa,621043,209.38,2025-09-08,3,1,0,2,4,1,4,3,0,64,28,H3
Nico Hoerner,663538,212.11,2025-09-01,4,3,0,1,2,0,5,2,1,64,37,H4
Wilyer Abreu,677800,217.36,2025-08-04,5,1,0,1,5,0,4,5,0,64,33,H3
Matt Shaw,807713,227.33,2025-08-04,1,0,1,3,1,0,5,5,0,64,33,H3
Brice Turang,668930,230.59,2025-06-23,9,2,0,0,1,0,4,5,1,64,39,H4
Jordan Beck,687597,234.82,2025-06-16,2,2,0,2,2,0,4,4,1,64,44,H4
Sal Frelick,686217,236.71,2025-03-31,7,1,1,0,3,0,4,2,2,64,39,H4
Sal Frelick,686217,236.71,2025-06-09,6,2,0,0,2,0,5,5,2,64,36,H3
Kyle Manzardo,700932,237.05,2025-03-24,1,1,1,2,3,0,3,6,0,64,4,H1
Maikel Garcia,672580,239.72,2025-08-18,6,0,0,2,4,0,4,3,0,64,41,H4
Sean Murphy,669221,239.72,2025-07-07,1,1,0,3,0,1,4,7,0,64,43,H4
Hunter Goodman,696100,239.98,2025-04-21,4,2,0,1,3,1,6,3,0,64,26,H3
Geraldo Perdomo,672695,240,2025-07-07,2,2,0,1,5,1,3,6,0,64,43,H4
Geraldo Perdomo,672695,240,2025-08-04,7,2,0,0,5,0,7,1,0,64,33,H3
Ke'Bryan Hayes,663647,240,2025-06-23,6,3,0,0,2,0,6,5,0,64,39,H4
Nick Kurtz,701762,NA,2025-07-14,1,4,1,1,1,0,4,4,0,64,3,H1
Nick Kurtz,701762,NA,2025-08-18,3,2,0,1,7,0,4,2,0,64,41,H4
Miguel Vargas,678246,NA,2025-09-22,6,0,0,1,4,0,7,3,1,64,24,H2
Ernie Clement,676391,NA,2025-06-09,8,3,0,1,0,0,5,1,0,64,36,H3
Agustin Ramirez,682663,NA,2025-07-28,3,1,0,2,1,0,3,4,3,64,34,H3
Luis Urias,649966,NA,2025-04-21,3,0,0,3,3,0,4,4,0,64,26,H3
Drew Waters,671221,NA,2025-04-21,3,2,2,1,0,1,3,4,0,64,26,H3
Shohei Ohtani,660271,1.11,2025-09-22,1,1,1,2,2,0,5,3,1,63,26,H3
Juan Soto,665742,3.25,2025-06-30,5,1,0,1,4,0,4,4,1,63,31,H3
Kyle Tucker,663656,7.8,2025-08-25,6,3,0,0,4,1,5,1,0,63,48,H4
Jose Ramirez,608070,8.37,2025-05-19,8,1,1,0,1,0,6,3,1,63,41,H4
Gunnar Henderson,683002,12.24,2025-04-14,1,3,0,2,2,0,5,3,0,63,40,H4
Kyle Schwarber,656941,12.34,2025-05-26,3,4,0,1,2,0,3,4,0,63,31,H3
Jackson Chourio,694192,13.9,2025-07-07,6,1,0,1,1,0,6,7,0,63,46,H4
Jackson Chourio,694192,13.9,2025-09-08,6,2,0,1,3,0,3,4,0,63,30,H3
Francisco Lindor,596019,17.8,2025-04-28,4,1,0,1,3,2,3,5,1,63,41,H4
Bryce Harper,547180,27.32,2025-05-12,6,2,0,0,5,0,3,4,1,63,40,H4
Bryce Harper,547180,27.32,2025-07-28,4,3,0,1,3,0,3,4,0,63,36,H3
Teoscar Hernandez,606192,29.24,2025-05-19,1,3,0,1,1,1,4,7,1,63,41,H4
Austin Riley,663586,30.75,2025-04-28,5,1,0,2,1,1,2,6,0,63,41,H4
Trea Turner,607208,35.91,2025-09-01,8,0,1,1,1,0,2,5,1,63,39,H4
Mike Trout,545361,36.46,2025-04-07,2,0,0,3,3,0,3,6,0,63,29,H3
Corey Seager,608369,43.68,2025-06-30,2,3,0,1,4,1,5,2,0,63,31,H3
Randy Arozarena,668227,53.57,2025-09-08,6,1,0,1,3,0,4,4,1,63,30,H3
Christian Yelich,592885,58.87,2025-05-19,5,0,0,2,2,0,5,4,1,63,41,H4
Marcus Semien,543760,65.54,2025-06-09,3,3,0,1,2,0,4,4,1,63,39,H4
Ezequiel Tovar,678662,111.22,2025-08-04,6,4,0,0,1,0,4,3,1,63,38,H4
Isaac Paredes,670623,121.15,2025-05-05,4,3,0,0,7,0,3,3,0,63,39,H4
Vinnie Pasquantino,686469,131.56,2025-05-19,9,1,0,1,1,1,3,4,0,63,41,H4
Jackson Holliday,702616,135.54,2025-05-26,4,3,0,1,0,1,3,3,2,63,31,H3
Josh Lowe,666139,138.27,2025-06-16,2,1,0,1,5,0,7,4,1,63,46,H4
Cal Raleigh,663728,152.19,2025-07-21,4,0,0,3,1,0,4,3,1,63,37,H4
Max Muncy,691777,161.48,2025-06-30,2,3,0,2,1,0,4,4,0,63,31,H3
TJ Friedl,670770,168.11,2025-05-19,8,2,1,0,1,0,6,2,0,63,41,H4
Rhys Hoskins,656555,172.72,2025-06-16,1,2,0,2,3,1,5,3,0,63,46,H4
Jeremy Pena,665161,180.02,2025-06-02,7,3,0,0,0,0,4,2,3,63,40,H4
Jo Adell,666176,198.16,2025-08-18,5,0,0,3,1,1,3,3,0,63,45,H4
Zach Neto,687263,202.06,2025-05-19,5,2,0,1,0,0,7,4,1,63,41,H4
Bryson Stott,681082,202.3,2025-06-16,3,2,0,1,4,0,1,7,1,63,46,H4
Bryson Stott,681082,202.3,2025-09-08,7,0,0,2,2,0,4,4,0,63,30,H3
Carlos Correa,621043,209.38,2025-05-26,3,2,0,2,2,0,4,4,0,63,31,H3
Will Smith,669257,215.77,2025-05-26,5,2,0,1,2,0,7,3,0,63,31,H3
Wilyer Abreu,677800,217.36,2025-04-28,5,0,0,2,4,0,4,4,0,63,41,H4
Matt Shaw,807713,227.33,2025-05-19,4,5,0,0,1,0,3,2,2,63,41,H4
Kyle Manzardo,700932,237.05,2025-08-04,3,1,0,2,3,1,4,4,0,63,38,H4
Carlos Santana,467793,237.36,2025-05-05,4,1,0,1,2,1,5,8,0,63,39,H4
Spencer Torkelson,679529,237.98,2025-07-21,3,3,0,2,0,0,5,3,0,63,37,H4
Ben Rice,700250,239.01,2025-04-07,3,0,1,2,4,0,3,4,0,63,29,H3
Willi Castro,650489,239.25,2025-06-09,6,2,1,1,1,0,2,4,0,63,39,H4
Tyler Freeman,671289,239.42,2025-07-28,5,2,0,0,3,1,5,5,1,63,36,H3
Brett Baty,683146,239.56,2025-08-18,4,1,0,2,3,0,6,2,0,63,45,H4
Sean Murphy,669221,239.72,2025-04-21,0,1,0,3,3,0,4,5,0,63,31,H3
Noelvi Marte,682622,239.78,2025-08-04,1,5,0,1,0,0,5,5,0,63,38,H4
Luis Rengifo,650859,239.81,2025-06-23,4,2,1,0,5,0,6,2,0,63,43,H4
Hunter Goodman,696100,239.98,2025-07-28,1,1,0,3,2,0,4,5,0,63,36,H3
Geraldo Perdomo,672695,240,2025-03-31,4,1,0,1,3,0,4,7,1,63,44,H4
Geraldo Perdomo,672695,240,2025-04-07,5,0,0,1,10,0,3,1,0,63,29,H3
Geraldo Perdomo,672695,240,2025-06-09,3,2,1,0,4,0,5,6,0,63,39,H4
Geraldo Perdomo,672695,240,2025-06-30,9,0,0,0,6,2,4,2,0,63,31,H3
Ivan Herrera,671056,NA,2025-09-01,1,1,0,3,2,0,4,5,0,63,39,H4
Zach McKinstry,656716,NA,2025-04-21,4,3,1,0,3,0,4,2,1,63,31,H3
Edmundo Sosa,624641,NA,2025-09-22,1,0,0,4,0,0,4,6,0,63,26,H3
Travis d'Arnaud,518595,NA,2025-07-07,3,2,0,2,0,0,6,5,0,63,46,H4
Austin Martin,668885,NA,2025-09-15,6,2,0,0,0,1,3,4,4,63,29,H3
Kyle Schwarber,656941,12.34,2025-06-23,4,1,0,1,5,1,2,2,2,62,44,H4
Kyle Schwarber,656941,12.34,2025-09-22,1,1,0,3,3,0,4,3,0,62,28,H3
Jarren Duran,680776,15.71,2025-08-04,5,1,0,1,3,0,6,5,0,62,41,H4
Brent Rooker,667670,20.89,2025-03-31,3,0,0,3,1,0,5,5,0,62,45,H4
Brent Rooker,667670,20.89,2025-05-26,5,3,0,1,1,0,3,5,0,62,35,H3
Matt Olson,621566,21.79,2025-05-05,3,1,0,2,3,0,4,5,0,62,41,H4
Bryce Harper,547180,27.32,2025-07-21,1,2,0,2,3,0,5,2,1,62,39,H4
Bryce Harper,547180,27.32,2025-08-11,3,2,0,2,1,0,3,6,0,62,35,H3
James Wood,695578,32.36,2025-04-21,4,3,0,1,4,0,3,2,0,62,33,H3
James Wood,695578,32.36,2025-06-09,7,1,0,1,3,0,4,4,0,62,42,H4
Trea Turner,607208,35.91,2025-06-09,5,2,0,0,4,1,5,1,2,62,42,H4
Ketel Marte,606466,37.6,2025-09-15,4,3,0,1,0,2,3,5,0,62,30,H3
Ian Happ,664023,38.05,2025-04-14,7,1,0,1,3,0,4,4,0,62,41,H4
Bryan Reynolds,668804,42.05,2025-08-04,4,2,1,1,2,0,3,4,0,62,41,H4
Riley Greene,682985,44.7,2025-06-09,2,3,0,1,4,0,3,5,0,62,42,H4
Manny Machado,592518,45.54,2025-07-28,6,0,0,1,1,1,4,6,2,62,39,H4
Cody Bellinger,641355,47.51,2025-09-15,4,0,0,1,3,1,6,4,2,62,30,H3
Brandon Nimmo,607043,51.96,2025-06-16,4,2,0,2,2,0,2,2,1,62,49,H5
Brandon Nimmo,607043,51.96,2025-07-21,3,2,0,1,1,2,3,6,1,62,39,H4
Randy Arozarena,668227,53.57,2025-09-01,5,0,0,0,4,3,4,3,3,62,41,H4
Brenton Doyle,686668,56.73,2025-03-31,6,2,0,1,2,0,4,4,0,62,45,H4
Brenton Doyle,686668,56.73,2025-04-07,3,1,0,2,1,0,3,7,1,62,32,H3
Christian Yelich,592885,58.87,2025-04-14,5,1,0,1,3,0,4,5,1,62,41,H4
Christian Yelich,592885,58.87,2025-08-25,5,2,0,1,3,0,4,4,0,62,49,H5
Alex Bregman,608324,60.11,2025-08-04,5,2,0,0,6,1,5,2,0,62,41,H4
Junior Caminero,691406,65.87,2025-04-14,4,1,0,2,2,0,5,4,0,62,41,H4
Christian Walker,572233,74.01,2025-05-05,6,1,1,0,3,1,3,6,0,62,41,H4
Spencer Steer,668715,80.57,2025-08-04,4,1,0,2,0,0,4,8,0,62,41,H4
Josh Naylor,647304,89.6,2025-07-07,3,0,0,1,8,1,4,2,1,62,48,H4
Lane Thomas,657041,93.37,2025-06-23,2,1,0,2,4,0,3,4,1,62,44,H4
Eugenio Suarez,553993,104.99,2025-06-30,2,0,0,3,1,1,5,5,0,62,35,H3
Kerry Carpenter,681481,130.48,2025-07-28,1,2,1,2,1,0,4,4,0,62,39,H4
Michael Toglia,669911,138.78,2025-05-05,1,2,0,2,5,0,2,4,0,62,41,H4
Byron Buxton,621439,140.84,2025-08-11,4,1,0,2,2,0,5,2,1,62,35,H3
Yandy Diaz,650490,154.91,2025-04-07,4,1,0,2,2,0,5,2,1,62,32,H3
Jonathan India,663697,164.42,2025-06-02,7,1,0,1,1,0,7,4,0,62,41,H4
TJ Friedl,670770,168.11,2025-07-21,5,0,0,1,6,1,5,3,0,62,39,H4
Luis Arraez,650333,168.81,2025-04-14,5,1,0,2,3,0,3,3,0,62,41,H4
Salvador Perez,521692,194.19,2025-09-15,5,0,0,2,2,1,2,7,0,62,30,H3
Bryson Stott,681082,202.3,2025-08-04,4,2,1,0,2,0,4,4,2,62,41,H4
Wilyer Abreu,677800,217.36,2025-03-31,5,1,0,1,3,0,5,6,0,62,45,H4
Wilyer Abreu,677800,217.36,2025-05-05,3,1,0,3,1,0,3,4,0,62,41,H4
Alec Burleson,676475,219.26,2025-07-07,4,3,0,0,4,0,3,5,1,62,48,H4
Michael Busch,683737,226.9,2025-08-25,3,0,1,2,2,1,6,2,0,62,49,H5
Andy Pages,681624,228.33,2025-05-12,3,0,0,3,1,0,3,7,0,62,41,H4
Brice Turang,668930,230.59,2025-06-16,5,2,0,1,1,0,5,4,1,62,49,H5
Yainer Diaz,673237,234.25,2025-07-28,5,1,0,2,1,0,4,5,0,62,39,H4
Andrew McCutchen,457705,235.95,2025-06-09,4,2,0,2,0,0,4,5,0,62,42,H4
Trevor Larnach,663616,237.16,2025-06-02,5,0,0,2,3,0,5,4,0,62,41,H4
Tyler Soderstrom,691016,238.1,2025-03-24,3,1,0,3,1,0,3,4,0,62,5,H1
Tommy Pham,502054,238.55,2025-07-21,5,3,1,0,3,0,3,3,0,62,39,H4
Willi Castro,650489,239.25,2025-05-26,3,1,0,2,3,0,4,3,1,62,35,H3
Tyler Freeman,671289,239.42,2025-08-11,7,0,1,1,1,0,3,3,2,62,35,H3
Ty France,664034,239.69,2025-08-04,5,4,0,0,1,2,5,2,0,62,41,H4
Maikel Garcia,672580,239.72,2025-08-25,2,2,0,2,2,0,3,6,0,62,49,H5
Dominic Canzone,686527,239.73,2025-09-15,4,0,0,3,0,0,5,5,0,62,30,H3
Bo Naylor,666310,239.8,2025-09-15,3,1,0,2,1,0,2,10,0,62,30,H3
Gavin Sheets,657757,239.88,2025-06-23,4,3,0,1,2,0,4,4,0,62,44,H4
Tyler Stephenson,663886,239.91,2025-06-09,5,2,0,1,1,0,4,7,0,62,42,H4
Caleb Durbin,702332,239.92,2025-08-18,1,3,0,2,0,1,3,4,1,62,47,H4
Jake Meyers,676694,239.95,2025-06-30,4,2,1,0,3,1,8,1,0,62,35,H3
Brooks Lee,686797,239.95,2025-06-02,6,1,0,1,1,1,4,5,1,62,41,H4
Hunter Goodman,696100,239.98,2025-05-12,5,3,0,1,1,0,3,5,0,62,41,H4
Davis Schneider,676914,239.99,2025-06-30,4,1,0,2,1,1,5,4,0,62,35,H3
Jorge Polanco,593871,239.99,2025-07-28,4,0,0,2,4,0,3,4,1,62,39,H4
Nick Kurtz,701762,NA,2025-09-01,1,1,0,2,5,0,6,3,0,62,41,H4
Matt Mervis,670223,NA,2025-04-07,2,0,0,3,2,0,3,7,0,62,32,H3
Isaac Collins,686555,NA,2025-08-25,3,3,0,0,3,0,3,6,2,62,49,H5
Chris Taylor,621035,NA,2025-06-02,1,3,0,1,1,2,6,3,1,62,41,H4
Kyle Higashioka,543309,NA,2025-08-25,4,1,0,2,0,0,4,8,0,62,49,H5
Alex Call,669743,NA,2025-04-07,3,1,1,0,7,0,5,4,0,62,32,H3
Jose Caballero,676609,NA,2025-04-07,4,0,1,1,2,0,2,5,3,62,32,H3
Ramon Laureano,657656,NA,2025-07-07,5,2,0,1,1,0,2,7,1,62,48,H4
Jose Tena,677588,NA,2025-05-26,2,3,1,0,4,0,5,4,0,62,35,H3
Elly De La Cruz,682829,5.23,2025-09-15,2,2,0,1,7,0,3,1,1,61,35,H3
Kyle Tucker,663656,7.8,2025-03-24,2,1,0,2,3,0,2,6,1,61,6,H1
Kyle Tucker,663656,7.8,2025-04-14,3,0,2,1,2,0,3,5,1,61,45,H4
Matt Olson,621566,21.79,2025-06-23,8,3,0,0,3,0,2,3,0,61,47,H4
Marcell Ozuna,542303,25.41,2025-04-21,5,1,0,1,8,0,1,2,0,61,34,H3
Freddie Freeman,518692,26.39,2025-05-26,7,3,0,0,2,0,4,4,0,61,38,H4
Freddie Freeman,518692,26.39,2025-09-08,5,3,0,1,0,0,4,5,0,61,33,H3
Ketel Marte,606466,37.6,2025-08-04,5,2,0,0,4,0,7,4,0,61,47,H4
Ian Happ,664023,38.05,2025-04-28,8,2,0,0,3,0,6,2,0,61,44,H4
Riley Greene,682985,44.7,2025-06-30,0,0,0,3,3,0,3,8,0,61,38,H4
Manny Machado,592518,45.54,2025-04-28,6,1,0,1,3,0,4,3,1,61,44,H4
Oneil Cruz,665833,50.09,2025-05-26,1,2,0,1,4,0,5,3,2,61,38,H4
Brandon Nimmo,607043,51.96,2025-08-11,5,2,0,1,2,0,5,4,0,61,38,H4
Marcus Semien,543760,65.54,2025-08-11,2,1,0,2,2,1,5,5,0,61,38,H4
Jurickson Profar,595777,69.27,2025-07-07,3,4,0,1,0,0,4,5,0,61,51,H5
Jasson Dominguez,691176,70.56,2025-07-28,8,1,0,0,3,0,4,1,3,61,43,H4
CJ Abrams,682928,79.08,2025-08-11,4,2,1,1,1,0,4,4,0,61,38,H4
Spencer Steer,668715,80.57,2025-06-16,3,2,1,1,0,0,4,3,2,61,51,H5
Jose Altuve,514888,81.09,2025-06-16,3,0,0,2,6,0,3,4,0,61,51,H5
Jordan Westburg,676059,108.66,2025-09-22,5,1,0,2,0,0,3,7,0,61,29,H3
Isaac Paredes,670623,121.15,2025-06-16,4,1,0,1,5,2,3,3,0,61,51,H5
Byron Buxton,621439,140.84,2025-06-09,4,2,0,1,2,1,2,3,2,61,47,H4
Gleyber Torres,650402,147.51,2025-07-28,4,0,0,3,1,0,3,5,0,61,43,H4
Cal Raleigh,663728,152.19,2025-09-22,2,2,0,2,2,1,3,4,0,61,29,H3
Xavier Edwards,669364,165.36,2025-06-16,8,1,0,0,3,0,4,1,3,61,51,H5
TJ Friedl,670770,168.11,2025-04-14,7,1,1,0,4,0,1,4,1,61,45,H4
TJ Friedl,670770,168.11,2025-07-07,3,1,0,1,4,2,5,2,1,61,51,H5
Jeremy Pena,665161,180.02,2025-08-18,3,2,0,1,4,0,2,5,1,61,48,H4
Daulton Varsho,662139,183.34,2025-08-11,2,1,0,2,3,0,6,4,0,61,38,H4
Roman Anthony,701350,198.72,2025-08-18,6,1,0,1,3,0,5,4,0,61,48,H4
Austin Hays,669720,212.98,2025-06-30,1,2,1,2,0,0,4,5,0,61,38,H4
Jake Cronenworth,630105,229.63,2025-08-04,5,2,0,0,4,2,3,5,0,61,47,H4
Sal Frelick,686217,236.71,2025-06-23,7,0,0,1,3,1,3,4,1,61,47,H4
Andrew Vaughn,683734,236.76,2025-08-11,3,1,0,2,2,0,3,7,0,61,38,H4
Kyle Manzardo,700932,237.05,2025-07-28,5,0,0,2,3,1,2,5,0,61,43,H4
Josh Bell,605137,238,2025-06-23,2,1,0,2,3,0,4,6,0,61,47,H4
Jacob Wilson,805779,238.09,2025-05-26,8,1,0,1,1,0,3,4,1,61,38,H4
Giancarlo Stanton,519317,238.16,2025-07-07,2,0,0,3,0,1,4,7,0,61,51,H5
Pavin Smith,656976,239.18,2025-06-23,4,1,0,2,1,0,3,7,0,61,47,H4
Francisco Alvarez,682626,239.35,2025-07-21,2,2,1,1,3,0,6,2,0,61,43,H4
Jonathan Aranda,666018,239.63,2025-07-07,5,3,0,1,1,1,4,2,0,61,51,H5
Gavin Sheets,657757,239.88,2025-08-18,2,3,0,2,0,1,3,4,0,61,48,H4
Nick Gonzales,693304,239.92,2025-07-28,10,1,0,1,0,1,4,2,0,61,43,H4
Geraldo Perdomo,672695,240,2025-07-28,5,1,0,1,4,0,2,3,2,61,43,H4
Nick Kurtz,701762,NA,2025-09-08,2,0,0,3,1,0,4,7,0,61,33,H3
Ivan Herrera,671056,NA,2025-06-09,6,0,0,2,2,1,3,4,0,61,47,H4
Ivan Herrera,671056,NA,2025-08-25,5,1,0,1,4,2,3,3,0,61,54,H5
Mickey Moniak,666160,NA,2025-09-08,5,0,0,2,0,0,2,5,3,61,33,H3
Addison Barger,680718,NA,2025-08-04,6,0,0,2,1,0,4,6,0,61,47,H4
Ernie Clement,676391,NA,2025-06-23,4,1,0,0,7,0,6,3,1,61,47,H4
Shohei Ohtani,660271,1.11,2025-08-18,2,1,0,2,4,0,4,4,0,60,51,H5
Aaron Judge,592450,2.1,2025-04-07,7,1,0,0,6,1,3,3,0,60,37,H4
Juan Soto,665742,3.25,2025-05-26,1,1,0,2,4,1,4,4,0,60,41,H4
Elly De La Cruz,682829,5.23,2025-04-28,4,2,0,0,4,2,4,1,2,60,46,H4
Kyle Tucker,663656,7.8,2025-04-07,5,3,0,0,3,0,6,3,0,60,37,H4
Gunnar Henderson,683002,12.24,2025-04-28,6,2,0,1,2,0,4,1,1,60,46,H4
Jarren Duran,680776,15.71,2025-09-08,1,3,1,1,0,1,4,3,1,60,36,H3
Pete Alonso,624413,29.95,2025-05-26,2,2,0,2,1,1,2,6,0,60,41,H4
Austin Riley,663586,30.75,2025-04-21,7,1,0,1,3,0,2,5,0,60,35,H3
James Wood,695578,32.36,2025-05-19,3,2,0,1,3,0,4,6,0,60,48,H4
Mike Trout,545361,36.46,2025-09-08,6,0,0,1,4,0,6,4,0,60,36,H3
Lawrence Butler,671732,38.6,2025-06-30,5,1,1,0,3,0,5,4,1,60,40,H4
Brandon Nimmo,607043,51.96,2025-04-07,1,2,0,2,3,0,4,4,0,60,37,H4
William Contreras,661388,61.55,2025-05-19,4,2,0,1,4,0,2,3,1,60,48,H4
Jurickson Profar,595777,69.27,2025-07-21,3,2,0,0,6,1,3,2,2,60,44,H4
Dylan Crews,686611,71.02,2025-04-21,5,0,1,2,0,1,5,2,0,60,35,H3
Steven Kwan,680757,82.5,2025-04-21,7,3,0,0,1,0,4,1,2,60,35,H3
Taylor Ward,621493,83.15,2025-05-05,2,1,0,2,2,0,4,7,0,60,45,H4
Taylor Ward,621493,83.15,2025-09-15,5,0,0,3,0,1,3,3,0,60,36,H3
Bo Bichette,666182,84.67,2025-07-28,11,1,0,0,3,0,3,3,0,60,48,H4
Matt McLain,680574,91.6,2025-06-16,5,2,0,1,2,1,5,2,0,60,55,H5
Matt Chapman,656305,93.14,2025-05-26,5,2,0,1,4,1,3,1,0,60,41,H4
Kerry Carpenter,681481,130.48,2025-06-23,2,0,1,3,0,0,3,5,0,60,52,H5
Kerry Carpenter,681481,130.48,2025-09-08,3,0,1,2,1,0,4,6,0,60,36,H3
Vinnie Pasquantino,686469,131.56,2025-07-28,2,3,0,1,4,0,3,4,0,60,48,H4
Jung Hoo Lee,808982,132.35,2025-06-09,1,0,3,0,5,0,7,2,0,60,49,H5
Josh Lowe,666139,138.27,2025-05-26,7,0,0,1,3,0,6,2,1,60,41,H4
Josh Lowe,666139,138.27,2025-07-28,4,0,1,1,2,0,3,3,3,60,48,H4
TJ Friedl,670770,168.11,2025-03-31,8,0,0,1,2,0,5,3,1,60,48,H4
Royce Lewis,668904,168.33,2025-08-18,3,1,0,2,1,0,3,6,1,60,51,H5
Luis Arraez,650333,168.81,2025-09-01,7,0,0,1,3,0,3,5,1,60,43,H4
Lars Nootbaar,663457,186.05,2025-04-14,2,2,0,1,6,0,2,5,0,60,47,H4
Shea Langeliers,669127,226.05,2025-03-31,3,0,0,2,5,0,4,4,0,60,48,H4
Michael Busch,683737,226.9,2025-08-18,6,3,0,0,2,0,3,6,0,60,51,H5
Andy Pages,681624,228.33,2025-07-21,3,1,0,2,2,1,3,5,0,60,44,H4
Brice Turang,668930,230.59,2025-04-21,8,1,0,0,4,0,5,4,0,60,35,H3
Brice Turang,668930,230.59,2025-08-11,2,2,0,2,2,0,4,4,0,60,43,H4
Brandon Marsh,669016,230.99,2025-08-04,2,3,0,2,0,0,4,4,0,60,50,H5
Trevor Larnach,663616,237.16,2025-06-23,3,1,0,2,3,0,4,4,0,60,52,H5
Christopher Morel,666624,238.29,2025-04-21,0,3,0,2,2,0,3,5,0,60,35,H3
Tommy Pham,502054,238.55,2025-06-23,5,0,0,2,1,0,4,7,0,60,52,H5
Tommy Pham,502054,238.55,2025-08-18,3,2,0,1,2,1,4,4,1,60,51,H5
Wenceel Perez,672761,238.7,2025-06-16,2,0,1,2,2,0,4,6,0,60,55,H5
Trevor Story,596115,238.76,2025-03-31,5,1,0,2,1,0,4,4,0,60,48,H4
Mike Yastrzemski,573262,238.77,2025-08-18,4,1,0,2,2,0,5,3,0,60,51,H5
Ben Rice,700250,239.01,2025-03-31,2,2,0,1,4,0,5,1,2,60,48,H4
Nolan Schanuel,694384,239.52,2025-06-02,2,4,0,0,4,0,4,5,0,60,45,H4
Nolan Schanuel,694384,239.52,2025-07-07,9,1,0,0,3,0,2,5,1,60,55,H5
Keibert Ruiz,660688,239.6,2025-04-07,9,1,0,0,3,0,5,4,0,60,37,H4
Ryan O'Hearn,656811,239.89,2025-05-26,5,1,0,1,3,0,4,4,1,60,41,H4
Nick Gonzales,693304,239.92,2025-06-23,5,2,0,1,3,0,2,5,0,60,52,H5
Davis Schneider,676914,239.99,2025-08-04,3,2,0,2,1,0,2,6,0,60,50,H5
Harrison Bader,664056,239.99,2025-08-25,5,2,1,1,1,0,4,2,0,60,55,H5
Geraldo Perdomo,672695,240,2025-05-12,3,3,0,0,3,0,4,4,2,60,43,H4
Mickey Moniak,666160,NA,2025-08-25,2,3,2,0,0,0,2,6,1,60,55,H5
Trent Grisham,663757,NA,2025-05-05,0,0,1,2,4,0,5,5,0,60,45,H4
Lenyn Sosa,672820,NA,2025-08-04,2,0,0,3,1,1,4,5,0,60,50,H5
Jake Mangum,663968,NA,2025-06-09,8,1,0,0,3,1,4,5,0,60,49,H5
Jake Mangum,663968,NA,2025-09-01,8,2,0,0,1,1,2,1,3,60,43,H4
Ramon Laureano,657656,NA,2025-09-01,6,2,0,1,2,0,3,2,1,60,43,H4
Austin Martin,668885,NA,2025-09-08,5,3,0,0,5,0,6,0,0,60,36,H3
Juan Soto,665742,3.25,2025-07-21,2,1,0,1,5,0,2,5,2,59,46,H4
Elly De La Cruz,682829,5.23,2025-07-28,5,1,0,1,2,0,2,5,2,59,51,H5
Corbin Carroll,682998,6.36,2025-07-07,2,2,1,1,1,0,5,3,1,59,56,H5
Jarren Duran,680776,15.71,2025-09-15,7,0,0,1,4,0,4,2,1,59,37,H4
Francisco Lindor,596019,17.8,2025-07-21,4,1,0,1,1,0,5,5,2,59,46,H4
Francisco Lindor,596019,17.8,2025-07-28,4,2,0,1,2,1,3,5,0,59,51,H5
Brent Rooker,667670,20.89,2025-08-11,3,2,0,1,3,1,6,2,0,59,44,H4
Brent Rooker,667670,20.89,2025-08-25,3,3,0,1,2,0,3,5,0,59,57,H5
Brent Rooker,667670,20.89,2025-09-08,3,2,0,2,2,0,3,3,0,59,40,H4
Bryce Harper,547180,27.32,2025-09-15,3,1,0,1,6,0,3,3,1,59,37,H4
Austin Riley,663586,30.75,2025-04-14,3,0,0,3,0,0,3,7,0,59,48,H4
Austin Riley,663586,30.75,2025-05-12,8,1,0,0,3,0,5,3,1,59,44,H4
Rafael Devers,646240,35.39,2025-06-30,4,3,0,0,4,1,3,4,0,59,41,H4
Trea Turner,607208,35.91,2025-04-28,9,2,0,0,2,0,6,1,0,59,48,H4
Mike Trout,545361,36.46,2025-06-23,3,0,0,1,8,0,5,3,0,59,56,H5
Mike Trout,545361,36.46,2025-06-30,3,1,0,1,7,1,4,1,0,59,41,H4
Lawrence Butler,671732,38.6,2025-04-14,5,1,0,1,2,0,5,2,2,59,48,H4
Bryan Reynolds,668804,42.05,2025-04-14,8,0,0,1,2,1,4,4,0,59,48,H4
Bryan Reynolds,668804,42.05,2025-09-01,4,1,0,1,5,0,6,2,0,59,46,H4
Corey Seager,608369,43.68,2025-04-14,6,2,0,1,3,0,2,3,0,59,48,H4
Manny Machado,592518,45.54,2025-06-09,6,2,0,0,1,0,3,10,0,59,51,H5
Cody Bellinger,641355,47.51,2025-07-21,1,2,1,2,2,0,3,2,0,59,46,H4
Randy Arozarena,668227,53.57,2025-06-23,7,1,0,0,3,1,6,2,1,59,56,H5
Seiya Suzuki,673548,54.65,2025-06-16,0,1,0,3,1,0,4,6,0,59,57,H5
Alex Bregman,608324,60.11,2025-05-12,2,1,0,2,4,1,3,3,0,59,44,H4
Nick Castellanos,592206,65.98,2025-07-21,3,1,0,2,0,0,5,5,1,59,46,H4
Jurickson Profar,595777,69.27,2025-09-15,4,1,0,1,4,1,5,3,0,59,37,H4
Christian Walker,572233,74.01,2025-06-16,6,1,0,1,3,0,4,4,0,59,57,H5
Willy Adames,642715,76.34,2025-05-12,2,3,0,1,3,0,5,3,0,59,44,H4
Willy Adames,642715,76.34,2025-09-08,4,2,0,1,3,0,2,4,1,59,40,H4
Spencer Steer,668715,80.57,2025-04-21,6,0,0,1,2,1,5,4,1,59,40,H4
Jose Altuve,514888,81.09,2025-07-07,5,2,0,1,2,0,2,6,0,59,56,H5
Taylor Ward,621493,83.15,2025-08-04,4,1,0,1,5,0,3,5,0,59,53,H5
Bo Bichette,666182,84.67,2025-04-28,4,3,0,1,1,0,3,1,2,59,48,H4
Heliot Ramos,671218,108.52,2025-06-02,6,1,0,1,3,0,4,4,0,59,46,H4
Ezequiel Tovar,678662,111.22,2025-03-31,4,3,1,0,1,0,4,3,1,59,52,H5
Josh Lowe,666139,138.27,2025-06-23,7,2,0,1,0,0,4,2,1,59,56,H5
Gleyber Torres,650402,147.51,2025-06-16,4,2,0,0,6,1,3,4,0,59,57,H5
Alec Bohm,664761,148.29,2025-04-14,4,3,1,0,0,1,4,3,1,59,48,H4
Luis Arraez,650333,168.81,2025-09-22,7,1,0,1,2,0,5,3,0,59,31,H3
Tommy Edman,669242,186.13,2025-03-31,4,0,0,2,1,0,5,5,1,59,52,H5
Xander Bogaerts,593428,211.87,2025-04-28,3,1,0,1,2,0,4,6,2,59,48,H4
Xander Bogaerts,593428,211.87,2025-07-07,8,1,0,0,5,0,2,1,2,59,56,H5
Brandon Lowe,664040,213.94,2025-03-31,5,0,0,2,2,0,3,6,0,59,52,H5
Brandon Lowe,664040,213.94,2025-06-02,2,2,0,2,1,0,5,4,0,59,46,H4
Shea Langeliers,669127,226.05,2025-07-14,1,3,0,2,0,0,4,5,0,59,5,H1
Shea Langeliers,669127,226.05,2025-09-08,3,2,0,1,3,1,5,1,1,59,40,H4
Michael Busch,683737,226.9,2025-06-23,4,0,0,2,1,0,5,5,1,59,56,H5
Andy Pages,681624,228.33,2025-08-25,5,1,0,2,0,0,3,6,0,59,57,H5
Brandon Marsh,669016,230.99,2025-09-08,2,2,1,1,1,0,5,5,0,59,40,H4
Max Kepler,596146,234.12,2025-04-28,1,1,0,3,0,0,5,5,0,59,48,H4
Yainer Diaz,673237,234.25,2025-06-30,3,2,0,2,2,0,3,3,0,59,41,H4
Sal Frelick,686217,236.71,2025-09-15,0,2,0,2,3,0,4,5,0,59,37,H4
Spencer Torkelson,679529,237.98,2025-03-31,3,3,0,1,1,1,3,5,0,59,52,H5
Jacob Wilson,805779,238.09,2025-05-12,3,1,0,2,2,0,3,4,1,59,44,H4
Tommy Pham,502054,238.55,2025-07-07,3,2,0,2,2,0,3,3,0,59,56,H5
Trevor Story,596115,238.76,2025-04-14,5,0,0,2,1,1,3,6,0,59,48,H4
Trevor Story,596115,238.76,2025-06-09,5,2,0,1,0,0,3,4,2,59,51,H5
Ben Rice,700250,239.01,2025-08-25,5,0,0,2,2,0,5,4,0,59,57,H5
Ben Rice,700250,239.01,2025-09-15,4,3,0,1,1,0,2,6,0,59,37,H4
Ben Rice,700250,239.01,2025-09-22,3,0,1,2,2,0,5,3,0,59,31,H3
Willi Castro,650489,239.25,2025-06-30,5,1,0,0,5,1,2,0,4,59,41,H4
Nolan Schanuel,694384,239.52,2025-07-21,8,3,0,0,3,0,2,2,0,59,46,H4
Josh Smith,669701,239.59,2025-07-07,2,4,0,0,4,1,3,2,1,59,56,H5
Adam Frazier,624428,239.6,2025-08-11,6,2,0,1,1,0,3,5,0,59,44,H4
Maikel Garcia,672580,239.72,2025-03-31,3,2,0,1,2,0,4,5,1,59,52,H5
Maikel Garcia,672580,239.72,2025-09-22,4,3,0,0,3,0,7,3,0,59,31,H3
Noelvi Marte,682622,239.78,2025-08-18,5,1,1,1,2,0,4,3,0,59,56,H5
Bo Naylor,666310,239.8,2025-07-28,1,3,0,1,3,1,4,4,0,59,51,H5
Luis Rengifo,650859,239.81,2025-08-04,3,1,1,2,0,0,5,3,0,59,53,H5
Gavin Sheets,657757,239.88,2025-06-09,6,2,0,1,3,0,3,2,0,59,51,H5
Brooks Lee,686797,239.95,2025-08-18,4,1,0,1,5,0,6,2,0,59,56,H5
Starling Marte,516782,239.99,2025-08-18,3,1,0,2,2,0,2,3,2,59,56,H5
Geraldo Perdomo,672695,240,2025-04-21,1,1,0,1,5,1,3,2,3,59,40,H4
Ke'Bryan Hayes,663647,240,2025-03-31,4,1,1,1,3,0,3,4,0,59,52,H5
Christian Moore,695681,NA,2025-09-15,1,2,0,2,2,0,2,3,2,59,37,H4
Miguel Andujar,609280,NA,2025-08-04,3,2,0,1,3,1,5,3,0,59,53,H5
Miguel Andujar,609280,NA,2025-08-11,6,0,0,2,1,0,3,6,0,59,44,H4
Mickey Moniak,666160,NA,2025-07-21,5,0,0,2,2,0,5,4,0,59,46,H4
Javier Baez,595879,NA,2025-06-09,4,2,0,1,3,0,5,3,0,59,51,H5
Zach McKinstry,656716,NA,2025-09-01,3,3,1,0,2,0,4,5,0,59,46,H4
Alejandro Kirk,672386,NA,2025-09-22,0,1,0,3,1,0,3,7,0,59,31,H3
Luis Torrens,620443,NA,2025-08-25,1,1,0,2,1,1,4,8,0,59,57,H5
Elly De La Cruz,682829,5.23,2025-05-12,3,1,0,2,1,0,4,2,2,58,48,H4
Jose Ramirez,608070,8.37,2025-09-08,3,2,0,1,3,0,4,3,1,58,44,H4
Gunnar Henderson,683002,12.24,2025-07-07,4,3,0,1,2,0,4,2,0,58,61,H6
Jarren Duran,680776,15.71,2025-08-11,2,2,0,0,5,3,3,1,2,58,47,H4
Brent Rooker,667670,20.89,2025-04-28,4,0,0,2,3,1,4,3,0,58,52,H5
James Wood,695578,32.36,2025-08-04,1,4,0,1,0,1,3,6,0,58,56,H5
Ketel Marte,606466,37.6,2025-09-22,3,2,0,2,1,0,5,2,0,58,35,H3
Bryan Reynolds,668804,42.05,2025-08-11,3,2,0,2,1,0,2,5,0,58,47,H4
Corey Seager,608369,43.68,2025-06-09,4,1,0,0,10,0,3,2,0,58,55,H5
Manny Machado,592518,45.54,2025-06-16,2,1,0,2,4,0,4,3,0,58,60,H5
Cody Bellinger,641355,47.51,2025-04-28,2,1,0,2,4,0,2,5,0,58,52,H5
Randy Arozarena,668227,53.57,2025-06-16,2,5,0,0,1,1,5,3,0,58,60,H5
Randy Arozarena,668227,53.57,2025-09-22,6,2,0,0,2,0,2,3,3,58,35,H3
Brenton Doyle,686668,56.73,2025-06-09,4,1,1,0,4,0,5,3,1,58,55,H5
Ozzie Albies,645277,58.95,2025-09-15,6,1,0,0,4,0,5,6,0,58,43,H4
Junior Caminero,691406,65.87,2025-06-09,0,0,0,2,6,0,5,5,0,58,55,H5
Junior Caminero,691406,65.87,2025-08-25,3,1,0,2,1,0,5,3,1,58,61,H6
Colton Cowser,681297,70.73,2025-07-28,2,2,0,1,4,0,5,4,0,58,54,H5
Dylan Crews,686611,71.02,2025-09-08,3,1,0,2,1,0,4,6,0,58,44,H4
Dylan Crews,686611,71.02,2025-09-15,7,1,0,0,3,0,4,1,3,58,43,H4
Willy Adames,642715,76.34,2025-03-31,5,2,0,0,3,0,4,5,1,58,58,H5
Willy Adames,642715,76.34,2025-09-01,2,0,0,2,3,1,2,6,1,58,48,H4
Willy Adames,642715,76.34,2025-09-22,2,1,0,2,1,1,4,4,1,58,35,H3
Jose Altuve,514888,81.09,2025-05-26,4,0,0,3,0,0,4,4,0,58,46,H4
Steven Kwan,680757,82.5,2025-05-05,5,2,0,0,5,0,5,1,1,58,47,H4
Bo Bichette,666182,84.67,2025-04-07,8,2,0,0,2,0,2,6,0,58,41,H4
George Springer,543807,107.02,2025-03-31,4,1,1,1,2,0,3,3,1,58,58,H5
Adley Rutschman,668939,112.59,2025-07-28,1,6,0,0,1,0,3,5,0,58,54,H5
Paul Goldschmidt,502671,117.94,2025-05-19,7,0,1,0,3,0,6,2,1,58,50,H5
Dansby Swanson,621020,124.49,2025-08-04,6,0,0,2,0,0,5,3,1,58,56,H5
Jackson Holliday,702616,135.54,2025-09-01,3,1,0,2,3,0,3,2,1,58,48,H4
Michael Toglia,669911,138.78,2025-04-21,5,1,0,1,3,0,2,5,1,58,42,H4
Byron Buxton,621439,140.84,2025-04-21,1,0,1,2,1,0,5,5,1,58,42,H4
Gleyber Torres,650402,147.51,2025-05-12,5,1,0,1,4,1,3,3,0,58,48,H4
Gleyber Torres,650402,147.51,2025-06-09,5,1,0,2,1,0,3,4,0,58,55,H5
Gleyber Torres,650402,147.51,2025-09-15,7,1,0,1,3,0,4,2,0,58,43,H4
Alec Bohm,664761,148.29,2025-06-16,8,2,0,0,2,0,3,5,0,58,60,H5
Cal Raleigh,663728,152.19,2025-06-30,0,0,0,3,3,1,3,5,0,58,45,H4
Yandy Diaz,650490,154.91,2025-06-30,3,2,0,1,3,0,4,5,0,58,45,H4
Yandy Diaz,650490,154.91,2025-07-14,4,1,0,1,4,0,5,4,0,58,6,H1
Royce Lewis,668904,168.33,2025-06-02,5,2,0,0,5,0,4,4,0,58,48,H4
Royce Lewis,668904,168.33,2025-09-01,5,1,0,1,1,0,2,2,4,58,48,H4
Luis Arraez,650333,168.81,2025-07-28,8,1,0,1,2,0,4,2,0,58,54,H5
Ryan McMahon,641857,172.9,2025-07-21,3,1,0,1,4,1,4,5,0,58,52,H5
Jo Adell,666176,198.16,2025-06-09,4,0,0,2,0,2,3,5,1,58,55,H5
Josh Jung,673962,208.9,2025-07-21,7,0,0,1,3,0,5,4,0,58,52,H5
Jesus Sanchez,660821,210.78,2025-05-26,7,0,0,2,1,0,5,2,0,58,46,H4
Jordan Walker,691023,219.58,2025-03-31,7,0,0,1,3,0,3,2,2,58,58,H5
Parker Meadows,678009,227.67,2025-09-08,7,1,0,1,1,0,5,4,0,58,44,H4
Brice Turang,668930,230.59,2025-04-14,6,0,0,0,2,0,6,1,5,58,54,H5
Brandon Marsh,669016,230.99,2025-07-28,4,2,0,2,0,0,4,3,0,58,54,H5
Max Kepler,596146,234.12,2025-04-21,6,1,0,1,4,0,4,2,0,58,42,H4
Yainer Diaz,673237,234.25,2025-04-28,7,1,0,1,0,1,4,5,0,58,52,H5
Colt Keith,690993,235.65,2025-03-31,2,2,0,0,10,0,4,1,0,58,58,H5
Colt Keith,690993,235.65,2025-08-11,3,2,0,1,3,0,5,4,0,58,47,H4
Andrew McCutchen,457705,235.95,2025-08-18,1,2,0,1,5,0,3,6,0,58,59,H5
Kyle Manzardo,700932,237.05,2025-09-01,3,0,0,2,3,2,4,3,0,58,48,H4
Joey Ortiz,687401,237.06,2025-04-07,5,0,0,0,6,1,5,2,2,58,41,H4
Trevor Larnach,663616,237.16,2025-05-26,6,2,0,1,0,0,2,5,1,58,46,H4
Carlos Santana,467793,237.36,2025-05-26,8,0,0,1,4,0,4,2,0,58,46,H4
Spencer Torkelson,679529,237.98,2025-08-18,3,1,0,2,3,0,4,3,0,58,59,H5
Jacob Wilson,805779,238.09,2025-09-08,4,3,0,1,0,2,3,3,0,58,44,H4
Tyler Soderstrom,691016,238.1,2025-08-04,4,1,0,2,2,0,3,4,0,58,56,H5
Wenceel Perez,672761,238.7,2025-06-02,2,2,0,2,1,1,4,3,0,58,48,H4
Trevor Story,596115,238.76,2025-08-18,4,2,0,1,3,1,3,3,0,58,59,H5
Nolan Schanuel,694384,239.52,2025-06-09,8,0,0,1,1,1,2,3,2,58,55,H5
Jonathan Aranda,666018,239.63,2025-06-23,5,1,0,2,1,0,4,3,0,58,60,H5
Luisangel Acuna,682668,239.64,2025-04-14,4,3,0,0,2,0,4,1,3,58,54,H5
Maikel Garcia,672580,239.72,2025-05-05,4,1,1,0,4,0,1,3,3,58,47,H4
Casey Schmitt,669477,239.77,2025-06-16,8,1,0,1,2,0,5,1,0,58,60,H5
Spencer Horwitz,687462,239.83,2025-08-25,5,1,0,1,3,0,6,3,0,58,61,H6
Alek Thomas,677950,239.91,2025-07-28,6,0,0,2,2,0,4,3,0,58,54,H5
Caleb Durbin,702332,239.92,2025-06-23,8,1,0,1,0,0,5,4,0,58,60,H5
Brooks Lee,686797,239.95,2025-09-15,4,1,0,2,0,0,4,6,0,58,43,H4
Hunter Goodman,696100,239.98,2025-06-09,4,2,1,1,0,0,5,3,0,58,55,H5
Geraldo Perdomo,672695,240,2025-04-14,3,1,0,1,3,0,4,6,1,58,54,H5
Nick Kurtz,701762,NA,2025-08-04,6,1,0,0,6,0,7,1,0,58,56,H5
Ivan Herrera,671056,NA,2025-05-19,6,0,0,0,4,0,5,7,1,58,50,H5
Trent Grisham,663757,NA,2025-06-16,3,1,0,2,3,0,4,3,0,58,60,H5
Gustavo Campero,672569,NA,2025-07-28,2,1,0,1,1,1,5,4,3,58,54,H5
Jake Mangum,663968,NA,2025-06-16,7,3,0,0,1,0,3,5,0,58,60,H5
Shohei Ohtani,660271,1.11,2025-04-07,5,0,1,1,2,0,3,2,2,57,43,H4
Shohei Ohtani,660271,1.11,2025-04-14,3,0,0,2,2,0,6,3,1,57,57,H5
Shohei Ohtani,660271,1.11,2025-04-21,3,3,1,0,2,0,5,1,1,57,45,H4
Shohei Ohtani,660271,1.11,2025-07-28,4,2,0,0,5,0,3,2,2,57,60,H5
Kyle Tucker,663656,7.8,2025-04-21,3,0,0,1,4,0,3,2,4,57,45,H4
Kyle Tucker,663656,7.8,2025-05-26,5,1,0,0,4,2,3,2,2,57,50,H5
Gunnar Henderson,683002,12.24,2025-09-22,4,1,0,1,3,0,1,3,3,57,38,H4
Julio Rodriguez,677594,14.08,2025-05-26,7,0,0,1,1,1,3,3,2,57,50,H5
Brent Rooker,667670,20.89,2025-04-21,2,3,0,1,3,0,4,3,0,57,45,H4
Jackson Merrill,701538,22.38,2025-05-26,2,3,0,1,3,0,3,4,0,57,50,H5
Wyatt Langford,694671,24.34,2025-03-31,1,0,0,2,3,1,3,4,2,57,62,H6
Pete Alonso,624413,29.95,2025-09-01,2,2,0,2,2,1,2,3,0,57,52,H5
Mike Trout,545361,36.46,2025-06-16,6,0,0,1,6,1,3,1,0,57,66,H6
Riley Greene,682985,44.7,2025-07-07,3,0,1,2,0,0,3,7,0,57,62,H6
Cody Bellinger,641355,47.51,2025-08-18,6,0,0,2,1,0,3,3,1,57,62,H6
Adolis Garcia,666969,49.79,2025-03-24,0,2,0,2,2,1,2,4,1,57,7,H1
Adolis Garcia,666969,49.79,2025-06-16,3,2,0,1,4,0,4,3,0,57,66,H6
Oneil Cruz,665833,50.09,2025-03-24,1,0,0,1,6,0,3,2,4,57,7,H1
Oneil Cruz,665833,50.09,2025-03-31,4,1,0,1,3,0,2,2,3,57,62,H6
Oneil Cruz,665833,50.09,2025-04-28,1,2,0,0,8,0,3,2,2,57,55,H5
Oneil Cruz,665833,50.09,2025-06-09,3,1,0,1,4,0,4,2,2,57,62,H6
Randy Arozarena,668227,53.57,2025-08-04,5,0,0,1,2,2,6,2,1,57,60,H5
Brenton Doyle,686668,56.73,2025-08-11,3,2,0,1,2,0,4,4,1,57,50,H5
Christian Yelich,592885,58.87,2025-04-07,1,1,0,2,2,0,4,5,1,57,43,H4
Junior Caminero,691406,65.87,2025-08-18,2,0,0,2,3,0,3,6,1,57,62,H6
Steven Kwan,680757,82.5,2025-08-11,6,1,0,1,1,0,5,1,2,57,50,H5
Bo Bichette,666182,84.67,2025-05-05,4,1,0,1,5,0,3,4,0,57,49,H5
Jorge Soler,624585,93.81,2025-04-07,4,1,0,2,2,1,2,3,0,57,43,H4
Paul Goldschmidt,502671,117.94,2025-05-12,5,0,0,1,1,1,6,5,1,57,50,H5
Vinnie Pasquantino,686469,131.56,2025-08-11,1,2,0,2,0,0,2,9,0,57,50,H5
Cedric Mullins,656775,133.6,2025-03-24,3,0,0,2,1,1,3,6,1,57,7,H1
Jackson Holliday,702616,135.54,2025-08-11,4,1,0,1,3,0,6,4,0,57,50,H5
Josh Lowe,666139,138.27,2025-09-01,4,1,0,1,2,1,4,4,1,57,52,H5
Byron Buxton,621439,140.84,2025-04-28,9,0,0,1,2,0,2,3,1,57,55,H5
Yandy Diaz,650490,154.91,2025-07-28,4,0,0,2,2,1,4,4,0,57,60,H5
Ceddanne Rafaela,678882,156.21,2025-04-21,4,1,0,1,1,0,4,5,2,57,45,H4
Max Muncy,571970,161.48,2025-04-28,2,1,1,1,4,1,3,3,0,57,55,H5
Max Muncy,691777,161.48,2025-06-09,4,0,0,2,0,1,2,7,1,57,62,H6
Xavier Edwards,669364,165.36,2025-08-11,4,1,1,1,1,0,6,1,1,57,50,H5
Ryan McMahon,641857,172.9,2025-04-28,2,0,1,1,5,0,4,3,1,57,55,H5
Brendan Donovan,680977,177.69,2025-05-12,7,3,0,0,1,1,4,2,0,57,50,H5
Lars Nootbaar,663457,186.05,2025-05-05,3,2,0,1,4,0,3,4,0,57,49,H5
Nathaniel Lowe,663993,192.46,2025-06-30,4,0,2,0,3,0,6,4,0,57,47,H4
Zach Neto,687263,202.06,2025-04-28,4,2,0,1,1,0,3,3,2,57,55,H5
Austin Hays,669720,212.98,2025-09-01,3,1,0,2,0,0,4,7,0,57,52,H5
Brandon Lowe,664040,213.94,2025-08-11,4,1,0,2,1,0,2,6,0,57,50,H5
Nolan Arenado,571448,227.39,2025-04-14,3,2,0,1,3,1,2,3,1,57,57,H5
Brice Turang,668930,230.59,2025-05-26,5,1,0,0,6,0,5,2,1,57,50,H5
Brice Turang,668930,230.59,2025-07-21,3,4,0,0,2,0,3,4,1,57,54,H5
Andres Gimenez,665926,231.93,2025-08-25,2,1,0,2,1,0,6,3,1,57,63,H6
Jordan Beck,687597,234.82,2025-09-01,5,2,0,1,0,0,2,6,1,57,52,H5
Andrew McCutchen,457705,235.95,2025-07-28,3,0,0,2,2,0,4,7,0,57,60,H5
Kyle Manzardo,700932,237.05,2025-07-21,5,2,0,1,2,0,1,6,0,57,54,H5
Trevor Larnach,663616,237.16,2025-05-05,3,2,0,2,0,0,4,4,0,57,49,H5
Spencer Torkelson,679529,237.98,2025-05-12,1,1,0,2,3,1,3,5,0,57,50,H5
Tyler Soderstrom,691016,238.1,2025-04-07,2,0,0,2,5,0,5,3,0,57,43,H4
Hyeseong Kim,808975,238.24,2025-05-12,5,1,0,1,2,0,5,3,1,57,50,H5
Christopher Morel,666624,238.29,2025-04-07,3,2,0,1,2,0,3,3,2,57,43,H4
Trevor Story,596115,238.76,2025-06-23,4,1,0,1,1,0,4,5,2,57,62,H6
Tyler Freeman,671289,239.42,2025-06-02,5,3,1,0,2,0,4,1,0,57,50,H5
Nolan Schanuel,694384,239.52,2025-05-12,6,1,0,0,5,0,5,4,0,57,50,H5
Brett Baty,683146,239.56,2025-05-19,5,1,0,1,2,0,2,6,1,57,52,H5
Josh Smith,669701,239.59,2025-07-21,4,1,0,1,2,1,6,4,0,57,54,H5
Adam Frazier,624428,239.6,2025-05-19,8,2,0,0,3,0,2,4,0,57,52,H5
Ty France,664034,239.69,2025-04-28,6,2,0,1,0,1,3,4,0,57,55,H5
Noelvi Marte,682622,239.78,2025-09-01,3,3,0,0,2,0,4,6,1,57,52,H5
Brooks Lee,686797,239.95,2025-08-11,1,2,1,1,2,0,2,7,0,57,50,H5
Harrison Bader,664056,239.99,2025-04-28,7,2,0,0,2,0,5,2,1,57,55,H5
Will Benson,666181,239.99,2025-09-08,0,0,1,3,1,0,3,5,0,57,48,H4
Kyle Stowers,669065,NA,2025-07-28,2,1,0,2,1,0,3,8,0,57,60,H5
Trent Grisham,663757,NA,2025-09-01,3,0,0,2,2,0,4,7,0,57,52,H5
Angel Martinez,682657,NA,2025-07-21,5,2,0,0,4,2,5,1,0,57,54,H5
Jake Mangum,663968,NA,2025-04-14,8,1,0,0,3,0,3,2,2,57,57,H5
Dylan Carlson,666185,NA,2025-05-26,4,2,0,1,1,0,3,5,1,57,50,H5
Shohei Ohtani,660271,1.11,2025-06-02,6,1,0,1,3,1,3,2,0,56,51,H5
Aaron Judge,592450,2.1,2025-06-09,1,0,0,3,1,0,3,5,1,56,64,H6
Kyle Tucker,663656,7.8,2025-05-12,2,1,2,0,4,0,3,1,2,56,55,H5
Gunnar Henderson,683002,12.24,2025-06-16,5,1,0,0,6,1,4,3,0,56,68,H6
Francisco Lindor,596019,17.8,2025-04-07,6,1,0,1,2,0,5,3,0,56,48,H4
Matt Olson,621566,21.79,2025-03-31,2,2,0,1,4,0,3,5,0,56,64,H6
Matt Olson,621566,21.79,2025-08-11,4,3,0,0,4,0,3,2,1,56,57,H5
Marcell Ozuna,542303,25.41,2025-03-31,2,1,0,1,6,0,5,3,0,56,64,H6
Marcell Ozuna,542303,25.41,2025-08-11,3,1,0,1,4,1,4,4,0,56,57,H5
Rafael Devers,646240,35.39,2025-04-14,1,2,0,1,5,0,5,3,0,56,60,H5
Riley Greene,682985,44.7,2025-08-11,1,3,0,1,5,0,2,3,0,56,57,H5
Riley Greene,682985,44.7,2025-09-08,1,2,0,2,1,0,4,5,0,56,49,H5
Manny Machado,592518,45.54,2025-04-14,3,2,0,1,3,0,4,4,0,56,60,H5
Adolis Garcia,666969,49.79,2025-06-30,6,1,0,1,0,0,2,7,1,56,48,H4
Alex Bregman,608324,60.11,2025-09-08,5,1,0,1,3,0,5,3,0,56,49,H5
Marcus Semien,543760,65.54,2025-07-28,6,3,0,0,2,0,2,3,1,56,64,H6
Dylan Crews,686611,71.02,2025-05-12,4,0,0,1,3,1,2,5,2,56,55,H5
Willy Adames,642715,76.34,2025-07-28,3,1,0,2,1,0,4,5,0,56,64,H6
Steven Kwan,680757,82.5,2025-04-07,6,0,0,1,1,1,4,5,1,56,48,H4
Bo Bichette,666182,84.67,2025-04-14,5,3,0,0,1,0,3,3,2,56,60,H5
Matt Chapman,656305,93.14,2025-09-08,3,2,0,1,3,0,6,2,0,56,49,H5
Eugenio Suarez,553993,104.99,2025-05-26,2,1,0,2,2,0,5,4,0,56,55,H5
Eugenio Suarez,553993,104.99,2025-08-18,1,2,0,2,3,0,2,4,0,56,64,H6
Heliot Ramos,671218,108.52,2025-04-14,5,3,0,0,3,0,7,0,0,56,60,H5
Jordan Westburg,676059,108.66,2025-03-24,3,0,0,3,1,0,4,3,0,56,10,H1
Adley Rutschman,668939,112.59,2025-05-19,3,1,0,1,5,0,4,4,0,56,54,H5
Dansby Swanson,621020,124.49,2025-09-08,3,2,0,0,2,1,3,4,3,56,49,H5
Kerry Carpenter,681481,130.48,2025-08-11,4,1,0,1,2,2,5,3,0,56,57,H5
Vinnie Pasquantino,686469,131.56,2025-06-23,4,2,0,1,2,0,2,6,0,56,63,H6
Vinnie Pasquantino,686469,131.56,2025-09-01,4,2,0,1,2,0,3,5,0,56,58,H5
Nolan Jones,666134,157.02,2025-07-07,5,1,1,0,5,0,3,1,1,56,63,H6
Brendan Donovan,680977,177.69,2025-07-21,4,2,0,1,2,0,3,5,0,56,58,H5
Jeremy Pena,665161,180.02,2025-04-28,8,1,0,1,1,1,4,1,0,56,62,H6
Salvador Perez,521692,194.19,2025-04-21,3,5,0,0,1,0,3,4,0,56,49,H5
Salvador Perez,521692,194.19,2025-06-30,3,3,0,1,0,1,1,7,0,56,48,H4
Roman Anthony,701350,198.72,2025-06-16,1,1,0,1,6,1,4,2,1,56,68,H6
Bryson Stott,681082,202.3,2025-09-01,2,3,0,1,2,0,2,6,0,56,58,H5
Xander Bogaerts,593428,211.87,2025-04-07,5,4,0,0,1,0,4,1,1,56,48,H4
Xander Bogaerts,593428,211.87,2025-05-12,5,0,0,1,3,0,3,4,2,56,55,H5
Brandon Lowe,664040,213.94,2025-05-26,4,2,0,1,1,1,6,2,0,56,55,H5
Andy Pages,681624,228.33,2025-08-04,4,3,0,0,2,0,3,3,2,56,61,H6
Brice Turang,668930,230.59,2025-05-19,3,2,0,1,1,0,3,6,1,56,54,H5
Brice Turang,668930,230.59,2025-07-28,2,2,0,2,0,0,3,6,0,56,64,H6
Yainer Diaz,673237,234.25,2025-06-09,3,3,0,1,1,0,4,4,0,56,64,H6
Jordan Beck,687597,234.82,2025-05-05,5,1,1,1,0,1,5,2,0,56,52,H5
Connor Norby,681393,237.78,2025-05-19,6,1,0,1,2,0,3,5,0,56,54,H5
Spencer Torkelson,679529,237.98,2025-08-11,4,1,0,1,6,0,3,2,0,56,57,H5
Trevor Story,596115,238.76,2025-06-02,4,1,0,1,2,0,5,6,0,56,51,H5
Mike Yastrzemski,573262,238.77,2025-04-14,1,3,0,1,2,1,3,5,0,56,60,H5
Jonathan Aranda,666018,239.63,2025-04-07,5,1,0,1,3,0,3,5,0,56,48,H4
Luis Rengifo,650859,239.81,2025-03-31,2,3,0,1,2,0,5,3,0,56,64,H6
Griffin Conine,665052,239.92,2025-04-07,5,2,0,0,5,0,3,4,0,56,48,H4
Curtis Mead,678554,239.94,2025-09-01,6,3,0,0,0,2,5,2,0,56,58,H5
Jake Meyers,676694,239.95,2025-05-19,7,1,0,1,1,0,4,2,1,56,54,H5
Dane Myers,667472,240,2025-06-09,8,1,0,1,0,0,3,3,1,56,64,H6
Miguel Vargas,678246,NA,2025-04-28,6,0,0,1,4,0,4,4,0,56,62,H6
Miguel Vargas,678246,NA,2025-06-16,3,2,1,0,2,1,4,3,1,56,68,H6
Joey Bart,663698,NA,2025-09-15,2,1,0,2,1,1,3,6,0,56,47,H4
Otto Lopez,672640,NA,2025-07-07,4,0,0,2,2,0,3,4,1,56,63,H6
Ivan Herrera,671056,NA,2025-07-21,7,0,0,1,5,0,3,2,0,56,58,H5
Tyrone Taylor,621438,NA,2025-08-25,3,3,0,0,2,1,5,5,0,56,64,H6
Addison Barger,680718,NA,2025-07-28,2,1,0,2,1,1,4,5,0,56,64,H6
Trent Grisham,663757,NA,2025-04-14,2,0,0,3,2,0,3,4,0,56,60,H5
Rowdy Tellez,642133,NA,2025-04-14,1,0,0,3,1,0,3,7,0,56,60,H5
Alex Call,669743,NA,2025-08-18,4,2,0,1,2,0,5,3,0,56,64,H6
Jose Caballero,676609,NA,2025-09-08,3,2,0,1,1,0,3,2,3,56,49,H5
Trey Sweeney,700242,NA,2025-03-31,4,1,1,1,2,0,3,4,0,56,64,H6
Ramon Laureano,657656,NA,2025-05-05,0,2,0,2,2,0,5,2,1,56,52,H5
Alejandro Kirk,672386,NA,2025-09-01,2,2,0,1,4,0,3,5,0,56,58,H5
Agustin Ramirez,682663,NA,2025-05-26,6,1,0,1,2,0,3,5,0,56,55,H5
Agustin Ramirez,682663,NA,2025-08-11,3,1,0,1,2,3,4,4,0,56,57,H5
Ramon Urias,602104,NA,2025-06-23,3,2,0,1,0,1,4,5,1,56,63,H6
Austin Martin,668885,NA,2025-08-25,5,1,0,0,5,0,4,0,3,56,64,H6
Aaron Judge,592450,2.1,2025-06-16,4,1,0,1,7,0,2,1,0,55,71,H6
Elly De La Cruz,682829,5.23,2025-04-07,3,1,0,1,2,0,3,7,1,55,53,H5
Elly De La Cruz,682829,5.23,2025-09-22,5,0,0,2,2,0,2,3,1,55,39,H4
Gunnar Henderson,683002,12.24,2025-06-30,2,3,0,1,1,0,3,4,1,55,50,H5
Jackson Chourio,694192,13.9,2025-05-19,7,1,0,0,4,0,4,2,1,55,58,H5
Matt Olson,621566,21.79,2025-05-19,1,1,0,3,0,0,4,4,0,55,58,H5
Teoscar Hernandez,606192,29.24,2025-08-04,1,3,0,2,0,0,2,5,0,55,62,H6
James Wood,695578,32.36,2025-04-14,3,0,0,2,1,1,4,6,0,55,67,H6
Lawrence Butler,671732,38.6,2025-09-08,5,0,0,1,2,0,3,3,3,55,54,H5
Cody Bellinger,641355,47.51,2025-09-01,3,1,0,1,4,0,4,5,0,55,62,H6
Marcus Semien,543760,65.54,2025-04-28,7,0,0,0,6,0,4,2,1,55,64,H6
Junior Caminero,691406,65.87,2025-05-19,2,3,0,1,1,0,3,4,1,55,58,H5
Jasson Dominguez,691176,70.56,2025-04-21,2,2,0,1,3,0,4,3,1,55,50,H5
Taylor Ward,621493,83.15,2025-06-16,2,2,0,1,3,0,4,5,0,55,71,H6
Taylor Ward,621493,83.15,2025-07-21,4,1,0,1,5,0,2,4,0,55,60,H5
Matt McLain,680574,91.6,2025-09-15,2,2,0,1,1,0,5,3,2,55,48,H4
Eugenio Suarez,553993,104.99,2025-06-02,2,2,0,2,1,0,3,4,0,55,53,H5
George Springer,543807,107.02,2025-06-02,0,2,0,2,3,0,3,4,0,55,53,H5
JJ Bleday,668709,111.18,2025-08-04,6,1,0,1,1,0,3,6,0,55,62,H6
Isaac Paredes,670623,121.15,2025-07-07,3,2,0,1,4,0,5,1,0,55,65,H6
Matt Wallner,670242,122.55,2025-08-04,1,1,0,2,3,1,5,2,0,55,62,H6
Kerry Carpenter,681481,130.48,2025-04-14,9,1,0,1,0,0,4,2,0,55,67,H6
Anthony Volpe,683011,135.32,2025-04-21,3,2,0,1,3,1,4,2,0,55,50,H5
Jackson Holliday,702616,135.54,2025-07-21,7,1,0,1,2,0,3,3,0,55,60,H5
Byron Buxton,621439,140.84,2025-06-02,3,1,0,0,6,0,1,8,1,55,53,H5
Gleyber Torres,650402,147.51,2025-08-25,6,0,0,1,5,0,3,3,0,55,66,H6
Michael Conforto,624424,163,2025-03-31,1,1,0,2,3,1,4,3,0,55,68,H6
TJ Friedl,670770,168.11,2025-09-01,3,2,0,1,4,0,3,3,0,55,62,H6
Ryan McMahon,641857,172.9,2025-08-11,2,2,0,1,5,0,4,2,0,55,63,H6
Jeremy Pena,665161,180.02,2025-05-12,7,1,0,1,2,0,2,4,0,55,58,H5
Jo Adell,666176,198.16,2025-05-26,4,2,0,1,2,1,2,4,0,55,58,H5
Roman Anthony,701350,198.72,2025-06-30,6,2,0,0,2,1,4,4,0,55,50,H5
Josh Jung,673962,208.9,2025-09-15,5,2,0,1,0,0,4,5,0,55,48,H4
Brandon Lowe,664040,213.94,2025-06-09,8,1,0,0,3,0,6,2,0,55,67,H6
Will Smith,669257,215.77,2025-07-21,4,0,0,2,3,0,5,2,0,55,60,H5
Alec Burleson,676475,219.26,2025-06-23,1,2,0,2,0,0,3,7,0,55,65,H6
Alec Burleson,676475,219.26,2025-08-11,6,0,1,1,1,0,2,4,1,55,63,H6
Matt Shaw,807713,227.33,2025-09-22,3,0,1,1,2,0,7,2,1,55,39,H4
Nolan Arenado,571448,227.39,2025-06-16,4,0,0,2,2,1,4,3,0,55,71,H6
Andres Gimenez,665926,231.93,2025-03-31,3,1,0,1,2,2,4,3,1,55,68,H6
Andres Gimenez,665926,231.93,2025-04-07,4,1,0,0,3,0,5,1,4,55,53,H5
Yainer Diaz,673237,234.25,2025-05-05,6,1,0,1,1,0,2,7,0,55,54,H5
Austin Wells,669224,234.46,2025-05-05,3,0,0,1,2,2,4,6,1,55,54,H5
Andrew McCutchen,457705,235.95,2025-05-26,3,1,0,2,2,0,3,4,0,55,58,H5
Tommy Pham,502054,238.55,2025-08-25,3,1,0,1,4,0,2,7,0,55,66,H6
Andrew Benintendi,643217,238.69,2025-06-16,3,0,1,2,0,0,3,6,0,55,71,H6
Trevor Story,596115,238.76,2025-08-25,2,1,0,2,1,0,4,2,2,55,66,H6
Coby Mayo,691723,239.19,2025-09-22,3,0,0,2,3,1,4,3,0,55,39,H4
Nolan Schanuel,694384,239.52,2025-03-31,4,1,1,0,2,1,4,4,1,55,68,H6
Nolan Schanuel,694384,239.52,2025-07-28,3,1,0,1,4,0,4,3,1,55,68,H6
Spencer Horwitz,687462,239.83,2025-09-08,2,1,0,2,3,0,4,3,0,55,54,H5
Alek Thomas,677950,239.91,2025-06-09,5,1,0,1,2,0,6,1,1,55,67,H6
Caleb Durbin,702332,239.92,2025-05-26,2,4,0,0,2,1,3,3,1,55,58,H5
Caleb Durbin,702332,239.92,2025-06-16,5,0,0,1,2,0,7,3,1,55,71,H6
Nolan Gorman,669357,239.92,2025-08-18,3,1,0,1,6,0,3,3,0,55,66,H6
Brooks Lee,686797,239.95,2025-06-09,5,1,0,2,0,0,3,4,0,55,67,H6
Joey Loperfido,694388,239.98,2025-07-28,8,1,0,1,1,0,4,2,0,55,68,H6
Jorge Polanco,593871,239.99,2025-04-28,1,1,0,2,2,0,4,6,0,55,64,H6
Gabriel Moreno,672515,NA,2025-05-19,2,0,0,3,1,0,3,5,0,55,58,H5
Otto Lopez,672640,NA,2025-09-01,5,0,0,2,2,0,3,4,0,55,62,H6
Otto Lopez,672640,NA,2025-09-15,3,2,0,1,0,0,4,4,2,55,48,H4
Gabriel Arias,672356,NA,2025-09-15,3,3,0,1,0,0,3,4,1,55,48,H4
David Hamilton,666152,NA,2025-05-12,4,1,0,1,0,1,4,2,3,55,58,H5
Addison Barger,680718,NA,2025-06-16,2,3,0,1,3,0,4,2,0,55,71,H6
Ernie Clement,676391,NA,2025-05-05,8,2,0,0,1,0,4,2,1,55,54,H5
Jose Caballero,676609,NA,2025-05-12,4,3,0,0,1,0,4,1,3,55,58,H5
Agustin Ramirez,682663,NA,2025-05-05,3,3,0,1,2,0,2,4,0,55,54,H5
Agustin Ramirez,682663,NA,2025-08-25,4,1,0,1,2,1,4,3,1,55,66,H6
Jose Ramirez,608070,8.37,2025-04-14,6,2,0,0,2,0,3,2,2,54,69,H6
Jose Ramirez,608070,8.37,2025-06-09,3,1,0,1,2,1,3,3,2,54,70,H6
Yordan Alvarez,670541,9.59,2025-04-07,5,1,0,0,7,0,2,2,1,54,55,H5
Julio Rodriguez,677594,14.08,2025-07-28,2,2,0,2,0,0,2,4,1,54,70,H6
Mookie Betts,605141,16.08,2025-08-11,5,0,0,1,2,1,6,4,0,54,65,H6
Brent Rooker,667670,20.89,2025-06-23,2,1,0,2,2,0,5,3,0,54,66,H6
Brent Rooker,667670,20.89,2025-07-28,3,0,0,2,1,0,3,6,1,54,70,H6
Matt Olson,621566,21.79,2025-09-01,4,0,1,1,4,0,4,2,0,54,65,H6
Bryce Harper,547180,27.32,2025-08-25,8,0,0,1,2,0,4,3,0,54,70,H6
Pete Alonso,624413,29.95,2025-04-21,4,2,0,0,4,2,4,2,0,54,52,H5
Ian Happ,664023,38.05,2025-09-15,4,1,0,1,3,1,2,5,0,54,52,H5
Adolis Garcia,666969,49.79,2025-05-05,4,1,0,1,2,0,3,5,1,54,58,H5
Adolis Garcia,666969,49.79,2025-07-28,3,1,0,2,1,0,4,4,0,54,70,H6
Brandon Nimmo,607043,51.96,2025-05-26,6,1,0,1,2,0,5,2,0,54,61,H6
Brenton Doyle,686668,56.73,2025-08-04,5,0,0,2,1,0,2,4,1,54,65,H6
Christian Yelich,592885,58.87,2025-05-05,3,0,0,2,1,0,4,3,2,54,58,H5
CJ Abrams,682928,79.08,2025-07-28,4,2,0,0,4,0,2,1,3,54,70,H6
Steven Kwan,680757,82.5,2025-06-16,6,3,0,0,2,0,3,1,1,54,77,H7
Taylor Ward,621493,83.15,2025-06-02,1,1,0,2,1,0,4,7,0,54,56,H5
Matt McLain,680574,91.6,2025-07-07,5,1,0,1,3,0,4,1,1,54,66,H6
Jorge Soler,624585,93.81,2025-03-31,4,0,0,2,0,2,4,4,0,54,71,H6
Triston Casas,671213,99,2025-04-21,1,0,0,2,4,1,2,6,0,54,52,H5
Adley Rutschman,668939,112.59,2025-03-24,2,1,0,2,2,0,5,3,0,54,11,H1
Vinnie Pasquantino,686469,131.56,2025-07-21,1,1,0,2,3,0,3,5,0,54,63,H6
Cedric Mullins,656775,133.6,2025-05-12,1,2,0,2,1,0,2,6,0,54,61,H6
Anthony Volpe,683011,135.32,2025-05-12,2,2,0,1,4,0,2,3,1,54,61,H6
Anthony Volpe,683011,135.32,2025-05-19,3,2,2,0,1,0,4,3,0,54,62,H6
Anthony Volpe,683011,135.32,2025-08-25,3,2,0,1,1,0,3,5,1,54,70,H6
Jackson Holliday,702616,135.54,2025-09-08,8,0,0,0,4,0,3,2,2,54,56,H5
Byron Buxton,621439,140.84,2025-09-15,2,3,0,0,4,0,5,0,2,54,52,H5
Alec Bohm,664761,148.29,2025-09-15,5,2,0,1,1,0,3,4,0,54,52,H5
Alec Bohm,664761,148.29,2025-09-22,7,1,0,1,1,0,3,4,0,54,42,H4
Yandy Diaz,650490,154.91,2025-04-14,5,1,0,1,3,0,2,5,0,54,69,H6
Yandy Diaz,650490,154.91,2025-04-21,5,3,0,0,1,0,2,5,1,54,52,H5
Yandy Diaz,650490,154.91,2025-08-25,4,3,0,1,2,0,3,1,0,54,70,H6
Ceddanne Rafaela,678882,156.21,2025-09-22,4,3,1,0,2,0,2,1,1,54,42,H4
Xavier Edwards,669364,165.36,2025-07-21,8,1,0,0,4,0,4,0,1,54,63,H6
TJ Friedl,670770,168.11,2025-04-21,5,3,0,0,1,0,3,2,2,54,52,H5
Brendan Donovan,680977,177.69,2025-06-23,3,0,0,2,3,0,4,4,0,54,66,H6
Jeremy Pena,665161,180.02,2025-08-04,1,2,1,1,2,1,2,4,0,54,65,H6
Lars Nootbaar,663457,186.05,2025-05-26,4,2,0,1,2,0,4,3,0,54,61,H6
Evan Carter,694497,197.41,2025-06-23,7,1,0,0,3,0,4,1,2,54,66,H6
Zach Neto,687263,202.06,2025-06-09,5,2,0,0,3,0,6,1,1,54,70,H6
Zach Neto,687263,202.06,2025-06-30,3,1,0,1,2,1,5,1,2,54,52,H5
Carlos Correa,621043,209.38,2025-09-01,6,2,0,1,0,0,4,3,0,54,65,H6
Nico Hoerner,663538,212.11,2025-07-28,7,1,0,1,1,0,3,4,0,54,70,H6
Austin Hays,669720,212.98,2025-08-25,2,1,0,2,2,0,3,5,0,54,70,H6
Zack Gelof,680869,225.25,2025-09-01,4,2,0,1,2,0,5,2,0,54,65,H6
Matt Shaw,807713,227.33,2025-06-02,4,2,0,1,0,0,5,1,2,54,56,H5
Parker Meadows,678009,227.67,2025-06-02,3,1,1,0,5,0,4,0,2,54,56,H5
Brice Turang,668930,230.59,2025-09-22,5,2,0,0,5,0,2,4,0,54,42,H4
Yainer Diaz,673237,234.25,2025-09-08,6,2,0,1,0,0,2,5,0,54,56,H5
Carlos Santana,467793,237.36,2025-03-31,5,1,0,1,3,0,3,2,1,54,71,H6
Spencer Torkelson,679529,237.98,2025-04-28,1,0,0,2,4,1,5,3,0,54,66,H6
Wenceel Perez,672761,238.7,2025-08-18,4,0,0,2,1,1,3,3,1,54,67,H6
Coby Mayo,691723,239.19,2025-07-21,1,2,0,1,4,1,4,3,0,54,63,H6
Coby Mayo,691723,239.19,2025-09-15,6,2,0,0,3,1,3,1,1,54,52,H5
Jonathan Aranda,666018,239.63,2025-06-16,8,2,0,0,2,0,4,2,0,54,77,H7
Luisangel Acuna,682668,239.64,2025-04-28,8,1,0,0,2,0,3,2,2,54,66,H6
Ty France,664034,239.69,2025-06-16,2,2,0,1,1,1,5,5,0,54,77,H7
Casey Schmitt,669477,239.77,2025-07-28,3,3,0,1,1,0,3,4,0,54,70,H6
Bo Naylor,666310,239.8,2025-04-28,0,0,0,3,2,0,4,5,0,54,66,H6
Caleb Durbin,702332,239.92,2025-04-21,3,2,0,1,1,2,3,4,0,54,52,H5
Harrison Bader,664056,239.99,2025-05-05,3,1,0,1,3,0,3,3,2,54,58,H5
Geraldo Perdomo,672695,240,2025-08-25,4,1,0,1,1,1,5,3,1,54,70,H6
Geraldo Perdomo,672695,240,2025-09-22,4,2,0,1,2,0,2,3,1,54,42,H4
Brayan Rocchio,677587,NA,2025-07-07,2,4,0,1,0,0,3,4,0,54,66,H6
Ivan Herrera,671056,NA,2025-09-15,4,0,0,1,2,2,5,3,1,54,52,H5
Addison Barger,680718,NA,2025-09-08,0,3,0,1,3,1,2,5,0,54,56,H5
Mike Tauchman,643565,NA,2025-07-21,4,1,0,2,0,0,4,4,0,54,63,H6
Trent Grisham,663757,NA,2025-05-12,3,0,0,2,5,0,3,2,0,54,61,H6
Kyle Higashioka,543309,NA,2025-07-07,5,0,0,2,1,0,2,4,1,54,66,H6
Lenyn Sosa,672820,NA,2025-05-19,5,2,0,1,1,0,2,5,0,54,62,H6
Alejandro Kirk,672386,NA,2025-08-11,2,0,0,2,2,0,3,6,1,54,65,H6
Jose Tena,677588,NA,2025-05-12,2,4,0,0,4,0,4,2,0,54,61,H6
Kyle Schwarber,656941,12.34,2025-07-14,1,1,0,2,2,0,4,5,0,53,7,H1
Jarren Duran,680776,15.71,2025-04-14,4,1,0,1,2,1,3,3,1,53,71,H6
Mookie Betts,605141,16.08,2025-05-12,2,1,0,0,5,0,5,4,2,53,65,H6
Matt Olson,621566,21.79,2025-04-21,3,0,0,1,6,0,6,2,0,53,57,H5
Jackson Merrill,701538,22.38,2025-09-22,3,2,0,1,2,0,3,5,0,53,46,H4
Bryce Harper,547180,27.32,2025-05-05,3,2,0,1,2,0,3,5,0,53,61,H6
Pete Alonso,624413,29.95,2025-09-22,2,3,0,1,1,0,4,4,0,53,46,H4
James Wood,695578,32.36,2025-08-11,5,2,0,0,2,0,5,3,1,53,67,H6
Trea Turner,607208,35.91,2025-03-31,5,1,0,0,4,0,3,1,3,53,73,H7
Trea Turner,607208,35.91,2025-06-23,3,1,0,2,0,0,4,3,1,53,69,H6
Bryan Reynolds,668804,42.05,2025-07-21,4,3,0,0,0,1,5,5,0,53,67,H6
Corey Seager,608369,43.68,2025-05-05,1,2,0,2,0,0,5,4,0,53,61,H6
Riley Greene,682985,44.7,2025-05-19,3,1,0,1,4,0,4,4,0,53,64,H6
Manny Machado,592518,45.54,2025-03-31,9,0,0,0,2,0,4,0,3,53,73,H7
Cody Bellinger,641355,47.51,2025-07-28,4,0,1,1,1,0,3,7,0,53,76,H7
Seiya Suzuki,673548,54.65,2025-04-07,7,0,1,0,2,0,3,4,1,53,56,H5
Alex Bregman,608324,60.11,2025-05-05,4,2,0,1,0,1,4,4,0,53,61,H6
Alex Bregman,608324,60.11,2025-09-15,5,0,0,1,6,0,2,3,0,53,57,H5
William Contreras,661388,61.55,2025-09-01,7,1,0,0,3,1,7,0,0,53,68,H6
Nick Castellanos,592206,65.98,2025-03-31,3,1,0,2,0,0,4,5,0,53,73,H7
Nick Castellanos,592206,65.98,2025-06-09,3,1,1,1,2,0,3,4,0,53,72,H6
Willy Adames,642715,76.34,2025-04-14,5,1,0,1,2,0,3,5,0,53,71,H6
Spencer Steer,668715,80.57,2025-04-28,5,1,0,1,2,0,3,3,1,53,69,H6
Spencer Steer,668715,80.57,2025-08-11,2,1,0,1,5,0,3,5,0,53,67,H6
Josh Naylor,647304,89.6,2025-07-28,3,1,0,1,2,0,3,2,3,53,76,H7
Jake Burger,669394,115.47,2025-05-12,5,2,0,1,2,0,1,4,0,53,65,H6
Jake Burger,669394,115.47,2025-06-02,4,1,0,2,1,0,3,3,0,53,59,H5
Isaac Paredes,670623,121.15,2025-06-30,5,2,0,1,2,0,3,2,0,53,53,H5
Dansby Swanson,621020,124.49,2025-06-30,8,0,0,1,1,0,6,2,0,53,53,H5
Dansby Swanson,621020,124.49,2025-09-01,1,1,0,1,4,0,2,5,2,53,68,H6
Dansby Swanson,621020,124.49,2025-09-15,5,1,0,1,2,0,2,2,2,53,57,H5
Joc Pederson,592626,151.33,2025-05-05,2,2,0,1,5,0,2,3,0,53,61,H6
Joc Pederson,592626,151.33,2025-08-04,1,1,0,2,4,0,3,3,0,53,67,H6
Yandy Diaz,650490,154.91,2025-07-21,0,0,0,3,1,2,3,4,0,53,67,H6
Jonathan India,663697,164.42,2025-06-30,3,2,0,0,4,4,4,0,0,53,53,H5
Xavier Edwards,669364,165.36,2025-05-05,6,0,0,0,5,0,3,1,3,53,61,H6
Masyn Winn,691026,166.08,2025-05-26,6,3,0,0,1,0,4,3,0,53,63,H6
Royce Lewis,668904,168.33,2025-09-15,5,1,0,1,0,0,1,6,2,53,57,H5
Brendan Donovan,680977,177.69,2025-07-07,6,0,0,1,3,0,4,4,0,53,69,H6
Lars Nootbaar,663457,186.05,2025-04-28,0,3,0,1,3,0,5,1,1,53,69,H6
Tommy Edman,669242,186.13,2025-05-26,3,3,0,1,0,0,5,3,0,53,63,H6
Nathaniel Lowe,663993,192.46,2025-05-26,6,1,0,0,3,0,4,6,0,53,63,H6
Salvador Perez,521692,194.19,2025-07-28,5,0,0,2,0,2,2,4,0,53,76,H7
Victor Robles,645302,198.36,2025-03-31,7,2,0,0,0,0,2,2,3,53,73,H7
Bryson Stott,681082,202.3,2025-05-05,3,1,0,1,2,0,4,5,1,53,61,H6
Bryson Stott,681082,202.3,2025-07-21,1,2,0,1,2,0,4,3,2,53,67,H6
Carlos Correa,621043,209.38,2025-06-23,5,0,0,2,0,0,4,5,0,53,69,H6
Nico Hoerner,663538,212.11,2025-09-22,6,0,0,1,1,0,7,2,1,53,46,H4
Austin Hays,669720,212.98,2025-08-18,6,1,1,0,1,0,1,4,2,53,68,H6
Brandon Lowe,664040,213.94,2025-08-04,2,0,0,3,1,0,3,4,0,53,67,H6
Will Smith,669257,215.77,2025-05-12,6,0,0,1,5,0,2,3,0,53,65,H6
Nolan Arenado,571448,227.39,2025-03-31,7,1,0,0,4,0,3,4,0,53,73,H7
Nolan Arenado,571448,227.39,2025-06-09,6,1,0,1,1,0,4,4,0,53,72,H6
Andy Pages,681624,228.33,2025-04-28,5,0,0,1,2,0,4,3,2,53,69,H6
Sal Frelick,686217,236.71,2025-05-26,9,1,0,0,0,0,3,3,2,53,63,H6
Joey Ortiz,687401,237.06,2025-08-11,6,2,0,0,1,0,6,2,1,53,67,H6
Carlos Santana,467793,237.36,2025-04-28,4,0,0,1,5,0,3,3,1,53,69,H6
Carlos Santana,467793,237.36,2025-07-07,3,0,0,1,4,0,4,3,2,53,69,H6
Spencer Torkelson,679529,237.98,2025-05-19,2,2,0,1,4,1,3,2,0,53,64,H6
Spencer Torkelson,679529,237.98,2025-08-04,5,0,0,2,2,0,4,2,0,53,67,H6
Tyler Soderstrom,691016,238.1,2025-03-31,5,1,0,1,2,0,4,4,0,53,73,H7
Tyler Soderstrom,691016,238.1,2025-08-11,5,1,0,1,2,0,3,5,0,53,67,H6
Giancarlo Stanton,519317,238.16,2025-08-11,4,1,0,2,1,0,2,4,0,53,67,H6
Tommy Pham,502054,238.55,2025-07-28,5,1,0,1,2,0,5,3,0,53,76,H7
Mike Yastrzemski,573262,238.77,2025-04-28,5,1,0,1,2,0,4,4,0,53,69,H6
Mike Yastrzemski,573262,238.77,2025-06-09,5,2,0,0,4,0,3,4,0,53,72,H6
Maikel Garcia,672580,239.72,2025-05-12,2,3,0,1,3,0,2,3,0,53,65,H6
Luis Rengifo,650859,239.81,2025-07-28,5,0,0,1,2,2,3,3,1,53,76,H7
Gavin Sheets,657757,239.88,2025-09-08,1,5,0,0,3,1,1,3,0,53,59,H5
Jake Meyers,676694,239.95,2025-06-02,6,2,0,0,3,0,3,0,2,53,59,H5
Colson Montgomery,695657,239.98,2025-08-04,0,1,0,2,4,1,4,2,0,53,67,H6
Patrick Bailey,672275,240,2025-09-01,6,0,0,1,0,1,5,4,1,53,68,H6
Miguel Vargas,678246,NA,2025-07-21,6,0,0,1,3,0,5,3,0,53,67,H6
Gabriel Arias,672356,NA,2025-05-26,3,3,0,0,3,1,3,4,0,53,63,H6
Addison Barger,680718,NA,2025-07-21,3,2,1,0,2,0,3,6,0,53,67,H6
Mike Tauchman,643565,NA,2025-06-02,1,1,0,1,6,0,4,4,0,53,59,H5
Lenyn Sosa,672820,NA,2025-07-07,3,0,0,2,1,1,3,4,1,53,69,H6
Lenyn Sosa,672820,NA,2025-09-01,2,0,0,2,2,1,5,4,0,53,68,H6
Alejandro Kirk,672386,NA,2025-05-26,7,1,0,0,4,0,2,5,0,53,63,H6
Agustin Ramirez,682663,NA,2025-05-12,2,2,0,1,5,0,3,2,0,53,65,H6
Aaron Judge,592450,2.1,2025-09-01,5,0,0,0,7,0,4,0,2,52,72,H6
Corbin Carroll,682998,6.36,2025-09-08,3,0,0,0,7,0,3,2,3,52,60,H5
Jose Ramirez,608070,8.37,2025-04-21,5,0,0,1,1,0,3,5,2,52,58,H5
Yordan Alvarez,670541,9.59,2025-08-25,3,0,0,1,7,0,3,3,0,52,75,H7
Jackson Chourio,694192,13.9,2025-05-05,5,1,0,1,1,0,2,1,3,52,67,H6
Julio Rodriguez,677594,14.08,2025-06-09,7,3,0,0,0,1,2,1,1,52,75,H7
Julio Rodriguez,677594,14.08,2025-09-15,4,1,0,1,2,0,4,3,1,52,60,H5
Mookie Betts,605141,16.08,2025-03-31,4,1,0,1,1,1,4,3,1,52,79,H7
Mookie Betts,605141,16.08,2025-08-25,4,1,0,1,4,0,4,2,0,52,75,H7
Mookie Betts,605141,16.08,2025-09-15,1,1,0,2,3,0,3,4,0,52,60,H5
Brent Rooker,667670,20.89,2025-06-30,3,2,0,1,3,0,2,4,0,52,56,H5
Matt Olson,621566,21.79,2025-04-28,3,1,0,1,5,0,5,1,0,52,74,H7
Trea Turner,607208,35.91,2025-06-30,8,1,0,0,2,0,3,1,2,52,56,H5
Mike Trout,545361,36.46,2025-06-02,5,0,0,1,5,0,3,3,0,52,62,H6
Ketel Marte,606466,37.6,2025-08-25,6,0,0,0,4,2,4,2,1,52,75,H7
Ketel Marte,606466,37.6,2025-09-01,0,1,0,2,4,0,3,4,0,52,72,H6
Ian Happ,664023,38.05,2025-04-21,4,3,0,0,4,0,3,2,0,52,58,H5
Manny Machado,592518,45.54,2025-09-08,2,0,0,2,2,0,4,4,1,52,60,H5
Brandon Nimmo,607043,51.96,2025-03-31,3,1,0,2,1,0,2,5,0,52,79,H7
Brandon Nimmo,607043,51.96,2025-09-22,7,0,0,1,1,0,3,4,1,52,49,H5
Ozzie Albies,645277,58.95,2025-04-28,6,0,0,1,2,0,4,1,2,52,74,H7
Ozzie Albies,645277,58.95,2025-07-14,1,0,0,2,1,0,2,9,1,52,8,H1
William Contreras,661388,61.55,2025-04-14,6,0,0,0,4,0,2,3,3,52,73,H7
William Contreras,661388,61.55,2025-07-07,6,2,0,0,2,0,6,2,0,52,72,H6
Nick Castellanos,592206,65.98,2025-05-19,5,1,0,0,3,0,5,4,1,52,66,H6
Christian Walker,572233,74.01,2025-09-08,7,0,0,1,1,0,4,5,0,52,60,H5
Spencer Steer,668715,80.57,2025-07-28,1,0,1,1,5,0,3,5,0,52,81,H7
Jorge Soler,624585,93.81,2025-04-28,1,1,0,2,3,0,3,4,0,52,74,H7
Jorge Soler,624585,93.81,2025-05-19,3,2,0,1,1,0,4,5,0,52,66,H6
George Springer,543807,107.02,2025-04-28,1,1,0,1,7,0,3,1,1,52,74,H7
Heliot Ramos,671218,108.52,2025-07-28,6,1,0,0,4,0,5,1,1,52,81,H7
Jake Burger,669394,115.47,2025-08-11,6,0,0,1,2,0,3,6,0,52,72,H6
Paul Goldschmidt,502671,117.94,2025-04-21,5,3,0,0,3,0,2,3,0,52,58,H5
Dansby Swanson,621020,124.49,2025-06-23,5,2,1,0,3,0,3,1,0,52,71,H6
Cedric Mullins,656775,133.6,2025-06-30,2,1,0,1,4,0,3,2,2,52,56,H5
Byron Buxton,621439,140.84,2025-04-07,0,1,0,2,1,1,5,3,1,52,57,H5
Gleyber Torres,650402,147.51,2025-06-02,6,1,0,0,4,0,5,3,0,52,62,H6
Gleyber Torres,650402,147.51,2025-09-08,1,2,0,0,7,0,2,6,0,52,60,H5
Yandy Diaz,650490,154.91,2025-04-28,5,1,0,1,4,1,1,2,0,52,74,H7
Yandy Diaz,650490,154.91,2025-09-08,3,0,0,2,3,0,5,2,0,52,60,H5
Jonathan India,663697,164.42,2025-04-28,4,1,0,1,4,0,5,1,0,52,74,H7
Xavier Edwards,669364,165.36,2025-09-08,5,0,0,1,3,0,4,5,0,52,60,H5
Jeremy Pena,665161,180.02,2025-05-19,6,0,1,0,1,5,2,2,0,52,66,H6
Roman Anthony,701350,198.72,2025-07-21,1,3,1,0,4,1,2,2,0,52,72,H6
Brandon Lowe,664040,213.94,2025-09-15,3,0,0,2,1,0,4,6,0,52,60,H5
Jordan Walker,691023,219.58,2025-07-21,5,3,0,0,3,0,3,2,0,52,72,H6
Shea Langeliers,669127,226.05,2025-06-30,1,2,0,2,1,0,3,4,0,52,56,H5
Matt Shaw,807713,227.33,2025-06-23,3,2,0,0,3,0,3,4,2,52,71,H6
Max Kepler,596146,234.12,2025-09-01,2,1,0,1,4,0,4,3,1,52,72,H6
Ryan Mountcastle,663624,234.73,2025-08-11,4,1,0,1,1,1,3,2,2,52,72,H6
Kyle Manzardo,700932,237.05,2025-04-28,5,0,0,1,5,0,2,2,1,52,74,H7
Connor Norby,681393,237.78,2025-04-21,2,2,0,1,0,2,4,3,1,52,58,H5
Giancarlo Stanton,519317,238.16,2025-07-21,2,0,0,3,0,0,4,4,0,52,72,H6
Leody Taveras,665750,238.9,2025-05-19,4,1,0,2,0,0,2,3,1,52,66,H6
Willi Castro,650489,239.25,2025-07-07,2,1,0,2,2,0,3,4,0,52,72,H6
Brett Baty,683146,239.56,2025-08-25,7,1,0,0,3,0,6,0,1,52,75,H7
Josh Smith,669701,239.59,2025-05-26,2,2,0,1,2,0,1,4,2,52,69,H6
Josh Smith,669701,239.59,2025-09-08,5,1,0,0,4,1,6,0,1,52,60,H5
Maikel Garcia,672580,239.72,2025-07-28,5,2,0,0,3,0,3,3,1,52,81,H7
Dominic Canzone,686527,239.73,2025-06-09,3,1,0,1,3,0,3,4,1,52,75,H7
Ryan O'Hearn,656811,239.89,2025-04-14,4,0,0,2,1,1,2,5,0,52,73,H7
Ryan O'Hearn,656811,239.89,2025-07-28,2,1,1,1,1,1,4,4,0,52,81,H7
Brooks Lee,686797,239.95,2025-07-28,3,0,0,2,1,0,3,7,0,52,81,H7
Hunter Goodman,696100,239.98,2025-03-31,1,1,0,2,1,2,3,4,0,52,79,H7
Harrison Bader,664056,239.99,2025-06-30,1,0,0,3,1,0,3,5,0,52,56,H5
Johan Rojas,679032,239.99,2025-04-14,5,2,0,0,1,0,5,2,2,52,73,H7
Miguel Vargas,678246,NA,2025-05-26,1,3,0,1,3,0,3,3,0,52,69,H6
Gabriel Arias,672356,NA,2025-04-14,3,2,0,1,1,0,4,3,1,52,73,H7
Luis Matos,682641,NA,2025-08-25,6,1,0,1,0,0,5,4,0,52,75,H7
Ramon Laureano,657656,NA,2025-08-04,5,1,1,0,3,0,1,6,0,52,71,H6
Alejandro Kirk,672386,NA,2025-06-23,6,1,0,0,4,0,3,5,0,52,71,H6
Thomas Saggese,695336,NA,2025-09-08,7,2,0,0,1,0,3,3,1,52,60,H5
Shohei Ohtani,660271,1.11,2025-05-19,1,1,0,2,2,0,4,2,1,51,70,H6
Juan Soto,665742,3.25,2025-09-22,3,0,0,1,4,0,3,1,3,51,50,H5
Elly De La Cruz,682829,5.23,2025-06-02,1,2,0,0,6,0,4,1,2,51,64,H6
Kyle Tucker,663656,7.8,2025-07-28,5,1,0,0,6,0,3,3,0,51,86,Unusable
Julio Rodriguez,677594,14.08,2025-04-21,4,1,0,1,3,0,2,5,0,51,62,H6
Marcell Ozuna,542303,25.41,2025-05-26,6,0,0,1,5,0,3,1,0,51,71,H6
Freddie Freeman,518692,26.39,2025-05-19,2,4,0,0,4,1,3,0,0,51,70,H6
Pete Alonso,624413,29.95,2025-07-28,0,1,0,2,3,0,3,5,0,51,86,Unusable
Austin Riley,663586,30.75,2025-06-30,4,3,0,1,1,0,1,3,0,51,61,H6
Rafael Devers,646240,35.39,2025-05-26,4,1,0,0,7,0,2,4,0,51,71,H6
Lawrence Butler,671732,38.6,2025-09-01,6,0,0,1,3,0,4,3,0,51,75,H7
Michael Harris II,671739,42.59,2025-07-28,8,1,1,0,1,0,4,1,0,51,86,Unusable
Corey Seager,608369,43.68,2025-08-11,1,2,0,1,2,0,3,3,2,51,74,H7
Riley Greene,682985,44.7,2025-05-26,3,3,0,1,0,0,1,6,0,51,71,H6
Manny Machado,592518,45.54,2025-05-26,2,1,0,2,1,0,4,4,0,51,71,H6
Randy Arozarena,668227,53.57,2025-05-12,4,1,0,1,1,2,4,1,1,51,70,H6
Randy Arozarena,668227,53.57,2025-07-21,1,1,0,2,1,1,3,3,1,51,75,H7
Christian Yelich,592885,58.87,2025-09-15,4,2,0,1,1,0,3,4,0,51,63,H6
Junior Caminero,691406,65.87,2025-09-22,7,0,0,1,3,1,2,2,0,51,50,H5
Jose Altuve,514888,81.09,2025-04-07,5,0,0,1,2,0,3,3,2,51,58,H5
George Springer,543807,107.02,2025-04-07,5,1,0,1,2,0,2,5,0,51,58,H5
Jordan Westburg,676059,108.66,2025-07-07,6,0,0,1,1,0,6,4,0,51,74,H7
Ezequiel Tovar,678662,111.22,2025-07-28,2,4,0,0,1,0,5,2,1,51,86,Unusable
Jake Burger,669394,115.47,2025-06-09,5,1,0,1,2,0,4,3,0,51,77,H7
Paul Goldschmidt,502671,117.94,2025-04-14,9,1,0,0,2,0,3,1,1,51,77,H7
Matt Wallner,670242,122.55,2025-03-31,4,2,1,0,3,0,4,1,0,51,82,H7
Jung Hoo Lee,808982,132.35,2025-04-21,6,1,1,0,3,0,3,2,0,51,62,H6
Anthony Volpe,683011,135.32,2025-05-05,5,1,0,0,2,0,5,3,2,51,68,H6
Gleyber Torres,650402,147.51,2025-05-05,4,2,0,0,3,0,3,6,0,51,68,H6
Gleyber Torres,650402,147.51,2025-05-19,2,2,0,0,7,0,3,3,0,51,70,H6
TJ Friedl,670770,168.11,2025-06-02,2,1,0,1,4,1,4,3,0,51,64,H6
TJ Friedl,670770,168.11,2025-08-04,7,1,0,0,3,1,1,3,1,51,72,H6
Luis Arraez,650333,168.81,2025-06-16,9,0,1,0,0,0,5,3,0,51,80,H7
Rhys Hoskins,656555,172.72,2025-05-05,4,4,0,0,1,0,1,5,0,51,68,H6
Ryan McMahon,641857,172.9,2025-08-25,2,2,0,1,3,0,4,3,0,51,80,H7
Willson Contreras,575929,182.14,2025-07-07,4,2,0,1,1,0,3,4,0,51,74,H7
Lars Nootbaar,663457,186.05,2025-08-18,6,2,0,0,3,0,3,3,0,51,69,H6
Nathaniel Lowe,663993,192.46,2025-03-24,3,1,0,2,0,0,3,5,0,51,12,H1
Wilyer Abreu,677800,217.36,2025-08-11,3,2,0,1,2,0,2,5,0,51,74,H7
Jordan Walker,691023,219.58,2025-08-04,7,0,0,1,0,0,3,3,2,51,72,H6
Nolan Arenado,571448,227.39,2025-05-05,5,1,0,1,1,1,5,2,0,51,68,H6
Andres Gimenez,665926,231.93,2025-03-24,1,1,0,2,2,0,4,4,0,51,12,H1
Andrew Vaughn,683734,236.76,2025-05-05,3,2,0,2,0,0,2,3,0,51,68,H6
Joey Ortiz,687401,237.06,2025-07-28,4,3,0,0,1,0,3,6,0,51,86,Unusable
Spencer Torkelson,679529,237.98,2025-05-05,4,3,0,0,1,0,3,6,0,51,68,H6
Spencer Torkelson,679529,237.98,2025-07-07,2,1,0,1,4,1,4,3,0,51,74,H7
Logan O'Hoppe,681351,238.67,2025-04-28,4,0,0,2,2,1,2,3,0,51,81,H7
Trevor Story,596115,238.76,2025-08-04,6,0,0,0,3,0,6,4,1,51,72,H6
Ben Rice,700250,239.01,2025-08-18,2,0,1,2,3,0,2,2,0,51,69,H6
Francisco Alvarez,682626,239.35,2025-09-22,2,0,0,2,3,0,4,4,0,51,50,H5
Brett Baty,683146,239.56,2025-05-05,1,0,0,3,0,0,3,6,0,51,68,H6
Josh Smith,669701,239.59,2025-05-05,7,0,0,1,3,1,2,2,0,51,68,H6
Ty France,664034,239.69,2025-04-21,3,2,0,0,3,1,4,5,0,51,62,H6
Luis Rengifo,650859,239.81,2025-07-07,6,3,0,0,1,0,4,2,0,51,74,H7
Brooks Lee,686797,239.95,2025-06-23,4,2,0,1,1,0,3,4,0,51,74,H7
Hunter Goodman,696100,239.98,2025-04-14,5,0,0,1,4,0,4,3,0,51,77,H7
Harrison Bader,664056,239.99,2025-09-15,4,1,0,1,3,0,4,1,1,51,63,H6
Yoan Moncada,660162,NA,2025-09-08,2,1,0,1,5,0,4,3,0,51,68,H6
Otto Lopez,672640,NA,2025-06-09,6,0,0,1,3,0,4,1,1,51,77,H7
Kameron Misner,670224,NA,2025-04-14,3,0,0,2,2,0,4,4,0,51,77,H7
Kyle Stowers,669065,NA,2025-06-30,3,0,0,3,0,0,3,3,0,51,61,H6
Addison Barger,680718,NA,2025-07-07,1,1,0,2,0,0,4,5,1,51,74,H7
Trent Grisham,663757,NA,2025-09-22,2,0,0,1,7,0,5,2,0,51,50,H5
Zach McKinstry,656716,NA,2025-04-07,4,0,1,1,1,0,3,6,0,51,58,H5
Lenyn Sosa,672820,NA,2025-09-22,5,2,0,1,0,0,3,4,0,51,50,H5
Alex Call,669743,NA,2025-06-02,4,0,0,2,1,2,3,2,0,51,64,H6
Ramon Laureano,657656,NA,2025-06-30,3,4,0,0,1,1,4,2,0,51,61,H6
Kyle Farmer,571657,NA,2025-05-12,1,1,0,2,2,0,2,6,0,51,70,H6
Thomas Saggese,695336,NA,2025-09-15,4,1,0,1,3,0,4,3,0,51,63,H6
Jose Trevino,624431,NA,2025-04-14,3,4,0,0,2,0,5,1,0,51,77,H7
Juan Soto,665742,3.25,2025-03-31,3,2,0,0,3,0,7,1,1,50,83,H7
Juan Soto,665742,3.25,2025-05-12,3,0,0,0,7,0,3,1,3,50,72,H6
Jose Ramirez,608070,8.37,2025-08-18,3,1,0,1,3,0,2,4,1,50,71,H6
Gunnar Henderson,683002,12.24,2025-05-12,4,0,0,2,2,0,2,4,0,50,72,H6
Jackson Chourio,694192,13.9,2025-09-22,2,1,0,1,2,0,4,1,3,50,55,H5
Julio Rodriguez,677594,14.08,2025-09-22,2,0,0,1,5,1,3,1,2,50,55,H5
Jarren Duran,680776,15.71,2025-04-07,4,2,0,0,4,0,2,1,2,50,61,H6
Francisco Lindor,596019,17.8,2025-03-31,3,2,0,0,3,0,4,2,2,50,83,H7
Matt Olson,621566,21.79,2025-07-21,5,1,0,0,7,0,3,1,0,50,76,H7
Wyatt Langford,694671,24.34,2025-05-26,1,0,0,2,3,0,3,4,1,50,75,H7
Bryce Harper,547180,27.32,2025-09-01,2,1,0,2,2,0,2,4,0,50,76,H7
Teoscar Hernandez,606192,29.24,2025-07-21,3,0,0,2,3,0,2,4,0,50,76,H7
Anthony Santander,623993,32.63,2025-04-14,3,2,0,1,1,0,3,5,0,50,81,H7
Mike Trout,545361,36.46,2025-08-04,4,1,0,1,2,0,5,3,0,50,75,H7
Ketel Marte,606466,37.6,2025-06-30,2,0,0,2,4,0,3,3,0,50,64,H6
Bryan Reynolds,668804,42.05,2025-05-19,4,2,0,0,3,1,2,5,0,50,73,H7
Bryan Reynolds,668804,42.05,2025-09-15,3,1,0,1,4,1,3,2,0,50,66,H6
Cody Bellinger,641355,47.51,2025-05-05,6,0,0,1,2,0,4,2,1,50,76,H7
Randy Arozarena,668227,53.57,2025-03-31,0,3,0,1,4,0,2,3,0,50,83,H7
Randy Arozarena,668227,53.57,2025-08-18,1,2,0,1,2,1,5,3,0,50,71,H6
Brenton Doyle,686668,56.73,2025-07-28,5,1,0,1,1,0,5,3,0,50,91,Unusable
Ozzie Albies,645277,58.95,2025-05-26,3,0,0,1,4,1,3,3,1,50,75,H7
William Contreras,661388,61.55,2025-05-26,6,1,0,0,4,0,5,2,0,50,75,H7
William Contreras,661388,61.55,2025-06-16,3,2,0,0,7,0,1,3,0,50,81,H7
Junior Caminero,691406,65.87,2025-06-30,3,2,0,1,1,0,2,6,0,50,64,H6
Colton Cowser,681297,70.73,2025-06-23,3,3,0,0,2,1,4,3,0,50,75,H7
Christian Walker,572233,74.01,2025-09-01,2,2,0,1,2,0,4,2,1,50,76,H7
Spencer Steer,668715,80.57,2025-06-30,1,2,0,1,2,1,3,5,0,50,64,H6
Jose Altuve,514888,81.09,2025-09-15,4,1,0,1,1,1,1,5,1,50,66,H6
Taylor Ward,621493,83.15,2025-07-28,3,0,0,2,1,0,2,5,1,50,91,Unusable
Tyler O'Neill,641933,104.59,2025-03-31,3,3,1,0,1,0,3,3,0,50,83,H7
Jake Burger,669394,115.47,2025-09-01,2,0,1,2,0,0,3,5,0,50,76,H7
Jake Burger,669394,115.47,2025-09-08,4,0,0,2,2,0,3,3,0,50,69,H6
Dansby Swanson,621020,124.49,2025-04-21,2,1,1,0,2,0,5,3,2,50,65,H6
Dansby Swanson,621020,124.49,2025-06-09,5,0,0,2,1,0,2,4,0,50,79,H7
Anthony Volpe,683011,135.32,2025-09-15,4,2,0,0,2,0,4,2,2,50,66,H6
Yandy Diaz,650490,154.91,2025-05-19,3,2,0,1,1,0,3,5,0,50,73,H7
Yandy Diaz,650490,154.91,2025-06-02,5,1,0,1,3,0,3,2,0,50,67,H6
Jonathan India,663697,164.42,2025-08-11,1,1,0,2,3,0,2,4,0,50,76,H7
Masyn Winn,691026,166.08,2025-06-16,3,2,0,0,3,0,5,3,1,50,81,H7
Brendan Donovan,680977,177.69,2025-04-07,7,2,0,0,1,0,3,2,1,50,61,H6
Brendan Donovan,680977,177.69,2025-04-28,6,0,0,0,5,1,4,3,0,50,82,H7
Jeremy Pena,665161,180.02,2025-04-07,5,1,0,0,3,0,4,2,2,50,61,H6
Lars Nootbaar,663457,186.05,2025-06-16,3,1,0,1,4,1,2,3,0,50,81,H7
Tommy Edman,669242,186.13,2025-04-07,3,0,1,1,2,1,2,5,0,50,61,H6
Nathaniel Lowe,663993,192.46,2025-04-14,9,1,0,0,3,0,0,2,1,50,81,H7
Salvador Perez,521692,194.19,2025-07-14,1,2,0,2,1,0,4,2,0,50,9,H1
Salvador Perez,521692,194.19,2025-08-11,2,1,0,2,0,0,5,4,0,50,76,H7
Jesus Sanchez,660821,210.78,2025-06-30,5,1,2,0,1,0,2,1,1,50,64,H6
Jesus Sanchez,660821,210.78,2025-08-04,2,4,0,0,1,1,6,1,0,50,75,H7
Xander Bogaerts,593428,211.87,2025-07-21,3,3,0,1,1,0,4,1,0,50,76,H7
Nico Hoerner,663538,212.11,2025-06-30,2,1,1,0,3,1,5,2,1,50,64,H6
Alec Burleson,676475,219.26,2025-07-21,3,2,0,1,2,1,3,2,0,50,76,H7
Jordan Walker,691023,219.58,2025-09-22,1,1,0,1,3,0,3,4,2,50,55,H5
Matt Shaw,807713,227.33,2025-03-31,4,0,0,0,8,0,5,2,0,50,83,H7
Andy Pages,681624,228.33,2025-06-30,4,1,0,1,2,0,3,3,1,50,64,H6
Max Kepler,596146,234.12,2025-05-19,1,3,0,1,2,1,2,3,0,50,73,H7
Jordan Beck,687597,234.82,2025-04-28,3,3,1,0,1,0,5,1,0,50,82,H7
Jordan Beck,687597,234.82,2025-06-02,5,3,0,0,1,0,1,4,1,50,67,H6
Jordan Beck,687597,234.82,2025-07-14,5,0,1,1,1,0,3,2,1,50,9,H1
Josh Bell,605137,238,2025-08-04,4,2,0,1,3,1,1,1,0,50,75,H7
Josh Bell,605137,238,2025-09-22,2,1,0,2,2,0,4,2,0,50,55,H5
Heston Kjerstad,677008,238.03,2025-04-14,2,0,0,2,1,1,3,6,0,50,81,H7
Giancarlo Stanton,519317,238.16,2025-07-28,4,0,0,2,0,0,3,6,0,50,91,Unusable
Trevor Story,596115,238.76,2025-09-08,3,2,0,1,1,0,4,2,1,50,69,H6
Mike Yastrzemski,573262,238.77,2025-06-16,5,1,0,1,3,0,3,2,0,50,81,H7
Mike Yastrzemski,573262,238.77,2025-08-04,1,3,0,1,3,0,4,1,0,50,75,H7
Alex Verdugo,657077,238.85,2025-04-21,4,3,0,0,2,0,3,4,0,50,65,H6
Brett Baty,683146,239.56,2025-06-23,6,3,0,0,2,0,1,3,0,50,75,H7
Dominic Canzone,686527,239.73,2025-09-22,4,1,0,1,2,0,3,3,1,50,55,H5
Jeff McNeil,643446,239.75,2025-04-28,3,0,1,1,3,0,3,4,0,50,82,H7
Spencer Horwitz,687462,239.83,2025-05-19,3,2,0,1,3,0,2,3,0,50,73,H7
Hunter Goodman,696100,239.98,2025-04-28,8,0,0,1,0,0,2,6,0,50,82,H7
Geraldo Perdomo,672695,240,2025-05-19,5,1,0,1,2,1,2,3,0,50,73,H7
Miguel Vargas,678246,NA,2025-04-21,6,1,0,1,2,0,3,2,0,50,65,H6
Miguel Vargas,678246,NA,2025-07-14,0,3,0,1,2,0,5,3,0,50,9,H1
Otto Lopez,672640,NA,2025-06-02,3,1,0,1,1,0,3,4,2,50,67,H6
Kyle Stowers,669065,NA,2025-06-16,1,1,1,1,3,0,5,2,0,50,81,H7
Angel Martinez,682657,NA,2025-05-05,3,1,0,1,1,0,4,5,1,50,76,H7
Zach McKinstry,656716,NA,2025-08-18,3,0,2,1,0,1,4,2,0,50,71,H6
Agustin Ramirez,682663,NA,2025-07-21,2,2,0,1,2,0,4,2,1,50,76,H7
Agustin Ramirez,682663,NA,2025-08-18,2,2,0,0,1,3,3,1,3,50,71,H6
Ramon Urias,602104,NA,2025-05-19,5,3,0,0,1,0,2,5,0,50,73,H7
Ramon Urias,602104,NA,2025-06-09,2,1,0,2,0,0,3,4,1,50,79,H7
Juan Soto,665742,3.25,2025-04-07,4,1,0,0,7,0,4,1,0,49,65,H6
Kyle Schwarber,656941,12.34,2025-03-24,3,0,0,2,1,1,3,4,0,49,14,H2
Julio Rodriguez,677594,14.08,2025-04-07,3,1,1,0,2,0,5,3,1,49,65,H6
Jarren Duran,680776,15.71,2025-03-31,5,0,1,0,0,0,4,7,1,49,88,Unusable
Jackson Merrill,701538,22.38,2025-07-07,1,0,0,2,4,0,4,3,0,49,79,H7
Wyatt Langford,694671,24.34,2025-05-05,2,1,0,0,5,0,4,1,3,49,78,H7
Marcell Ozuna,542303,25.41,2025-06-09,4,0,0,1,2,1,2,7,0,49,81,H7
Freddie Freeman,518692,26.39,2025-07-21,6,1,0,0,3,0,3,3,1,49,81,H7
Austin Riley,663586,30.75,2025-06-02,5,2,0,1,0,0,4,2,0,49,70,H6
Rafael Devers,646240,35.39,2025-07-28,3,1,0,1,4,0,2,4,0,49,94,Unusable
Ian Happ,664023,38.05,2025-03-31,5,1,0,0,4,0,7,1,0,49,88,Unusable
Ian Happ,664023,38.05,2025-06-02,4,1,0,1,3,0,2,4,0,49,70,H6
Ian Happ,664023,38.05,2025-09-22,3,3,0,0,2,0,3,5,0,49,60,H5
Lawrence Butler,671732,38.6,2025-08-11,2,1,0,2,1,0,3,4,0,49,78,H7
Bryan Reynolds,668804,42.05,2025-08-18,1,4,0,0,4,0,3,2,0,49,75,H7
Michael Harris II,671739,42.59,2025-04-21,8,1,0,0,1,0,2,4,1,49,68,H6
Oneil Cruz,665833,50.09,2025-06-23,2,0,0,2,1,0,4,4,1,49,77,H7
Brandon Nimmo,607043,51.96,2025-05-05,3,1,0,1,3,1,2,2,1,49,78,H7
Christian Yelich,592885,58.87,2025-03-31,2,0,0,1,4,1,3,4,1,49,88,Unusable
William Contreras,661388,61.55,2025-06-09,1,2,0,1,4,0,1,5,0,49,81,H7
Junior Caminero,691406,65.87,2025-07-14,3,1,0,2,0,0,2,5,0,49,12,H1
Christian Walker,572233,74.01,2025-07-21,5,3,0,0,2,0,2,3,0,49,81,H7
Willy Adames,642715,76.34,2025-06-16,5,0,0,1,4,0,5,1,0,49,86,Unusable
Josh Naylor,647304,89.6,2025-03-24,4,2,0,0,3,0,3,3,1,49,14,H2
Ezequiel Tovar,678662,111.22,2025-09-01,8,1,0,0,3,0,3,2,0,49,79,H7
Kerry Carpenter,681481,130.48,2025-05-12,7,1,0,0,2,0,6,0,1,49,74,H7
Jung Hoo Lee,808982,132.35,2025-05-12,3,1,0,2,0,0,2,5,0,49,74,H7
Jackson Holliday,702616,135.54,2025-04-28,5,0,0,2,0,0,4,3,0,49,86,Unusable
Josh Lowe,666139,138.27,2025-08-18,4,1,0,0,2,1,3,0,4,49,75,H7
Gleyber Torres,650402,147.51,2025-07-07,4,3,0,0,3,0,4,1,0,49,79,H7
Cal Raleigh,663728,152.19,2025-08-18,1,1,0,2,2,0,3,4,0,49,75,H7
Yandy Diaz,650490,154.91,2025-05-26,2,2,0,1,1,0,4,5,0,49,78,H7
Yandy Diaz,650490,154.91,2025-08-11,8,2,0,0,1,0,1,4,0,49,78,H7
Ceddanne Rafaela,678882,156.21,2025-08-25,4,2,0,1,0,1,3,3,0,49,81,H7
Jonathan India,663697,164.42,2025-06-23,5,3,0,0,2,0,4,1,0,49,77,H7
Masyn Winn,691026,166.08,2025-03-31,8,0,0,0,2,1,6,2,0,49,88,Unusable
TJ Friedl,670770,168.11,2025-09-08,3,0,0,1,4,2,3,1,1,49,71,H6
Luis Arraez,650333,168.81,2025-05-26,4,3,0,0,1,0,3,5,0,49,78,H7
Luis Arraez,650333,168.81,2025-06-09,4,3,0,0,1,0,6,2,0,49,81,H7
Brendan Donovan,680977,177.69,2025-06-02,4,2,0,0,4,1,3,2,0,49,70,H6
Jeremy Pena,665161,180.02,2025-04-14,3,2,0,1,2,0,3,3,0,49,84,H7
Jeremy Pena,665161,180.02,2025-04-21,7,1,0,0,2,0,2,4,1,49,68,H6
Lars Nootbaar,663457,186.05,2025-08-25,4,2,1,0,3,0,4,0,0,49,81,H7
Zach Neto,687263,202.06,2025-06-16,3,2,0,1,0,2,3,1,1,49,86,Unusable
Jake McCarthy,664983,205.86,2025-08-11,7,1,0,0,0,0,3,2,3,49,78,H7
Jesus Sanchez,660821,210.78,2025-08-18,4,2,0,1,1,0,4,2,0,49,75,H7
Kristian Campbell,692225,212.49,2025-06-02,3,1,0,1,2,2,2,4,0,49,70,H6
Austin Hays,669720,212.98,2025-07-14,1,0,0,2,4,0,4,3,0,49,12,H1
Will Smith,669257,215.77,2025-05-05,4,2,0,0,5,0,3,2,0,49,78,H7
Wilyer Abreu,677800,217.36,2025-04-21,2,1,0,1,3,0,2,3,2,49,68,H6
Matt Shaw,807713,227.33,2025-08-18,2,1,1,1,3,0,4,1,0,49,75,H7
Jordan Beck,687597,234.82,2025-05-19,7,3,0,0,0,0,3,0,1,49,79,H7
Andrew McCutchen,457705,235.95,2025-08-25,4,2,0,0,5,0,2,3,0,49,81,H7
Kyle Manzardo,700932,237.05,2025-04-14,2,1,0,2,1,0,2,5,0,49,84,H7
Spencer Torkelson,679529,237.98,2025-03-24,2,1,0,1,5,0,3,1,1,49,14,H2
Jacob Wilson,805779,238.09,2025-08-25,4,1,0,1,1,0,2,7,0,49,81,H7
Tyler Soderstrom,691016,238.1,2025-04-21,4,2,0,0,3,0,3,3,1,49,68,H6
Tyler Soderstrom,691016,238.1,2025-05-26,0,1,0,2,2,1,2,5,0,49,78,H7
Tyler Soderstrom,691016,238.1,2025-07-21,1,3,0,1,2,0,2,4,0,49,81,H7
Tyler Soderstrom,691016,238.1,2025-09-22,1,3,0,1,2,0,3,3,0,49,60,H5
Mike Yastrzemski,573262,238.77,2025-04-07,0,3,0,1,3,0,4,2,0,49,65,H6
Pavin Smith,656976,239.18,2025-04-07,2,3,0,1,1,0,4,2,0,49,65,H6
Keibert Ruiz,660688,239.6,2025-03-24,2,1,0,2,0,1,4,3,0,49,14,H2
Ty France,664034,239.69,2025-07-21,3,3,0,0,3,1,3,2,0,49,81,H7
Jeff McNeil,643446,239.75,2025-06-09,5,0,0,1,2,2,1,5,0,49,81,H7
Jeff McNeil,643446,239.75,2025-09-01,7,1,0,0,2,0,3,3,1,49,79,H7
Noelvi Marte,682622,239.78,2025-07-21,5,2,0,0,0,2,2,4,1,49,81,H7
Noelvi Marte,682622,239.78,2025-08-11,7,1,0,1,0,0,2,4,0,49,78,H7
Gavin Sheets,657757,239.88,2025-06-16,4,2,0,0,3,0,3,5,0,49,86,Unusable
Caleb Durbin,702332,239.92,2025-09-15,5,1,0,0,2,2,3,3,1,49,69,H6
Jorge Polanco,593871,239.99,2025-06-09,5,1,0,1,2,0,2,4,0,49,81,H7
Geraldo Perdomo,672695,240,2025-07-14,5,0,1,0,0,0,2,7,2,49,12,H1
Geraldo Perdomo,672695,240,2025-09-01,4,0,0,2,1,0,3,4,0,49,79,H7
Nick Kurtz,701762,NA,2025-06-30,0,2,0,1,5,0,3,3,0,49,70,H6
Isaac Collins,686555,NA,2025-07-21,5,2,0,0,4,0,3,2,0,49,81,H7
Miguel Andujar,609280,NA,2025-05-19,7,2,0,0,2,0,4,1,0,49,79,H7
Otto Lopez,672640,NA,2025-03-24,4,0,0,1,3,0,3,4,1,49,14,H2
Kyle Stowers,669065,NA,2025-04-21,5,0,0,1,2,0,3,4,1,49,68,H6
Kyle Stowers,669065,NA,2025-07-14,1,1,0,2,2,0,2,5,0,49,12,H1
Addison Barger,680718,NA,2025-06-02,2,1,0,2,1,0,3,4,0,49,70,H6
Javier Baez,595879,NA,2025-04-21,5,2,0,0,1,1,3,3,1,49,68,H6
Ernie Clement,676391,NA,2025-07-21,5,0,1,1,0,0,3,5,0,49,81,H7
Ernie Clement,676391,NA,2025-09-08,6,2,0,0,1,0,4,4,0,49,71,H6
Mike Tauchman,643565,NA,2025-08-18,7,1,0,0,2,0,5,3,0,49,75,H7
Sam Haggerty,664059,NA,2025-05-26,3,0,1,0,2,0,5,4,2,49,78,H7
Zach McKinstry,656716,NA,2025-05-12,4,2,0,1,1,0,5,1,0,49,74,H7
Lenyn Sosa,672820,NA,2025-08-25,5,1,0,1,2,0,2,4,0,49,81,H7
Jake Mangum,663968,NA,2025-07-07,7,1,0,0,2,0,3,1,2,49,79,H7
Dylan Moore,664238,NA,2025-03-31,3,0,0,2,2,0,3,2,1,49,88,Unusable
Ronny Mauricio,677595,NA,2025-06-02,3,1,0,1,2,0,4,1,2,49,70,H6
Pedro Pages,686780,NA,2025-08-11,4,2,0,1,0,1,3,3,0,49,78,H7
Jose Iglesias,578428,NA,2025-09-22,2,1,0,2,1,0,3,4,0,49,60,H5
Shohei Ohtani,660271,1.11,2025-03-31,4,0,0,1,4,0,4,1,1,48,93,Unusable
Aaron Judge,592450,2.1,2025-08-18,2,1,0,1,4,0,4,1,1,48,81,H7
Corbin Carroll,682998,6.36,2025-07-14,1,1,3,0,1,0,3,1,1,48,16,H2
Yordan Alvarez,670541,9.59,2025-04-21,3,1,0,1,3,0,2,5,0,48,74,H7
Gunnar Henderson,683002,12.24,2025-08-04,3,1,0,1,1,0,3,3,2,48,79,H7
Mookie Betts,605141,16.08,2025-04-14,1,1,0,1,5,0,3,2,1,48,86,Unusable
Mookie Betts,605141,16.08,2025-05-19,5,0,0,2,1,0,3,2,0,48,81,H7
Brent Rooker,667670,20.89,2025-09-01,2,4,0,0,1,1,1,3,1,48,82,H7
Jackson Merrill,701538,22.38,2025-06-09,4,1,1,0,4,0,2,3,0,48,86,Unusable
Jackson Merrill,701538,22.38,2025-07-21,6,2,0,0,0,0,3,6,0,48,88,Unusable
Wyatt Langford,694671,24.34,2025-09-01,1,2,0,1,5,0,2,2,0,48,82,H7
Rafael Devers,646240,35.39,2025-06-23,3,1,0,1,5,0,2,2,0,48,79,H7
Rafael Devers,646240,35.39,2025-08-18,1,0,0,2,5,0,3,2,0,48,81,H7
Mike Trout,545361,36.46,2025-08-11,3,0,0,0,9,0,4,2,0,48,83,H7
Ketel Marte,606466,37.6,2025-07-21,3,1,0,1,5,0,3,1,0,48,88,Unusable
Lawrence Butler,671732,38.6,2025-04-21,1,1,0,2,1,0,4,2,1,48,74,H7
Lawrence Butler,671732,38.6,2025-09-15,2,1,0,1,2,0,4,4,1,48,70,H6
Bryan Reynolds,668804,42.05,2025-04-28,3,1,0,1,3,0,2,3,1,48,87,Unusable
Michael Harris II,671739,42.59,2025-05-05,4,2,1,0,2,0,0,5,0,48,81,H7
Corey Seager,608369,43.68,2025-08-25,1,0,0,2,3,0,5,3,0,48,86,Unusable
Adolis Garcia,666969,49.79,2025-04-14,2,1,0,2,0,0,2,4,1,48,86,Unusable
Brandon Nimmo,607043,51.96,2025-09-15,5,0,0,1,1,0,4,6,0,48,70,H6
Ozzie Albies,645277,58.95,2025-08-11,6,1,0,1,0,0,3,4,0,48,83,H7
Ozzie Albies,645277,58.95,2025-08-18,5,2,0,0,1,0,5,2,1,48,81,H7
Alex Bregman,608324,60.11,2025-08-18,6,1,0,0,6,0,2,1,0,48,81,H7
William Contreras,661388,61.55,2025-08-18,2,1,0,1,6,0,2,2,0,48,81,H7
Marcus Semien,543760,65.54,2025-07-21,1,0,0,1,2,1,4,3,3,48,88,Unusable
Nick Castellanos,592206,65.98,2025-05-05,5,1,0,1,1,0,3,4,0,48,81,H7
Dylan Crews,686611,71.02,2025-08-18,2,2,1,0,2,0,6,2,0,48,81,H7
Christian Walker,572233,74.01,2025-04-28,3,2,0,1,1,0,4,3,0,48,87,Unusable
Christian Walker,572233,74.01,2025-06-09,3,1,0,1,3,0,3,4,0,48,86,Unusable
CJ Abrams,682928,79.08,2025-05-26,2,1,0,0,2,4,7,0,1,48,82,H7
CJ Abrams,682928,79.08,2025-08-25,7,1,0,0,3,0,0,2,2,48,86,Unusable
Jose Altuve,514888,81.09,2025-04-28,3,1,0,1,3,0,2,5,0,48,87,Unusable
Matt McLain,680574,91.6,2025-06-02,3,1,0,1,3,0,3,4,0,48,76,H7
Matt Wallner,670242,122.55,2025-04-07,1,2,0,1,4,1,2,2,0,48,69,H6
Dansby Swanson,621020,124.49,2025-05-19,6,0,0,1,2,0,4,3,0,48,81,H7
Jung Hoo Lee,808982,132.35,2025-06-02,2,3,0,0,4,0,3,1,1,48,76,H7
Josh Lowe,666139,138.27,2025-05-19,2,2,0,1,2,0,4,1,1,48,81,H7
Gleyber Torres,650402,147.51,2025-08-18,4,1,0,0,6,0,4,2,0,48,81,H7
Alec Bohm,664761,148.29,2025-06-30,4,0,1,1,2,0,2,4,0,48,71,H6
Ceddanne Rafaela,678882,156.21,2025-05-05,3,3,1,0,1,0,5,0,0,48,81,H7
Ceddanne Rafaela,678882,156.21,2025-06-23,3,1,0,1,0,1,4,4,1,48,79,H7
Nolan Jones,666134,157.02,2025-08-25,2,1,0,2,0,0,4,2,1,48,86,Unusable
Michael Conforto,624424,163,2025-05-12,2,4,0,0,2,2,3,0,0,48,77,H7
Luis Arraez,650333,168.81,2025-04-28,6,1,1,0,0,0,3,5,0,48,87,Unusable
Luis Arraez,650333,168.81,2025-05-05,5,0,1,0,3,0,5,3,0,48,81,H7
Luis Arraez,650333,168.81,2025-06-23,6,1,0,1,2,0,2,2,0,48,79,H7
Ryan McMahon,641857,172.9,2025-06-16,3,1,0,2,1,0,3,2,0,48,89,Unusable
Ryan McMahon,641857,172.9,2025-09-01,3,1,0,1,3,0,3,4,0,48,82,H7
Willson Contreras,575929,182.14,2025-06-16,0,1,0,1,3,1,3,5,1,48,89,Unusable
Daulton Varsho,662139,183.34,2025-04-28,1,0,0,2,3,0,3,3,1,48,87,Unusable
Jo Adell,666176,198.16,2025-05-05,2,0,0,3,0,0,3,3,0,48,81,H7
Xander Bogaerts,593428,211.87,2025-05-26,7,0,0,0,3,0,4,1,2,48,82,H7
Nico Hoerner,663538,212.11,2025-08-25,2,2,0,1,1,1,3,4,0,48,86,Unusable
Austin Hays,669720,212.98,2025-05-12,3,2,0,1,1,0,1,4,1,48,77,H7
Brandon Lowe,664040,213.94,2025-09-01,3,4,0,0,1,0,3,3,0,48,82,H7
Will Smith,669257,215.77,2025-03-31,5,1,0,0,4,1,1,3,1,48,93,Unusable
Alec Burleson,676475,219.26,2025-07-28,3,0,0,1,5,0,4,3,0,48,95,Unusable
Shea Langeliers,669127,226.05,2025-05-19,4,0,0,1,2,0,4,2,2,48,81,H7
Michael Busch,683737,226.9,2025-06-16,5,0,0,1,3,0,2,5,0,48,89,Unusable
Nolan Arenado,571448,227.39,2025-09-22,2,1,0,2,0,0,3,3,1,48,63,H6
Andy Pages,681624,228.33,2025-06-02,6,2,0,1,0,0,2,2,0,48,76,H7
Jake Cronenworth,630105,229.63,2025-06-30,4,0,0,1,3,1,3,4,0,48,71,H6
Max Kepler,596146,234.12,2025-08-04,1,2,0,1,1,0,4,4,1,48,79,H7
Max Kepler,596146,234.12,2025-09-08,5,0,0,1,2,1,2,5,0,48,73,H7
Austin Wells,669224,234.46,2025-09-01,0,3,0,1,2,0,3,4,0,48,82,H7
Andrew McCutchen,457705,235.95,2025-05-19,6,1,0,0,5,1,3,0,0,48,81,H7
Andrew Vaughn,683734,236.76,2025-04-14,4,0,0,2,0,0,3,5,0,48,86,Unusable
Kyle Manzardo,700932,237.05,2025-08-25,3,0,0,2,1,0,3,5,0,48,86,Unusable
Joey Ortiz,687401,237.06,2025-08-04,4,2,0,0,2,0,4,3,1,48,79,H7
Connor Norby,681393,237.78,2025-05-12,4,1,1,1,0,0,2,4,0,48,77,H7
Connor Norby,681393,237.78,2025-06-23,6,1,0,0,2,0,4,3,1,48,79,H7
Jacob Wilson,805779,238.09,2025-04-28,9,0,0,0,3,0,3,3,0,48,87,Unusable
Tyler Soderstrom,691016,238.1,2025-05-05,6,2,0,0,1,1,4,2,0,48,81,H7
Tyler Soderstrom,691016,238.1,2025-05-19,6,1,0,0,5,1,2,1,0,48,81,H7
Tyler Soderstrom,691016,238.1,2025-07-28,2,4,0,0,2,0,2,4,0,48,95,Unusable
Giancarlo Stanton,519317,238.16,2025-06-30,2,1,0,1,4,0,2,5,0,48,71,H6
Gavin Lux,666158,238.36,2025-04-21,5,1,0,1,1,0,3,4,0,48,74,H7
Wenceel Perez,672761,238.7,2025-06-09,3,2,0,1,1,0,2,3,1,48,86,Unusable
Wenceel Perez,672761,238.7,2025-06-23,2,2,1,0,2,0,4,4,0,48,79,H7
Wenceel Perez,672761,238.7,2025-08-04,3,0,1,1,3,0,2,2,1,48,79,H7
Myles Straw,664702,238.89,2025-07-28,4,1,0,1,0,0,3,5,1,48,95,Unusable
Adam Frazier,624428,239.6,2025-04-21,7,0,0,0,5,0,4,0,1,48,74,H7
Maikel Garcia,672580,239.72,2025-06-23,5,3,0,0,1,0,2,2,1,48,79,H7
Maikel Garcia,672580,239.72,2025-08-11,4,1,0,0,4,0,5,4,0,48,83,H7
Sean Murphy,669221,239.72,2025-06-23,1,1,0,2,1,0,2,6,0,48,79,H7
Noelvi Marte,682622,239.78,2025-04-14,2,2,0,1,0,0,3,7,0,48,86,Unusable
Bo Naylor,666310,239.8,2025-09-08,3,2,0,1,1,0,3,4,0,48,73,H7
Alek Thomas,677950,239.91,2025-09-08,3,1,0,1,1,0,5,3,1,48,73,H7
Caleb Durbin,702332,239.92,2025-08-25,6,2,0,1,0,0,2,2,0,48,86,Unusable
Kyle Teel,691019,239.94,2025-06-23,5,3,0,0,1,0,3,3,0,48,79,H7
Jake Meyers,676694,239.95,2025-04-07,6,0,0,0,2,0,4,2,3,48,69,H6
Jake Meyers,676694,239.95,2025-04-14,6,2,0,0,0,0,3,2,2,48,86,Unusable
Miguel Vargas,678246,NA,2025-06-02,4,0,0,1,4,0,4,3,0,48,76,H7
Enrique Hernandez,571771,NA,2025-09-22,2,3,0,1,0,0,3,4,0,48,63,H6
Brayan Rocchio,677587,NA,2025-07-28,5,1,1,0,1,0,2,6,0,48,95,Unusable
Blake Perkins,663368,NA,2025-09-15,4,0,1,0,2,0,2,5,2,48,70,H6
Yoan Moncada,660162,NA,2025-05-19,3,1,0,1,2,1,2,5,0,48,81,H7
Yoan Moncada,660162,NA,2025-08-18,1,0,0,3,1,0,3,3,0,48,81,H7
Yoan Moncada,660162,NA,2025-09-01,4,2,1,0,0,2,4,1,0,48,82,H7
Isaac Collins,686555,NA,2025-09-01,2,2,0,1,2,0,2,5,0,48,82,H7
Mickey Moniak,666160,NA,2025-09-01,5,0,0,1,3,0,5,2,0,48,82,H7
Gabriel Arias,672356,NA,2025-04-07,3,0,0,2,1,0,3,5,0,48,69,H6
Jonah Heim,641680,NA,2025-04-28,9,0,0,0,3,0,4,2,0,48,87,Unusable
Emmanuel Rivera,656896,NA,2025-09-01,8,1,0,0,0,0,2,7,0,48,82,H7
Alejandro Kirk,672386,NA,2025-08-18,4,1,0,1,2,0,3,4,0,48,81,H7
Thomas Saggese,695336,NA,2025-08-25,5,2,0,0,3,0,3,3,0,48,86,Unusable
Elly De La Cruz,682829,5.23,2025-06-16,1,1,1,1,2,0,3,2,1,47,92,Unusable
Elly De La Cruz,682829,5.23,2025-08-18,4,1,2,0,1,0,4,1,0,47,90,Unusable
Julio Rodriguez,677594,14.08,2025-05-05,7,0,0,1,1,1,4,1,0,47,87,Unusable
Mookie Betts,605141,16.08,2025-06-30,3,1,0,2,0,0,3,3,0,47,74,H7
Wyatt Langford,694671,24.34,2025-09-15,2,0,0,1,5,0,1,1,3,47,73,H7
Pete Alonso,624413,29.95,2025-06-23,6,2,0,0,0,1,4,1,1,47,87,Unusable
Austin Riley,663586,30.75,2025-07-28,1,1,0,2,0,0,3,6,0,47,99,Unusable
James Wood,695578,32.36,2025-08-18,3,2,0,1,2,0,2,3,0,47,90,Unusable
Ian Happ,664023,38.05,2025-06-23,4,0,0,1,3,0,3,5,0,47,87,Unusable
Ian Happ,664023,38.05,2025-07-21,2,0,0,1,5,0,5,1,1,47,91,Unusable
Lawrence Butler,671732,38.6,2025-08-25,5,1,0,1,2,0,3,2,0,47,93,Unusable
Michael Harris II,671739,42.59,2025-08-25,5,0,0,1,1,1,1,5,1,47,93,Unusable
Corey Seager,608369,43.68,2025-08-04,5,0,0,1,4,0,4,1,0,47,83,H7
Oneil Cruz,665833,50.09,2025-08-25,2,0,0,1,4,1,2,2,2,47,93,Unusable
Brandon Nimmo,607043,51.96,2025-07-07,6,1,0,0,3,0,4,1,1,47,82,H7
Randy Arozarena,668227,53.57,2025-06-02,5,2,0,0,2,0,1,2,2,47,80,H7
Seiya Suzuki,673548,54.65,2025-05-26,1,4,0,0,4,0,1,3,0,47,84,H7
Seiya Suzuki,673548,54.65,2025-08-25,4,2,0,0,5,0,2,2,0,47,93,Unusable
William Contreras,661388,61.55,2025-04-28,5,0,0,0,6,0,3,2,1,47,94,Unusable
Josh Naylor,647304,89.6,2025-09-01,2,0,0,2,1,0,3,4,1,47,91,Unusable
Josh Naylor,647304,89.6,2025-09-22,4,2,0,0,0,1,2,4,2,47,65,H6
Matt McLain,680574,91.6,2025-04-28,5,0,0,0,4,0,2,2,3,47,94,Unusable
Heliot Ramos,671218,108.52,2025-04-21,7,0,0,0,3,1,4,1,1,47,78,H7
Jordan Westburg,676059,108.66,2025-07-21,3,1,0,1,1,1,6,2,0,47,91,Unusable
JJ Bleday,668709,111.18,2025-04-07,3,1,0,1,2,0,3,5,0,47,72,H6
JJ Bleday,668709,111.18,2025-04-14,3,1,0,1,2,0,4,4,0,47,91,Unusable
Ezequiel Tovar,678662,111.22,2025-07-21,1,1,0,2,2,0,4,2,0,47,91,Unusable
Adley Rutschman,668939,112.59,2025-08-04,3,1,0,1,4,0,3,2,0,47,83,H7
Jake Burger,669394,115.47,2025-07-07,3,1,0,1,0,0,5,6,0,47,82,H7
Paul Goldschmidt,502671,117.94,2025-07-07,4,3,0,0,1,0,3,4,0,47,82,H7
Vinnie Pasquantino,686469,131.56,2025-09-22,0,3,0,1,1,0,2,6,0,47,65,H6
Anthony Volpe,683011,135.32,2025-06-02,2,1,0,2,0,1,2,4,0,47,80,H7
Jackson Holliday,702616,135.54,2025-08-18,2,1,0,0,6,1,4,1,1,47,90,Unusable
Joc Pederson,592626,151.33,2025-08-18,3,1,0,2,0,0,2,4,0,47,90,Unusable
Ceddanne Rafaela,678882,156.21,2025-06-16,1,2,0,2,0,0,3,3,0,47,92,Unusable
Ceddanne Rafaela,678882,156.21,2025-09-15,6,2,0,0,1,0,5,2,0,47,73,H7
Jonathan India,663697,164.42,2025-07-07,6,3,0,0,1,0,3,1,0,47,82,H7
Masyn Winn,691026,166.08,2025-06-02,5,2,0,0,2,0,3,2,1,47,80,H7
Masyn Winn,691026,166.08,2025-07-07,4,3,0,0,1,0,3,2,1,47,82,H7
Ryan McMahon,641857,172.9,2025-07-14,0,2,0,2,1,0,2,4,0,47,17,H2
Daulton Varsho,662139,183.34,2025-08-18,1,1,0,2,0,0,3,6,0,47,90,Unusable
Tommy Edman,669242,186.13,2025-04-14,4,2,0,1,0,1,4,1,0,47,91,Unusable
Tommy Edman,669242,186.13,2025-06-16,5,1,0,0,3,1,3,4,0,47,92,Unusable
Nathaniel Lowe,663993,192.46,2025-06-23,5,2,0,0,2,0,4,3,0,47,87,Unusable
Evan Carter,694497,197.41,2025-08-11,3,1,0,1,1,1,3,3,1,47,86,Unusable
Zach Neto,687263,202.06,2025-05-05,5,0,0,0,3,1,6,0,2,47,87,Unusable
Carlos Correa,621043,209.38,2025-06-16,7,1,0,0,4,0,2,2,0,47,92,Unusable
Nico Hoerner,663538,212.11,2025-07-21,7,0,0,0,2,0,4,2,2,47,91,Unusable
Nico Hoerner,663538,212.11,2025-09-15,9,0,0,0,2,0,5,0,1,47,73,H7
Alec Burleson,676475,219.26,2025-06-09,6,3,0,0,1,0,3,1,0,47,89,Unusable
Shea Langeliers,669127,226.05,2025-09-01,4,2,0,0,3,0,3,2,1,47,91,Unusable
Michael Busch,683737,226.9,2025-05-26,3,0,1,1,2,0,2,5,0,47,84,H7
Jake Cronenworth,630105,229.63,2025-06-23,0,1,0,2,3,0,2,4,0,47,87,Unusable
Colt Keith,690993,235.65,2025-05-26,5,2,1,0,0,0,4,2,0,47,84,H7
Josh Bell,605137,238,2025-04-07,3,0,0,1,4,0,3,5,0,47,72,H6
Giancarlo Stanton,519317,238.16,2025-09-15,2,1,0,1,3,0,1,7,0,47,73,H7
Christopher Morel,666624,238.29,2025-06-16,2,2,0,1,1,0,3,3,1,47,92,Unusable
Myles Straw,664702,238.89,2025-08-11,3,0,0,2,0,0,4,5,0,47,86,Unusable
Ben Rice,700250,239.01,2025-04-28,1,1,0,2,1,1,4,2,0,47,94,Unusable
Ben Rice,700250,239.01,2025-05-26,3,0,0,2,2,0,3,3,0,47,84,H7
Brett Baty,683146,239.56,2025-08-11,6,0,0,1,1,0,3,3,1,47,86,Unusable
Maikel Garcia,672580,239.72,2025-05-19,9,0,0,0,1,1,2,5,0,47,88,Unusable
Luis Rengifo,650859,239.81,2025-06-09,5,0,0,2,0,0,2,2,1,47,89,Unusable
Nick Gonzales,693304,239.92,2025-06-16,6,1,0,1,1,0,3,2,0,47,92,Unusable
Michael Massey,686681,239.99,2025-03-31,3,3,0,0,1,1,3,4,0,47,95,Unusable
Johan Rojas,679032,239.99,2025-04-28,4,0,1,1,1,0,2,3,1,47,94,Unusable
Jack Suwinski,669261,NA,2025-08-04,2,1,0,1,2,1,3,3,1,47,83,H7
Brayan Rocchio,677587,NA,2025-09-01,3,0,0,1,3,1,3,5,0,47,91,Unusable
Miguel Andujar,609280,NA,2025-07-28,1,2,0,2,0,0,2,4,0,47,99,Unusable
Otto Lopez,672640,NA,2025-05-26,4,1,0,1,2,1,1,4,0,47,84,H7
Trent Grisham,663757,NA,2025-05-26,4,1,0,1,3,0,3,2,0,47,84,H7
Trent Grisham,663757,NA,2025-08-11,7,0,0,0,4,0,6,1,0,47,86,Unusable
Sam Haggerty,664059,NA,2025-06-16,5,1,1,0,4,0,3,0,0,47,92,Unusable
Jonah Heim,641680,NA,2025-07-21,2,2,0,1,1,0,3,5,0,47,91,Unusable
Zach McKinstry,656716,NA,2025-06-30,4,1,0,1,0,1,5,1,1,47,74,H7
Jose Caballero,676609,NA,2025-08-11,5,0,0,0,2,0,4,1,4,47,86,Unusable
Jake Mangum,663968,NA,2025-08-18,5,2,0,0,0,0,3,3,2,47,90,Unusable
Ramon Laureano,657656,NA,2025-04-14,1,0,0,3,0,0,3,4,0,47,91,Unusable
Luis Torrens,620443,NA,2025-09-01,3,1,0,1,0,0,4,5,1,47,91,Unusable
Carson Williams,700246,NA,2025-09-15,1,1,0,2,2,0,4,2,0,47,73,H7
Luis Urias,649966,NA,2025-06-09,3,2,0,1,2,0,3,2,0,47,89,Unusable
Jonatan Clase,682729,NA,2025-05-19,3,2,0,0,4,0,2,3,1,47,88,Unusable
Pedro Pages,686780,NA,2025-08-25,2,1,0,2,0,1,2,4,0,47,93,Unusable
Richie Palacios,680700,NA,2025-09-22,6,1,0,0,1,0,5,1,2,47,65,H6
Gunnar Henderson,683002,12.24,2025-06-02,6,0,0,1,1,1,2,2,1,46,83,H7
Julio Rodriguez,677594,14.08,2025-06-02,6,0,1,0,0,0,3,1,3,46,83,H7
Julio Rodriguez,677594,14.08,2025-08-18,3,2,0,1,1,0,2,4,0,46,96,Unusable
Brent Rooker,667670,20.89,2025-06-16,5,0,1,0,5,0,4,0,0,46,99,Unusable
Jackson Merrill,701538,22.38,2025-08-11,4,3,0,1,0,0,1,2,0,46,91,Unusable
Wyatt Langford,694671,24.34,2025-09-08,1,1,1,0,4,1,3,2,1,46,76,H7
Marcell Ozuna,542303,25.41,2025-09-22,5,0,0,1,3,0,3,3,0,46,68,H6
Teoscar Hernandez,606192,29.24,2025-08-11,4,0,0,2,0,0,2,5,0,46,91,Unusable
Pete Alonso,624413,29.95,2025-07-07,1,1,0,1,5,0,2,4,0,46,87,Unusable
James Wood,695578,32.36,2025-08-25,4,2,0,0,6,0,1,1,0,46,98,Unusable
Anthony Santander,623993,32.63,2025-04-28,2,1,0,1,4,0,3,3,0,46,98,Unusable
Mike Trout,545361,36.46,2025-04-14,1,0,0,2,3,0,3,2,1,46,94,Unusable
Lawrence Butler,671732,38.6,2025-07-21,1,0,0,2,1,0,4,4,1,46,96,Unusable
Michael Harris II,671739,42.59,2025-08-18,4,0,0,2,0,0,3,4,0,46,96,Unusable
Corey Seager,608369,43.68,2025-04-07,5,0,0,2,1,0,2,2,0,46,74,H7
Manny Machado,592518,45.54,2025-06-30,3,1,0,1,3,0,1,5,0,46,76,H7
Manny Machado,592518,45.54,2025-09-01,1,1,0,2,1,0,2,5,0,46,95,Unusable
Cody Bellinger,641355,47.51,2025-05-19,3,1,1,1,1,0,2,3,0,46,90,Unusable
Cody Bellinger,641355,47.51,2025-09-08,4,1,0,1,2,0,1,5,0,46,76,H7
Ozzie Albies,645277,58.95,2025-05-12,7,1,0,0,2,1,3,2,0,46,80,H7
Ozzie Albies,645277,58.95,2025-05-19,4,3,0,0,2,0,3,2,0,46,90,Unusable
Alex Bregman,608324,60.11,2025-07-21,5,1,0,1,1,0,3,3,0,46,96,Unusable
Nick Castellanos,592206,65.98,2025-04-07,4,4,0,0,0,0,1,4,0,46,74,H7
Nick Castellanos,592206,65.98,2025-05-12,5,2,0,0,0,1,2,4,1,46,80,H7
Nick Castellanos,592206,65.98,2025-06-30,2,0,0,2,2,0,2,5,0,46,76,H7
Jurickson Profar,595777,69.27,2025-06-30,4,0,0,2,0,0,4,3,0,46,76,H7
Jasson Dominguez,691176,70.56,2025-05-19,3,0,0,1,3,0,2,3,2,46,90,Unusable
Colton Cowser,681297,70.73,2025-06-02,3,1,0,2,1,0,2,2,0,46,83,H7
CJ Abrams,682928,79.08,2025-09-08,3,3,0,0,1,0,4,0,2,46,76,H7
CJ Abrams,682928,79.08,2025-09-15,3,1,0,1,1,0,2,5,1,46,78,H7
Jose Altuve,514888,81.09,2025-09-01,0,2,0,1,4,0,2,4,0,46,95,Unusable
Taylor Ward,621493,83.15,2025-07-07,3,1,0,1,1,0,3,6,0,46,87,Unusable
Taylor Ward,621493,83.15,2025-09-08,3,1,0,1,1,0,4,3,1,46,76,H7
Mark Vientos,668901,83.69,2025-04-14,2,1,0,2,0,0,4,3,0,46,94,Unusable
Mark Vientos,668901,83.69,2025-04-21,5,1,1,0,1,0,2,5,0,46,79,H7
Bo Bichette,666182,84.67,2025-03-24,5,2,0,0,2,1,4,1,0,46,19,H2
Josh Naylor,647304,89.6,2025-06-16,6,1,0,0,2,0,5,1,1,46,99,Unusable
Matt Chapman,656305,93.14,2025-04-21,1,1,0,1,5,0,2,2,1,46,79,H7
Heliot Ramos,671218,108.52,2025-07-21,5,1,0,0,3,2,4,1,0,46,96,Unusable
Ezequiel Tovar,678662,111.22,2025-08-18,3,1,1,1,1,0,4,1,0,46,96,Unusable
Adley Rutschman,668939,112.59,2025-04-07,3,1,0,1,3,0,3,3,0,46,74,H7
Paul Goldschmidt,502671,117.94,2025-08-04,2,1,0,2,0,0,5,2,0,46,86,Unusable
Isaac Paredes,670623,121.15,2025-03-31,6,1,0,0,2,2,1,4,0,46,96,Unusable
Matt Wallner,670242,122.55,2025-07-21,1,1,0,1,5,0,4,2,0,46,96,Unusable
Vinnie Pasquantino,686469,131.56,2025-04-07,4,1,0,1,2,0,3,3,0,46,74,H7
Vinnie Pasquantino,686469,131.56,2025-08-04,2,0,0,2,1,1,2,5,0,46,86,Unusable
Jung Hoo Lee,808982,132.35,2025-07-07,5,1,1,0,3,0,0,4,0,46,87,Unusable
Jung Hoo Lee,808982,132.35,2025-09-01,8,0,1,0,2,0,3,1,0,46,95,Unusable
Jackson Holliday,702616,135.54,2025-05-19,4,1,1,0,0,0,3,5,1,46,90,Unusable
Jackson Holliday,702616,135.54,2025-06-02,3,1,0,1,3,0,4,2,0,46,83,H7
Jackson Holliday,702616,135.54,2025-06-30,5,1,0,1,1,0,3,3,0,46,76,H7
Ceddanne Rafaela,678882,156.21,2025-03-31,5,0,0,0,3,0,5,4,1,46,96,Unusable
Michael Conforto,624424,163,2025-06-23,1,1,0,2,1,0,3,4,0,46,91,Unusable
Michael Conforto,624424,163,2025-07-21,1,4,0,1,1,0,2,1,0,46,96,Unusable
Xavier Edwards,669364,165.36,2025-07-28,6,0,1,0,2,0,4,3,0,46,101,Unusable
Royce Lewis,668904,168.33,2025-05-12,4,1,0,1,2,0,4,2,0,46,80,H7
Royce Lewis,668904,168.33,2025-08-11,1,1,0,1,5,0,2,4,0,46,91,Unusable
Luis Arraez,650333,168.81,2025-06-30,10,0,0,0,2,0,0,3,1,46,76,H7
Brendan Donovan,680977,177.69,2025-05-19,5,2,0,0,2,1,4,1,0,46,90,Unusable
Nathaniel Lowe,663993,192.46,2025-09-01,2,1,1,1,2,0,3,2,0,46,95,Unusable
Austin Hays,669720,212.98,2025-07-07,8,0,0,0,2,0,2,6,0,46,87,Unusable
Will Smith,669257,215.77,2025-04-28,4,2,0,0,2,0,2,4,1,46,98,Unusable
Alec Burleson,676475,219.26,2025-09-08,2,1,1,1,2,0,2,3,0,46,76,H7
Matt Shaw,807713,227.33,2025-05-26,5,0,0,0,3,0,3,2,3,46,90,Unusable
Nolan Arenado,571448,227.39,2025-06-02,6,0,0,1,0,0,4,5,0,46,83,H7
Jake Cronenworth,630105,229.63,2025-05-12,3,2,1,0,3,0,1,1,1,46,80,H7
Andres Gimenez,665926,231.93,2025-06-30,5,0,0,1,1,0,4,5,0,46,76,H7
Austin Wells,669224,234.46,2025-04-14,1,0,0,2,3,0,3,4,0,46,94,Unusable
Austin Wells,669224,234.46,2025-08-25,2,0,0,2,2,0,4,3,0,46,98,Unusable
Andrew Vaughn,683734,236.76,2025-08-04,5,0,0,1,2,1,2,4,0,46,86,Unusable
Joey Ortiz,687401,237.06,2025-06-16,10,0,0,0,0,0,4,4,0,46,99,Unusable
Spencer Torkelson,679529,237.98,2025-09-08,6,0,0,0,6,0,5,0,0,46,76,H7
Ben Rice,700250,239.01,2025-04-14,3,1,0,1,1,2,3,3,0,46,94,Unusable
Pavin Smith,656976,239.18,2025-04-21,0,1,0,1,6,0,4,2,0,46,79,H7
Jesse Winker,608385,239.37,2025-04-28,4,1,0,0,4,0,5,3,0,46,98,Unusable
Jacob Young,696285,239.49,2025-04-28,4,1,0,0,1,1,6,1,2,46,98,Unusable
Josh Smith,669701,239.59,2025-06-30,6,0,0,1,2,0,5,1,0,46,76,H7
Adam Frazier,624428,239.6,2025-04-14,4,3,0,0,0,0,2,2,2,46,94,Unusable
Maikel Garcia,672580,239.72,2025-04-14,5,0,0,0,7,0,2,1,1,46,94,Unusable
Oswaldo Cabrera,665828,239.74,2025-04-14,3,1,0,1,3,0,5,1,0,46,94,Unusable
Noelvi Marte,682622,239.78,2025-08-25,3,0,0,2,3,0,2,2,0,46,98,Unusable
Luis Rengifo,650859,239.81,2025-07-21,6,1,0,0,2,0,5,1,1,46,96,Unusable
Spencer Horwitz,687462,239.83,2025-06-09,3,3,0,0,2,1,3,2,0,46,92,Unusable
Spencer Horwitz,687462,239.83,2025-06-16,4,2,0,0,2,0,6,2,0,46,99,Unusable
Spencer Horwitz,687462,239.83,2025-08-18,2,2,0,1,2,0,4,2,0,46,96,Unusable
Tyler Stephenson,663886,239.91,2025-06-02,4,1,0,1,2,0,3,3,0,46,83,H7
Curtis Mead,678554,239.94,2025-06-16,3,0,1,0,4,1,6,1,0,46,99,Unusable
Jake Meyers,676694,239.95,2025-09-08,7,0,0,0,3,0,4,2,1,46,76,H7
Alexander Canario,672744,239.96,2025-05-12,7,0,0,1,1,0,3,3,0,46,80,H7
Hunter Goodman,696100,239.98,2025-09-15,6,1,1,0,2,0,3,1,0,46,78,H7
Brendan Rodgers,663898,239.98,2025-03-31,6,2,0,0,2,0,2,3,0,46,96,Unusable
Enrique Hernandez,571771,NA,2025-05-12,3,0,0,1,5,0,5,1,0,46,80,H7
Blake Perkins,663368,NA,2025-08-04,4,1,0,1,0,0,5,2,1,46,86,Unusable
Joey Bart,663698,NA,2025-04-28,3,2,0,0,6,1,2,0,0,46,98,Unusable
Isaac Collins,686555,NA,2025-06-02,2,0,0,1,6,0,2,4,0,46,83,H7
Isaac Collins,686555,NA,2025-07-28,6,1,0,0,2,0,2,4,1,46,101,Unusable
Mickey Moniak,666160,NA,2025-07-14,3,2,0,1,1,0,4,2,0,46,18,H2
Weston Wilson,642215,NA,2025-09-15,1,2,0,1,3,0,2,4,0,46,78,H7
Sam Haggerty,664059,NA,2025-05-19,2,1,1,1,2,0,2,1,1,46,90,Unusable
Zach McKinstry,656716,NA,2025-04-14,4,1,0,0,6,0,2,3,0,46,94,Unusable
Zach McKinstry,656716,NA,2025-06-02,6,0,1,0,2,0,3,0,2,46,83,H7
Rowdy Tellez,642133,NA,2025-08-18,2,0,0,2,2,0,2,5,0,46,96,Unusable
Lenyn Sosa,672820,NA,2025-06-23,3,0,0,2,1,0,2,5,0,46,91,Unusable
Nick Fortes,663743,NA,2025-06-09,5,1,0,1,1,0,2,4,0,46,92,Unusable
Ramon Laureano,657656,NA,2025-05-12,6,2,0,0,1,1,3,2,0,46,80,H7
Edmundo Sosa,624641,NA,2025-08-04,4,0,0,2,0,0,5,2,0,46,86,Unusable
Alejandro Kirk,672386,NA,2025-08-25,2,1,0,1,4,0,3,3,0,46,98,Unusable
Luis Urias,649966,NA,2025-04-28,3,0,0,1,5,0,3,3,0,46,98,Unusable
Ronny Mauricio,677595,NA,2025-07-21,3,2,0,1,1,0,2,2,1,46,96,Unusable
Gunnar Henderson,683002,12.24,2025-04-07,4,1,1,0,1,0,4,0,2,45,78,H7
Gunnar Henderson,683002,12.24,2025-08-11,1,3,0,0,4,0,1,5,0,45,94,Unusable
Julio Rodriguez,677594,14.08,2025-04-28,4,1,0,1,1,0,4,3,0,45,104,Unusable
Julio Rodriguez,677594,14.08,2025-05-12,5,1,0,1,0,0,3,4,0,45,87,Unusable
Mookie Betts,605141,16.08,2025-03-24,2,0,0,2,1,0,4,4,0,45,20,H2
Wyatt Langford,694671,24.34,2025-07-28,6,3,0,0,1,0,1,2,0,45,103,Unusable
Marcell Ozuna,542303,25.41,2025-05-19,6,0,0,1,3,0,2,2,0,45,96,Unusable
Freddie Freeman,518692,26.39,2025-09-01,3,0,1,1,2,0,3,1,1,45,99,Unusable
Bryce Harper,547180,27.32,2025-04-28,4,1,0,1,3,0,3,1,0,45,104,Unusable
Teoscar Hernandez,606192,29.24,2025-09-22,3,1,1,1,0,0,2,4,0,45,69,H6
Trea Turner,607208,35.91,2025-04-07,4,1,0,1,1,0,3,2,1,45,78,H7
Michael Harris II,671739,42.59,2025-03-31,4,2,0,1,1,0,3,1,0,45,99,Unusable
Michael Harris II,671739,42.59,2025-04-14,2,1,0,1,1,0,3,3,2,45,102,Unusable
Michael Harris II,671739,42.59,2025-06-09,3,0,0,2,0,0,3,5,0,45,94,Unusable
Manny Machado,592518,45.54,2025-08-04,4,2,0,0,3,0,4,0,1,45,91,Unusable
Cody Bellinger,641355,47.51,2025-08-11,1,0,0,2,2,0,2,6,0,45,94,Unusable
Seiya Suzuki,673548,54.65,2025-06-02,3,0,0,2,2,0,2,3,0,45,91,Unusable
Seiya Suzuki,673548,54.65,2025-08-04,3,1,0,1,4,0,2,2,0,45,91,Unusable
William Contreras,661388,61.55,2025-05-12,3,2,0,0,4,0,6,0,0,45,87,Unusable
William Contreras,661388,61.55,2025-09-15,3,2,0,0,4,0,4,2,0,45,81,H7
Spencer Steer,668715,80.57,2025-08-25,3,1,0,1,4,0,3,1,0,45,102,Unusable
Jose Altuve,514888,81.09,2025-07-28,6,0,0,1,1,0,3,4,0,45,103,Unusable
Steven Kwan,680757,82.5,2025-03-24,4,1,0,1,1,0,4,3,0,45,20,H2
Steven Kwan,680757,82.5,2025-05-19,6,3,0,0,0,1,2,1,0,45,96,Unusable
Mark Vientos,668901,83.69,2025-09-01,2,1,0,1,2,1,4,3,0,45,99,Unusable
Bo Bichette,666182,84.67,2025-08-11,4,2,0,0,3,0,3,3,0,45,94,Unusable
Lane Thomas,657041,93.37,2025-06-09,4,0,0,1,3,0,2,3,1,45,94,Unusable
Eugenio Suarez,553993,104.99,2025-08-11,3,1,0,1,1,1,3,2,1,45,94,Unusable
Heliot Ramos,671218,108.52,2025-06-09,3,1,0,0,5,1,3,3,0,45,94,Unusable
Paul Goldschmidt,502671,117.94,2025-03-24,3,1,0,1,1,1,5,2,0,45,20,H2
Isaac Paredes,670623,121.15,2025-04-21,4,2,0,1,1,0,2,2,0,45,82,H7
Isaac Paredes,670623,121.15,2025-06-09,1,2,0,1,2,0,3,4,0,45,94,Unusable
Jung Hoo Lee,808982,132.35,2025-04-14,6,2,0,0,1,0,3,3,0,45,102,Unusable
Cedric Mullins,656775,133.6,2025-05-19,3,1,0,1,2,0,1,4,1,45,96,Unusable
Cedric Mullins,656775,133.6,2025-06-09,2,2,0,1,1,0,4,3,0,45,94,Unusable
Michael Toglia,669911,138.78,2025-06-30,3,1,0,1,4,0,2,2,0,45,83,H7
Cal Raleigh,663728,152.19,2025-04-21,1,2,0,1,4,0,3,1,0,45,82,H7
Ceddanne Rafaela,678882,156.21,2025-07-28,4,2,1,0,0,1,3,2,0,45,103,Unusable
Nolan Jones,666134,157.02,2025-05-26,7,0,1,0,0,0,2,6,0,45,91,Unusable
Michael Conforto,624424,163,2025-09-08,5,0,0,1,2,0,2,5,0,45,83,H7
Xavier Edwards,669364,165.36,2025-09-22,7,0,0,0,3,1,1,3,1,45,69,H6
Masyn Winn,691026,166.08,2025-05-19,5,0,0,1,1,1,5,2,0,45,96,Unusable
TJ Friedl,670770,168.11,2025-04-07,2,2,0,0,2,1,5,2,1,45,78,H7
Daulton Varsho,662139,183.34,2025-09-08,3,2,1,0,0,0,5,3,0,45,83,H7
Lars Nootbaar,663457,186.05,2025-03-24,3,0,0,1,3,1,3,4,0,45,20,H2
Nathaniel Lowe,663993,192.46,2025-09-15,4,1,0,0,4,1,3,3,0,45,81,H7
Salvador Perez,521692,194.19,2025-06-02,4,1,0,1,1,0,2,5,0,45,91,Unusable
Salvador Perez,521692,194.19,2025-08-18,4,2,0,0,2,1,2,4,0,45,101,Unusable
Victor Robles,645302,198.36,2025-09-15,1,0,1,1,1,1,3,4,1,45,81,H7
Josh Jung,673962,208.9,2025-05-05,2,1,0,2,1,0,2,3,0,45,89,Unusable
Jesus Sanchez,660821,210.78,2025-07-28,2,2,0,1,3,0,2,2,0,45,103,Unusable
Xander Bogaerts,593428,211.87,2025-05-05,4,0,0,1,3,0,2,5,0,45,89,Unusable
Nico Hoerner,663538,212.11,2025-04-14,6,1,1,0,0,1,3,2,0,45,102,Unusable
Will Smith,669257,215.77,2025-08-25,0,0,0,2,5,0,3,2,0,45,102,Unusable
Alec Burleson,676475,219.26,2025-06-02,6,0,0,1,1,0,3,4,0,45,91,Unusable
Shea Langeliers,669127,226.05,2025-08-25,2,2,0,1,1,0,3,4,0,45,102,Unusable
Matt Shaw,807713,227.33,2025-09-15,2,2,0,1,3,0,2,2,0,45,81,H7
Andy Pages,681624,228.33,2025-06-09,3,1,0,1,0,0,3,7,0,45,94,Unusable
Jake Cronenworth,630105,229.63,2025-07-28,2,0,0,1,3,2,4,3,0,45,103,Unusable
Brandon Marsh,669016,230.99,2025-06-16,3,2,1,0,2,0,4,1,0,45,104,Unusable
Yainer Diaz,673237,234.25,2025-08-18,6,0,0,1,3,0,2,2,0,45,101,Unusable
Austin Wells,669224,234.46,2025-06-09,1,2,0,1,0,0,3,7,0,45,94,Unusable
Jordan Beck,687597,234.82,2025-08-11,4,3,0,0,1,0,2,2,1,45,94,Unusable
Colt Keith,690993,235.65,2025-06-16,1,0,0,2,2,0,3,5,0,45,104,Unusable
Andrew McCutchen,457705,235.95,2025-06-16,4,2,0,1,1,0,2,2,0,45,104,Unusable
Sal Frelick,686217,236.71,2025-06-16,7,1,0,0,0,0,5,4,0,45,104,Unusable
Joey Ortiz,687401,237.06,2025-05-26,2,2,0,0,3,0,6,1,1,45,91,Unusable
Trevor Larnach,663616,237.16,2025-09-01,8,1,0,0,1,0,2,2,1,45,99,Unusable
Josh Bell,605137,238,2025-07-07,2,3,0,0,5,0,3,0,0,45,91,Unusable
Andrew Benintendi,643217,238.69,2025-08-25,7,1,0,1,0,0,2,2,0,45,102,Unusable
Trevor Story,596115,238.76,2025-05-26,3,1,0,1,2,0,2,5,0,45,91,Unusable
Coby Mayo,691723,239.19,2025-06-23,3,1,0,1,0,0,4,6,0,45,93,Unusable
Jonathan Aranda,666018,239.63,2025-09-22,2,0,0,2,1,0,3,5,0,45,69,H6
Ryan O'Hearn,656811,239.89,2025-07-07,2,2,0,0,5,0,2,4,0,45,91,Unusable
Starling Marte,516782,239.99,2025-06-02,4,1,0,1,1,0,6,1,0,45,91,Unusable
Harrison Bader,664056,239.99,2025-03-31,2,0,0,2,1,0,2,6,0,45,99,Unusable
Will Benson,666181,239.99,2025-07-28,5,0,0,1,0,0,3,5,1,45,103,Unusable
Ke'Bryan Hayes,663647,240,2025-06-09,5,0,0,1,0,0,3,1,3,45,94,Unusable
Mitch Garver,641598,NA,2025-06-16,1,0,0,2,2,0,3,5,0,45,104,Unusable
Brayan Rocchio,677587,NA,2025-07-21,4,2,0,0,2,1,2,4,0,45,103,Unusable
Yoan Moncada,660162,NA,2025-05-12,2,1,0,1,3,0,4,3,0,45,87,Unusable
Joey Bart,663698,NA,2025-04-07,2,1,1,1,0,1,2,4,0,45,78,H7
Isaac Collins,686555,NA,2025-05-19,4,1,0,0,3,0,5,2,1,45,96,Unusable
Ivan Herrera,671056,NA,2025-08-04,2,1,0,1,2,1,2,3,1,45,91,Unusable
Gabriel Arias,672356,NA,2025-04-28,4,1,0,0,3,0,5,2,1,45,104,Unusable
Kyle Stowers,669065,NA,2025-08-11,2,3,0,0,3,0,4,2,0,45,94,Unusable
Addison Barger,680718,NA,2025-06-23,2,2,0,1,1,0,5,2,0,45,93,Unusable
Ernie Clement,676391,NA,2025-07-28,7,1,0,0,1,1,5,1,0,45,103,Unusable
Ernie Clement,676391,NA,2025-09-15,3,3,0,0,2,0,5,1,0,45,81,H7
Angel Martinez,682657,NA,2025-05-19,1,2,0,1,0,0,4,6,0,45,96,Unusable
Zach McKinstry,656716,NA,2025-07-28,0,2,0,1,1,0,3,5,1,45,103,Unusable
Rowdy Tellez,642133,NA,2025-05-05,1,1,0,2,0,0,3,5,0,45,89,Unusable
Rowdy Tellez,642133,NA,2025-06-09,1,2,0,2,0,0,3,2,0,45,94,Unusable
Lenyn Sosa,672820,NA,2025-06-30,3,2,0,1,0,0,2,5,0,45,83,H7
Jose Caballero,676609,NA,2025-07-21,5,0,0,0,4,0,4,3,1,45,103,Unusable
Jose Caballero,676609,NA,2025-08-18,0,0,0,2,3,0,2,4,1,45,101,Unusable
Shohei Ohtani,660271,1.11,2025-06-30,2,0,0,1,4,0,4,2,1,44,85,Unusable
Shohei Ohtani,660271,1.11,2025-07-14,1,0,0,2,1,0,2,5,1,44,19,H2
Gunnar Henderson,683002,12.24,2025-09-08,2,2,0,0,4,0,2,1,2,44,85,Unusable
Jackson Chourio,694192,13.9,2025-06-23,3,0,0,1,3,0,4,4,0,44,95,Unusable
Mookie Betts,605141,16.08,2025-07-28,3,1,0,0,3,0,4,2,2,44,111,Unusable
Francisco Lindor,596019,17.8,2025-06-16,1,1,0,2,1,0,2,4,0,44,109,Unusable
Matt Olson,621566,21.79,2025-08-18,5,3,0,0,1,0,4,0,0,44,104,Unusable
Wyatt Langford,694671,24.34,2025-07-21,2,2,0,0,4,0,3,4,0,44,105,Unusable
Freddie Freeman,518692,26.39,2025-09-15,5,0,0,1,2,1,2,3,0,44,86,Unusable
Pete Alonso,624413,29.95,2025-09-08,5,1,0,1,1,0,1,4,0,44,85,Unusable
Austin Riley,663586,30.75,2025-05-05,6,1,0,0,2,0,4,1,1,44,92,Unusable
Rafael Devers,646240,35.39,2025-06-09,2,0,0,1,5,1,4,1,0,44,103,Unusable
Rafael Devers,646240,35.39,2025-06-16,3,1,0,1,3,0,2,3,0,44,109,Unusable
Ian Happ,664023,38.05,2025-04-07,4,1,0,0,2,0,5,3,1,44,82,H7
Michael Harris II,671739,42.59,2025-04-07,3,0,0,1,1,0,2,5,2,44,82,H7
Michael Harris II,671739,42.59,2025-09-15,6,2,0,0,2,0,3,1,0,44,86,Unusable
Cody Bellinger,641355,47.51,2025-09-22,6,0,0,0,6,0,3,1,0,44,72,H6
Adolis Garcia,666969,49.79,2025-07-21,3,0,0,1,3,0,5,3,0,44,105,Unusable
Brandon Nimmo,607043,51.96,2025-07-28,5,1,0,0,2,1,4,3,0,44,111,Unusable
Christian Yelich,592885,58.87,2025-06-02,4,0,0,1,4,0,3,2,0,44,95,Unusable
Junior Caminero,691406,65.87,2025-07-28,3,0,0,2,1,0,2,4,0,44,111,Unusable
CJ Abrams,682928,79.08,2025-06-30,5,0,0,0,3,0,6,0,2,44,85,Unusable
CJ Abrams,682928,79.08,2025-07-07,4,2,1,0,0,0,2,2,1,44,93,Unusable
Bo Bichette,666182,84.67,2025-06-02,3,0,1,1,1,0,2,5,0,44,95,Unusable
Josh Naylor,647304,89.6,2025-05-05,5,1,0,0,2,1,4,3,0,44,92,Unusable
Matt McLain,680574,91.6,2025-07-14,2,1,0,1,2,0,3,3,1,44,19,H2
Heliot Ramos,671218,108.52,2025-04-28,2,0,0,2,2,0,4,2,0,44,107,Unusable
Paul Goldschmidt,502671,117.94,2025-04-07,7,2,0,0,1,0,1,3,0,44,82,H7
Paul Goldschmidt,502671,117.94,2025-05-26,2,2,0,1,2,0,2,1,1,44,94,Unusable
Matt Wallner,670242,122.55,2025-09-01,2,1,0,1,4,0,3,2,0,44,102,Unusable
Dansby Swanson,621020,124.49,2025-07-07,4,1,0,1,0,0,3,5,0,44,93,Unusable
Jung Hoo Lee,808982,132.35,2025-05-19,5,2,0,0,3,0,2,2,0,44,102,Unusable
Jung Hoo Lee,808982,132.35,2025-08-11,5,1,1,0,1,0,2,0,2,44,100,Unusable
Jackson Holliday,702616,135.54,2025-07-07,4,1,0,1,1,1,3,2,0,44,93,Unusable
Alec Bohm,664761,148.29,2025-05-05,6,0,0,1,2,0,3,2,0,44,92,Unusable
Cal Raleigh,663728,152.19,2025-05-05,3,0,0,0,7,0,5,2,0,44,92,Unusable
Nolan Jones,666134,157.02,2025-06-09,2,1,0,1,3,1,1,2,1,44,103,Unusable
Michael Conforto,624424,163,2025-05-26,2,0,0,1,6,0,2,3,0,44,94,Unusable
Masyn Winn,691026,166.08,2025-07-28,3,3,0,0,0,1,2,5,0,44,111,Unusable
TJ Friedl,670770,168.11,2025-06-16,5,2,0,0,0,1,3,4,0,44,109,Unusable
Rhys Hoskins,656555,172.72,2025-04-21,7,1,0,0,4,1,0,1,0,44,84,H7
Daulton Varsho,662139,183.34,2025-09-22,4,1,0,1,0,0,4,4,0,44,72,H6
Lars Nootbaar,663457,186.05,2025-05-12,7,0,0,1,1,0,3,2,0,44,90,Unusable
Salvador Perez,521692,194.19,2025-03-31,3,2,0,1,1,0,3,2,0,44,101,Unusable
Salvador Perez,521692,194.19,2025-06-09,4,1,0,1,1,1,2,3,0,44,103,Unusable
Josh Jung,673962,208.9,2025-06-09,3,2,0,0,2,1,3,4,0,44,103,Unusable
Nico Hoerner,663538,212.11,2025-05-05,4,3,0,0,0,0,4,1,1,44,92,Unusable
Nico Hoerner,663538,212.11,2025-08-11,6,1,0,0,2,0,0,1,3,44,100,Unusable
Wilyer Abreu,677800,217.36,2025-06-23,3,1,0,1,1,0,2,6,0,44,95,Unusable
Shea Langeliers,669127,226.05,2025-04-14,1,1,0,2,1,0,3,3,0,44,105,Unusable
Michael Busch,683737,226.9,2025-03-31,2,1,0,1,1,1,4,4,0,44,101,Unusable
Michael Busch,683737,226.9,2025-05-05,2,1,0,1,4,0,3,2,0,44,92,Unusable
Nolan Arenado,571448,227.39,2025-03-24,2,2,0,1,2,0,3,2,0,44,24,H2
Andy Pages,681624,228.33,2025-08-18,2,1,0,1,2,0,5,1,1,44,104,Unusable
Jake Cronenworth,630105,229.63,2025-05-05,2,0,0,1,3,1,4,4,0,44,92,Unusable
Jake Cronenworth,630105,229.63,2025-09-15,4,0,0,1,1,1,3,3,1,44,86,Unusable
Brandon Marsh,669016,230.99,2025-05-19,6,1,0,0,2,0,4,1,1,44,102,Unusable
Brandon Marsh,669016,230.99,2025-06-09,6,2,0,0,0,0,2,3,1,44,103,Unusable
Max Kepler,596146,234.12,2025-03-31,2,1,0,1,4,0,4,1,0,44,101,Unusable
Yainer Diaz,673237,234.25,2025-05-26,3,0,0,2,1,0,4,2,0,44,94,Unusable
Ryan Mountcastle,663624,234.73,2025-05-05,5,3,0,0,1,0,0,4,0,44,92,Unusable
Jordan Beck,687597,234.82,2025-06-30,6,2,0,0,0,0,2,3,1,44,85,Unusable
Sal Frelick,686217,236.71,2025-09-01,5,1,0,0,3,0,4,1,1,44,102,Unusable
Kyle Manzardo,700932,237.05,2025-07-07,1,0,0,2,3,0,2,4,0,44,93,Unusable
Kyle Manzardo,700932,237.05,2025-09-08,4,1,0,1,2,0,1,4,0,44,85,Unusable
Trevor Larnach,663616,237.16,2025-09-15,1,1,0,1,3,0,4,2,1,44,86,Unusable
Connor Norby,681393,237.78,2025-05-05,4,2,0,0,2,0,1,2,2,44,92,Unusable
Connor Norby,681393,237.78,2025-09-22,2,1,0,1,1,1,4,2,1,44,72,H6
Spencer Torkelson,679529,237.98,2025-06-02,4,1,0,1,2,0,2,3,0,44,95,Unusable
Jacob Wilson,805779,238.09,2025-04-21,4,0,0,1,2,0,4,4,0,44,84,H7
Tyler Soderstrom,691016,238.1,2025-08-25,5,2,0,0,1,0,3,4,0,44,106,Unusable
Andrew Benintendi,643217,238.69,2025-04-28,3,0,0,1,3,0,5,3,0,44,107,Unusable
Andrew Benintendi,643217,238.69,2025-06-02,2,4,0,0,2,0,3,1,0,44,95,Unusable
Andrew Benintendi,643217,238.69,2025-07-07,4,0,0,1,4,0,2,1,1,44,93,Unusable
Ben Rice,700250,239.01,2025-06-16,3,1,1,1,1,0,2,2,0,44,109,Unusable
Ben Rice,700250,239.01,2025-07-28,2,1,0,1,4,0,2,3,0,44,111,Unusable
Thairo Estrada,642731,239.19,2025-06-09,6,2,0,0,0,0,3,4,0,44,103,Unusable
Thairo Estrada,642731,239.19,2025-06-23,7,0,0,0,3,0,0,5,1,44,95,Unusable
Thairo Estrada,642731,239.19,2025-06-30,5,0,0,1,1,0,3,5,0,44,85,Unusable
Tyler Freeman,671289,239.42,2025-09-15,6,1,0,0,1,1,3,2,1,44,86,Unusable
Nolan Schanuel,694384,239.52,2025-08-11,4,1,0,0,5,1,3,1,0,44,100,Unusable
Jonathan Aranda,666018,239.63,2025-03-31,2,2,0,1,2,0,3,2,0,44,101,Unusable
Jonathan Aranda,666018,239.63,2025-04-28,4,1,0,1,2,0,1,4,0,44,107,Unusable
Miguel Rojas,500743,239.78,2025-09-01,4,2,0,0,2,0,4,1,1,44,102,Unusable
Bo Naylor,666310,239.8,2025-05-19,1,1,1,1,1,0,3,4,0,44,102,Unusable
Elias Diaz,553869,239.91,2025-04-28,4,0,0,2,0,0,4,2,0,44,107,Unusable
Brooks Lee,686797,239.95,2025-05-05,4,1,0,1,0,0,4,4,0,44,92,Unusable
Jorge Polanco,593871,239.99,2025-07-21,2,1,0,1,4,0,4,1,0,44,105,Unusable
Ke'Bryan Hayes,663647,240,2025-08-11,4,1,0,1,2,0,3,2,0,44,100,Unusable
Dane Myers,667472,240,2025-06-23,3,0,0,0,3,0,3,0,5,44,95,Unusable
Gabriel Moreno,672515,NA,2025-09-01,3,2,0,0,3,0,4,3,0,44,102,Unusable
Brayan Rocchio,677587,NA,2025-08-11,5,0,0,1,0,1,1,3,2,44,100,Unusable
Brayan Rocchio,677587,NA,2025-09-15,4,1,1,0,2,0,4,0,1,44,86,Unusable
Isaac Collins,686555,NA,2025-06-30,4,1,0,1,1,1,3,2,0,44,85,Unusable
Isaac Collins,686555,NA,2025-07-14,4,0,0,1,2,0,3,3,1,44,19,H2
Miguel Andujar,609280,NA,2025-04-07,5,0,0,1,1,0,4,4,0,44,82,H7
Mickey Moniak,666160,NA,2025-05-05,5,2,0,0,1,0,2,3,1,44,92,Unusable
Randal Grichuk,545341,NA,2025-07-07,1,1,0,2,1,0,2,4,0,44,93,Unusable
Mauricio Dubon,643289,NA,2025-05-19,5,1,0,1,1,0,3,2,0,44,102,Unusable
Mauricio Dubon,643289,NA,2025-07-07,1,3,0,1,1,0,3,2,0,44,93,Unusable
Jake Fraley,641584,NA,2025-06-09,4,0,0,1,2,0,4,2,1,44,103,Unusable
Mike Tauchman,643565,NA,2025-07-14,0,2,0,1,1,1,2,6,0,44,19,H2
Angel Martinez,682657,NA,2025-04-21,7,1,0,0,1,0,3,2,1,44,84,H7
Kyle Higashioka,543309,NA,2025-06-30,3,1,0,1,1,0,1,5,1,44,85,Unusable
Rowdy Tellez,642133,NA,2025-05-12,0,1,0,2,2,0,3,3,0,44,90,Unusable
Ramon Laureano,657656,NA,2025-06-09,4,0,0,1,4,0,3,2,0,44,103,Unusable
Ramon Laureano,657656,NA,2025-06-16,3,0,0,1,2,1,3,5,0,44,109,Unusable
Edmundo Sosa,624641,NA,2025-03-31,4,3,0,0,0,0,2,5,0,44,101,Unusable
Agustin Ramirez,682663,NA,2025-06-09,4,0,0,2,0,0,4,2,0,44,103,Unusable
Agustin Ramirez,682663,NA,2025-09-08,5,1,0,1,1,0,2,3,0,44,85,Unusable
Ramon Urias,602104,NA,2025-07-28,3,0,0,2,1,0,2,4,0,44,111,Unusable
Drew Waters,671221,NA,2025-05-05,4,1,0,0,2,0,5,1,2,44,92,Unusable
Kyle Tucker,663656,7.8,2025-06-30,4,0,0,0,3,0,4,3,2,43,91,Unusable
Gunnar Henderson,683002,12.24,2025-06-23,3,0,1,1,2,0,3,2,0,43,99,Unusable
Kyle Schwarber,656941,12.34,2025-05-12,2,1,0,1,3,0,3,3,0,43,92,Unusable
Francisco Lindor,596019,17.8,2025-06-09,3,2,0,0,4,0,5,0,0,43,112,Unusable
Marcell Ozuna,542303,25.41,2025-07-07,1,1,0,2,2,0,2,2,0,43,100,Unusable
Freddie Freeman,518692,26.39,2025-04-21,4,2,0,0,1,0,3,5,0,43,87,Unusable
Pete Alonso,624413,29.95,2025-05-05,2,2,0,1,1,0,3,3,0,43,104,Unusable
Austin Riley,663586,30.75,2025-06-23,4,1,1,0,3,0,2,2,0,43,99,Unusable
James Wood,695578,32.36,2025-03-31,3,1,0,1,2,0,3,3,0,43,106,Unusable
James Wood,695578,32.36,2025-05-05,5,1,0,1,2,0,1,2,0,43,104,Unusable
Trea Turner,607208,35.91,2025-05-26,4,1,0,0,2,1,2,2,2,43,97,Unusable
Mike Trout,545361,36.46,2025-06-09,4,0,0,1,3,0,2,4,0,43,112,Unusable
Ian Happ,664023,38.05,2025-05-26,3,3,0,0,2,0,3,0,1,43,97,Unusable
Ian Happ,664023,38.05,2025-07-28,1,3,0,1,0,0,2,4,0,43,117,Unusable
Bryan Reynolds,668804,42.05,2025-04-07,2,2,0,1,3,0,2,1,0,43,86,Unusable
Riley Greene,682985,44.7,2025-04-21,3,1,0,1,2,0,1,5,0,43,87,Unusable
Manny Machado,592518,45.54,2025-09-15,5,0,0,1,0,0,2,5,1,43,92,Unusable
Oneil Cruz,665833,50.09,2025-07-07,4,1,0,1,1,0,2,2,1,43,100,Unusable
Randy Arozarena,668227,53.57,2025-04-21,4,0,0,0,4,1,4,0,2,43,87,Unusable
Brenton Doyle,686668,56.73,2025-08-25,2,2,0,0,3,0,1,3,2,43,107,Unusable
Ozzie Albies,645277,58.95,2025-04-14,3,1,0,1,2,0,3,3,0,43,106,Unusable
Nick Castellanos,592206,65.98,2025-05-26,6,1,0,1,1,0,2,1,0,43,97,Unusable
Nick Castellanos,592206,65.98,2025-07-28,4,0,0,1,1,0,6,3,0,43,117,Unusable
Willy Adames,642715,76.34,2025-09-15,1,1,0,0,8,0,2,1,1,43,92,Unusable
Spencer Steer,668715,80.57,2025-05-12,3,3,0,1,0,0,2,1,0,43,92,Unusable
Steven Kwan,680757,82.5,2025-05-26,3,1,0,1,2,0,1,3,1,43,97,Unusable
Steven Kwan,680757,82.5,2025-09-08,5,1,0,0,4,0,4,1,0,43,89,Unusable
Taylor Ward,621493,83.15,2025-08-18,1,2,0,1,2,0,2,4,0,43,106,Unusable
Mark Vientos,668901,83.69,2025-07-28,5,1,0,1,0,0,2,4,0,43,117,Unusable
Matt McLain,680574,91.6,2025-03-31,2,0,0,1,2,1,4,3,1,43,106,Unusable
Heliot Ramos,671218,108.52,2025-03-24,1,1,0,2,0,0,3,4,0,43,25,H3
Anthony Volpe,683011,135.32,2025-06-23,1,0,1,0,6,0,2,3,1,43,99,Unusable
Byron Buxton,621439,140.84,2025-09-08,4,0,0,1,1,2,2,2,1,43,89,Unusable
Masyn Winn,691026,166.08,2025-08-11,3,1,0,1,2,0,2,4,0,43,105,Unusable
Luis Arraez,650333,168.81,2025-08-04,5,2,0,0,2,0,2,3,0,43,94,Unusable
Brendan Donovan,680977,177.69,2025-06-30,4,1,0,1,3,0,2,1,0,43,91,Unusable
Lars Nootbaar,663457,186.05,2025-06-23,1,0,0,2,2,0,3,4,0,43,99,Unusable
Nathaniel Lowe,663993,192.46,2025-04-07,2,1,0,0,5,0,1,7,0,43,86,Unusable
Nathaniel Lowe,663993,192.46,2025-06-09,3,0,0,1,4,0,2,4,0,43,112,Unusable
Jo Adell,666176,198.16,2025-08-11,3,1,0,1,0,0,3,6,0,43,105,Unusable
Josh Jung,673962,208.9,2025-05-19,6,1,0,0,4,1,2,0,0,43,106,Unusable
Jesus Sanchez,660821,210.78,2025-04-21,2,0,0,1,5,0,1,3,1,43,87,Unusable
Xander Bogaerts,593428,211.87,2025-03-24,1,2,0,0,3,1,2,2,2,43,25,H3
Nico Hoerner,663538,212.11,2025-06-09,6,2,0,0,1,0,2,1,1,43,112,Unusable
Kristian Campbell,692225,212.49,2025-03-24,3,2,0,1,2,0,2,1,0,43,25,H3
Will Smith,669257,215.77,2025-06-09,3,0,0,1,2,0,4,5,0,43,112,Unusable
Shea Langeliers,669127,226.05,2025-08-18,0,1,0,2,1,0,2,5,0,43,106,Unusable
Jake Cronenworth,630105,229.63,2025-03-31,4,1,0,0,4,1,3,2,0,43,106,Unusable
Brandon Marsh,669016,230.99,2025-08-25,5,1,0,1,2,0,1,2,0,43,107,Unusable
Max Kepler,596146,234.12,2025-04-14,3,3,0,0,1,1,2,3,0,43,106,Unusable
Yainer Diaz,673237,234.25,2025-09-01,2,3,0,0,1,0,3,5,0,43,106,Unusable
Jordan Beck,687597,234.82,2025-09-08,5,1,0,0,2,0,3,1,2,43,89,Unusable
Andrew McCutchen,457705,235.95,2025-04-14,2,1,0,0,5,0,5,1,1,43,106,Unusable
Andrew Vaughn,683734,236.76,2025-09-01,6,3,0,0,0,1,1,1,0,43,106,Unusable
Kyle Manzardo,700932,237.05,2025-05-12,3,1,1,1,0,0,2,3,0,43,92,Unusable
Luke Raley,670042,237.24,2025-06-23,2,1,0,1,1,2,2,4,0,43,99,Unusable
Connor Norby,681393,237.78,2025-06-16,3,0,0,1,4,0,2,2,1,43,114,Unusable
Josh Bell,605137,238,2025-06-30,8,1,0,0,1,0,0,5,0,43,91,Unusable
Jacob Wilson,805779,238.09,2025-09-01,7,1,0,0,2,0,4,1,0,43,106,Unusable
Masataka Yoshida,807799,238.11,2025-09-15,6,1,0,0,1,0,1,5,1,43,92,Unusable
Christopher Morel,666624,238.29,2025-06-02,1,1,0,2,0,0,3,4,0,43,99,Unusable
Mike Yastrzemski,573262,238.77,2025-08-11,0,1,0,1,5,0,4,2,0,43,105,Unusable
Alex Verdugo,657077,238.85,2025-05-12,7,1,0,0,2,0,3,2,0,43,92,Unusable
Ben Rice,700250,239.01,2025-09-08,2,4,0,0,1,0,3,2,0,43,89,Unusable
Francisco Alvarez,682626,239.35,2025-04-28,5,1,0,0,4,0,0,5,0,43,111,Unusable
Francisco Alvarez,682626,239.35,2025-09-08,2,2,0,1,2,1,2,1,0,43,89,Unusable
Brett Baty,683146,239.56,2025-07-21,3,1,0,1,2,0,4,2,0,43,108,Unusable
Adam Frazier,624428,239.6,2025-07-28,3,1,0,1,0,0,4,3,1,43,117,Unusable
Jonathan Aranda,666018,239.63,2025-07-28,4,1,0,1,1,0,3,3,0,43,117,Unusable
Maikel Garcia,672580,239.72,2025-09-01,2,1,0,1,3,0,3,3,0,43,106,Unusable
Maikel Garcia,672580,239.72,2025-09-08,5,1,0,0,2,0,3,3,1,43,89,Unusable
Jeff McNeil,643446,239.75,2025-06-30,4,0,0,1,0,3,3,3,0,43,91,Unusable
Casey Schmitt,669477,239.77,2025-09-01,3,1,0,1,1,1,3,3,0,43,106,Unusable
Bo Naylor,666310,239.8,2025-07-21,1,2,0,1,2,0,3,3,0,43,108,Unusable
Luis Rengifo,650859,239.81,2025-09-01,3,1,0,1,2,0,2,4,0,43,106,Unusable
Spencer Horwitz,687462,239.83,2025-08-04,7,1,0,0,2,0,3,2,0,43,94,Unusable
Gavin Sheets,657757,239.88,2025-04-14,5,2,0,0,2,0,2,3,0,43,106,Unusable
Caleb Durbin,702332,239.92,2025-06-30,4,0,0,0,4,1,2,2,2,43,91,Unusable
Caleb Durbin,702332,239.92,2025-07-28,6,0,0,0,2,1,4,2,1,43,117,Unusable
Nolan Gorman,669357,239.92,2025-04-21,1,3,0,0,2,0,3,5,0,43,87,Unusable
Harrison Bader,664056,239.99,2025-05-19,3,0,0,1,1,1,2,3,2,43,106,Unusable
Jorge Polanco,593871,239.99,2025-06-30,2,3,0,1,1,0,2,1,0,43,91,Unusable
Jorge Polanco,593871,239.99,2025-09-22,1,0,0,2,2,0,3,4,0,43,75,H7
Ke'Bryan Hayes,663647,240,2025-09-01,6,1,0,0,3,0,2,3,0,43,106,Unusable
Gabriel Moreno,672515,NA,2025-05-12,4,3,0,0,1,0,4,1,0,43,92,Unusable
Brayan Rocchio,677587,NA,2025-09-22,2,1,0,1,1,0,3,4,1,43,75,H7
Gabriel Arias,672356,NA,2025-08-04,3,0,1,1,0,0,2,6,0,43,94,Unusable
Tyrone Taylor,621438,NA,2025-06-16,3,1,0,1,0,0,4,3,1,43,114,Unusable
Addison Barger,680718,NA,2025-05-19,4,2,0,0,3,0,1,2,1,43,106,Unusable
Mike Tauchman,643565,NA,2025-07-07,3,2,0,0,4,0,2,3,0,43,100,Unusable
Angel Martinez,682657,NA,2025-07-14,3,2,0,1,0,0,3,3,0,43,23,H2
Lenyn Sosa,672820,NA,2025-04-21,5,1,0,1,0,0,4,2,0,43,87,Unusable
Jose Caballero,676609,NA,2025-06-09,3,0,0,0,4,0,2,1,4,43,112,Unusable
Ramon Laureano,657656,NA,2025-09-15,2,2,0,1,1,0,3,1,1,43,92,Unusable
Derek Hill,656537,NA,2025-05-19,5,2,0,0,2,0,1,0,2,43,106,Unusable
Jose Tena,677588,NA,2025-04-21,5,2,1,0,0,0,2,2,0,43,87,Unusable
Pedro Pages,686780,NA,2025-05-05,3,2,0,0,3,1,4,1,0,43,104,Unusable
Juan Soto,665742,3.25,2025-05-19,3,1,0,0,3,0,1,4,2,42,110,Unusable
Corbin Carroll,682998,6.36,2025-05-26,0,2,0,1,1,1,4,1,1,42,101,Unusable
Jose Ramirez,608070,8.37,2025-04-28,5,1,0,0,1,0,2,1,3,42,112,Unusable
Mookie Betts,605141,16.08,2025-08-18,9,0,0,0,3,0,3,0,0,42,108,Unusable
Marcell Ozuna,542303,25.41,2025-06-16,3,3,0,0,1,0,1,5,0,42,116,Unusable
Austin Riley,663586,30.75,2025-06-09,7,1,0,0,1,0,5,1,0,42,118,Unusable
Austin Riley,663586,30.75,2025-07-07,2,2,0,1,0,0,4,3,0,42,103,Unusable
Ketel Marte,606466,37.6,2025-06-09,6,0,0,0,4,0,4,2,0,42,118,Unusable
Ketel Marte,606466,37.6,2025-07-28,5,1,0,1,1,0,1,3,0,42,123,Unusable
Ian Happ,664023,38.05,2025-08-04,5,0,0,1,3,0,2,2,0,42,97,Unusable
Lawrence Butler,671732,38.6,2025-04-28,4,1,0,1,0,0,1,4,1,42,112,Unusable
Adolis Garcia,666969,49.79,2025-05-12,2,2,0,1,2,0,2,2,0,42,97,Unusable
Oneil Cruz,665833,50.09,2025-06-02,3,1,0,0,2,1,1,2,3,42,100,Unusable
Randy Arozarena,668227,53.57,2025-04-28,4,1,0,1,2,0,3,1,0,42,112,Unusable
Randy Arozarena,668227,53.57,2025-05-05,3,2,0,0,4,1,1,2,0,42,107,Unusable
Brenton Doyle,686668,56.73,2025-04-28,2,1,0,1,2,0,3,2,1,42,112,Unusable
Brenton Doyle,686668,56.73,2025-06-30,4,1,0,1,0,0,3,2,1,42,97,Unusable
Christian Yelich,592885,58.87,2025-06-30,4,0,0,1,2,0,4,1,1,42,97,Unusable
Marcus Semien,543760,65.54,2025-06-23,6,2,0,0,0,0,3,3,0,42,104,Unusable
Nick Castellanos,592206,65.98,2025-06-02,3,2,0,1,0,1,2,2,0,42,100,Unusable
Colton Cowser,681297,70.73,2025-06-30,1,1,0,2,1,0,2,3,0,42,97,Unusable
Colton Cowser,681297,70.73,2025-09-15,0,1,0,1,2,0,1,3,3,42,96,Unusable
Colton Cowser,681297,70.73,2025-09-22,1,1,0,1,3,0,3,2,1,42,77,H7
Christian Walker,572233,74.01,2025-04-21,3,2,0,1,0,1,2,2,0,42,94,Unusable
Willy Adames,642715,76.34,2025-07-07,0,1,1,1,1,1,3,3,0,42,103,Unusable
Steven Kwan,680757,82.5,2025-06-30,6,2,0,0,2,0,0,3,0,42,97,Unusable
Mark Vientos,668901,83.69,2025-09-08,3,1,0,1,3,0,2,2,0,42,95,Unusable
Matt McLain,680574,91.6,2025-05-12,3,2,0,1,1,0,3,1,0,42,97,Unusable
Matt Chapman,656305,93.14,2025-04-28,1,0,0,2,1,0,3,5,0,42,112,Unusable
George Springer,543807,107.02,2025-04-21,3,2,0,0,3,0,1,1,2,42,94,Unusable
Heliot Ramos,671218,108.52,2025-08-04,9,0,0,0,3,0,3,0,0,42,97,Unusable
Jordan Westburg,676059,108.66,2025-08-04,3,0,0,2,0,1,3,2,0,42,97,Unusable
Paul Goldschmidt,502671,117.94,2025-06-09,5,1,0,0,3,0,4,2,0,42,118,Unusable
Matt Wallner,670242,122.55,2025-06-02,1,0,0,2,3,0,3,2,0,42,100,Unusable
Dansby Swanson,621020,124.49,2025-09-22,1,1,0,1,3,0,2,1,2,42,77,H7
Kerry Carpenter,681481,130.48,2025-04-07,3,1,0,1,1,2,3,1,0,42,88,Unusable
Kerry Carpenter,681481,130.48,2025-05-05,3,0,1,1,1,0,4,2,0,42,107,Unusable
Vinnie Pasquantino,686469,131.56,2025-06-16,2,0,0,1,4,0,3,2,1,42,116,Unusable
Anthony Volpe,683011,135.32,2025-06-30,2,1,0,1,0,0,4,4,1,42,97,Unusable
Gleyber Torres,650402,147.51,2025-09-01,2,0,0,1,4,0,4,3,0,42,113,Unusable
Alec Bohm,664761,148.29,2025-05-12,4,1,0,1,2,0,2,2,0,42,97,Unusable
Alec Bohm,664761,148.29,2025-08-18,5,2,0,0,3,0,2,1,0,42,108,Unusable
Cal Raleigh,663728,152.19,2025-08-25,0,0,0,1,6,2,3,1,0,42,109,Unusable
Ceddanne Rafaela,678882,156.21,2025-05-26,6,1,0,1,0,0,3,1,0,42,101,Unusable
Max Muncy,691777,161.48,2025-07-07,4,0,0,2,0,0,2,3,0,42,103,Unusable
Jonathan India,663697,164.42,2025-05-05,4,2,0,0,2,0,3,3,0,42,107,Unusable
Jonathan India,663697,164.42,2025-07-28,2,2,0,0,2,2,4,2,0,42,123,Unusable
Jonathan India,663697,164.42,2025-08-18,3,1,0,0,6,1,2,1,0,42,108,Unusable
Xavier Edwards,669364,165.36,2025-04-28,4,0,1,0,2,0,3,1,2,42,112,Unusable
Luis Arraez,650333,168.81,2025-08-11,2,3,0,0,2,0,0,2,2,42,108,Unusable
Rhys Hoskins,656555,172.72,2025-05-26,1,0,0,2,1,0,2,6,0,42,101,Unusable
Brendan Donovan,680977,177.69,2025-09-15,5,2,0,0,1,0,4,2,0,42,96,Unusable
Salvador Perez,521692,194.19,2025-05-26,4,1,0,1,1,1,2,2,0,42,101,Unusable
Roman Anthony,701350,198.72,2025-06-23,4,3,0,0,2,0,3,0,0,42,104,Unusable
Josh Jung,673962,208.9,2025-04-21,4,1,0,1,2,0,1,1,1,42,94,Unusable
Jesus Sanchez,660821,210.78,2025-08-25,3,1,0,1,3,0,1,3,0,42,109,Unusable
Xander Bogaerts,593428,211.87,2025-06-23,1,2,0,1,3,0,2,2,0,42,104,Unusable
Will Smith,669257,215.77,2025-08-11,2,0,0,1,4,0,4,3,0,42,108,Unusable
Wilyer Abreu,677800,217.36,2025-07-07,2,1,0,1,2,0,4,3,0,42,103,Unusable
Wilyer Abreu,677800,217.36,2025-07-28,3,2,0,0,1,0,3,4,1,42,123,Unusable
Nolan Arenado,571448,227.39,2025-05-19,1,0,1,1,1,0,2,7,0,42,110,Unusable
Parker Meadows,678009,227.67,2025-06-16,2,1,0,1,2,0,3,4,0,42,116,Unusable
Andy Pages,681624,228.33,2025-06-23,5,2,0,0,1,0,3,3,0,42,104,Unusable
Jake Cronenworth,630105,229.63,2025-09-01,3,1,0,0,4,1,4,2,0,42,113,Unusable
Brice Turang,668930,230.59,2025-09-15,4,1,0,0,4,0,4,2,0,42,96,Unusable
Max Kepler,596146,234.12,2025-07-21,3,0,0,1,3,0,4,1,1,42,110,Unusable
Austin Wells,669224,234.46,2025-04-28,1,1,0,2,1,0,2,3,0,42,112,Unusable
Austin Wells,669224,234.46,2025-06-02,3,1,0,1,1,0,3,4,0,42,100,Unusable
Austin Wells,669224,234.46,2025-06-30,1,1,0,2,1,0,2,3,0,42,97,Unusable
Austin Wells,669224,234.46,2025-07-07,3,1,0,1,1,0,2,5,0,42,103,Unusable
Ryan Mountcastle,663624,234.73,2025-03-31,7,1,0,0,1,0,5,1,0,42,109,Unusable
Ryan Mountcastle,663624,234.73,2025-08-18,9,0,0,0,1,0,1,5,0,42,108,Unusable
Sal Frelick,686217,236.71,2025-04-07,3,1,0,0,2,1,3,2,2,42,88,Unusable
Joey Ortiz,687401,237.06,2025-05-19,4,0,0,1,3,1,1,1,1,42,110,Unusable
Luke Raley,670042,237.24,2025-04-14,1,1,0,1,4,1,2,2,0,42,110,Unusable
Luke Raley,670042,237.24,2025-07-07,2,0,0,1,3,1,4,3,0,42,103,Unusable
Spencer Torkelson,679529,237.98,2025-06-23,4,1,0,1,1,1,3,1,0,42,104,Unusable
Jacob Wilson,805779,238.09,2025-04-07,6,2,0,0,0,0,5,1,0,42,88,Unusable
Jacob Wilson,805779,238.09,2025-04-14,6,2,0,0,0,0,2,2,1,42,110,Unusable
Gavin Lux,666158,238.36,2025-06-23,3,1,0,1,1,0,3,4,0,42,104,Unusable
Andrew Benintendi,643217,238.69,2025-03-31,6,0,0,1,0,0,4,3,0,42,109,Unusable
Wenceel Perez,672761,238.7,2025-09-22,2,1,0,1,4,0,2,2,0,42,77,H7
Mike Yastrzemski,573262,238.77,2025-04-21,5,0,0,1,3,0,2,2,0,42,94,Unusable
Willi Castro,650489,239.25,2025-05-12,2,1,0,1,2,0,4,1,1,42,97,Unusable
Francisco Alvarez,682626,239.35,2025-06-02,5,1,0,1,1,0,1,3,0,42,100,Unusable
Tyler Freeman,671289,239.42,2025-09-01,6,0,0,0,3,1,5,1,0,42,113,Unusable
DJ LeMahieu,518934,239.58,2025-06-02,4,0,0,1,2,0,3,4,0,42,100,Unusable
Maikel Garcia,672580,239.72,2025-05-26,5,1,1,0,1,0,5,0,0,42,101,Unusable
Jeff McNeil,643446,239.75,2025-07-28,4,1,0,0,4,0,3,1,1,42,123,Unusable
Miguel Rojas,500743,239.78,2025-08-18,6,1,0,0,2,0,2,4,0,42,108,Unusable
Tyler Stephenson,663886,239.91,2025-09-08,1,0,0,2,1,0,3,5,0,42,95,Unusable
Alek Thomas,677950,239.91,2025-06-30,4,1,0,1,2,0,3,1,0,42,97,Unusable
Caleb Durbin,702332,239.92,2025-08-11,2,1,0,1,0,2,5,2,0,42,108,Unusable
Caleb Durbin,702332,239.92,2025-09-01,3,0,0,1,2,1,2,1,2,42,113,Unusable
Nick Gonzales,693304,239.92,2025-08-25,5,2,0,0,1,0,3,3,0,42,109,Unusable
Nolan Gorman,669357,239.92,2025-08-11,1,1,0,1,5,0,2,2,0,42,108,Unusable
Nolan Gorman,669357,239.92,2025-08-25,1,1,0,1,3,0,3,4,0,42,109,Unusable
Hunter Goodman,696100,239.98,2025-09-22,3,2,0,1,1,0,1,3,0,42,77,H7
Geraldo Perdomo,672695,240,2025-05-05,5,2,0,0,3,0,2,1,0,42,107,Unusable
James Outman,681546,240,2025-09-08,1,1,0,2,1,0,3,2,0,42,95,Unusable
Nick Kurtz,701762,NA,2025-08-25,3,0,0,1,3,0,5,2,0,42,109,Unusable
Gabriel Moreno,672515,NA,2025-09-15,5,1,0,0,5,0,2,1,0,42,96,Unusable
Mickey Moniak,666160,NA,2025-07-28,2,2,0,1,0,0,3,4,0,42,123,Unusable
Gabriel Arias,672356,NA,2025-08-11,0,1,0,1,1,1,3,5,1,42,108,Unusable
Randal Grichuk,545341,NA,2025-06-30,0,2,0,2,0,0,2,3,0,42,97,Unusable
Ernie Clement,676391,NA,2025-09-22,3,2,0,0,1,0,4,3,1,42,77,H7
Mike Tauchman,643565,NA,2025-08-04,3,0,0,1,5,0,2,2,0,42,97,Unusable
Trent Grisham,663757,NA,2025-04-28,6,0,0,1,2,0,3,1,0,42,112,Unusable
Trent Grisham,663757,NA,2025-06-30,6,0,0,1,2,0,3,1,0,42,97,Unusable
Sam Haggerty,664059,NA,2025-06-23,2,0,0,0,3,1,4,2,3,42,104,Unusable
Zach McKinstry,656716,NA,2025-06-09,3,0,2,0,1,0,3,0,2,42,118,Unusable
Zach McKinstry,656716,NA,2025-08-04,3,2,0,1,1,0,2,2,0,42,97,Unusable
Lenyn Sosa,672820,NA,2025-06-16,3,2,1,0,1,0,5,0,0,42,116,Unusable
Alex Call,669743,NA,2025-03-31,5,1,0,0,3,0,1,3,1,42,109,Unusable
Adrian Del Castillo,680728,NA,2025-08-11,1,2,0,1,2,1,1,3,0,42,108,Unusable
Ronny Mauricio,677595,NA,2025-06-23,4,1,0,1,2,0,2,2,0,42,104,Unusable
Jose Trevino,624431,NA,2025-03-31,3,1,0,1,1,0,5,2,0,42,109,Unusable
Shohei Ohtani,660271,1.11,2025-03-24,2,0,0,1,3,0,5,1,1,41,28,H3
Elly De La Cruz,682829,5.23,2025-08-25,3,2,1,0,0,0,4,0,1,41,114,Unusable
Gunnar Henderson,683002,12.24,2025-08-25,5,1,0,0,1,1,3,2,1,41,114,Unusable
Kyle Schwarber,656941,12.34,2025-09-15,2,1,0,1,3,0,3,2,0,41,100,Unusable
Jackson Chourio,694192,13.9,2025-06-02,4,0,0,1,1,0,2,2,2,41,106,Unusable
Julio Rodriguez,677594,14.08,2025-04-14,2,1,0,0,4,1,5,0,1,41,112,Unusable
Jarren Duran,680776,15.71,2025-06-23,1,2,1,0,3,1,3,0,0,41,112,Unusable
Matt Olson,621566,21.79,2025-07-28,4,2,0,0,1,0,4,3,0,41,128,Unusable
Bryce Harper,547180,27.32,2025-03-31,4,2,0,0,3,0,2,2,0,41,113,Unusable
Austin Riley,663586,30.75,2025-06-16,3,0,0,1,2,0,4,4,0,41,120,Unusable
Rafael Devers,646240,35.39,2025-09-08,1,1,0,0,6,0,5,2,0,41,98,Unusable
Ketel Marte,606466,37.6,2025-03-24,4,2,0,0,3,0,4,0,0,41,28,H3
Bryan Reynolds,668804,42.05,2025-09-22,4,2,0,0,1,2,4,0,0,41,82,H7
Corey Seager,608369,43.68,2025-07-28,3,0,0,1,4,0,3,2,0,41,128,Unusable
Christian Yelich,592885,58.87,2025-09-08,3,1,0,1,0,0,2,4,1,41,98,Unusable
Christian Yelich,592885,58.87,2025-09-22,4,1,0,0,4,1,1,3,0,41,82,H7
Junior Caminero,691406,65.87,2025-07-07,3,0,0,2,0,0,3,3,0,41,109,Unusable
Junior Caminero,691406,65.87,2025-07-21,4,0,0,1,2,1,2,3,0,41,111,Unusable
Nick Castellanos,592206,65.98,2025-07-07,5,0,0,1,0,0,4,2,1,41,109,Unusable
Jurickson Profar,595777,69.27,2025-07-28,4,1,1,0,3,0,2,1,0,41,128,Unusable
Willy Adames,642715,76.34,2025-08-04,3,0,0,1,4,0,3,2,0,41,102,Unusable
Steven Kwan,680757,82.5,2025-07-07,4,0,0,0,3,0,6,4,0,41,109,Unusable
Matt McLain,680574,91.6,2025-06-30,3,2,0,0,2,0,2,3,1,41,106,Unusable
Triston Casas,671213,99,2025-03-31,2,2,0,1,1,0,3,2,0,41,113,Unusable
George Springer,543807,107.02,2025-07-14,4,1,0,1,1,0,2,1,1,41,24,H2
Heliot Ramos,671218,108.52,2025-06-30,3,1,0,1,1,1,2,3,0,41,106,Unusable
Jordan Westburg,676059,108.66,2025-06-30,2,0,0,2,0,1,3,3,0,41,106,Unusable
Ezequiel Tovar,678662,111.22,2025-09-22,3,0,1,1,0,0,1,6,0,41,82,H7
Paul Goldschmidt,502671,117.94,2025-09-15,5,1,0,0,2,2,3,1,0,41,100,Unusable
Matt Wallner,670242,122.55,2025-06-23,0,2,0,1,3,0,2,3,0,41,112,Unusable
Dansby Swanson,621020,124.49,2025-08-18,1,3,0,0,3,1,3,1,0,41,113,Unusable
Vinnie Pasquantino,686469,131.56,2025-03-24,0,1,1,1,2,1,1,3,0,41,28,H3
Vinnie Pasquantino,686469,131.56,2025-05-26,6,0,0,0,4,1,3,1,0,41,106,Unusable
Jung Hoo Lee,808982,132.35,2025-08-18,5,1,0,1,2,0,1,1,0,41,113,Unusable
Cedric Mullins,656775,133.6,2025-04-07,1,2,0,0,4,0,2,5,0,41,91,Unusable
Cedric Mullins,656775,133.6,2025-04-21,5,0,0,0,4,0,2,1,2,41,98,Unusable
Anthony Volpe,683011,135.32,2025-04-14,3,2,0,0,2,0,1,2,2,41,112,Unusable
Anthony Volpe,683011,135.32,2025-07-21,2,0,0,2,0,1,2,2,1,41,111,Unusable
Josh Lowe,666139,138.27,2025-06-30,4,1,0,1,1,0,2,3,0,41,106,Unusable
Josh Lowe,666139,138.27,2025-08-04,2,2,0,0,3,0,3,0,2,41,102,Unusable
Michael Toglia,669911,138.78,2025-05-12,3,1,0,1,2,0,3,2,0,41,101,Unusable
Byron Buxton,621439,140.84,2025-06-30,2,1,0,1,1,0,4,2,1,41,106,Unusable
Joc Pederson,592626,151.33,2025-05-12,1,0,0,1,6,0,3,2,0,41,101,Unusable
Ceddanne Rafaela,678882,156.21,2025-05-12,4,2,0,0,1,0,4,3,0,41,101,Unusable
Nolan Jones,666134,157.02,2025-04-21,1,1,0,1,2,0,3,3,1,41,98,Unusable
Max Muncy,571970,161.48,2025-06-09,4,1,0,0,5,0,4,0,0,41,122,Unusable
Max Muncy,571970,161.48,2025-09-15,1,0,0,2,1,1,3,3,0,41,100,Unusable
Jonathan India,663697,164.42,2025-03-31,4,2,0,0,3,0,2,2,0,41,113,Unusable
Masyn Winn,691026,166.08,2025-04-21,3,2,0,0,1,1,3,2,1,41,98,Unusable
Masyn Winn,691026,166.08,2025-08-04,3,1,0,1,2,0,2,1,1,41,102,Unusable
Royce Lewis,668904,168.33,2025-08-25,4,0,0,1,1,0,2,4,1,41,114,Unusable
Luis Arraez,650333,168.81,2025-06-02,3,2,0,0,2,0,2,3,1,41,106,Unusable
Jeremy Pena,665161,180.02,2025-08-25,5,2,0,0,2,0,2,0,1,41,114,Unusable
Willson Contreras,575929,182.14,2025-05-12,2,3,0,0,1,0,4,3,0,41,101,Unusable
Willson Contreras,575929,182.14,2025-08-25,2,0,0,1,1,2,4,4,0,41,114,Unusable
Lars Nootbaar,663457,186.05,2025-07-07,1,2,0,1,2,0,4,1,0,41,109,Unusable
Nathaniel Lowe,663993,192.46,2025-03-31,1,2,0,1,2,0,2,3,0,41,113,Unusable
Nathaniel Lowe,663993,192.46,2025-05-12,1,1,0,1,2,0,4,4,0,41,101,Unusable
Nathaniel Lowe,663993,192.46,2025-09-22,4,2,0,0,3,0,1,3,0,41,82,H7
Salvador Perez,521692,194.19,2025-09-01,1,1,0,2,0,0,2,4,0,41,117,Unusable
Jake McCarthy,664983,205.86,2025-06-23,2,0,1,1,1,0,3,2,1,41,112,Unusable
Jesus Sanchez,660821,210.78,2025-05-05,6,0,0,0,0,1,1,3,3,41,111,Unusable
Xander Bogaerts,593428,211.87,2025-06-09,4,1,0,0,1,0,4,4,1,41,122,Unusable
Xander Bogaerts,593428,211.87,2025-07-14,2,1,0,1,1,0,2,4,1,41,24,H2
Nico Hoerner,663538,212.11,2025-08-18,5,1,0,0,2,0,3,2,1,41,113,Unusable
Austin Hays,669720,212.98,2025-07-21,5,0,0,0,4,0,4,1,1,41,111,Unusable
Austin Hays,669720,212.98,2025-08-11,3,2,0,0,2,0,4,3,0,41,114,Unusable
Will Smith,669257,215.77,2025-04-14,4,0,0,1,1,0,2,6,0,41,112,Unusable
Michael Busch,683737,226.9,2025-08-11,2,0,0,2,1,0,2,4,0,41,114,Unusable
Michael Busch,683737,226.9,2025-09-08,4,1,0,1,1,0,3,2,0,41,98,Unusable
Andy Pages,681624,228.33,2025-08-11,4,0,0,1,3,0,1,2,1,41,114,Unusable
Jake Cronenworth,630105,229.63,2025-06-09,4,0,0,1,3,0,3,2,0,41,122,Unusable
Yainer Diaz,673237,234.25,2025-08-11,6,0,0,1,1,0,2,3,0,41,114,Unusable
Yainer Diaz,673237,234.25,2025-09-22,3,2,0,1,0,0,3,2,0,41,82,H7
Austin Wells,669224,234.46,2025-05-12,0,2,0,1,1,0,2,4,1,41,101,Unusable
Ryan Mountcastle,663624,234.73,2025-05-26,4,3,0,0,0,1,2,0,1,41,106,Unusable
Sal Frelick,686217,236.71,2025-06-02,5,0,0,1,2,0,2,1,1,41,106,Unusable
Sal Frelick,686217,236.71,2025-08-25,6,0,0,1,1,0,2,3,0,41,114,Unusable
Kyle Manzardo,700932,237.05,2025-04-07,0,0,0,1,6,1,3,2,0,41,91,Unusable
Trevor Larnach,663616,237.16,2025-04-14,3,0,0,1,3,1,4,1,0,41,112,Unusable
Carlos Santana,467793,237.36,2025-04-07,4,0,0,1,3,0,3,2,0,41,91,Unusable
Masataka Yoshida,807799,238.11,2025-08-04,3,1,0,1,1,1,1,4,0,41,102,Unusable
Giancarlo Stanton,519317,238.16,2025-08-04,2,0,0,1,5,0,1,4,0,41,102,Unusable
Logan O'Hoppe,681351,238.67,2025-07-21,5,1,0,1,0,0,2,1,1,41,111,Unusable
Willi Castro,650489,239.25,2025-07-14,1,0,1,1,2,0,4,3,0,41,24,H2
Nolan Schanuel,694384,239.52,2025-05-05,5,1,0,0,4,0,4,0,0,41,111,Unusable
Nolan Schanuel,694384,239.52,2025-06-30,4,0,0,1,2,1,2,3,0,41,106,Unusable
Jonny DeLuca,676356,239.58,2025-03-31,5,0,1,0,0,0,4,1,2,41,113,Unusable
Josh Smith,669701,239.59,2025-08-25,4,1,0,0,4,1,3,1,0,41,114,Unusable
Jonathan Aranda,666018,239.63,2025-06-02,6,0,0,0,2,1,4,3,0,41,106,Unusable
Jonathan Aranda,666018,239.63,2025-07-21,4,1,0,0,5,0,2,2,0,41,111,Unusable
Ty France,664034,239.69,2025-05-05,6,1,0,0,1,0,3,2,1,41,111,Unusable
Sean Murphy,669221,239.72,2025-05-05,3,2,0,0,3,1,1,3,0,41,111,Unusable
Sean Murphy,669221,239.72,2025-06-30,1,1,0,2,0,0,2,4,0,41,106,Unusable
Dominic Canzone,686527,239.73,2025-06-23,3,0,0,2,0,0,4,2,0,41,112,Unusable
Dominic Canzone,686527,239.73,2025-08-04,3,1,0,1,2,0,2,3,0,41,102,Unusable
Miguel Rojas,500743,239.78,2025-04-28,3,2,0,1,0,0,2,3,0,41,120,Unusable
Miguel Rojas,500743,239.78,2025-09-08,3,1,0,0,2,0,2,4,2,41,98,Unusable
Gavin Sheets,657757,239.88,2025-03-31,4,2,0,0,1,0,2,5,0,41,113,Unusable
Brooks Lee,686797,239.95,2025-08-25,3,0,0,1,1,1,5,3,0,41,114,Unusable
Hunter Goodman,696100,239.98,2025-06-30,0,1,0,2,1,0,4,2,0,41,106,Unusable
Joey Loperfido,694388,239.98,2025-07-21,5,0,0,1,1,1,2,1,1,41,111,Unusable
Davis Schneider,676914,239.99,2025-08-11,3,0,0,1,2,0,4,4,0,41,114,Unusable
Miguel Vargas,678246,NA,2025-05-19,2,2,0,1,1,0,3,2,0,41,113,Unusable
Gabriel Moreno,672515,NA,2025-08-25,4,0,0,1,1,0,3,5,0,41,114,Unusable
Marcelo Mayer,691785,NA,2025-06-09,0,1,0,2,1,0,3,3,0,41,122,Unusable
Isaac Collins,686555,NA,2025-04-28,2,1,0,1,2,1,3,2,0,41,120,Unusable
Otto Lopez,672640,NA,2025-07-21,2,3,0,0,3,0,2,2,0,41,111,Unusable
Mauricio Dubon,643289,NA,2025-06-30,6,2,0,0,1,0,4,0,0,41,106,Unusable
Kameron Misner,670224,NA,2025-03-31,3,3,0,0,0,0,3,4,0,41,113,Unusable
Addison Barger,680718,NA,2025-09-22,1,1,0,1,4,0,3,2,0,41,82,H7
Mike Tauchman,643565,NA,2025-06-30,8,0,0,0,2,1,2,2,0,41,106,Unusable
Mike Tauchman,643565,NA,2025-09-15,2,0,0,1,4,1,4,1,0,41,100,Unusable
Ezequiel Duran,677649,NA,2025-08-18,5,2,0,0,0,0,2,3,1,41,113,Unusable
Zach McKinstry,656716,NA,2025-05-19,2,1,0,1,3,0,3,2,0,41,113,Unusable
Jose Caballero,676609,NA,2025-09-15,2,2,0,0,3,0,3,0,2,41,100,Unusable
Ramon Urias,602104,NA,2025-08-11,5,1,0,1,0,0,2,3,0,41,114,Unusable
Pedro Pages,686780,NA,2025-08-04,3,1,0,1,2,0,2,3,0,41,102,Unusable
Jorge Mateo,622761,NA,2025-05-26,1,0,0,1,2,0,1,2,4,41,106,Unusable
Kyle Tucker,663656,7.8,2025-05-05,2,0,0,1,4,0,2,2,1,40,115,Unusable
Kyle Tucker,663656,7.8,2025-07-21,2,1,0,0,6,0,2,1,1,40,118,Unusable
Jose Ramirez,608070,8.37,2025-07-14,0,1,1,1,2,0,3,2,0,40,27,H3
Francisco Lindor,596019,17.8,2025-09-08,3,1,0,0,3,0,4,0,2,40,102,Unusable
Freddie Freeman,518692,26.39,2025-05-12,8,0,0,0,2,0,4,1,0,40,107,Unusable
Freddie Freeman,518692,26.39,2025-06-23,3,0,0,1,3,0,4,2,0,40,116,Unusable
Ian Happ,664023,38.05,2025-03-24,1,1,0,1,3,0,3,3,0,40,31,H3
Lawrence Butler,671732,38.6,2025-04-07,4,1,0,0,4,0,2,1,1,40,94,Unusable
Riley Greene,682985,44.7,2025-05-05,0,1,0,1,4,0,3,1,1,40,115,Unusable
Riley Greene,682985,44.7,2025-06-02,7,1,0,0,1,0,1,4,0,40,110,Unusable
Riley Greene,682985,44.7,2025-07-28,2,2,0,1,0,0,3,3,0,40,131,Unusable
Riley Greene,682985,44.7,2025-09-22,2,0,0,2,2,0,2,2,0,40,88,Unusable
Cody Bellinger,641355,47.51,2025-03-24,3,0,0,1,1,0,3,6,0,40,31,H3
Adolis Garcia,666969,49.79,2025-04-07,5,1,0,0,2,1,2,1,1,40,94,Unusable
Adolis Garcia,666969,49.79,2025-04-28,5,1,0,0,1,0,2,6,0,40,122,Unusable
Brandon Nimmo,607043,51.96,2025-06-23,6,1,0,0,1,1,1,2,1,40,116,Unusable
Seiya Suzuki,673548,54.65,2025-06-09,6,0,0,1,0,0,1,3,1,40,126,Unusable
Seiya Suzuki,673548,54.65,2025-07-07,4,2,0,0,2,0,5,0,0,40,113,Unusable
Seiya Suzuki,673548,54.65,2025-08-18,4,0,0,0,6,0,2,1,1,40,117,Unusable
Alex Bregman,608324,60.11,2025-07-28,3,1,0,1,1,0,3,3,0,40,131,Unusable
Marcus Semien,543760,65.54,2025-06-16,3,1,1,0,3,0,2,2,0,40,121,Unusable
Junior Caminero,691406,65.87,2025-05-05,5,0,0,1,1,0,1,3,1,40,115,Unusable
Nick Castellanos,592206,65.98,2025-08-18,6,1,0,0,2,0,5,0,0,40,117,Unusable
Colton Cowser,681297,70.73,2025-08-25,3,1,0,1,1,0,1,3,1,40,123,Unusable
Christian Walker,572233,74.01,2025-04-07,2,0,0,0,8,0,4,1,0,40,94,Unusable
Christian Walker,572233,74.01,2025-05-19,6,0,0,1,0,0,2,4,0,40,115,Unusable
Christian Walker,572233,74.01,2025-08-25,3,0,0,2,0,1,2,2,0,40,123,Unusable
Steven Kwan,680757,82.5,2025-06-02,5,1,0,0,3,0,2,1,1,40,110,Unusable
Taylor Ward,621493,83.15,2025-09-22,1,0,0,2,3,0,2,2,0,40,88,Unusable
Bo Bichette,666182,84.67,2025-08-25,8,0,0,0,2,0,2,3,0,40,123,Unusable
Josh Naylor,647304,89.6,2025-03-31,3,1,0,0,3,0,3,1,2,40,120,Unusable
Josh Naylor,647304,89.6,2025-04-21,4,2,0,0,2,0,1,4,0,40,101,Unusable
Josh Naylor,647304,89.6,2025-07-21,7,0,0,0,1,0,1,1,3,40,118,Unusable
Matt McLain,680574,91.6,2025-06-09,4,0,0,1,2,0,3,3,0,40,126,Unusable
Matt McLain,680574,91.6,2025-07-28,6,1,0,0,2,0,3,2,0,40,131,Unusable
Matt McLain,680574,91.6,2025-08-25,2,0,0,2,2,0,2,2,0,40,123,Unusable
Eugenio Suarez,553993,104.99,2025-03-31,0,1,0,1,4,0,2,4,0,40,120,Unusable
Eugenio Suarez,553993,104.99,2025-05-19,6,2,0,0,0,0,2,3,0,40,115,Unusable
Eugenio Suarez,553993,104.99,2025-09-22,2,0,0,2,0,0,2,5,0,40,88,Unusable
Heliot Ramos,671218,108.52,2025-09-08,2,0,0,1,4,0,4,2,0,40,102,Unusable
JJ Bleday,668709,111.18,2025-05-05,0,2,0,1,2,0,3,3,0,40,115,Unusable
Adley Rutschman,668939,112.59,2025-04-28,3,2,0,0,3,0,3,2,0,40,122,Unusable
Isaac Paredes,670623,121.15,2025-04-28,4,0,1,0,4,0,3,1,0,40,122,Unusable
Kerry Carpenter,681481,130.48,2025-08-25,5,1,0,0,2,1,3,2,0,40,123,Unusable
Jung Hoo Lee,808982,132.35,2025-09-22,6,1,1,0,0,0,1,3,0,40,88,Unusable
Anthony Volpe,683011,135.32,2025-03-24,0,0,0,2,2,0,3,4,0,40,31,H3
Anthony Volpe,683011,135.32,2025-04-28,2,3,0,0,2,0,1,2,1,40,122,Unusable
Jackson Holliday,702616,135.54,2025-06-16,8,0,0,0,2,0,2,1,1,40,121,Unusable
Josh Lowe,666139,138.27,2025-06-09,3,1,0,0,2,1,3,3,1,40,126,Unusable
Gleyber Torres,650402,147.51,2025-07-21,4,1,0,1,0,0,2,4,0,40,118,Unusable
Alec Bohm,664761,148.29,2025-08-25,5,1,0,0,1,0,3,5,0,40,123,Unusable
Yandy Diaz,650490,154.91,2025-05-05,1,0,0,2,1,0,2,5,0,40,115,Unusable
Ceddanne Rafaela,678882,156.21,2025-04-07,4,0,1,0,1,1,3,2,1,40,94,Unusable
Ceddanne Rafaela,678882,156.21,2025-08-11,2,2,0,0,2,0,3,1,2,40,120,Unusable
Max Muncy,571970,161.48,2025-05-05,4,1,0,0,4,0,1,2,1,40,115,Unusable
Jonathan India,663697,164.42,2025-08-04,3,0,0,1,2,1,2,4,0,40,109,Unusable
Xavier Edwards,669364,165.36,2025-06-23,3,2,0,0,3,0,2,3,0,40,116,Unusable
Ryan McMahon,641857,172.9,2025-07-28,5,1,0,0,3,0,2,3,0,40,131,Unusable
Willson Contreras,575929,182.14,2025-04-07,3,1,0,1,1,0,3,3,0,40,94,Unusable
Daulton Varsho,662139,183.34,2025-05-26,2,2,0,1,2,0,2,1,0,40,109,Unusable
Salvador Perez,521692,194.19,2025-04-07,3,0,0,1,3,0,1,5,0,40,94,Unusable
Jo Adell,666176,198.16,2025-04-07,1,0,0,2,1,0,2,5,0,40,94,Unusable
Zach Neto,687263,202.06,2025-08-04,1,2,0,1,3,0,1,2,0,40,109,Unusable
Bryson Stott,681082,202.3,2025-05-26,4,1,0,0,4,0,3,0,1,40,109,Unusable
Josh Jung,673962,208.9,2025-06-23,5,0,0,1,1,0,1,5,0,40,116,Unusable
Alec Burleson,676475,219.26,2025-05-12,2,0,0,2,0,0,2,5,0,40,107,Unusable
Jordan Walker,691023,219.58,2025-05-19,4,2,0,0,0,0,3,5,0,40,115,Unusable
Shea Langeliers,669127,226.05,2025-05-12,4,1,0,0,4,0,2,1,1,40,107,Unusable
Michael Busch,683737,226.9,2025-05-19,1,3,0,0,3,0,2,3,0,40,115,Unusable
Brice Turang,668930,230.59,2025-05-12,5,0,0,0,3,0,2,0,3,40,107,Unusable
Brandon Marsh,669016,230.99,2025-06-30,3,0,0,1,1,0,4,3,1,40,116,Unusable
Yainer Diaz,673237,234.25,2025-04-21,2,1,1,1,0,0,3,2,0,40,101,Unusable
Austin Wells,669224,234.46,2025-05-26,3,0,0,1,2,1,2,2,1,40,109,Unusable
Jordan Beck,687597,234.82,2025-06-09,5,1,0,0,2,1,3,2,0,40,126,Unusable
Jordan Beck,687597,234.82,2025-06-23,4,2,0,0,2,0,3,2,0,40,116,Unusable
Colt Keith,690993,235.65,2025-09-08,3,0,0,1,2,1,3,3,0,40,102,Unusable
Andrew McCutchen,457705,235.95,2025-09-01,1,1,0,1,3,0,4,2,0,40,118,Unusable
Kyle Manzardo,700932,237.05,2025-06-23,3,0,0,2,1,0,2,2,0,40,116,Unusable
Kyle Manzardo,700932,237.05,2025-09-15,4,2,0,0,2,0,2,1,1,40,105,Unusable
Joey Ortiz,687401,237.06,2025-06-30,1,1,0,1,1,0,2,7,0,40,116,Unusable
Carlos Santana,467793,237.36,2025-06-30,4,1,0,1,2,0,2,1,0,40,116,Unusable
Connor Norby,681393,237.78,2025-09-15,4,2,0,1,0,0,2,1,0,40,105,Unusable
Spencer Torkelson,679529,237.98,2025-04-21,1,1,0,1,3,0,3,3,0,40,101,Unusable
Tyler Soderstrom,691016,238.1,2025-06-30,1,2,0,1,0,1,4,2,0,40,116,Unusable
Ben Rice,700250,239.01,2025-04-21,1,1,0,1,3,0,4,2,0,40,101,Unusable
Brett Baty,683146,239.56,2025-09-01,3,1,0,1,1,0,1,3,1,40,118,Unusable
Dominic Canzone,686527,239.73,2025-06-16,2,1,0,2,0,0,2,2,0,40,121,Unusable
Jeff McNeil,643446,239.75,2025-06-23,4,2,0,0,2,0,2,3,0,40,116,Unusable
Jeff McNeil,643446,239.75,2025-08-11,4,2,0,0,2,0,4,1,0,40,120,Unusable
Jeff McNeil,643446,239.75,2025-08-25,3,1,1,0,2,1,1,3,0,40,123,Unusable
Bo Naylor,666310,239.8,2025-04-14,2,1,0,1,2,0,2,4,0,40,116,Unusable
Gavin Sheets,657757,239.88,2025-04-28,2,0,0,1,3,1,4,2,0,40,122,Unusable
Ryan O'Hearn,656811,239.89,2025-04-07,2,1,0,1,2,0,3,1,1,40,94,Unusable
Tyler Stephenson,663886,239.91,2025-04-28,0,2,0,1,2,0,3,3,0,40,122,Unusable
Caleb Durbin,702332,239.92,2025-07-14,1,2,0,1,1,0,1,3,1,40,27,H3
Jake Meyers,676694,239.95,2025-05-12,6,1,0,0,2,0,4,1,0,40,107,Unusable
Brooks Lee,686797,239.95,2025-05-12,5,0,0,1,1,0,2,4,0,40,107,Unusable
Brooks Lee,686797,239.95,2025-06-16,7,1,0,0,1,0,2,3,0,40,121,Unusable
Davis Schneider,676914,239.99,2025-08-25,1,0,0,2,1,0,3,4,0,40,123,Unusable
Patrick Bailey,672275,240,2025-07-07,5,0,0,1,1,0,3,3,0,40,113,Unusable
Nick Kurtz,701762,NA,2025-07-28,5,0,0,0,4,1,3,2,0,40,131,Unusable
Miguel Vargas,678246,NA,2025-09-15,2,1,0,1,2,0,2,4,0,40,105,Unusable
Gabriel Moreno,672515,NA,2025-05-26,3,2,1,0,1,0,3,1,0,40,109,Unusable
Enrique Hernandez,571771,NA,2025-05-05,4,1,0,1,0,0,4,2,0,40,115,Unusable
Yoan Moncada,660162,NA,2025-08-11,4,2,0,0,2,0,2,3,0,40,120,Unusable
Colby Thomas,687515,NA,2025-09-01,2,0,0,1,2,0,4,5,0,40,118,Unusable
Lenyn Sosa,672820,NA,2025-04-14,8,1,0,0,2,0,2,0,0,40,116,Unusable
Lenyn Sosa,672820,NA,2025-08-11,3,0,0,2,1,0,2,2,0,40,120,Unusable
Lenyn Sosa,672820,NA,2025-08-18,4,0,0,1,0,0,2,7,0,40,117,Unusable
Jose Caballero,676609,NA,2025-06-16,1,0,0,0,3,2,2,1,4,40,121,Unusable
Jake Mangum,663968,NA,2025-06-23,6,0,1,0,0,0,2,3,1,40,116,Unusable
Dylan Moore,664238,NA,2025-05-05,2,1,0,1,0,0,2,3,2,40,115,Unusable
Carson Williams,700246,NA,2025-08-18,1,1,0,1,1,0,4,3,1,40,117,Unusable
Jake Bauers,641343,NA,2025-05-05,3,0,0,1,1,0,2,3,2,40,115,Unusable
Pedro Pages,686780,NA,2025-06-23,2,1,0,1,2,0,4,2,0,40,116,Unusable
Austin Martin,668885,NA,2025-08-04,2,0,1,1,2,0,2,1,1,40,109,Unusable
Jose Trevino,624431,NA,2025-06-02,3,2,0,1,1,0,2,1,0,40,110,Unusable
Elly De La Cruz,682829,5.23,2025-08-11,5,1,0,0,2,0,4,2,0,39,124,Unusable
Corbin Carroll,682998,6.36,2025-09-22,2,1,0,0,5,0,1,1,2,39,92,Unusable
Jackson Chourio,694192,13.9,2025-08-25,3,2,0,1,0,0,3,1,0,39,131,Unusable
Julio Rodriguez,677594,14.08,2025-03-24,1,0,0,1,3,1,1,2,2,39,34,H3
Wyatt Langford,694671,24.34,2025-08-04,3,1,0,0,6,0,2,1,0,39,112,Unusable
Freddie Freeman,518692,26.39,2025-06-02,2,3,0,0,3,0,1,2,0,39,113,Unusable
Ian Happ,664023,38.05,2025-08-18,3,1,0,0,6,0,3,0,0,39,121,Unusable
Manny Machado,592518,45.54,2025-03-24,0,3,0,0,1,0,3,2,2,39,34,H3
Manny Machado,592518,45.54,2025-07-14,0,1,0,1,3,0,3,4,0,39,29,H3
Cody Bellinger,641355,47.51,2025-04-14,1,1,0,1,2,0,1,4,1,39,118,Unusable
Seiya Suzuki,673548,54.65,2025-04-21,3,3,0,0,0,0,1,5,0,39,105,Unusable
Seiya Suzuki,673548,54.65,2025-07-28,3,1,0,0,6,0,2,1,0,39,136,Unusable
Ozzie Albies,645277,58.95,2025-04-21,4,1,0,0,1,0,5,2,1,39,105,Unusable
Ozzie Albies,645277,58.95,2025-06-23,5,0,0,0,3,1,3,1,1,39,125,Unusable
Marcus Semien,543760,65.54,2025-04-21,3,0,0,1,2,0,1,6,0,39,105,Unusable
Jurickson Profar,595777,69.27,2025-09-08,5,1,0,0,2,0,3,1,1,39,105,Unusable
Jasson Dominguez,691176,70.56,2025-06-23,5,2,0,0,0,0,2,0,2,39,125,Unusable
Christian Walker,572233,74.01,2025-07-14,2,0,0,1,2,1,2,3,1,39,29,H3
Willy Adames,642715,76.34,2025-04-21,5,0,0,0,4,0,3,3,0,39,105,Unusable
Steven Kwan,680757,82.5,2025-04-28,7,1,0,0,2,0,2,1,0,39,128,Unusable
Steven Kwan,680757,82.5,2025-06-23,2,1,1,0,3,0,2,1,1,39,125,Unusable
Jorge Soler,624585,93.81,2025-06-30,1,1,0,1,3,1,1,3,0,39,120,Unusable
Tyler O'Neill,641933,104.59,2025-03-24,3,0,0,1,2,0,3,4,0,39,34,H3
Eugenio Suarez,553993,104.99,2025-08-04,1,0,0,1,2,0,3,5,1,39,112,Unusable
Isaac Paredes,670623,121.15,2025-06-23,4,0,0,1,1,2,3,1,0,39,125,Unusable
Jung Hoo Lee,808982,132.35,2025-09-08,3,0,0,1,1,1,4,3,0,39,105,Unusable
Anthony Volpe,683011,135.32,2025-05-26,2,2,0,0,3,0,1,5,0,39,113,Unusable
Gleyber Torres,650402,147.51,2025-04-14,4,1,0,0,1,0,4,3,1,39,118,Unusable
Gleyber Torres,650402,147.51,2025-06-30,3,0,0,0,6,0,5,1,0,39,120,Unusable
Ceddanne Rafaela,678882,156.21,2025-04-14,1,1,0,1,1,1,2,3,1,39,118,Unusable
Ceddanne Rafaela,678882,156.21,2025-06-09,6,1,0,0,1,0,1,1,2,39,130,Unusable
Max Muncy,571970,161.48,2025-04-14,3,1,0,0,5,1,2,1,0,39,118,Unusable
Jonathan India,663697,164.42,2025-07-21,1,1,0,1,2,0,3,4,0,39,121,Unusable
Ryan McMahon,641857,172.9,2025-05-19,4,1,0,0,3,0,2,4,0,39,119,Unusable
Brendan Donovan,680977,177.69,2025-05-26,3,1,0,1,2,0,2,2,0,39,113,Unusable
Brendan Donovan,680977,177.69,2025-06-16,4,1,0,0,3,0,5,1,0,39,126,Unusable
Jeremy Pena,665161,180.02,2025-03-31,2,0,0,1,2,1,2,1,2,39,122,Unusable
Jeremy Pena,665161,180.02,2025-08-11,4,0,0,1,1,0,2,1,2,39,124,Unusable
Willson Contreras,575929,182.14,2025-03-31,2,2,0,0,1,2,3,3,0,39,122,Unusable
Tommy Edman,669242,186.13,2025-04-21,1,1,0,1,2,0,3,4,0,39,105,Unusable
Evan Carter,694497,197.41,2025-05-05,5,0,0,1,0,0,3,2,1,39,124,Unusable
Zach Neto,687263,202.06,2025-07-21,5,0,0,0,3,1,1,3,1,39,121,Unusable
Zach Neto,687263,202.06,2025-09-08,3,0,0,1,1,1,1,2,2,39,105,Unusable
Bryson Stott,681082,202.3,2025-09-15,3,2,0,0,4,0,2,1,0,39,108,Unusable
Carlos Correa,621043,209.38,2025-04-07,1,4,0,0,2,0,2,1,0,39,102,Unusable
Carlos Correa,621043,209.38,2025-09-22,3,2,0,0,4,0,1,2,0,39,92,Unusable
Xander Bogaerts,593428,211.87,2025-09-22,3,1,0,1,0,0,3,4,0,39,92,Unusable
Nico Hoerner,663538,212.11,2025-05-26,7,1,0,0,2,0,1,2,0,39,113,Unusable
Austin Hays,669720,212.98,2025-09-08,5,0,0,1,2,0,1,1,1,39,105,Unusable
Alec Burleson,676475,219.26,2025-08-18,6,1,0,0,1,0,2,4,0,39,121,Unusable
Michael Busch,683737,226.9,2025-04-28,3,0,0,1,2,0,1,6,0,39,128,Unusable
Nolan Arenado,571448,227.39,2025-04-21,1,2,0,1,2,0,2,2,0,39,105,Unusable
Jake Cronenworth,630105,229.63,2025-06-16,4,2,0,0,1,0,1,3,1,39,126,Unusable
Brice Turang,668930,230.59,2025-06-02,2,2,0,0,3,0,3,1,1,39,113,Unusable
Brice Turang,668930,230.59,2025-06-09,5,1,0,0,4,0,2,1,0,39,130,Unusable
Andres Gimenez,665926,231.93,2025-06-23,5,1,0,0,1,1,0,4,1,39,125,Unusable
Yainer Diaz,673237,234.25,2025-08-04,3,1,0,1,0,0,2,5,0,39,112,Unusable
Sal Frelick,686217,236.71,2025-06-30,4,1,0,1,0,1,2,2,0,39,120,Unusable
Trevor Larnach,663616,237.16,2025-06-16,3,2,0,0,1,1,3,3,0,39,126,Unusable
Trevor Larnach,663616,237.16,2025-08-11,1,2,0,1,2,0,3,1,0,39,124,Unusable
Trevor Larnach,663616,237.16,2025-08-18,4,2,0,0,3,0,1,2,0,39,121,Unusable
Tyler Fitzgerald,666149,237.85,2025-06-30,1,2,0,1,2,0,1,3,0,39,120,Unusable
Gavin Lux,666158,238.36,2025-07-21,8,0,0,0,1,0,2,4,0,39,121,Unusable
Andrew Benintendi,643217,238.69,2025-06-23,1,0,0,2,2,0,2,3,0,39,125,Unusable
Mike Yastrzemski,573262,238.77,2025-05-12,3,2,0,0,4,0,1,0,1,39,113,Unusable
Ben Rice,700250,239.01,2025-06-23,0,0,0,1,4,3,3,1,0,39,125,Unusable
Pavin Smith,656976,239.18,2025-05-05,5,1,0,0,4,0,2,1,0,39,124,Unusable
Coby Mayo,691723,239.19,2025-09-01,3,1,0,1,2,0,1,1,1,39,121,Unusable
Coby Mayo,691723,239.19,2025-09-08,2,0,0,2,1,0,2,3,0,39,105,Unusable
Willi Castro,650489,239.25,2025-03-24,0,3,0,1,1,0,1,3,0,39,34,H3
Tyler Freeman,671289,239.42,2025-06-09,4,0,0,0,4,1,2,2,1,39,130,Unusable
Tyler Freeman,671289,239.42,2025-06-23,3,1,0,0,4,0,3,1,1,39,125,Unusable
Tyler Freeman,671289,239.42,2025-08-25,6,0,0,0,2,1,2,2,1,39,131,Unusable
Brett Baty,683146,239.56,2025-09-15,3,1,0,1,1,1,2,2,0,39,108,Unusable
Josh Smith,669701,239.59,2025-06-23,4,1,0,0,3,2,3,0,0,39,125,Unusable
Josh Smith,669701,239.59,2025-08-11,4,2,0,0,2,1,3,0,0,39,124,Unusable
Adam Frazier,624428,239.6,2025-08-04,8,0,0,0,0,1,3,3,0,39,112,Unusable
Dominic Canzone,686527,239.73,2025-07-28,6,0,0,0,5,0,1,0,1,39,136,Unusable
Noelvi Marte,682622,239.78,2025-07-28,5,0,0,1,0,0,4,1,1,39,136,Unusable
Gavin Sheets,657757,239.88,2025-07-07,4,1,0,1,1,0,3,1,0,39,115,Unusable
Ryan O'Hearn,656811,239.89,2025-08-04,1,0,0,1,6,0,1,3,0,39,112,Unusable
Tyler Stephenson,663886,239.91,2025-09-15,1,1,0,1,2,0,2,5,0,39,108,Unusable
Tyler Stephenson,663886,239.91,2025-09-22,3,1,0,1,1,1,2,2,0,39,92,Unusable
Kyle Teel,691019,239.94,2025-09-15,1,1,0,1,4,0,1,3,0,39,108,Unusable
Brooks Lee,686797,239.95,2025-04-21,7,1,0,0,2,0,1,2,0,39,105,Unusable
Alexander Canario,672744,239.96,2025-05-19,4,1,1,0,1,0,2,1,1,39,119,Unusable
Brendan Rodgers,663898,239.98,2025-05-05,2,1,0,1,1,0,4,3,0,39,124,Unusable
Ke'Bryan Hayes,663647,240,2025-04-21,6,1,0,0,1,2,0,3,0,39,105,Unusable
Nick Yorke,694377,240,2025-09-15,3,1,0,1,2,0,3,1,0,39,108,Unusable
Miguel Vargas,678246,NA,2025-08-25,0,2,0,1,1,0,3,4,0,39,131,Unusable
Marcelo Mayer,691785,NA,2025-07-07,2,3,0,0,1,0,4,2,0,39,115,Unusable
Brayan Rocchio,677587,NA,2025-08-04,5,1,0,0,1,1,1,1,2,39,112,Unusable
Brayan Rocchio,677587,NA,2025-09-08,4,2,0,0,3,0,2,1,0,39,105,Unusable
Yoan Moncada,660162,NA,2025-05-26,1,1,0,2,0,0,3,2,0,39,113,Unusable
Joey Bart,663698,NA,2025-08-11,1,2,0,1,2,0,1,3,0,39,124,Unusable
Ivan Herrera,671056,NA,2025-08-18,5,0,0,0,1,1,3,4,1,39,121,Unusable
Gabriel Arias,672356,NA,2025-05-05,5,1,0,0,1,1,3,3,0,39,124,Unusable
Amed Rosario,642708,NA,2025-04-28,3,1,0,1,0,0,2,5,0,39,128,Unusable
Mauricio Dubon,643289,NA,2025-07-28,5,1,0,0,2,0,3,1,1,39,136,Unusable
Kameron Misner,670224,NA,2025-04-07,2,1,1,0,2,1,2,1,1,39,102,Unusable
Kyle Stowers,669065,NA,2025-05-19,6,2,0,0,1,0,0,1,1,39,119,Unusable
Javier Baez,595879,NA,2025-09-22,5,0,0,1,0,0,2,5,0,39,92,Unusable
Ernie Clement,676391,NA,2025-06-16,9,1,0,0,0,0,3,0,0,39,126,Unusable
Trent Grisham,663757,NA,2025-07-14,1,1,0,1,2,0,2,5,0,39,29,H3
Kyle Isbel,664728,NA,2025-04-07,5,1,0,1,0,0,2,2,0,39,102,Unusable
Angel Martinez,682657,NA,2025-09-15,2,1,1,0,3,0,2,3,0,39,108,Unusable
Jonah Heim,641680,NA,2025-07-07,4,1,0,0,3,0,2,4,0,39,115,Unusable
Henry Davis,680779,NA,2025-06-02,1,1,0,2,0,0,2,3,0,39,113,Unusable
Trey Sweeney,700242,NA,2025-05-05,6,1,0,0,1,0,6,0,0,39,124,Unusable
Alejandro Kirk,672386,NA,2025-06-16,2,0,0,2,1,0,2,3,0,39,126,Unusable
Agustin Ramirez,682663,NA,2025-06-16,3,0,0,1,2,0,1,6,0,39,126,Unusable
Kyle Farmer,571657,NA,2025-04-07,4,3,0,0,3,0,0,0,0,39,102,Unusable
Luis Urias,649966,NA,2025-05-12,4,2,0,0,0,1,4,0,1,39,113,Unusable
Josh Rojas,668942,NA,2025-05-26,2,2,0,0,3,0,1,1,2,39,113,Unusable
Jose Iglesias,578428,NA,2025-04-07,3,2,0,0,2,0,2,4,0,39,102,Unusable
Juan Soto,665742,3.25,2025-04-21,4,1,0,0,4,0,4,0,0,38,113,Unusable
Elly De La Cruz,682829,5.23,2025-05-05,3,0,0,1,1,0,2,4,1,38,129,Unusable
Kyle Tucker,663656,7.8,2025-07-07,4,1,0,0,4,0,3,1,0,38,118,Unusable
Jackson Chourio,694192,13.9,2025-04-14,2,2,0,0,2,0,3,2,1,38,122,Unusable
Jarren Duran,680776,15.71,2025-08-18,2,1,0,0,4,0,1,4,1,38,125,Unusable
Mookie Betts,605141,16.08,2025-06-09,3,1,0,0,5,0,2,2,0,38,133,Unusable
Matt Olson,621566,21.79,2025-05-26,3,3,0,0,1,0,2,2,0,38,118,Unusable
Freddie Freeman,518692,26.39,2025-03-24,0,1,0,2,0,0,2,4,0,38,38,H4
Freddie Freeman,518692,26.39,2025-06-09,4,1,0,0,4,0,3,1,0,38,133,Unusable
Freddie Freeman,518692,26.39,2025-06-30,4,2,0,0,0,0,1,4,1,38,124,Unusable
Teoscar Hernandez,606192,29.24,2025-04-07,6,0,0,1,0,0,2,3,0,38,107,Unusable
Teoscar Hernandez,606192,29.24,2025-06-16,5,0,0,1,1,0,4,1,0,38,132,Unusable
Pete Alonso,624413,29.95,2025-05-19,4,0,0,1,2,0,2,3,0,38,122,Unusable
Rafael Devers,646240,35.39,2025-09-15,3,0,0,1,3,0,2,3,0,38,114,Unusable
Michael Harris II,671739,42.59,2025-05-12,4,0,1,0,4,0,1,2,0,38,115,Unusable
Manny Machado,592518,45.54,2025-05-12,5,0,0,0,5,0,4,0,0,38,115,Unusable
Cody Bellinger,641355,47.51,2025-04-21,3,2,0,0,3,0,3,1,0,38,113,Unusable
Adolis Garcia,666969,49.79,2025-08-18,0,1,0,1,2,0,2,2,2,38,125,Unusable
Ozzie Albies,645277,58.95,2025-06-16,3,2,1,0,1,0,1,2,0,38,132,Unusable
Colton Cowser,681297,70.73,2025-09-01,2,0,0,1,1,1,2,4,1,38,122,Unusable
Willy Adames,642715,76.34,2025-06-23,4,0,0,0,4,0,2,3,1,38,134,Unusable
Taylor Ward,621493,83.15,2025-05-26,2,0,0,1,4,0,2,1,1,38,118,Unusable
Mark Vientos,668901,83.69,2025-07-07,4,2,1,0,0,0,0,3,0,38,118,Unusable
Josh Naylor,647304,89.6,2025-08-18,1,2,0,1,1,0,2,3,0,38,125,Unusable
Ezequiel Tovar,678662,111.22,2025-05-12,4,0,1,1,0,0,2,2,0,38,115,Unusable
Matt Wallner,670242,122.55,2025-09-08,1,1,0,1,2,1,2,3,0,38,111,Unusable
Vinnie Pasquantino,686469,131.56,2025-05-05,9,0,0,0,1,0,2,2,0,38,129,Unusable
Vinnie Pasquantino,686469,131.56,2025-07-07,4,2,0,1,0,0,1,1,0,38,118,Unusable
Jung Hoo Lee,808982,132.35,2025-08-04,2,2,1,0,0,0,4,2,0,38,118,Unusable
Anthony Volpe,683011,135.32,2025-07-14,1,0,0,2,1,0,2,4,0,38,32,H3
Josh Lowe,666139,138.27,2025-05-12,3,1,0,1,1,0,3,2,0,38,115,Unusable
Gleyber Torres,650402,147.51,2025-08-04,2,1,0,0,4,0,4,3,0,38,118,Unusable
Alec Bohm,664761,148.29,2025-04-21,7,0,0,0,2,1,2,2,0,38,113,Unusable
Alec Bohm,664761,148.29,2025-06-02,6,1,0,0,2,0,1,1,1,38,116,Unusable
Max Muncy,691777,161.48,2025-06-02,2,0,0,2,0,0,2,4,0,38,116,Unusable
Michael Conforto,624424,163,2025-07-07,3,1,0,1,0,1,3,2,0,38,118,Unusable
Xavier Edwards,669364,165.36,2025-06-30,7,0,0,0,1,0,5,0,1,38,124,Unusable
Xavier Edwards,669364,165.36,2025-07-14,1,2,1,0,1,0,4,2,0,38,32,H3
Xavier Edwards,669364,165.36,2025-08-25,5,0,1,0,0,1,4,0,1,38,134,Unusable
Masyn Winn,691026,166.08,2025-07-21,6,2,0,0,0,0,0,4,0,38,124,Unusable
Masyn Winn,691026,166.08,2025-08-25,4,1,0,0,1,1,3,4,0,38,134,Unusable
Ryan McMahon,641857,172.9,2025-06-02,4,1,0,1,2,0,1,1,0,38,116,Unusable
Brendan Donovan,680977,177.69,2025-04-21,4,2,0,0,2,0,1,3,0,38,113,Unusable
Brendan Donovan,680977,177.69,2025-09-22,0,5,0,0,0,0,2,2,0,38,97,Unusable
Lars Nootbaar,663457,186.05,2025-08-11,4,1,0,1,0,0,4,1,0,38,129,Unusable
Nathaniel Lowe,663993,192.46,2025-05-05,3,0,0,1,3,0,3,2,0,38,129,Unusable
Nathaniel Lowe,663993,192.46,2025-08-11,0,1,0,1,4,0,1,4,0,38,129,Unusable
Salvador Perez,521692,194.19,2025-05-05,4,2,0,0,1,1,0,4,0,38,129,Unusable
Bryson Stott,681082,202.3,2025-03-24,0,1,0,1,2,0,4,2,1,38,38,H4
Bryson Stott,681082,202.3,2025-05-12,3,0,0,1,1,0,2,4,1,38,115,Unusable
Carlos Correa,621043,209.38,2025-05-05,5,0,0,1,1,0,1,4,0,38,129,Unusable
Jesus Sanchez,660821,210.78,2025-05-12,5,0,0,0,5,0,3,1,0,38,115,Unusable
Xander Bogaerts,593428,211.87,2025-07-28,7,1,0,0,1,0,2,2,0,38,140,Unusable
Kristian Campbell,692225,212.49,2025-04-14,3,1,0,1,3,0,1,1,0,38,122,Unusable
Brandon Lowe,664040,213.94,2025-04-21,4,0,0,1,2,0,3,2,0,38,113,Unusable
Brandon Lowe,664040,213.94,2025-06-30,2,1,0,1,2,0,2,1,1,38,124,Unusable
Brandon Lowe,664040,213.94,2025-08-18,1,0,0,1,4,1,3,2,0,38,125,Unusable
Will Smith,669257,215.77,2025-07-28,2,3,0,0,2,0,2,2,0,38,140,Unusable
Alec Burleson,676475,219.26,2025-06-30,2,1,0,1,4,0,1,1,0,38,124,Unusable
Nolan Arenado,571448,227.39,2025-06-23,5,2,0,0,1,0,2,2,0,38,134,Unusable
Nolan Arenado,571448,227.39,2025-07-21,3,1,0,0,3,0,4,1,1,38,124,Unusable
Andy Pages,681624,228.33,2025-09-22,1,0,0,2,1,0,2,4,0,38,97,Unusable
Jake Cronenworth,630105,229.63,2025-05-26,2,1,0,0,4,0,4,3,0,38,118,Unusable
Jake Cronenworth,630105,229.63,2025-08-11,4,0,0,0,3,1,3,4,0,38,129,Unusable
Yainer Diaz,673237,234.25,2025-04-07,1,1,0,1,1,0,3,5,0,38,107,Unusable
Colt Keith,690993,235.65,2025-06-30,4,2,0,0,2,0,3,1,0,38,124,Unusable
Sal Frelick,686217,236.71,2025-07-28,3,1,0,1,1,0,3,2,0,38,140,Unusable
Sal Frelick,686217,236.71,2025-09-08,4,1,0,0,2,0,4,3,0,38,111,Unusable
Andrew Vaughn,683734,236.76,2025-08-18,4,1,0,0,3,1,2,2,0,38,125,Unusable
Andrew Vaughn,683734,236.76,2025-09-15,1,3,0,0,3,0,1,3,0,38,114,Unusable
Kyle Manzardo,700932,237.05,2025-08-11,1,0,0,1,4,1,2,3,0,38,129,Unusable
Connor Norby,681393,237.78,2025-07-07,4,0,0,1,1,1,3,2,0,38,118,Unusable
Spencer Torkelson,679529,237.98,2025-06-09,2,0,0,1,3,1,3,2,0,38,133,Unusable
Tyler Soderstrom,691016,238.1,2025-04-28,5,1,0,0,1,0,2,3,1,38,131,Unusable
Logan O'Hoppe,681351,238.67,2025-04-21,1,0,0,2,1,0,3,3,0,38,113,Unusable
Mike Yastrzemski,573262,238.77,2025-06-30,4,0,0,1,2,0,2,1,1,38,124,Unusable
Coby Mayo,691723,239.19,2025-08-04,3,1,0,1,1,0,1,4,0,38,118,Unusable
Maikel Garcia,672580,239.72,2025-04-21,3,3,0,0,1,0,2,0,1,38,113,Unusable
Dominic Canzone,686527,239.73,2025-08-11,5,1,0,0,3,0,2,2,0,38,129,Unusable
Jeff McNeil,643446,239.75,2025-05-26,2,1,0,1,2,0,1,2,1,38,118,Unusable
Luis Rengifo,650859,239.81,2025-06-16,4,0,0,1,1,1,2,3,0,38,132,Unusable
Luis Rengifo,650859,239.81,2025-08-11,2,0,1,0,2,0,4,3,1,38,129,Unusable
Ryan O'Hearn,656811,239.89,2025-06-23,0,1,0,1,4,0,4,1,0,38,134,Unusable
Tyler Stephenson,663886,239.91,2025-07-28,2,1,0,0,6,0,3,1,0,38,140,Unusable
Alek Thomas,677950,239.91,2025-06-23,2,0,0,1,2,0,3,3,1,38,134,Unusable
Brooks Lee,686797,239.95,2025-04-28,3,2,0,1,1,0,1,1,0,38,131,Unusable
Jorge Polanco,593871,239.99,2025-04-07,4,0,0,1,0,0,2,4,1,38,107,Unusable
Michael Massey,686681,239.99,2025-09-22,6,1,0,0,0,0,4,1,1,38,97,Unusable
Geraldo Perdomo,672695,240,2025-07-21,5,2,0,0,3,0,1,0,0,38,124,Unusable
Dane Myers,667472,240,2025-07-21,2,0,0,1,2,0,2,2,2,38,124,Unusable
Patrick Bailey,672275,240,2025-08-04,5,0,1,0,1,0,2,4,0,38,118,Unusable
Matt Mervis,670223,NA,2025-03-31,2,0,0,2,0,0,2,4,0,38,124,Unusable
Joey Bart,663698,NA,2025-05-05,7,0,0,0,3,0,1,3,0,38,129,Unusable
Miguel Andujar,609280,NA,2025-05-12,4,1,0,1,0,0,2,3,0,38,115,Unusable
Randal Grichuk,545341,NA,2025-06-16,3,1,1,0,1,0,2,4,0,38,132,Unusable
Mark Canha,592192,NA,2025-03-31,3,2,0,0,2,1,4,0,0,38,124,Unusable
David Hamilton,666152,NA,2025-04-28,4,1,0,0,0,0,3,1,3,38,131,Unusable
Tyrone Taylor,621438,NA,2025-04-14,3,1,1,0,0,1,4,2,0,38,122,Unusable
Addison Barger,680718,NA,2025-07-14,4,1,0,1,0,0,3,2,0,38,32,H3
Ernie Clement,676391,NA,2025-05-12,3,1,0,1,1,0,2,3,0,38,115,Unusable
Mike Tauchman,643565,NA,2025-06-09,3,1,0,1,1,0,2,3,0,38,133,Unusable
Angel Martinez,682657,NA,2025-06-16,1,2,0,1,1,0,2,1,1,38,132,Unusable
Alex Call,669743,NA,2025-06-30,6,1,0,0,0,0,4,3,0,38,124,Unusable
Miguel Amaya,665804,NA,2025-04-07,3,0,0,1,0,1,4,4,0,38,107,Unusable
Jake Mangum,663968,NA,2025-09-22,5,0,0,1,1,0,1,2,1,38,97,Unusable
Emmanuel Rivera,656896,NA,2025-05-05,5,2,0,0,1,0,2,2,0,38,129,Unusable
Alejandro Kirk,672386,NA,2025-04-28,6,0,0,1,0,0,1,4,0,38,131,Unusable
Agustin Ramirez,682663,NA,2025-08-04,5,0,0,0,2,1,1,2,2,38,118,Unusable
Derek Hill,656537,NA,2025-03-24,3,2,0,0,1,0,4,1,1,38,38,H4
Sam Hilliard,656541,NA,2025-06-02,0,3,1,0,2,0,2,1,0,38,116,Unusable
Thomas Saggese,695336,NA,2025-04-14,2,4,0,0,0,0,1,3,0,38,122,Unusable
Jose Trevino,624431,NA,2025-04-28,2,0,0,2,0,0,2,4,0,38,131,Unusable
Juan Soto,665742,3.25,2025-03-24,1,1,0,1,4,0,1,2,0,37,41,H4
Yordan Alvarez,670541,9.59,2025-03-31,4,0,0,1,1,0,1,5,0,37,126,Unusable
Brent Rooker,667670,20.89,2025-07-14,0,1,1,1,1,0,3,2,0,37,35,H3
Jackson Merrill,701538,22.38,2025-06-23,4,1,0,0,4,1,2,0,0,37,138,Unusable
Marcell Ozuna,542303,25.41,2025-08-18,1,1,0,0,6,0,4,1,0,37,130,Unusable
Freddie Freeman,518692,26.39,2025-08-25,0,4,0,0,3,0,1,1,0,37,136,Unusable
Pete Alonso,624413,29.95,2025-08-18,1,1,0,1,2,0,3,3,0,37,130,Unusable
James Wood,695578,32.36,2025-07-21,1,2,0,0,4,0,2,1,1,37,128,Unusable
James Wood,695578,32.36,2025-09-01,3,0,0,1,2,0,4,2,0,37,123,Unusable
Rafael Devers,646240,35.39,2025-08-11,5,1,0,1,0,0,2,1,0,37,135,Unusable
Trea Turner,607208,35.91,2025-05-12,4,0,1,0,1,0,4,1,1,37,123,Unusable
Ian Happ,664023,38.05,2025-08-11,1,2,0,0,6,0,1,1,0,37,135,Unusable
Lawrence Butler,671732,38.6,2025-05-12,1,3,0,0,2,0,1,4,0,37,123,Unusable
Bryan Reynolds,668804,42.05,2025-04-21,5,0,0,0,2,0,2,4,1,37,120,Unusable
Bryan Reynolds,668804,42.05,2025-06-02,3,0,0,1,4,0,1,2,0,37,120,Unusable
Bryan Reynolds,668804,42.05,2025-07-28,6,1,0,0,3,0,1,1,0,37,144,Unusable
Michael Harris II,671739,42.59,2025-04-28,1,2,0,0,0,0,1,6,2,37,136,Unusable
Michael Harris II,671739,42.59,2025-05-26,7,1,0,0,0,0,1,2,1,37,122,Unusable
Manny Machado,592518,45.54,2025-09-22,3,0,0,1,2,0,4,2,0,37,101,Unusable
Cody Bellinger,641355,47.51,2025-06-16,5,1,0,1,0,0,1,2,0,37,137,Unusable
Brandon Nimmo,607043,51.96,2025-09-01,7,0,0,0,2,0,2,3,0,37,123,Unusable
Christian Yelich,592885,58.87,2025-06-09,4,1,0,1,1,0,1,2,0,37,137,Unusable
William Contreras,661388,61.55,2025-04-21,6,0,0,0,3,0,2,3,0,37,120,Unusable
Colton Cowser,681297,70.73,2025-09-08,1,0,0,1,4,0,3,1,1,37,113,Unusable
Christian Walker,572233,74.01,2025-03-31,4,1,0,1,0,1,2,1,0,37,126,Unusable
Willy Adames,642715,76.34,2025-08-11,1,0,0,1,2,0,4,1,2,37,135,Unusable
Jose Altuve,514888,81.09,2025-07-21,5,1,0,0,3,1,2,0,0,37,128,Unusable
Bo Bichette,666182,84.67,2025-06-09,6,0,0,0,1,0,4,4,0,37,137,Unusable
Jorge Soler,624585,93.81,2025-07-07,2,1,0,1,1,0,3,3,0,37,123,Unusable
Eugenio Suarez,553993,104.99,2025-04-14,2,1,0,1,1,0,2,4,0,37,126,Unusable
Jake Burger,669394,115.47,2025-04-21,0,2,0,1,1,0,3,3,0,37,120,Unusable
Matt Wallner,670242,122.55,2025-07-07,2,0,0,2,1,0,2,2,0,37,123,Unusable
Kerry Carpenter,681481,130.48,2025-05-19,1,2,0,1,2,0,2,1,0,37,123,Unusable
Cedric Mullins,656775,133.6,2025-07-07,4,1,0,0,1,0,2,0,3,37,123,Unusable
Anthony Volpe,683011,135.32,2025-08-11,1,1,0,1,2,0,3,3,0,37,135,Unusable
Jackson Holliday,702616,135.54,2025-06-09,3,2,0,0,0,0,4,0,2,37,137,Unusable
Michael Conforto,624424,163,2025-08-25,2,2,0,1,1,0,2,1,0,37,136,Unusable
Xavier Edwards,669364,165.36,2025-03-31,4,2,0,0,1,0,2,1,1,37,126,Unusable
Masyn Winn,691026,166.08,2025-05-05,2,2,0,0,3,0,2,3,0,37,136,Unusable
TJ Friedl,670770,168.11,2025-08-25,6,0,0,0,5,0,0,2,0,37,136,Unusable
TJ Friedl,670770,168.11,2025-09-15,3,0,0,1,2,0,3,3,0,37,116,Unusable
Salvador Perez,521692,194.19,2025-09-22,2,1,0,0,3,2,1,4,0,37,101,Unusable
Jo Adell,666176,198.16,2025-08-25,2,1,0,1,1,0,1,3,1,37,136,Unusable
Zach Neto,687263,202.06,2025-07-14,4,1,0,0,1,0,4,2,1,37,35,H3
Jesus Sanchez,660821,210.78,2025-06-16,0,1,1,1,1,0,2,1,1,37,137,Unusable
Will Smith,669257,215.77,2025-05-19,2,1,0,0,4,1,2,3,0,37,123,Unusable
Alec Burleson,676475,219.26,2025-05-05,2,1,0,1,1,0,1,3,1,37,136,Unusable
Matt Shaw,807713,227.33,2025-08-11,1,1,0,1,2,0,2,2,1,37,135,Unusable
Nolan Arenado,571448,227.39,2025-09-15,3,2,0,0,0,0,2,6,0,37,116,Unusable
Jake Cronenworth,630105,229.63,2025-09-08,5,0,0,0,4,0,3,2,0,37,113,Unusable
Brice Turang,668930,230.59,2025-03-24,2,0,0,1,1,0,4,3,1,37,41,H4
Brandon Marsh,669016,230.99,2025-09-15,2,0,0,1,1,0,4,3,1,37,116,Unusable
Andres Gimenez,665926,231.93,2025-06-09,3,0,0,1,2,0,2,4,0,37,137,Unusable
Max Kepler,596146,234.12,2025-08-18,3,1,0,1,0,0,4,2,0,37,130,Unusable
Austin Wells,669224,234.46,2025-03-31,2,1,1,0,2,1,2,2,0,37,126,Unusable
Colt Keith,690993,235.65,2025-05-05,5,0,0,1,0,0,2,4,0,37,136,Unusable
Colt Keith,690993,235.65,2025-08-25,3,1,0,1,0,0,4,2,0,37,136,Unusable
Andrew McCutchen,457705,235.95,2025-08-04,2,1,0,0,7,0,1,1,0,37,123,Unusable
Andrew Vaughn,683734,236.76,2025-03-31,2,1,0,1,1,0,1,5,0,37,126,Unusable
Joey Ortiz,687401,237.06,2025-06-09,3,2,0,0,0,0,3,1,2,37,137,Unusable
Carlos Santana,467793,237.36,2025-05-12,3,0,0,0,6,0,1,4,0,37,123,Unusable
Josh Bell,605137,238,2025-05-12,5,0,0,1,2,0,2,1,0,37,123,Unusable
Jacob Wilson,805779,238.09,2025-06-16,3,0,0,1,3,1,1,2,0,37,137,Unusable
Jacob Wilson,805779,238.09,2025-08-18,3,1,0,1,0,0,3,3,0,37,130,Unusable
Giancarlo Stanton,519317,238.16,2025-07-14,4,1,0,0,3,0,3,2,0,37,35,H3
Hyeseong Kim,808975,238.24,2025-05-05,7,0,0,0,0,0,4,2,1,37,136,Unusable
Hyeseong Kim,808975,238.24,2025-05-26,2,1,0,1,1,0,4,2,0,37,122,Unusable
Gavin Lux,666158,238.36,2025-04-28,1,2,1,0,2,0,2,2,0,37,136,Unusable
Tommy Pham,502054,238.55,2025-09-22,3,0,0,1,4,0,1,2,0,37,101,Unusable
Andrew Benintendi,643217,238.69,2025-04-21,4,0,0,1,2,1,1,2,0,37,120,Unusable
Andrew Benintendi,643217,238.69,2025-07-28,1,1,0,1,2,0,5,1,0,37,144,Unusable
Mike Yastrzemski,573262,238.77,2025-05-05,5,0,0,0,2,0,4,0,2,37,136,Unusable
Myles Straw,664702,238.89,2025-05-26,3,1,0,0,2,0,4,2,1,37,122,Unusable
Jesse Winker,608385,239.37,2025-03-31,1,1,2,0,2,0,0,3,0,37,126,Unusable
Matt Vierling,663837,239.52,2025-08-04,3,1,0,1,0,0,2,4,0,37,123,Unusable
Brett Baty,683146,239.56,2025-04-14,3,2,0,0,2,0,2,1,1,37,126,Unusable
Brett Baty,683146,239.56,2025-05-26,3,0,1,0,1,1,4,3,0,37,122,Unusable
Adam Frazier,624428,239.6,2025-05-26,1,2,0,1,1,1,2,1,0,37,122,Unusable
Adam Frazier,624428,239.6,2025-09-15,5,0,0,1,0,0,3,3,0,37,116,Unusable
Keibert Ruiz,660688,239.6,2025-05-12,4,2,0,0,0,1,2,3,0,37,123,Unusable
Luisangel Acuna,682668,239.64,2025-04-07,3,1,0,0,2,0,4,0,2,37,111,Unusable
Maikel Garcia,672580,239.72,2025-06-09,4,2,0,0,1,0,1,0,2,37,137,Unusable
Casey Schmitt,669477,239.77,2025-09-22,3,1,0,1,0,0,3,3,0,37,101,Unusable
Miguel Rojas,500743,239.78,2025-07-07,2,1,0,1,1,0,3,1,1,37,123,Unusable
Spencer Horwitz,687462,239.83,2025-09-15,1,2,0,0,4,0,3,2,0,37,116,Unusable
Ryan O'Hearn,656811,239.89,2025-05-12,6,1,0,0,3,0,2,0,0,37,123,Unusable
Ryan O'Hearn,656811,239.89,2025-08-25,6,1,0,0,1,0,4,1,0,37,136,Unusable
Alek Thomas,677950,239.91,2025-07-07,3,2,0,0,2,0,3,2,0,37,123,Unusable
Griffin Conine,665052,239.92,2025-04-14,0,4,0,0,1,0,3,2,0,37,126,Unusable
Nick Gonzales,693304,239.92,2025-09-01,3,2,0,0,2,0,4,1,0,37,123,Unusable
Curtis Mead,678554,239.94,2025-08-25,2,3,0,0,0,1,4,1,0,37,136,Unusable
Kyle Teel,691019,239.94,2025-07-21,5,0,0,1,0,0,4,2,0,37,128,Unusable
Harrison Bader,664056,239.99,2025-07-21,3,2,0,0,2,0,1,2,1,37,128,Unusable
Michael Massey,686681,239.99,2025-09-15,2,1,0,1,1,0,3,3,0,37,116,Unusable
Dane Myers,667472,240,2025-04-14,3,0,0,1,0,0,4,3,1,37,126,Unusable
Mitch Garver,641598,NA,2025-04-21,1,1,0,1,2,0,1,5,0,37,120,Unusable
Isaac Collins,686555,NA,2025-07-07,4,0,0,0,3,0,2,2,2,37,123,Unusable
Otto Lopez,672640,NA,2025-03-31,4,0,0,1,1,0,3,3,0,37,126,Unusable
Otto Lopez,672640,NA,2025-06-16,7,0,0,0,2,0,2,3,0,37,137,Unusable
Ivan Herrera,671056,NA,2025-06-02,4,1,0,1,1,0,1,2,0,37,120,Unusable
Kameron Misner,670224,NA,2025-04-21,2,3,0,0,1,0,4,1,0,37,120,Unusable
Kameron Misner,670224,NA,2025-05-19,1,0,0,0,4,0,4,1,3,37,123,Unusable
Henry Davis,680779,NA,2025-05-26,2,1,0,1,1,0,3,3,0,37,122,Unusable
Nick Fortes,663743,NA,2025-09-08,1,2,0,1,2,0,1,2,0,37,113,Unusable
Dalton Rushing,687221,NA,2025-09-22,3,1,0,1,0,0,3,3,0,37,101,Unusable
Edmundo Sosa,624641,NA,2025-06-30,0,1,1,1,1,0,3,2,0,37,131,Unusable
Andy Ibanez,628451,NA,2025-08-18,3,1,0,1,0,0,3,3,0,37,130,Unusable
Adrian Del Castillo,680728,NA,2025-08-04,1,2,0,1,0,0,2,4,0,37,123,Unusable
Jake Bauers,641343,NA,2025-04-21,4,0,0,1,1,0,3,3,0,37,120,Unusable
Austin Martin,668885,NA,2025-09-01,5,1,0,0,4,0,2,0,0,37,123,Unusable
Elly De La Cruz,682829,5.23,2025-08-04,5,1,0,0,1,0,2,2,1,36,126,Unusable
Elly De La Cruz,682829,5.23,2025-09-01,2,1,1,0,2,0,2,3,0,36,127,Unusable
Gunnar Henderson,683002,12.24,2025-07-14,0,2,1,0,0,0,1,3,2,36,38,H4
Kyle Schwarber,656941,12.34,2025-09-01,3,0,0,0,5,2,2,1,0,36,127,Unusable
Mookie Betts,605141,16.08,2025-04-07,5,0,0,0,5,0,2,1,0,36,112,Unusable
Matt Olson,621566,21.79,2025-07-07,5,0,0,0,3,0,3,3,0,36,129,Unusable
Jackson Merrill,701538,22.38,2025-03-24,5,1,0,0,1,0,1,5,0,36,43,H4
Jackson Merrill,701538,22.38,2025-09-01,2,1,0,1,1,1,3,1,0,36,127,Unusable
Wyatt Langford,694671,24.34,2025-04-28,3,1,0,0,3,0,2,4,0,36,138,Unusable
Freddie Freeman,518692,26.39,2025-08-11,3,0,0,1,1,0,2,3,1,36,140,Unusable
Pete Alonso,624413,29.95,2025-06-09,2,2,0,0,2,2,1,2,0,36,143,Unusable
Anthony Santander,623993,32.63,2025-04-07,3,1,0,1,1,0,2,2,0,36,112,Unusable
Michael Harris II,671739,42.59,2025-06-02,5,0,0,1,0,1,1,3,0,36,122,Unusable
Corey Seager,608369,43.68,2025-06-16,2,1,0,1,1,1,2,2,0,36,141,Unusable
Riley Greene,682985,44.7,2025-09-01,4,1,0,0,2,0,4,2,0,36,127,Unusable
Cody Bellinger,641355,47.51,2025-05-26,3,0,0,0,4,1,3,1,1,36,128,Unusable
Oneil Cruz,665833,50.09,2025-07-28,1,1,0,1,1,0,3,4,0,36,146,Unusable
Brandon Nimmo,607043,51.96,2025-05-12,2,3,0,0,2,0,1,2,0,36,129,Unusable
Randy Arozarena,668227,53.57,2025-05-19,3,1,1,0,1,2,2,0,0,36,126,Unusable
Randy Arozarena,668227,53.57,2025-07-14,1,1,0,1,2,1,3,1,0,36,38,H4
Randy Arozarena,668227,53.57,2025-08-11,4,0,0,0,1,1,4,1,2,36,140,Unusable
Brenton Doyle,686668,56.73,2025-09-01,6,1,0,0,0,0,2,2,1,36,127,Unusable
Ozzie Albies,645277,58.95,2025-06-02,3,1,0,0,5,0,1,2,0,36,122,Unusable
Ozzie Albies,645277,58.95,2025-07-21,3,0,0,0,5,0,2,2,1,36,132,Unusable
William Contreras,661388,61.55,2025-05-05,2,0,0,1,2,0,4,3,0,36,141,Unusable
Nick Castellanos,592206,65.98,2025-06-23,3,1,0,1,1,0,1,3,0,36,139,Unusable
Jasson Dominguez,691176,70.56,2025-04-14,3,1,0,0,3,0,2,4,0,36,130,Unusable
Dylan Crews,686611,71.02,2025-08-25,4,0,0,0,3,1,2,0,2,36,143,Unusable
Spencer Steer,668715,80.57,2025-05-19,6,1,0,0,2,0,1,2,0,36,126,Unusable
Spencer Steer,668715,80.57,2025-07-07,4,0,0,1,1,1,2,2,0,36,129,Unusable
Spencer Steer,668715,80.57,2025-09-01,3,1,0,0,3,0,5,1,0,36,127,Unusable
Taylor Ward,621493,83.15,2025-08-25,0,1,0,0,8,0,3,0,0,36,143,Unusable
Mark Vientos,668901,83.69,2025-04-07,2,1,0,0,6,0,1,2,0,36,112,Unusable
Josh Naylor,647304,89.6,2025-04-28,3,1,0,0,3,0,1,1,2,36,138,Unusable
Josh Naylor,647304,89.6,2025-08-25,7,0,0,0,1,0,3,1,1,36,143,Unusable
Matt McLain,680574,91.6,2025-03-24,0,1,0,2,0,0,3,2,0,36,43,H4
Matt McLain,680574,91.6,2025-07-21,7,0,0,0,1,0,3,1,1,36,132,Unusable
Heliot Ramos,671218,108.52,2025-09-15,2,1,0,1,2,0,3,1,0,36,122,Unusable
JJ Bleday,668709,111.18,2025-03-31,3,0,0,0,5,0,4,0,1,36,133,Unusable
JJ Bleday,668709,111.18,2025-04-21,3,2,0,0,3,0,2,1,0,36,127,Unusable
Paul Goldschmidt,502671,117.94,2025-06-30,2,4,0,0,0,0,3,0,0,36,132,Unusable
Kerry Carpenter,681481,130.48,2025-09-01,0,1,0,1,2,0,4,3,0,36,127,Unusable
Vinnie Pasquantino,686469,131.56,2025-05-12,5,0,0,1,1,0,2,2,0,36,129,Unusable
Jung Hoo Lee,808982,132.35,2025-05-05,4,0,0,1,0,0,3,4,0,36,141,Unusable
Cedric Mullins,656775,133.6,2025-08-11,1,3,0,0,1,0,4,2,0,36,140,Unusable
Gleyber Torres,650402,147.51,2025-05-26,3,0,0,0,7,0,3,0,0,36,128,Unusable
Joc Pederson,592626,151.33,2025-04-21,1,2,1,0,2,1,1,1,0,36,127,Unusable
Cal Raleigh,663728,152.19,2025-07-28,4,0,0,1,2,0,2,2,0,36,146,Unusable
Michael Conforto,624424,163,2025-06-30,3,0,0,1,1,0,3,4,0,36,132,Unusable
Xavier Edwards,669364,165.36,2025-04-14,8,0,0,0,1,1,1,2,0,36,130,Unusable
Xavier Edwards,669364,165.36,2025-06-02,4,1,0,0,2,0,4,2,0,36,122,Unusable
Rhys Hoskins,656555,172.72,2025-04-28,0,0,0,1,6,0,3,1,0,36,138,Unusable
Ryan McMahon,641857,172.9,2025-03-31,4,0,0,1,1,1,1,3,0,36,133,Unusable
Ryan McMahon,641857,172.9,2025-07-07,4,1,0,1,0,0,1,3,0,36,129,Unusable
Willson Contreras,575929,182.14,2025-08-04,4,0,0,1,2,0,2,2,0,36,126,Unusable
Salvador Perez,521692,194.19,2025-05-19,3,1,0,1,1,0,1,3,0,36,126,Unusable
Jo Adell,666176,198.16,2025-07-07,2,3,0,0,1,1,1,2,0,36,129,Unusable
Zach Neto,687263,202.06,2025-09-01,1,0,0,1,3,2,3,1,0,36,127,Unusable
Bryson Stott,681082,202.3,2025-06-30,1,0,0,1,3,0,2,3,1,36,132,Unusable
Jake McCarthy,664983,205.86,2025-06-30,3,0,0,1,1,0,1,4,1,36,132,Unusable
Carlos Correa,621043,209.38,2025-04-14,3,1,0,1,1,0,2,2,0,36,130,Unusable
Jesus Sanchez,660821,210.78,2025-06-23,4,1,0,0,2,0,6,0,0,36,139,Unusable
Jesus Sanchez,660821,210.78,2025-07-07,6,1,0,0,0,0,4,2,0,36,129,Unusable
Xander Bogaerts,593428,211.87,2025-03-31,5,0,0,0,3,0,2,2,1,36,133,Unusable
Wilyer Abreu,677800,217.36,2025-07-14,0,0,0,2,2,0,2,3,0,36,38,H4
Zack Gelof,680869,225.25,2025-08-25,2,1,0,1,0,0,3,4,0,36,143,Unusable
Michael Busch,683737,226.9,2025-07-28,3,0,0,1,2,1,3,1,0,36,146,Unusable
Andy Pages,681624,228.33,2025-09-08,5,1,0,0,0,1,5,1,0,36,116,Unusable
Jake Cronenworth,630105,229.63,2025-07-07,2,2,0,0,3,1,2,1,0,36,129,Unusable
Yainer Diaz,673237,234.25,2025-07-21,4,3,0,0,0,0,2,1,0,36,132,Unusable
Austin Wells,669224,234.46,2025-03-24,0,0,0,2,2,0,2,3,0,36,43,H4
Austin Wells,669224,234.46,2025-04-21,2,3,0,0,0,0,1,5,0,36,127,Unusable
Andrew Vaughn,683734,236.76,2025-07-21,2,2,0,1,0,0,2,2,0,36,132,Unusable
Trevor Larnach,663616,237.16,2025-03-31,3,1,0,0,3,0,2,4,0,36,133,Unusable
Luke Raley,670042,237.24,2025-03-31,2,0,0,1,2,2,3,1,0,36,133,Unusable
Luke Raley,670042,237.24,2025-04-07,2,1,0,0,2,0,1,4,2,36,112,Unusable
Carlos Santana,467793,237.36,2025-06-09,3,0,0,1,1,0,2,5,0,36,143,Unusable
Carlos Santana,467793,237.36,2025-06-23,2,0,0,1,4,0,3,1,0,36,139,Unusable
Jacob Wilson,805779,238.09,2025-09-22,1,2,0,0,2,1,2,4,0,36,106,Unusable
Tyler Soderstrom,691016,238.1,2025-05-12,1,2,0,1,1,0,1,3,0,36,129,Unusable
Tyler Soderstrom,691016,238.1,2025-06-09,3,0,0,0,5,0,3,1,1,36,143,Unusable
Giancarlo Stanton,519317,238.16,2025-08-25,0,1,0,1,2,0,2,5,0,36,143,Unusable
Gavin Lux,666158,238.36,2025-03-31,3,2,0,0,3,0,0,3,0,36,133,Unusable
Gavin Lux,666158,238.36,2025-04-07,2,2,0,0,4,0,1,2,0,36,112,Unusable
Tommy Pham,502054,238.55,2025-08-04,4,0,0,0,4,0,2,2,1,36,126,Unusable
Trevor Story,596115,238.76,2025-07-21,3,2,0,0,1,0,1,3,1,36,132,Unusable
Ben Rice,700250,239.01,2025-09-01,4,0,0,1,0,0,4,3,0,36,127,Unusable
Pavin Smith,656976,239.18,2025-06-09,1,0,0,1,5,0,3,1,0,36,143,Unusable
Thairo Estrada,642731,239.19,2025-06-02,4,3,0,0,0,0,1,2,0,36,122,Unusable
Willi Castro,650489,239.25,2025-04-07,4,2,0,0,1,1,2,1,0,36,112,Unusable
Willi Castro,650489,239.25,2025-09-08,5,0,0,0,5,0,3,0,0,36,116,Unusable
Jacob Young,696285,239.49,2025-08-25,1,1,0,1,1,0,2,5,0,36,143,Unusable
Nolan Schanuel,694384,239.52,2025-06-23,0,1,0,1,4,0,2,2,0,36,139,Unusable
Nolan Schanuel,694384,239.52,2025-08-04,3,0,0,1,0,1,4,3,0,36,126,Unusable
Josh Smith,669701,239.59,2025-07-28,4,0,1,0,2,0,4,1,0,36,146,Unusable
Adam Frazier,624428,239.6,2025-08-25,5,2,0,0,0,1,2,1,0,36,143,Unusable
Ty France,664034,239.69,2025-05-19,3,0,0,1,0,1,1,6,0,36,126,Unusable
Ty France,664034,239.69,2025-05-26,7,0,0,0,0,3,2,1,0,36,128,Unusable
Jeff McNeil,643446,239.75,2025-05-12,2,1,0,0,6,0,1,2,0,36,129,Unusable
Miguel Rojas,500743,239.78,2025-09-15,3,1,0,1,1,0,3,1,0,36,122,Unusable
Bo Naylor,666310,239.8,2025-05-12,0,1,0,1,4,0,3,1,0,36,129,Unusable
Bo Naylor,666310,239.8,2025-06-02,3,0,0,1,3,0,2,2,0,36,122,Unusable
Ryan O'Hearn,656811,239.89,2025-06-30,2,2,0,0,4,0,3,0,0,36,132,Unusable
Ryan O'Hearn,656811,239.89,2025-09-01,4,1,0,0,3,1,3,0,0,36,127,Unusable
Alek Thomas,677950,239.91,2025-03-24,3,2,0,0,1,0,3,3,0,36,43,H4
Alek Thomas,677950,239.91,2025-04-14,3,1,0,0,2,1,2,0,2,36,130,Unusable
Nick Gonzales,693304,239.92,2025-08-04,7,1,0,0,1,0,1,2,0,36,126,Unusable
Nick Gonzales,693304,239.92,2025-09-08,4,1,1,0,0,0,2,3,0,36,116,Unusable
Nolan Gorman,669357,239.92,2025-09-01,5,0,0,1,1,0,2,2,0,36,127,Unusable
Curtis Mead,678554,239.94,2025-08-04,5,0,0,0,2,1,0,4,1,36,126,Unusable
Kyle Teel,691019,239.94,2025-09-22,5,0,0,0,2,1,5,1,0,36,106,Unusable
Hunter Goodman,696100,239.98,2025-08-04,4,0,0,1,2,0,2,2,0,36,126,Unusable
Hunter Goodman,696100,239.98,2025-08-18,3,2,0,0,1,0,2,4,0,36,135,Unusable
Colson Montgomery,695657,239.98,2025-08-25,1,0,0,2,1,0,3,2,0,36,143,Unusable
Harrison Bader,664056,239.99,2025-04-14,5,0,0,0,3,0,2,2,1,36,130,Unusable
Harrison Bader,664056,239.99,2025-06-16,2,1,0,1,2,0,1,3,0,36,141,Unusable
Harrison Bader,664056,239.99,2025-08-18,5,1,0,0,2,1,3,0,0,36,135,Unusable
Will Benson,666181,239.99,2025-07-07,2,0,1,1,0,0,4,2,0,36,129,Unusable
Geraldo Perdomo,672695,240,2025-06-16,3,0,0,1,3,0,2,2,0,36,141,Unusable
Patrick Bailey,672275,240,2025-07-28,4,1,0,0,1,1,3,3,0,36,146,Unusable
Nick Kurtz,701762,NA,2025-09-15,2,1,0,1,1,1,3,1,0,36,122,Unusable
Mauricio Dubon,643289,NA,2025-07-21,4,1,0,0,3,1,1,2,0,36,132,Unusable
Blake Dunn,694362,NA,2025-04-07,1,1,0,0,3,2,2,2,1,36,112,Unusable
Tyrone Taylor,621438,NA,2025-06-02,2,1,0,0,3,1,0,2,2,36,122,Unusable
Addison Barger,680718,NA,2025-09-01,2,0,0,1,2,0,1,4,1,36,127,Unusable
Chris Taylor,621035,NA,2025-09-01,1,1,0,0,3,2,4,0,1,36,127,Unusable
Javier Baez,595879,NA,2025-07-28,2,0,1,1,0,0,1,5,0,36,146,Unusable
Ernie Clement,676391,NA,2025-06-30,7,0,0,0,1,0,3,3,0,36,132,Unusable
Ernie Clement,676391,NA,2025-09-01,1,3,0,0,1,0,3,1,1,36,127,Unusable
Kyle Isbel,664728,NA,2025-05-05,4,0,1,1,0,0,2,1,0,36,141,Unusable
Zach McKinstry,656716,NA,2025-03-31,5,0,0,0,3,0,3,1,1,36,133,Unusable
Alex Call,669743,NA,2025-04-28,5,0,0,0,3,0,3,3,0,36,138,Unusable
Alex Call,669743,NA,2025-07-21,3,0,0,1,1,0,2,5,0,36,132,Unusable
Miguel Amaya,665804,NA,2025-05-19,1,1,0,1,1,0,2,5,0,36,126,Unusable
Brandon Lockridge,663604,NA,2025-07-28,4,0,0,0,2,0,3,4,1,36,146,Unusable
Jake Mangum,663968,NA,2025-06-30,3,1,0,1,1,0,3,1,0,36,132,Unusable
Jake Mangum,663968,NA,2025-09-15,5,1,0,0,1,0,0,2,2,36,122,Unusable
Trey Sweeney,700242,NA,2025-05-12,4,0,0,1,0,0,1,6,0,36,129,Unusable
Alejandro Kirk,672386,NA,2025-06-02,5,1,0,0,1,0,2,4,0,36,122,Unusable
Alejandro Kirk,672386,NA,2025-07-07,6,0,0,0,2,0,2,4,0,36,129,Unusable
Austin Hedges,595978,NA,2025-09-01,1,0,0,2,1,0,3,2,0,36,127,Unusable
Andy Ibanez,628451,NA,2025-07-28,2,2,0,1,0,0,2,2,0,36,146,Unusable
Johnathan Rodriguez,671286,NA,2025-09-22,2,0,0,1,2,0,1,4,1,36,106,Unusable
Luis Urias,649966,NA,2025-07-21,3,0,0,1,3,0,2,2,0,36,132,Unusable
Drew Waters,671221,NA,2025-05-19,5,2,0,0,0,1,3,0,0,36,126,Unusable
Thomas Saggese,695336,NA,2025-08-11,6,1,0,0,0,0,2,2,1,36,140,Unusable
Corbin Carroll,682998,6.36,2025-05-19,1,0,1,1,2,0,2,2,0,35,132,Unusable
Jarren Duran,680776,15.71,2025-06-09,1,1,0,1,2,0,2,1,1,35,147,Unusable
Mookie Betts,605141,16.08,2025-06-16,3,1,0,0,2,0,2,3,1,35,144,Unusable
Brent Rooker,667670,20.89,2025-07-21,4,1,0,0,3,0,3,1,0,35,140,Unusable
Brent Rooker,667670,20.89,2025-08-18,1,1,0,1,2,0,3,2,0,35,137,Unusable
Matt Olson,621566,21.79,2025-07-14,1,1,0,1,2,0,2,3,0,35,41,H4
Wyatt Langford,694671,24.34,2025-05-19,4,1,0,0,3,0,2,0,1,35,132,Unusable
Marcell Ozuna,542303,25.41,2025-09-15,3,2,0,0,2,0,1,3,0,35,126,Unusable
Pete Alonso,624413,29.95,2025-06-16,5,0,0,1,2,0,1,1,0,35,144,Unusable
Ketel Marte,606466,37.6,2025-07-07,3,2,0,0,4,0,1,0,0,35,137,Unusable
Lawrence Butler,671732,38.6,2025-06-09,2,1,0,1,1,0,2,1,1,35,147,Unusable
Bryan Reynolds,668804,42.05,2025-03-31,2,1,0,1,1,0,2,3,0,35,140,Unusable
Oneil Cruz,665833,50.09,2025-05-05,4,0,0,0,2,1,3,0,2,35,144,Unusable
Seiya Suzuki,673548,54.65,2025-03-24,2,1,0,1,1,0,3,2,0,35,47,H4
Brenton Doyle,686668,56.73,2025-09-22,1,2,0,1,0,0,2,1,1,35,109,Unusable
Ozzie Albies,645277,58.95,2025-09-08,2,1,0,1,1,0,1,4,0,35,119,Unusable
Alex Bregman,608324,60.11,2025-09-01,2,2,0,0,1,0,4,3,0,35,142,Unusable
William Contreras,661388,61.55,2025-06-23,4,1,0,0,3,0,4,0,0,35,143,Unusable
Marcus Semien,543760,65.54,2025-03-31,2,0,0,1,3,0,2,3,0,35,140,Unusable
Marcus Semien,543760,65.54,2025-05-05,3,0,0,1,2,0,2,3,0,35,144,Unusable
Junior Caminero,691406,65.87,2025-06-23,2,1,0,1,1,0,4,1,0,35,143,Unusable
Christian Walker,572233,74.01,2025-05-12,1,1,0,1,2,0,1,4,0,35,135,Unusable
CJ Abrams,682928,79.08,2025-09-22,2,1,0,1,1,0,3,2,0,35,109,Unusable
Spencer Steer,668715,80.57,2025-06-02,5,1,0,0,2,0,1,3,0,35,129,Unusable
Jose Altuve,514888,81.09,2025-08-11,2,0,0,1,3,0,2,1,1,35,144,Unusable
Mark Vientos,668901,83.69,2025-05-05,5,0,0,1,0,0,3,2,0,35,144,Unusable
Josh Naylor,647304,89.6,2025-05-19,3,1,1,0,0,0,3,3,0,35,132,Unusable
Heliot Ramos,671218,108.52,2025-05-19,4,0,0,1,0,1,2,3,0,35,132,Unusable
Adley Rutschman,668939,112.59,2025-06-09,4,1,0,0,3,0,3,1,0,35,147,Unusable
Jung Hoo Lee,808982,132.35,2025-07-21,4,2,0,0,3,0,0,1,0,35,140,Unusable
Cedric Mullins,656775,133.6,2025-07-21,2,1,0,1,1,0,2,3,0,35,140,Unusable
Cedric Mullins,656775,133.6,2025-08-04,2,0,0,1,3,0,1,2,1,35,133,Unusable
Jackson Holliday,702616,135.54,2025-04-14,2,0,0,1,3,0,1,4,0,35,135,Unusable
Jackson Holliday,702616,135.54,2025-04-21,4,0,0,0,3,2,2,0,1,35,130,Unusable
Alec Bohm,664761,148.29,2025-05-26,4,0,0,1,1,0,4,1,0,35,131,Unusable
Michael Conforto,624424,163,2025-06-09,1,1,0,1,2,0,2,3,0,35,147,Unusable
Jonathan India,663697,164.42,2025-04-21,3,1,0,0,4,0,3,1,0,35,130,Unusable
Jonathan India,663697,164.42,2025-05-12,6,1,0,0,0,1,1,3,0,35,135,Unusable
Royce Lewis,668904,168.33,2025-07-28,5,2,0,0,0,0,2,2,0,35,154,Unusable
Luis Arraez,650333,168.81,2025-09-15,7,0,0,0,2,0,1,3,0,35,126,Unusable
Willson Contreras,575929,182.14,2025-07-28,1,1,0,1,2,0,3,2,0,35,154,Unusable
Willson Contreras,575929,182.14,2025-09-08,4,0,0,0,2,3,3,1,0,35,119,Unusable
Tommy Edman,669242,186.13,2025-06-23,1,3,0,0,2,0,4,0,0,35,143,Unusable
Jo Adell,666176,198.16,2025-09-22,3,1,0,1,0,0,3,2,0,35,109,Unusable
Josh Jung,673962,208.9,2025-04-28,6,0,0,0,3,0,2,2,0,35,142,Unusable
Carlos Correa,621043,209.38,2025-07-21,4,1,0,0,3,0,4,0,0,35,140,Unusable
Xander Bogaerts,593428,211.87,2025-08-18,1,2,0,0,1,1,2,5,0,35,137,Unusable
Austin Hays,669720,212.98,2025-07-28,4,0,0,0,3,0,3,2,1,35,154,Unusable
Will Smith,669257,215.77,2025-06-02,2,1,1,0,1,0,3,3,0,35,129,Unusable
Wilyer Abreu,677800,217.36,2025-04-14,1,1,0,1,2,0,2,3,0,35,135,Unusable
Shea Langeliers,669127,226.05,2025-04-28,4,0,0,1,1,0,2,3,0,35,142,Unusable
Brice Turang,668930,230.59,2025-07-07,3,0,0,1,2,0,2,3,0,35,137,Unusable
Brandon Marsh,669016,230.99,2025-03-24,3,0,0,1,2,0,2,3,0,35,47,H4
Yainer Diaz,673237,234.25,2025-06-02,5,0,0,1,0,0,3,2,0,35,129,Unusable
Yainer Diaz,673237,234.25,2025-06-23,5,0,0,1,0,0,1,4,0,35,143,Unusable
Ryan Mountcastle,663624,234.73,2025-05-12,4,2,0,0,1,0,3,1,0,35,135,Unusable
Jordan Beck,687597,234.82,2025-08-04,3,0,0,0,5,1,2,0,1,35,133,Unusable
Colt Keith,690993,235.65,2025-07-28,5,0,0,1,0,0,3,2,0,35,154,Unusable
Andrew Vaughn,683734,236.76,2025-09-22,2,2,0,0,3,0,2,2,0,35,109,Unusable
Kyle Manzardo,700932,237.05,2025-05-19,2,2,0,0,3,0,2,2,0,35,132,Unusable
Trevor Larnach,663616,237.16,2025-04-28,6,0,0,0,3,0,2,2,0,35,142,Unusable
Josh Bell,605137,238,2025-03-31,2,0,1,0,4,1,3,0,0,35,140,Unusable
Gavin Lux,666158,238.36,2025-05-05,3,1,0,0,4,0,1,3,0,35,144,Unusable
Gavin Lux,666158,238.36,2025-06-16,1,0,0,1,4,0,1,4,0,35,144,Unusable
Wenceel Perez,672761,238.7,2025-08-11,3,1,0,0,4,0,2,2,0,35,144,Unusable
Trevor Story,596115,238.76,2025-05-05,2,0,0,1,1,0,3,3,1,35,144,Unusable
Francisco Alvarez,682626,239.35,2025-09-15,2,1,0,1,0,1,2,3,0,35,126,Unusable
Tyler Freeman,671289,239.42,2025-09-08,4,2,0,0,0,1,3,1,0,35,119,Unusable
Jacob Young,696285,239.49,2025-04-07,6,0,0,0,3,0,3,1,0,35,119,Unusable
Nolan Schanuel,694384,239.52,2025-09-15,2,1,0,1,1,0,2,3,0,35,126,Unusable
DJ LeMahieu,518934,239.58,2025-06-30,7,0,0,0,2,0,3,1,0,35,139,Unusable
Josh Smith,669701,239.59,2025-04-07,5,1,0,0,2,0,3,1,0,35,119,Unusable
Adam Frazier,624428,239.6,2025-09-01,1,1,0,1,2,0,3,2,0,35,142,Unusable
Adam Frazier,624428,239.6,2025-09-22,5,1,0,0,2,0,1,3,0,35,109,Unusable
Jonathan Aranda,666018,239.63,2025-05-05,8,0,0,0,1,0,3,1,0,35,144,Unusable
Ty France,664034,239.69,2025-06-09,4,0,0,1,1,0,3,2,0,35,147,Unusable
Dominic Canzone,686527,239.73,2025-06-30,5,1,0,1,0,0,1,1,0,35,139,Unusable
Oswaldo Cabrera,665828,239.74,2025-04-21,5,1,0,0,2,0,1,3,0,35,130,Unusable
Miguel Rojas,500743,239.78,2025-07-21,1,1,0,0,6,0,2,0,1,35,140,Unusable
Luis Rengifo,650859,239.81,2025-04-07,4,2,0,0,1,0,3,1,0,35,119,Unusable
Spencer Horwitz,687462,239.83,2025-06-30,3,1,0,1,0,0,1,4,0,35,139,Unusable
Gavin Sheets,657757,239.88,2025-05-26,1,0,0,1,4,0,2,3,0,35,131,Unusable
Elias Diaz,553869,239.91,2025-05-05,4,2,0,0,1,0,4,0,0,35,144,Unusable
Elias Diaz,553869,239.91,2025-06-09,0,1,0,1,3,0,4,1,0,35,147,Unusable
Alek Thomas,677950,239.91,2025-08-11,5,2,0,0,0,0,1,1,1,35,144,Unusable
Caleb Durbin,702332,239.92,2025-06-09,5,0,0,0,2,2,4,0,0,35,147,Unusable
Nick Gonzales,693304,239.92,2025-07-14,2,2,0,0,3,0,2,2,0,35,41,H4
Nolan Gorman,669357,239.92,2025-08-04,3,0,0,1,2,0,2,3,0,35,133,Unusable
Kyle Teel,691019,239.94,2025-09-08,3,0,0,1,2,0,2,3,0,35,119,Unusable
Jake Meyers,676694,239.95,2025-05-05,5,0,0,0,4,0,4,0,0,35,144,Unusable
Jake Meyers,676694,239.95,2025-06-09,4,1,0,0,3,0,2,0,1,35,147,Unusable
Hunter Goodman,696100,239.98,2025-07-07,1,0,1,1,2,0,2,2,0,35,137,Unusable
Starling Marte,516782,239.99,2025-07-21,3,3,0,0,2,0,1,0,0,35,140,Unusable
Starling Marte,516782,239.99,2025-08-25,3,0,0,0,3,1,5,2,0,35,151,Unusable
Starling Marte,516782,239.99,2025-09-15,3,1,0,1,0,0,3,2,0,35,126,Unusable
Jorge Polanco,593871,239.99,2025-09-15,4,2,0,0,1,0,2,2,0,35,126,Unusable
Ke'Bryan Hayes,663647,240,2025-08-25,3,0,0,1,2,0,2,3,0,35,151,Unusable
Nick Kurtz,701762,NA,2025-04-28,5,0,1,0,2,0,1,2,0,35,142,Unusable
Yoan Moncada,660162,NA,2025-07-07,3,0,0,1,2,0,3,2,0,35,137,Unusable
Christian Moore,695681,NA,2025-06-16,3,0,1,1,0,0,3,1,0,35,144,Unusable
Miguel Andujar,609280,NA,2025-08-18,2,3,0,0,1,0,2,2,0,35,137,Unusable
Otto Lopez,672640,NA,2025-05-19,3,0,0,0,4,0,2,1,2,35,132,Unusable
Otto Lopez,672640,NA,2025-09-08,7,0,0,0,0,0,2,3,1,35,119,Unusable
Gabriel Arias,672356,NA,2025-06-23,2,1,0,1,1,0,1,4,0,35,143,Unusable
Blake Dunn,694362,NA,2025-04-14,2,0,0,0,3,2,5,2,0,35,135,Unusable
David Hamilton,666152,NA,2025-08-18,3,0,1,0,2,0,4,0,1,35,137,Unusable
Colby Thomas,687515,NA,2025-08-04,2,0,0,1,1,0,2,4,1,35,133,Unusable
Trent Grisham,663757,NA,2025-06-23,2,2,0,0,3,0,3,1,0,35,143,Unusable
Angel Martinez,682657,NA,2025-08-04,1,1,0,1,1,1,3,2,0,35,133,Unusable
Ezequiel Duran,677649,NA,2025-08-04,7,1,0,0,0,0,2,2,0,35,133,Unusable
Ezequiel Duran,677649,NA,2025-09-01,3,2,0,0,2,0,2,0,1,35,142,Unusable
Jonah Heim,641680,NA,2025-05-05,3,0,0,1,1,1,3,2,0,35,144,Unusable
Jonah Heim,641680,NA,2025-06-30,3,2,0,0,2,0,2,2,0,35,139,Unusable
Miguel Amaya,665804,NA,2025-03-24,1,3,0,0,0,0,1,6,0,35,47,H4
Travis d'Arnaud,518595,NA,2025-06-23,2,1,0,1,1,0,1,4,0,35,143,Unusable
Luis Urias,649966,NA,2025-05-05,5,0,0,1,1,1,1,1,0,35,144,Unusable
Luis Urias,649966,NA,2025-05-26,2,2,0,0,3,0,2,2,0,35,131,Unusable
Jake Bauers,641343,NA,2025-09-08,2,1,0,1,1,0,3,2,0,35,119,Unusable
Jorge Mateo,622761,NA,2025-05-19,2,1,0,0,1,0,4,0,3,35,132,Unusable
Thomas Saggese,695336,NA,2025-08-18,5,0,0,0,2,0,3,2,1,35,137,Unusable
Jose Iglesias,578428,NA,2025-04-14,5,2,0,0,0,0,0,2,1,35,135,Unusable
Corbin Carroll,682998,6.36,2025-03-24,2,2,0,0,2,2,1,1,0,34,50,H5
Jose Ramirez,608070,8.37,2025-06-16,6,1,0,0,2,0,0,2,0,34,148,Unusable
Marcell Ozuna,542303,25.41,2025-05-05,3,1,0,0,5,0,1,1,0,34,154,Unusable
Marcell Ozuna,542303,25.41,2025-06-23,5,0,0,0,5,0,2,0,0,34,150,Unusable
Bryce Harper,547180,27.32,2025-04-21,1,1,0,0,5,0,1,2,1,34,133,Unusable
Anthony Santander,623993,32.63,2025-05-19,3,0,0,1,3,0,1,2,0,34,139,Unusable
Trea Turner,607208,35.91,2025-04-21,6,0,0,0,2,0,1,4,0,34,133,Unusable
Mike Trout,545361,36.46,2025-09-15,2,1,0,1,2,0,2,1,0,34,132,Unusable
Ian Happ,664023,38.05,2025-05-05,0,0,0,1,3,1,1,3,1,34,154,Unusable
Riley Greene,682985,44.7,2025-08-04,4,0,0,1,0,0,3,3,0,34,139,Unusable
Seiya Suzuki,673548,54.65,2025-08-11,3,1,0,0,3,0,3,2,0,34,147,Unusable
Ozzie Albies,645277,58.95,2025-07-07,2,1,0,1,2,0,2,1,0,34,141,Unusable
Junior Caminero,691406,65.87,2025-04-21,3,2,0,0,1,0,2,1,1,34,133,Unusable
Jurickson Profar,595777,69.27,2025-09-22,2,0,0,0,7,1,1,1,0,34,114,Unusable
Jasson Dominguez,691176,70.56,2025-05-12,2,1,0,0,4,0,1,2,1,34,138,Unusable
Jasson Dominguez,691176,70.56,2025-07-07,4,1,0,0,2,0,4,1,0,34,141,Unusable
Dylan Crews,686611,71.02,2025-05-05,0,1,0,1,1,1,3,3,0,34,154,Unusable
CJ Abrams,682928,79.08,2025-08-04,4,0,0,1,0,0,3,3,0,34,139,Unusable
CJ Abrams,682928,79.08,2025-08-18,2,0,0,1,1,1,4,2,0,34,142,Unusable
Spencer Steer,668715,80.57,2025-09-22,2,1,0,0,5,1,1,1,0,34,114,Unusable
Jose Altuve,514888,81.09,2025-07-14,2,2,0,0,2,0,4,1,0,34,43,H4
Steven Kwan,680757,82.5,2025-08-04,5,1,0,0,1,0,4,1,0,34,139,Unusable
Steven Kwan,680757,82.5,2025-08-25,4,1,0,0,2,0,2,3,0,34,153,Unusable
Matt Chapman,656305,93.14,2025-07-28,0,0,1,0,5,1,3,1,0,34,158,Unusable
Ezequiel Tovar,678662,111.22,2025-08-25,3,0,0,1,3,0,2,1,0,34,153,Unusable
Jake Burger,669394,115.47,2025-03-31,0,0,0,2,0,0,2,5,0,34,143,Unusable
Dansby Swanson,621020,124.49,2025-04-07,2,0,0,1,0,0,2,5,1,34,122,Unusable
Jung Hoo Lee,808982,132.35,2025-03-24,2,1,0,0,2,0,4,2,1,34,50,H5
Anthony Volpe,683011,135.32,2025-06-16,2,0,0,1,2,0,2,2,1,34,148,Unusable
Jackson Holliday,702616,135.54,2025-03-24,3,0,0,1,1,0,3,1,1,34,50,H5
Jackson Holliday,702616,135.54,2025-03-31,4,1,1,0,0,0,1,3,0,34,143,Unusable
Jackson Holliday,702616,135.54,2025-07-28,5,0,0,0,1,0,3,1,2,34,158,Unusable
Michael Toglia,669911,138.78,2025-04-28,1,1,0,1,3,0,1,2,0,34,146,Unusable
Alec Bohm,664761,148.29,2025-07-07,4,0,0,0,3,1,4,1,0,34,141,Unusable
Cal Raleigh,663728,152.19,2025-06-09,3,1,0,0,4,1,1,1,0,34,155,Unusable
Nolan Jones,666134,157.02,2025-07-28,2,1,0,0,3,1,3,2,0,34,158,Unusable
Jonathan India,663697,164.42,2025-06-16,2,1,0,1,0,0,2,4,0,34,148,Unusable
Xavier Edwards,669364,165.36,2025-06-09,6,0,0,0,4,0,1,1,0,34,155,Unusable
TJ Friedl,670770,168.11,2025-04-28,4,0,0,0,2,0,3,1,2,34,146,Unusable
Luis Arraez,650333,168.81,2025-05-12,7,1,0,0,1,0,2,0,0,34,138,Unusable
Ryan McMahon,641857,172.9,2025-04-07,2,1,0,1,2,0,2,1,0,34,122,Unusable
Ryan McMahon,641857,172.9,2025-04-14,1,1,0,0,7,0,2,0,0,34,139,Unusable
Brendan Donovan,680977,177.69,2025-05-05,2,3,0,0,2,0,2,0,0,34,154,Unusable
Willson Contreras,575929,182.14,2025-04-14,4,1,0,0,2,0,2,1,1,34,139,Unusable
Daulton Varsho,662139,183.34,2025-05-19,0,0,1,1,0,0,2,6,0,34,139,Unusable
Lars Nootbaar,663457,186.05,2025-09-08,5,1,0,0,3,0,0,2,0,34,125,Unusable
Tommy Edman,669242,186.13,2025-06-02,4,1,0,0,0,0,3,3,1,34,132,Unusable
Zach Neto,687263,202.06,2025-06-23,3,0,0,1,0,1,2,2,1,34,150,Unusable
Bryson Stott,681082,202.3,2025-07-28,3,1,0,0,3,0,1,2,1,34,158,Unusable
Jake McCarthy,664983,205.86,2025-09-08,3,1,1,0,0,1,0,4,0,34,125,Unusable
Josh Jung,673962,208.9,2025-08-04,3,0,0,1,1,0,2,4,0,34,139,Unusable
Josh Jung,673962,208.9,2025-08-18,3,0,0,1,1,0,4,2,0,34,142,Unusable
Carlos Correa,621043,209.38,2025-04-21,5,1,0,0,1,0,2,3,0,34,133,Unusable
Carlos Correa,621043,209.38,2025-07-07,4,3,0,0,0,0,1,1,0,34,141,Unusable
Xander Bogaerts,593428,211.87,2025-06-30,6,1,0,0,2,0,2,0,0,34,143,Unusable
Alec Burleson,676475,219.26,2025-05-19,4,2,0,0,2,0,2,0,0,34,139,Unusable
Alec Burleson,676475,219.26,2025-08-25,3,1,0,1,1,0,2,1,0,34,153,Unusable
Michael Busch,683737,226.9,2025-06-09,1,2,0,1,1,0,2,1,0,34,155,Unusable
Andy Pages,681624,228.33,2025-04-07,1,0,0,2,1,0,2,2,0,34,122,Unusable
Jake Cronenworth,630105,229.63,2025-06-02,6,0,0,0,3,1,1,1,0,34,132,Unusable
Brice Turang,668930,230.59,2025-09-08,3,0,0,1,1,0,2,2,1,34,125,Unusable
Brandon Marsh,669016,230.99,2025-05-26,1,0,0,1,3,0,2,2,1,34,134,Unusable
Austin Wells,669224,234.46,2025-09-15,4,1,0,0,2,0,3,2,0,34,132,Unusable
Ryan Mountcastle,663624,234.73,2025-04-28,2,1,0,1,0,0,2,4,0,34,146,Unusable
Colt Keith,690993,235.65,2025-08-18,1,1,0,1,1,0,2,2,1,34,142,Unusable
Sal Frelick,686217,236.71,2025-05-12,4,0,0,1,0,0,1,3,1,34,138,Unusable
Trevor Larnach,663616,237.16,2025-08-04,1,0,0,2,0,1,2,2,0,34,139,Unusable
Carlos Santana,467793,237.36,2025-08-04,2,1,0,0,2,0,3,5,0,34,139,Unusable
Giancarlo Stanton,519317,238.16,2025-09-01,1,0,0,2,1,0,2,2,0,34,145,Unusable
Hyeseong Kim,808975,238.24,2025-07-07,4,1,0,0,0,0,1,1,3,34,141,Unusable
Tommy Pham,502054,238.55,2025-09-08,0,0,0,1,6,0,2,1,0,34,125,Unusable
Pavin Smith,656976,239.18,2025-06-16,1,0,0,1,3,0,2,4,0,34,148,Unusable
Josh Smith,669701,239.59,2025-06-02,5,1,0,0,1,0,3,0,1,34,132,Unusable
Adam Frazier,624428,239.6,2025-06-09,6,0,0,0,0,0,3,3,1,34,155,Unusable
Maikel Garcia,672580,239.72,2025-07-07,3,2,0,0,1,0,4,1,0,34,141,Unusable
Sean Murphy,669221,239.72,2025-05-26,2,0,0,1,4,0,1,2,0,34,134,Unusable
Dominic Canzone,686527,239.73,2025-07-07,6,2,0,0,0,0,1,1,0,34,141,Unusable
Ryan O'Hearn,656811,239.89,2025-03-24,4,2,0,0,2,0,2,0,0,34,50,H5
Alek Thomas,677950,239.91,2025-04-07,2,0,1,0,1,1,2,3,1,34,122,Unusable
Nolan Gorman,669357,239.92,2025-07-07,2,0,0,1,2,0,4,2,0,34,141,Unusable
Brooks Lee,686797,239.95,2025-08-04,4,0,0,1,2,0,2,1,0,34,139,Unusable
Colson Montgomery,695657,239.98,2025-08-11,2,1,0,1,0,0,3,3,0,34,147,Unusable
Starling Marte,516782,239.99,2025-06-30,6,1,0,0,0,0,2,1,1,34,143,Unusable
Starling Marte,516782,239.99,2025-08-04,0,1,0,2,0,0,2,2,0,34,139,Unusable
Davis Schneider,676914,239.99,2025-09-08,1,0,0,1,3,0,2,2,1,34,125,Unusable
Harrison Bader,664056,239.99,2025-07-07,3,0,0,1,1,0,2,2,1,34,141,Unusable
Harrison Bader,664056,239.99,2025-08-04,2,0,0,1,1,1,3,3,0,34,139,Unusable
Jorge Polanco,593871,239.99,2025-03-31,3,0,0,1,1,0,1,5,0,34,143,Unusable
Jorge Polanco,593871,239.99,2025-06-02,5,1,0,0,1,0,2,1,1,34,132,Unusable
Jorge Polanco,593871,239.99,2025-08-18,2,0,0,1,2,0,3,1,1,34,142,Unusable
Geraldo Perdomo,672695,240,2025-03-24,4,1,0,0,0,0,1,5,1,34,50,H5
Ke'Bryan Hayes,663647,240,2025-05-26,3,0,0,0,3,0,3,3,1,34,134,Unusable
Miguel Vargas,678246,NA,2025-07-28,4,0,0,1,0,0,3,3,0,34,158,Unusable
Gabriel Moreno,672515,NA,2025-08-18,2,1,0,1,0,0,2,4,0,34,142,Unusable
Yoan Moncada,660162,NA,2025-03-31,1,2,0,0,3,0,3,2,0,34,143,Unusable
Matt Mervis,670223,NA,2025-04-14,0,1,0,1,3,1,2,1,0,34,139,Unusable
Orlando Arcia,606115,NA,2025-07-28,3,1,0,1,1,0,1,2,0,34,158,Unusable
Otto Lopez,672640,NA,2025-06-30,2,0,0,1,2,0,2,4,0,34,143,Unusable
Otto Lopez,672640,NA,2025-07-28,6,0,0,0,1,1,2,1,1,34,158,Unusable
Ivan Herrera,671056,NA,2025-07-28,4,1,0,0,2,2,2,0,0,34,158,Unusable
Mickey Moniak,666160,NA,2025-06-09,2,1,0,1,2,0,2,1,0,34,155,Unusable
Mickey Moniak,666160,NA,2025-08-11,4,0,0,1,0,0,2,4,0,34,147,Unusable
Gabriel Arias,672356,NA,2025-06-02,3,3,0,0,0,1,1,1,0,34,132,Unusable
Mauricio Dubon,643289,NA,2025-08-04,4,2,0,0,0,0,3,2,0,34,139,Unusable
Kyle Stowers,669065,NA,2025-03-24,4,0,0,0,3,1,1,2,1,34,50,H5
Weston Wilson,642215,NA,2025-08-04,3,0,0,1,1,0,3,3,0,34,139,Unusable
Jacob Stallings,607732,NA,2025-04-14,1,1,0,0,3,2,3,2,0,34,139,Unusable
Trey Sweeney,700242,NA,2025-04-21,3,0,0,0,5,0,5,0,0,34,133,Unusable
Ramon Laureano,657656,NA,2025-08-18,7,0,0,0,1,0,2,3,0,34,142,Unusable
Alejandro Kirk,672386,NA,2025-04-07,2,1,0,1,2,0,1,2,0,34,122,Unusable
Alejandro Kirk,672386,NA,2025-05-05,7,1,0,0,1,0,1,1,0,34,154,Unusable
Alejandro Kirk,672386,NA,2025-05-12,4,0,0,1,0,0,1,5,0,34,138,Unusable
Dylan Carlson,666185,NA,2025-06-02,3,0,0,1,3,0,1,2,0,34,132,Unusable
Ramon Urias,602104,NA,2025-06-02,3,1,0,0,3,0,4,1,0,34,132,Unusable
Kyle Farmer,571657,NA,2025-03-31,3,3,0,0,1,0,1,1,0,34,143,Unusable
Dominic Fletcher,666150,NA,2025-09-22,1,1,0,1,1,0,2,2,1,34,114,Unusable
Tyler Wade,642180,NA,2025-04-21,2,1,1,0,4,0,1,0,0,34,133,Unusable
Richie Palacios,680700,NA,2025-09-08,2,0,0,1,2,0,2,2,1,34,125,Unusable
Shohei Ohtani,660271,1.11,2025-03-17,1,1,0,1,2,0,3,1,0,33,1,H1
Elly De La Cruz,682829,5.23,2025-09-08,4,0,0,0,1,0,1,2,3,33,131,Unusable
Kyle Schwarber,656941,12.34,2025-04-21,2,1,0,0,4,1,1,2,0,33,139,Unusable
Jackson Chourio,694192,13.9,2025-09-15,4,1,0,0,1,0,4,2,0,33,134,Unusable
Marcell Ozuna,542303,25.41,2025-03-24,2,0,0,0,7,0,1,2,0,33,56,H5
Trea Turner,607208,35.91,2025-07-07,2,1,0,0,3,0,1,1,2,33,150,Unusable
Mike Trout,545361,36.46,2025-07-28,2,1,0,0,4,1,3,0,0,33,166,Unusable
Mike Trout,545361,36.46,2025-09-01,2,1,0,0,4,1,3,0,0,33,146,Unusable
Ketel Marte,606466,37.6,2025-05-26,4,0,0,0,4,1,2,1,0,33,137,Unusable
Ian Happ,664023,38.05,2025-06-30,0,1,0,0,7,0,1,2,0,33,146,Unusable
Michael Harris II,671739,42.59,2025-05-19,3,1,0,0,0,0,0,5,2,33,142,Unusable
Brandon Nimmo,607043,51.96,2025-07-14,3,1,0,0,2,0,3,1,1,33,44,H4
Seiya Suzuki,673548,54.65,2025-04-14,1,0,0,2,0,0,2,3,0,33,143,Unusable
Seiya Suzuki,673548,54.65,2025-09-01,4,0,0,0,3,0,3,1,1,33,146,Unusable
Alex Bregman,608324,60.11,2025-04-07,4,1,0,0,1,2,1,2,0,33,127,Unusable
Nick Castellanos,592206,65.98,2025-04-21,3,2,0,0,1,1,2,1,0,33,139,Unusable
Nick Castellanos,592206,65.98,2025-09-08,2,2,0,0,1,0,2,4,0,33,131,Unusable
Jurickson Profar,595777,69.27,2025-09-01,1,2,0,1,0,0,3,1,0,33,146,Unusable
Jasson Dominguez,691176,70.56,2025-05-26,3,1,0,0,2,0,1,1,2,33,137,Unusable
Jasson Dominguez,691176,70.56,2025-06-16,3,0,0,0,4,0,3,1,1,33,152,Unusable
Jasson Dominguez,691176,70.56,2025-08-25,1,1,0,1,0,0,2,5,0,33,156,Unusable
Jose Altuve,514888,81.09,2025-08-18,4,2,0,0,1,0,3,0,0,33,148,Unusable
Taylor Ward,621493,83.15,2025-06-09,3,1,0,0,3,1,1,2,0,33,160,Unusable
Matt Chapman,656305,93.14,2025-07-07,4,1,0,0,1,0,5,1,0,33,150,Unusable
Matt Chapman,656305,93.14,2025-09-15,1,1,0,0,4,0,3,3,0,33,134,Unusable
Jorge Soler,624585,93.81,2025-05-26,3,0,0,1,2,0,2,2,0,33,137,Unusable
Heliot Ramos,671218,108.52,2025-08-18,2,1,0,1,0,1,1,3,0,33,148,Unusable
Jordan Westburg,676059,108.66,2025-04-14,0,2,0,1,1,0,3,1,0,33,143,Unusable
Paul Goldschmidt,502671,117.94,2025-03-31,5,1,0,0,2,0,2,1,0,33,148,Unusable
Matt Wallner,670242,122.55,2025-06-16,2,1,0,1,1,0,2,2,0,33,152,Unusable
Jung Hoo Lee,808982,132.35,2025-06-30,3,1,1,0,0,0,3,2,0,33,146,Unusable
Anthony Volpe,683011,135.32,2025-06-09,4,2,0,0,1,0,1,2,0,33,160,Unusable
Ceddanne Rafaela,678882,156.21,2025-08-18,1,2,0,0,1,1,3,1,1,33,148,Unusable
Ceddanne Rafaela,678882,156.21,2025-09-01,2,0,0,1,0,1,3,4,0,33,146,Unusable
Xavier Edwards,669364,165.36,2025-03-24,2,1,0,0,3,0,2,2,1,33,56,H5
Luis Arraez,650333,168.81,2025-05-19,1,3,1,0,0,0,1,1,0,33,142,Unusable
Luis Arraez,650333,168.81,2025-08-25,4,1,0,0,1,0,2,2,1,33,156,Unusable
Ryan McMahon,641857,172.9,2025-09-22,2,0,0,1,2,1,3,1,0,33,117,Unusable
Lars Nootbaar,663457,186.05,2025-06-02,4,0,0,0,4,1,3,0,0,33,139,Unusable
Tommy Edman,669242,186.13,2025-03-24,1,0,0,2,0,0,3,2,0,33,56,H5
Jo Adell,666176,198.16,2025-07-14,1,0,0,2,0,0,2,3,0,33,44,H4
Bryson Stott,681082,202.3,2025-08-25,4,0,0,0,3,0,1,1,2,33,156,Unusable
Josh Jung,673962,208.9,2025-09-22,3,2,0,0,2,0,2,1,0,33,117,Unusable
Carlos Correa,621043,209.38,2025-07-28,4,0,0,1,1,0,3,1,0,33,166,Unusable
Jesus Sanchez,660821,210.78,2025-06-09,1,1,0,1,0,0,2,3,1,33,160,Unusable
Nico Hoerner,663538,212.11,2025-04-28,5,1,0,0,2,0,2,1,0,33,149,Unusable
Michael Busch,683737,226.9,2025-07-07,3,0,0,1,2,0,1,3,0,33,150,Unusable
Matt Shaw,807713,227.33,2025-09-01,3,1,0,0,4,0,0,1,1,33,146,Unusable
Jake Cronenworth,630105,229.63,2025-03-24,1,1,0,1,2,0,3,1,0,33,56,H5
Max Kepler,596146,234.12,2025-06-16,2,0,0,1,3,0,2,2,0,33,152,Unusable
Max Kepler,596146,234.12,2025-06-30,3,0,0,1,2,0,2,2,0,33,146,Unusable
Yainer Diaz,673237,234.25,2025-07-07,3,0,0,1,2,0,1,1,1,33,150,Unusable
Colt Keith,690993,235.65,2025-08-04,4,1,0,0,3,0,3,0,0,33,150,Unusable
Andrew McCutchen,457705,235.95,2025-06-23,6,0,0,0,1,0,3,3,0,33,152,Unusable
Connor Norby,681393,237.78,2025-08-25,1,2,0,0,2,0,3,3,0,33,156,Unusable
Josh Bell,605137,238,2025-08-11,3,0,0,1,2,0,2,2,0,33,150,Unusable
Masataka Yoshida,807799,238.11,2025-08-11,3,1,0,0,2,0,1,5,0,33,150,Unusable
Gavin Lux,666158,238.36,2025-05-12,4,2,0,0,1,0,2,1,0,33,142,Unusable
Gavin Lux,666158,238.36,2025-07-28,4,1,0,0,3,0,2,1,0,33,166,Unusable
Gavin Lux,666158,238.36,2025-08-04,4,2,0,0,1,0,3,0,0,33,150,Unusable
Andrew Benintendi,643217,238.69,2025-08-18,7,0,0,0,2,0,3,0,0,33,148,Unusable
Wenceel Perez,672761,238.7,2025-05-26,2,1,0,1,0,1,3,1,0,33,137,Unusable
Trevor Story,596115,238.76,2025-04-21,4,0,0,0,3,0,4,2,0,33,139,Unusable
Alex Verdugo,657077,238.85,2025-05-05,1,2,0,0,1,1,3,1,1,33,159,Unusable
Coby Mayo,691723,239.19,2025-08-11,1,1,0,1,2,0,3,1,0,33,150,Unusable
Justin Turner,457759,239.35,2025-05-19,3,1,0,1,0,0,2,2,0,33,142,Unusable
Brett Baty,683146,239.56,2025-06-02,3,0,0,1,2,0,1,3,0,33,139,Unusable
Keibert Ruiz,660688,239.6,2025-04-21,3,2,0,0,2,0,1,2,0,33,139,Unusable
Jonathan Aranda,666018,239.63,2025-05-12,3,0,0,1,2,0,1,3,0,33,142,Unusable
Oswaldo Cabrera,665828,239.74,2025-05-05,0,2,0,0,3,0,3,3,0,33,159,Unusable
Luis Rengifo,650859,239.81,2025-09-08,4,0,0,0,1,0,1,4,2,33,131,Unusable
Tyler Stephenson,663886,239.91,2025-05-05,3,1,0,0,4,0,1,2,0,33,159,Unusable
Caleb Durbin,702332,239.92,2025-04-28,3,1,0,0,1,1,1,5,0,33,149,Unusable
Caleb Durbin,702332,239.92,2025-07-07,4,1,0,0,2,1,2,1,0,33,150,Unusable
Nick Gonzales,693304,239.92,2025-07-07,2,0,0,1,3,0,2,2,0,33,150,Unusable
Nick Gonzales,693304,239.92,2025-08-18,6,1,0,0,1,0,3,0,0,33,148,Unusable
Jake Meyers,676694,239.95,2025-03-31,0,2,0,0,3,0,2,0,2,33,148,Unusable
Starling Marte,516782,239.99,2025-04-28,2,0,0,1,1,0,1,4,1,33,149,Unusable
Harrison Bader,664056,239.99,2025-04-21,2,1,0,0,3,2,3,0,0,33,139,Unusable
Harrison Bader,664056,239.99,2025-07-14,0,1,0,1,2,1,2,2,0,33,44,H4
Jorge Polanco,593871,239.99,2025-06-16,3,1,0,0,2,0,3,1,1,33,152,Unusable
Jorge Polanco,593871,239.99,2025-08-04,4,0,0,0,3,0,2,2,1,33,150,Unusable
Michael Massey,686681,239.99,2025-04-28,3,1,0,1,0,0,1,3,0,33,149,Unusable
Michael Massey,686681,239.99,2025-08-25,5,2,0,0,0,0,1,2,0,33,156,Unusable
Ke'Bryan Hayes,663647,240,2025-07-21,5,1,0,0,0,0,3,3,0,33,146,Unusable
Dane Myers,667472,240,2025-03-24,3,2,0,0,0,0,2,2,1,33,56,H5
Patrick Bailey,672275,240,2025-06-23,1,1,1,0,1,1,1,4,0,33,152,Unusable
Miguel Vargas,678246,NA,2025-03-31,2,1,0,0,4,1,2,1,0,33,148,Unusable
Gabriel Moreno,672515,NA,2025-05-05,3,0,0,1,0,0,1,4,1,33,159,Unusable
Enrique Hernandez,571771,NA,2025-03-31,0,0,0,2,1,0,2,3,0,33,148,Unusable
Miguel Andujar,609280,NA,2025-09-22,7,1,0,0,0,0,2,1,0,33,117,Unusable
Otto Lopez,672640,NA,2025-04-07,0,3,0,0,3,0,2,1,0,33,127,Unusable
Otto Lopez,672640,NA,2025-04-14,3,2,0,0,2,0,2,1,0,33,143,Unusable
Luis Matos,682641,NA,2025-04-28,1,1,0,1,2,0,3,1,0,33,149,Unusable
Randal Grichuk,545341,NA,2025-05-26,3,0,0,1,2,0,2,2,0,33,137,Unusable
Tyrone Taylor,621438,NA,2025-05-05,2,1,1,0,1,0,3,0,1,33,159,Unusable
Tyrone Taylor,621438,NA,2025-05-19,7,0,0,0,1,1,1,2,0,33,142,Unusable
Everson Pereira,677592,NA,2025-08-25,2,0,0,1,1,0,3,4,0,33,156,Unusable
Kameron Misner,670224,NA,2025-05-26,2,1,0,0,3,0,1,3,1,33,137,Unusable
Kyle Stowers,669065,NA,2025-03-31,2,0,0,1,3,0,2,2,0,33,148,Unusable
Trent Grisham,663757,NA,2025-06-09,4,1,0,0,3,0,2,1,0,33,160,Unusable
Trent Grisham,663757,NA,2025-07-21,4,1,0,0,2,1,2,1,0,33,146,Unusable
Kyle Higashioka,543309,NA,2025-04-14,3,1,0,1,0,0,1,3,0,33,143,Unusable
Jonah Heim,641680,NA,2025-04-07,3,0,0,1,0,0,1,4,1,33,127,Unusable
Zach McKinstry,656716,NA,2025-04-28,3,2,0,0,0,0,2,2,1,33,149,Unusable
Rowdy Tellez,642133,NA,2025-08-11,2,0,0,1,3,0,3,1,0,33,150,Unusable
David Fry,681807,NA,2025-07-14,1,1,0,1,0,0,1,6,0,33,44,H4
Edmundo Sosa,624641,NA,2025-05-19,4,0,0,1,1,0,2,2,0,33,142,Unusable
Alejandro Kirk,672386,NA,2025-06-30,3,0,0,0,6,0,1,2,0,33,146,Unusable
Derek Hill,656537,NA,2025-05-12,2,0,0,1,1,0,3,2,1,33,142,Unusable
Jason Heyward,518792,NA,2025-04-07,4,0,0,1,1,0,2,2,0,33,127,Unusable
Sam Hilliard,656541,NA,2025-06-16,1,0,0,1,2,0,2,1,2,33,152,Unusable
Gio Urshela,570482,NA,2025-07-21,3,2,0,0,2,0,2,1,0,33,146,Unusable
Gio Urshela,570482,NA,2025-08-04,5,2,0,0,0,0,1,2,0,33,150,Unusable
Pedro Pages,686780,NA,2025-06-02,3,0,0,1,2,0,2,2,0,33,139,Unusable
Aaron Judge,592450,2.1,2025-07-14,2,0,0,1,2,0,4,1,0,32,48,H4
Yordan Alvarez,670541,9.59,2025-09-08,5,2,0,0,1,0,1,0,0,32,134,Unusable
Julio Rodriguez,677594,14.08,2025-06-30,2,1,0,0,2,0,2,1,2,32,150,Unusable
Matt Olson,621566,21.79,2025-09-22,1,1,0,1,1,0,3,2,0,32,120,Unusable
Anthony Santander,623993,32.63,2025-05-05,4,0,0,1,0,0,1,4,0,32,164,Unusable
Rafael Devers,646240,35.39,2025-04-07,3,2,0,0,3,0,0,1,0,32,131,Unusable
Mike Trout,545361,36.46,2025-04-21,1,0,1,1,1,0,2,2,0,32,144,Unusable
Mike Trout,545361,36.46,2025-08-25,1,2,0,0,3,0,2,2,0,32,162,Unusable
Ketel Marte,606466,37.6,2025-08-18,4,1,0,0,2,0,2,2,0,32,153,Unusable
Nick Castellanos,592206,65.98,2025-09-15,3,0,0,1,1,0,1,4,0,32,136,Unusable
Dylan Crews,686611,71.02,2025-04-28,2,0,0,0,3,1,1,0,3,32,155,Unusable
Christian Walker,572233,74.01,2025-05-26,2,0,0,1,1,1,2,3,0,32,143,Unusable
Christian Walker,572233,74.01,2025-06-02,3,0,0,1,1,0,2,3,0,32,142,Unusable
Willy Adames,642715,76.34,2025-04-07,2,1,0,0,4,0,4,0,0,32,131,Unusable
Jose Altuve,514888,81.09,2025-06-23,2,0,0,1,2,0,3,2,0,32,154,Unusable
Jose Altuve,514888,81.09,2025-09-22,3,1,0,0,3,0,2,2,0,32,120,Unusable
Steven Kwan,680757,82.5,2025-03-31,6,0,0,0,2,0,4,0,0,32,153,Unusable
Josh Naylor,647304,89.6,2025-06-23,1,1,0,1,1,0,1,4,0,32,154,Unusable
Matt Chapman,656305,93.14,2025-09-22,2,2,0,0,2,0,3,1,0,32,120,Unusable
Jorge Soler,624585,93.81,2025-05-05,3,1,0,0,3,0,1,3,0,32,164,Unusable
Heliot Ramos,671218,108.52,2025-06-23,3,2,0,0,2,1,0,1,0,32,154,Unusable
Vinnie Pasquantino,686469,131.56,2025-04-21,2,0,0,1,2,0,3,2,0,32,144,Unusable
Cedric Mullins,656775,133.6,2025-06-23,2,1,0,0,2,0,3,4,0,32,154,Unusable
Alec Bohm,664761,148.29,2025-04-28,4,1,0,0,1,1,2,2,0,32,155,Unusable
Nolan Jones,666134,157.02,2025-05-05,0,1,0,1,2,0,2,1,1,32,164,Unusable
Jonathan India,663697,164.42,2025-06-09,2,1,0,1,2,0,1,1,0,32,164,Unusable
Nathaniel Lowe,663993,192.46,2025-07-21,2,1,0,0,4,0,4,0,0,32,149,Unusable
Bryson Stott,681082,202.3,2025-09-22,4,0,0,1,0,0,2,1,1,32,120,Unusable
Carlos Correa,621043,209.38,2025-04-28,6,1,0,0,0,0,3,1,0,32,155,Unusable
Carlos Correa,621043,209.38,2025-06-09,4,2,0,0,0,0,2,2,0,32,164,Unusable
Jesus Sanchez,660821,210.78,2025-09-08,0,0,0,0,4,0,3,1,3,32,134,Unusable
Wilyer Abreu,677800,217.36,2025-04-07,2,1,0,0,4,0,2,0,1,32,131,Unusable
Alec Burleson,676475,219.26,2025-03-31,5,1,0,0,1,0,3,1,0,32,153,Unusable
Alec Burleson,676475,219.26,2025-09-22,5,1,0,0,1,0,1,3,0,32,120,Unusable
Shea Langeliers,669127,226.05,2025-04-07,2,2,0,0,2,0,3,1,0,32,131,Unusable
Matt Shaw,807713,227.33,2025-03-24,1,1,0,1,1,0,4,1,0,32,61,H6
Jake Cronenworth,630105,229.63,2025-05-19,1,1,0,1,3,0,1,1,0,32,147,Unusable
Brandon Marsh,669016,230.99,2025-05-05,3,2,0,0,1,0,2,2,0,32,164,Unusable
Colt Keith,690993,235.65,2025-05-12,2,2,0,0,2,0,4,0,0,32,145,Unusable
Andrew McCutchen,457705,235.95,2025-09-15,4,0,0,0,4,0,2,2,0,32,136,Unusable
Andrew Vaughn,683734,236.76,2025-04-28,5,1,0,0,1,0,1,3,0,32,155,Unusable
Joey Ortiz,687401,237.06,2025-07-14,2,1,0,1,0,0,3,2,0,32,48,H4
Trevor Larnach,663616,237.16,2025-07-28,4,0,0,0,4,0,1,3,0,32,169,Unusable
Trevor Larnach,663616,237.16,2025-08-25,6,0,0,0,2,0,1,3,0,32,162,Unusable
Trevor Larnach,663616,237.16,2025-09-08,2,1,0,0,4,0,2,2,0,32,134,Unusable
Tyler Fitzgerald,666149,237.85,2025-06-09,3,1,0,0,2,1,0,2,1,32,164,Unusable
Josh Bell,605137,238,2025-09-01,0,1,0,1,2,0,2,3,0,32,151,Unusable
Tyler Soderstrom,691016,238.1,2025-09-15,5,1,0,0,1,0,2,2,0,32,136,Unusable
Hyeseong Kim,808975,238.24,2025-06-02,4,0,1,0,0,0,0,2,2,32,142,Unusable
Gavin Lux,666158,238.36,2025-09-08,0,0,1,0,6,0,3,0,0,32,134,Unusable
Gavin Lux,666158,238.36,2025-09-22,3,2,0,0,1,0,2,2,0,32,120,Unusable
Tommy Pham,502054,238.55,2025-04-21,5,1,0,0,1,0,3,1,0,32,144,Unusable
Alex Verdugo,657077,238.85,2025-04-28,5,0,0,0,3,0,3,1,0,32,155,Unusable
Willi Castro,650489,239.25,2025-06-23,1,1,0,0,2,1,2,3,1,32,154,Unusable
Willi Castro,650489,239.25,2025-07-28,2,0,1,0,0,2,4,0,1,32,169,Unusable
Willi Castro,650489,239.25,2025-08-18,3,0,0,1,0,1,2,3,0,32,153,Unusable
Nolan Schanuel,694384,239.52,2025-04-28,4,1,0,0,2,0,3,1,0,32,155,Unusable
Brett Baty,683146,239.56,2025-07-14,3,0,0,1,1,0,2,1,1,32,48,H4
Jonny DeLuca,676356,239.58,2025-07-28,4,0,1,0,0,0,1,3,1,32,169,Unusable
Jonathan Aranda,666018,239.63,2025-06-30,5,1,0,0,1,0,1,3,0,32,150,Unusable
Ty France,664034,239.69,2025-03-31,4,1,0,0,1,1,2,2,0,32,153,Unusable
Sean Murphy,669221,239.72,2025-07-14,3,1,0,0,3,0,4,0,0,32,48,H4
Jeff McNeil,643446,239.75,2025-05-19,1,1,1,0,3,0,1,2,0,32,147,Unusable
Miguel Rojas,500743,239.78,2025-08-25,3,2,0,0,1,0,1,3,0,32,162,Unusable
Noelvi Marte,682622,239.78,2025-09-15,5,0,0,0,1,0,3,0,2,32,136,Unusable
Spencer Horwitz,687462,239.83,2025-05-26,4,1,0,0,2,0,2,2,0,32,143,Unusable
Spencer Horwitz,687462,239.83,2025-06-23,4,1,0,0,2,0,2,2,0,32,154,Unusable
Ryan O'Hearn,656811,239.89,2025-06-09,1,1,0,1,0,1,2,3,0,32,164,Unusable
Ryan O'Hearn,656811,239.89,2025-09-15,6,1,0,0,0,0,0,4,0,32,136,Unusable
Tyler Stephenson,663886,239.91,2025-07-14,1,1,0,1,1,0,2,3,0,32,48,H4
Alek Thomas,677950,239.91,2025-04-21,4,2,0,0,0,0,2,2,0,32,144,Unusable
Alek Thomas,677950,239.91,2025-06-02,4,0,0,1,0,0,3,2,0,32,142,Unusable
Alek Thomas,677950,239.91,2025-08-25,6,1,0,0,0,0,2,2,0,32,162,Unusable
Alexander Canario,672744,239.96,2025-04-07,1,0,0,1,3,0,4,1,0,32,131,Unusable
Alexander Canario,672744,239.96,2025-05-05,0,2,0,1,2,0,1,1,0,32,164,Unusable
Will Wagner,695238,239.98,2025-06-30,1,2,0,0,3,0,4,0,0,32,150,Unusable
Hunter Goodman,696100,239.98,2025-08-25,4,0,0,1,0,0,2,3,0,32,162,Unusable
Joey Loperfido,694388,239.98,2025-07-07,3,0,0,1,1,0,1,4,0,32,156,Unusable
Starling Marte,516782,239.99,2025-06-09,4,1,0,0,2,0,1,3,0,32,164,Unusable
Davis Schneider,676914,239.99,2025-07-28,4,0,0,0,2,0,2,3,1,32,169,Unusable
Geraldo Perdomo,672695,240,2025-05-26,3,0,0,0,2,1,3,4,0,32,143,Unusable
Geraldo Perdomo,672695,240,2025-06-02,1,1,0,1,1,0,3,2,0,32,142,Unusable
Dane Myers,667472,240,2025-05-05,6,0,0,0,0,0,2,1,2,32,164,Unusable
Dane Myers,667472,240,2025-06-02,2,3,0,0,1,1,0,1,0,32,142,Unusable
Patrick Bailey,672275,240,2025-03-31,1,2,0,0,3,0,3,1,0,32,153,Unusable
Miguel Vargas,678246,NA,2025-04-07,2,1,0,0,2,0,2,3,1,32,131,Unusable
Gabriel Moreno,672515,NA,2025-04-28,4,1,0,0,1,1,4,0,0,32,155,Unusable
Mitch Garver,641598,NA,2025-06-23,2,1,0,1,0,0,1,4,0,32,154,Unusable
Brayan Rocchio,677587,NA,2025-08-18,3,0,0,1,1,0,2,3,0,32,153,Unusable
Blake Perkins,663368,NA,2025-08-11,3,0,0,0,2,1,3,0,2,32,154,Unusable
Blake Perkins,663368,NA,2025-09-01,1,2,0,0,3,0,1,3,0,32,151,Unusable
Joey Bart,663698,NA,2025-07-28,2,0,0,0,5,1,2,2,0,32,169,Unusable
Miguel Andujar,609280,NA,2025-04-21,2,0,1,1,0,0,2,2,0,32,144,Unusable
Otto Lopez,672640,NA,2025-08-04,4,1,0,0,2,0,3,1,0,32,154,Unusable
Gabriel Arias,672356,NA,2025-09-01,3,0,0,1,1,0,2,3,0,32,151,Unusable
Gabriel Arias,672356,NA,2025-09-22,1,1,1,0,3,0,1,2,0,32,120,Unusable
Javier Baez,595879,NA,2025-08-04,4,1,0,0,0,0,3,2,1,32,154,Unusable
Ernie Clement,676391,NA,2025-05-19,3,0,0,0,4,1,3,1,0,32,147,Unusable
Kyle Isbel,664728,NA,2025-08-18,5,0,0,0,3,0,2,2,0,32,153,Unusable
Angel Martinez,682657,NA,2025-05-26,2,1,0,1,0,0,2,3,0,32,143,Unusable
Zach McKinstry,656716,NA,2025-06-16,3,0,0,1,1,0,1,2,1,32,157,Unusable
Rowdy Tellez,642133,NA,2025-09-15,3,0,0,1,1,0,2,3,0,32,136,Unusable
Alex Call,669743,NA,2025-06-09,4,1,0,0,1,1,3,1,0,32,164,Unusable
David Fry,681807,NA,2025-06-02,2,0,0,1,2,0,1,2,1,32,142,Unusable
Miguel Amaya,665804,NA,2025-04-21,3,0,0,1,1,0,3,2,0,32,144,Unusable
Alejandro Kirk,672386,NA,2025-07-21,1,4,0,0,1,0,0,1,0,32,149,Unusable
Agustin Ramirez,682663,NA,2025-05-19,3,0,0,1,1,0,4,1,0,32,147,Unusable
Andy Ibanez,628451,NA,2025-04-14,1,1,0,1,1,0,2,3,0,32,147,Unusable
Ramon Urias,602104,NA,2025-05-26,6,0,0,0,2,0,2,2,0,32,143,Unusable
Kyle Farmer,571657,NA,2025-08-11,4,0,0,1,0,0,2,3,0,32,154,Unusable
Josh Rojas,668942,NA,2025-06-02,2,2,0,0,2,0,3,1,0,32,142,Unusable
Gio Urshela,570482,NA,2025-04-28,2,3,0,0,0,0,1,3,0,32,155,Unusable
Jake Bauers,641343,NA,2025-05-26,0,1,0,1,2,0,2,3,0,32,143,Unusable
Jake Bauers,641343,NA,2025-09-15,4,1,0,0,1,1,2,0,1,32,136,Unusable
Elly De La Cruz,682829,5.23,2025-06-30,6,0,0,0,1,0,2,3,0,31,153,Unusable
Gunnar Henderson,683002,12.24,2025-09-01,2,0,0,0,3,2,3,0,1,31,154,Unusable
Jackson Chourio,694192,13.9,2025-09-01,0,0,0,1,2,1,3,3,0,31,154,Unusable
Mookie Betts,605141,16.08,2025-04-21,3,1,0,0,2,0,3,2,0,31,150,Unusable
Brent Rooker,667670,20.89,2025-09-15,3,0,0,1,2,0,1,2,0,31,143,Unusable
Wyatt Langford,694671,24.34,2025-03-24,4,0,0,1,1,0,2,1,0,31,62,H6
Marcell Ozuna,542303,25.41,2025-04-28,3,1,0,0,3,1,1,1,0,31,163,Unusable
Teoscar Hernandez,606192,29.24,2025-03-24,0,1,0,1,1,0,1,5,0,31,62,H6
Teoscar Hernandez,606192,29.24,2025-05-26,4,1,0,0,1,0,4,1,0,31,149,Unusable
Mike Trout,545361,36.46,2025-07-14,2,2,0,0,1,0,2,3,0,31,53,H5
Lawrence Butler,671732,38.6,2025-06-16,5,0,0,1,0,0,1,2,0,31,158,Unusable
Bryan Reynolds,668804,42.05,2025-03-24,3,1,0,0,2,0,1,2,1,31,62,H6
Bryan Reynolds,668804,42.05,2025-06-09,1,1,1,0,2,0,1,3,0,31,170,Unusable
Riley Greene,682985,44.7,2025-04-14,5,0,0,0,2,0,2,3,0,31,148,Unusable
Cody Bellinger,641355,47.51,2025-08-04,4,0,0,0,3,0,2,1,1,31,156,Unusable
Ozzie Albies,645277,58.95,2025-03-31,4,1,0,0,1,0,3,2,0,31,157,Unusable
William Contreras,661388,61.55,2025-06-30,3,2,0,0,2,0,1,1,0,31,153,Unusable
Jasson Dominguez,691176,70.56,2025-07-21,2,0,0,1,0,1,2,2,1,31,151,Unusable
Willy Adames,642715,76.34,2025-07-14,1,0,0,2,0,0,2,2,0,31,53,H5
CJ Abrams,682928,79.08,2025-04-21,3,0,1,0,0,0,2,3,1,31,150,Unusable
Spencer Steer,668715,80.57,2025-05-05,2,1,0,0,3,0,3,0,1,31,170,Unusable
Steven Kwan,680757,82.5,2025-05-12,3,1,0,0,1,1,1,0,2,31,146,Unusable
Steven Kwan,680757,82.5,2025-07-28,6,0,0,0,1,0,4,1,0,31,174,Unusable
Matt McLain,680574,91.6,2025-06-23,4,0,0,0,2,1,4,1,0,31,161,Unusable
Matt Chapman,656305,93.14,2025-05-19,2,0,0,1,3,0,2,1,0,31,151,Unusable
Tyler O'Neill,641933,104.59,2025-09-22,3,0,0,1,2,0,1,2,0,31,127,Unusable
George Springer,543807,107.02,2025-03-24,3,1,0,0,2,0,1,2,1,31,62,H6
Heliot Ramos,671218,108.52,2025-09-01,6,0,0,0,0,1,4,1,0,31,154,Unusable
Jordan Westburg,676059,108.66,2025-06-16,3,1,0,0,2,0,3,0,1,31,158,Unusable
Adley Rutschman,668939,112.59,2025-05-12,3,2,0,0,1,1,2,0,0,31,146,Unusable
Matt Wallner,670242,122.55,2025-06-30,2,0,0,1,3,0,2,1,0,31,153,Unusable
Dansby Swanson,621020,124.49,2025-08-11,2,2,0,0,1,0,1,2,1,31,156,Unusable
Cedric Mullins,656775,133.6,2025-09-15,2,0,0,1,1,0,2,2,1,31,143,Unusable
Jackson Holliday,702616,135.54,2025-05-05,4,1,0,0,3,0,1,1,0,31,170,Unusable
Yandy Diaz,650490,154.91,2025-08-04,2,1,0,0,3,0,3,2,0,31,156,Unusable
Max Muncy,571970,161.48,2025-05-19,3,0,0,0,5,1,0,2,0,31,151,Unusable
Jonathan India,663697,164.42,2025-09-08,3,2,0,0,1,1,1,1,0,31,138,Unusable
TJ Friedl,670770,168.11,2025-08-11,3,1,0,0,1,1,5,0,0,31,156,Unusable
Royce Lewis,668904,168.33,2025-07-07,4,1,0,0,1,0,3,2,0,31,157,Unusable
Luis Arraez,650333,168.81,2025-09-08,7,0,0,0,0,0,2,1,1,31,138,Unusable
Ryan McMahon,641857,172.9,2025-05-12,3,1,0,0,4,0,2,0,0,31,146,Unusable
Lars Nootbaar,663457,186.05,2025-09-22,2,1,0,0,5,0,2,0,0,31,127,Unusable
Jo Adell,666176,198.16,2025-05-19,1,0,0,1,2,2,1,2,0,31,151,Unusable
Zach Neto,687263,202.06,2025-04-14,0,1,0,1,0,1,3,3,0,31,148,Unusable
Bryson Stott,681082,202.3,2025-04-28,4,0,0,0,1,0,3,1,2,31,163,Unusable
Carlos Correa,621043,209.38,2025-03-31,3,1,0,0,2,0,3,2,0,31,157,Unusable
Carlos Correa,621043,209.38,2025-07-14,2,1,0,0,5,0,1,1,0,31,53,H5
Carlos Correa,621043,209.38,2025-09-15,5,2,0,0,0,0,2,0,0,31,143,Unusable
Jesus Sanchez,660821,210.78,2025-07-21,4,0,0,1,1,0,1,2,0,31,151,Unusable
Will Smith,669257,215.77,2025-08-18,4,0,0,0,1,2,1,4,0,31,157,Unusable
Wilyer Abreu,677800,217.36,2025-05-19,2,1,0,1,1,0,2,1,0,31,151,Unusable
Michael Busch,683737,226.9,2025-05-12,4,0,0,0,1,2,2,1,1,31,146,Unusable
Yainer Diaz,673237,234.25,2025-05-12,3,1,0,1,0,0,2,1,0,31,146,Unusable
Austin Wells,669224,234.46,2025-08-18,1,0,0,2,0,0,2,2,0,31,157,Unusable
Colt Keith,690993,235.65,2025-06-09,3,2,0,0,2,0,1,1,0,31,170,Unusable
Colt Keith,690993,235.65,2025-06-23,4,0,1,0,0,1,3,1,0,31,161,Unusable
Andrew McCutchen,457705,235.95,2025-04-28,2,2,0,0,2,1,0,2,0,31,163,Unusable
Andrew Vaughn,683734,236.76,2025-08-25,5,0,0,0,2,0,2,3,0,31,167,Unusable
Kyle Manzardo,700932,237.05,2025-09-22,1,2,0,1,0,0,1,2,0,31,127,Unusable
Joey Ortiz,687401,237.06,2025-09-15,5,0,1,0,0,0,1,1,1,31,143,Unusable
Tyler Fitzgerald,666149,237.85,2025-04-07,4,1,0,0,1,0,0,1,2,31,137,Unusable
Spencer Torkelson,679529,237.98,2025-05-26,2,0,0,1,3,0,1,2,0,31,149,Unusable
Heston Kjerstad,677008,238.03,2025-05-12,2,0,0,1,2,1,2,1,0,31,146,Unusable
Masataka Yoshida,807799,238.11,2025-07-28,2,0,0,1,0,1,1,3,1,31,174,Unusable
Christopher Morel,666624,238.29,2025-04-14,3,1,0,0,2,0,3,2,0,31,148,Unusable
Christopher Morel,666624,238.29,2025-08-18,3,1,0,1,0,0,2,1,0,31,157,Unusable
Gavin Lux,666158,238.36,2025-09-15,5,2,0,0,0,0,1,1,0,31,143,Unusable
Wenceel Perez,672761,238.7,2025-08-25,3,2,0,0,2,0,0,2,0,31,167,Unusable
Myles Straw,664702,238.89,2025-04-14,1,0,0,1,2,0,3,1,1,31,148,Unusable
Willi Castro,650489,239.25,2025-06-16,3,0,0,0,3,1,5,0,0,31,158,Unusable
Jesse Winker,608385,239.37,2025-04-21,2,1,0,1,1,0,2,1,0,31,150,Unusable
Tyler Freeman,671289,239.42,2025-05-26,3,0,0,1,0,0,1,3,1,31,149,Unusable
Jacob Young,696285,239.49,2025-06-16,5,1,0,0,2,0,2,0,0,31,158,Unusable
Brett Baty,683146,239.56,2025-07-07,2,1,0,0,3,0,2,1,1,31,157,Unusable
Jeimer Candelario,600869,239.7,2025-04-14,0,1,0,1,3,0,2,1,0,31,148,Unusable
Sean Murphy,669221,239.72,2025-04-14,1,0,0,1,2,2,1,2,0,31,148,Unusable
Sean Murphy,669221,239.72,2025-07-28,1,1,0,0,6,0,1,1,0,31,174,Unusable
Casey Schmitt,669477,239.77,2025-09-15,2,0,0,1,3,0,2,1,0,31,143,Unusable
Noelvi Marte,682622,239.78,2025-04-28,3,0,1,0,2,0,2,2,0,31,163,Unusable
Luis Rengifo,650859,239.81,2025-08-25,3,0,0,0,4,0,1,0,2,31,167,Unusable
Jordan Lawlar,691783,239.81,2025-09-08,0,3,0,0,0,1,2,1,1,31,138,Unusable
Tyler Stephenson,663886,239.91,2025-08-04,0,2,0,1,1,0,1,2,0,31,156,Unusable
Nick Gonzales,693304,239.92,2025-06-09,7,0,0,0,2,0,2,0,0,31,170,Unusable
Nolan Gorman,669357,239.92,2025-06-02,2,1,0,1,1,0,1,2,0,31,149,Unusable
Alexander Canario,672744,239.96,2025-08-18,3,0,0,1,0,0,2,2,1,31,157,Unusable
Colson Montgomery,695657,239.98,2025-09-15,5,0,0,0,4,0,2,0,0,31,143,Unusable
Davis Schneider,676914,239.99,2025-09-15,4,0,0,0,5,0,2,0,0,31,143,Unusable
Harrison Bader,664056,239.99,2025-06-02,0,1,0,1,3,0,1,2,0,31,149,Unusable
Ke'Bryan Hayes,663647,240,2025-05-12,3,0,1,0,2,0,1,1,1,31,146,Unusable
Jack Suwinski,669261,NA,2025-08-11,0,1,0,1,2,1,2,1,0,31,156,Unusable
Jack Suwinski,669261,NA,2025-09-22,2,2,0,0,0,1,1,2,1,31,127,Unusable
Joey Bart,663698,NA,2025-03-24,4,0,0,0,2,1,2,1,1,31,62,H6
Otto Lopez,672640,NA,2025-07-14,1,2,0,0,2,0,1,4,0,31,53,H5
Luis Matos,682641,NA,2025-03-31,2,0,0,1,1,0,3,1,1,31,157,Unusable
Jacob Melton,689200,NA,2025-06-09,3,0,1,0,0,0,1,4,1,31,170,Unusable
Kyle Stowers,669065,NA,2025-08-04,5,0,0,0,4,0,2,0,0,31,156,Unusable
Addison Barger,680718,NA,2025-05-12,2,1,0,1,1,0,2,1,0,31,146,Unusable
Ernie Clement,676391,NA,2025-08-11,1,1,0,1,0,0,2,4,0,31,156,Unusable
Ernie Clement,676391,NA,2025-08-25,4,1,0,0,0,1,2,1,1,31,167,Unusable
Kyle Isbel,664728,NA,2025-04-28,3,0,0,1,0,0,2,2,1,31,163,Unusable
Kyle Isbel,664728,NA,2025-08-04,5,1,0,0,0,0,2,3,0,31,156,Unusable
Kyle Isbel,664728,NA,2025-08-11,2,0,0,1,3,0,1,2,0,31,156,Unusable
Angel Martinez,682657,NA,2025-09-08,1,1,0,1,2,0,2,1,0,31,138,Unusable
Zach McKinstry,656716,NA,2025-03-24,2,0,1,0,3,0,3,1,0,31,62,H6
Rowdy Tellez,642133,NA,2025-09-22,0,1,0,1,1,0,2,4,0,31,127,Unusable
Lenyn Sosa,672820,NA,2025-07-14,3,1,0,0,1,1,2,3,0,31,53,H5
David Fry,681807,NA,2025-08-04,1,1,0,1,0,0,2,4,0,31,156,Unusable
Henry Davis,680779,NA,2025-08-18,1,2,0,0,1,1,2,1,1,31,157,Unusable
Brandon Lockridge,663604,NA,2025-08-11,3,1,1,0,0,0,3,1,0,31,156,Unusable
Jose Caballero,676609,NA,2025-05-19,1,1,0,0,2,0,1,1,3,31,151,Unusable
Nick Fortes,663743,NA,2025-09-01,2,0,0,1,1,0,3,3,0,31,154,Unusable
Trey Sweeney,700242,NA,2025-08-18,1,0,1,1,0,0,2,3,0,31,157,Unusable
Dalton Rushing,687221,NA,2025-06-16,2,1,0,0,3,0,3,2,0,31,158,Unusable
Edmundo Sosa,624641,NA,2025-07-21,3,0,0,1,0,0,2,4,0,31,151,Unusable
Dylan Carlson,666185,NA,2025-05-19,2,1,0,1,1,0,1,2,0,31,151,Unusable
Dylan Moore,664238,NA,2025-04-21,1,0,0,1,2,0,4,2,0,31,150,Unusable
Travis d'Arnaud,518595,NA,2025-04-28,3,2,0,0,2,0,2,0,0,31,163,Unusable
Ramon Urias,602104,NA,2025-04-21,3,0,0,1,2,0,1,2,0,31,150,Unusable
Kyle Farmer,571657,NA,2025-07-28,1,0,0,1,1,1,5,1,0,31,174,Unusable
Luis Urias,649966,NA,2025-05-19,3,1,0,0,4,0,1,1,0,31,151,Unusable
Josh Rojas,668942,NA,2025-05-05,4,0,0,0,3,0,2,1,1,31,170,Unusable
Ronny Mauricio,677595,NA,2025-07-07,1,1,0,1,2,0,2,1,0,31,157,Unusable
Drew Waters,671221,NA,2025-04-14,3,1,0,0,2,0,2,1,1,31,148,Unusable
Jake Bauers,641343,NA,2025-03-24,0,1,0,1,1,0,1,3,1,31,62,H6
Jose Iglesias,578428,NA,2025-06-16,3,0,0,0,1,1,2,6,0,31,158,Unusable
Shohei Ohtani,660271,1.11,2025-08-25,4,0,0,0,4,0,2,1,0,30,171,Unusable
Corbin Carroll,682998,6.36,2025-06-16,0,1,1,0,3,1,2,0,0,30,164,Unusable
Corbin Carroll,682998,6.36,2025-07-21,2,2,0,0,0,0,2,2,1,30,154,Unusable
Jose Ramirez,608070,8.37,2025-06-30,2,0,0,1,2,0,1,1,1,30,156,Unusable
Gunnar Henderson,683002,12.24,2025-05-26,4,1,0,0,2,0,2,1,0,30,152,Unusable
Francisco Lindor,596019,17.8,2025-08-04,1,1,0,0,2,1,4,0,1,30,162,Unusable
Jackson Merrill,701538,22.38,2025-05-19,5,1,0,0,1,0,2,1,0,30,158,Unusable
Marcell Ozuna,542303,25.41,2025-04-14,2,0,0,1,2,0,3,1,0,30,155,Unusable
Freddie Freeman,518692,26.39,2025-07-07,2,2,0,0,2,0,1,2,0,30,160,Unusable
Bryce Harper,547180,27.32,2025-03-24,3,0,0,1,1,0,3,1,0,30,69,H6
Teoscar Hernandez,606192,29.24,2025-08-25,2,1,0,0,3,1,3,0,0,30,171,Unusable
Lawrence Butler,671732,38.6,2025-06-23,1,0,0,0,5,0,2,0,2,30,163,Unusable
Bryan Reynolds,668804,42.05,2025-05-12,2,0,0,1,2,0,1,3,0,30,154,Unusable
Adolis Garcia,666969,49.79,2025-05-19,1,1,0,1,1,0,1,3,0,30,158,Unusable
Brandon Nimmo,607043,51.96,2025-09-08,4,0,0,1,0,0,2,2,0,30,142,Unusable
Randy Arozarena,668227,53.57,2025-05-26,2,0,0,1,1,1,1,3,0,30,152,Unusable
Brenton Doyle,686668,56.73,2025-06-16,2,2,0,0,0,0,4,0,1,30,164,Unusable
Marcus Semien,543760,65.54,2025-05-12,3,0,0,0,4,1,1,0,1,30,154,Unusable
Colton Cowser,681297,70.73,2025-07-07,5,0,0,0,0,1,1,1,2,30,160,Unusable
Dylan Crews,686611,71.02,2025-08-11,2,1,0,0,2,0,2,2,1,30,162,Unusable
Christian Walker,572233,74.01,2025-04-14,1,1,0,1,0,1,2,2,0,30,155,Unusable
Spencer Steer,668715,80.57,2025-08-18,1,1,0,1,1,0,1,3,0,30,163,Unusable
Jose Altuve,514888,81.09,2025-05-05,2,2,0,0,2,0,3,0,0,30,173,Unusable
JJ Bleday,668709,111.18,2025-07-28,2,1,0,1,0,0,3,1,0,30,178,Unusable
Dansby Swanson,621020,124.49,2025-06-16,2,0,0,1,2,0,3,1,0,30,164,Unusable
Dansby Swanson,621020,124.49,2025-07-21,5,0,0,0,1,0,2,2,1,30,154,Unusable
Jung Hoo Lee,808982,132.35,2025-06-23,1,0,1,0,3,2,2,0,0,30,163,Unusable
Byron Buxton,621439,140.84,2025-05-12,1,0,0,1,3,0,3,1,0,30,154,Unusable
Byron Buxton,621439,140.84,2025-07-21,2,0,0,1,2,0,2,2,0,30,154,Unusable
Nolan Jones,666134,157.02,2025-06-23,2,1,0,0,2,0,2,2,1,30,163,Unusable
Max Muncy,571970,161.48,2025-03-31,3,2,0,0,1,0,1,2,0,30,160,Unusable
Max Muncy,691777,161.48,2025-04-07,4,2,0,0,0,0,1,2,0,30,138,Unusable
Michael Conforto,624424,163,2025-04-14,2,0,0,0,5,1,3,0,0,30,155,Unusable
TJ Friedl,670770,168.11,2025-08-18,5,0,0,0,3,0,1,2,0,30,163,Unusable
Luis Arraez,650333,168.81,2025-04-07,6,1,0,0,0,0,3,0,0,30,138,Unusable
Salvador Perez,521692,194.19,2025-04-28,4,2,0,0,0,0,1,2,0,30,169,Unusable
Jo Adell,666176,198.16,2025-03-31,2,1,0,0,1,1,2,4,0,30,160,Unusable
Bryson Stott,681082,202.3,2025-03-31,5,1,0,0,1,0,1,2,0,30,160,Unusable
Jesus Sanchez,660821,210.78,2025-09-01,1,0,0,1,3,0,3,1,0,30,158,Unusable
Xander Bogaerts,593428,211.87,2025-08-11,2,2,0,0,1,1,3,0,0,30,162,Unusable
Will Smith,669257,215.77,2025-03-17,1,1,0,0,5,0,2,1,0,30,2,H1
Will Smith,669257,215.77,2025-04-21,0,1,0,1,2,0,2,2,0,30,155,Unusable
Jordan Walker,691023,219.58,2025-05-12,2,0,0,1,0,0,2,3,1,30,154,Unusable
Nolan Arenado,571448,227.39,2025-04-28,5,1,0,0,1,0,1,2,0,30,169,Unusable
Parker Meadows,678009,227.67,2025-07-21,2,2,0,0,2,0,3,0,0,30,154,Unusable
Parker Meadows,678009,227.67,2025-09-15,1,1,1,0,3,0,0,0,1,30,151,Unusable
Jake Cronenworth,630105,229.63,2025-07-21,4,1,0,0,1,1,3,0,0,30,154,Unusable
Brandon Marsh,669016,230.99,2025-09-22,2,2,0,0,2,0,0,1,1,30,132,Unusable
Jordan Beck,687597,234.82,2025-07-21,4,1,0,0,2,0,1,2,0,30,154,Unusable
Sal Frelick,686217,236.71,2025-04-28,3,1,0,0,2,1,2,1,0,30,169,Unusable
Kyle Manzardo,700932,237.05,2025-04-21,1,1,0,1,1,0,2,2,0,30,155,Unusable
Carlos Santana,467793,237.36,2025-07-28,5,1,0,0,1,0,1,2,0,30,178,Unusable
Connor Norby,681393,237.78,2025-04-14,4,1,0,0,0,0,4,0,1,30,155,Unusable
Josh Bell,605137,238,2025-07-28,2,0,0,0,6,0,3,0,0,30,178,Unusable
Heston Kjerstad,677008,238.03,2025-03-31,4,1,0,0,0,0,3,3,0,30,160,Unusable
Jacob Wilson,805779,238.09,2025-06-30,3,2,0,0,1,0,1,2,0,30,156,Unusable
Tyler Soderstrom,691016,238.1,2025-06-23,5,0,0,0,3,0,1,2,0,30,163,Unusable
Gavin Lux,666158,238.36,2025-08-18,2,1,0,1,0,0,1,3,0,30,163,Unusable
Tommy Pham,502054,238.55,2025-09-01,2,2,0,0,0,0,2,4,0,30,158,Unusable
Andrew Benintendi,643217,238.69,2025-06-30,3,1,0,0,1,0,4,2,0,30,156,Unusable
Wenceel Perez,672761,238.7,2025-06-30,3,0,0,1,1,0,2,2,0,30,156,Unusable
Wenceel Perez,672761,238.7,2025-07-07,4,0,0,0,2,0,3,1,1,30,160,Unusable
Trevor Story,596115,238.76,2025-06-16,3,0,0,1,1,0,2,2,0,30,164,Unusable
Ben Rice,700250,239.01,2025-05-19,1,1,0,1,1,0,2,2,0,30,158,Unusable
Pavin Smith,656976,239.18,2025-03-24,1,3,0,0,1,0,2,1,0,30,69,H6
Pavin Smith,656976,239.18,2025-05-26,1,1,1,0,1,0,1,4,0,30,152,Unusable
Thairo Estrada,642731,239.19,2025-07-28,2,2,0,0,2,0,2,1,0,30,178,Unusable
Willi Castro,650489,239.25,2025-09-01,1,1,0,0,2,1,1,3,1,30,158,Unusable
Jacob Young,696285,239.49,2025-05-05,3,1,0,0,1,0,1,3,1,30,173,Unusable
Chas McCormick,676801,239.53,2025-07-21,4,1,0,0,0,0,3,1,1,30,154,Unusable
DJ LeMahieu,518934,239.58,2025-06-09,3,1,0,0,3,0,3,0,0,30,174,Unusable
Jeff McNeil,643446,239.75,2025-08-04,5,1,0,0,1,0,2,1,0,30,162,Unusable
Jarred Kelenic,672284,239.76,2025-04-07,1,1,0,0,5,0,3,0,0,30,138,Unusable
Miguel Rojas,500743,239.78,2025-06-16,1,1,0,1,1,0,2,2,0,30,164,Unusable
Jordan Lawlar,691783,239.81,2025-09-01,2,2,0,0,0,0,2,2,1,30,158,Unusable
Gavin Sheets,657757,239.88,2025-05-12,3,0,0,1,0,1,2,2,0,30,154,Unusable
Ryan O'Hearn,656811,239.89,2025-04-21,3,0,0,1,1,0,2,2,0,30,155,Unusable
Ryan O'Hearn,656811,239.89,2025-06-16,5,0,0,0,2,1,1,2,0,30,164,Unusable
Elias Diaz,553869,239.91,2025-08-25,0,0,0,2,0,0,2,3,0,30,171,Unusable
Tyler Stephenson,663886,239.91,2025-05-19,0,2,0,0,4,0,2,1,0,30,158,Unusable
Tyler Stephenson,663886,239.91,2025-06-30,4,1,0,0,2,0,3,0,0,30,156,Unusable
Nick Gonzales,693304,239.92,2025-06-30,3,2,0,0,1,0,2,1,0,30,156,Unusable
Nolan Gorman,669357,239.92,2025-06-30,2,0,0,1,2,0,2,2,0,30,156,Unusable
Will Wagner,695238,239.98,2025-07-14,1,2,0,0,1,0,2,4,0,30,58,H5
Hunter Goodman,696100,239.98,2025-07-21,5,1,0,0,1,0,1,2,0,30,154,Unusable
Colson Montgomery,695657,239.98,2025-06-30,4,0,1,0,2,0,0,2,0,30,156,Unusable
Starling Marte,516782,239.99,2025-04-07,2,1,0,0,1,1,0,4,1,30,138,Unusable
Starling Marte,516782,239.99,2025-05-19,5,0,0,0,2,1,2,1,0,30,158,Unusable
Jorge Polanco,593871,239.99,2025-03-24,4,0,0,1,0,0,1,3,0,30,69,H6
Dane Myers,667472,240,2025-06-16,3,1,0,0,2,1,1,2,0,30,164,Unusable
Nick Kurtz,701762,NA,2025-05-05,3,1,0,0,3,0,3,0,0,30,173,Unusable
Mitch Garver,641598,NA,2025-05-19,3,1,0,0,1,0,1,3,1,30,158,Unusable
Matt Mervis,670223,NA,2025-04-21,1,1,0,1,1,0,2,2,0,30,155,Unusable
Isaac Collins,686555,NA,2025-08-11,0,2,1,0,0,0,3,2,0,30,162,Unusable
Miguel Andujar,609280,NA,2025-03-31,5,1,0,0,1,0,2,1,0,30,160,Unusable
Miguel Andujar,609280,NA,2025-05-05,4,1,0,0,0,0,1,5,0,30,173,Unusable
Gabriel Arias,672356,NA,2025-06-16,1,1,0,1,1,0,2,2,0,30,164,Unusable
Randal Grichuk,545341,NA,2025-05-19,1,1,0,1,1,0,2,2,0,30,158,Unusable
Randal Grichuk,545341,NA,2025-08-11,2,2,0,0,2,0,2,1,0,30,162,Unusable
David Hamilton,666152,NA,2025-08-25,2,1,0,1,0,0,1,3,0,30,171,Unusable
Javier Baez,595879,NA,2025-03-31,4,2,0,0,0,0,0,3,0,30,160,Unusable
Javier Baez,595879,NA,2025-05-19,3,2,0,0,0,1,2,1,0,30,158,Unusable
Javier Baez,595879,NA,2025-08-11,4,2,0,0,0,0,1,2,0,30,162,Unusable
Kyle Isbel,664728,NA,2025-07-07,3,1,1,0,1,0,2,0,0,30,160,Unusable
Jonah Heim,641680,NA,2025-05-19,2,1,0,1,0,0,2,2,0,30,158,Unusable
Jonah Heim,641680,NA,2025-08-18,5,1,0,0,1,0,2,1,0,30,163,Unusable
Rowdy Tellez,642133,NA,2025-07-28,2,3,0,0,0,0,2,1,0,30,178,Unusable
Lenyn Sosa,672820,NA,2025-05-05,4,2,0,0,0,0,1,0,1,30,173,Unusable
Dalton Rushing,687221,NA,2025-05-12,3,1,0,0,1,0,4,2,0,30,154,Unusable
Ramon Laureano,657656,NA,2025-04-28,1,2,0,0,3,0,0,1,1,30,169,Unusable
Ramon Laureano,657656,NA,2025-09-08,1,1,0,0,3,0,2,4,0,30,142,Unusable
Agustin Ramirez,682663,NA,2025-06-02,3,0,0,1,1,0,2,2,0,30,151,Unusable
Dylan Moore,664238,NA,2025-05-19,2,0,0,1,2,0,1,1,1,30,158,Unusable
Ramon Urias,602104,NA,2025-03-31,6,0,0,0,2,0,1,2,0,30,160,Unusable
Kyle Farmer,571657,NA,2025-08-25,2,0,0,1,2,0,2,2,0,30,171,Unusable
Adrian Del Castillo,680728,NA,2025-09-22,1,0,0,1,3,0,1,3,0,30,132,Unusable
Tyler Wade,642180,NA,2025-04-14,5,0,0,0,3,0,2,1,0,30,155,Unusable
Jonatan Clase,682729,NA,2025-06-09,3,0,0,1,1,0,3,1,0,30,174,Unusable
Julio Rodriguez,677594,14.08,2025-06-16,3,1,0,0,2,0,3,1,0,29,172,Unusable
Julio Rodriguez,677594,14.08,2025-07-14,3,0,0,0,2,0,2,1,2,29,59,H5
Jarren Duran,680776,15.71,2025-03-24,3,1,0,0,1,1,0,0,2,29,72,H6
Mookie Betts,605141,16.08,2025-06-23,3,2,0,0,0,0,1,3,0,29,167,Unusable
Francisco Lindor,596019,17.8,2025-05-12,3,1,0,0,2,0,2,2,0,29,160,Unusable
Brent Rooker,667670,20.89,2025-03-24,3,0,0,1,0,0,2,3,0,29,72,H6
Teoscar Hernandez,606192,29.24,2025-08-18,1,1,0,1,0,0,2,3,0,29,167,Unusable
Pete Alonso,624413,29.95,2025-07-21,2,0,0,1,1,0,1,4,0,29,162,Unusable
Anthony Santander,623993,32.63,2025-03-31,3,1,0,0,4,0,1,0,0,29,167,Unusable
Mike Trout,545361,36.46,2025-08-18,4,1,0,0,3,0,1,0,0,29,167,Unusable
Brenton Doyle,686668,56.73,2025-06-23,1,1,0,1,0,0,3,2,0,29,167,Unusable
Ozzie Albies,645277,58.95,2025-08-04,3,1,0,0,2,0,1,1,1,29,164,Unusable
William Contreras,661388,61.55,2025-07-21,4,1,0,0,1,0,1,3,0,29,162,Unusable
Junior Caminero,691406,65.87,2025-05-12,2,0,0,1,1,0,1,4,0,29,160,Unusable
Willy Adames,642715,76.34,2025-05-05,3,1,0,0,1,1,3,1,0,29,178,Unusable
CJ Abrams,682928,79.08,2025-09-01,2,2,0,0,0,1,4,0,0,29,162,Unusable
Spencer Steer,668715,80.57,2025-03-31,1,0,0,1,2,0,2,3,0,29,167,Unusable
Matt McLain,680574,91.6,2025-08-04,5,0,0,0,2,0,1,1,1,29,164,Unusable
George Springer,543807,107.02,2025-04-14,1,2,0,0,2,0,3,1,0,29,160,Unusable
Ezequiel Tovar,678662,111.22,2025-07-14,3,0,0,1,0,0,2,3,0,29,59,H5
Jake Burger,669394,115.47,2025-04-28,3,1,0,0,1,1,3,1,0,29,173,Unusable
Paul Goldschmidt,502671,117.94,2025-06-16,0,1,0,1,1,0,4,1,0,29,172,Unusable
Dansby Swanson,621020,124.49,2025-03-24,2,0,0,1,1,0,2,1,1,29,72,H6
Vinnie Pasquantino,686469,131.56,2025-04-14,3,1,0,0,2,0,1,3,0,29,160,Unusable
Jung Hoo Lee,808982,132.35,2025-04-28,4,0,0,0,0,1,3,4,0,29,173,Unusable
Jung Hoo Lee,808982,132.35,2025-05-26,5,0,0,0,1,1,0,0,2,29,155,Unusable
Gleyber Torres,650402,147.51,2025-03-24,2,0,0,1,1,0,2,1,1,29,72,H6
Nolan Jones,666134,157.02,2025-04-07,1,1,0,0,4,0,1,1,1,29,142,Unusable
Masyn Winn,691026,166.08,2025-09-01,4,0,0,0,2,1,3,1,0,29,162,Unusable
Luis Arraez,650333,168.81,2025-08-18,3,2,0,0,0,0,1,1,1,29,167,Unusable
Willson Contreras,575929,182.14,2025-05-26,3,1,0,0,1,1,1,3,0,29,155,Unusable
Daulton Varsho,662139,183.34,2025-05-05,1,1,0,1,0,0,1,4,0,29,178,Unusable
Lars Nootbaar,663457,186.05,2025-04-07,2,0,0,0,5,0,0,0,2,29,142,Unusable
Lars Nootbaar,663457,186.05,2025-09-01,6,0,0,0,1,0,3,1,0,29,162,Unusable
Nathaniel Lowe,663993,192.46,2025-07-07,2,0,0,1,1,0,2,3,0,29,164,Unusable
Zach Neto,687263,202.06,2025-05-26,4,0,0,1,1,0,1,1,0,29,155,Unusable
Josh Jung,673962,208.9,2025-05-26,5,0,0,0,0,0,1,4,1,29,155,Unusable
Nico Hoerner,663538,212.11,2025-04-21,2,2,0,0,1,0,2,2,0,29,159,Unusable
Nico Hoerner,663538,212.11,2025-07-07,4,0,1,0,1,0,1,2,0,29,164,Unusable
Austin Hays,669720,212.98,2025-09-15,5,1,0,0,0,0,4,0,0,29,152,Unusable
Jordan Walker,691023,219.58,2025-04-07,3,0,0,1,0,0,1,4,0,29,142,Unusable
Michael Busch,683737,226.9,2025-08-04,1,1,0,1,0,0,2,3,0,29,164,Unusable
Jake Cronenworth,630105,229.63,2025-07-14,3,2,0,0,0,0,2,2,0,29,59,H5
Brice Turang,668930,230.59,2025-05-05,0,1,0,0,5,0,2,0,1,29,178,Unusable
Andres Gimenez,665926,231.93,2025-09-22,1,2,0,0,2,0,1,3,0,29,134,Unusable
Max Kepler,596146,234.12,2025-05-05,1,1,0,0,3,1,1,3,0,29,178,Unusable
Ryan Mountcastle,663624,234.73,2025-04-07,2,0,0,1,1,0,2,3,0,29,142,Unusable
Ryan Mountcastle,663624,234.73,2025-09-01,3,1,0,0,2,0,3,1,0,29,162,Unusable
Andrew McCutchen,457705,235.95,2025-06-30,3,1,0,0,4,0,1,0,0,29,164,Unusable
Sal Frelick,686217,236.71,2025-04-21,4,1,0,0,1,0,2,2,0,29,159,Unusable
Kyle Manzardo,700932,237.05,2025-03-31,2,0,0,1,1,0,2,3,0,29,167,Unusable
Kyle Manzardo,700932,237.05,2025-06-16,2,3,0,0,1,0,1,0,0,29,172,Unusable
Trevor Larnach,663616,237.16,2025-06-30,3,3,0,0,0,0,1,0,0,29,164,Unusable
Trevor Larnach,663616,237.16,2025-07-07,0,0,0,1,3,0,2,3,0,29,164,Unusable
Luke Raley,670042,237.24,2025-04-21,4,0,0,0,1,2,3,1,0,29,159,Unusable
Josh Bell,605137,238,2025-06-09,3,1,0,0,2,0,2,2,0,29,176,Unusable
Masataka Yoshida,807799,238.11,2025-07-07,2,2,0,0,0,1,1,1,1,29,164,Unusable
Giancarlo Stanton,519317,238.16,2025-06-16,5,1,0,0,2,0,0,1,0,29,172,Unusable
Gavin Lux,666158,238.36,2025-05-26,5,0,0,0,2,0,2,2,0,29,155,Unusable
Gavin Lux,666158,238.36,2025-06-02,1,0,0,1,2,0,1,4,0,29,152,Unusable
Gavin Lux,666158,238.36,2025-06-09,6,0,0,0,1,0,1,3,0,29,176,Unusable
Gavin Lux,666158,238.36,2025-09-01,3,1,0,0,2,0,3,1,0,29,162,Unusable
Tommy Pham,502054,238.55,2025-04-07,2,1,0,0,3,0,2,2,0,29,142,Unusable
Tommy Pham,502054,238.55,2025-04-14,3,1,0,0,2,0,3,1,0,29,160,Unusable
Alex Verdugo,657077,238.85,2025-05-19,5,0,0,0,1,1,3,1,0,29,168,Unusable
Myles Straw,664702,238.89,2025-04-07,4,0,0,0,1,0,3,2,1,29,142,Unusable
Myles Straw,664702,238.89,2025-08-18,0,1,0,0,3,0,2,1,2,29,167,Unusable
Myles Straw,664702,238.89,2025-08-25,4,1,0,0,1,0,2,2,0,29,176,Unusable
Ben Rice,700250,239.01,2025-06-30,2,2,0,0,1,0,2,2,0,29,164,Unusable
Jerar Encarnacion,666464,239.3,2025-09-15,4,1,0,0,1,0,1,3,0,29,152,Unusable
Jacob Young,696285,239.49,2025-07-21,3,1,0,0,1,1,1,3,0,29,162,Unusable
Josh Smith,669701,239.59,2025-09-01,3,0,0,0,4,0,0,0,2,29,162,Unusable
Keibert Ruiz,660688,239.6,2025-05-19,3,2,0,0,0,0,1,3,0,29,168,Unusable
Sean Murphy,669221,239.72,2025-07-21,0,2,0,0,2,1,1,3,0,29,162,Unusable
Noelvi Marte,682622,239.78,2025-09-22,3,0,0,1,0,0,3,2,0,29,134,Unusable
Luis Rengifo,650859,239.81,2025-05-12,4,1,0,0,1,0,4,0,0,29,160,Unusable
Ryan O'Hearn,656811,239.89,2025-05-05,4,0,0,0,4,1,1,0,0,29,178,Unusable
Elias Diaz,553869,239.91,2025-07-28,3,1,0,0,0,0,2,5,0,29,183,Unusable
Tyler Stephenson,663886,239.91,2025-07-21,3,0,0,1,0,0,2,3,0,29,162,Unusable
Alek Thomas,677950,239.91,2025-08-04,2,0,0,1,0,1,2,3,0,29,164,Unusable
Nick Gonzales,693304,239.92,2025-09-22,2,2,0,0,1,0,2,2,0,29,134,Unusable
Kyle Teel,691019,239.94,2025-08-04,1,2,0,0,2,0,0,2,1,29,164,Unusable
Starling Marte,516782,239.99,2025-09-08,5,1,0,0,0,0,1,3,0,29,144,Unusable
Ke'Bryan Hayes,663647,240,2025-04-14,5,0,0,0,0,0,1,4,1,29,160,Unusable
Ke'Bryan Hayes,663647,240,2025-05-05,5,1,0,0,0,0,1,1,1,29,178,Unusable
Dane Myers,667472,240,2025-09-15,3,1,0,0,0,0,1,4,1,29,152,Unusable
Patrick Bailey,672275,240,2025-04-07,0,2,1,0,1,0,1,2,0,29,142,Unusable
Gabriel Moreno,672515,NA,2025-03-24,5,0,0,0,2,0,3,1,0,29,72,H6
Gabriel Moreno,672515,NA,2025-04-14,2,1,0,0,3,0,3,1,0,29,160,Unusable
Marcelo Mayer,691785,NA,2025-06-30,3,2,0,0,0,0,3,1,0,29,164,Unusable
Mitch Garver,641598,NA,2025-04-28,2,0,0,0,5,0,2,0,1,29,173,Unusable
Mitch Garver,641598,NA,2025-08-18,2,0,0,1,1,0,3,2,0,29,167,Unusable
Brayan Rocchio,677587,NA,2025-04-14,3,0,0,0,2,0,3,2,1,29,160,Unusable
Christian Moore,695681,NA,2025-09-22,3,1,0,0,2,0,2,0,1,29,134,Unusable
Joey Bart,663698,NA,2025-06-16,5,0,0,0,2,0,2,2,0,29,172,Unusable
Orlando Arcia,606115,NA,2025-06-09,5,0,0,0,2,0,1,3,0,29,176,Unusable
Isaac Collins,686555,NA,2025-06-23,4,0,0,0,3,0,4,0,0,29,167,Unusable
Isaac Collins,686555,NA,2025-08-18,1,1,0,0,4,0,0,2,1,29,167,Unusable
Tim Anderson,641313,NA,2025-03-31,3,1,0,0,0,0,4,3,0,29,167,Unusable
Miguel Andujar,609280,NA,2025-07-21,4,0,0,1,1,0,1,1,0,29,162,Unusable
Gabriel Arias,672356,NA,2025-07-28,5,0,0,0,2,0,0,2,1,29,183,Unusable
Randal Grichuk,545341,NA,2025-03-31,1,2,0,0,2,0,1,3,0,29,167,Unusable
Randal Grichuk,545341,NA,2025-07-28,2,0,0,1,1,0,4,1,0,29,183,Unusable
Kameron Misner,670224,NA,2025-05-12,3,0,0,1,0,0,3,2,0,29,160,Unusable
Kyle Stowers,669065,NA,2025-05-05,1,0,0,1,4,0,1,1,0,29,178,Unusable
Javier Baez,595879,NA,2025-05-05,3,1,0,0,0,0,2,5,0,29,178,Unusable
Mike Tauchman,643565,NA,2025-05-19,1,0,0,1,2,0,3,2,0,29,168,Unusable
Mike Tauchman,643565,NA,2025-06-23,5,2,0,0,0,0,1,0,0,29,167,Unusable
Trent Grisham,663757,NA,2025-05-19,3,1,0,0,2,0,2,2,0,29,168,Unusable
Trent Grisham,663757,NA,2025-08-04,3,0,0,1,2,0,1,1,0,29,164,Unusable
Kyle Higashioka,543309,NA,2025-08-11,0,1,0,1,1,0,2,3,0,29,167,Unusable
Jacob Stallings,607732,NA,2025-04-21,2,2,0,0,1,0,1,3,0,29,159,Unusable
Jonah Heim,641680,NA,2025-04-21,2,1,0,1,1,0,1,1,0,29,159,Unusable
Jonah Heim,641680,NA,2025-08-25,0,0,0,1,3,0,3,2,0,29,176,Unusable
Jonah Heim,641680,NA,2025-09-08,2,1,0,0,3,0,4,0,0,29,144,Unusable
Lenyn Sosa,672820,NA,2025-04-07,4,1,0,0,1,0,1,3,0,29,142,Unusable
Lenyn Sosa,672820,NA,2025-05-12,3,1,0,1,0,0,1,1,0,29,160,Unusable
Miguel Amaya,665804,NA,2025-05-12,2,2,0,0,1,0,2,2,0,29,160,Unusable
Jose Caballero,676609,NA,2025-06-30,2,1,0,0,1,0,2,1,2,29,164,Unusable
Jake Mangum,663968,NA,2025-09-08,6,0,0,0,1,0,1,1,1,29,144,Unusable
Trey Sweeney,700242,NA,2025-06-30,1,0,0,1,2,0,1,4,0,29,164,Unusable
Ramon Laureano,657656,NA,2025-06-02,2,0,0,1,1,0,1,4,0,29,152,Unusable
Luis Torrens,620443,NA,2025-04-07,2,2,0,0,1,0,1,3,0,29,142,Unusable
Andy Ibanez,628451,NA,2025-04-28,4,0,0,0,1,0,3,2,1,29,173,Unusable
Dylan Carlson,666185,NA,2025-06-16,5,1,0,0,0,0,2,0,1,29,172,Unusable
Dylan Moore,664238,NA,2025-05-12,4,0,0,0,3,0,1,3,0,29,160,Unusable
Ramon Urias,602104,NA,2025-09-22,1,0,0,1,2,0,1,2,1,29,134,Unusable
Jason Heyward,518792,NA,2025-05-05,1,0,0,1,0,0,3,5,0,29,178,Unusable
Max Schuemann,680474,NA,2025-06-30,2,0,0,1,1,0,2,1,1,29,164,Unusable
Kyle Farmer,571657,NA,2025-04-14,1,3,0,0,0,0,1,3,0,29,160,Unusable
Gio Urshela,570482,NA,2025-04-07,2,2,0,0,1,0,1,3,0,29,142,Unusable
Gio Urshela,570482,NA,2025-04-21,4,2,0,0,1,0,0,1,0,29,159,Unusable
Ronny Mauricio,677595,NA,2025-06-30,3,1,0,0,2,0,4,0,0,29,164,Unusable
Pedro Pages,686780,NA,2025-03-24,1,1,0,1,0,0,2,3,0,29,72,H6
Pedro Pages,686780,NA,2025-06-16,3,1,0,0,2,0,4,0,0,29,172,Unusable
Jose Iglesias,578428,NA,2025-04-21,4,0,0,0,0,3,1,1,1,29,159,Unusable
Kyle Tucker,663656,7.8,2025-06-02,1,2,0,0,3,0,1,1,0,28,154,Unusable
Kyle Tucker,663656,7.8,2025-08-04,3,0,0,0,2,1,2,1,1,28,170,Unusable
Jackson Merrill,701538,22.38,2025-06-30,3,0,0,0,3,0,2,3,0,28,172,Unusable
Marcell Ozuna,542303,25.41,2025-09-08,2,2,0,0,2,0,2,0,0,28,147,Unusable
Bryce Harper,547180,27.32,2025-08-04,1,1,0,1,0,1,1,2,0,28,170,Unusable
Teoscar Hernandez,606192,29.24,2025-06-23,3,2,0,0,1,0,0,2,0,28,171,Unusable
Austin Riley,663586,30.75,2025-03-24,0,1,0,1,2,0,2,1,0,28,78,H7
Lawrence Butler,671732,38.6,2025-08-18,0,2,0,0,2,0,2,3,0,28,173,Unusable
Manny Machado,592518,45.54,2025-08-11,3,1,0,0,3,0,2,0,0,28,168,Unusable
Oneil Cruz,665833,50.09,2025-08-04,2,1,0,0,2,0,2,3,0,28,170,Unusable
Oneil Cruz,665833,50.09,2025-09-08,3,1,0,0,3,0,0,0,1,28,147,Unusable
Brenton Doyle,686668,56.73,2025-05-05,5,0,0,0,1,0,1,2,1,28,187,Unusable
Christian Yelich,592885,58.87,2025-07-21,5,0,0,0,1,0,2,1,1,28,168,Unusable
Junior Caminero,691406,65.87,2025-09-15,3,0,0,0,5,0,2,0,0,28,155,Unusable
Spencer Steer,668715,80.57,2025-04-14,2,1,0,0,2,0,4,1,0,28,167,Unusable
Jose Altuve,514888,81.09,2025-06-02,5,0,0,0,1,0,1,2,1,28,154,Unusable
Eugenio Suarez,553993,104.99,2025-07-21,1,0,0,1,2,1,1,2,0,28,168,Unusable
Adley Rutschman,668939,112.59,2025-04-14,1,0,0,1,3,0,2,1,0,28,167,Unusable
Matt Wallner,670242,122.55,2025-05-26,1,0,0,1,1,2,1,2,0,28,160,Unusable
Matt Wallner,670242,122.55,2025-08-18,1,1,0,1,0,1,1,2,0,28,173,Unusable
Michael Toglia,669911,138.78,2025-04-14,2,0,0,1,0,0,1,5,0,28,167,Unusable
Michael Toglia,669911,138.78,2025-06-23,2,3,0,0,0,0,0,2,0,28,171,Unusable
Byron Buxton,621439,140.84,2025-05-26,4,0,0,0,0,0,3,3,1,28,160,Unusable
Joc Pederson,592626,151.33,2025-09-08,2,0,0,0,4,0,1,4,0,28,147,Unusable
Joc Pederson,592626,151.33,2025-09-15,3,1,0,0,2,1,2,0,0,28,155,Unusable
Yandy Diaz,650490,154.91,2025-07-07,7,0,0,0,1,0,1,1,0,28,168,Unusable
Michael Conforto,624424,163,2025-05-05,3,1,0,0,2,1,2,0,0,28,187,Unusable
Michael Conforto,624424,163,2025-07-28,2,1,0,0,4,0,2,0,0,28,186,Unusable
Michael Conforto,624424,163,2025-09-22,1,0,0,0,5,0,5,0,0,28,139,Unusable
TJ Friedl,670770,168.11,2025-06-23,5,0,0,0,3,0,1,1,0,28,171,Unusable
TJ Friedl,670770,168.11,2025-06-30,4,1,0,0,1,1,2,0,0,28,172,Unusable
Royce Lewis,668904,168.33,2025-07-14,0,0,0,2,0,0,2,2,0,28,62,H6
Garrett Mitchell,669003,170.7,2025-03-31,3,1,0,0,3,0,1,1,0,28,172,Unusable
Garrett Mitchell,669003,170.7,2025-04-14,0,2,1,0,0,0,3,1,0,28,167,Unusable
Ryan McMahon,641857,172.9,2025-06-23,4,0,0,0,2,0,3,0,1,28,171,Unusable
Tommy Edman,669242,186.13,2025-04-28,1,1,0,0,1,0,1,5,1,28,177,Unusable
Tommy Edman,669242,186.13,2025-06-09,3,0,0,1,1,0,1,2,0,28,179,Unusable
Evan Carter,694497,197.41,2025-06-02,2,1,0,1,0,0,1,2,0,28,154,Unusable
Nico Hoerner,663538,212.11,2025-06-02,3,0,0,0,0,1,2,2,2,28,154,Unusable
Nico Hoerner,663538,212.11,2025-08-04,5,0,0,0,3,0,1,1,0,28,170,Unusable
Kristian Campbell,692225,212.49,2025-06-09,1,1,0,0,3,2,1,1,0,28,179,Unusable
Brandon Lowe,664040,213.94,2025-04-28,2,0,0,0,4,0,1,2,1,28,177,Unusable
Brandon Lowe,664040,213.94,2025-07-28,5,1,0,0,1,0,1,1,0,28,186,Unusable
Brandon Lowe,664040,213.94,2025-09-22,1,1,0,1,1,0,1,2,0,28,139,Unusable
Jordan Walker,691023,219.58,2025-09-15,4,0,0,0,3,1,1,1,0,28,155,Unusable
Nolan Arenado,571448,227.39,2025-05-26,2,0,0,1,2,0,1,2,0,28,160,Unusable
Brandon Marsh,669016,230.99,2025-07-21,3,1,0,0,3,0,2,0,0,28,168,Unusable
Andres Gimenez,665926,231.93,2025-04-14,2,1,0,0,1,1,1,0,2,28,167,Unusable
Colt Keith,690993,235.65,2025-06-02,3,1,0,0,3,0,0,2,0,28,154,Unusable
Andrew McCutchen,457705,235.95,2025-03-24,0,1,0,1,2,0,1,2,0,28,78,H7
Andrew McCutchen,457705,235.95,2025-05-05,3,1,0,0,3,0,0,2,0,28,187,Unusable
Andrew McCutchen,457705,235.95,2025-05-12,4,0,0,0,4,0,2,0,0,28,167,Unusable
Joey Ortiz,687401,237.06,2025-04-21,1,2,0,0,1,0,4,1,0,28,166,Unusable
Spencer Torkelson,679529,237.98,2025-06-16,0,2,0,0,2,0,3,2,0,28,179,Unusable
Josh Bell,605137,238,2025-04-21,2,0,0,1,0,0,2,4,0,28,166,Unusable
Josh Bell,605137,238,2025-09-15,3,2,0,0,1,0,1,1,0,28,155,Unusable
Jacob Wilson,805779,238.09,2025-09-15,5,1,0,0,1,0,2,0,0,28,155,Unusable
Tyler Soderstrom,691016,238.1,2025-06-16,6,0,0,0,0,0,3,0,1,28,179,Unusable
Christopher Morel,666624,238.29,2025-09-01,4,0,0,0,2,0,2,1,1,28,168,Unusable
Gavin Lux,666158,238.36,2025-05-19,0,3,0,0,2,0,1,1,0,28,172,Unusable
Gavin Lux,666158,238.36,2025-08-25,0,2,0,0,4,0,1,1,0,28,178,Unusable
Tommy Pham,502054,238.55,2025-06-16,1,2,0,0,1,0,1,4,0,28,179,Unusable
Jhonkensy Noel,678877,238.56,2025-04-07,5,0,0,0,1,0,4,1,0,28,152,Unusable
Logan O'Hoppe,681351,238.67,2025-05-12,1,0,0,1,1,0,1,5,0,28,167,Unusable
Wenceel Perez,672761,238.7,2025-09-08,2,1,0,0,2,0,3,2,0,28,147,Unusable
Mike Yastrzemski,573262,238.77,2025-07-07,2,1,0,0,4,0,2,0,0,28,168,Unusable
Mike Yastrzemski,573262,238.77,2025-09-08,2,2,0,0,2,0,2,0,0,28,147,Unusable
Myles Straw,664702,238.89,2025-06-30,2,1,0,0,2,0,5,0,0,28,172,Unusable
Coby Mayo,691723,239.19,2025-07-28,2,0,0,1,2,0,1,2,0,28,186,Unusable
Willi Castro,650489,239.25,2025-03-31,3,0,0,0,1,2,3,0,1,28,172,Unusable
Jerar Encarnacion,666464,239.3,2025-08-04,0,0,0,2,0,0,2,2,0,28,170,Unusable
Nolan Schanuel,694384,239.52,2025-04-14,3,1,0,0,3,0,2,0,0,28,167,Unusable
Adam Frazier,624428,239.6,2025-06-23,3,0,0,0,2,1,2,1,1,28,171,Unusable
Jonathan Aranda,666018,239.63,2025-04-21,3,0,0,0,3,2,2,0,0,28,166,Unusable
Bo Naylor,666310,239.8,2025-03-31,1,0,0,1,3,0,2,1,0,28,172,Unusable
Gavin Sheets,657757,239.88,2025-06-02,2,0,1,0,2,0,0,4,0,28,154,Unusable
Gavin Sheets,657757,239.88,2025-09-15,3,0,0,0,3,0,2,3,0,28,155,Unusable
Alek Thomas,677950,239.91,2025-05-12,2,0,0,1,2,0,1,2,0,28,167,Unusable
Nick Gonzales,693304,239.92,2025-06-02,1,0,2,0,1,0,2,1,0,28,154,Unusable
Jake Meyers,676694,239.95,2025-06-23,5,0,0,0,1,0,3,0,1,28,171,Unusable
Alexander Canario,672744,239.96,2025-06-23,0,2,0,0,2,0,3,2,0,28,171,Unusable
Jace Jung,690291,239.98,2025-04-21,2,0,0,0,4,0,3,2,0,28,166,Unusable
Davis Schneider,676914,239.99,2025-07-07,0,0,0,2,0,0,2,2,0,28,168,Unusable
Will Benson,666181,239.99,2025-06-16,1,1,0,0,3,0,1,4,0,28,179,Unusable
Patrick Bailey,672275,240,2025-05-12,3,0,0,0,3,0,4,1,0,28,167,Unusable
Patrick Bailey,672275,240,2025-09-22,4,1,0,0,0,0,3,2,0,28,139,Unusable
Nick Yorke,694377,240,2025-09-22,5,0,0,0,1,0,3,2,0,28,139,Unusable
Nick Kurtz,701762,NA,2025-06-09,2,1,0,1,0,0,1,2,0,28,179,Unusable
Miguel Vargas,678246,NA,2025-09-08,2,1,0,0,1,1,2,1,1,28,147,Unusable
Gabriel Moreno,672515,NA,2025-04-21,3,1,0,0,1,0,2,3,0,28,166,Unusable
Gabriel Moreno,672515,NA,2025-09-22,4,0,0,0,4,0,0,2,0,28,139,Unusable
Enrique Hernandez,571771,NA,2025-06-23,1,0,0,1,1,0,2,4,0,28,171,Unusable
Enrique Hernandez,571771,NA,2025-09-15,1,0,0,1,1,0,2,4,0,28,155,Unusable
Marcelo Mayer,691785,NA,2025-06-02,1,0,0,1,1,0,4,2,0,28,154,Unusable
Christian Moore,695681,NA,2025-08-11,2,1,0,0,2,0,2,3,0,28,168,Unusable
Otto Lopez,672640,NA,2025-08-18,3,1,0,0,1,0,2,3,0,28,173,Unusable
Mickey Moniak,666160,NA,2025-06-02,1,0,0,1,1,0,2,2,1,28,154,Unusable
Amed Rosario,642708,NA,2025-04-07,3,1,0,0,1,0,2,1,1,28,152,Unusable
Jake Fraley,641584,NA,2025-04-28,1,0,0,1,3,0,2,1,0,28,177,Unusable
Jacob Melton,689200,NA,2025-06-02,2,0,0,0,2,0,2,2,2,28,154,Unusable
Chris Taylor,621035,NA,2025-09-08,2,0,0,1,0,0,1,5,0,28,147,Unusable
Javier Baez,595879,NA,2025-07-07,2,0,0,1,0,0,2,2,1,28,168,Unusable
Ernie Clement,676391,NA,2025-04-07,4,1,0,0,0,0,3,0,1,28,152,Unusable
Angel Martinez,682657,NA,2025-04-14,4,0,1,0,0,0,2,0,1,28,167,Unusable
Angel Martinez,682657,NA,2025-06-30,3,2,0,0,1,0,1,1,0,28,172,Unusable
Ezequiel Duran,677649,NA,2025-06-30,1,1,0,0,0,1,0,2,3,28,172,Unusable
Kyle Higashioka,543309,NA,2025-06-09,2,1,0,0,0,0,2,6,0,28,179,Unusable
Kyle Higashioka,543309,NA,2025-09-15,2,0,0,1,2,0,2,1,0,28,155,Unusable
Jonah Heim,641680,NA,2025-03-24,0,0,0,2,0,0,2,2,0,28,78,H7
Jonah Heim,641680,NA,2025-09-15,2,0,0,1,2,0,1,2,0,28,155,Unusable
Lenyn Sosa,672820,NA,2025-09-08,4,1,0,0,0,0,2,3,0,28,147,Unusable
Jon Berti,542932,NA,2025-04-21,4,1,0,0,0,0,2,1,1,28,166,Unusable
Alex Call,669743,NA,2025-09-15,1,1,0,1,1,0,1,2,0,28,155,Unusable
Henry Davis,680779,NA,2025-09-22,2,0,0,1,0,0,2,2,1,28,139,Unusable
Jake Mangum,663968,NA,2025-08-11,4,0,0,0,0,0,3,1,2,28,168,Unusable
Alejandro Kirk,672386,NA,2025-05-19,3,0,0,0,5,0,2,0,0,28,172,Unusable
Dylan Carlson,666185,NA,2025-06-09,4,0,0,1,0,0,2,1,0,28,179,Unusable
Travis d'Arnaud,518595,NA,2025-06-02,4,0,0,1,0,0,1,2,0,28,154,Unusable
Max Schuemann,680474,NA,2025-05-12,1,0,0,1,3,0,2,1,0,28,167,Unusable
Max Schuemann,680474,NA,2025-07-21,2,0,0,0,1,1,2,4,1,28,168,Unusable
Luis Urias,649966,NA,2025-06-02,3,0,0,0,2,1,2,1,1,28,154,Unusable
Luis Urias,649966,NA,2025-06-16,6,0,0,0,2,0,1,1,0,28,179,Unusable
Gio Urshela,570482,NA,2025-04-14,0,1,1,0,2,0,0,4,0,28,167,Unusable
Jose Tena,677588,NA,2025-05-05,2,1,0,0,2,0,1,2,1,28,187,Unusable
Jake Bauers,641343,NA,2025-05-12,3,2,0,0,1,0,0,2,0,28,167,Unusable
Austin Martin,668885,NA,2025-09-22,3,0,0,0,3,0,2,1,1,28,139,Unusable
Aaron Judge,592450,2.1,2025-08-04,3,0,0,0,4,0,2,1,0,27,175,Unusable
Jackson Chourio,694192,13.9,2025-05-12,2,1,0,0,1,0,0,0,3,27,173,Unusable
Jarren Duran,680776,15.71,2025-09-01,3,1,0,0,2,0,2,1,0,27,169,Unusable
Jarren Duran,680776,15.71,2025-09-22,1,2,0,0,1,1,1,2,0,27,146,Unusable
Mookie Betts,605141,16.08,2025-07-21,2,1,0,0,3,0,2,1,0,27,172,Unusable
Wyatt Langford,694671,24.34,2025-06-16,2,2,0,0,1,0,2,1,0,27,184,Unusable
Teoscar Hernandez,606192,29.24,2025-09-15,1,1,0,0,3,1,2,1,0,27,165,Unusable
Austin Riley,663586,30.75,2025-05-19,1,1,0,0,3,1,3,0,0,27,174,Unusable
Ketel Marte,606466,37.6,2025-03-31,2,1,0,0,3,0,2,1,0,27,175,Unusable
Ian Happ,664023,38.05,2025-05-19,3,0,0,0,2,0,4,2,0,27,174,Unusable
Ian Happ,664023,38.05,2025-07-14,1,1,0,1,0,0,2,2,0,27,63,H6
Lawrence Butler,671732,38.6,2025-05-05,2,0,0,1,1,0,1,3,0,27,191,Unusable
Cody Bellinger,641355,47.51,2025-04-07,2,0,1,0,1,0,3,2,0,27,155,Unusable
William Contreras,661388,61.55,2025-03-31,1,0,0,0,6,0,3,0,0,27,175,Unusable
Nick Castellanos,592206,65.98,2025-04-28,5,1,0,0,0,0,1,2,0,27,180,Unusable
Jasson Dominguez,691176,70.56,2025-08-11,5,0,0,0,0,0,1,3,1,27,171,Unusable
Christian Walker,572233,74.01,2025-08-11,1,1,0,0,4,0,1,2,0,27,171,Unusable
Willy Adames,642715,76.34,2025-05-19,1,0,1,0,2,0,2,3,0,27,174,Unusable
Spencer Steer,668715,80.57,2025-04-07,1,2,0,0,2,0,3,0,0,27,155,Unusable
Spencer Steer,668715,80.57,2025-05-26,4,0,0,0,3,0,0,3,0,27,163,Unusable
Jose Altuve,514888,81.09,2025-09-08,3,0,0,1,0,0,3,1,0,27,155,Unusable
Taylor Ward,621493,83.15,2025-04-21,1,0,0,1,2,0,2,2,0,27,172,Unusable
Mark Vientos,668901,83.69,2025-05-26,1,1,0,1,0,0,1,3,0,27,163,Unusable
Bo Bichette,666182,84.67,2025-03-31,4,1,0,0,0,1,0,3,0,27,175,Unusable
Bo Bichette,666182,84.67,2025-06-23,5,1,0,0,0,0,2,1,0,27,179,Unusable
Bo Bichette,666182,84.67,2025-06-30,2,0,0,1,1,0,2,2,0,27,177,Unusable
Matt Chapman,656305,93.14,2025-03-24,2,0,0,1,1,0,2,2,0,27,81,H7
Matt Chapman,656305,93.14,2025-04-07,0,0,0,0,7,0,3,0,0,27,155,Unusable
Matt Chapman,656305,93.14,2025-08-04,4,1,0,0,1,0,1,2,0,27,175,Unusable
Jordan Westburg,676059,108.66,2025-03-31,5,0,0,0,2,0,2,1,0,27,175,Unusable
Jordan Westburg,676059,108.66,2025-04-21,5,0,1,0,0,0,1,1,0,27,172,Unusable
Paul Goldschmidt,502671,117.94,2025-08-11,1,3,0,0,0,0,2,1,0,27,171,Unusable
Vinnie Pasquantino,686469,131.56,2025-06-09,5,0,0,0,2,0,2,1,0,27,184,Unusable
Jackson Holliday,702616,135.54,2025-07-14,2,0,0,1,1,0,3,1,0,27,63,H6
Joc Pederson,592626,151.33,2025-09-22,2,0,0,1,1,0,3,1,0,27,146,Unusable
Royce Lewis,668904,168.33,2025-06-09,3,0,0,1,0,0,2,2,0,27,184,Unusable
Royce Lewis,668904,168.33,2025-06-30,4,1,0,0,1,0,1,2,0,27,177,Unusable
Rhys Hoskins,656555,172.72,2025-04-07,3,1,0,0,2,0,1,2,0,27,155,Unusable
Rhys Hoskins,656555,172.72,2025-06-30,1,1,1,0,2,0,1,1,0,27,177,Unusable
Jeremy Pena,665161,180.02,2025-09-08,2,2,0,0,1,0,1,2,0,27,155,Unusable
Lars Nootbaar,663457,186.05,2025-08-04,3,2,0,0,0,0,1,2,0,27,175,Unusable
Jo Adell,666176,198.16,2025-04-14,3,2,0,0,0,0,0,3,0,27,175,Unusable
Zach Neto,687263,202.06,2025-08-18,2,1,0,0,0,1,1,1,2,27,176,Unusable
Josh Jung,673962,208.9,2025-09-08,1,2,0,0,2,0,2,1,0,27,155,Unusable
Xander Bogaerts,593428,211.87,2025-06-02,3,1,0,0,2,0,1,0,1,27,166,Unusable
Brandon Lowe,664040,213.94,2025-03-24,3,0,0,1,0,0,2,2,0,27,81,H7
Brandon Lowe,664040,213.94,2025-05-05,0,1,0,1,1,0,3,1,0,27,191,Unusable
Alec Burleson,676475,219.26,2025-04-28,2,0,0,1,1,0,2,2,0,27,180,Unusable
Jordan Walker,691023,219.58,2025-05-26,2,0,1,0,1,0,2,3,0,27,163,Unusable
Matt Shaw,807713,227.33,2025-07-14,3,0,0,1,0,0,1,1,1,27,63,H6
Andy Pages,681624,228.33,2025-07-07,5,0,0,0,2,0,0,1,1,27,172,Unusable
Brandon Marsh,669016,230.99,2025-07-07,5,0,0,0,2,0,2,1,0,27,172,Unusable
Andres Gimenez,665926,231.93,2025-09-15,1,0,1,0,2,0,2,3,0,27,165,Unusable
Max Kepler,596146,234.12,2025-08-25,2,0,0,1,1,0,2,2,0,27,179,Unusable
Bryan De La Cruz,650559,234.2,2025-04-07,4,1,0,0,1,0,1,0,1,27,155,Unusable
Austin Wells,669224,234.46,2025-09-22,3,2,0,0,0,0,0,3,0,27,146,Unusable
Andrew Vaughn,683734,236.76,2025-07-14,3,0,0,0,4,0,1,2,0,27,63,H6
Carlos Santana,467793,237.36,2025-04-14,5,0,0,0,1,1,2,1,0,27,175,Unusable
Spencer Torkelson,679529,237.98,2025-09-01,4,1,0,0,1,0,1,2,0,27,169,Unusable
Heston Kjerstad,677008,238.03,2025-04-07,1,1,0,1,0,0,2,2,0,27,155,Unusable
Andrew Benintendi,643217,238.69,2025-03-24,1,0,0,1,2,0,1,3,0,27,81,H7
Andrew Benintendi,643217,238.69,2025-09-15,0,0,0,1,3,0,1,3,0,27,165,Unusable
Alex Verdugo,657077,238.85,2025-04-14,3,2,0,0,0,0,2,1,0,27,175,Unusable
Myles Straw,664702,238.89,2025-05-05,5,0,0,0,0,0,2,4,0,27,191,Unusable
Ben Rice,700250,239.01,2025-03-24,2,0,0,1,1,0,3,1,0,27,81,H7
Pavin Smith,656976,239.18,2025-05-12,2,2,0,0,1,0,2,1,0,27,173,Unusable
Willi Castro,650489,239.25,2025-05-19,2,1,0,0,2,1,2,1,0,27,174,Unusable
Francisco Alvarez,682626,239.35,2025-07-28,2,1,0,0,3,0,1,2,0,27,189,Unusable
Jacob Young,696285,239.49,2025-07-07,4,0,0,0,1,0,1,3,1,27,172,Unusable
Brett Baty,683146,239.56,2025-06-09,1,0,0,1,2,0,1,1,1,27,184,Unusable
Brett Baty,683146,239.56,2025-06-30,2,0,0,1,1,0,2,2,0,27,177,Unusable
Josh Smith,669701,239.59,2025-04-21,1,0,0,1,2,0,3,1,0,27,172,Unusable
Ty France,664034,239.69,2025-06-23,3,2,0,0,1,1,0,0,0,27,179,Unusable
Jeff McNeil,643446,239.75,2025-05-05,0,0,1,1,1,0,1,2,0,27,191,Unusable
Gavin Sheets,657757,239.88,2025-03-24,3,0,0,1,0,0,1,1,1,27,81,H7
Griffin Conine,665052,239.92,2025-03-31,4,1,0,0,1,0,3,0,0,27,175,Unusable
Kyle Teel,691019,239.94,2025-07-28,2,0,0,1,1,0,2,2,0,27,189,Unusable
Joey Loperfido,694388,239.98,2025-08-04,4,1,0,0,0,1,2,1,0,27,175,Unusable
Davis Schneider,676914,239.99,2025-06-02,2,0,0,1,1,0,3,1,0,27,166,Unusable
Will Benson,666181,239.99,2025-06-02,1,0,0,1,2,0,3,1,0,27,166,Unusable
Ke'Bryan Hayes,663647,240,2025-07-28,3,0,0,1,0,0,1,3,0,27,189,Unusable
Dane Myers,667472,240,2025-08-11,2,0,0,1,1,0,2,2,0,27,171,Unusable
James Outman,681546,240,2025-08-18,1,2,0,0,1,1,2,1,0,27,176,Unusable
Nick Yorke,694377,240,2025-09-08,3,1,0,0,0,0,1,3,1,27,155,Unusable
Miguel Vargas,678246,NA,2025-07-07,3,1,0,0,1,1,2,1,0,27,172,Unusable
Miguel Andujar,609280,NA,2025-04-14,4,1,0,0,1,0,1,2,0,27,175,Unusable
Miguel Andujar,609280,NA,2025-08-25,4,1,0,0,1,0,1,2,0,27,179,Unusable
Otto Lopez,672640,NA,2025-04-21,3,0,0,0,0,0,3,2,2,27,172,Unusable
Ivan Herrera,671056,NA,2025-03-24,2,2,0,0,1,0,1,2,0,27,81,H7
Gabriel Arias,672356,NA,2025-03-24,1,1,0,1,0,0,2,2,0,27,81,H7
Gabriel Arias,672356,NA,2025-05-12,3,1,0,0,2,0,0,3,0,27,173,Unusable
Luis Matos,682641,NA,2025-06-30,0,3,0,0,1,0,1,2,0,27,177,Unusable
Amed Rosario,642708,NA,2025-06-16,2,0,0,1,1,0,1,3,0,27,184,Unusable
Mauricio Dubon,643289,NA,2025-09-01,3,1,0,0,2,0,1,2,0,27,169,Unusable
Jake Fraley,641584,NA,2025-07-21,3,1,0,0,2,0,1,2,0,27,172,Unusable
Jake Fraley,641584,NA,2025-07-28,1,0,0,1,2,0,2,2,0,27,189,Unusable
Stuart Fairchild,656413,NA,2025-05-12,1,1,0,0,2,0,2,2,1,27,173,Unusable
Seth Brown,664913,NA,2025-04-28,1,1,0,0,1,1,3,1,1,27,180,Unusable
Kameron Misner,670224,NA,2025-06-09,2,1,0,0,1,0,2,2,1,27,184,Unusable
Kyle Stowers,669065,NA,2025-04-14,5,0,0,0,2,0,2,1,0,27,175,Unusable
Mike Tauchman,643565,NA,2025-09-01,3,1,0,0,2,0,1,2,0,27,169,Unusable
Trent Grisham,663757,NA,2025-06-02,2,0,0,0,5,0,2,1,0,27,166,Unusable
Kyle Isbel,664728,NA,2025-05-12,2,1,1,0,1,0,2,0,0,27,173,Unusable
Angel Martinez,682657,NA,2025-04-07,3,2,0,0,0,0,0,3,0,27,155,Unusable
Angel Martinez,682657,NA,2025-06-09,5,0,0,0,0,0,4,2,0,27,184,Unusable
Nick Fortes,663743,NA,2025-03-24,0,2,1,0,0,1,1,1,0,27,81,H7
Trey Sweeney,700242,NA,2025-04-07,1,1,0,0,2,0,2,2,1,27,155,Unusable
Edmundo Sosa,624641,NA,2025-06-16,1,1,0,1,0,0,1,3,0,27,184,Unusable
Alejandro Kirk,672386,NA,2025-03-31,5,1,0,0,0,0,2,1,0,27,175,Unusable
Martin Maldonado,455117,NA,2025-06-09,1,0,0,1,2,0,2,2,0,27,184,Unusable
Andy Ibanez,628451,NA,2025-09-22,4,0,0,0,3,0,1,0,1,27,146,Unusable
Ramon Urias,602104,NA,2025-03-24,3,1,0,0,2,0,0,3,0,27,81,H7
Travis Jankowski,608671,NA,2025-05-05,2,1,0,0,1,0,2,2,1,27,191,Unusable
Drew Waters,671221,NA,2025-04-28,6,0,0,0,1,0,1,2,0,27,180,Unusable
Drew Waters,671221,NA,2025-05-26,5,0,0,0,0,0,0,4,1,27,163,Unusable
Thomas Saggese,695336,NA,2025-08-04,4,1,0,0,0,1,3,0,0,27,175,Unusable
Jose Iglesias,578428,NA,2025-07-14,3,2,0,0,0,0,3,0,0,27,63,H6
Jose Trevino,624431,NA,2025-04-21,4,1,0,0,1,0,3,0,0,27,172,Unusable
Juan Soto,665742,3.25,2025-07-14,0,0,0,1,2,0,2,1,1,26,68,H6
Jarren Duran,680776,15.71,2025-05-26,3,1,0,0,1,0,1,1,1,26,167,Unusable
Mookie Betts,605141,16.08,2025-09-22,5,0,0,0,1,0,1,3,0,26,150,Unusable
Brent Rooker,667670,20.89,2025-04-07,1,1,1,0,3,0,0,0,0,26,163,Unusable
Jackson Merrill,701538,22.38,2025-05-12,3,0,1,0,1,0,2,1,0,26,178,Unusable
Jackson Merrill,701538,22.38,2025-06-02,4,1,0,0,0,0,3,1,0,26,170,Unusable
Jackson Merrill,701538,22.38,2025-08-04,1,1,0,0,3,0,2,2,0,26,180,Unusable
Bryan Reynolds,668804,42.05,2025-05-05,1,0,0,1,1,0,3,2,0,26,196,Unusable
Michael Harris II,671739,42.59,2025-07-07,2,2,0,0,0,0,3,1,0,26,176,Unusable
Corey Seager,608369,43.68,2025-03-31,1,0,0,1,3,0,1,1,0,26,181,Unusable
Manny Machado,592518,45.54,2025-06-23,3,0,0,1,1,0,1,1,0,26,181,Unusable
Cody Bellinger,641355,47.51,2025-03-31,2,0,0,0,2,0,3,0,2,26,181,Unusable
Oneil Cruz,665833,50.09,2025-06-30,1,1,0,0,3,0,2,0,1,26,182,Unusable
Junior Caminero,691406,65.87,2025-04-28,2,1,0,1,0,0,1,1,0,26,184,Unusable
Jasson Dominguez,691176,70.56,2025-06-09,4,1,0,0,0,0,1,1,1,26,190,Unusable
Jasson Dominguez,691176,70.56,2025-09-15,1,1,0,0,0,1,2,1,2,26,168,Unusable
Colton Cowser,681297,70.73,2025-07-21,2,0,0,0,2,0,3,0,2,26,174,Unusable
CJ Abrams,682928,79.08,2025-05-19,2,1,0,0,1,1,3,1,0,26,178,Unusable
Jose Altuve,514888,81.09,2025-04-21,2,1,0,0,2,0,2,2,0,26,177,Unusable
Jose Altuve,514888,81.09,2025-05-12,3,1,0,0,3,0,1,0,0,26,178,Unusable
Jose Altuve,514888,81.09,2025-08-25,3,0,0,1,0,1,1,1,0,26,181,Unusable
Steven Kwan,680757,82.5,2025-09-22,3,1,0,0,1,0,3,1,0,26,150,Unusable
Taylor Ward,621493,83.15,2025-03-31,4,0,0,0,2,0,2,2,0,26,181,Unusable
Bo Bichette,666182,84.67,2025-07-14,1,2,0,0,0,1,2,2,0,26,68,H6
Jorge Soler,624585,93.81,2025-07-14,2,0,0,1,2,0,1,1,0,26,68,H6
Triston Casas,671213,99,2025-04-07,3,1,0,0,2,1,0,1,0,26,163,Unusable
Tyler O'Neill,641933,104.59,2025-04-07,1,0,0,1,1,2,1,1,0,26,163,Unusable
Tyler O'Neill,641933,104.59,2025-07-28,1,0,0,1,1,0,1,4,0,26,193,Unusable
George Springer,543807,107.02,2025-05-19,1,1,0,0,2,1,2,0,1,26,178,Unusable
George Springer,543807,107.02,2025-06-09,3,1,0,0,1,0,1,3,0,26,190,Unusable
Kerry Carpenter,681481,130.48,2025-09-15,3,0,0,1,1,0,1,1,0,26,168,Unusable
Vinnie Pasquantino,686469,131.56,2025-08-25,3,0,0,0,3,0,2,2,0,26,181,Unusable
Cedric Mullins,656775,133.6,2025-04-28,3,0,0,1,1,0,1,1,0,26,184,Unusable
Anthony Volpe,683011,135.32,2025-04-07,1,0,0,0,5,0,1,1,1,26,163,Unusable
Anthony Volpe,683011,135.32,2025-08-04,2,1,0,0,2,0,0,2,1,26,180,Unusable
Josh Lowe,666139,138.27,2025-07-07,1,1,0,0,3,0,1,3,0,26,176,Unusable
Michael Toglia,669911,138.78,2025-04-07,4,1,0,0,0,0,1,1,1,26,163,Unusable
Alec Bohm,664761,148.29,2025-08-11,1,0,0,1,0,1,2,3,0,26,175,Unusable
Ceddanne Rafaela,678882,156.21,2025-07-21,5,0,0,0,1,0,2,0,1,26,174,Unusable
Ceddanne Rafaela,678882,156.21,2025-08-04,2,0,0,0,2,0,2,1,2,26,180,Unusable
Jonathan India,663697,164.42,2025-04-14,4,1,0,0,2,0,0,1,0,26,180,Unusable
Jonathan India,663697,164.42,2025-05-26,7,0,0,0,1,0,0,1,0,26,167,Unusable
Masyn Winn,691026,166.08,2025-07-14,6,0,0,0,0,0,2,0,1,26,68,H6
Masyn Winn,691026,166.08,2025-08-18,2,0,0,0,0,2,3,0,2,26,178,Unusable
Luis Arraez,650333,168.81,2025-07-07,2,0,0,1,1,1,1,1,0,26,176,Unusable
Garrett Mitchell,669003,170.7,2025-04-07,2,1,0,0,2,0,1,1,1,26,163,Unusable
Lars Nootbaar,663457,186.05,2025-05-19,2,1,0,0,1,1,3,1,0,26,178,Unusable
Tommy Edman,669242,186.13,2025-05-19,2,1,0,0,1,1,2,2,0,26,178,Unusable
Salvador Perez,521692,194.19,2025-08-25,0,1,0,1,0,0,2,3,0,26,181,Unusable
Evan Carter,694497,197.41,2025-05-12,0,0,0,0,3,1,2,1,2,26,178,Unusable
Evan Carter,694497,197.41,2025-08-18,3,0,0,0,1,2,1,1,1,26,178,Unusable
Jo Adell,666176,198.16,2025-05-12,1,1,0,0,3,0,3,1,0,26,178,Unusable
Carlos Correa,621043,209.38,2025-06-02,3,1,0,0,1,0,3,1,0,26,170,Unusable
Jesus Sanchez,660821,210.78,2025-09-22,2,0,0,1,0,0,1,2,1,26,150,Unusable
Xander Bogaerts,593428,211.87,2025-04-14,1,2,0,0,3,0,1,0,0,26,180,Unusable
Wilyer Abreu,677800,217.36,2025-05-26,3,0,0,1,1,0,1,1,0,26,167,Unusable
Alec Burleson,676475,219.26,2025-08-04,5,0,0,0,1,0,2,2,0,26,180,Unusable
Jordan Walker,691023,219.58,2025-07-28,3,1,0,0,1,0,0,2,1,26,193,Unusable
Shea Langeliers,669127,226.05,2025-04-21,4,1,0,0,0,0,1,1,1,26,177,Unusable
Shea Langeliers,669127,226.05,2025-05-26,1,1,0,1,1,0,1,1,0,26,167,Unusable
Nolan Arenado,571448,227.39,2025-04-07,1,1,0,0,3,0,3,1,0,26,163,Unusable
Yainer Diaz,673237,234.25,2025-05-19,4,0,0,0,3,1,1,0,0,26,178,Unusable
Austin Wells,669224,234.46,2025-05-19,2,1,0,0,2,0,2,2,0,26,178,Unusable
Ryan Mountcastle,663624,234.73,2025-04-14,1,2,0,0,1,0,3,1,0,26,180,Unusable
Jordan Beck,687597,234.82,2025-08-18,5,1,0,0,1,0,1,0,0,26,178,Unusable
Colt Keith,690993,235.65,2025-05-19,0,3,0,0,0,0,2,2,0,26,178,Unusable
Connor Norby,681393,237.78,2025-05-26,1,2,0,0,0,1,2,2,0,26,167,Unusable
Tyler Fitzgerald,666149,237.85,2025-05-26,3,1,0,0,1,0,0,0,2,26,167,Unusable
Josh Bell,605137,238,2025-06-16,5,1,0,0,1,0,1,0,0,26,187,Unusable
Heston Kjerstad,677008,238.03,2025-06-02,1,1,1,0,1,0,0,3,0,26,170,Unusable
Christopher Morel,666624,238.29,2025-09-15,1,1,0,0,3,0,0,4,0,26,168,Unusable
Tommy Pham,502054,238.55,2025-06-30,5,0,0,0,1,0,1,3,0,26,182,Unusable
Tommy Pham,502054,238.55,2025-08-11,2,0,0,1,2,0,1,1,0,26,175,Unusable
Logan O'Hoppe,681351,238.67,2025-07-07,2,0,0,0,3,1,2,0,1,26,176,Unusable
Andrew Benintendi,643217,238.69,2025-08-11,2,1,0,0,2,0,1,3,0,26,175,Unusable
Trevor Story,596115,238.76,2025-04-28,5,0,0,0,0,1,2,0,1,26,184,Unusable
Mike Yastrzemski,573262,238.77,2025-06-23,2,0,0,1,2,0,1,1,0,26,181,Unusable
Mike Yastrzemski,573262,238.77,2025-07-28,1,0,0,1,1,0,2,3,0,26,193,Unusable
Myles Straw,664702,238.89,2025-07-07,1,1,0,0,2,1,1,1,1,26,176,Unusable
Leody Taveras,665750,238.9,2025-03-31,2,0,0,0,0,0,1,3,3,26,181,Unusable
Leody Taveras,665750,238.9,2025-04-21,0,2,0,1,0,0,1,1,0,26,177,Unusable
Thairo Estrada,642731,239.19,2025-06-16,1,1,0,1,0,1,1,1,0,26,187,Unusable
Coby Mayo,691723,239.19,2025-06-02,2,1,0,0,2,0,2,0,1,26,170,Unusable
Willi Castro,650489,239.25,2025-05-05,4,0,0,0,2,0,4,0,0,26,196,Unusable
Tyler Freeman,671289,239.42,2025-05-19,2,2,0,0,0,0,1,1,1,26,178,Unusable
Tyler Freeman,671289,239.42,2025-07-07,6,0,0,0,2,0,1,0,0,26,176,Unusable
Tyler Freeman,671289,239.42,2025-07-14,0,3,0,0,0,0,2,2,0,26,68,H6
Tyler Freeman,671289,239.42,2025-08-04,3,1,0,0,1,0,2,0,1,26,180,Unusable
Jacob Young,696285,239.49,2025-08-04,3,0,0,0,1,0,3,0,2,26,180,Unusable
Nolan Schanuel,694384,239.52,2025-05-26,5,0,0,0,3,0,1,0,0,26,167,Unusable
Brett Baty,683146,239.56,2025-09-22,2,0,0,1,0,0,2,3,0,26,150,Unusable
Jonny DeLuca,676356,239.58,2025-03-24,4,0,0,0,2,0,0,0,2,26,90,Unusable
DJ LeMahieu,518934,239.58,2025-05-12,3,0,0,1,1,0,1,1,0,26,178,Unusable
Keibert Ruiz,660688,239.6,2025-04-28,7,0,0,0,1,0,1,0,0,26,184,Unusable
Luisangel Acuna,682668,239.64,2025-05-05,3,0,0,0,0,1,1,2,2,26,196,Unusable
Ty France,664034,239.69,2025-08-18,3,0,0,0,2,1,1,3,0,26,178,Unusable
Maikel Garcia,672580,239.72,2025-03-24,2,1,0,1,0,0,1,1,0,26,90,Unusable
Maikel Garcia,672580,239.72,2025-04-07,4,1,0,0,0,0,1,3,0,26,163,Unusable
Maikel Garcia,672580,239.72,2025-09-15,3,0,0,0,3,0,3,1,0,26,168,Unusable
Jeff McNeil,643446,239.75,2025-07-07,2,0,1,0,2,0,1,2,0,26,176,Unusable
Jeff McNeil,643446,239.75,2025-07-21,1,2,0,0,3,0,1,0,0,26,174,Unusable
Casey Schmitt,669477,239.77,2025-05-19,2,1,0,0,3,1,0,1,0,26,178,Unusable
Casey Schmitt,669477,239.77,2025-07-21,3,0,0,1,1,0,1,1,0,26,174,Unusable
Casey Schmitt,669477,239.77,2025-08-11,4,1,0,0,1,1,1,0,0,26,175,Unusable
Bo Naylor,666310,239.8,2025-09-22,1,2,0,0,1,0,2,2,0,26,150,Unusable
Jordan Lawlar,691783,239.81,2025-09-15,2,1,0,0,2,0,2,2,0,26,168,Unusable
Spencer Horwitz,687462,239.83,2025-09-01,2,1,0,0,3,1,1,0,0,26,173,Unusable
Gavin Sheets,657757,239.88,2025-07-28,0,0,0,1,2,0,1,2,1,26,193,Unusable
Elias Diaz,553869,239.91,2025-07-14,1,0,0,1,1,0,1,4,0,26,68,H6
Caleb Durbin,702332,239.92,2025-06-02,1,0,0,1,2,1,1,1,0,26,170,Unusable
Nolan Gorman,669357,239.92,2025-06-16,0,1,0,0,4,0,3,1,0,26,187,Unusable
Kyle Teel,691019,239.94,2025-08-25,6,0,0,0,2,0,0,1,0,26,181,Unusable
Hunter Goodman,696100,239.98,2025-07-14,2,0,0,1,0,0,2,3,0,26,68,H6
Starling Marte,516782,239.99,2025-05-26,0,0,0,1,1,1,2,1,1,26,167,Unusable
Harrison Bader,664056,239.99,2025-08-11,3,1,0,0,2,1,0,1,0,26,175,Unusable
Jorge Polanco,593871,239.99,2025-05-05,2,1,0,0,2,0,2,2,0,26,196,Unusable
Will Benson,666181,239.99,2025-06-09,2,1,0,0,2,0,2,2,0,26,190,Unusable
Johan Rojas,679032,239.99,2025-05-26,1,0,1,0,1,0,2,2,1,26,167,Unusable
Ke'Bryan Hayes,663647,240,2025-04-28,8,0,0,0,0,0,0,1,0,26,184,Unusable
Dane Myers,667472,240,2025-07-07,4,0,0,0,0,0,2,3,1,26,176,Unusable
James Outman,681546,240,2025-05-05,0,0,0,1,2,0,2,3,0,26,196,Unusable
Miguel Vargas,678246,NA,2025-05-05,1,2,0,0,3,0,1,0,0,26,196,Unusable
Enrique Hernandez,571771,NA,2025-04-21,1,0,0,1,1,0,2,3,0,26,177,Unusable
Orlando Arcia,606115,NA,2025-08-18,1,2,0,0,1,0,2,2,0,26,178,Unusable
Isaac Collins,686555,NA,2025-05-26,2,0,0,0,1,1,0,1,3,26,167,Unusable
Miguel Andujar,609280,NA,2025-04-28,5,0,0,0,1,0,1,1,1,26,184,Unusable
Ivan Herrera,671056,NA,2025-05-26,2,1,0,0,4,0,0,1,0,26,167,Unusable
Ivan Herrera,671056,NA,2025-08-11,5,0,0,0,1,0,1,1,1,26,175,Unusable
Gabriel Arias,672356,NA,2025-03-31,4,0,0,0,3,1,1,0,0,26,181,Unusable
Gabriel Arias,672356,NA,2025-04-21,2,2,0,0,0,0,3,1,0,26,177,Unusable
Gabriel Arias,672356,NA,2025-07-21,0,2,0,1,0,0,1,1,0,26,174,Unusable
Bryce Eldridge,805811,NA,2025-09-22,1,1,0,0,5,0,0,1,0,26,150,Unusable
Mauricio Dubon,643289,NA,2025-08-18,1,0,0,1,1,0,3,2,0,26,178,Unusable
Tyrone Taylor,621438,NA,2025-05-26,2,1,0,0,2,0,1,1,1,26,167,Unusable
Tyrone Taylor,621438,NA,2025-07-07,2,2,0,0,0,0,1,1,1,26,176,Unusable
Addison Barger,680718,NA,2025-06-09,3,1,0,0,1,0,3,1,0,26,190,Unusable
Ernie Clement,676391,NA,2025-07-07,1,2,0,0,1,0,3,1,0,26,176,Unusable
Mike Tauchman,643565,NA,2025-07-28,5,0,0,0,3,0,1,0,0,26,193,Unusable
Kyle Isbel,664728,NA,2025-06-30,2,1,0,0,2,0,2,2,0,26,182,Unusable
Zach McKinstry,656716,NA,2025-05-05,2,0,0,0,4,0,3,1,0,26,196,Unusable
Zach McKinstry,656716,NA,2025-09-15,1,1,0,1,1,0,1,1,0,26,168,Unusable
Lenyn Sosa,672820,NA,2025-09-15,2,0,0,1,0,0,2,3,0,26,168,Unusable
Alex Call,669743,NA,2025-05-05,2,1,0,0,2,0,2,2,0,26,196,Unusable
David Fry,681807,NA,2025-07-28,1,0,0,1,1,0,3,2,0,26,193,Unusable
Brandon Lockridge,663604,NA,2025-08-18,1,2,0,0,1,0,1,1,1,26,178,Unusable
Ryan Noda,676116,NA,2025-06-16,1,0,0,1,3,0,1,1,0,26,187,Unusable
Dylan Carlson,666185,NA,2025-08-25,0,3,0,0,2,0,0,1,0,26,181,Unusable
Vidal Brujan,660644,NA,2025-09-15,3,1,0,0,1,0,2,2,0,26,168,Unusable
Nick Maton,665155,NA,2025-03-31,1,0,0,1,3,0,1,1,0,26,181,Unusable
Nick Maton,665155,NA,2025-04-21,2,1,0,0,2,0,2,2,0,26,177,Unusable
Ramon Urias,602104,NA,2025-09-01,2,0,0,1,0,0,1,4,0,26,173,Unusable
Carson Williams,700246,NA,2025-08-25,3,1,0,0,1,0,1,3,0,26,181,Unusable
Kyle Farmer,571657,NA,2025-06-09,1,1,0,1,1,0,1,1,0,26,190,Unusable
Brett Harris,695391,NA,2025-08-11,2,1,0,0,2,0,3,1,0,26,175,Unusable
Josh Rojas,668942,NA,2025-07-28,1,1,0,1,1,0,1,1,0,26,193,Unusable
Adrian Del Castillo,680728,NA,2025-07-14,4,1,0,0,0,0,2,2,0,26,68,H6
Jonatan Clase,682729,NA,2025-06-23,3,0,0,0,3,0,2,2,0,26,181,Unusable
Pedro Pages,686780,NA,2025-04-21,4,1,0,0,0,0,3,1,0,26,177,Unusable
Thomas Saggese,695336,NA,2025-09-22,4,2,0,0,0,0,0,1,0,26,150,Unusable
Austin Martin,668885,NA,2025-08-11,3,1,0,0,1,0,2,0,1,26,175,Unusable
Jose Iglesias,578428,NA,2025-08-11,0,0,0,1,1,1,2,3,0,26,175,Unusable
Jose Trevino,624431,NA,2025-05-05,0,4,0,0,0,0,0,1,0,26,196,Unusable
Kyle Tucker,663656,7.8,2025-07-14,1,0,0,1,2,0,2,1,0,25,76,H7
Jose Ramirez,608070,8.37,2025-08-04,1,1,0,0,2,0,3,0,1,25,186,Unusable
Yordan Alvarez,670541,9.59,2025-04-14,0,1,0,1,1,0,1,2,0,25,183,Unusable
Kyle Schwarber,656941,12.34,2025-06-02,2,0,0,1,1,0,1,2,0,25,175,Unusable
Jarren Duran,680776,15.71,2025-05-05,4,0,0,0,0,1,3,2,0,25,205,Unusable
Jarren Duran,680776,15.71,2025-06-16,3,0,1,0,0,0,2,0,1,25,191,Unusable
James Wood,695578,32.36,2025-07-07,1,0,0,1,2,0,1,2,0,25,186,Unusable
Trea Turner,607208,35.91,2025-07-14,3,0,0,0,2,0,2,1,1,25,76,H7
Michael Harris II,671739,42.59,2025-07-14,2,0,0,1,1,0,1,2,0,25,76,H7
Michael Harris II,671739,42.59,2025-09-01,1,1,0,0,0,0,2,6,0,25,175,Unusable
Adolis Garcia,666969,49.79,2025-09-22,1,0,0,1,2,0,2,1,0,25,157,Unusable
Oneil Cruz,665833,50.09,2025-09-15,2,0,1,0,1,0,1,3,0,25,176,Unusable
Randy Arozarena,668227,53.57,2025-03-24,0,0,0,1,3,0,2,1,0,25,92,Unusable
Brenton Doyle,686668,56.73,2025-05-26,2,0,0,1,1,0,1,2,0,25,179,Unusable
Christian Yelich,592885,58.87,2025-05-12,2,1,0,0,2,1,2,0,0,25,183,Unusable
Christian Yelich,592885,58.87,2025-08-04,2,1,0,0,1,0,4,1,0,25,186,Unusable
William Contreras,661388,61.55,2025-09-08,4,0,0,0,1,0,0,5,0,25,159,Unusable
Marcus Semien,543760,65.54,2025-08-04,3,1,0,0,2,0,1,1,0,25,186,Unusable
Nick Castellanos,592206,65.98,2025-08-11,1,1,0,1,0,0,2,1,0,25,184,Unusable
Jasson Dominguez,691176,70.56,2025-04-07,2,1,0,0,1,0,1,2,1,25,171,Unusable
Colton Cowser,681297,70.73,2025-03-24,1,0,0,1,1,1,2,1,0,25,92,Unusable
Willy Adames,642715,76.34,2025-05-26,4,0,0,0,3,0,0,0,1,25,179,Unusable
CJ Abrams,682928,79.08,2025-04-07,0,0,0,1,1,0,1,1,2,25,171,Unusable
Spencer Steer,668715,80.57,2025-06-09,3,0,0,1,0,0,1,2,0,25,195,Unusable
Mark Vientos,668901,83.69,2025-05-12,5,1,0,0,0,0,1,1,0,25,183,Unusable
Mark Vientos,668901,83.69,2025-07-21,2,2,0,0,1,0,0,2,0,25,179,Unusable
Matt Chapman,656305,93.14,2025-05-12,4,1,0,0,1,0,2,0,0,25,183,Unusable
Jorge Soler,624585,93.81,2025-04-14,4,1,0,0,1,0,1,1,0,25,183,Unusable
Jorge Soler,624585,93.81,2025-05-12,3,0,0,0,4,0,2,0,0,25,183,Unusable
Tyler O'Neill,641933,104.59,2025-09-15,1,0,0,0,4,0,1,0,2,25,176,Unusable
Eugenio Suarez,553993,104.99,2025-07-28,2,2,0,0,0,1,2,0,0,25,200,Unusable
Ezequiel Tovar,678662,111.22,2025-09-08,1,1,0,0,2,0,2,1,1,25,159,Unusable
Adley Rutschman,668939,112.59,2025-04-21,3,0,0,0,4,0,1,1,0,25,184,Unusable
Paul Goldschmidt,502671,117.94,2025-06-02,1,0,0,1,2,0,2,1,0,25,175,Unusable
Dansby Swanson,621020,124.49,2025-06-02,3,2,0,0,0,0,0,2,0,25,175,Unusable
Dansby Swanson,621020,124.49,2025-07-28,2,1,0,0,1,0,2,3,0,25,200,Unusable
Ceddanne Rafaela,678882,156.21,2025-04-28,2,1,0,0,1,0,3,0,1,25,190,Unusable
Max Muncy,691777,161.48,2025-06-23,4,0,0,0,2,1,2,0,0,25,184,Unusable
Michael Conforto,624424,163,2025-09-15,3,0,0,1,0,0,1,2,0,25,176,Unusable
Jonathan India,663697,164.42,2025-04-07,1,1,0,0,4,0,1,1,0,25,171,Unusable
Xavier Edwards,669364,165.36,2025-05-26,3,2,0,0,0,0,1,1,0,25,179,Unusable
Ryan McMahon,641857,172.9,2025-05-26,2,2,0,0,1,0,0,2,0,25,179,Unusable
Willson Contreras,575929,182.14,2025-09-01,2,0,1,0,1,0,0,4,0,25,175,Unusable
Daulton Varsho,662139,183.34,2025-09-15,2,0,0,1,1,0,2,1,0,25,176,Unusable
Tommy Edman,669242,186.13,2025-06-30,2,0,0,0,4,1,2,0,0,25,185,Unusable
Salvador Perez,521692,194.19,2025-04-14,1,2,0,0,2,0,1,1,0,25,183,Unusable
Salvador Perez,521692,194.19,2025-06-23,3,1,0,0,2,0,0,2,0,25,184,Unusable
Roman Anthony,701350,198.72,2025-07-14,2,1,0,0,3,0,1,1,0,25,76,H7
Bryson Stott,681082,202.3,2025-04-07,3,1,0,0,2,0,0,2,0,25,171,Unusable
Josh Jung,673962,208.9,2025-08-11,1,2,0,0,2,0,1,1,0,25,184,Unusable
Jesus Sanchez,660821,210.78,2025-07-14,1,0,0,1,2,0,2,1,0,25,76,H7
Kristian Campbell,692225,212.49,2025-04-28,0,1,0,1,1,0,1,2,0,25,190,Unusable
Will Smith,669257,215.77,2025-06-23,2,0,0,1,1,0,2,1,0,25,184,Unusable
Will Smith,669257,215.77,2025-07-07,2,1,0,0,3,0,1,1,0,25,186,Unusable
Alec Burleson,676475,219.26,2025-04-07,3,1,0,0,2,0,0,2,0,25,171,Unusable
Alec Burleson,676475,219.26,2025-04-14,4,0,0,0,1,0,0,1,2,25,183,Unusable
Alec Burleson,676475,219.26,2025-04-21,6,0,0,0,1,0,2,0,0,25,184,Unusable
Jordan Walker,691023,219.58,2025-08-11,0,1,0,0,3,0,3,0,1,25,184,Unusable
Shea Langeliers,669127,226.05,2025-06-02,0,3,0,0,1,0,1,1,0,25,175,Unusable
Michael Busch,683737,226.9,2025-04-21,0,1,0,0,5,0,2,0,0,25,184,Unusable
Brandon Marsh,669016,230.99,2025-06-23,3,1,0,0,0,0,2,1,1,25,184,Unusable
Andres Gimenez,665926,231.93,2025-04-28,5,0,0,0,0,0,1,2,1,25,190,Unusable
Andres Gimenez,665926,231.93,2025-06-02,3,1,0,0,2,0,2,0,0,25,175,Unusable
Yainer Diaz,673237,234.25,2025-09-15,3,1,0,0,0,0,2,3,0,25,176,Unusable
Ryan Mountcastle,663624,234.73,2025-09-15,3,0,0,1,0,0,1,2,0,25,176,Unusable
Jordan Beck,687597,234.82,2025-09-15,3,0,0,0,2,0,0,1,2,25,176,Unusable
Sal Frelick,686217,236.71,2025-03-24,5,0,0,0,1,1,1,1,0,25,92,Unusable
Andrew Vaughn,683734,236.76,2025-04-21,3,1,0,0,2,0,1,1,0,25,184,Unusable
Joey Ortiz,687401,237.06,2025-05-05,1,1,0,1,0,0,2,1,0,25,205,Unusable
Tyler Fitzgerald,666149,237.85,2025-05-19,3,1,0,0,2,0,0,0,1,25,187,Unusable
Masataka Yoshida,807799,238.11,2025-09-08,4,0,0,0,1,0,2,3,0,25,159,Unusable
Giancarlo Stanton,519317,238.16,2025-09-08,2,0,0,1,1,0,2,1,0,25,159,Unusable
Tommy Pham,502054,238.55,2025-03-24,1,1,0,0,1,1,1,0,2,25,92,Unusable
Kris Bryant,592178,238.62,2025-03-31,3,1,0,0,2,0,1,1,0,25,187,Unusable
Logan O'Hoppe,681351,238.67,2025-04-07,5,1,0,0,0,0,2,0,0,25,171,Unusable
Andrew Benintendi,643217,238.69,2025-07-14,1,1,0,0,2,0,3,2,0,25,76,H7
Trevor Story,596115,238.76,2025-05-19,2,1,0,0,1,0,2,1,1,25,187,Unusable
Myles Straw,664702,238.89,2025-07-21,2,1,0,0,1,0,4,1,0,25,179,Unusable
Ben Rice,700250,239.01,2025-08-04,3,1,0,0,2,0,0,2,0,25,186,Unusable
Francisco Alvarez,682626,239.35,2025-05-05,6,0,0,0,0,1,2,0,0,25,205,Unusable
Jesse Winker,608385,239.37,2025-04-14,0,2,0,0,1,0,1,2,1,25,183,Unusable
Matt Vierling,663837,239.52,2025-06-30,1,1,0,0,4,0,1,1,0,25,185,Unusable
DJ LeMahieu,518934,239.58,2025-05-26,3,1,0,0,2,0,0,2,0,25,179,Unusable
Josh Smith,669701,239.59,2025-08-04,1,2,0,0,2,0,1,1,0,25,186,Unusable
Jonathan Aranda,666018,239.63,2025-03-24,0,3,0,0,0,1,1,1,0,25,92,Unusable
Dominic Canzone,686527,239.73,2025-09-08,2,1,0,0,1,0,1,4,0,25,159,Unusable
Casey Schmitt,669477,239.77,2025-07-07,2,1,0,0,3,0,1,1,0,25,186,Unusable
Bo Naylor,666310,239.8,2025-06-09,1,0,0,1,2,0,2,1,0,25,195,Unusable
Gavin Sheets,657757,239.88,2025-04-07,1,0,0,1,2,0,1,2,0,25,171,Unusable
Gavin Sheets,657757,239.88,2025-09-22,3,0,0,0,2,0,3,2,0,25,157,Unusable
Ryan O'Hearn,656811,239.89,2025-07-21,4,0,0,0,1,0,2,3,0,25,179,Unusable
Tyler Stephenson,663886,239.91,2025-06-23,1,1,0,0,4,0,1,1,0,25,184,Unusable
Nick Gonzales,693304,239.92,2025-08-11,6,0,0,0,1,0,2,0,0,25,184,Unusable
Kyle Teel,691019,239.94,2025-06-09,2,0,0,0,3,0,2,1,1,25,195,Unusable
Jake Meyers,676694,239.95,2025-05-26,2,2,0,0,1,0,2,0,0,25,179,Unusable
Brooks Lee,686797,239.95,2025-04-14,0,0,0,1,3,0,2,1,0,25,183,Unusable
Brooks Lee,686797,239.95,2025-09-01,4,1,0,0,1,0,1,1,0,25,175,Unusable
Will Wagner,695238,239.98,2025-07-07,3,1,0,0,0,2,2,0,0,25,186,Unusable
Hunter Goodman,696100,239.98,2025-05-19,4,0,0,0,1,0,1,2,1,25,187,Unusable
Hunter Goodman,696100,239.98,2025-09-08,2,0,0,1,1,0,2,1,0,25,159,Unusable
Michael Massey,686681,239.99,2025-05-12,2,0,0,1,1,0,2,1,0,25,183,Unusable
Jose Miranda,669304,240,2025-03-31,1,0,0,1,0,0,1,5,0,25,187,Unusable
Patrick Bailey,672275,240,2025-04-28,2,2,0,0,1,0,2,0,0,25,190,Unusable
Patrick Bailey,672275,240,2025-06-02,1,2,0,0,2,0,1,1,0,25,175,Unusable
Nick Kurtz,701762,NA,2025-05-12,0,1,0,1,1,0,2,1,0,25,183,Unusable
Miguel Vargas,678246,NA,2025-04-14,1,2,0,0,1,1,2,0,0,25,183,Unusable
Enrique Hernandez,571771,NA,2025-04-07,1,0,0,1,2,0,1,2,0,25,171,Unusable
Marcelo Mayer,691785,NA,2025-06-16,1,0,0,1,2,0,2,1,0,25,191,Unusable
Mitch Garver,641598,NA,2025-07-14,2,0,0,1,0,1,2,1,0,25,76,H7
Mitch Garver,641598,NA,2025-08-11,1,0,0,1,2,0,2,1,0,25,184,Unusable
Jack Suwinski,669261,NA,2025-03-24,1,1,0,0,2,0,0,1,2,25,92,Unusable
Jack Suwinski,669261,NA,2025-07-28,0,0,0,0,6,1,2,0,0,25,200,Unusable
Brayan Rocchio,677587,NA,2025-07-14,1,2,0,0,0,0,2,3,0,25,76,H7
Blake Perkins,663368,NA,2025-07-14,2,0,1,0,1,0,2,0,1,25,76,H7
Isaac Collins,686555,NA,2025-09-22,1,1,0,0,3,1,2,0,0,25,157,Unusable
Mickey Moniak,666160,NA,2025-05-26,2,0,0,1,1,0,2,1,0,25,179,Unusable
Luis Matos,682641,NA,2025-05-26,1,0,0,1,0,0,1,3,1,25,179,Unusable
Mauricio Dubon,643289,NA,2025-09-22,1,1,0,0,2,0,4,1,0,25,157,Unusable
David Hamilton,666152,NA,2025-06-30,2,0,0,0,1,0,1,1,3,25,185,Unusable
Tyrone Taylor,621438,NA,2025-09-22,3,1,0,0,0,0,1,2,1,25,157,Unusable
Jake Fraley,641584,NA,2025-06-02,2,0,0,0,3,0,4,1,0,25,175,Unusable
Jake Fraley,641584,NA,2025-06-16,3,1,0,0,0,0,2,3,0,25,191,Unusable
Javier Baez,595879,NA,2025-04-07,3,1,0,0,2,0,1,1,0,25,171,Unusable
Kyle Isbel,664728,NA,2025-09-01,2,1,0,0,2,1,1,1,0,25,175,Unusable
Rece Hinds,677956,NA,2025-05-05,0,1,0,1,1,0,1,2,0,25,205,Unusable
Angel Martinez,682657,NA,2025-06-02,2,0,0,1,1,0,1,2,0,25,175,Unusable
Angel Martinez,682657,NA,2025-09-01,5,0,0,0,1,1,2,0,0,25,175,Unusable
Ezequiel Duran,677649,NA,2025-06-09,0,2,0,0,1,2,1,1,0,25,195,Unusable
Sam Haggerty,664059,NA,2025-05-12,2,1,0,0,1,0,3,0,1,25,183,Unusable
Jonah Heim,641680,NA,2025-06-23,1,1,0,1,0,0,1,2,0,25,184,Unusable
Lenyn Sosa,672820,NA,2025-05-26,5,1,0,0,0,0,1,1,0,25,179,Unusable
David Fry,681807,NA,2025-09-08,1,1,0,1,0,0,1,2,0,25,159,Unusable
Connor Wong,657136,NA,2025-08-04,2,1,0,0,1,0,2,3,0,25,186,Unusable
Martin Maldonado,455117,NA,2025-07-21,2,2,0,0,1,0,1,1,0,25,179,Unusable
Agustin Ramirez,682663,NA,2025-09-01,3,0,0,0,2,0,3,0,1,25,175,Unusable
Luis Torrens,620443,NA,2025-03-31,3,0,0,1,0,0,1,2,0,25,187,Unusable
Luis Torrens,620443,NA,2025-04-21,3,1,0,0,0,0,1,4,0,25,184,Unusable
Andy Ibanez,628451,NA,2025-05-19,1,1,0,0,0,2,3,2,0,25,187,Unusable
Derek Hill,656537,NA,2025-04-07,0,0,0,1,1,0,2,2,1,25,171,Unusable
Derek Hill,656537,NA,2025-08-04,0,1,0,1,1,0,2,1,0,25,186,Unusable
Ramon Urias,602104,NA,2025-07-21,2,1,0,0,3,0,1,1,0,25,179,Unusable
Max Schuemann,680474,NA,2025-08-04,0,3,0,0,1,0,2,0,0,25,186,Unusable
Brett Harris,695391,NA,2025-08-25,2,1,0,0,1,0,5,0,0,25,187,Unusable
Brett Harris,695391,NA,2025-09-22,3,1,0,0,2,0,2,0,0,25,157,Unusable
Ronny Mauricio,677595,NA,2025-07-28,1,0,0,1,2,0,2,1,0,25,200,Unusable
Drew Waters,671221,NA,2025-06-02,3,0,0,0,2,0,3,0,1,25,175,Unusable
Pedro Pages,686780,NA,2025-05-26,1,0,0,1,2,0,1,2,0,25,179,Unusable
Thomas Saggese,695336,NA,2025-03-31,1,0,0,1,0,0,2,4,0,25,187,Unusable
Jose Iglesias,578428,NA,2025-07-21,3,0,0,0,2,0,0,1,2,25,179,Unusable
Jose Iglesias,578428,NA,2025-07-28,1,1,0,0,2,0,5,0,0,25,200,Unusable
Jose Trevino,624431,NA,2025-06-16,2,2,0,0,1,0,2,0,0,25,191,Unusable
Jose Trevino,624431,NA,2025-09-01,3,1,0,0,0,0,3,2,0,25,175,Unusable
Aaron Judge,592450,2.1,2025-07-21,0,0,0,1,2,0,1,3,0,24,185,Unusable
Juan Soto,665742,3.25,2025-07-28,3,0,0,0,0,1,1,1,2,24,205,Unusable
Mookie Betts,605141,16.08,2025-07-07,2,1,0,0,1,1,2,1,0,24,190,Unusable
Francisco Lindor,596019,17.8,2025-06-23,3,1,0,0,1,0,2,1,0,24,190,Unusable
Brent Rooker,667670,20.89,2025-09-22,2,0,0,0,4,0,1,2,0,24,163,Unusable
Matt Olson,621566,21.79,2025-04-07,4,0,0,0,2,0,0,3,0,24,181,Unusable
Wyatt Langford,694671,24.34,2025-06-02,3,1,0,0,1,0,1,2,0,24,184,Unusable
Marcell Ozuna,542303,25.41,2025-06-02,0,1,0,0,2,0,3,3,0,24,184,Unusable
Freddie Freeman,518692,26.39,2025-06-16,5,0,0,0,0,1,3,0,0,24,195,Unusable
Pete Alonso,624413,29.95,2025-05-12,3,1,0,0,1,0,0,3,0,24,190,Unusable
Mike Trout,545361,36.46,2025-05-26,4,1,0,0,0,0,1,2,0,24,189,Unusable
Corey Seager,608369,43.68,2025-07-14,2,2,0,0,0,0,0,3,0,24,85,Unusable
Manny Machado,592518,45.54,2025-08-25,4,0,0,0,2,0,2,1,0,24,188,Unusable
Cody Bellinger,641355,47.51,2025-07-14,2,0,0,1,0,0,2,2,0,24,85,Unusable
Seiya Suzuki,673548,54.65,2025-07-14,1,0,0,1,1,0,1,3,0,24,85,Unusable
Ozzie Albies,645277,58.95,2025-03-24,1,0,0,1,1,0,1,3,0,24,98,Unusable
Marcus Semien,543760,65.54,2025-05-19,4,0,0,0,1,1,0,1,1,24,191,Unusable
Junior Caminero,691406,65.87,2025-03-24,4,1,0,0,0,0,2,1,0,24,98,Unusable
CJ Abrams,682928,79.08,2025-07-14,0,1,0,1,0,0,1,3,0,24,85,Unusable
Taylor Ward,621493,83.15,2025-09-01,2,0,0,0,4,0,2,1,0,24,182,Unusable
Bo Bichette,666182,84.67,2025-05-19,4,0,0,0,0,0,3,3,0,24,191,Unusable
George Springer,543807,107.02,2025-06-16,5,0,0,0,1,0,2,1,0,24,195,Unusable
George Springer,543807,107.02,2025-08-11,1,0,0,1,0,1,2,2,0,24,189,Unusable
JJ Bleday,668709,111.18,2025-03-24,2,1,0,0,2,0,2,1,0,24,98,Unusable
Ezequiel Tovar,678662,111.22,2025-05-26,1,0,0,1,1,0,3,1,0,24,189,Unusable
Isaac Paredes,670623,121.15,2025-04-14,2,0,0,0,4,0,1,2,0,24,190,Unusable
Jung Hoo Lee,808982,132.35,2025-08-25,3,1,0,0,1,0,2,1,0,24,188,Unusable
Josh Lowe,666139,138.27,2025-06-02,0,2,0,0,2,0,1,0,1,24,184,Unusable
Josh Lowe,666139,138.27,2025-08-11,0,2,0,0,0,0,2,2,1,24,189,Unusable
Michael Toglia,669911,138.78,2025-05-19,0,1,1,0,2,0,1,1,0,24,191,Unusable
Alec Bohm,664761,148.29,2025-03-24,3,1,0,0,1,0,1,2,0,24,98,Unusable
Yandy Diaz,650490,154.91,2025-03-31,3,1,0,0,1,0,2,1,0,24,191,Unusable
Yandy Diaz,650490,154.91,2025-05-12,4,0,0,0,0,0,0,4,1,24,190,Unusable
Nolan Jones,666134,157.02,2025-04-14,3,1,0,0,3,0,0,0,0,24,190,Unusable
Max Muncy,571970,161.48,2025-08-11,0,0,0,1,2,0,1,3,0,24,189,Unusable
Michael Conforto,624424,163,2025-04-07,3,0,0,0,3,0,3,0,0,24,181,Unusable
Michael Conforto,624424,163,2025-04-28,0,0,0,0,4,0,3,1,1,24,194,Unusable
Xavier Edwards,669364,165.36,2025-09-15,4,0,0,0,0,0,1,1,2,24,183,Unusable
Luis Arraez,650333,168.81,2025-07-14,5,0,0,0,1,0,2,1,0,24,85,Unusable
Garrett Mitchell,669003,170.7,2025-04-21,2,0,0,0,2,0,2,0,2,24,189,Unusable
Tommy Edman,669242,186.13,2025-07-28,2,0,0,1,0,0,2,2,0,24,205,Unusable
Tommy Edman,669242,186.13,2025-09-15,2,0,0,1,0,0,2,2,0,24,183,Unusable
Jo Adell,666176,198.16,2025-07-21,2,1,0,0,2,0,0,3,0,24,185,Unusable
Bryson Stott,681082,202.3,2025-06-23,5,0,0,0,1,0,3,0,0,24,190,Unusable
Jake McCarthy,664983,205.86,2025-09-15,2,2,0,0,0,0,3,0,0,24,183,Unusable
Carlos Correa,621043,209.38,2025-05-19,1,0,0,1,1,0,3,1,0,24,191,Unusable
Carlos Correa,621043,209.38,2025-06-30,4,0,0,0,2,0,2,1,0,24,188,Unusable
Nico Hoerner,663538,212.11,2025-07-14,5,0,0,0,0,1,0,1,1,24,85,Unusable
Will Smith,669257,215.77,2025-03-24,2,0,0,1,0,0,2,2,0,24,98,Unusable
Jordan Walker,691023,219.58,2025-08-25,1,0,0,1,1,0,2,2,0,24,188,Unusable
Shea Langeliers,669127,226.05,2025-03-24,1,0,0,1,1,0,1,3,0,24,98,Unusable
Matt Shaw,807713,227.33,2025-06-30,1,0,0,0,3,0,3,1,1,24,188,Unusable
Jake Cronenworth,630105,229.63,2025-08-18,2,0,0,0,3,1,2,1,0,24,185,Unusable
Andres Gimenez,665926,231.93,2025-08-11,4,0,0,0,2,0,3,0,0,24,189,Unusable
Andres Gimenez,665926,231.93,2025-09-08,3,1,0,0,1,0,1,2,0,24,166,Unusable
Ryan Mountcastle,663624,234.73,2025-09-22,1,0,0,1,1,0,2,2,0,24,163,Unusable
Jordan Beck,687597,234.82,2025-04-14,1,0,1,0,1,0,2,3,0,24,190,Unusable
Kyle Manzardo,700932,237.05,2025-05-05,1,0,0,1,1,0,2,2,0,24,209,Unusable
Joey Ortiz,687401,237.06,2025-04-28,4,0,0,0,0,0,2,0,2,24,194,Unusable
Luke Raley,670042,237.24,2025-06-16,3,1,0,0,0,1,1,2,0,24,195,Unusable
Spencer Torkelson,679529,237.98,2025-07-28,6,0,0,0,0,0,0,1,1,24,205,Unusable
Josh Bell,605137,238,2025-08-18,0,0,0,1,2,0,2,2,0,24,185,Unusable
Heston Kjerstad,677008,238.03,2025-04-28,3,1,0,0,1,0,1,0,1,24,194,Unusable
Masataka Yoshida,807799,238.11,2025-09-01,2,2,0,0,0,0,2,1,0,24,182,Unusable
Christopher Morel,666624,238.29,2025-09-08,1,0,0,1,1,0,1,3,0,24,166,Unusable
Gavin Lux,666158,238.36,2025-06-30,1,1,0,0,3,0,3,0,0,24,188,Unusable
Jhonkensy Noel,678877,238.56,2025-09-01,2,0,0,1,0,0,3,1,0,24,182,Unusable
Mike Yastrzemski,573262,238.77,2025-05-19,2,0,1,0,2,0,2,0,0,24,191,Unusable
Mike Yastrzemski,573262,238.77,2025-09-01,1,1,0,0,3,0,2,1,0,24,182,Unusable
Myles Straw,664702,238.89,2025-09-08,1,1,0,0,1,0,3,1,1,24,166,Unusable
Leody Taveras,665750,238.9,2025-04-14,2,1,0,0,0,0,2,2,1,24,190,Unusable
Leody Taveras,665750,238.9,2025-05-05,2,1,0,0,0,0,1,3,1,24,209,Unusable
Ben Rice,700250,239.01,2025-07-21,1,0,0,1,1,0,3,1,0,24,185,Unusable
Pavin Smith,656976,239.18,2025-03-31,3,0,0,0,3,0,2,1,0,24,191,Unusable
Francisco Alvarez,682626,239.35,2025-06-16,1,0,0,1,1,0,3,1,0,24,195,Unusable
Justin Turner,457759,239.35,2025-07-28,0,1,0,1,0,0,2,2,0,24,205,Unusable
Jacob Young,696285,239.49,2025-04-14,3,0,0,0,3,0,1,0,1,24,190,Unusable
Adam Frazier,624428,239.6,2025-03-31,4,0,0,0,1,1,1,2,0,24,191,Unusable
Keibert Ruiz,660688,239.6,2025-03-31,4,0,0,0,1,1,0,3,0,24,191,Unusable
Keibert Ruiz,660688,239.6,2025-05-05,3,1,0,0,1,0,2,1,0,24,209,Unusable
Jonathan Aranda,666018,239.63,2025-05-19,3,0,0,0,1,0,2,4,0,24,191,Unusable
Zac Veen,691728,239.66,2025-04-14,0,0,0,1,1,1,1,1,1,24,190,Unusable
Casey Schmitt,669477,239.77,2025-08-04,1,0,0,1,1,0,1,3,0,24,194,Unusable
Casey Schmitt,669477,239.77,2025-09-08,2,1,0,0,2,0,1,2,0,24,166,Unusable
Miguel Rojas,500743,239.78,2025-06-30,1,0,0,1,1,0,1,3,0,24,188,Unusable
Bo Naylor,666310,239.8,2025-09-01,1,2,0,0,1,0,3,0,0,24,182,Unusable
Gavin Sheets,657757,239.88,2025-06-30,5,0,0,0,3,0,0,0,0,24,188,Unusable
Nolan Gorman,669357,239.92,2025-03-24,2,0,0,1,0,0,3,1,0,24,98,Unusable
Nolan Gorman,669357,239.92,2025-09-08,0,2,0,0,2,0,2,1,0,24,166,Unusable
Oliver Dunn,686554,239.96,2025-03-31,2,1,0,0,0,0,2,4,0,24,191,Unusable
Starling Marte,516782,239.99,2025-03-31,0,0,0,1,0,2,2,2,0,24,191,Unusable
Davis Schneider,676914,239.99,2025-07-21,0,1,0,0,4,0,2,1,0,24,185,Unusable
Will Benson,666181,239.99,2025-06-30,2,0,0,1,0,0,2,2,0,24,188,Unusable
Ke'Bryan Hayes,663647,240,2025-04-07,2,0,0,0,4,0,2,1,0,24,181,Unusable
Ke'Bryan Hayes,663647,240,2025-06-30,4,0,0,0,0,0,2,2,1,24,188,Unusable
Patrick Bailey,672275,240,2025-07-21,2,2,0,0,0,0,1,2,0,24,185,Unusable
Patrick Bailey,672275,240,2025-08-11,3,1,0,0,1,0,1,2,0,24,189,Unusable
Patrick Bailey,672275,240,2025-09-15,3,1,0,0,1,0,2,1,0,24,183,Unusable
James Outman,681546,240,2025-05-12,1,0,0,1,1,0,3,1,0,24,190,Unusable
Brayan Rocchio,677587,NA,2025-03-31,2,1,0,0,0,2,0,3,0,24,191,Unusable
Blake Perkins,663368,NA,2025-07-21,1,1,0,0,1,0,1,3,1,24,185,Unusable
Orlando Arcia,606115,NA,2025-06-16,2,1,1,0,0,0,2,0,0,24,195,Unusable
Orlando Arcia,606115,NA,2025-08-25,3,1,0,0,1,0,1,2,0,24,188,Unusable
Mickey Moniak,666160,NA,2025-05-19,2,0,0,1,0,0,2,2,0,24,191,Unusable
Amed Rosario,642708,NA,2025-03-24,2,0,0,1,0,0,3,1,0,24,98,Unusable
Amed Rosario,642708,NA,2025-05-05,3,1,0,0,1,0,1,2,0,24,209,Unusable
Amed Rosario,642708,NA,2025-05-12,4,0,0,0,0,2,1,2,0,24,190,Unusable
Mauricio Dubon,643289,NA,2025-05-26,3,1,0,0,1,0,1,2,0,24,189,Unusable
Tyrone Taylor,621438,NA,2025-04-07,3,0,1,0,0,1,1,1,0,24,181,Unusable
Tyrone Taylor,621438,NA,2025-05-12,0,2,0,0,0,2,1,0,1,24,190,Unusable
Jake Fraley,641584,NA,2025-07-14,2,2,0,0,0,0,1,2,0,24,85,Unusable
Kyle Stowers,669065,NA,2025-06-09,4,0,0,0,2,0,3,0,0,24,199,Unusable
Colby Thomas,687515,NA,2025-09-08,2,0,0,1,0,0,3,1,0,24,166,Unusable
Addison Barger,680718,NA,2025-08-18,1,1,0,0,3,0,3,0,0,24,185,Unusable
Javier Baez,595879,NA,2025-04-14,5,0,0,0,1,0,3,0,0,24,190,Unusable
Javier Baez,595879,NA,2025-06-02,6,0,0,0,0,0,2,1,0,24,184,Unusable
Ernie Clement,676391,NA,2025-06-02,3,1,0,0,1,0,3,0,0,24,184,Unusable
Kyle Isbel,664728,NA,2025-07-21,4,0,0,0,1,1,3,0,0,24,185,Unusable
Angel Martinez,682657,NA,2025-05-12,3,0,0,0,2,1,1,0,1,24,190,Unusable
Korey Lee,686676,NA,2025-03-31,2,2,0,0,0,0,2,1,0,24,191,Unusable
Rowdy Tellez,642133,NA,2025-04-07,0,1,0,1,0,0,1,3,0,24,181,Unusable
Rowdy Tellez,642133,NA,2025-04-21,1,1,0,0,2,1,2,1,0,24,189,Unusable
Jon Berti,542932,NA,2025-04-07,1,0,0,0,0,1,3,0,3,24,181,Unusable
Alex Call,669743,NA,2025-04-21,3,1,0,0,1,0,2,1,0,24,189,Unusable
David Fry,681807,NA,2025-09-01,1,0,0,1,1,0,1,3,0,24,182,Unusable
Henry Davis,680779,NA,2025-08-04,2,0,0,1,0,0,2,2,0,24,194,Unusable
Brandon Lockridge,663604,NA,2025-05-05,1,1,0,0,1,0,2,0,2,24,209,Unusable
Garrett Hampson,641658,NA,2025-03-31,1,0,0,0,3,0,4,0,1,24,191,Unusable
Edmundo Sosa,624641,NA,2025-03-24,3,1,0,0,1,0,2,1,0,24,98,Unusable
Luis Torrens,620443,NA,2025-05-19,3,1,0,0,1,0,3,0,0,24,191,Unusable
Travis d'Arnaud,518595,NA,2025-06-09,0,0,0,1,2,0,2,2,0,24,199,Unusable
Ramon Urias,602104,NA,2025-04-14,2,1,0,0,2,0,2,1,0,24,190,Unusable
Carson Williams,700246,NA,2025-09-01,1,0,0,1,1,0,1,3,0,24,182,Unusable
Kyle Farmer,571657,NA,2025-07-07,1,0,0,1,1,0,2,2,0,24,190,Unusable
Brett Harris,695391,NA,2025-09-15,2,1,0,0,1,1,0,1,1,24,183,Unusable
Josh Rojas,668942,NA,2025-07-07,0,1,0,1,0,0,2,2,0,24,190,Unusable
Jose Iglesias,578428,NA,2025-07-07,4,1,0,0,0,0,1,2,0,24,190,Unusable
Corbin Carroll,682998,6.36,2025-04-28,4,0,0,0,0,1,1,3,0,23,197,Unusable
Kyle Tucker,663656,7.8,2025-08-11,2,0,0,0,3,0,2,0,1,23,194,Unusable
Gunnar Henderson,683002,12.24,2025-04-21,4,1,0,0,1,0,0,1,0,23,192,Unusable
Wyatt Langford,694671,24.34,2025-04-07,0,1,0,1,1,0,1,1,0,23,187,Unusable
Bryce Harper,547180,27.32,2025-06-30,3,0,0,0,3,1,1,0,0,23,195,Unusable
Teoscar Hernandez,606192,29.24,2025-06-02,1,1,0,0,2,0,3,1,0,23,189,Unusable
Teoscar Hernandez,606192,29.24,2025-07-07,2,1,0,0,1,0,1,3,0,23,194,Unusable
Anthony Santander,623993,32.63,2025-04-21,0,0,0,1,3,0,1,1,0,23,192,Unusable
Michael Harris II,671739,42.59,2025-06-30,3,0,1,0,0,0,1,0,1,23,195,Unusable
Riley Greene,682985,44.7,2025-07-21,4,0,0,0,1,0,2,2,0,23,192,Unusable
Adolis Garcia,666969,49.79,2025-06-02,5,0,0,0,0,0,1,1,1,23,189,Unusable
Adolis Garcia,666969,49.79,2025-08-04,3,2,0,0,0,0,1,0,0,23,196,Unusable
Seiya Suzuki,673548,54.65,2025-07-21,2,0,0,0,3,0,1,1,1,23,192,Unusable
Alex Bregman,608324,60.11,2025-05-19,2,1,0,0,3,0,0,1,0,23,199,Unusable
Jose Altuve,514888,81.09,2025-04-14,5,1,0,0,0,0,1,0,0,23,198,Unusable
Steven Kwan,680757,82.5,2025-06-09,1,0,0,1,2,0,1,1,0,23,201,Unusable
Taylor Ward,621493,83.15,2025-04-14,1,3,0,0,0,0,1,0,0,23,198,Unusable
Mark Vientos,668901,83.69,2025-05-19,1,1,0,0,2,2,1,0,0,23,199,Unusable
Mark Vientos,668901,83.69,2025-08-11,1,0,0,1,0,0,1,4,0,23,194,Unusable
Mark Vientos,668901,83.69,2025-09-22,3,0,0,0,2,0,1,1,1,23,165,Unusable
Matt McLain,680574,91.6,2025-05-19,3,1,0,0,0,0,1,1,1,23,199,Unusable
Eugenio Suarez,553993,104.99,2025-06-23,4,1,0,0,0,1,0,1,0,23,192,Unusable
George Springer,543807,107.02,2025-07-07,1,1,0,0,2,0,2,0,1,23,194,Unusable
Jake Burger,669394,115.47,2025-03-24,1,1,0,0,1,1,3,1,0,23,107,Unusable
Paul Goldschmidt,502671,117.94,2025-08-25,1,2,0,0,0,0,3,1,0,23,192,Unusable
Dansby Swanson,621020,124.49,2025-05-26,2,1,0,0,1,0,1,3,0,23,192,Unusable
Kerry Carpenter,681481,130.48,2025-08-18,1,0,1,0,2,0,1,2,0,23,188,Unusable
Michael Toglia,669911,138.78,2025-03-31,3,1,0,0,2,0,1,0,0,23,200,Unusable
Byron Buxton,621439,140.84,2025-08-18,3,0,0,0,2,0,1,1,1,23,188,Unusable
Joc Pederson,592626,151.33,2025-03-31,1,1,0,0,3,1,1,0,0,23,200,Unusable
Michael Conforto,624424,163,2025-03-24,0,2,0,0,1,0,2,2,0,23,107,Unusable
Michael Conforto,624424,163,2025-09-01,4,0,0,0,3,0,1,0,0,23,189,Unusable
Brendan Donovan,680977,177.69,2025-03-24,4,0,0,0,1,0,2,2,0,23,107,Unusable
Jeremy Pena,665161,180.02,2025-06-23,1,2,0,0,1,1,1,0,0,23,192,Unusable
Willson Contreras,575929,182.14,2025-06-30,3,1,0,0,1,1,1,0,0,23,195,Unusable
Evan Carter,694497,197.41,2025-06-30,2,0,0,0,1,0,1,0,3,23,195,Unusable
Jo Adell,666176,198.16,2025-07-28,2,0,1,0,1,0,2,1,0,23,209,Unusable
Roman Anthony,701350,198.72,2025-08-04,3,1,0,0,2,0,0,1,0,23,196,Unusable
Bryson Stott,681082,202.3,2025-05-19,5,0,0,0,0,0,2,0,1,23,199,Unusable
Bryson Stott,681082,202.3,2025-07-07,2,1,0,0,1,0,1,1,1,23,194,Unusable
Jesus Sanchez,660821,210.78,2025-04-14,3,1,0,0,2,0,1,0,0,23,198,Unusable
Nico Hoerner,663538,212.11,2025-06-16,4,0,0,0,0,1,2,2,0,23,200,Unusable
Alec Burleson,676475,219.26,2025-07-14,2,0,0,1,1,0,1,1,0,23,92,Unusable
Andy Pages,681624,228.33,2025-04-14,3,0,0,0,1,1,1,3,0,23,198,Unusable
Jake Cronenworth,630105,229.63,2025-09-22,2,0,0,0,3,0,1,3,0,23,165,Unusable
Brice Turang,668930,230.59,2025-04-28,4,0,0,0,3,0,0,1,0,23,197,Unusable
Austin Wells,669224,234.46,2025-07-28,2,0,0,0,1,0,3,0,2,23,209,Unusable
Colt Keith,690993,235.65,2025-04-07,5,0,0,0,0,0,3,1,0,23,187,Unusable
Luke Raley,670042,237.24,2025-06-30,2,2,0,0,1,0,1,0,0,23,195,Unusable
Carlos Santana,467793,237.36,2025-06-16,2,0,0,0,1,0,1,2,2,23,200,Unusable
Josh Bell,605137,238,2025-03-24,0,0,0,1,1,0,2,3,0,23,107,Unusable
Josh Bell,605137,238,2025-04-14,1,0,0,1,2,0,1,1,0,23,198,Unusable
Heston Kjerstad,677008,238.03,2025-05-19,2,1,0,0,1,0,3,1,0,23,199,Unusable
Masataka Yoshida,807799,238.11,2025-08-25,4,0,0,0,3,0,1,0,0,23,192,Unusable
Gavin Lux,666158,238.36,2025-07-07,3,1,0,0,2,0,1,0,0,23,194,Unusable
Gavin Lux,666158,238.36,2025-08-11,5,0,0,0,0,0,1,3,0,23,194,Unusable
Logan O'Hoppe,681351,238.67,2025-05-05,5,0,0,0,0,0,1,3,0,23,214,Unusable
Myles Straw,664702,238.89,2025-03-31,3,2,0,0,0,0,1,0,0,23,200,Unusable
Myles Straw,664702,238.89,2025-05-12,3,1,0,0,0,0,1,1,1,23,196,Unusable
Myles Straw,664702,238.89,2025-06-02,1,1,0,0,0,0,2,3,1,23,189,Unusable
Coby Mayo,691723,239.19,2025-06-09,1,2,0,0,2,0,0,1,0,23,201,Unusable
Nolan Schanuel,694384,239.52,2025-09-22,1,0,0,1,2,0,1,1,0,23,165,Unusable
Keibert Ruiz,660688,239.6,2025-05-26,3,1,0,0,0,0,2,2,0,23,192,Unusable
Ty France,664034,239.69,2025-08-25,3,0,0,1,0,0,1,1,0,23,192,Unusable
Maikel Garcia,672580,239.72,2025-06-30,3,1,0,0,2,0,0,1,0,23,195,Unusable
Sean Murphy,669221,239.72,2025-05-12,2,0,0,1,0,1,1,1,0,23,196,Unusable
Oswaldo Cabrera,665828,239.74,2025-03-31,3,0,0,0,2,0,0,4,0,23,200,Unusable
Jeff McNeil,643446,239.75,2025-07-14,1,1,0,0,4,0,0,1,0,23,92,Unusable
Kevin Newman,621028,239.88,2025-06-23,1,0,0,1,0,0,1,4,0,23,192,Unusable
Ryan O'Hearn,656811,239.89,2025-08-11,1,2,0,0,0,0,2,2,0,23,194,Unusable
Alek Thomas,677950,239.91,2025-05-05,4,1,0,0,0,1,1,0,0,23,214,Unusable
Kyle Teel,691019,239.94,2025-07-07,1,0,0,0,3,1,2,2,0,23,194,Unusable
Alexander Canario,672744,239.96,2025-05-26,4,0,0,0,1,0,2,0,1,23,192,Unusable
Alexander Canario,672744,239.96,2025-09-08,2,0,0,1,1,0,1,1,0,23,172,Unusable
Endy Rodriguez,682848,239.97,2025-03-31,1,2,0,0,0,0,2,2,0,23,200,Unusable
Endy Rodriguez,682848,239.97,2025-04-07,4,1,0,0,1,0,1,0,0,23,187,Unusable
Brendan Rodgers,663898,239.98,2025-04-21,1,1,0,0,1,1,1,3,0,23,192,Unusable
Colson Montgomery,695657,239.98,2025-09-08,1,1,0,0,2,0,1,3,0,23,172,Unusable
Harrison Bader,664056,239.99,2025-07-28,3,0,0,0,2,0,2,0,1,23,209,Unusable
Jorge Polanco,593871,239.99,2025-05-12,2,0,0,1,1,0,1,1,0,23,196,Unusable
Michael Massey,686681,239.99,2025-05-05,4,1,0,0,1,0,1,0,0,23,214,Unusable
Michael Massey,686681,239.99,2025-05-19,5,0,0,0,0,0,1,1,1,23,199,Unusable
Patrick Bailey,672275,240,2025-06-30,2,1,0,0,1,0,1,3,0,23,195,Unusable
Miguel Vargas,678246,NA,2025-08-11,4,0,0,0,3,0,1,0,0,23,194,Unusable
Gabriel Moreno,672515,NA,2025-06-09,1,0,0,1,0,0,2,3,0,23,201,Unusable
Marcelo Mayer,691785,NA,2025-05-26,3,1,0,0,2,0,1,0,0,23,192,Unusable
Yoan Moncada,660162,NA,2025-08-25,1,1,0,0,4,0,1,0,0,23,192,Unusable
Joey Bart,663698,NA,2025-04-14,3,0,0,0,4,0,0,1,0,23,198,Unusable
Joey Bart,663698,NA,2025-04-21,4,1,0,0,1,0,0,1,0,23,192,Unusable
Bryce Eldridge,805811,NA,2025-09-15,0,1,0,0,2,1,1,3,0,23,188,Unusable
David Hamilton,666152,NA,2025-06-02,1,1,0,0,0,0,1,2,2,23,189,Unusable
Javier Baez,595879,NA,2025-08-18,4,0,0,0,1,0,2,2,0,23,188,Unusable
Mike Tauchman,643565,NA,2025-08-11,3,0,0,0,4,0,1,0,0,23,194,Unusable
Kyle Isbel,664728,NA,2025-05-19,3,1,0,0,0,0,2,2,0,23,199,Unusable
Ezequiel Duran,677649,NA,2025-08-25,3,1,0,0,0,0,2,2,0,23,192,Unusable
Sam Haggerty,664059,NA,2025-07-21,1,1,0,0,0,0,2,1,2,23,192,Unusable
Sam Haggerty,664059,NA,2025-08-04,4,1,0,0,1,0,0,1,0,23,196,Unusable
Lenyn Sosa,672820,NA,2025-04-28,4,0,0,0,1,0,1,3,0,23,197,Unusable
Miguel Amaya,665804,NA,2025-05-05,1,0,0,1,0,0,1,4,0,23,214,Unusable
Jose Caballero,676609,NA,2025-04-28,3,0,0,0,2,0,1,1,1,23,197,Unusable
Jose Caballero,676609,NA,2025-05-05,3,0,0,0,2,0,1,1,1,23,214,Unusable
Jose Caballero,676609,NA,2025-07-28,1,0,0,0,2,0,3,0,2,23,209,Unusable
Jake Mangum,663968,NA,2025-06-02,3,0,0,0,0,0,0,3,2,23,189,Unusable
Nick Fortes,663743,NA,2025-05-19,2,0,0,1,1,0,1,1,0,23,199,Unusable
Nick Fortes,663743,NA,2025-08-11,1,0,0,0,1,3,0,2,1,23,194,Unusable
Trey Sweeney,700242,NA,2025-04-14,4,0,0,0,1,0,3,1,0,23,198,Unusable
Dalton Rushing,687221,NA,2025-05-26,1,0,0,1,0,0,1,4,0,23,192,Unusable
Connor Wong,657136,NA,2025-08-18,3,1,0,0,0,0,1,1,1,23,188,Unusable
Alejandro Kirk,672386,NA,2025-09-08,4,0,0,0,1,0,1,3,0,23,172,Unusable
Agustin Ramirez,682663,NA,2025-06-30,1,0,0,1,0,0,1,4,0,23,195,Unusable
Agustin Ramirez,682663,NA,2025-07-14,3,1,0,0,0,0,1,3,0,23,92,Unusable
Luis Torrens,620443,NA,2025-06-23,2,0,0,1,1,0,1,1,0,23,192,Unusable
Vidal Brujan,660644,NA,2025-08-18,4,0,0,0,0,1,2,2,0,23,188,Unusable
Ramon Urias,602104,NA,2025-08-18,2,2,0,0,1,0,1,0,0,23,188,Unusable
Johnathan Rodriguez,671286,NA,2025-07-14,0,1,0,1,1,0,1,1,0,23,92,Unusable
Luis Urias,649966,NA,2025-08-04,4,0,0,0,1,0,2,2,0,23,196,Unusable
Sam Hilliard,656541,NA,2025-05-26,2,0,0,1,1,0,1,1,0,23,192,Unusable
Jonatan Clase,682729,NA,2025-05-26,4,0,0,0,1,0,2,0,1,23,192,Unusable
Ronny Mauricio,677595,NA,2025-06-09,1,0,0,1,1,1,1,1,0,23,201,Unusable
Drew Waters,671221,NA,2025-05-12,3,0,1,0,0,0,2,1,0,23,196,Unusable
Jake Bauers,641343,NA,2025-09-22,1,1,0,0,4,0,0,1,0,23,165,Unusable
Pedro Pages,686780,NA,2025-03-31,1,2,0,0,0,0,1,3,0,23,200,Unusable
Jose Iglesias,578428,NA,2025-06-23,3,0,0,0,2,0,2,2,0,23,192,Unusable
Bryce Harper,547180,27.32,2025-06-02,0,0,0,1,2,0,2,1,0,22,194,Unusable
Teoscar Hernandez,606192,29.24,2025-07-28,4,1,0,0,0,0,0,2,0,22,213,Unusable
James Wood,695578,32.36,2025-09-15,2,1,0,0,2,0,1,1,0,22,189,Unusable
Anthony Santander,623993,32.63,2025-03-24,3,0,0,0,3,0,1,1,0,22,111,Unusable
Rafael Devers,646240,35.39,2025-07-07,1,0,0,0,5,0,1,1,0,22,199,Unusable
Ketel Marte,606466,37.6,2025-09-08,4,1,0,0,0,0,1,1,0,22,175,Unusable
Lawrence Butler,671732,38.6,2025-03-24,1,1,0,0,3,0,2,0,0,22,111,Unusable
Bryan Reynolds,668804,42.05,2025-07-14,2,2,0,0,0,0,2,0,0,22,96,Unusable
Oneil Cruz,665833,50.09,2025-07-14,2,0,1,0,0,0,0,2,1,22,96,Unusable
Oneil Cruz,665833,50.09,2025-09-01,2,0,0,0,2,0,0,3,1,22,190,Unusable
Marcus Semien,543760,65.54,2025-04-14,4,0,0,0,2,0,1,1,0,22,205,Unusable
Nick Castellanos,592206,65.98,2025-03-24,2,0,0,0,4,0,2,0,0,22,111,Unusable
Lane Thomas,657041,93.37,2025-06-30,0,0,0,1,2,0,2,1,0,22,203,Unusable
Jorge Soler,624585,93.81,2025-04-21,0,3,0,0,0,0,2,0,0,22,196,Unusable
Tyler O'Neill,641933,104.59,2025-06-30,1,0,0,1,1,0,2,1,0,22,203,Unusable
Heliot Ramos,671218,108.52,2025-07-14,4,1,0,0,0,0,0,2,0,22,96,Unusable
Jordan Westburg,676059,108.66,2025-07-14,4,1,0,0,0,0,2,0,0,22,96,Unusable
JJ Bleday,668709,111.18,2025-06-09,0,1,0,1,0,0,1,2,0,22,205,Unusable
JJ Bleday,668709,111.18,2025-06-16,1,0,0,1,1,0,2,1,0,22,202,Unusable
Paul Goldschmidt,502671,117.94,2025-08-18,5,0,0,0,1,0,1,1,0,22,194,Unusable
Matt Wallner,670242,122.55,2025-06-09,0,1,0,1,0,0,2,1,0,22,205,Unusable
Vinnie Pasquantino,686469,131.56,2025-03-31,3,0,0,0,1,0,0,5,0,22,206,Unusable
Anthony Volpe,683011,135.32,2025-09-22,4,1,0,0,0,0,2,0,0,22,169,Unusable
Jackson Holliday,702616,135.54,2025-08-04,2,0,0,0,4,0,1,1,0,22,200,Unusable
Michael Toglia,669911,138.78,2025-07-07,2,1,0,0,2,0,1,1,0,22,199,Unusable
Byron Buxton,621439,140.84,2025-07-14,2,0,0,1,0,0,2,1,0,22,96,Unusable
Alec Bohm,664761,148.29,2025-06-23,2,1,0,0,2,0,1,1,0,22,197,Unusable
Max Muncy,691777,161.48,2025-04-14,2,1,0,0,2,0,2,0,0,22,205,Unusable
Max Muncy,691777,161.48,2025-06-16,3,0,0,0,3,0,1,1,0,22,202,Unusable
Jonathan India,663697,164.42,2025-03-24,3,0,0,0,2,1,2,0,0,22,111,Unusable
Jonathan India,663697,164.42,2025-05-19,0,1,0,0,3,1,2,0,0,22,207,Unusable
Masyn Winn,691026,166.08,2025-04-07,1,0,0,1,1,0,2,1,0,22,190,Unusable
Rhys Hoskins,656555,172.72,2025-06-02,4,0,0,0,2,0,1,1,0,22,194,Unusable
Rhys Hoskins,656555,172.72,2025-06-09,1,0,0,1,0,1,2,1,0,22,205,Unusable
Jeremy Pena,665161,180.02,2025-03-24,1,0,0,1,0,1,2,1,0,22,111,Unusable
Tommy Edman,669242,186.13,2025-07-14,2,0,0,1,0,0,2,1,0,22,96,Unusable
Tommy Edman,669242,186.13,2025-07-21,4,0,0,0,1,1,0,2,0,22,195,Unusable
Tommy Edman,669242,186.13,2025-09-08,3,0,0,0,1,0,3,2,0,22,175,Unusable
Nathaniel Lowe,663993,192.46,2025-04-21,1,0,0,1,1,0,1,2,0,22,196,Unusable
Nathaniel Lowe,663993,192.46,2025-05-19,4,1,0,0,0,0,1,1,0,22,207,Unusable
Salvador Perez,521692,194.19,2025-08-04,1,1,0,0,2,1,2,0,0,22,200,Unusable
Evan Carter,694497,197.41,2025-07-21,1,0,1,0,0,1,2,2,0,22,195,Unusable
Bryson Stott,681082,202.3,2025-06-09,4,0,0,0,2,0,1,1,0,22,205,Unusable
Bryson Stott,681082,202.3,2025-08-11,2,1,0,0,2,0,2,0,0,22,201,Unusable
Jake McCarthy,664983,205.86,2025-04-07,2,1,0,0,1,1,1,1,0,22,190,Unusable
Jake McCarthy,664983,205.86,2025-08-18,2,0,0,1,0,0,2,1,0,22,194,Unusable
Jake McCarthy,664983,205.86,2025-09-22,0,0,1,1,0,0,1,1,0,22,169,Unusable
Jesus Sanchez,660821,210.78,2025-09-15,2,1,0,0,0,0,3,2,0,22,189,Unusable
Xander Bogaerts,593428,211.87,2025-04-21,3,0,0,0,3,0,2,0,0,22,196,Unusable
Kristian Campbell,692225,212.49,2025-05-19,3,0,0,0,3,0,2,0,0,22,207,Unusable
Brandon Lowe,664040,213.94,2025-04-14,3,0,0,0,1,0,1,4,0,22,205,Unusable
Jordan Walker,691023,219.58,2025-05-05,1,0,0,0,2,1,2,3,0,22,219,Unusable
Michael Busch,683737,226.9,2025-07-14,1,0,0,1,1,0,2,1,0,22,96,Unusable
Parker Meadows,678009,227.67,2025-06-23,4,0,0,0,2,0,2,0,0,22,197,Unusable
Parker Meadows,678009,227.67,2025-09-01,0,0,0,1,2,0,1,2,0,22,190,Unusable
Parker Meadows,678009,227.67,2025-09-22,3,0,0,0,3,0,1,1,0,22,169,Unusable
Andy Pages,681624,228.33,2025-09-01,2,0,0,1,0,0,1,2,0,22,190,Unusable
Jake Cronenworth,630105,229.63,2025-04-07,0,0,0,1,2,0,1,2,0,22,190,Unusable
Austin Wells,669224,234.46,2025-07-21,0,0,0,1,2,0,1,2,0,22,195,Unusable
Jordan Beck,687597,234.82,2025-09-22,0,1,0,1,0,0,2,1,0,22,169,Unusable
Kyle Manzardo,700932,237.05,2025-05-26,3,0,0,0,2,1,1,1,0,22,199,Unusable
Kyle Manzardo,700932,237.05,2025-06-09,2,2,0,0,0,0,0,2,0,22,205,Unusable
Trevor Larnach,663616,237.16,2025-04-07,3,0,0,0,3,0,2,0,0,22,190,Unusable
MJ Melendez,669004,237.22,2025-03-31,2,0,0,0,2,2,2,0,0,22,206,Unusable
Connor Norby,681393,237.78,2025-06-02,3,0,0,0,1,0,3,0,1,22,194,Unusable
Spencer Torkelson,679529,237.98,2025-08-25,0,0,1,0,4,0,1,0,0,22,197,Unusable
Jacob Wilson,805779,238.09,2025-06-23,4,0,0,0,2,0,2,0,0,22,197,Unusable
Jhonkensy Noel,678877,238.56,2025-04-28,2,0,0,1,0,0,1,2,0,22,201,Unusable
Logan O'Hoppe,681351,238.67,2025-08-25,1,0,0,1,1,0,2,1,0,22,197,Unusable
Trevor Story,596115,238.76,2025-09-22,4,1,0,0,0,0,1,1,0,22,169,Unusable
Mike Yastrzemski,573262,238.77,2025-09-15,1,2,0,0,1,0,1,1,0,22,189,Unusable
Myles Straw,664702,238.89,2025-06-23,3,0,0,0,1,0,2,1,1,22,197,Unusable
Leody Taveras,665750,238.9,2025-03-24,3,0,0,0,1,0,1,0,2,22,111,Unusable
Coby Mayo,691723,239.19,2025-08-25,1,0,0,1,1,0,2,1,0,22,197,Unusable
Willi Castro,650489,239.25,2025-07-21,3,1,0,0,1,0,2,0,0,22,195,Unusable
Tyler Freeman,671289,239.42,2025-07-21,2,0,0,0,4,0,1,1,0,22,195,Unusable
Jacob Young,696285,239.49,2025-08-18,3,1,0,0,1,0,1,1,0,22,194,Unusable
Jacob Young,696285,239.49,2025-09-22,1,0,0,1,1,0,1,2,0,22,169,Unusable
Brett Baty,683146,239.56,2025-07-28,1,0,0,0,3,0,4,1,0,22,213,Unusable
DJ LeMahieu,518934,239.58,2025-06-16,3,1,0,0,1,0,1,1,0,22,202,Unusable
Adam Frazier,624428,239.6,2025-06-16,3,0,0,0,0,1,1,2,1,22,202,Unusable
Adam Frazier,624428,239.6,2025-08-18,2,1,0,0,2,0,1,1,0,22,194,Unusable
Keibert Ruiz,660688,239.6,2025-06-16,2,2,0,0,0,0,1,1,0,22,202,Unusable
Jeimer Candelario,600869,239.7,2025-03-31,2,1,0,0,2,0,0,2,0,22,206,Unusable
Jeimer Candelario,600869,239.7,2025-04-07,0,0,0,1,2,0,1,2,0,22,190,Unusable
Jeff McNeil,643446,239.75,2025-06-16,2,0,0,1,0,0,2,1,0,22,202,Unusable
Jeff McNeil,643446,239.75,2025-09-22,0,2,0,0,1,1,1,1,0,22,169,Unusable
Jarred Kelenic,672284,239.76,2025-04-14,2,0,0,1,0,0,2,1,0,22,205,Unusable
Miguel Rojas,500743,239.78,2025-07-14,1,0,0,1,1,0,2,1,0,22,96,Unusable
Bo Naylor,666310,239.8,2025-05-05,3,1,0,0,1,0,2,0,0,22,219,Unusable
Gavin Sheets,657757,239.88,2025-09-01,1,0,0,1,1,0,2,1,0,22,190,Unusable
Ryan O'Hearn,656811,239.89,2025-07-14,1,0,0,1,1,0,1,2,0,22,96,Unusable
Alek Thomas,677950,239.91,2025-03-31,2,0,1,0,0,0,0,4,0,22,206,Unusable
Alek Thomas,677950,239.91,2025-04-28,4,1,0,0,0,0,1,1,0,22,201,Unusable
Caleb Durbin,702332,239.92,2025-09-22,2,0,0,0,0,2,0,1,2,22,169,Unusable
Kyle Teel,691019,239.94,2025-08-11,4,0,0,0,1,1,1,1,0,22,201,Unusable
Hunter Goodman,696100,239.98,2025-03-24,2,2,0,0,0,0,1,1,0,22,111,Unusable
Colson Montgomery,695657,239.98,2025-07-07,2,0,0,0,4,0,2,0,0,22,199,Unusable
Harrison Bader,664056,239.99,2025-03-24,0,1,0,1,0,0,1,2,0,22,111,Unusable
Harrison Bader,664056,239.99,2025-06-09,3,1,0,0,1,0,0,0,1,22,205,Unusable
Will Benson,666181,239.99,2025-06-23,4,1,0,0,0,0,1,1,0,22,197,Unusable
Ke'Bryan Hayes,663647,240,2025-05-19,2,1,0,0,1,1,2,0,0,22,207,Unusable
Ke'Bryan Hayes,663647,240,2025-06-16,4,0,0,0,0,0,2,3,0,22,202,Unusable
Patrick Bailey,672275,240,2025-05-19,0,0,0,1,2,0,1,2,0,22,207,Unusable
Patrick Bailey,672275,240,2025-06-16,3,0,0,0,3,0,2,0,0,22,202,Unusable
James Outman,681546,240,2025-08-25,3,0,0,0,1,0,2,1,1,22,197,Unusable
James Outman,681546,240,2025-09-15,0,0,0,1,2,0,1,2,0,22,189,Unusable
Enrique Hernandez,571771,NA,2025-08-25,4,0,0,0,0,0,2,3,0,22,197,Unusable
Brayan Rocchio,677587,NA,2025-04-07,3,1,0,0,1,0,2,0,0,22,190,Unusable
Brayan Rocchio,677587,NA,2025-04-21,2,1,0,0,1,1,1,1,0,22,196,Unusable
Yoan Moncada,660162,NA,2025-07-14,1,0,0,1,1,0,2,1,0,22,96,Unusable
Christian Moore,695681,NA,2025-08-04,1,1,0,0,3,0,2,0,0,22,200,Unusable
Isaac Collins,686555,NA,2025-03-31,0,2,0,0,0,0,1,0,2,22,206,Unusable
Isaac Collins,686555,NA,2025-05-05,2,0,0,0,4,0,0,0,1,22,219,Unusable
Miguel Andujar,609280,NA,2025-09-15,2,0,0,1,0,0,1,2,0,22,189,Unusable
Otto Lopez,672640,NA,2025-08-11,3,1,0,0,1,0,2,0,0,22,201,Unusable
Ivan Herrera,671056,NA,2025-06-16,4,0,0,0,0,0,1,4,0,22,202,Unusable
Mickey Moniak,666160,NA,2025-04-07,0,2,0,0,2,0,2,0,0,22,190,Unusable
Mickey Moniak,666160,NA,2025-04-28,3,0,1,0,1,0,1,0,0,22,201,Unusable
Amed Rosario,642708,NA,2025-06-02,1,0,0,1,1,0,2,1,0,22,194,Unusable
Randal Grichuk,545341,NA,2025-09-22,2,0,0,1,0,0,2,1,0,22,169,Unusable
Blake Dunn,694362,NA,2025-03-31,0,0,0,1,0,2,2,1,0,22,206,Unusable
David Hamilton,666152,NA,2025-06-16,1,0,0,1,1,0,1,2,0,22,202,Unusable
David Hamilton,666152,NA,2025-09-15,0,0,0,1,0,0,1,1,2,22,189,Unusable
Tyrone Taylor,621438,NA,2025-08-18,3,1,0,0,1,0,1,1,0,22,194,Unusable
Jake Fraley,641584,NA,2025-04-21,1,0,0,0,3,0,1,0,2,22,196,Unusable
Jake Fraley,641584,NA,2025-08-25,4,1,0,0,0,0,2,0,0,22,197,Unusable
Addison Barger,680718,NA,2025-04-21,2,2,0,0,0,0,0,2,0,22,196,Unusable
Addison Barger,680718,NA,2025-08-25,3,1,0,0,1,0,0,2,0,22,197,Unusable
Javier Baez,595879,NA,2025-07-21,2,1,0,0,0,0,2,1,1,22,195,Unusable
Kyle Isbel,664728,NA,2025-04-21,4,0,0,0,0,0,0,5,0,22,196,Unusable
Angel Martinez,682657,NA,2025-09-22,2,0,0,0,1,1,3,0,1,22,169,Unusable
Kyle Higashioka,543309,NA,2025-08-18,0,1,0,0,2,0,1,4,0,22,194,Unusable
Kyle Higashioka,543309,NA,2025-09-08,1,2,0,0,1,0,1,1,0,22,175,Unusable
Sam Haggerty,664059,NA,2025-07-07,2,1,0,0,0,0,3,0,1,22,199,Unusable
Korey Lee,686676,NA,2025-08-25,1,0,0,1,1,0,1,2,0,22,197,Unusable
Ryan Bliss,669208,NA,2025-04-07,0,1,0,1,0,0,1,2,0,22,190,Unusable
Zach McKinstry,656716,NA,2025-05-26,0,1,1,0,1,1,1,0,0,22,199,Unusable
Zach McKinstry,656716,NA,2025-08-25,3,0,0,0,2,1,1,1,0,22,197,Unusable
Rowdy Tellez,642133,NA,2025-06-02,2,0,0,1,0,0,1,2,0,22,194,Unusable
Jon Berti,542932,NA,2025-03-17,3,0,0,0,0,1,1,0,2,22,3,H1
Jon Berti,542932,NA,2025-04-28,2,1,0,0,2,0,2,0,0,22,201,Unusable
Alex Call,669743,NA,2025-05-19,1,0,1,0,2,1,1,0,0,22,207,Unusable
Henry Davis,680779,NA,2025-04-14,2,0,0,1,0,0,1,2,0,22,205,Unusable
Miguel Amaya,665804,NA,2025-04-14,1,2,0,0,1,0,1,1,0,22,205,Unusable
Andres Chaparro,665953,NA,2025-08-25,1,0,0,1,1,0,2,1,0,22,197,Unusable
Alejandro Kirk,672386,NA,2025-08-04,4,0,0,0,2,0,2,0,0,22,200,Unusable
Agustin Ramirez,682663,NA,2025-09-22,3,0,0,0,1,0,1,0,2,22,169,Unusable
Luis Torrens,620443,NA,2025-07-14,5,0,0,0,1,0,0,2,0,22,96,Unusable
Travis d'Arnaud,518595,NA,2025-05-12,1,0,0,1,1,0,1,2,0,22,200,Unusable
Ramon Urias,602104,NA,2025-06-16,0,0,0,1,1,1,2,1,0,22,202,Unusable
Kyle Farmer,571657,NA,2025-05-19,1,2,0,0,1,0,1,1,0,22,207,Unusable
Kyle Farmer,571657,NA,2025-09-08,1,0,0,1,1,0,1,2,0,22,175,Unusable
Gio Urshela,570482,NA,2025-06-16,2,1,0,0,2,0,1,1,0,22,202,Unusable
Jose Tena,677588,NA,2025-06-09,3,0,0,0,2,1,0,0,1,22,205,Unusable
Drew Waters,671221,NA,2025-06-16,4,0,0,0,2,0,1,1,0,22,202,Unusable
Pedro Pages,686780,NA,2025-04-28,0,1,0,1,0,0,1,2,0,22,201,Unusable
Jose Iglesias,578428,NA,2025-08-04,2,0,0,0,4,0,1,1,0,22,200,Unusable
Andrew Knizner,668800,NA,2025-06-09,1,0,0,1,1,0,2,1,0,22,205,Unusable
Kyle Tucker,663656,7.8,2025-09-01,1,0,0,1,0,0,1,3,0,21,194,Unusable
Jose Ramirez,608070,8.37,2025-08-25,1,1,0,0,2,0,3,0,0,21,207,Unusable
Matt Olson,621566,21.79,2025-03-24,1,1,0,0,4,0,0,0,0,21,119,Unusable
Lawrence Butler,671732,38.6,2025-08-04,0,1,0,0,3,0,3,0,0,21,205,Unusable
Cody Bellinger,641355,47.51,2025-06-09,2,0,1,0,1,0,1,1,0,21,213,Unusable
Adolis Garcia,666969,49.79,2025-04-21,3,1,0,0,0,0,1,2,0,21,203,Unusable
Alex Bregman,608324,60.11,2025-07-14,1,0,0,1,0,0,1,3,0,21,107,Unusable
William Contreras,661388,61.55,2025-07-14,2,1,0,0,0,1,1,2,0,21,107,Unusable
Marcus Semien,543760,65.54,2025-04-07,1,1,0,0,2,0,2,1,0,21,198,Unusable
Marcus Semien,543760,65.54,2025-08-18,4,0,0,0,1,0,2,1,0,21,200,Unusable
Josh Naylor,647304,89.6,2025-07-14,1,1,0,0,2,0,3,0,0,21,107,Unusable
Matt Chapman,656305,93.14,2025-07-14,1,0,0,1,0,0,2,2,0,21,107,Unusable
Jorge Soler,624585,93.81,2025-06-02,2,0,0,0,3,0,2,1,0,21,199,Unusable
Ezequiel Tovar,678662,111.22,2025-09-15,4,0,0,0,1,0,2,1,0,21,195,Unusable
Adley Rutschman,668939,112.59,2025-05-05,2,0,1,0,1,0,1,1,0,21,222,Unusable
Jake Burger,669394,115.47,2025-04-14,4,0,0,0,0,1,2,1,0,21,211,Unusable
Paul Goldschmidt,502671,117.94,2025-07-14,2,1,0,0,1,0,2,1,0,21,107,Unusable
Matt Wallner,670242,122.55,2025-07-14,1,0,0,1,0,0,1,3,0,21,107,Unusable
Dansby Swanson,621020,124.49,2025-04-14,3,1,0,0,0,0,3,0,0,21,211,Unusable
Cedric Mullins,656775,133.6,2025-09-01,0,0,0,0,3,0,3,1,1,21,194,Unusable
Josh Lowe,666139,138.27,2025-07-21,4,0,0,0,1,0,1,2,0,21,201,Unusable
Josh Lowe,666139,138.27,2025-09-08,1,0,0,1,0,0,1,3,0,21,179,Unusable
Nolan Jones,666134,157.02,2025-07-21,1,0,0,0,2,0,2,2,1,21,201,Unusable
Nolan Jones,666134,157.02,2025-09-08,1,1,0,0,2,0,0,3,0,21,179,Unusable
Xavier Edwards,669364,165.36,2025-04-21,4,0,0,0,1,0,1,2,0,21,203,Unusable
Royce Lewis,668904,168.33,2025-08-04,1,1,0,0,2,0,1,2,0,21,205,Unusable
Lars Nootbaar,663457,186.05,2025-06-30,3,0,0,0,1,1,2,1,0,21,205,Unusable
Jo Adell,666176,198.16,2025-09-15,3,0,0,0,2,0,2,1,0,21,195,Unusable
Victor Robles,645302,198.36,2025-09-08,5,0,0,0,0,0,1,0,1,21,179,Unusable
Josh Jung,673962,208.9,2025-09-01,3,1,0,0,0,0,2,1,0,21,194,Unusable
Kristian Campbell,692225,212.49,2025-04-07,5,0,0,0,2,0,0,0,0,21,198,Unusable
Brandon Lowe,664040,213.94,2025-09-08,2,1,0,0,1,0,2,1,0,21,179,Unusable
Wilyer Abreu,677800,217.36,2025-06-16,3,1,0,0,0,0,1,2,0,21,215,Unusable
Matt Shaw,807713,227.33,2025-06-16,1,1,0,0,0,2,0,1,1,21,215,Unusable
Matt Shaw,807713,227.33,2025-08-25,3,1,0,0,0,0,1,2,0,21,207,Unusable
Parker Meadows,678009,227.67,2025-06-30,4,0,0,0,1,0,2,1,0,21,205,Unusable
Andy Pages,681624,228.33,2025-07-28,4,0,0,0,0,1,0,1,1,21,215,Unusable
Andres Gimenez,665926,231.93,2025-08-18,2,0,0,0,1,2,0,1,1,21,200,Unusable
Max Kepler,596146,234.12,2025-05-26,1,1,0,0,2,0,1,2,0,21,201,Unusable
Jordan Beck,687597,234.82,2025-05-26,2,0,0,0,2,1,1,0,1,21,201,Unusable
Joey Ortiz,687401,237.06,2025-09-01,2,0,0,0,1,0,1,1,2,21,194,Unusable
Connor Norby,681393,237.78,2025-06-09,2,1,0,0,1,0,1,2,0,21,213,Unusable
Josh Bell,605137,238,2025-08-25,5,0,0,0,2,0,0,0,0,21,207,Unusable
Jacob Wilson,805779,238.09,2025-06-09,5,0,0,0,0,0,3,0,0,21,213,Unusable
Hyeseong Kim,808975,238.24,2025-06-16,1,2,0,0,0,0,2,1,0,21,215,Unusable
Christopher Morel,666624,238.29,2025-06-30,1,0,0,1,0,0,3,1,0,21,205,Unusable
Andrew Benintendi,643217,238.69,2025-06-09,0,3,0,0,1,0,0,0,0,21,213,Unusable
Alex Verdugo,657077,238.85,2025-06-16,4,0,0,0,1,0,2,1,0,21,215,Unusable
Leody Taveras,665750,238.9,2025-04-07,3,0,1,0,0,0,1,1,0,21,198,Unusable
Leody Taveras,665750,238.9,2025-05-12,1,1,0,0,2,0,2,1,0,21,201,Unusable
Ben Rice,700250,239.01,2025-07-07,2,1,0,0,1,0,3,0,0,21,203,Unusable
Jacob Young,696285,239.49,2025-03-24,0,1,0,0,2,1,1,0,1,21,119,Unusable
Matt Vierling,663837,239.52,2025-07-21,4,0,0,0,1,0,2,1,0,21,201,Unusable
Chas McCormick,676801,239.53,2025-04-21,3,1,0,0,0,0,3,0,0,21,203,Unusable
Jonny DeLuca,676356,239.58,2025-08-04,1,1,1,0,0,0,0,0,1,21,205,Unusable
DJ LeMahieu,518934,239.58,2025-05-19,3,0,0,0,2,0,1,2,0,21,214,Unusable
Josh Smith,669701,239.59,2025-05-19,1,1,0,0,2,0,0,1,1,21,214,Unusable
Ty France,664034,239.69,2025-09-01,3,1,0,0,0,0,1,2,0,21,194,Unusable
Jeimer Candelario,600869,239.7,2025-03-24,3,0,0,0,2,0,0,3,0,21,119,Unusable
Sean Murphy,669221,239.72,2025-04-28,3,1,0,0,0,0,2,1,0,21,206,Unusable
Dominic Canzone,686527,239.73,2025-07-14,1,1,0,0,1,1,1,2,0,21,107,Unusable
Jeff McNeil,643446,239.75,2025-09-15,1,1,0,0,2,0,1,2,0,21,195,Unusable
Casey Schmitt,669477,239.77,2025-08-25,3,1,0,0,0,0,1,2,0,21,207,Unusable
Luis Rengifo,650859,239.81,2025-08-18,3,0,0,0,2,0,0,1,1,21,200,Unusable
Spencer Horwitz,687462,239.83,2025-07-07,2,0,0,0,3,0,2,1,0,21,203,Unusable
Vinny Capra,681962,239.86,2025-03-24,1,0,0,1,0,0,2,2,0,21,119,Unusable
Gavin Sheets,657757,239.88,2025-07-21,3,0,0,0,1,1,2,1,0,21,201,Unusable
Ryan O'Hearn,656811,239.89,2025-06-02,4,0,0,0,1,0,1,2,0,21,199,Unusable
Elias Diaz,553869,239.91,2025-04-07,1,1,0,0,2,0,1,2,0,21,198,Unusable
Elias Diaz,553869,239.91,2025-08-18,0,0,0,1,1,0,2,2,0,21,200,Unusable
Alek Thomas,677950,239.91,2025-09-22,3,2,0,0,0,0,0,0,0,21,180,Unusable
Griffin Conine,665052,239.92,2025-09-22,1,0,0,1,0,0,3,1,0,21,180,Unusable
Manuel Margot,622534,239.94,2025-03-24,5,0,0,0,0,0,0,3,0,21,119,Unusable
Curtis Mead,678554,239.94,2025-04-28,4,0,0,0,1,0,0,1,1,21,206,Unusable
Curtis Mead,678554,239.94,2025-08-11,4,0,0,0,1,0,2,1,0,21,204,Unusable
Brooks Lee,686797,239.95,2025-05-26,5,0,0,0,0,0,1,2,0,21,201,Unusable
Brooks Lee,686797,239.95,2025-07-21,2,0,0,0,2,1,1,0,1,21,201,Unusable
Oliver Dunn,686554,239.96,2025-04-07,2,1,0,0,1,0,2,1,0,21,198,Unusable
Will Benson,666181,239.99,2025-05-19,1,1,0,0,1,1,1,2,0,21,214,Unusable
Johan Rojas,679032,239.99,2025-05-05,2,0,0,0,1,0,3,1,1,21,222,Unusable
Ke'Bryan Hayes,663647,240,2025-07-07,3,1,0,0,0,0,1,2,0,21,203,Unusable
Mitch Garver,641598,NA,2025-04-14,3,0,0,0,2,0,2,1,0,21,211,Unusable
Jack Suwinski,669261,NA,2025-07-07,0,0,0,1,1,0,1,1,1,21,203,Unusable
Brayan Rocchio,677587,NA,2025-08-25,4,0,0,0,1,0,1,2,0,21,207,Unusable
Mickey Moniak,666160,NA,2025-07-07,3,0,0,0,1,1,1,2,0,21,203,Unusable
Mauricio Dubon,643289,NA,2025-04-28,3,0,0,0,0,0,2,4,0,21,206,Unusable
Jake Fraley,641584,NA,2025-03-31,3,1,0,0,0,0,2,1,0,21,212,Unusable
Mike Tauchman,643565,NA,2025-09-08,0,2,0,0,0,1,1,2,0,21,179,Unusable
Kyle Isbel,664728,NA,2025-06-23,1,2,0,0,0,0,2,1,0,21,202,Unusable
Kyle Isbel,664728,NA,2025-08-25,4,0,0,0,1,0,2,1,0,21,207,Unusable
Weston Wilson,642215,NA,2025-04-28,1,0,0,1,0,0,1,3,0,21,206,Unusable
Ezequiel Duran,677649,NA,2025-09-22,3,1,0,0,0,0,1,0,1,21,180,Unusable
Sam Haggerty,664059,NA,2025-06-09,0,0,0,1,1,0,1,3,0,21,213,Unusable
Zach McKinstry,656716,NA,2025-08-11,2,0,0,0,1,0,1,1,2,21,204,Unusable
Rowdy Tellez,642133,NA,2025-07-14,0,0,0,1,1,0,1,3,0,21,107,Unusable
Henry Davis,680779,NA,2025-06-23,3,1,0,0,0,0,3,0,0,21,202,Unusable
Brandon Lockridge,663604,NA,2025-06-02,5,0,0,0,0,0,1,0,1,21,199,Unusable
Jose Caballero,676609,NA,2025-03-31,0,1,0,0,3,0,0,1,1,21,212,Unusable
Jose Caballero,676609,NA,2025-04-14,0,2,0,0,1,0,3,0,0,21,211,Unusable
Jose Caballero,676609,NA,2025-04-21,1,1,0,0,0,0,0,2,2,21,203,Unusable
Jake Mangum,663968,NA,2025-05-26,1,0,0,1,0,0,1,3,0,21,201,Unusable
Jake Mangum,663968,NA,2025-08-04,2,1,0,0,1,0,1,2,0,21,205,Unusable
Nick Fortes,663743,NA,2025-09-15,3,1,0,0,0,0,1,2,0,21,195,Unusable
Trey Sweeney,700242,NA,2025-05-19,3,0,0,0,2,0,1,2,0,21,214,Unusable
Edmundo Sosa,624641,NA,2025-08-25,2,1,0,0,1,0,1,2,0,21,207,Unusable
Daz Cameron,663662,NA,2025-06-02,1,0,0,1,0,0,2,2,0,21,199,Unusable
Luis Torrens,620443,NA,2025-05-05,0,1,1,0,1,0,1,1,0,21,222,Unusable
Dylan Moore,664238,NA,2025-08-25,1,0,0,1,0,0,1,3,0,21,207,Unusable
Jason Heyward,518792,NA,2025-03-31,1,1,0,0,2,0,0,3,0,21,212,Unusable
Jason Heyward,518792,NA,2025-04-28,2,1,0,0,1,0,2,1,0,21,206,Unusable
Max Schuemann,680474,NA,2025-05-19,3,0,0,0,2,0,1,0,1,21,214,Unusable
Kyle Farmer,571657,NA,2025-05-05,2,1,0,0,1,0,1,2,0,21,222,Unusable
Brett Harris,695391,NA,2025-08-18,3,0,0,0,1,1,1,2,0,21,200,Unusable
Tyler Wade,642180,NA,2025-04-28,4,0,0,0,1,0,1,2,0,21,206,Unusable
Pedro Pages,686780,NA,2025-07-28,1,0,0,1,0,0,1,3,0,21,215,Unusable
Jose Iglesias,578428,NA,2025-05-26,1,1,0,0,2,0,1,2,0,21,201,Unusable
Jose Trevino,624431,NA,2025-08-11,3,0,0,0,0,0,2,4,0,21,204,Unusable
Jose Ramirez,608070,8.37,2025-06-23,2,0,0,0,1,1,0,2,1,20,204,Unusable
Ian Happ,664023,38.05,2025-07-07,4,0,0,0,2,0,0,1,0,20,208,Unusable
Seiya Suzuki,673548,54.65,2025-05-05,2,1,0,0,0,0,1,3,0,20,226,Unusable
Seiya Suzuki,673548,54.65,2025-09-08,3,0,0,0,3,0,0,1,0,20,184,Unusable
Brenton Doyle,686668,56.73,2025-04-21,1,0,0,0,3,0,1,1,1,20,207,Unusable
Ozzie Albies,645277,58.95,2025-06-30,5,0,0,0,0,1,1,0,0,20,208,Unusable
Nick Castellanos,592206,65.98,2025-09-01,2,0,1,0,0,0,2,1,0,20,199,Unusable
Dylan Crews,686611,71.02,2025-09-22,1,0,0,1,1,0,1,1,0,20,183,Unusable
CJ Abrams,682928,79.08,2025-06-02,2,1,0,0,0,0,1,1,1,20,203,Unusable
Jose Altuve,514888,81.09,2025-03-24,5,0,0,0,1,0,1,0,0,20,124,Unusable
Mark Vientos,668901,83.69,2025-03-31,2,1,0,0,2,0,1,0,0,20,215,Unusable
Josh Naylor,647304,89.6,2025-08-11,4,0,0,0,0,0,1,3,0,20,207,Unusable
Matt Chapman,656305,93.14,2025-08-18,0,1,0,0,2,0,2,0,1,20,205,Unusable
JJ Bleday,668709,111.18,2025-06-02,1,0,0,0,5,0,0,1,0,20,203,Unusable
JJ Bleday,668709,111.18,2025-08-25,0,1,0,0,2,0,4,0,0,20,215,Unusable
Adley Rutschman,668939,112.59,2025-03-31,4,0,0,0,2,0,1,0,0,20,215,Unusable
Adley Rutschman,668939,112.59,2025-06-16,1,0,0,1,1,0,1,1,0,20,219,Unusable
Jake Burger,669394,115.47,2025-06-30,5,0,0,0,0,1,1,0,0,20,208,Unusable
Isaac Paredes,670623,121.15,2025-09-15,1,0,0,1,1,0,1,1,0,20,199,Unusable
Matt Wallner,670242,122.55,2025-08-11,0,1,0,0,3,1,1,0,0,20,207,Unusable
Matt Wallner,670242,122.55,2025-09-15,0,1,0,0,2,0,2,0,1,20,199,Unusable
Josh Lowe,666139,138.27,2025-09-15,0,1,0,0,2,0,2,0,1,20,199,Unusable
Gleyber Torres,650402,147.51,2025-07-14,3,0,0,0,3,0,1,0,0,20,115,Unusable
Joc Pederson,592626,151.33,2025-05-19,1,0,0,0,2,1,2,0,1,20,219,Unusable
Nolan Jones,666134,157.02,2025-05-19,3,0,0,0,0,1,1,3,0,20,219,Unusable
Nolan Jones,666134,157.02,2025-06-30,4,0,0,0,1,1,0,1,0,20,208,Unusable
Max Muncy,571970,161.48,2025-09-08,1,0,0,0,3,2,1,0,0,20,184,Unusable
Michael Conforto,624424,163,2025-06-02,3,0,0,0,1,2,0,1,0,20,203,Unusable
Jonathan India,663697,164.42,2025-07-14,0,1,0,0,1,1,2,2,0,20,115,Unusable
Masyn Winn,691026,166.08,2025-06-09,4,0,0,0,0,0,4,0,0,20,218,Unusable
TJ Friedl,670770,168.11,2025-05-12,0,1,0,0,3,1,1,0,0,20,202,Unusable
Rhys Hoskins,656555,172.72,2025-03-31,2,0,0,0,4,0,0,1,0,20,215,Unusable
Brendan Donovan,680977,177.69,2025-09-08,1,0,0,1,1,0,1,1,0,20,184,Unusable
Nathaniel Lowe,663993,192.46,2025-06-02,4,1,0,0,0,0,1,0,0,20,203,Unusable
Nathaniel Lowe,663993,192.46,2025-07-14,2,0,0,1,0,0,1,1,0,20,115,Unusable
Jo Adell,666176,198.16,2025-04-21,1,1,0,0,1,0,0,2,1,20,207,Unusable
Josh Jung,673962,208.9,2025-07-28,2,0,0,1,0,0,1,1,0,20,217,Unusable
Carlos Correa,621043,209.38,2025-08-11,4,0,0,0,0,0,2,2,0,20,207,Unusable
Xander Bogaerts,593428,211.87,2025-08-25,3,0,0,0,0,1,1,1,1,20,215,Unusable
Nico Hoerner,663538,212.11,2025-04-07,3,0,0,0,1,0,0,4,0,20,203,Unusable
Kristian Campbell,692225,212.49,2025-05-26,5,0,0,0,1,0,0,1,0,20,206,Unusable
Wilyer Abreu,677800,217.36,2025-05-12,2,0,0,1,0,0,1,1,0,20,202,Unusable
Alec Burleson,676475,219.26,2025-03-24,1,1,0,0,1,0,2,2,0,20,124,Unusable
Jordan Walker,691023,219.58,2025-07-14,1,2,0,0,1,0,0,1,0,20,115,Unusable
Michael Busch,683737,226.9,2025-03-24,4,0,0,0,2,0,1,0,0,20,124,Unusable
Nolan Arenado,571448,227.39,2025-05-12,3,0,0,0,1,0,2,2,0,20,202,Unusable
Brice Turang,668930,230.59,2025-07-14,3,0,0,0,1,0,2,0,1,20,115,Unusable
Max Kepler,596146,234.12,2025-09-22,0,1,0,1,0,0,1,1,0,20,183,Unusable
Austin Wells,669224,234.46,2025-09-08,1,0,0,1,1,0,1,1,0,20,184,Unusable
Ryan Mountcastle,663624,234.73,2025-08-04,1,0,0,1,1,0,1,1,0,20,209,Unusable
Jordan Beck,687597,234.82,2025-03-31,2,0,0,0,2,0,1,1,1,20,215,Unusable
Andrew McCutchen,457705,235.95,2025-04-07,2,1,0,0,0,0,1,3,0,20,203,Unusable
Andrew McCutchen,457705,235.95,2025-07-21,1,0,0,1,1,0,1,1,0,20,206,Unusable
Andrew McCutchen,457705,235.95,2025-09-08,3,0,0,0,1,0,1,3,0,20,184,Unusable
Joey Ortiz,687401,237.06,2025-07-21,3,0,0,0,1,0,3,1,0,20,206,Unusable
Trevor Larnach,663616,237.16,2025-03-24,3,0,0,0,1,0,2,0,1,20,124,Unusable
Luke Raley,670042,237.24,2025-09-22,1,1,0,0,1,2,1,0,0,20,183,Unusable
Carlos Santana,467793,237.36,2025-03-24,1,1,0,0,1,0,3,1,0,20,124,Unusable
Connor Norby,681393,237.78,2025-06-30,2,0,0,1,0,0,1,1,0,20,208,Unusable
Tyler Fitzgerald,666149,237.85,2025-03-24,2,1,0,0,0,0,2,0,1,20,124,Unusable
Josh Bell,605137,238,2025-04-28,1,0,0,1,1,0,1,1,0,20,212,Unusable
Tommy Pham,502054,238.55,2025-05-19,5,0,0,0,1,0,0,1,0,20,219,Unusable
Jhonkensy Noel,678877,238.56,2025-09-22,1,0,0,1,1,0,1,1,0,20,183,Unusable
Andrew Benintendi,643217,238.69,2025-05-19,1,1,0,0,1,0,1,3,0,20,219,Unusable
Ben Rice,700250,239.01,2025-07-14,0,2,0,0,2,0,1,0,0,20,115,Unusable
Pavin Smith,656976,239.18,2025-08-25,2,2,0,0,0,0,1,0,0,20,215,Unusable
Justin Turner,457759,239.35,2025-03-31,3,0,0,0,0,1,1,3,0,20,215,Unusable
Justin Turner,457759,239.35,2025-07-07,1,0,0,1,1,0,1,1,0,20,208,Unusable
Jacob Young,696285,239.49,2025-09-15,3,0,0,0,1,0,1,1,1,20,199,Unusable
Brett Baty,683146,239.56,2025-05-12,2,0,0,1,0,0,1,1,0,20,202,Unusable
Josh Smith,669701,239.59,2025-04-14,3,1,0,0,1,0,1,0,0,20,215,Unusable
Adam Frazier,624428,239.6,2025-04-28,0,0,0,1,1,1,1,1,0,20,212,Unusable
Jonah Bride,681146,239.69,2025-05-12,0,2,0,0,1,1,1,0,0,20,202,Unusable
Sean Murphy,669221,239.72,2025-06-09,3,1,0,0,1,0,1,0,0,20,218,Unusable
Dominic Canzone,686527,239.73,2025-07-21,1,1,0,0,1,0,1,3,0,20,206,Unusable
Miguel Rojas,500743,239.78,2025-09-22,2,2,0,0,0,0,1,0,0,20,183,Unusable
Noelvi Marte,682622,239.78,2025-09-08,2,0,0,1,0,0,1,1,0,20,184,Unusable
Gavin Sheets,657757,239.88,2025-04-21,2,0,0,1,0,0,1,1,0,20,207,Unusable
Brooks Lee,686797,239.95,2025-09-08,1,0,0,0,3,0,1,1,1,20,184,Unusable
Hunter Renfroe,592669,239.98,2025-04-21,3,1,0,0,1,0,0,1,0,20,207,Unusable
Will Wagner,695238,239.98,2025-03-24,2,2,0,0,0,0,1,0,0,20,124,Unusable
Gage Workman,669398,239.98,2025-04-07,1,1,0,0,1,0,0,2,1,20,203,Unusable
Starling Marte,516782,239.99,2025-04-21,1,0,0,0,2,1,2,2,0,20,207,Unusable
Davis Schneider,676914,239.99,2025-06-16,1,1,0,0,1,0,1,3,0,20,219,Unusable
Jorge Polanco,593871,239.99,2025-04-14,2,2,0,0,0,0,1,0,0,20,215,Unusable
Ke'Bryan Hayes,663647,240,2025-06-02,4,0,0,0,1,1,1,0,0,20,203,Unusable
Patrick Bailey,672275,240,2025-05-26,3,1,0,0,1,0,1,0,0,20,206,Unusable
Miguel Vargas,678246,NA,2025-06-23,1,0,0,0,3,0,2,0,1,20,204,Unusable
Enrique Hernandez,571771,NA,2025-04-28,3,0,0,0,1,0,2,2,0,20,212,Unusable
Yoan Moncada,660162,NA,2025-07-28,3,0,0,0,1,0,2,2,0,20,217,Unusable
Christian Moore,695681,NA,2025-08-25,2,0,0,1,0,0,1,1,0,20,215,Unusable
Orlando Arcia,606115,NA,2025-05-26,2,0,0,1,0,0,1,1,0,20,206,Unusable
Otto Lopez,672640,NA,2025-09-22,4,1,0,0,0,0,1,0,0,20,183,Unusable
Gabriel Arias,672356,NA,2025-09-08,2,1,0,0,0,0,2,0,1,20,184,Unusable
Amed Rosario,642708,NA,2025-06-30,4,0,0,0,2,0,1,0,0,20,208,Unusable
Randal Grichuk,545341,NA,2025-07-21,2,2,0,0,0,0,1,0,0,20,206,Unusable
Mauricio Dubon,643289,NA,2025-04-07,1,0,0,0,1,0,2,1,2,20,203,Unusable
Mauricio Dubon,643289,NA,2025-08-25,3,1,0,0,1,0,1,0,0,20,215,Unusable
Everson Pereira,677592,NA,2025-08-18,1,0,0,0,3,0,2,0,1,20,205,Unusable
Everson Pereira,677592,NA,2025-09-15,0,0,0,1,0,0,1,4,0,20,199,Unusable
Kameron Misner,670224,NA,2025-03-24,2,0,0,1,0,0,1,1,0,20,124,Unusable
Kameron Misner,670224,NA,2025-05-05,2,0,0,0,2,0,2,0,1,20,226,Unusable
Colby Thomas,687515,NA,2025-08-25,1,0,0,1,1,0,1,1,0,20,215,Unusable
Trent Grisham,663757,NA,2025-04-21,0,0,0,1,2,0,1,1,0,20,207,Unusable
Kyle Higashioka,543309,NA,2025-04-28,0,2,0,0,0,0,1,3,0,20,212,Unusable
Sam Haggerty,664059,NA,2025-06-02,4,0,0,0,0,0,2,0,1,20,203,Unusable
Billy McKinney,641856,NA,2025-09-22,2,1,0,0,0,0,3,1,0,20,183,Unusable
Jonah Heim,641680,NA,2025-03-31,4,0,0,0,0,0,1,1,1,20,215,Unusable
Jonah Heim,641680,NA,2025-04-14,1,1,0,0,3,0,1,0,0,20,215,Unusable
Ryan Bliss,669208,NA,2025-03-31,4,0,0,0,2,0,0,1,0,20,215,Unusable
Rowdy Tellez,642133,NA,2025-04-28,4,0,0,0,0,0,2,2,0,20,212,Unusable
Rowdy Tellez,642133,NA,2025-05-19,4,0,0,0,2,0,0,1,0,20,219,Unusable
Jon Berti,542932,NA,2025-07-07,3,0,0,0,1,0,0,0,2,20,208,Unusable
Alex Call,669743,NA,2025-05-12,0,2,0,0,0,2,1,0,0,20,202,Unusable
David Fry,681807,NA,2025-06-30,1,0,0,1,1,0,1,1,0,20,208,Unusable
David Fry,681807,NA,2025-07-07,1,0,0,1,1,0,1,1,0,20,208,Unusable
Brandon Lockridge,663604,NA,2025-04-07,3,0,0,0,1,0,0,0,2,20,203,Unusable
Jose Caballero,676609,NA,2025-06-02,0,0,0,0,2,0,3,0,2,20,203,Unusable
Garrett Hampson,641658,NA,2025-04-28,2,0,0,0,2,0,2,0,1,20,212,Unusable
Jake Mangum,663968,NA,2025-07-28,3,0,0,0,1,0,0,0,2,20,217,Unusable
Nick Fortes,663743,NA,2025-07-07,3,1,0,0,0,1,1,0,0,20,208,Unusable
Dalton Rushing,687221,NA,2025-08-18,0,0,0,1,0,0,1,4,0,20,205,Unusable
Ramon Laureano,657656,NA,2025-05-19,2,0,0,1,0,0,1,1,0,20,219,Unusable
Austin Hedges,595978,NA,2025-03-31,0,0,0,1,2,0,1,1,0,20,215,Unusable
Vidal Brujan,660644,NA,2025-05-12,2,1,0,0,0,0,2,2,0,20,202,Unusable
Alan Trejo,676701,NA,2025-04-28,2,2,0,0,0,0,1,0,0,20,212,Unusable
Johnathan Rodriguez,671286,NA,2025-06-16,0,1,1,0,0,0,2,1,0,20,219,Unusable
Tyler Wade,642180,NA,2025-06-09,0,0,1,0,1,1,0,3,0,20,218,Unusable
Pedro Pages,686780,NA,2025-04-14,1,1,0,0,1,0,1,3,0,20,215,Unusable
Pedro Pages,686780,NA,2025-08-18,2,0,0,0,2,0,2,2,0,20,205,Unusable
Thomas Saggese,695336,NA,2025-04-07,6,0,0,0,0,0,1,0,0,20,203,Unusable
Yuli Gurriel,493329,NA,2025-04-07,1,1,0,0,1,0,2,2,0,20,203,Unusable
Andrew Knizner,668800,NA,2025-09-22,0,0,1,0,2,0,1,2,0,20,183,Unusable
Yordan Alvarez,670541,9.59,2025-03-24,0,1,0,0,3,0,0,2,0,19,132,Unusable
Jackson Chourio,694192,13.9,2025-07-28,1,0,1,0,2,0,1,0,0,19,220,Unusable
Teoscar Hernandez,606192,29.24,2025-09-01,3,0,0,0,2,0,1,1,0,19,200,Unusable
James Wood,695578,32.36,2025-07-28,3,0,0,0,2,0,1,1,0,19,220,Unusable
Lawrence Butler,671732,38.6,2025-07-28,4,0,0,0,1,0,2,0,0,19,220,Unusable
Bryan Reynolds,668804,42.05,2025-07-07,3,1,0,0,0,0,1,1,0,19,213,Unusable
Bryan Reynolds,668804,42.05,2025-09-08,3,0,0,0,2,0,1,1,0,19,192,Unusable
Riley Greene,682985,44.7,2025-09-15,3,0,0,0,1,1,1,1,0,19,204,Unusable
Manny Machado,592518,45.54,2025-04-21,2,1,0,0,1,0,1,1,0,19,213,Unusable
Adolis Garcia,666969,49.79,2025-06-23,3,0,0,0,0,0,0,5,0,19,206,Unusable
Brandon Nimmo,607043,51.96,2025-04-14,4,0,0,0,1,0,1,1,0,19,219,Unusable
Brenton Doyle,686668,56.73,2025-07-07,3,0,0,0,2,0,1,1,0,19,213,Unusable
Brenton Doyle,686668,56.73,2025-07-21,5,0,0,0,0,0,1,1,0,19,210,Unusable
Brenton Doyle,686668,56.73,2025-09-15,2,0,0,0,1,0,2,1,1,19,204,Unusable
Alex Bregman,608324,60.11,2025-03-24,4,0,0,0,1,0,0,0,1,19,132,Unusable
Alex Bregman,608324,60.11,2025-09-22,1,1,0,0,2,0,2,0,0,19,191,Unusable
Nick Castellanos,592206,65.98,2025-08-25,0,0,0,0,4,1,2,0,0,19,221,Unusable
Colton Cowser,681297,70.73,2025-07-14,4,0,0,0,1,0,0,0,1,19,121,Unusable
Dylan Crews,686611,71.02,2025-04-07,2,0,0,0,1,0,3,0,1,19,210,Unusable
Jorge Soler,624585,93.81,2025-03-24,1,1,0,0,2,0,1,1,0,19,132,Unusable
Heliot Ramos,671218,108.52,2025-04-07,0,1,0,0,2,1,2,0,0,19,210,Unusable
Heliot Ramos,671218,108.52,2025-08-11,2,1,0,0,1,0,1,1,0,19,210,Unusable
JJ Bleday,668709,111.18,2025-05-12,1,0,0,1,0,0,1,2,0,19,209,Unusable
Ezequiel Tovar,678662,111.22,2025-04-07,3,0,0,0,2,0,0,0,1,19,210,Unusable
Alec Bohm,664761,148.29,2025-09-01,2,0,1,0,1,0,1,0,0,19,200,Unusable
Cal Raleigh,663728,152.19,2025-07-14,2,0,0,0,1,0,2,1,1,19,121,Unusable
Yandy Diaz,650490,154.91,2025-08-18,1,0,0,1,0,0,1,2,0,19,209,Unusable
Michael Conforto,624424,163,2025-08-04,1,1,0,0,1,1,1,1,0,19,210,Unusable
Rhys Hoskins,656555,172.72,2025-06-23,1,0,0,0,3,1,1,1,0,19,206,Unusable
Tommy Edman,669242,186.13,2025-03-17,1,0,0,1,0,0,1,2,0,19,4,H1
Evan Carter,694497,197.41,2025-06-16,2,0,0,0,1,2,0,0,1,19,222,Unusable
Victor Robles,645302,198.36,2025-03-24,2,1,0,0,0,1,1,1,0,19,132,Unusable
Victor Robles,645302,198.36,2025-09-01,2,1,0,0,1,0,2,0,0,19,200,Unusable
Jesus Sanchez,660821,210.78,2025-04-28,2,1,0,0,1,0,1,1,0,19,219,Unusable
Kristian Campbell,692225,212.49,2025-05-12,0,0,0,1,1,0,1,2,0,19,209,Unusable
Austin Hays,669720,212.98,2025-05-26,0,0,1,0,1,0,3,1,0,19,209,Unusable
Zack Gelof,680869,225.25,2025-09-08,3,0,0,0,2,0,0,0,1,19,192,Unusable
Matt Shaw,807713,227.33,2025-09-08,2,0,0,0,1,0,1,4,0,19,192,Unusable
Andy Pages,681624,228.33,2025-05-19,3,0,0,0,0,0,1,2,1,19,225,Unusable
Brice Turang,668930,230.59,2025-06-30,2,1,0,0,1,0,1,1,0,19,214,Unusable
Brandon Marsh,669016,230.99,2025-05-12,1,1,0,0,2,0,1,1,0,19,209,Unusable
Max Kepler,596146,234.12,2025-03-24,0,1,0,0,3,0,2,0,0,19,132,Unusable
Max Kepler,596146,234.12,2025-07-07,2,0,0,0,3,0,1,1,0,19,213,Unusable
Yainer Diaz,673237,234.25,2025-04-14,3,1,0,0,0,0,1,1,0,19,219,Unusable
Yainer Diaz,673237,234.25,2025-06-16,4,0,0,0,1,0,2,0,0,19,222,Unusable
Ryan Mountcastle,663624,234.73,2025-05-19,4,0,0,0,1,0,1,1,0,19,225,Unusable
Andrew McCutchen,457705,235.95,2025-07-07,3,0,0,0,2,0,2,0,0,19,213,Unusable
Andrew McCutchen,457705,235.95,2025-07-14,2,1,0,0,1,0,2,0,0,19,121,Unusable
Joey Ortiz,687401,237.06,2025-08-18,4,0,0,0,1,0,1,1,0,19,209,Unusable
Carlos Santana,467793,237.36,2025-07-21,4,0,0,0,1,0,0,2,0,19,210,Unusable
Connor Norby,681393,237.78,2025-09-01,2,1,0,0,1,0,0,2,0,19,200,Unusable
Jacob Wilson,805779,238.09,2025-07-14,1,0,0,1,0,0,1,2,0,19,121,Unusable
Hyeseong Kim,808975,238.24,2025-06-09,1,1,0,0,1,1,0,2,0,19,221,Unusable
Hyeseong Kim,808975,238.24,2025-09-22,1,0,0,1,0,0,1,2,0,19,191,Unusable
Christopher Morel,666624,238.29,2025-08-11,1,0,0,1,0,0,1,2,0,19,210,Unusable
Jhonkensy Noel,678877,238.56,2025-09-08,1,0,0,1,0,0,2,1,0,19,192,Unusable
Logan O'Hoppe,681351,238.67,2025-07-14,2,0,1,0,1,0,1,0,0,19,121,Unusable
Logan O'Hoppe,681351,238.67,2025-07-28,1,1,0,0,2,0,2,0,0,19,220,Unusable
Andrew Benintendi,643217,238.69,2025-04-14,0,0,0,1,1,0,2,1,0,19,219,Unusable
Andrew Benintendi,643217,238.69,2025-09-08,1,0,0,1,0,0,1,2,0,19,192,Unusable
Leody Taveras,665750,238.9,2025-04-28,4,0,0,0,1,0,1,1,0,19,219,Unusable
Pavin Smith,656976,239.18,2025-04-28,2,0,0,0,3,0,2,0,0,19,219,Unusable
Pavin Smith,656976,239.18,2025-05-19,5,0,0,0,0,0,1,1,0,19,225,Unusable
Pavin Smith,656976,239.18,2025-06-02,2,0,0,0,3,0,0,0,1,19,210,Unusable
Pavin Smith,656976,239.18,2025-06-30,1,1,0,0,2,0,2,0,0,19,214,Unusable
Thairo Estrada,642731,239.19,2025-07-21,1,0,0,1,0,0,1,2,0,19,210,Unusable
Francisco Alvarez,682626,239.35,2025-04-21,1,0,0,1,0,0,1,2,0,19,213,Unusable
Justin Turner,457759,239.35,2025-05-12,1,1,0,0,2,0,0,2,0,19,209,Unusable
Tyler Freeman,671289,239.42,2025-08-18,4,0,0,0,1,0,1,1,0,19,209,Unusable
Jacob Young,696285,239.49,2025-05-12,3,0,1,0,0,0,0,1,0,19,209,Unusable
Chas McCormick,676801,239.53,2025-08-11,0,0,0,1,1,0,1,2,0,19,210,Unusable
Brett Baty,683146,239.56,2025-04-21,0,0,0,1,1,0,1,2,0,19,213,Unusable
Brett Baty,683146,239.56,2025-08-04,1,0,0,1,0,0,1,2,0,19,210,Unusable
Adam Frazier,624428,239.6,2025-05-05,4,0,0,0,1,0,1,1,0,19,228,Unusable
Adam Frazier,624428,239.6,2025-05-12,1,1,0,0,2,0,0,0,1,19,209,Unusable
Adam Frazier,624428,239.6,2025-07-14,0,2,0,0,1,0,0,2,0,19,121,Unusable
Ty France,664034,239.69,2025-04-14,1,0,0,0,3,1,0,2,0,19,219,Unusable
Dominic Canzone,686527,239.73,2025-09-01,3,0,0,0,1,1,2,0,0,19,200,Unusable
Miguel Rojas,500743,239.78,2025-06-09,1,0,0,1,0,0,2,1,0,19,221,Unusable
Miguel Rojas,500743,239.78,2025-06-23,2,1,0,0,1,0,1,1,0,19,206,Unusable
Bo Naylor,666310,239.8,2025-05-26,0,0,0,0,5,0,2,0,0,19,209,Unusable
Bo Naylor,666310,239.8,2025-07-07,1,1,0,0,2,0,2,0,0,19,213,Unusable
Luis Rengifo,650859,239.81,2025-04-28,2,0,0,0,1,0,1,2,1,19,219,Unusable
Luis Rengifo,650859,239.81,2025-05-19,5,0,0,0,0,0,1,1,0,19,225,Unusable
Luis Rengifo,650859,239.81,2025-06-30,5,0,0,0,0,0,1,1,0,19,214,Unusable
Elias Diaz,553869,239.91,2025-04-21,0,0,0,1,1,0,1,2,0,19,213,Unusable
Tyler Stephenson,663886,239.91,2025-07-07,2,1,0,0,1,0,0,2,0,19,213,Unusable
Caleb Durbin,702332,239.92,2025-04-14,2,0,0,0,0,1,2,1,1,19,219,Unusable
Caleb Durbin,702332,239.92,2025-05-05,2,0,0,0,2,1,0,2,0,19,228,Unusable
Nick Gonzales,693304,239.92,2025-09-15,2,1,0,0,0,1,0,2,0,19,204,Unusable
Hunter Renfroe,592669,239.98,2025-03-31,3,0,0,0,2,0,0,2,0,19,223,Unusable
Hunter Renfroe,592669,239.98,2025-05-12,1,2,0,0,0,0,2,0,0,19,209,Unusable
Joey Loperfido,694388,239.98,2025-07-14,2,1,0,0,1,0,1,1,0,19,121,Unusable
Brendan Rodgers,663898,239.98,2025-04-28,4,0,0,0,1,0,2,0,0,19,219,Unusable
Johan Rojas,679032,239.99,2025-06-30,3,0,0,0,0,0,1,0,2,19,214,Unusable
Ke'Bryan Hayes,663647,240,2025-09-22,3,0,0,0,2,0,1,1,0,19,191,Unusable
James Outman,681546,240,2025-09-22,0,0,0,1,1,0,2,1,0,19,191,Unusable
Enrique Hernandez,571771,NA,2025-05-26,3,1,0,0,0,0,1,1,0,19,209,Unusable
Enrique Hernandez,571771,NA,2025-06-16,0,2,0,0,1,0,2,0,0,19,222,Unusable
Mitch Garver,641598,NA,2025-09-08,0,0,0,1,1,0,2,1,0,19,192,Unusable
Jack Suwinski,669261,NA,2025-08-25,1,1,0,0,2,0,1,1,0,19,221,Unusable
Blake Perkins,663368,NA,2025-08-25,3,0,0,0,2,0,1,1,0,19,221,Unusable
Christian Moore,695681,NA,2025-09-08,0,0,0,1,1,0,2,1,0,19,192,Unusable
Matt Mervis,670223,NA,2025-05-05,2,0,0,0,3,0,2,0,0,19,228,Unusable
Orlando Arcia,606115,NA,2025-04-07,2,1,0,0,1,0,1,1,0,19,210,Unusable
Isaac Collins,686555,NA,2025-06-09,2,0,1,0,1,0,1,0,0,19,221,Unusable
Otto Lopez,672640,NA,2025-04-28,4,0,0,0,1,0,2,0,0,19,219,Unusable
Mickey Moniak,666160,NA,2025-03-31,1,0,1,0,2,0,1,0,0,19,223,Unusable
Amed Rosario,642708,NA,2025-05-19,1,2,0,0,0,0,1,1,0,19,225,Unusable
Amed Rosario,642708,NA,2025-09-08,1,0,0,1,0,0,1,2,0,19,192,Unusable
Randal Grichuk,545341,NA,2025-04-28,1,2,0,0,0,0,1,1,0,19,219,Unusable
Randal Grichuk,545341,NA,2025-06-23,3,0,0,0,0,0,5,0,0,19,206,Unusable
David Hamilton,666152,NA,2025-09-22,0,0,0,1,1,0,1,2,0,19,191,Unusable
Jake Fraley,641584,NA,2025-05-26,0,0,0,1,1,0,1,2,0,19,209,Unusable
Addison Barger,680718,NA,2025-09-15,3,1,0,0,0,0,0,2,0,19,204,Unusable
Corey Julks,667452,NA,2025-08-04,1,2,0,0,0,0,2,0,0,19,210,Unusable
Ernie Clement,676391,NA,2025-03-31,1,0,0,0,4,0,0,2,0,19,223,Unusable
Ernie Clement,676391,NA,2025-04-28,3,1,0,0,0,0,2,0,0,19,219,Unusable
Mike Tauchman,643565,NA,2025-08-25,4,0,0,0,1,0,1,1,0,19,221,Unusable
Kyle Isbel,664728,NA,2025-05-26,4,0,0,0,1,0,1,1,0,19,209,Unusable
Kyle Isbel,664728,NA,2025-06-02,5,0,0,0,0,0,2,0,0,19,210,Unusable
Angel Martinez,682657,NA,2025-04-28,3,1,0,0,0,0,1,1,0,19,219,Unusable
Weston Wilson,642215,NA,2025-09-01,0,0,0,1,0,1,1,2,0,19,200,Unusable
Kyle Higashioka,543309,NA,2025-07-14,3,1,0,0,0,0,0,0,1,19,121,Unusable
Jonah Heim,641680,NA,2025-06-02,0,0,0,1,1,0,1,2,0,19,210,Unusable
Jonah Heim,641680,NA,2025-08-11,4,0,0,0,1,0,0,2,0,19,210,Unusable
Gustavo Campero,672569,NA,2025-08-04,1,0,0,1,0,0,1,2,0,19,210,Unusable
Alex Call,669743,NA,2025-07-07,0,1,0,0,3,0,1,1,0,19,213,Unusable
Henry Davis,680779,NA,2025-06-09,1,1,0,0,2,0,2,0,0,19,221,Unusable
Brandon Lockridge,663604,NA,2025-04-28,1,1,0,0,0,0,2,1,1,19,219,Unusable
Jose Caballero,676609,NA,2025-03-24,2,0,0,0,1,0,1,2,1,19,132,Unusable
Jose Caballero,676609,NA,2025-09-01,0,1,0,0,1,0,0,1,2,19,200,Unusable
Nick Fortes,663743,NA,2025-08-18,2,0,0,0,1,2,1,1,0,19,209,Unusable
Dalton Rushing,687221,NA,2025-08-11,1,0,0,1,0,0,1,2,0,19,210,Unusable
Alejandro Kirk,672386,NA,2025-04-14,3,0,0,0,1,1,0,2,0,19,219,Unusable
Alejandro Kirk,672386,NA,2025-04-21,3,1,0,0,0,0,0,2,0,19,213,Unusable
Martin Maldonado,455117,NA,2025-05-05,0,0,0,1,1,0,1,2,0,19,228,Unusable
Dylan Moore,664238,NA,2025-06-30,0,0,0,1,1,0,1,2,0,19,214,Unusable
Max Schuemann,680474,NA,2025-06-02,2,0,0,0,2,1,0,2,0,19,210,Unusable
Tyler Black,672012,NA,2025-07-21,1,1,0,0,2,0,1,1,0,19,210,Unusable
Kyle Farmer,571657,NA,2025-08-04,2,0,0,0,3,0,1,1,0,19,210,Unusable
Connor Joe,656582,NA,2025-06-09,1,2,0,0,0,0,0,2,0,19,221,Unusable
Adrian Del Castillo,680728,NA,2025-09-15,1,0,0,1,0,0,1,2,0,19,204,Unusable
Tyler Wade,642180,NA,2025-05-26,2,0,0,0,1,0,3,2,0,19,209,Unusable
Jose Tena,677588,NA,2025-08-11,1,1,0,0,0,0,0,3,1,19,210,Unusable
Pedro Pages,686780,NA,2025-04-07,4,0,0,0,1,0,1,1,0,19,210,Unusable
Pedro Pages,686780,NA,2025-09-08,4,0,0,0,1,0,1,1,0,19,192,Unusable
Thomas Saggese,695336,NA,2025-09-01,2,1,0,0,1,0,1,1,0,19,200,Unusable
Jose Trevino,624431,NA,2025-08-18,3,0,0,0,2,0,1,1,0,19,209,Unusable
Andrew Knizner,668800,NA,2025-08-25,3,0,0,0,1,1,2,0,0,19,221,Unusable
Elly De La Cruz,682829,5.23,2025-03-24,3,0,0,0,1,0,2,1,0,18,138,Unusable
Jackson Chourio,694192,13.9,2025-04-28,2,1,0,0,0,0,2,1,0,18,229,Unusable
Jackson Chourio,694192,13.9,2025-07-14,4,0,0,0,0,0,1,0,1,18,129,Unusable
Mookie Betts,605141,16.08,2025-05-26,2,0,0,0,2,0,2,1,0,18,215,Unusable
Adolis Garcia,666969,49.79,2025-03-31,0,1,0,0,1,1,1,0,1,18,226,Unusable
Brandon Nimmo,607043,51.96,2025-04-21,3,0,0,0,1,0,1,2,0,18,218,Unusable
Brandon Nimmo,607043,51.96,2025-08-04,0,0,0,0,6,0,0,0,0,18,215,Unusable
Randy Arozarena,668227,53.57,2025-09-15,1,0,0,0,2,1,3,0,0,18,209,Unusable
Seiya Suzuki,673548,54.65,2025-09-15,1,1,0,0,2,1,0,0,0,18,209,Unusable
Ozzie Albies,645277,58.95,2025-05-05,2,0,0,0,2,0,2,1,0,18,232,Unusable
Christian Walker,572233,74.01,2025-06-23,1,2,0,0,1,0,0,0,0,18,210,Unusable
Spencer Steer,668715,80.57,2025-07-21,2,0,0,0,2,0,2,1,0,18,214,Unusable
Steven Kwan,680757,82.5,2025-08-18,3,0,0,0,1,0,1,0,1,18,214,Unusable
Josh Naylor,647304,89.6,2025-06-30,3,0,0,0,1,0,0,3,0,18,219,Unusable
Lane Thomas,657041,93.37,2025-06-16,2,0,0,0,2,0,1,0,1,18,225,Unusable
Eugenio Suarez,553993,104.99,2025-04-07,1,1,0,0,2,1,0,0,0,18,215,Unusable
Eugenio Suarez,553993,104.99,2025-04-28,2,1,0,0,0,0,2,1,0,18,229,Unusable
Jake Burger,669394,115.47,2025-05-26,2,1,0,0,0,0,2,1,0,18,215,Unusable
Isaac Paredes,670623,121.15,2025-09-22,3,0,0,0,0,1,1,2,0,18,196,Unusable
Jackson Holliday,702616,135.54,2025-09-15,2,1,0,0,2,0,0,0,0,18,209,Unusable
Nolan Jones,666134,157.02,2025-07-14,2,0,0,0,2,0,2,1,0,18,129,Unusable
Michael Conforto,624424,163,2025-08-11,3,0,0,0,1,0,1,2,0,18,216,Unusable
Jonathan India,663697,164.42,2025-09-22,0,0,0,1,0,0,1,3,0,18,196,Unusable
TJ Friedl,670770,168.11,2025-07-14,0,0,0,0,0,4,3,0,0,18,129,Unusable
TJ Friedl,670770,168.11,2025-07-28,2,1,0,0,2,0,0,0,0,18,224,Unusable
Ryan McMahon,641857,172.9,2025-03-24,3,1,0,0,1,0,0,0,0,18,138,Unusable
Willson Contreras,575929,182.14,2025-05-19,3,0,0,0,0,1,1,2,0,18,230,Unusable
Roman Anthony,701350,198.72,2025-06-09,0,1,0,0,2,0,0,3,0,18,226,Unusable
Austin Hays,669720,212.98,2025-08-04,1,1,0,0,1,0,2,1,0,18,215,Unusable
Alec Burleson,676475,219.26,2025-05-26,3,1,0,0,1,0,0,0,0,18,215,Unusable
Jordan Walker,691023,219.58,2025-04-14,2,1,0,0,0,0,2,1,0,18,225,Unusable
Jordan Walker,691023,219.58,2025-04-28,1,1,0,0,1,0,1,2,0,18,229,Unusable
Jordan Walker,691023,219.58,2025-09-01,1,1,0,0,1,0,1,2,0,18,208,Unusable
Parker Meadows,678009,227.67,2025-06-09,0,0,0,1,0,0,1,3,0,18,226,Unusable
Andres Gimenez,665926,231.93,2025-04-21,1,0,0,0,2,1,1,0,1,18,218,Unusable
Andrew McCutchen,457705,235.95,2025-06-02,3,0,0,0,1,0,0,3,0,18,214,Unusable
Joey Ortiz,687401,237.06,2025-03-31,3,1,0,0,1,0,0,0,0,18,226,Unusable
Joey Ortiz,687401,237.06,2025-04-14,3,0,0,0,1,0,1,2,0,18,225,Unusable
Joey Ortiz,687401,237.06,2025-09-08,4,0,0,0,0,0,3,0,0,18,201,Unusable
Trevor Larnach,663616,237.16,2025-09-22,2,2,0,0,0,0,0,0,0,18,196,Unusable
Tyler Fitzgerald,666149,237.85,2025-04-21,3,0,0,0,1,0,2,1,0,18,218,Unusable
Spencer Torkelson,679529,237.98,2025-09-22,3,0,0,0,3,0,0,0,0,18,196,Unusable
Christopher Morel,666624,238.29,2025-03-31,3,0,0,0,1,0,2,1,0,18,226,Unusable
Tommy Pham,502054,238.55,2025-05-26,4,0,0,0,0,0,2,1,0,18,215,Unusable
Logan O'Hoppe,681351,238.67,2025-09-15,3,1,0,0,1,0,0,0,0,18,209,Unusable
Trevor Story,596115,238.76,2025-03-24,1,0,0,0,1,0,2,0,2,18,138,Unusable
Myles Straw,664702,238.89,2025-08-04,3,0,0,0,1,0,1,0,1,18,215,Unusable
Myles Straw,664702,238.89,2025-09-22,1,0,1,0,1,0,1,1,0,18,196,Unusable
Jose Siri,642350,239.12,2025-03-31,0,1,0,0,2,0,2,1,0,18,226,Unusable
Brett Baty,683146,239.56,2025-04-07,2,0,1,0,0,0,1,1,0,18,215,Unusable
Luisangel Acuna,682668,239.64,2025-09-01,2,0,0,0,0,0,2,0,2,18,208,Unusable
Oswaldo Cabrera,665828,239.74,2025-04-28,3,0,0,0,0,1,3,0,0,18,229,Unusable
Bo Naylor,666310,239.8,2025-06-30,1,2,0,0,1,0,0,0,0,18,219,Unusable
Luis Rengifo,650859,239.81,2025-04-21,6,0,0,0,0,0,0,0,0,18,218,Unusable
Tyler Stephenson,663886,239.91,2025-06-16,1,0,0,0,3,0,2,1,0,18,225,Unusable
Alek Thomas,677950,239.91,2025-07-14,2,1,0,0,0,0,2,1,0,18,129,Unusable
Alek Thomas,677950,239.91,2025-08-18,2,0,1,0,0,0,2,0,0,18,214,Unusable
Kyle Teel,691019,239.94,2025-06-16,1,1,0,0,2,1,0,0,0,18,225,Unusable
Alexander Canario,672744,239.96,2025-06-16,3,0,0,0,1,0,1,2,0,18,225,Unusable
Will Wagner,695238,239.98,2025-04-07,1,0,0,0,3,0,1,2,0,18,215,Unusable
Colson Montgomery,695657,239.98,2025-07-14,2,1,0,0,0,0,0,3,0,18,129,Unusable
Davis Schneider,676914,239.99,2025-04-07,1,0,0,0,3,0,2,1,0,18,215,Unusable
Will Benson,666181,239.99,2025-05-26,3,0,0,0,1,0,2,1,0,18,215,Unusable
Will Benson,666181,239.99,2025-09-15,2,1,0,0,0,0,0,3,0,18,209,Unusable
Johan Rojas,679032,239.99,2025-05-19,2,0,0,0,0,0,1,1,2,18,230,Unusable
Ke'Bryan Hayes,663647,240,2025-03-24,2,0,0,0,0,0,2,0,2,18,138,Unusable
Ke'Bryan Hayes,663647,240,2025-07-14,1,1,0,0,1,0,1,2,0,18,129,Unusable
Ke'Bryan Hayes,663647,240,2025-09-08,4,0,0,0,2,0,0,0,0,18,201,Unusable
Patrick Bailey,672275,240,2025-08-25,2,0,0,0,2,0,2,1,0,18,226,Unusable
Nick Kurtz,701762,NA,2025-04-21,4,0,0,0,0,0,0,3,0,18,218,Unusable
Miguel Vargas,678246,NA,2025-03-24,1,1,0,0,1,0,1,2,0,18,138,Unusable
Enrique Hernandez,571771,NA,2025-03-17,0,0,0,1,0,0,1,3,0,18,5,H1
Marcelo Mayer,691785,NA,2025-06-23,2,0,1,0,0,0,1,1,0,18,210,Unusable
Mitch Garver,641598,NA,2025-04-07,2,0,0,0,1,1,1,0,1,18,215,Unusable
Mitch Garver,641598,NA,2025-05-12,3,0,0,0,1,0,2,1,0,18,216,Unusable
Joey Bart,663698,NA,2025-06-23,2,0,0,0,2,0,2,1,0,18,210,Unusable
Tim Anderson,641313,NA,2025-04-07,2,0,0,0,2,0,1,0,1,18,215,Unusable
Otto Lopez,672640,NA,2025-05-12,0,0,0,1,0,0,1,3,0,18,216,Unusable
Ivan Herrera,671056,NA,2025-05-05,1,1,0,0,1,0,1,2,0,18,232,Unusable
Luis Matos,682641,NA,2025-07-07,0,0,0,1,0,0,1,3,0,18,220,Unusable
Mauricio Dubon,643289,NA,2025-05-12,0,2,0,0,0,0,2,1,0,18,216,Unusable
Mark Canha,592192,NA,2025-05-19,5,0,0,0,1,0,0,0,0,18,230,Unusable
David Hamilton,666152,NA,2025-09-01,1,0,0,0,1,0,1,1,2,18,208,Unusable
Tyrone Taylor,621438,NA,2025-06-09,1,1,0,0,1,0,0,1,1,18,226,Unusable
Jake Fraley,641584,NA,2025-04-07,2,0,0,0,2,0,1,0,1,18,215,Unusable
Stuart Fairchild,656413,NA,2025-06-23,0,3,0,0,0,0,0,0,0,18,210,Unusable
Trent Grisham,663757,NA,2025-03-24,2,0,0,0,1,1,3,0,0,18,138,Unusable
Kyle Higashioka,543309,NA,2025-05-26,3,0,0,0,1,0,3,0,0,18,215,Unusable
Lenyn Sosa,672820,NA,2025-07-21,2,1,0,0,0,0,0,3,0,18,214,Unusable
Jon Berti,542932,NA,2025-04-14,2,0,0,0,2,0,1,0,1,18,225,Unusable
Henry Davis,680779,NA,2025-08-25,0,0,0,1,0,0,1,3,0,18,226,Unusable
Andres Chaparro,665953,NA,2025-08-18,2,1,0,0,2,0,0,0,0,18,214,Unusable
Connor Wong,657136,NA,2025-07-28,1,1,0,0,1,0,2,1,0,18,224,Unusable
Emmanuel Rivera,656896,NA,2025-05-19,3,0,0,0,2,1,0,0,0,18,230,Unusable
Edmundo Sosa,624641,NA,2025-08-18,0,0,0,1,0,0,1,3,0,18,214,Unusable
Alejandro Kirk,672386,NA,2025-07-14,3,0,0,0,1,0,2,1,0,18,129,Unusable
Daz Cameron,663662,NA,2025-05-26,2,1,0,0,0,0,3,0,0,18,215,Unusable
Austin Hedges,595978,NA,2025-04-07,1,0,0,0,3,0,1,0,1,18,215,Unusable
Andy Ibanez,628451,NA,2025-03-31,2,0,0,0,1,1,1,2,0,18,226,Unusable
Andy Ibanez,628451,NA,2025-04-07,0,0,0,1,0,0,1,3,0,18,215,Unusable
Andy Ibanez,628451,NA,2025-05-05,2,1,0,0,0,0,1,2,0,18,232,Unusable
Dylan Moore,664238,NA,2025-09-08,0,0,0,1,0,0,2,2,0,18,201,Unusable
Max Schuemann,680474,NA,2025-04-14,0,0,2,0,0,0,1,0,0,18,225,Unusable
Max Schuemann,680474,NA,2025-06-09,0,1,0,0,2,0,2,1,0,18,226,Unusable
Josh Rojas,668942,NA,2025-06-09,4,0,0,0,0,0,1,0,1,18,226,Unusable
Josh Rojas,668942,NA,2025-06-23,2,1,0,0,2,0,0,0,0,18,210,Unusable
Connor Joe,656582,NA,2025-05-12,2,2,0,0,0,0,0,0,0,18,216,Unusable
Jake Bauers,641343,NA,2025-04-28,0,1,0,0,2,0,1,2,0,18,229,Unusable
Jorge Mateo,622761,NA,2025-05-12,2,0,0,0,0,0,1,1,2,18,216,Unusable
Thomas Saggese,695336,NA,2025-06-30,2,1,0,0,0,0,1,2,0,18,219,Unusable
Thomas Saggese,695336,NA,2025-07-28,1,1,0,0,3,0,0,0,0,18,224,Unusable
Luke Williams,663897,NA,2025-07-28,0,1,0,0,0,0,1,3,1,18,224,Unusable
Bryan Ramos,682868,NA,2025-09-01,0,2,0,0,0,0,1,2,0,18,208,Unusable
Jose Trevino,624431,NA,2025-05-19,1,1,0,0,1,0,1,2,0,18,230,Unusable
Kevin Pillar,607680,NA,2025-04-21,2,0,0,0,0,0,2,0,2,18,218,Unusable
Richie Palacios,680700,NA,2025-04-14,2,1,0,0,0,0,1,0,1,18,225,Unusable
Jarren Duran,680776,15.71,2025-07-14,1,0,0,0,4,0,1,0,0,17,136,Unusable
Brent Rooker,667670,20.89,2025-05-12,3,0,0,0,2,0,1,0,0,17,221,Unusable
Freddie Freeman,518692,26.39,2025-07-14,0,1,0,0,2,1,1,0,0,17,136,Unusable
Bryan Reynolds,668804,42.05,2025-06-16,2,1,0,0,1,0,1,0,0,17,229,Unusable
Corey Seager,608369,43.68,2025-04-28,3,0,0,0,0,0,2,2,0,17,234,Unusable
Riley Greene,682985,44.7,2025-07-14,1,0,0,1,0,0,1,1,0,17,136,Unusable
Adolis Garcia,666969,49.79,2025-07-14,1,1,0,0,0,0,2,0,1,17,136,Unusable
Oneil Cruz,665833,50.09,2025-06-16,2,0,0,0,1,0,1,1,1,17,229,Unusable
William Contreras,661388,61.55,2025-06-02,3,0,0,0,2,0,1,0,0,17,215,Unusable
Dylan Crews,686611,71.02,2025-05-19,0,0,0,1,1,0,1,1,0,17,235,Unusable
Taylor Ward,621493,83.15,2025-03-24,3,1,0,0,0,0,1,0,0,17,144,Unusable
Lane Thomas,657041,93.37,2025-03-31,1,1,0,0,0,0,0,2,1,17,231,Unusable
George Springer,543807,107.02,2025-05-12,0,1,0,0,3,0,1,0,0,17,221,Unusable
Adley Rutschman,668939,112.59,2025-09-22,0,0,1,0,3,0,0,0,0,17,201,Unusable
Jake Burger,669394,115.47,2025-04-07,3,1,0,0,0,0,0,1,0,17,224,Unusable
Cedric Mullins,656775,133.6,2025-05-05,1,1,0,0,0,0,2,0,1,17,235,Unusable
Cedric Mullins,656775,133.6,2025-06-16,0,0,0,1,1,0,1,1,0,17,229,Unusable
Ceddanne Rafaela,678882,156.21,2025-05-19,1,0,0,0,1,1,3,1,0,17,235,Unusable
Nolan Jones,666134,157.02,2025-05-12,5,0,0,0,0,0,0,1,0,17,221,Unusable
Max Muncy,571970,161.48,2025-04-07,2,1,0,0,1,0,0,1,0,17,224,Unusable
Max Muncy,691777,161.48,2025-03-24,1,0,0,1,0,0,1,1,0,17,144,Unusable
Jonathan India,663697,164.42,2025-09-15,2,0,0,0,1,0,4,0,0,17,214,Unusable
Royce Lewis,668904,168.33,2025-09-22,3,1,0,0,0,0,0,1,0,17,201,Unusable
Ryan McMahon,641857,172.9,2025-09-15,2,0,0,0,1,0,1,1,1,17,214,Unusable
Willson Contreras,575929,182.14,2025-09-15,1,1,0,0,0,0,1,1,1,17,214,Unusable
Nathaniel Lowe,663993,192.46,2025-07-28,2,1,0,0,1,0,0,1,0,17,228,Unusable
Nathaniel Lowe,663993,192.46,2025-08-04,1,0,0,0,4,0,0,1,0,17,218,Unusable
Jo Adell,666176,198.16,2025-09-08,1,0,0,1,0,0,1,1,0,17,204,Unusable
Jake McCarthy,664983,205.86,2025-07-07,2,0,0,0,3,0,1,0,0,17,221,Unusable
Jake McCarthy,664983,205.86,2025-07-21,1,1,1,0,0,0,0,0,0,17,216,Unusable
Josh Jung,673962,208.9,2025-06-16,1,1,0,0,0,0,1,3,0,17,229,Unusable
Carlos Correa,621043,209.38,2025-08-25,2,0,0,0,3,0,0,1,0,17,228,Unusable
Will Smith,669257,215.77,2025-04-07,2,1,0,0,1,0,0,1,0,17,224,Unusable
Wilyer Abreu,677800,217.36,2025-09-22,2,1,0,0,1,0,1,0,0,17,201,Unusable
Jordan Walker,691023,219.58,2025-03-24,2,0,0,0,2,1,1,0,0,17,144,Unusable
Jordan Walker,691023,219.58,2025-09-08,2,0,0,0,1,0,2,0,1,17,204,Unusable
Michael Busch,683737,226.9,2025-07-21,2,0,0,0,1,2,1,0,0,17,216,Unusable
Matt Shaw,807713,227.33,2025-07-28,1,2,0,0,0,0,1,0,0,17,228,Unusable
Andy Pages,681624,228.33,2025-03-17,0,1,0,0,3,0,1,0,0,17,6,H1
Brandon Marsh,669016,230.99,2025-06-02,2,0,0,0,3,0,1,0,0,17,215,Unusable
Andres Gimenez,665926,231.93,2025-06-16,1,0,0,0,0,4,1,0,0,17,229,Unusable
Max Kepler,596146,234.12,2025-06-23,2,0,0,0,3,0,0,1,0,17,215,Unusable
Max Kepler,596146,234.12,2025-09-15,0,0,0,1,1,0,1,1,0,17,214,Unusable
Colt Keith,690993,235.65,2025-07-21,3,0,0,0,2,0,0,1,0,17,216,Unusable
Colt Keith,690993,235.65,2025-09-15,2,1,0,0,1,0,0,1,0,17,214,Unusable
Andrew Vaughn,683734,236.76,2025-05-12,1,2,0,0,0,0,0,1,0,17,221,Unusable
Joey Ortiz,687401,237.06,2025-06-02,2,0,0,0,2,1,0,1,0,17,215,Unusable
Carlos Santana,467793,237.36,2025-06-02,3,1,0,0,0,0,1,0,0,17,215,Unusable
Tyler Fitzgerald,666149,237.85,2025-03-31,1,0,0,0,2,0,2,0,1,17,231,Unusable
Tyler Fitzgerald,666149,237.85,2025-05-12,2,1,0,0,1,0,1,0,0,17,221,Unusable
Hyeseong Kim,808975,238.24,2025-07-21,3,0,0,0,0,0,0,2,1,17,216,Unusable
Christopher Morel,666624,238.29,2025-07-28,3,1,0,0,0,0,1,0,0,17,228,Unusable
Tommy Pham,502054,238.55,2025-03-31,1,0,0,0,2,0,0,2,1,17,231,Unusable
Jhonkensy Noel,678877,238.56,2025-09-15,1,0,0,1,0,0,1,1,0,17,214,Unusable
Logan O'Hoppe,681351,238.67,2025-03-24,1,0,0,1,0,0,1,1,0,17,144,Unusable
Wenceel Perez,672761,238.7,2025-07-21,2,0,0,0,1,0,1,1,1,17,216,Unusable
Mike Yastrzemski,573262,238.77,2025-06-02,0,1,0,0,1,0,1,3,0,17,215,Unusable
Alex Verdugo,657077,238.85,2025-06-09,3,0,0,0,2,0,1,0,0,17,231,Unusable
Leody Taveras,665750,238.9,2025-05-26,3,0,0,0,0,0,1,1,1,17,222,Unusable
Coby Mayo,691723,239.19,2025-08-18,2,0,0,0,2,1,1,0,0,17,218,Unusable
Justin Turner,457759,239.35,2025-04-21,2,0,0,0,1,0,1,1,1,17,224,Unusable
Justin Turner,457759,239.35,2025-07-21,1,1,0,0,0,0,2,0,1,17,216,Unusable
Tyler Freeman,671289,239.42,2025-03-31,1,0,0,0,1,1,3,1,0,17,231,Unusable
Matt Vierling,663837,239.52,2025-07-28,2,1,0,0,0,1,0,1,0,17,228,Unusable
Josh Smith,669701,239.59,2025-09-22,0,0,0,1,1,0,1,1,0,17,201,Unusable
Adam Frazier,624428,239.6,2025-06-02,2,1,0,0,0,1,1,0,0,17,215,Unusable
Zac Veen,691728,239.66,2025-04-07,2,1,0,0,1,0,0,1,0,17,224,Unusable
Ty France,664034,239.69,2025-08-11,2,1,0,0,0,1,1,0,0,17,217,Unusable
Jeff McNeil,643446,239.75,2025-09-08,2,0,0,0,3,0,0,1,0,17,204,Unusable
Jarred Kelenic,672284,239.76,2025-03-24,1,0,0,1,0,0,1,1,0,17,144,Unusable
Casey Schmitt,669477,239.77,2025-04-07,1,2,0,0,0,0,1,0,0,17,224,Unusable
Miguel Rojas,500743,239.78,2025-07-28,3,1,0,0,0,0,1,0,0,17,228,Unusable
Bo Naylor,666310,239.8,2025-08-11,3,1,0,0,0,0,0,1,0,17,217,Unusable
Gavin Sheets,657757,239.88,2025-08-11,1,2,0,0,0,0,1,0,0,17,217,Unusable
Kevin Newman,621028,239.88,2025-05-19,2,0,0,0,1,0,1,1,1,17,235,Unusable
Elias Diaz,553869,239.91,2025-06-02,3,0,0,0,1,1,0,1,0,17,215,Unusable
Griffin Conine,665052,239.92,2025-03-24,1,0,0,1,0,0,1,1,0,17,144,Unusable
Curtis Mead,678554,239.94,2025-04-07,3,0,0,0,1,1,1,0,0,17,224,Unusable
Kyle Teel,691019,239.94,2025-06-02,3,0,0,0,2,0,1,0,0,17,215,Unusable
Brooks Lee,686797,239.95,2025-05-19,3,0,0,0,2,0,0,1,0,17,235,Unusable
Alexander Canario,672744,239.96,2025-08-25,1,0,0,1,0,0,1,1,0,17,228,Unusable
Will Wagner,695238,239.98,2025-03-31,3,0,0,0,2,0,1,0,0,17,231,Unusable
Joey Loperfido,694388,239.98,2025-09-08,1,1,0,0,0,0,1,3,0,17,204,Unusable
Brendan Rodgers,663898,239.98,2025-06-02,0,0,0,1,1,0,1,1,0,17,215,Unusable
Jorge Polanco,593871,239.99,2025-07-14,2,0,0,0,1,0,2,2,0,17,136,Unusable
Michael Massey,686681,239.99,2025-04-14,4,0,0,0,1,0,0,1,0,17,230,Unusable
Michael Massey,686681,239.99,2025-04-21,3,0,0,0,0,0,1,3,0,17,224,Unusable
Michael Massey,686681,239.99,2025-09-01,4,0,0,0,1,0,1,0,0,17,212,Unusable
Johan Rojas,679032,239.99,2025-04-21,2,0,0,0,1,0,1,3,0,17,224,Unusable
Ke'Bryan Hayes,663647,240,2025-08-04,2,1,0,0,1,0,1,0,0,17,218,Unusable
Patrick Bailey,672275,240,2025-04-14,2,0,0,0,1,0,2,2,0,17,230,Unusable
Patrick Bailey,672275,240,2025-05-05,3,0,0,0,0,0,1,3,0,17,235,Unusable
Mitch Garver,641598,NA,2025-07-07,1,0,0,1,0,0,1,1,0,17,221,Unusable
Mitch Garver,641598,NA,2025-09-01,1,0,1,0,0,0,1,2,0,17,212,Unusable
Joey Bart,663698,NA,2025-07-21,1,1,0,0,2,0,1,0,0,17,216,Unusable
Joey Bart,663698,NA,2025-09-01,2,1,0,0,0,1,0,1,0,17,212,Unusable
Isaac Collins,686555,NA,2025-09-08,2,0,0,0,3,0,1,0,0,17,204,Unusable
Mickey Moniak,666160,NA,2025-09-22,1,2,0,0,0,0,1,0,0,17,201,Unusable
Randal Grichuk,545341,NA,2025-04-14,1,1,0,0,0,0,2,2,0,17,230,Unusable
Randal Grichuk,545341,NA,2025-08-04,1,1,0,0,1,1,0,1,0,17,218,Unusable
Randal Grichuk,545341,NA,2025-08-18,3,0,0,0,2,0,1,0,0,17,218,Unusable
Mauricio Dubon,643289,NA,2025-04-14,2,1,0,0,1,0,0,1,0,17,230,Unusable
David Hamilton,666152,NA,2025-04-14,0,0,0,1,1,0,1,1,0,17,230,Unusable
Tyrone Taylor,621438,NA,2025-04-21,1,0,0,0,2,0,2,0,1,17,224,Unusable
Kameron Misner,670224,NA,2025-06-02,1,0,0,1,0,0,1,1,0,17,215,Unusable
Angel Martinez,682657,NA,2025-08-18,3,1,0,0,0,0,1,0,0,17,218,Unusable
Weston Wilson,642215,NA,2025-08-11,1,1,0,0,0,0,1,3,0,17,217,Unusable
Ezequiel Duran,677649,NA,2025-05-05,2,1,0,0,0,1,1,0,0,17,235,Unusable
Ezequiel Duran,677649,NA,2025-09-15,3,0,0,0,0,0,2,0,1,17,214,Unusable
Ryan Bliss,669208,NA,2025-03-24,1,0,0,0,2,0,0,0,2,17,144,Unusable
Zach McKinstry,656716,NA,2025-09-22,2,1,0,0,0,1,1,0,0,17,201,Unusable
Lenyn Sosa,672820,NA,2025-03-31,3,1,0,0,0,0,1,0,0,17,231,Unusable
Ji Hwan Bae,678225,NA,2025-09-08,0,0,0,0,3,0,0,0,2,17,204,Unusable
Henry Davis,680779,NA,2025-07-21,0,0,0,0,3,2,1,0,0,17,216,Unusable
Brandon Lockridge,663604,NA,2025-03-24,0,1,0,0,1,0,1,1,1,17,144,Unusable
Jose Caballero,676609,NA,2025-09-22,1,0,0,0,2,0,1,1,1,17,201,Unusable
Jake Mangum,663968,NA,2025-08-25,3,1,0,0,0,0,1,0,0,17,228,Unusable
Trey Sweeney,700242,NA,2025-08-11,1,1,0,0,0,0,3,1,0,17,217,Unusable
Connor Wong,657136,NA,2025-09-01,1,1,0,0,2,0,1,0,0,17,212,Unusable
Edmundo Sosa,624641,NA,2025-09-08,1,2,0,0,0,0,1,0,0,17,204,Unusable
Luis Torrens,620443,NA,2025-04-14,0,2,0,0,1,0,0,1,0,17,230,Unusable
Dylan Carlson,666185,NA,2025-07-21,2,0,0,0,0,1,1,3,0,17,216,Unusable
Dylan Carlson,666185,NA,2025-09-01,1,0,0,0,4,0,1,0,0,17,212,Unusable
Dylan Moore,664238,NA,2025-05-26,1,2,0,0,0,0,1,0,0,17,222,Unusable
Travis d'Arnaud,518595,NA,2025-05-19,1,1,0,0,1,1,0,1,0,17,235,Unusable
Derek Hill,656537,NA,2025-07-07,2,0,0,0,1,0,2,2,0,17,221,Unusable
Derek Hill,656537,NA,2025-08-25,2,1,0,0,0,1,0,1,0,17,228,Unusable
Nick Maton,665155,NA,2025-03-24,0,0,0,1,1,0,1,1,0,17,144,Unusable
Ramon Urias,602104,NA,2025-04-28,1,0,0,1,0,0,1,1,0,17,234,Unusable
Ramon Urias,602104,NA,2025-05-12,1,0,0,0,2,0,2,2,0,17,221,Unusable
Travis Jankowski,608671,NA,2025-04-28,3,0,0,0,0,0,2,0,1,17,234,Unusable
Dominic Fletcher,666150,NA,2025-09-15,0,2,0,0,1,0,1,0,0,17,214,Unusable
Luis Urias,649966,NA,2025-07-28,2,0,0,0,1,2,1,0,0,17,228,Unusable
Connor Joe,656582,NA,2025-05-05,2,0,0,0,1,0,1,1,1,17,235,Unusable
Jonatan Clase,682729,NA,2025-06-16,0,0,0,1,0,1,1,1,0,17,229,Unusable
Jake Bauers,641343,NA,2025-06-09,0,0,0,1,1,0,1,1,0,17,231,Unusable
Jake Bauers,641343,NA,2025-06-30,2,0,0,0,3,0,1,0,0,17,222,Unusable
Pedro Pages,686780,NA,2025-09-15,5,0,0,0,0,0,1,0,0,17,214,Unusable
Jose Iglesias,578428,NA,2025-06-02,3,0,0,0,2,0,0,1,0,17,215,Unusable
Jose Iglesias,578428,NA,2025-09-08,2,0,0,0,0,1,0,2,1,17,204,Unusable
Oscar Gonzalez,660757,NA,2025-04-14,3,1,0,0,0,0,0,1,0,17,230,Unusable
Oscar Gonzalez,660757,NA,2025-04-21,4,0,0,0,1,0,0,1,0,17,224,Unusable
Kevin Pillar,607680,NA,2025-03-31,1,1,0,0,0,0,2,0,1,17,231,Unusable
Elly De La Cruz,682829,5.23,2025-07-14,2,0,0,0,2,0,0,2,0,16,141,Unusable
Jose Ramirez,608070,8.37,2025-04-07,3,0,0,0,1,0,1,1,0,16,230,Unusable
Jackson Chourio,694192,13.9,2025-03-24,2,1,0,0,0,0,1,1,0,16,153,Unusable
Austin Riley,663586,30.75,2025-03-31,3,0,0,0,0,1,0,2,0,16,238,Unusable
James Wood,695578,32.36,2025-03-24,1,1,0,0,1,0,0,0,1,16,153,Unusable
Trea Turner,607208,35.91,2025-07-28,2,1,0,0,0,0,1,1,0,16,234,Unusable
Oneil Cruz,665833,50.09,2025-09-22,0,0,0,1,0,0,1,2,0,16,208,Unusable
Ozzie Albies,645277,58.95,2025-06-09,3,0,0,0,1,0,1,1,0,16,233,Unusable
Junior Caminero,691406,65.87,2025-03-31,2,0,0,0,2,0,1,1,0,16,238,Unusable
Jurickson Profar,595777,69.27,2025-03-24,3,0,0,0,1,0,2,0,0,16,153,Unusable
Willy Adames,642715,76.34,2025-06-02,0,0,0,0,4,0,1,1,0,16,226,Unusable
Spencer Steer,668715,80.57,2025-07-14,2,0,0,0,1,1,1,1,0,16,141,Unusable
Matt McLain,680574,91.6,2025-09-22,2,0,0,0,2,0,1,1,0,16,208,Unusable
Tyler O'Neill,641933,104.59,2025-08-04,0,0,0,1,0,0,1,2,0,16,221,Unusable
JJ Bleday,668709,111.18,2025-09-22,0,2,0,0,0,0,1,1,0,16,208,Unusable
Ezequiel Tovar,678662,111.22,2025-08-11,4,0,0,0,0,0,1,1,0,16,222,Unusable
Paul Goldschmidt,502671,117.94,2025-07-28,1,1,0,0,1,0,1,1,0,16,234,Unusable
Isaac Paredes,670623,121.15,2025-03-24,1,0,0,0,3,0,2,0,0,16,153,Unusable
Dansby Swanson,621020,124.49,2025-03-17,1,1,0,0,1,0,1,1,0,16,7,H1
Dansby Swanson,621020,124.49,2025-07-14,2,0,0,0,2,0,2,0,0,16,141,Unusable
Jung Hoo Lee,808982,132.35,2025-07-14,2,1,0,0,0,0,1,1,0,16,141,Unusable
Jung Hoo Lee,808982,132.35,2025-09-15,2,0,0,0,2,0,2,0,0,16,223,Unusable
Anthony Volpe,683011,135.32,2025-07-07,2,1,0,0,0,0,1,1,0,16,224,Unusable
Jackson Holliday,702616,135.54,2025-09-22,1,0,0,0,3,0,2,0,0,16,208,Unusable
Gleyber Torres,650402,147.51,2025-08-11,3,0,0,0,1,0,1,1,0,16,222,Unusable
Cal Raleigh,663728,152.19,2025-03-24,1,0,0,0,3,0,0,0,1,16,153,Unusable
Ceddanne Rafaela,678882,156.21,2025-09-08,1,0,0,0,3,0,2,0,0,16,212,Unusable
Nolan Jones,666134,157.02,2025-06-16,1,1,0,0,1,0,1,1,0,16,235,Unusable
Ryan McMahon,641857,172.9,2025-08-04,2,0,0,0,2,0,1,1,0,16,221,Unusable
Ryan McMahon,641857,172.9,2025-09-08,1,1,0,0,1,0,1,1,0,16,212,Unusable
Brendan Donovan,680977,177.69,2025-06-09,3,0,0,0,0,1,2,0,0,16,233,Unusable
Brendan Donovan,680977,177.69,2025-07-28,2,0,0,0,2,0,2,0,0,16,234,Unusable
Brendan Donovan,680977,177.69,2025-08-04,3,0,0,0,1,0,1,1,0,16,221,Unusable
Brendan Donovan,680977,177.69,2025-08-11,2,1,0,0,0,0,0,2,0,16,222,Unusable
Lars Nootbaar,663457,186.05,2025-09-15,2,0,0,0,1,1,1,1,0,16,223,Unusable
Nathaniel Lowe,663993,192.46,2025-08-25,3,0,0,0,1,0,2,0,0,16,232,Unusable
Nathaniel Lowe,663993,192.46,2025-09-08,2,0,0,0,2,0,1,1,0,16,212,Unusable
Evan Carter,694497,197.41,2025-07-28,1,1,0,0,1,0,1,1,0,16,234,Unusable
Victor Robles,645302,198.36,2025-08-18,2,0,0,0,0,0,1,2,1,16,221,Unusable
Nico Hoerner,663538,212.11,2025-03-24,3,0,0,0,1,0,1,1,0,16,153,Unusable
Jordan Walker,691023,219.58,2025-08-18,4,0,0,0,0,0,1,1,0,16,221,Unusable
Brandon Marsh,669016,230.99,2025-08-18,3,0,0,0,1,0,2,0,0,16,221,Unusable
Austin Wells,669224,234.46,2025-08-04,1,1,0,0,1,0,2,0,0,16,221,Unusable
Jordan Beck,687597,234.82,2025-03-24,1,0,0,0,1,0,1,0,2,16,153,Unusable
Colt Keith,690993,235.65,2025-09-01,3,0,0,0,1,0,2,0,0,16,217,Unusable
Carlos Santana,467793,237.36,2025-08-11,1,0,0,0,3,0,0,0,1,16,222,Unusable
Tyler Fitzgerald,666149,237.85,2025-06-02,3,0,0,0,1,0,2,0,0,16,226,Unusable
Jacob Wilson,805779,238.09,2025-03-24,4,0,0,0,0,0,2,0,0,16,153,Unusable
Giancarlo Stanton,519317,238.16,2025-06-23,2,0,0,0,2,0,1,1,0,16,216,Unusable
Jhonkensy Noel,678877,238.56,2025-04-21,0,0,0,1,0,0,1,2,0,16,229,Unusable
Logan O'Hoppe,681351,238.67,2025-08-04,1,1,0,0,1,0,0,2,0,16,221,Unusable
Ben Rice,700250,239.01,2025-06-02,3,0,0,0,1,0,2,0,0,16,226,Unusable
Justin Turner,457759,239.35,2025-04-07,2,0,0,0,2,0,1,1,0,16,230,Unusable
Matt Vierling,663837,239.52,2025-07-07,1,0,0,0,1,2,0,0,1,16,224,Unusable
Nolan Schanuel,694384,239.52,2025-07-14,2,0,0,0,1,1,2,0,0,16,141,Unusable
DJ LeMahieu,518934,239.58,2025-06-23,3,0,0,0,1,0,1,1,0,16,216,Unusable
Josh Smith,669701,239.59,2025-08-18,3,0,0,0,1,0,0,2,0,16,221,Unusable
Adam Frazier,624428,239.6,2025-04-07,0,0,0,1,0,0,1,2,0,16,230,Unusable
Luisangel Acuna,682668,239.64,2025-04-21,3,0,0,0,1,0,1,1,0,16,229,Unusable
Luisangel Acuna,682668,239.64,2025-07-21,1,0,0,0,0,1,3,0,1,16,225,Unusable
Ty France,664034,239.69,2025-05-12,3,0,0,0,0,1,0,2,0,16,227,Unusable
Ty France,664034,239.69,2025-07-07,0,1,0,0,1,1,2,0,0,16,224,Unusable
Sean Murphy,669221,239.72,2025-08-11,0,0,0,0,4,0,2,0,0,16,222,Unusable
Oswaldo Cabrera,665828,239.74,2025-04-07,3,0,0,0,0,1,2,0,0,16,230,Unusable
Esteury Ruiz,665923,239.76,2025-07-07,2,0,0,0,0,0,0,1,2,16,224,Unusable
Miguel Rojas,500743,239.78,2025-05-12,2,1,0,0,0,0,0,2,0,16,227,Unusable
Bo Naylor,666310,239.8,2025-04-07,2,0,0,0,2,0,2,0,0,16,230,Unusable
Bo Naylor,666310,239.8,2025-04-21,0,1,0,0,2,0,0,0,1,16,229,Unusable
Luis Rengifo,650859,239.81,2025-09-15,0,0,0,1,0,0,1,2,0,16,223,Unusable
Luis Rengifo,650859,239.81,2025-09-22,2,1,0,0,0,0,2,0,0,16,208,Unusable
Jordan Lawlar,691783,239.81,2025-09-22,1,1,0,0,1,0,2,0,0,16,208,Unusable
Spencer Horwitz,687462,239.83,2025-08-11,1,1,0,0,1,0,1,1,0,16,222,Unusable
Kevin Newman,621028,239.88,2025-07-28,0,0,0,1,0,0,1,2,0,16,234,Unusable
Elias Diaz,553869,239.91,2025-09-22,0,0,0,1,0,0,1,2,0,16,208,Unusable
Nick Gonzales,693304,239.92,2025-03-24,0,0,0,1,0,0,1,2,0,16,153,Unusable
Nolan Gorman,669357,239.92,2025-04-28,0,0,0,0,4,0,1,1,0,16,237,Unusable
Nolan Gorman,669357,239.92,2025-05-05,2,0,0,0,2,0,2,0,0,16,239,Unusable
Nolan Gorman,669357,239.92,2025-05-26,2,0,1,0,0,0,1,0,0,16,224,Unusable
Alexander Canario,672744,239.96,2025-04-28,3,0,0,0,1,0,1,1,0,16,237,Unusable
Hunter Goodman,696100,239.98,2025-06-23,3,0,0,0,1,0,2,0,0,16,216,Unusable
Jace Jung,690291,239.98,2025-04-28,1,0,0,0,3,0,2,0,0,16,237,Unusable
Starling Marte,516782,239.99,2025-06-23,2,0,0,0,2,0,1,1,0,16,216,Unusable
Davis Schneider,676914,239.99,2025-09-22,1,0,0,0,3,0,2,0,0,16,208,Unusable
Harrison Bader,664056,239.99,2025-04-07,3,0,0,0,0,1,0,2,0,16,230,Unusable
Harrison Bader,664056,239.99,2025-05-26,0,1,0,0,1,1,1,1,0,16,224,Unusable
Jorge Polanco,593871,239.99,2025-06-23,1,0,0,0,2,1,0,2,0,16,216,Unusable
Mitch Garver,641598,NA,2025-08-25,2,0,0,0,2,0,2,0,0,16,232,Unusable
Mitch Garver,641598,NA,2025-09-22,3,0,0,0,0,1,2,0,0,16,208,Unusable
Jack Suwinski,669261,NA,2025-03-31,1,0,0,0,1,0,3,0,1,16,238,Unusable
Yoan Moncada,660162,NA,2025-03-24,1,0,0,0,3,0,0,2,0,16,153,Unusable
Isaac Collins,686555,NA,2025-04-21,3,0,0,0,1,0,2,0,0,16,229,Unusable
Miguel Andujar,609280,NA,2025-05-26,1,1,0,0,1,0,2,0,0,16,224,Unusable
Miguel Andujar,609280,NA,2025-07-14,2,1,0,0,0,0,0,2,0,16,141,Unusable
Mickey Moniak,666160,NA,2025-03-24,0,0,0,1,0,0,1,2,0,16,153,Unusable
Gabriel Arias,672356,NA,2025-06-09,1,1,0,0,1,0,0,0,1,16,233,Unusable
Luis Matos,682641,NA,2025-05-05,0,0,0,1,0,0,1,2,0,16,239,Unusable
Randal Grichuk,545341,NA,2025-05-05,0,0,0,1,0,0,2,1,0,16,239,Unusable
Mauricio Dubon,643289,NA,2025-08-11,3,0,0,0,1,0,1,1,0,16,222,Unusable
Blake Dunn,694362,NA,2025-04-21,1,1,0,0,1,0,0,2,0,16,229,Unusable
Tyrone Taylor,621438,NA,2025-07-21,0,0,0,0,2,0,2,1,1,16,225,Unusable
Colby Thomas,687515,NA,2025-09-22,1,1,0,0,1,0,2,0,0,16,208,Unusable
Javier Baez,595879,NA,2025-09-08,1,0,1,0,0,1,1,0,0,16,212,Unusable
Ernie Clement,676391,NA,2025-04-14,4,0,0,0,0,0,1,1,0,16,237,Unusable
Weston Wilson,642215,NA,2025-08-25,0,0,0,1,0,0,2,1,0,16,232,Unusable
Ezequiel Duran,677649,NA,2025-07-28,2,0,0,0,0,0,1,2,1,16,234,Unusable
Ezequiel Duran,677649,NA,2025-08-11,0,1,0,0,2,0,0,0,1,16,222,Unusable
Kyle Higashioka,543309,NA,2025-03-31,0,1,0,0,2,0,1,1,0,16,238,Unusable
Kyle Higashioka,543309,NA,2025-06-23,0,1,0,0,2,0,2,0,0,16,216,Unusable
Jacob Stallings,607732,NA,2025-06-30,1,1,0,0,1,0,0,2,0,16,223,Unusable
Sam Haggerty,664059,NA,2025-07-28,1,1,0,0,0,1,2,0,0,16,234,Unusable
Jonah Heim,641680,NA,2025-05-12,2,0,0,0,0,0,0,3,1,16,227,Unusable
Rowdy Tellez,642133,NA,2025-08-25,3,0,0,0,0,1,2,0,0,16,232,Unusable
Rowdy Tellez,642133,NA,2025-09-08,2,1,0,0,0,0,0,2,0,16,212,Unusable
Lenyn Sosa,672820,NA,2025-03-24,0,0,0,1,0,0,1,2,0,16,153,Unusable
Brandon Lockridge,663604,NA,2025-03-31,1,1,0,0,1,0,2,0,0,16,238,Unusable
Jake Mangum,663968,NA,2025-04-07,2,0,0,0,0,0,1,0,2,16,230,Unusable
Nick Fortes,663743,NA,2025-06-16,2,1,0,0,0,0,1,1,0,16,235,Unusable
Trey Sweeney,700242,NA,2025-06-16,1,1,0,0,1,0,2,0,0,16,235,Unusable
Martin Maldonado,455117,NA,2025-06-16,1,1,0,0,1,0,2,0,0,16,235,Unusable
Austin Hedges,595978,NA,2025-09-22,3,0,0,0,1,0,2,0,0,16,208,Unusable
Andy Ibanez,628451,NA,2025-04-21,2,0,0,0,1,1,0,0,1,16,229,Unusable
Dylan Moore,664238,NA,2025-04-07,1,0,0,0,1,0,3,0,1,16,230,Unusable
Travis d'Arnaud,518595,NA,2025-08-25,1,1,0,0,0,1,0,2,0,16,232,Unusable
Derek Hill,656537,NA,2025-08-18,1,0,0,0,1,0,3,0,1,16,221,Unusable
Ramon Urias,602104,NA,2025-08-04,1,1,0,0,1,0,1,1,0,16,221,Unusable
Carson Williams,700246,NA,2025-09-22,3,0,0,0,1,0,0,0,1,16,208,Unusable
Dominic Fletcher,666150,NA,2025-09-01,0,2,0,0,0,0,2,0,0,16,217,Unusable
Sam Hilliard,656541,NA,2025-06-09,0,0,0,0,4,0,2,0,0,16,233,Unusable
Josh Rojas,668942,NA,2025-06-16,1,1,0,0,1,0,0,2,0,16,235,Unusable
Gio Urshela,570482,NA,2025-03-31,1,1,0,0,1,0,1,1,0,16,238,Unusable
Jose Tena,677588,NA,2025-04-14,2,0,0,0,0,0,2,3,0,16,237,Unusable
Jose Tena,677588,NA,2025-05-19,2,1,0,0,0,0,2,0,0,16,240,Unusable
Pedro Pages,686780,NA,2025-05-19,0,0,0,1,0,0,1,2,0,16,240,Unusable
Jose Trevino,624431,NA,2025-06-09,0,1,0,0,2,0,1,1,0,16,233,Unusable
Yordan Alvarez,670541,9.59,2025-04-28,2,0,0,0,1,0,1,2,0,15,240,Unusable
Marcell Ozuna,542303,25.41,2025-06-30,1,0,0,0,4,0,0,0,0,15,224,Unusable
Marcell Ozuna,542303,25.41,2025-09-01,2,1,0,0,1,0,0,0,0,15,219,Unusable
Bryce Harper,547180,27.32,2025-09-22,3,0,0,0,2,0,0,0,0,15,220,Unusable
Michael Harris II,671739,42.59,2025-06-16,1,1,0,0,0,0,0,1,1,15,240,Unusable
Christian Yelich,592885,58.87,2025-03-24,1,0,0,0,2,0,0,1,1,15,165,Unusable
Nick Castellanos,592206,65.98,2025-09-22,2,0,0,0,1,0,1,2,0,15,220,Unusable
Dylan Crews,686611,71.02,2025-03-31,3,0,0,0,0,0,1,0,1,15,244,Unusable
CJ Abrams,682928,79.08,2025-03-24,2,0,0,0,1,0,0,1,1,15,165,Unusable
Matt McLain,680574,91.6,2025-04-21,1,0,0,0,2,0,1,0,1,15,235,Unusable
Matt McLain,680574,91.6,2025-08-18,2,0,0,0,1,0,2,1,0,15,226,Unusable
Matt McLain,680574,91.6,2025-09-08,1,1,0,0,2,0,0,0,0,15,217,Unusable
Jorge Soler,624585,93.81,2025-06-09,2,0,0,0,1,0,1,2,0,15,238,Unusable
Jordan Westburg,676059,108.66,2025-09-15,1,0,0,0,2,0,3,0,0,15,226,Unusable
Jake Burger,669394,115.47,2025-09-22,2,0,0,0,0,1,0,3,0,15,220,Unusable
Kerry Carpenter,681481,130.48,2025-05-26,3,0,0,0,0,0,3,0,0,15,227,Unusable
Joc Pederson,592626,151.33,2025-08-11,2,0,0,0,1,0,1,0,1,15,230,Unusable
Max Muncy,571970,161.48,2025-04-21,1,0,0,0,4,0,0,0,0,15,235,Unusable
Xavier Edwards,669364,165.36,2025-08-18,1,0,0,0,2,0,3,0,0,15,226,Unusable
Masyn Winn,691026,166.08,2025-06-30,2,1,0,0,1,0,0,0,0,15,224,Unusable
Bryson Stott,681082,202.3,2025-06-02,2,0,0,0,1,0,1,2,0,15,229,Unusable
Parker Meadows,678009,227.67,2025-07-07,3,0,0,0,0,0,0,1,1,15,228,Unusable
Bryan De La Cruz,650559,234.2,2025-03-31,3,0,0,0,2,0,0,0,0,15,244,Unusable
Jordan Beck,687597,234.82,2025-07-07,4,0,0,0,1,0,0,0,0,15,228,Unusable
Andrew McCutchen,457705,235.95,2025-03-31,4,0,0,0,1,0,0,0,0,15,244,Unusable
Andrew Vaughn,683734,236.76,2025-09-08,4,0,0,0,1,0,0,0,0,15,217,Unusable
Carlos Santana,467793,237.36,2025-08-18,1,1,0,0,0,0,2,1,0,15,226,Unusable
Connor Norby,681393,237.78,2025-04-28,2,0,0,0,1,0,3,0,0,15,240,Unusable
Josh Bell,605137,238,2025-05-19,1,0,0,0,3,1,0,0,0,15,242,Unusable
Hyeseong Kim,808975,238.24,2025-06-23,2,0,0,0,1,0,1,0,1,15,222,Unusable
Christopher Morel,666624,238.29,2025-07-21,1,0,0,0,2,0,1,0,1,15,227,Unusable
Logan O'Hoppe,681351,238.67,2025-06-23,3,1,0,0,0,0,0,0,0,15,222,Unusable
Logan O'Hoppe,681351,238.67,2025-06-30,5,0,0,0,0,0,0,0,0,15,224,Unusable
Logan O'Hoppe,681351,238.67,2025-08-11,2,0,0,0,1,0,1,2,0,15,230,Unusable
Ben Rice,700250,239.01,2025-06-09,2,0,0,0,1,0,0,1,1,15,238,Unusable
Francisco Alvarez,682626,239.35,2025-05-26,3,0,0,0,1,1,0,0,0,15,227,Unusable
Francisco Alvarez,682626,239.35,2025-08-04,2,0,0,0,3,0,0,0,0,15,227,Unusable
Matt Vierling,663837,239.52,2025-07-14,3,0,0,0,0,0,0,1,1,15,147,Unusable
Chas McCormick,676801,239.53,2025-08-04,0,2,0,0,1,0,0,0,0,15,227,Unusable
Josh Smith,669701,239.59,2025-06-16,3,0,0,0,0,0,2,1,0,15,240,Unusable
Adam Frazier,624428,239.6,2025-03-24,2,0,0,0,1,0,1,2,0,15,165,Unusable
Luisangel Acuna,682668,239.64,2025-05-19,3,0,0,0,0,0,1,0,1,15,242,Unusable
Jonah Bride,681146,239.69,2025-04-28,3,0,0,0,0,0,1,2,0,15,240,Unusable
Sean Murphy,669221,239.72,2025-08-18,2,0,0,0,1,0,1,2,0,15,226,Unusable
Luis Rengifo,650859,239.81,2025-04-14,3,0,0,0,0,0,0,3,0,15,239,Unusable
Tyler Stephenson,663886,239.91,2025-09-01,0,1,0,0,1,0,1,2,0,15,219,Unusable
Nolan Gorman,669357,239.92,2025-07-28,3,0,0,0,0,0,1,2,0,15,241,Unusable
Brooks Lee,686797,239.95,2025-06-30,2,0,0,0,0,1,0,3,0,15,224,Unusable
Starling Marte,516782,239.99,2025-04-14,1,1,0,0,0,0,1,0,1,15,239,Unusable
Starling Marte,516782,239.99,2025-08-11,4,0,0,0,1,0,0,0,0,15,230,Unusable
Patrick Bailey,672275,240,2025-04-21,3,0,0,0,0,0,0,3,0,15,235,Unusable
Brayan Rocchio,677587,NA,2025-06-30,1,1,0,0,2,0,0,0,0,15,224,Unusable
Liover Peguero,678894,NA,2025-08-25,1,0,0,0,1,1,1,0,1,15,237,Unusable
Gabriel Arias,672356,NA,2025-08-18,2,0,0,0,1,0,1,0,1,15,226,Unusable
Luis Matos,682641,NA,2025-09-08,1,0,0,0,2,0,2,1,0,15,217,Unusable
Mauricio Dubon,643289,NA,2025-07-14,4,0,0,0,1,0,0,0,0,15,147,Unusable
Mark Canha,592192,NA,2025-05-12,3,0,0,0,1,1,0,0,0,15,230,Unusable
David Hamilton,666152,NA,2025-07-28,1,0,0,0,0,0,2,0,2,15,241,Unusable
Grant McCray,687529,NA,2025-07-28,1,0,1,0,0,0,1,1,0,15,241,Unusable
Javier Baez,595879,NA,2025-06-30,3,0,0,0,0,0,2,1,0,15,224,Unusable
Ernie Clement,676391,NA,2025-07-14,1,1,0,0,0,0,2,1,0,15,147,Unusable
Kyle Isbel,664728,NA,2025-04-14,0,0,1,0,1,0,1,1,0,15,239,Unusable
Kyle Isbel,664728,NA,2025-06-16,0,1,0,0,1,0,1,0,1,15,240,Unusable
Kyle Higashioka,543309,NA,2025-05-19,2,0,0,0,1,0,1,2,0,15,242,Unusable
Jonah Heim,641680,NA,2025-06-16,2,1,0,0,1,0,0,0,0,15,240,Unusable
Gustavo Campero,672569,NA,2025-04-28,2,0,0,0,1,0,1,0,1,15,240,Unusable
Zach McKinstry,656716,NA,2025-07-14,1,0,0,0,2,0,0,1,1,15,147,Unusable
Alex Call,669743,NA,2025-08-11,1,0,0,0,2,0,1,0,1,15,230,Unusable
Jose Caballero,676609,NA,2025-06-23,3,0,0,0,0,0,2,1,0,15,222,Unusable
Jose Caballero,676609,NA,2025-08-25,1,0,0,0,2,0,1,0,1,15,237,Unusable
Nick Fortes,663743,NA,2025-06-02,2,0,0,0,1,0,3,0,0,15,229,Unusable
Edmundo Sosa,624641,NA,2025-07-07,3,0,0,0,0,0,0,3,0,15,228,Unusable
Luis Torrens,620443,NA,2025-03-24,0,2,0,0,1,0,0,0,0,15,165,Unusable
Andy Ibanez,628451,NA,2025-06-02,1,1,0,0,0,0,2,1,0,15,229,Unusable
Dylan Carlson,666185,NA,2025-08-18,1,1,0,0,2,0,0,0,0,15,226,Unusable
Derek Hill,656537,NA,2025-03-31,1,0,0,0,1,1,1,0,1,15,244,Unusable
Vidal Brujan,660644,NA,2025-08-25,1,1,0,0,0,0,2,1,0,15,237,Unusable
Max Schuemann,680474,NA,2025-04-28,2,0,0,0,1,0,1,0,1,15,240,Unusable
Connor Joe,656582,NA,2025-06-16,0,0,0,0,3,0,1,0,1,15,240,Unusable
Tyler Wade,642180,NA,2025-05-05,2,0,0,0,1,0,2,1,0,15,242,Unusable
Jake Bauers,641343,NA,2025-05-19,1,0,0,0,2,0,1,0,1,15,242,Unusable
Austin Martin,668885,NA,2025-08-18,1,0,0,0,2,0,0,1,1,15,226,Unusable
Jose Iglesias,578428,NA,2025-04-28,2,0,0,0,0,1,0,3,0,15,240,Unusable
Oscar Gonzalez,660757,NA,2025-04-07,3,0,0,0,0,0,1,2,0,15,238,Unusable
Andrew Knizner,668800,NA,2025-06-30,3,0,0,0,0,0,3,0,0,15,224,Unusable
Marcell Ozuna,542303,25.41,2025-08-25,1,1,0,0,1,0,0,1,0,14,240,Unusable
James Wood,695578,32.36,2025-06-02,1,1,0,0,1,0,0,1,0,14,232,Unusable
Rafael Devers,646240,35.39,2025-07-14,2,1,0,0,0,0,1,0,0,14,151,Unusable
Ian Happ,664023,38.05,2025-03-17,2,0,0,0,2,0,0,1,0,14,8,H1
Riley Greene,682985,44.7,2025-03-24,2,1,0,0,0,0,1,0,0,14,169,Unusable
Alex Bregman,608324,60.11,2025-08-25,2,0,0,0,0,2,1,0,0,14,240,Unusable
Nick Castellanos,592206,65.98,2025-07-14,2,0,0,0,2,0,0,1,0,14,151,Unusable
Jasson Dominguez,691176,70.56,2025-03-24,1,0,0,0,3,0,1,0,0,14,169,Unusable
Bo Bichette,666182,84.67,2025-04-21,4,0,0,0,0,0,1,0,0,14,238,Unusable
Jorge Soler,624585,93.81,2025-07-21,0,0,0,1,0,0,1,1,0,14,228,Unusable
Triston Casas,671213,99,2025-04-14,2,0,0,0,2,0,0,1,0,14,242,Unusable
Triston Casas,671213,99,2025-04-28,3,0,0,0,1,0,0,1,0,14,246,Unusable
Tyler O'Neill,641933,104.59,2025-05-05,1,0,0,0,3,0,1,0,0,14,243,Unusable
Tyler O'Neill,641933,104.59,2025-07-14,0,2,0,0,0,0,1,0,0,14,151,Unusable
JJ Bleday,668709,111.18,2025-08-18,1,1,0,0,1,0,1,0,0,14,233,Unusable
Ezequiel Tovar,678662,111.22,2025-03-24,2,1,0,0,0,0,0,1,0,14,169,Unusable
Paul Goldschmidt,502671,117.94,2025-06-23,1,0,0,0,3,0,1,0,0,14,225,Unusable
Paul Goldschmidt,502671,117.94,2025-07-21,3,0,0,0,1,0,1,0,0,14,228,Unusable
Isaac Paredes,670623,121.15,2025-07-14,1,1,0,0,1,0,0,1,0,14,151,Unusable
Matt Wallner,670242,122.55,2025-03-24,0,1,0,0,2,0,1,0,0,14,169,Unusable
Matt Wallner,670242,122.55,2025-04-14,2,0,1,0,0,0,0,0,0,14,242,Unusable
Cedric Mullins,656775,133.6,2025-05-26,2,0,0,0,0,0,2,0,1,14,229,Unusable
Cedric Mullins,656775,133.6,2025-09-08,3,0,0,0,1,0,1,0,0,14,220,Unusable
Michael Toglia,669911,138.78,2025-07-28,0,0,0,1,0,0,1,1,0,14,244,Unusable
Joc Pederson,592626,151.33,2025-07-28,2,0,0,0,1,1,1,0,0,14,244,Unusable
Nolan Jones,666134,157.02,2025-03-24,0,1,0,0,2,0,1,0,0,14,169,Unusable
Nolan Jones,666134,157.02,2025-09-01,4,0,0,0,0,0,1,0,0,14,221,Unusable
Max Muncy,571970,161.48,2025-03-17,0,1,0,0,2,0,1,0,0,14,8,H1
Josh Jung,673962,208.9,2025-04-14,2,1,0,0,0,0,1,0,0,14,242,Unusable
Will Smith,669257,215.77,2025-08-04,0,0,0,0,4,0,0,1,0,14,229,Unusable
Wilyer Abreu,677800,217.36,2025-06-02,2,0,0,0,0,0,1,3,0,14,232,Unusable
Jordan Walker,691023,219.58,2025-04-21,2,0,0,0,2,0,1,0,0,14,238,Unusable
Andy Pages,681624,228.33,2025-03-31,1,0,0,0,2,1,1,0,0,14,248,Unusable
Brandon Marsh,669016,230.99,2025-08-11,1,1,0,0,1,0,1,0,0,14,234,Unusable
Max Kepler,596146,234.12,2025-04-07,4,0,0,0,0,0,1,0,0,14,239,Unusable
Austin Wells,669224,234.46,2025-04-07,2,1,0,0,0,0,0,1,0,14,239,Unusable
Austin Wells,669224,234.46,2025-06-16,3,0,0,0,0,1,0,1,0,14,245,Unusable
Austin Wells,669224,234.46,2025-06-23,1,1,0,0,1,0,0,1,0,14,225,Unusable
Andrew McCutchen,457705,235.95,2025-09-22,3,0,0,0,1,0,1,0,0,14,223,Unusable
Andrew Vaughn,683734,236.76,2025-04-07,1,0,0,0,3,0,1,0,0,14,239,Unusable
Kyle Manzardo,700932,237.05,2025-06-02,0,0,0,1,0,0,1,1,0,14,232,Unusable
Joey Ortiz,687401,237.06,2025-09-22,2,1,0,0,0,0,1,0,0,14,223,Unusable
Trevor Larnach,663616,237.16,2025-05-19,4,0,0,0,0,0,1,0,0,14,246,Unusable
MJ Melendez,669004,237.22,2025-04-14,0,0,0,1,0,0,1,1,0,14,242,Unusable
Carlos Santana,467793,237.36,2025-04-21,1,0,0,0,2,1,0,1,0,14,238,Unusable
Tyler Fitzgerald,666149,237.85,2025-08-11,0,0,0,1,0,0,1,1,0,14,234,Unusable
Josh Bell,605137,238,2025-06-02,1,1,0,0,1,0,0,1,0,14,232,Unusable
Christopher Morel,666624,238.29,2025-03-24,2,0,0,0,2,0,1,0,0,14,169,Unusable
Christopher Morel,666624,238.29,2025-05-05,1,0,0,0,3,0,1,0,0,14,243,Unusable
Christopher Morel,666624,238.29,2025-05-26,0,2,0,0,0,0,1,0,0,14,229,Unusable
Christopher Morel,666624,238.29,2025-08-04,0,0,0,1,0,0,1,1,0,14,229,Unusable
Jhonkensy Noel,678877,238.56,2025-04-14,0,1,0,0,0,0,2,2,0,14,242,Unusable
Trevor Story,596115,238.76,2025-05-12,2,0,0,0,1,1,0,1,0,14,231,Unusable
Mike Yastrzemski,573262,238.77,2025-05-26,2,0,0,0,2,0,1,0,0,14,229,Unusable
Mike Yastrzemski,573262,238.77,2025-07-21,1,0,0,0,3,0,1,0,0,14,228,Unusable
Alex Verdugo,657077,238.85,2025-06-02,2,1,0,0,0,0,0,1,0,14,232,Unusable
Myles Straw,664702,238.89,2025-04-21,2,1,0,0,0,0,1,0,0,14,238,Unusable
Ben Rice,700250,239.01,2025-05-12,2,1,0,0,0,0,1,0,0,14,231,Unusable
Francisco Alvarez,682626,239.35,2025-05-19,1,1,0,0,1,0,1,0,0,14,246,Unusable
Jacob Young,696285,239.49,2025-06-30,2,0,0,0,2,0,0,1,0,14,231,Unusable
Jacob Young,696285,239.49,2025-09-01,2,0,0,0,0,0,1,1,1,14,221,Unusable
Brett Baty,683146,239.56,2025-09-08,3,0,0,0,1,0,0,1,0,14,220,Unusable
Keibert Ruiz,660688,239.6,2025-06-09,4,0,0,0,0,0,0,1,0,14,240,Unusable
Luisangel Acuna,682668,239.64,2025-09-15,1,0,0,0,1,0,1,1,1,14,227,Unusable
Jonah Bride,681146,239.69,2025-04-07,2,0,0,0,0,0,2,2,0,14,239,Unusable
Jonah Bride,681146,239.69,2025-04-21,3,0,0,0,1,0,0,1,0,14,238,Unusable
Esteury Ruiz,665923,239.76,2025-07-14,0,0,0,1,0,0,1,1,0,14,151,Unusable
Esteury Ruiz,665923,239.76,2025-07-21,0,0,0,0,2,0,0,0,2,14,228,Unusable
Noelvi Marte,682622,239.78,2025-04-07,1,0,0,0,1,0,2,0,1,14,239,Unusable
Luis Rengifo,650859,239.81,2025-05-05,0,1,0,0,2,0,0,1,0,14,243,Unusable
Luis Rengifo,650859,239.81,2025-05-26,3,0,0,0,1,0,0,1,0,14,229,Unusable
Luis Rengifo,650859,239.81,2025-07-14,3,0,0,0,1,0,1,0,0,14,151,Unusable
Ryan O'Hearn,656811,239.89,2025-09-08,3,0,0,0,1,0,1,0,0,14,220,Unusable
Elias Diaz,553869,239.91,2025-03-31,2,0,0,0,2,0,1,0,0,14,248,Unusable
Elias Diaz,553869,239.91,2025-05-26,2,0,0,0,0,0,2,2,0,14,229,Unusable
Caleb Durbin,702332,239.92,2025-07-21,2,1,0,0,0,0,0,1,0,14,228,Unusable
Nolan Gorman,669357,239.92,2025-09-22,2,1,0,0,0,0,1,0,0,14,223,Unusable
Curtis Mead,678554,239.94,2025-09-08,0,2,0,0,0,0,1,0,0,14,220,Unusable
Jake Meyers,676694,239.95,2025-09-01,2,0,0,0,0,0,1,1,1,14,221,Unusable
Brooks Lee,686797,239.95,2025-07-07,2,1,0,0,0,0,0,1,0,14,231,Unusable
Brooks Lee,686797,239.95,2025-09-22,3,0,0,0,1,0,1,0,0,14,223,Unusable
Endy Rodriguez,682848,239.97,2025-03-24,0,0,0,0,4,0,1,0,0,14,169,Unusable
Hunter Renfroe,592669,239.98,2025-04-14,2,0,0,0,2,0,1,0,0,14,242,Unusable
Will Wagner,695238,239.98,2025-04-14,3,0,0,0,1,0,1,0,0,14,242,Unusable
Will Wagner,695238,239.98,2025-07-21,3,0,0,0,1,0,1,0,0,14,228,Unusable
Will Wagner,695238,239.98,2025-07-28,2,0,0,0,2,0,0,1,0,14,244,Unusable
Joey Loperfido,694388,239.98,2025-09-15,0,0,0,1,0,0,1,1,0,14,227,Unusable
Starling Marte,516782,239.99,2025-05-05,2,0,0,0,1,1,1,0,0,14,243,Unusable
Harrison Bader,664056,239.99,2025-05-12,1,1,0,0,0,1,0,1,0,14,231,Unusable
Harrison Bader,664056,239.99,2025-06-23,4,0,0,0,0,0,1,0,0,14,225,Unusable
Jorge Polanco,593871,239.99,2025-08-11,2,1,0,0,0,0,0,1,0,14,234,Unusable
Michael Massey,686681,239.99,2025-05-26,3,0,0,0,1,0,1,0,0,14,229,Unusable
Michael Massey,686681,239.99,2025-09-08,2,0,0,0,2,0,1,0,0,14,220,Unusable
Johan Rojas,679032,239.99,2025-07-07,1,0,0,0,1,0,2,0,1,14,231,Unusable
Dane Myers,667472,240,2025-07-28,1,0,0,0,3,0,1,0,0,14,244,Unusable
Dane Myers,667472,240,2025-08-04,0,1,0,0,2,0,1,0,0,14,229,Unusable
Patrick Bailey,672275,240,2025-08-18,2,0,0,0,2,0,0,1,0,14,233,Unusable
James Outman,681546,240,2025-09-01,0,1,0,0,2,0,1,0,0,14,221,Unusable
Miguel Vargas,678246,NA,2025-06-30,1,1,0,0,1,0,1,0,0,14,231,Unusable
Jack Suwinski,669261,NA,2025-09-15,1,1,0,0,1,0,1,0,0,14,227,Unusable
Matt Mervis,670223,NA,2025-05-19,1,1,0,0,1,0,1,0,0,14,246,Unusable
Joey Bart,663698,NA,2025-08-25,1,1,0,0,1,0,1,0,0,14,240,Unusable
Joey Bart,663698,NA,2025-09-08,1,0,0,0,2,1,0,1,0,14,220,Unusable
Orlando Arcia,606115,NA,2025-06-23,0,0,0,1,0,0,1,1,0,14,225,Unusable
Orlando Arcia,606115,NA,2025-06-30,2,0,0,0,2,0,1,0,0,14,231,Unusable
Tim Anderson,641313,NA,2025-05-12,0,1,0,0,0,2,1,0,0,14,231,Unusable
Tim Anderson,641313,NA,2025-05-19,2,1,0,0,0,0,1,0,0,14,246,Unusable
Miguel Andujar,609280,NA,2025-03-24,2,0,0,0,2,0,0,1,0,14,169,Unusable
Ivan Herrera,671056,NA,2025-07-07,1,0,0,0,1,0,0,0,2,14,231,Unusable
Gabriel Arias,672356,NA,2025-08-25,2,0,0,0,1,1,1,0,0,14,240,Unusable
Amed Rosario,642708,NA,2025-07-07,0,0,0,1,0,0,1,1,0,14,231,Unusable
Randal Grichuk,545341,NA,2025-03-24,0,2,0,0,0,0,1,0,0,14,169,Unusable
Mark Canha,592192,NA,2025-06-02,1,1,0,0,1,0,1,0,0,14,232,Unusable
Mark Canha,592192,NA,2025-06-30,0,0,0,1,0,0,1,1,0,14,231,Unusable
Everson Pereira,677592,NA,2025-08-11,1,1,0,0,1,0,1,0,0,14,234,Unusable
Seth Brown,664913,NA,2025-04-14,0,0,0,1,0,0,1,1,0,14,242,Unusable
Jacob Melton,689200,NA,2025-08-18,0,0,0,0,1,1,2,0,1,14,233,Unusable
Kyle Stowers,669065,NA,2025-06-02,2,1,0,0,0,0,0,1,0,14,232,Unusable
Colby Thomas,687515,NA,2025-07-21,1,1,0,0,0,1,0,1,0,14,228,Unusable
Javier Baez,595879,NA,2025-06-23,1,1,0,0,1,0,1,0,0,14,225,Unusable
Trent Grisham,663757,NA,2025-09-08,1,0,0,0,2,1,1,0,0,14,220,Unusable
Kyle Isbel,664728,NA,2025-06-09,0,1,0,0,2,0,1,0,0,14,240,Unusable
Kyle Isbel,664728,NA,2025-07-14,3,0,0,0,1,0,1,0,0,14,151,Unusable
Rece Hinds,677956,NA,2025-05-12,0,0,0,1,0,0,1,1,0,14,231,Unusable
Angel Martinez,682657,NA,2025-08-25,1,0,0,0,1,0,1,1,1,14,240,Unusable
Ezequiel Duran,677649,NA,2025-06-16,1,1,0,0,1,0,1,0,0,14,245,Unusable
Ezequiel Duran,677649,NA,2025-07-07,1,1,0,0,1,0,0,1,0,14,231,Unusable
Jonah Heim,641680,NA,2025-06-09,2,1,0,0,0,0,1,0,0,14,240,Unusable
Gustavo Campero,672569,NA,2025-06-23,0,0,0,1,0,0,1,1,0,14,225,Unusable
Alex Call,669743,NA,2025-08-04,1,1,0,0,1,0,1,0,0,14,229,Unusable
Henry Davis,680779,NA,2025-05-19,2,0,0,0,2,0,0,1,0,14,246,Unusable
Henry Davis,680779,NA,2025-07-07,1,1,0,0,1,0,1,0,0,14,231,Unusable
Henry Davis,680779,NA,2025-07-28,1,0,0,0,2,1,0,1,0,14,244,Unusable
Jake Mangum,663968,NA,2025-04-21,1,1,0,0,1,0,0,1,0,14,238,Unusable
Jake Mangum,663968,NA,2025-07-21,2,1,0,0,0,0,1,0,0,14,228,Unusable
Nick Fortes,663743,NA,2025-08-04,0,0,0,1,0,0,1,1,0,14,229,Unusable
Dalton Rushing,687221,NA,2025-06-30,2,1,0,0,0,0,0,1,0,14,231,Unusable
Connor Wong,657136,NA,2025-08-25,1,1,0,0,1,0,1,0,0,14,240,Unusable
Connor Wong,657136,NA,2025-09-08,2,1,0,0,0,0,0,1,0,14,220,Unusable
Edmundo Sosa,624641,NA,2025-05-12,2,1,0,0,0,0,0,1,0,14,231,Unusable
Edmundo Sosa,624641,NA,2025-08-11,3,0,0,0,1,0,1,0,0,14,234,Unusable
Edmundo Sosa,624641,NA,2025-09-01,4,0,0,0,0,0,0,1,0,14,221,Unusable
Martin Maldonado,455117,NA,2025-03-31,0,0,0,1,0,0,1,1,0,14,248,Unusable
Martin Maldonado,455117,NA,2025-04-07,4,0,0,0,0,0,1,0,0,14,239,Unusable
Martin Maldonado,455117,NA,2025-06-23,0,0,0,1,0,0,1,1,0,14,225,Unusable
Daz Cameron,663662,NA,2025-04-28,1,0,0,0,1,0,1,1,1,14,246,Unusable
Austin Hedges,595978,NA,2025-04-14,0,0,0,1,0,0,1,1,0,14,242,Unusable
Austin Hedges,595978,NA,2025-05-05,0,0,0,1,0,0,1,1,0,14,243,Unusable
Austin Hedges,595978,NA,2025-06-23,1,0,0,0,3,0,1,0,0,14,225,Unusable
Luis Torrens,620443,NA,2025-07-07,1,1,0,0,1,0,1,0,0,14,231,Unusable
Andy Ibanez,628451,NA,2025-09-08,2,1,0,0,0,0,1,0,0,14,220,Unusable
Dylan Carlson,666185,NA,2025-09-15,1,1,0,0,1,0,1,0,0,14,227,Unusable
Dylan Moore,664238,NA,2025-09-01,2,0,0,0,0,0,1,1,1,14,221,Unusable
Travis d'Arnaud,518595,NA,2025-07-21,1,0,0,0,2,1,1,0,0,14,228,Unusable
Vidal Brujan,660644,NA,2025-08-04,2,0,0,0,2,0,1,0,0,14,229,Unusable
Nick Maton,665155,NA,2025-04-07,2,0,0,0,2,0,1,0,0,14,239,Unusable
Carson Williams,700246,NA,2025-09-08,0,0,0,1,0,0,1,1,0,14,220,Unusable
Johnathan Rodriguez,671286,NA,2025-06-09,1,1,0,0,1,0,1,0,0,14,240,Unusable
Kevin Alcantara,682634,NA,2025-09-22,2,0,0,0,0,0,1,1,1,14,223,Unusable
Luis Urias,649966,NA,2025-03-24,0,0,0,1,0,0,1,1,0,14,169,Unusable
Brett Harris,695391,NA,2025-09-08,2,1,0,0,0,0,0,1,0,14,220,Unusable
Adrian Del Castillo,680728,NA,2025-08-25,4,0,0,0,0,0,0,1,0,14,240,Unusable
Adrian Del Castillo,680728,NA,2025-09-08,0,1,0,0,2,0,1,0,0,14,220,Unusable
Tyler Wade,642180,NA,2025-06-02,2,0,0,0,0,0,2,0,1,14,232,Unusable
Tyler Wade,642180,NA,2025-06-16,2,0,0,0,2,0,1,0,0,14,245,Unusable
Jake Bauers,641343,NA,2025-07-07,0,0,0,0,2,0,2,0,1,14,231,Unusable
Jorge Mateo,622761,NA,2025-04-21,2,0,0,0,0,0,0,0,2,14,238,Unusable
Austin Martin,668885,NA,2025-07-28,4,0,0,0,0,0,1,0,0,14,244,Unusable
Jose Trevino,624431,NA,2025-08-04,2,1,0,0,0,0,1,0,0,14,229,Unusable
Wyatt Langford,694671,24.34,2025-06-30,1,0,0,0,2,0,2,0,0,13,236,Unusable
Teoscar Hernandez,606192,29.24,2025-06-30,3,0,0,0,0,0,1,1,0,13,236,Unusable
Anthony Santander,623993,32.63,2025-09-22,1,0,0,0,1,1,2,0,0,13,228,Unusable
Lawrence Butler,671732,38.6,2025-09-22,2,0,0,0,1,0,0,0,1,13,228,Unusable
Brandon Nimmo,607043,51.96,2025-08-18,2,0,0,0,1,0,1,1,0,13,236,Unusable
Jurickson Profar,595777,69.27,2025-07-14,1,0,0,0,2,0,2,0,0,13,158,Unusable
Mark Vientos,668901,83.69,2025-03-24,0,1,0,0,1,0,1,1,0,13,179,Unusable
Mark Vientos,668901,83.69,2025-08-04,1,1,0,0,0,0,1,1,0,13,236,Unusable
Mark Vientos,668901,83.69,2025-09-15,1,1,0,0,0,0,0,2,0,13,231,Unusable
Matt McLain,680574,91.6,2025-08-11,0,1,0,0,1,0,2,0,0,13,239,Unusable
Matt Chapman,656305,93.14,2025-06-30,1,0,0,0,1,1,2,0,0,13,236,Unusable
Adley Rutschman,668939,112.59,2025-08-11,3,0,0,0,0,0,0,2,0,13,239,Unusable
Vinnie Pasquantino,686469,131.56,2025-07-14,1,0,0,0,2,0,1,1,0,13,158,Unusable
Jung Hoo Lee,808982,132.35,2025-06-16,1,0,0,0,2,0,2,0,0,13,248,Unusable
Josh Lowe,666139,138.27,2025-07-14,0,1,0,0,1,0,0,2,0,13,158,Unusable
Michael Toglia,669911,138.78,2025-03-24,0,1,0,0,0,1,2,0,0,13,179,Unusable
Alec Bohm,664761,148.29,2025-03-31,3,0,0,0,0,0,1,1,0,13,251,Unusable
Nolan Jones,666134,157.02,2025-08-11,1,0,0,0,2,0,2,0,0,13,239,Unusable
Nolan Jones,666134,157.02,2025-08-18,2,0,0,0,0,1,1,1,0,13,236,Unusable
Jonathan India,663697,164.42,2025-08-25,2,0,0,0,1,0,2,0,0,13,247,Unusable
Garrett Mitchell,669003,170.7,2025-03-24,2,0,0,0,0,1,2,0,0,13,179,Unusable
Ryan McMahon,641857,172.9,2025-04-21,0,0,0,0,3,0,2,0,0,13,245,Unusable
Daulton Varsho,662139,183.34,2025-08-25,0,1,0,0,0,1,0,2,0,13,247,Unusable
Tommy Edman,669242,186.13,2025-09-22,3,0,0,0,0,0,1,1,0,13,228,Unusable
Salvador Perez,521692,194.19,2025-03-24,3,0,0,0,0,0,0,2,0,13,179,Unusable
Roman Anthony,701350,198.72,2025-09-01,3,0,0,0,0,0,1,1,0,13,227,Unusable
Xander Bogaerts,593428,211.87,2025-05-19,1,0,0,0,2,0,0,0,1,13,251,Unusable
Will Smith,669257,215.77,2025-07-14,3,0,0,0,0,0,2,0,0,13,158,Unusable
Will Smith,669257,215.77,2025-09-01,3,0,0,0,0,0,1,1,0,13,227,Unusable
Zack Gelof,680869,225.25,2025-07-07,2,0,0,0,1,0,2,0,0,13,239,Unusable
Nolan Arenado,571448,227.39,2025-07-07,2,0,0,0,1,0,1,1,0,13,239,Unusable
Brandon Marsh,669016,230.99,2025-04-28,1,1,0,0,0,0,1,1,0,13,248,Unusable
Max Kepler,596146,234.12,2025-05-12,2,0,0,0,1,0,1,1,0,13,237,Unusable
Sal Frelick,686217,236.71,2025-09-22,3,0,0,0,0,0,1,1,0,13,228,Unusable
Tyler Soderstrom,691016,238.1,2025-09-08,1,1,0,0,0,0,0,2,0,13,232,Unusable
Hyeseong Kim,808975,238.24,2025-06-30,2,0,0,0,1,0,0,0,1,13,236,Unusable
Christopher Morel,666624,238.29,2025-05-19,1,0,0,0,1,1,2,0,0,13,251,Unusable
Christopher Morel,666624,238.29,2025-09-22,0,1,0,0,1,0,0,2,0,13,228,Unusable
Jhonkensy Noel,678877,238.56,2025-05-05,0,1,0,0,1,0,1,1,0,13,248,Unusable
Willi Castro,650489,239.25,2025-04-14,1,1,0,0,0,0,1,1,0,13,251,Unusable
Justin Turner,457759,239.35,2025-09-15,3,0,0,0,0,0,0,2,0,13,231,Unusable
Jacob Young,696285,239.49,2025-04-21,1,1,0,0,0,0,2,0,0,13,245,Unusable
Nolan Schanuel,694384,239.52,2025-04-21,1,0,0,0,2,0,1,1,0,13,245,Unusable
Chas McCormick,676801,239.53,2025-05-26,1,1,0,0,0,0,1,1,0,13,235,Unusable
Josh Smith,669701,239.59,2025-05-12,3,0,0,0,0,0,1,1,0,13,237,Unusable
Luisangel Acuna,682668,239.64,2025-03-31,1,1,0,0,0,0,2,0,0,13,251,Unusable
Sean Murphy,669221,239.72,2025-08-04,1,0,0,0,1,1,1,1,0,13,236,Unusable
Oswaldo Cabrera,665828,239.74,2025-03-24,3,0,0,0,0,0,2,0,0,13,179,Unusable
Miguel Rojas,500743,239.78,2025-05-05,2,0,0,0,1,0,2,0,0,13,248,Unusable
Bo Naylor,666310,239.8,2025-08-25,1,0,0,0,2,0,0,2,0,13,247,Unusable
Kevin Newman,621028,239.88,2025-06-02,1,1,0,0,0,0,1,1,0,13,240,Unusable
Alek Thomas,677950,239.91,2025-09-01,2,0,0,0,1,0,2,0,0,13,227,Unusable
Nolan Gorman,669357,239.92,2025-04-14,1,0,0,0,2,0,1,1,0,13,251,Unusable
Curtis Mead,678554,239.94,2025-05-26,2,0,0,0,1,0,2,0,0,13,235,Unusable
Kyle Teel,691019,239.94,2025-07-14,1,1,0,0,0,0,2,0,0,13,158,Unusable
Harrison Bader,664056,239.99,2025-09-22,3,0,0,0,0,0,2,0,0,13,228,Unusable
Jorge Polanco,593871,239.99,2025-05-19,1,0,0,0,1,1,1,1,0,13,251,Unusable
Will Benson,666181,239.99,2025-09-01,1,1,0,0,0,0,1,1,0,13,227,Unusable
Johan Rojas,679032,239.99,2025-03-31,2,0,0,0,1,0,0,0,1,13,251,Unusable
Dane Myers,667472,240,2025-08-18,2,0,0,0,1,0,0,0,1,13,236,Unusable
Nick Yorke,694377,240,2025-09-01,1,1,0,0,0,0,0,2,0,13,227,Unusable
Gabriel Moreno,672515,NA,2025-03-31,2,0,0,0,1,0,2,0,0,13,251,Unusable
Gabriel Moreno,672515,NA,2025-06-02,3,0,0,0,0,0,1,1,0,13,240,Unusable
Liover Peguero,678894,NA,2025-08-04,1,0,0,0,2,0,2,0,0,13,236,Unusable
Liover Peguero,678894,NA,2025-08-18,2,0,0,0,1,0,0,0,1,13,236,Unusable
Mickey Moniak,666160,NA,2025-08-18,3,0,0,0,0,0,2,0,0,13,236,Unusable
Amed Rosario,642708,NA,2025-07-21,1,1,0,0,0,0,1,1,0,13,237,Unusable
Randal Grichuk,545341,NA,2025-05-12,3,0,0,0,0,0,2,0,0,13,237,Unusable
Randal Grichuk,545341,NA,2025-09-15,3,0,0,0,0,0,1,1,0,13,231,Unusable
Seth Brown,664913,NA,2025-05-19,2,0,0,0,1,0,1,1,0,13,251,Unusable
Kameron Misner,670224,NA,2025-04-28,2,0,0,0,1,0,0,0,1,13,248,Unusable
Kyle Stowers,669065,NA,2025-05-26,1,0,0,0,2,0,1,1,0,13,235,Unusable
Colby Thomas,687515,NA,2025-08-18,1,1,0,0,0,0,2,0,0,13,236,Unusable
Kyle Isbel,664728,NA,2025-03-24,1,1,0,0,0,0,2,0,0,13,179,Unusable
Jonah Heim,641680,NA,2025-07-28,1,0,0,0,2,0,0,2,0,13,250,Unusable
Alex Call,669743,NA,2025-06-16,2,0,0,0,1,0,2,0,0,13,248,Unusable
David Fry,681807,NA,2025-06-16,1,1,0,0,0,0,1,1,0,13,248,Unusable
Henry Davis,680779,NA,2025-09-01,1,0,0,0,2,0,1,1,0,13,227,Unusable
Garrett Hampson,641658,NA,2025-04-07,1,0,0,0,2,0,2,0,0,13,246,Unusable
Trey Sweeney,700242,NA,2025-07-07,1,0,0,0,2,0,0,0,1,13,239,Unusable
Connor Wong,657136,NA,2025-04-28,2,0,0,0,0,1,2,0,0,13,248,Unusable
Emmanuel Rivera,656896,NA,2025-04-28,2,0,0,0,1,0,1,1,0,13,248,Unusable
Emmanuel Rivera,656896,NA,2025-06-02,0,1,0,0,1,0,0,0,1,13,240,Unusable
Emmanuel Rivera,656896,NA,2025-08-25,3,0,0,0,0,0,0,2,0,13,247,Unusable
Ramon Laureano,657656,NA,2025-04-21,1,1,0,0,0,0,1,1,0,13,245,Unusable
Ryan Noda,676116,NA,2025-06-30,0,0,0,0,3,0,2,0,0,13,236,Unusable
Alan Trejo,676701,NA,2025-05-05,2,0,0,0,1,0,1,1,0,13,248,Unusable
Max Schuemann,680474,NA,2025-04-21,2,0,0,0,1,0,2,0,0,13,245,Unusable
Johnathan Rodriguez,671286,NA,2025-07-21,1,1,0,0,0,0,0,2,0,13,237,Unusable
Kyle Farmer,571657,NA,2025-06-23,3,0,0,0,0,0,1,1,0,13,233,Unusable
Luis Urias,649966,NA,2025-08-18,1,0,0,0,1,1,0,2,0,13,236,Unusable
Josh Rojas,668942,NA,2025-06-30,2,0,0,0,1,0,1,1,0,13,236,Unusable
Jonatan Clase,682729,NA,2025-05-05,1,1,0,0,0,0,0,2,0,13,248,Unusable
Jorge Mateo,622761,NA,2025-09-15,1,1,0,0,0,0,0,0,1,13,231,Unusable
Luke Williams,663897,NA,2025-05-26,1,1,0,0,0,0,0,2,0,13,235,Unusable
Jose Iglesias,578428,NA,2025-08-18,2,0,0,0,1,0,1,1,0,13,236,Unusable
Jose Iglesias,578428,NA,2025-08-25,3,0,0,0,0,0,1,1,0,13,247,Unusable
Andrew Knizner,668800,NA,2025-08-18,1,1,0,0,0,0,1,1,0,13,236,Unusable
Pete Alonso,624413,29.95,2025-03-24,1,0,0,0,3,0,0,0,0,12,185,Unusable
Corey Seager,608369,43.68,2025-06-02,0,0,0,0,4,0,0,0,0,12,243,Unusable
Oneil Cruz,665833,50.09,2025-04-07,0,0,0,0,1,1,0,1,1,12,247,Unusable
Brenton Doyle,686668,56.73,2025-07-14,2,0,0,0,0,0,1,0,1,12,163,Unusable
Nick Castellanos,592206,65.98,2025-08-04,2,0,0,0,0,0,3,0,0,12,239,Unusable
Jasson Dominguez,691176,70.56,2025-08-04,0,0,0,0,2,0,1,0,1,12,239,Unusable
Jasson Dominguez,691176,70.56,2025-09-01,1,0,0,0,1,0,2,1,0,12,233,Unusable
Dylan Crews,686611,71.02,2025-09-01,1,1,0,0,1,0,0,0,0,12,233,Unusable
Lane Thomas,657041,93.37,2025-03-24,3,0,0,0,1,0,0,0,0,12,185,Unusable
Eugenio Suarez,553993,104.99,2025-09-08,0,0,0,0,4,0,0,0,0,12,233,Unusable
Heliot Ramos,671218,108.52,2025-07-07,3,0,0,0,1,0,0,0,0,12,242,Unusable
Paul Goldschmidt,502671,117.94,2025-09-08,3,0,0,0,1,0,0,0,0,12,233,Unusable
Paul Goldschmidt,502671,117.94,2025-09-22,2,0,0,0,0,0,2,1,0,12,234,Unusable
Cedric Mullins,656775,133.6,2025-07-14,2,0,0,0,0,0,0,1,1,12,163,Unusable
Cedric Mullins,656775,133.6,2025-08-25,0,0,0,0,2,0,0,1,1,12,252,Unusable
Gleyber Torres,650402,147.51,2025-04-07,3,0,0,0,1,0,0,0,0,12,247,Unusable
Joc Pederson,592626,151.33,2025-09-01,3,0,0,0,1,0,0,0,0,12,233,Unusable
Michael Conforto,624424,163,2025-03-17,1,1,0,0,1,0,0,0,0,12,10,H1
Xavier Edwards,669364,165.36,2025-05-12,4,0,0,0,0,0,0,0,0,12,240,Unusable
Royce Lewis,668904,168.33,2025-05-19,0,1,0,0,2,0,0,0,0,12,255,Unusable
Willson Contreras,575929,182.14,2025-07-14,1,1,0,0,1,0,0,0,0,12,163,Unusable
Ryan Mountcastle,663624,234.73,2025-04-21,1,0,0,0,2,1,0,0,0,12,250,Unusable
Jordan Beck,687597,234.82,2025-08-25,2,0,0,0,2,0,0,0,0,12,252,Unusable
Kyle Manzardo,700932,237.05,2025-08-18,3,0,0,0,0,1,0,0,0,12,245,Unusable
Trevor Larnach,663616,237.16,2025-07-14,2,0,0,0,2,0,0,0,0,12,163,Unusable
Spencer Torkelson,679529,237.98,2025-07-14,2,0,0,0,2,0,0,0,0,12,163,Unusable
Heston Kjerstad,677008,238.03,2025-05-26,0,0,1,0,0,0,1,1,0,12,239,Unusable
Masataka Yoshida,807799,238.11,2025-08-18,1,1,0,0,1,0,0,0,0,12,245,Unusable
Tommy Pham,502054,238.55,2025-05-05,1,0,0,0,3,0,0,0,0,12,252,Unusable
Logan O'Hoppe,681351,238.67,2025-09-01,2,0,0,0,2,0,0,0,0,12,233,Unusable
Wenceel Perez,672761,238.7,2025-09-15,1,0,0,0,1,0,0,1,1,12,235,Unusable
Alex Verdugo,657077,238.85,2025-05-26,1,1,0,0,1,0,0,0,0,12,239,Unusable
Jerar Encarnacion,666464,239.3,2025-09-08,0,1,0,0,0,0,1,2,0,12,233,Unusable
Tyler Freeman,671289,239.42,2025-05-12,1,0,0,0,1,0,1,0,1,12,240,Unusable
Jacob Young,696285,239.49,2025-09-08,2,0,0,0,0,0,1,2,0,12,233,Unusable
Jonah Bride,681146,239.69,2025-03-24,1,0,0,0,3,0,0,0,0,12,185,Unusable
Jonah Bride,681146,239.69,2025-05-19,3,0,0,0,1,0,0,0,0,12,255,Unusable
Miguel Rojas,500743,239.78,2025-08-11,3,0,0,0,1,0,0,0,0,12,242,Unusable
Vinny Capra,681962,239.86,2025-04-21,0,0,0,0,2,0,3,0,0,12,250,Unusable
Vinny Capra,681962,239.86,2025-06-16,1,0,0,0,1,0,0,1,1,12,251,Unusable
Elias Diaz,553869,239.91,2025-03-24,3,0,0,0,1,0,0,0,0,12,185,Unusable
Elias Diaz,553869,239.91,2025-05-19,2,1,0,0,0,0,0,0,0,12,255,Unusable
Elias Diaz,553869,239.91,2025-06-23,2,1,0,0,0,0,0,0,0,12,234,Unusable
Alek Thomas,677950,239.91,2025-09-15,2,0,0,0,2,0,0,0,0,12,235,Unusable
Hunter Goodman,696100,239.98,2025-05-26,3,0,0,0,1,0,0,0,0,12,239,Unusable
Starling Marte,516782,239.99,2025-05-12,1,1,0,0,1,0,0,0,0,12,240,Unusable
Starling Marte,516782,239.99,2025-06-16,2,1,0,0,0,0,0,0,0,12,251,Unusable
Johan Rojas,679032,239.99,2025-05-12,0,0,0,0,2,0,3,0,0,12,240,Unusable
Johan Rojas,679032,239.99,2025-06-16,1,0,0,0,1,0,0,1,1,12,251,Unusable
Johan Rojas,679032,239.99,2025-07-21,1,0,0,0,1,0,1,2,0,12,239,Unusable
Enrique Hernandez,571771,NA,2025-04-14,1,1,0,0,1,0,0,0,0,12,253,Unusable
Enrique Hernandez,571771,NA,2025-09-01,2,0,0,0,2,0,0,0,0,12,233,Unusable
Mitch Garver,641598,NA,2025-07-21,2,1,0,0,0,0,0,0,0,12,239,Unusable
Mitch Garver,641598,NA,2025-08-04,1,0,0,0,3,0,0,0,0,12,239,Unusable
Joey Bart,663698,NA,2025-03-31,2,0,0,0,2,0,0,0,0,12,255,Unusable
Joey Bart,663698,NA,2025-05-12,2,0,0,0,2,0,0,0,0,12,240,Unusable
Liover Peguero,678894,NA,2025-09-08,1,0,0,0,1,0,1,0,1,12,233,Unusable
Amed Rosario,642708,NA,2025-08-18,2,1,0,0,0,0,0,0,0,12,245,Unusable
Mauricio Dubon,643289,NA,2025-06-09,1,0,0,0,1,0,1,2,0,12,244,Unusable
Seth Brown,664913,NA,2025-03-31,2,0,0,0,2,0,0,0,0,12,255,Unusable
Ernie Clement,676391,NA,2025-04-21,2,1,0,0,0,0,0,0,0,12,250,Unusable
Mike Tauchman,643565,NA,2025-04-07,3,0,0,0,1,0,0,0,0,12,247,Unusable
Weston Wilson,642215,NA,2025-09-22,1,0,0,0,1,0,1,0,1,12,234,Unusable
Kyle Higashioka,543309,NA,2025-06-16,2,0,0,0,1,1,0,0,0,12,251,Unusable
Alex Call,669743,NA,2025-09-01,3,0,0,0,1,0,0,0,0,12,233,Unusable
Jose Caballero,676609,NA,2025-07-14,1,0,0,0,1,0,1,0,1,12,163,Unusable
Jake Mangum,663968,NA,2025-07-14,1,0,0,0,1,0,1,0,1,12,163,Unusable
Nick Fortes,663743,NA,2025-09-22,3,0,0,0,1,0,0,0,0,12,234,Unusable
Dalton Rushing,687221,NA,2025-08-04,1,0,0,0,1,0,1,2,0,12,239,Unusable
Dalton Rushing,687221,NA,2025-09-01,1,1,0,0,1,0,0,0,0,12,233,Unusable
Andres Chaparro,665953,NA,2025-09-22,2,0,0,0,0,0,0,3,0,12,234,Unusable
Edmundo Sosa,624641,NA,2025-06-23,1,1,0,0,0,1,0,0,0,12,234,Unusable
Austin Hedges,595978,NA,2025-08-04,0,1,0,0,2,0,0,0,0,12,239,Unusable
Luis Torrens,620443,NA,2025-05-12,2,0,0,0,2,0,0,0,0,12,240,Unusable
Luis Torrens,620443,NA,2025-05-26,1,0,0,0,3,0,0,0,0,12,239,Unusable
Andy Ibanez,628451,NA,2025-05-12,1,0,0,0,1,0,1,0,1,12,240,Unusable
Dylan Moore,664238,NA,2025-09-15,1,0,0,0,1,0,1,0,1,12,235,Unusable
Travis d'Arnaud,518595,NA,2025-04-21,0,2,0,0,0,0,0,0,0,12,250,Unusable
Ramon Urias,602104,NA,2025-06-30,3,0,0,0,1,0,0,0,0,12,242,Unusable
Ramon Urias,602104,NA,2025-07-14,0,2,0,0,0,0,0,0,0,12,163,Unusable
Ramon Urias,602104,NA,2025-08-25,1,1,0,0,1,0,0,0,0,12,252,Unusable
Travis Jankowski,608671,NA,2025-03-31,3,0,0,0,1,0,0,0,0,12,255,Unusable
Ronny Mauricio,677595,NA,2025-08-11,2,0,0,0,0,0,1,0,1,12,242,Unusable
Jose Iglesias,578428,NA,2025-09-01,2,1,0,0,0,0,0,0,0,12,233,Unusable
Kyle Tucker,663656,7.8,2025-03-17,0,1,0,0,1,0,0,1,0,11,11,H1
Teoscar Hernandez,606192,29.24,2025-04-14,1,1,0,0,0,0,0,1,0,11,254,Unusable
Teoscar Hernandez,606192,29.24,2025-05-05,1,1,0,0,0,0,0,1,0,11,253,Unusable
Teoscar Hernandez,606192,29.24,2025-07-14,0,1,0,0,1,0,0,1,0,11,171,Unusable
Anthony Santander,623993,32.63,2025-05-26,0,0,0,0,3,0,1,0,0,11,243,Unusable
Bryan Reynolds,668804,42.05,2025-06-30,2,0,0,0,1,0,1,0,0,11,243,Unusable
Corey Seager,608369,43.68,2025-03-24,3,0,0,0,0,0,1,0,0,11,189,Unusable
Riley Greene,682985,44.7,2025-04-07,1,0,0,0,2,0,1,0,0,11,250,Unusable
Brandon Nimmo,607043,51.96,2025-03-24,2,0,0,0,1,0,1,0,0,11,189,Unusable
Brenton Doyle,686668,56.73,2025-05-12,2,0,0,0,1,0,1,0,0,11,247,Unusable
Christian Yelich,592885,58.87,2025-04-28,1,0,0,0,2,0,1,0,0,11,252,Unusable
William Contreras,661388,61.55,2025-03-24,2,0,0,0,1,0,1,0,0,11,189,Unusable
Jasson Dominguez,691176,70.56,2025-04-28,2,0,0,0,1,0,1,0,0,11,252,Unusable
Tyler O'Neill,641933,104.59,2025-05-12,0,0,0,0,1,0,0,0,2,11,247,Unusable
Jake Burger,669394,115.47,2025-06-16,1,1,0,0,0,0,0,1,0,11,255,Unusable
Paul Goldschmidt,502671,117.94,2025-09-01,2,0,0,0,1,0,1,0,0,11,241,Unusable
Kerry Carpenter,681481,130.48,2025-06-16,0,1,0,0,0,1,1,0,0,11,255,Unusable
Yandy Diaz,650490,154.91,2025-03-24,1,1,0,0,0,0,1,0,0,11,189,Unusable
Yandy Diaz,650490,154.91,2025-09-22,2,0,0,0,1,0,1,0,0,11,238,Unusable
Nolan Jones,666134,157.02,2025-03-31,1,1,0,0,0,0,0,1,0,11,258,Unusable
Nolan Jones,666134,157.02,2025-06-02,2,0,0,0,1,0,1,0,0,11,244,Unusable
Nolan Jones,666134,157.02,2025-09-15,1,1,0,0,0,0,1,0,0,11,238,Unusable
Max Muncy,691777,161.48,2025-03-31,0,1,0,0,1,0,0,1,0,11,258,Unusable
Michael Conforto,624424,163,2025-05-19,1,0,0,0,2,0,1,0,0,11,258,Unusable
Royce Lewis,668904,168.33,2025-05-05,2,0,0,0,1,0,0,1,0,11,253,Unusable
Rhys Hoskins,656555,172.72,2025-03-24,1,0,0,0,2,0,0,1,0,11,189,Unusable
Ryan McMahon,641857,172.9,2025-06-30,1,0,0,0,2,0,1,0,0,11,243,Unusable
Brendan Donovan,680977,177.69,2025-07-14,1,0,0,0,1,1,0,1,0,11,171,Unusable
Salvador Perez,521692,194.19,2025-05-12,3,0,0,0,0,0,0,1,0,11,247,Unusable
Jake McCarthy,664983,205.86,2025-07-28,0,1,0,0,1,0,1,0,0,11,251,Unusable
Josh Jung,673962,208.9,2025-03-24,3,0,0,0,0,0,0,1,0,11,189,Unusable
Josh Jung,673962,208.9,2025-06-02,1,0,0,0,2,0,1,0,0,11,244,Unusable
Kristian Campbell,692225,212.49,2025-05-05,3,0,0,0,0,0,0,1,0,11,253,Unusable
Brandon Lowe,664040,213.94,2025-04-07,3,0,0,0,0,0,0,1,0,11,250,Unusable
Jordan Walker,691023,219.58,2025-06-09,2,0,0,0,1,0,1,0,0,11,245,Unusable
Shea Langeliers,669127,226.05,2025-09-15,2,0,0,0,1,0,1,0,0,11,238,Unusable
Andy Pages,681624,228.33,2025-03-24,2,0,0,0,0,1,1,0,0,11,189,Unusable
Andy Pages,681624,228.33,2025-07-14,1,1,0,0,0,0,1,0,0,11,171,Unusable
Brandon Marsh,669016,230.99,2025-03-31,0,0,0,0,3,0,0,1,0,11,258,Unusable
Andres Gimenez,665926,231.93,2025-05-05,1,1,0,0,0,0,1,0,0,11,253,Unusable
Ryan Mountcastle,663624,234.73,2025-03-24,1,1,0,0,0,0,1,0,0,11,189,Unusable
Colt Keith,690993,235.65,2025-04-14,2,0,0,0,1,0,1,0,0,11,254,Unusable
Colt Keith,690993,235.65,2025-04-21,1,0,0,0,2,0,0,1,0,11,254,Unusable
Andrew McCutchen,457705,235.95,2025-08-11,0,1,0,0,1,0,0,1,0,11,244,Unusable
Sal Frelick,686217,236.71,2025-08-04,2,0,0,0,1,0,0,1,0,11,244,Unusable
Andrew Vaughn,683734,236.76,2025-05-19,3,0,0,0,0,0,0,1,0,11,258,Unusable
Joey Ortiz,687401,237.06,2025-07-07,3,0,0,0,0,0,1,0,0,11,243,Unusable
Trevor Larnach,663616,237.16,2025-06-09,0,1,0,0,1,0,1,0,0,11,245,Unusable
Trevor Larnach,663616,237.16,2025-07-21,1,0,0,0,2,0,0,1,0,11,241,Unusable
MJ Melendez,669004,237.22,2025-04-07,0,1,0,0,1,0,1,0,0,11,250,Unusable
Luke Raley,670042,237.24,2025-09-01,2,0,0,0,1,0,1,0,0,11,241,Unusable
Carlos Santana,467793,237.36,2025-07-14,1,0,0,0,2,0,0,1,0,11,171,Unusable
Heston Kjerstad,677008,238.03,2025-05-05,3,0,0,0,0,0,0,1,0,11,253,Unusable
Masataka Yoshida,807799,238.11,2025-07-21,1,1,0,0,0,0,1,0,0,11,241,Unusable
Gavin Lux,666158,238.36,2025-03-24,2,0,0,0,1,0,1,0,0,11,189,Unusable
Tommy Pham,502054,238.55,2025-06-02,1,0,0,0,2,0,1,0,0,11,244,Unusable
Kris Bryant,592178,238.62,2025-04-07,1,1,0,0,0,0,1,0,0,11,250,Unusable
Logan O'Hoppe,681351,238.67,2025-05-26,2,0,0,0,1,0,1,0,0,11,243,Unusable
Andrew Benintendi,643217,238.69,2025-08-04,3,0,0,0,0,0,0,1,0,11,244,Unusable
Wenceel Perez,672761,238.7,2025-07-14,2,0,0,0,1,0,1,0,0,11,171,Unusable
Myles Straw,664702,238.89,2025-06-16,1,1,0,0,0,0,1,0,0,11,255,Unusable
Jose Siri,642350,239.12,2025-04-07,0,0,0,0,1,0,2,0,1,11,250,Unusable
Tirso Ornelas,672359,239.16,2025-04-21,1,0,0,0,2,0,0,1,0,11,254,Unusable
Coby Mayo,691723,239.19,2025-06-16,1,1,0,0,0,0,0,1,0,11,255,Unusable
Willi Castro,650489,239.25,2025-09-15,0,1,0,0,1,0,1,0,0,11,238,Unusable
Jerar Encarnacion,666464,239.3,2025-06-09,1,1,0,0,0,0,1,0,0,11,245,Unusable
Francisco Alvarez,682626,239.35,2025-05-12,0,0,0,0,3,0,1,0,0,11,247,Unusable
Francisco Alvarez,682626,239.35,2025-06-09,1,0,0,0,2,0,1,0,0,11,245,Unusable
Justin Turner,457759,239.35,2025-05-05,1,0,0,0,2,0,0,1,0,11,253,Unusable
Justin Turner,457759,239.35,2025-06-23,1,1,0,0,0,0,0,1,0,11,236,Unusable
Justin Turner,457759,239.35,2025-08-04,1,1,0,0,0,0,1,0,0,11,244,Unusable
Jacob Young,696285,239.49,2025-07-14,3,0,0,0,0,0,1,0,0,11,171,Unusable
Jacob Young,696285,239.49,2025-07-28,1,0,0,0,2,0,0,1,0,11,251,Unusable
Nolan Schanuel,694384,239.52,2025-03-24,3,0,0,0,0,0,1,0,0,11,189,Unusable
Nolan Schanuel,694384,239.52,2025-08-18,2,0,0,0,0,1,1,0,0,11,248,Unusable
Chas McCormick,676801,239.53,2025-05-19,2,0,0,0,0,1,0,1,0,11,258,Unusable
Keibert Ruiz,660688,239.6,2025-04-14,3,0,0,0,0,0,0,1,0,11,254,Unusable
Luisangel Acuna,682668,239.64,2025-06-09,2,0,0,0,1,0,1,0,0,11,245,Unusable
Luisangel Acuna,682668,239.64,2025-07-14,0,1,0,0,1,0,0,1,0,11,171,Unusable
Jonah Bride,681146,239.69,2025-03-31,1,0,0,0,2,0,1,0,0,11,258,Unusable
Jonah Bride,681146,239.69,2025-06-16,1,0,0,0,2,0,1,0,0,11,255,Unusable
Sean Murphy,669221,239.72,2025-06-02,1,0,0,0,2,0,0,1,0,11,244,Unusable
Noelvi Marte,682622,239.78,2025-07-14,2,0,0,0,0,1,1,0,0,11,171,Unusable
Bo Naylor,666310,239.8,2025-08-04,1,0,0,0,2,0,1,0,0,11,244,Unusable
Luis Rengifo,650859,239.81,2025-06-02,2,0,0,0,1,0,1,0,0,11,244,Unusable
Spencer Horwitz,687462,239.83,2025-06-02,2,0,0,0,1,0,1,0,0,11,244,Unusable
Vinny Capra,681962,239.86,2025-06-09,1,1,0,0,0,0,1,0,0,11,245,Unusable
Kevin Newman,621028,239.88,2025-05-12,1,1,0,0,0,0,0,1,0,11,247,Unusable
Elias Diaz,553869,239.91,2025-05-12,2,0,0,0,1,0,1,0,0,11,247,Unusable
Caleb Durbin,702332,239.92,2025-08-04,0,1,0,0,1,0,1,0,0,11,244,Unusable
Nolan Gorman,669357,239.92,2025-03-31,0,1,0,0,1,0,1,0,0,11,258,Unusable
Nolan Gorman,669357,239.92,2025-04-07,0,1,0,0,1,0,0,1,0,11,250,Unusable
Curtis Mead,678554,239.94,2025-03-31,0,1,0,0,1,0,0,1,0,11,258,Unusable
Curtis Mead,678554,239.94,2025-08-18,3,0,0,0,0,0,0,1,0,11,248,Unusable
Kyle Teel,691019,239.94,2025-06-30,0,0,0,0,3,0,1,0,0,11,243,Unusable
Jake Meyers,676694,239.95,2025-09-15,2,0,0,0,0,1,1,0,0,11,238,Unusable
Hunter Renfroe,592669,239.98,2025-03-24,0,1,0,0,1,0,0,1,0,11,189,Unusable
Hunter Renfroe,592669,239.98,2025-05-19,0,1,0,0,1,0,1,0,0,11,258,Unusable
Brendan Rodgers,663898,239.98,2025-06-09,2,0,0,0,1,0,1,0,0,11,245,Unusable
James Outman,681546,240,2025-07-07,0,1,0,0,1,0,1,0,0,11,243,Unusable
Gabriel Moreno,672515,NA,2025-04-07,1,0,0,0,2,0,1,0,0,11,250,Unusable
Marcelo Mayer,691785,NA,2025-05-19,1,1,0,0,0,0,1,0,0,11,258,Unusable
Mitch Garver,641598,NA,2025-06-09,1,1,0,0,0,0,0,1,0,11,245,Unusable
Jack Suwinski,669261,NA,2025-04-07,0,0,0,0,3,0,1,0,0,11,250,Unusable
Jack Suwinski,669261,NA,2025-08-18,1,0,0,0,2,0,0,1,0,11,248,Unusable
Brayan Rocchio,677587,NA,2025-03-24,2,0,0,0,1,0,1,0,0,11,189,Unusable
Blake Perkins,663368,NA,2025-09-08,3,0,0,0,0,0,1,0,0,11,238,Unusable
Joey Bart,663698,NA,2025-05-19,1,1,0,0,0,0,0,1,0,11,258,Unusable
Joey Bart,663698,NA,2025-07-07,1,1,0,0,0,0,0,1,0,11,243,Unusable
Joey Bart,663698,NA,2025-08-18,2,0,0,0,1,0,1,0,0,11,248,Unusable
Joey Bart,663698,NA,2025-09-22,2,0,0,0,1,0,0,1,0,11,238,Unusable
Tim Anderson,641313,NA,2025-04-14,2,0,0,0,0,1,1,0,0,11,254,Unusable
Ivan Herrera,671056,NA,2025-07-14,3,0,0,0,0,0,0,1,0,11,171,Unusable
Mickey Moniak,666160,NA,2025-08-04,1,1,0,0,0,0,0,1,0,11,244,Unusable
Gabriel Arias,672356,NA,2025-05-19,1,0,0,0,1,1,0,1,0,11,258,Unusable
Luis Matos,682641,NA,2025-09-01,2,0,0,0,1,0,1,0,0,11,241,Unusable
Amed Rosario,642708,NA,2025-03-31,1,1,0,0,0,0,1,0,0,11,258,Unusable
Amed Rosario,642708,NA,2025-08-04,1,1,0,0,0,0,0,1,0,11,244,Unusable
Mauricio Dubon,643289,NA,2025-05-05,3,0,0,0,0,0,1,0,0,11,253,Unusable
Seth Brown,664913,NA,2025-05-05,2,0,0,0,1,0,1,0,0,11,253,Unusable
Addison Barger,680718,NA,2025-04-14,0,1,0,0,1,0,1,0,0,11,254,Unusable
Chris Taylor,621035,NA,2025-05-05,1,1,0,0,0,0,0,1,0,11,253,Unusable
Chris Taylor,621035,NA,2025-07-21,0,1,0,0,0,1,0,1,0,11,241,Unusable
Chris Taylor,621035,NA,2025-09-22,2,0,0,0,1,0,0,1,0,11,238,Unusable
Trent Grisham,663757,NA,2025-07-07,1,0,0,0,2,0,1,0,0,11,243,Unusable
Angel Martinez,682657,NA,2025-06-23,2,0,0,0,1,0,1,0,0,11,236,Unusable
Weston Wilson,642215,NA,2025-09-08,1,0,0,0,0,0,2,0,1,11,238,Unusable
Kyle Higashioka,543309,NA,2025-03-24,1,1,0,0,0,0,0,1,0,11,189,Unusable
Kyle Higashioka,543309,NA,2025-09-01,1,0,0,0,2,0,1,0,0,11,241,Unusable
Sam Haggerty,664059,NA,2025-08-11,0,0,0,0,1,0,2,0,1,11,244,Unusable
Jonah Heim,641680,NA,2025-08-04,1,0,0,0,2,0,1,0,0,11,244,Unusable
Zach McKinstry,656716,NA,2025-07-21,1,0,0,0,2,0,1,0,0,11,241,Unusable
Rowdy Tellez,642133,NA,2025-07-21,2,0,0,0,1,0,0,1,0,11,241,Unusable
Henry Davis,680779,NA,2025-05-12,2,0,0,0,1,0,0,1,0,11,247,Unusable
Garrett Hampson,641658,NA,2025-06-30,0,1,0,0,1,0,1,0,0,11,243,Unusable
Andres Chaparro,665953,NA,2025-09-08,3,0,0,0,0,0,1,0,0,11,238,Unusable
Connor Wong,657136,NA,2025-06-02,1,0,0,0,2,0,1,0,0,11,244,Unusable
Connor Wong,657136,NA,2025-08-11,1,1,0,0,0,0,1,0,0,11,244,Unusable
Edmundo Sosa,624641,NA,2025-05-26,2,0,0,0,0,1,0,1,0,11,243,Unusable
Alejandro Kirk,672386,NA,2025-09-15,1,0,0,0,2,0,0,1,0,11,238,Unusable
Martin Maldonado,455117,NA,2025-06-30,2,0,0,0,1,0,0,1,0,11,243,Unusable
Austin Hedges,595978,NA,2025-08-11,1,1,0,0,0,0,0,1,0,11,244,Unusable
Luis Torrens,620443,NA,2025-09-15,1,1,0,0,0,0,1,0,0,11,238,Unusable
Andy Ibanez,628451,NA,2025-08-11,3,0,0,0,0,0,1,0,0,11,244,Unusable
Dylan Moore,664238,NA,2025-06-09,0,0,0,0,1,0,2,0,1,11,245,Unusable
Dylan Moore,664238,NA,2025-07-28,0,0,0,0,1,0,0,0,2,11,251,Unusable
Travis d'Arnaud,518595,NA,2025-07-28,0,0,0,0,3,0,1,0,0,11,251,Unusable
Travis d'Arnaud,518595,NA,2025-09-01,1,1,0,0,0,0,0,1,0,11,241,Unusable
Derek Hill,656537,NA,2025-09-22,2,0,0,0,0,1,0,1,0,11,238,Unusable
Max Schuemann,680474,NA,2025-06-16,1,0,0,0,1,1,0,1,0,11,255,Unusable
Max Schuemann,680474,NA,2025-07-07,1,0,0,0,0,0,2,0,1,11,243,Unusable
Johnathan Rodriguez,671286,NA,2025-06-23,1,0,0,0,2,0,1,0,0,11,236,Unusable
Travis Jankowski,608671,NA,2025-04-21,1,1,0,0,0,0,1,0,0,11,254,Unusable
Kyle Farmer,571657,NA,2025-04-28,3,0,0,0,0,0,0,1,0,11,252,Unusable
Josh Rojas,668942,NA,2025-05-19,1,0,0,0,2,0,1,0,0,11,258,Unusable
Josh Rojas,668942,NA,2025-08-04,2,0,0,0,1,0,1,0,0,11,244,Unusable
Jose Tena,677588,NA,2025-04-28,1,0,0,0,2,0,1,0,0,11,252,Unusable
Jose Tena,677588,NA,2025-06-02,0,1,0,0,1,0,1,0,0,11,244,Unusable
Jake Bauers,641343,NA,2025-03-31,1,0,0,0,2,0,1,0,0,11,258,Unusable
Pedro Pages,686780,NA,2025-06-30,2,0,0,0,1,0,0,1,0,11,243,Unusable
Jose Iglesias,578428,NA,2025-03-31,2,0,0,0,1,0,1,0,0,11,258,Unusable
Andrew Knizner,668800,NA,2025-07-14,2,0,0,0,1,0,0,1,0,11,171,Unusable
Kyle Tucker,663656,7.8,2025-09-22,1,0,0,0,1,0,2,0,0,10,242,Unusable
Wyatt Langford,694671,24.34,2025-04-14,1,0,0,0,1,0,0,0,1,10,259,Unusable
Teoscar Hernandez,606192,29.24,2025-03-17,1,0,0,0,1,0,1,1,0,10,12,H1
James Wood,695578,32.36,2025-07-14,1,0,0,0,1,0,0,0,1,10,181,Unusable
Michael Harris II,671739,42.59,2025-09-08,2,0,0,0,0,0,0,0,1,10,241,Unusable
Jasson Dominguez,691176,70.56,2025-08-18,1,0,0,0,1,0,0,0,1,10,252,Unusable
Josh Naylor,647304,89.6,2025-06-02,2,0,0,0,0,0,0,2,0,10,252,Unusable
Lane Thomas,657041,93.37,2025-04-14,2,0,0,0,0,0,2,0,0,10,259,Unusable
Tyler O'Neill,641933,104.59,2025-04-14,1,0,0,0,1,0,1,1,0,10,259,Unusable
Jordan Westburg,676059,108.66,2025-04-07,0,0,0,0,1,1,2,0,0,10,258,Unusable
Isaac Paredes,670623,121.15,2025-05-26,1,0,0,0,1,0,1,1,0,10,246,Unusable
Anthony Volpe,683011,135.32,2025-08-18,0,1,0,0,0,0,2,0,0,10,252,Unusable
Alec Bohm,664761,148.29,2025-04-07,2,0,0,0,0,0,2,0,0,10,258,Unusable
Michael Conforto,624424,163,2025-08-18,0,0,0,0,2,0,1,1,0,10,252,Unusable
TJ Friedl,670770,168.11,2025-03-24,2,0,0,0,0,0,1,1,0,10,202,Unusable
Jake McCarthy,664983,205.86,2025-03-31,0,0,0,0,2,0,0,0,1,10,267,Unusable
Austin Hays,669720,212.98,2025-06-23,0,1,0,0,0,0,1,1,0,10,239,Unusable
Brandon Marsh,669016,230.99,2025-07-14,1,0,0,0,1,0,2,0,0,10,181,Unusable
Max Kepler,596146,234.12,2025-06-02,1,0,0,0,1,0,1,1,0,10,252,Unusable
Luke Raley,670042,237.24,2025-07-14,1,0,0,0,1,0,1,1,0,10,181,Unusable
Carlos Santana,467793,237.36,2025-09-22,0,1,0,0,0,0,0,2,0,10,242,Unusable
Jacob Wilson,805779,238.09,2025-07-21,1,0,0,0,1,0,1,1,0,10,246,Unusable
Myles Straw,664702,238.89,2025-06-09,2,0,0,0,0,0,1,1,0,10,254,Unusable
Pavin Smith,656976,239.18,2025-08-18,1,0,0,0,1,0,2,0,0,10,252,Unusable
Thairo Estrada,642731,239.19,2025-05-26,1,0,0,0,0,1,1,1,0,10,246,Unusable
Thairo Estrada,642731,239.19,2025-07-07,0,1,0,0,0,0,2,0,0,10,248,Unusable
Jacob Young,696285,239.49,2025-08-11,1,0,0,0,1,0,0,0,1,10,249,Unusable
Matt Vierling,663837,239.52,2025-06-23,1,0,0,0,1,0,1,1,0,10,239,Unusable
Chas McCormick,676801,239.53,2025-04-14,1,0,0,0,1,0,0,0,1,10,259,Unusable
Luisangel Acuna,682668,239.64,2025-05-12,1,0,0,0,1,0,2,0,0,10,254,Unusable
Maikel Garcia,672580,239.72,2025-07-14,2,0,0,0,0,0,1,1,0,10,181,Unusable
Casey Schmitt,669477,239.77,2025-06-23,1,0,0,0,0,1,2,0,0,10,239,Unusable
Bo Naylor,666310,239.8,2025-06-16,0,1,0,0,0,0,1,1,0,10,261,Unusable
Vinny Capra,681962,239.86,2025-05-26,0,1,0,0,0,0,2,0,0,10,246,Unusable
Kevin Newman,621028,239.88,2025-06-09,2,0,0,0,0,0,2,0,0,10,254,Unusable
Elias Diaz,553869,239.91,2025-04-14,0,0,0,0,2,0,2,0,0,10,259,Unusable
Elias Diaz,553869,239.91,2025-06-30,0,0,0,0,2,0,2,0,0,10,249,Unusable
Elias Diaz,553869,239.91,2025-09-08,2,0,0,0,0,0,2,0,0,10,241,Unusable
Alek Thomas,677950,239.91,2025-05-26,2,0,0,0,0,0,1,1,0,10,246,Unusable
Nick Gonzales,693304,239.92,2025-07-21,2,0,0,0,0,0,2,0,0,10,246,Unusable
Curtis Mead,678554,239.94,2025-06-02,2,0,0,0,0,0,0,0,1,10,252,Unusable
Curtis Mead,678554,239.94,2025-09-15,2,0,0,0,0,0,0,2,0,10,244,Unusable
Alexander Canario,672744,239.96,2025-09-22,0,1,0,0,0,0,1,1,0,10,242,Unusable
Will Wagner,695238,239.98,2025-04-21,0,0,0,0,2,0,0,0,1,10,257,Unusable
Brendan Rodgers,663898,239.98,2025-04-07,0,0,0,0,2,0,1,1,0,10,258,Unusable
Jace Jung,690291,239.98,2025-05-12,1,0,0,0,0,1,2,0,0,10,254,Unusable
Will Benson,666181,239.99,2025-05-05,0,1,0,0,0,0,1,1,0,10,262,Unusable
Enrique Hernandez,571771,NA,2025-05-19,2,0,0,0,0,0,1,1,0,10,266,Unusable
Jack Suwinski,669261,NA,2025-06-16,0,0,0,0,2,0,0,0,1,10,261,Unusable
Brayan Rocchio,677587,NA,2025-05-05,0,0,0,0,0,0,1,2,1,10,262,Unusable
Yoan Moncada,660162,NA,2025-08-04,1,0,0,0,0,1,2,0,0,10,253,Unusable
Isaac Collins,686555,NA,2025-05-12,2,0,0,0,0,0,0,2,0,10,254,Unusable
Luis Matos,682641,NA,2025-07-21,1,0,0,0,1,0,1,1,0,10,246,Unusable
Amed Rosario,642708,NA,2025-09-15,0,1,0,0,0,0,0,2,0,10,244,Unusable
Mark Canha,592192,NA,2025-04-21,2,0,0,0,0,0,1,1,0,10,257,Unusable
Mark Canha,592192,NA,2025-05-05,1,0,0,0,1,0,1,1,0,10,262,Unusable
David Hamilton,666152,NA,2025-07-07,1,0,0,0,1,0,1,1,0,10,248,Unusable
Everson Pereira,677592,NA,2025-09-08,1,0,0,0,1,0,0,0,1,10,241,Unusable
Grant McCray,687529,NA,2025-09-22,0,0,0,0,2,0,2,0,0,10,242,Unusable
Stuart Fairchild,656413,NA,2025-03-31,0,0,1,0,0,0,1,0,0,10,267,Unusable
Kameron Misner,670224,NA,2025-06-16,2,0,0,0,0,0,0,2,0,10,261,Unusable
Jacob Melton,689200,NA,2025-08-25,1,0,0,0,1,0,0,0,1,10,255,Unusable
Jacob Melton,689200,NA,2025-09-22,1,0,0,0,1,0,0,0,1,10,242,Unusable
Ernie Clement,676391,NA,2025-03-24,0,1,0,0,0,0,0,2,0,10,202,Unusable
Mike Tauchman,643565,NA,2025-06-16,1,0,0,0,1,0,1,1,0,10,261,Unusable
Kyle Isbel,664728,NA,2025-03-31,2,0,0,0,0,0,1,1,0,10,267,Unusable
Rece Hinds,677956,NA,2025-06-23,2,0,0,0,0,0,2,0,0,10,239,Unusable
Sam Haggerty,664059,NA,2025-06-30,1,0,0,0,1,0,2,0,0,10,249,Unusable
Jonah Heim,641680,NA,2025-09-22,2,0,0,0,0,0,2,0,0,10,242,Unusable
Korey Lee,686676,NA,2025-06-02,0,1,0,0,0,0,2,0,0,10,252,Unusable
Rowdy Tellez,642133,NA,2025-08-04,2,0,0,0,0,0,0,2,0,10,253,Unusable
Ji Hwan Bae,678225,NA,2025-05-05,0,0,0,0,0,0,1,0,2,10,262,Unusable
Ji Hwan Bae,678225,NA,2025-05-12,1,0,0,0,1,0,2,0,0,10,254,Unusable
Henry Davis,680779,NA,2025-04-28,1,0,0,0,1,0,2,0,0,10,256,Unusable
Henry Davis,680779,NA,2025-06-16,1,0,0,0,1,0,1,1,0,10,261,Unusable
Brandon Lockridge,663604,NA,2025-05-12,2,0,0,0,0,0,0,2,0,10,254,Unusable
Garrett Hampson,641658,NA,2025-04-14,1,0,0,0,1,0,2,0,0,10,259,Unusable
Dalton Rushing,687221,NA,2025-08-25,1,0,0,0,1,0,0,2,0,10,255,Unusable
Connor Wong,657136,NA,2025-03-24,1,0,0,0,1,0,0,0,1,10,202,Unusable
Edmundo Sosa,624641,NA,2025-04-28,0,0,0,0,2,0,2,0,0,10,256,Unusable
Edmundo Sosa,624641,NA,2025-07-28,0,1,0,0,0,0,0,0,1,10,255,Unusable
Alejandro Kirk,672386,NA,2025-03-24,2,0,0,0,0,0,1,1,0,10,202,Unusable
Martin Maldonado,455117,NA,2025-07-14,0,1,0,0,0,0,1,1,0,10,181,Unusable
Austin Hedges,595978,NA,2025-07-14,1,0,0,0,0,1,1,1,0,10,181,Unusable
Luis Torrens,620443,NA,2025-06-02,1,0,0,0,0,1,0,2,0,10,252,Unusable
Dylan Carlson,666185,NA,2025-07-28,0,0,0,0,1,1,0,0,1,10,255,Unusable
Jason Heyward,518792,NA,2025-04-14,1,0,0,0,1,0,1,1,0,10,259,Unusable
Max Schuemann,680474,NA,2025-06-23,1,0,0,0,1,0,0,0,1,10,239,Unusable
Max Schuemann,680474,NA,2025-09-22,0,0,0,0,2,0,1,1,0,10,242,Unusable
Kyle Farmer,571657,NA,2025-03-24,2,0,0,0,0,0,0,2,0,10,202,Unusable
Kyle Farmer,571657,NA,2025-07-21,2,0,0,0,0,0,1,1,0,10,246,Unusable
Gio Urshela,570482,NA,2025-07-07,2,0,0,0,0,0,1,1,0,10,248,Unusable
Pedro Pages,686780,NA,2025-05-12,2,0,0,0,0,0,0,2,0,10,254,Unusable
Pedro Pages,686780,NA,2025-07-07,2,0,0,0,0,0,0,2,0,10,248,Unusable
Pedro Pages,686780,NA,2025-07-14,2,0,0,0,0,0,1,1,0,10,181,Unusable
Thomas Saggese,695336,NA,2025-07-07,1,0,0,0,1,0,1,1,0,10,248,Unusable
Jose Trevino,624431,NA,2025-04-07,2,0,0,0,0,0,0,2,0,10,258,Unusable
Kevin Pillar,607680,NA,2025-03-24,2,0,0,0,0,0,1,1,0,10,202,Unusable
Anthony Santander,623993,32.63,2025-05-12,1,0,0,0,2,0,0,0,0,9,260,Unusable
Mike Trout,545361,36.46,2025-03-24,1,0,0,0,1,1,0,0,0,9,208,Unusable
Alex Bregman,608324,60.11,2025-07-07,1,1,0,0,0,0,0,0,0,9,253,Unusable
Jasson Dominguez,691176,70.56,2025-09-08,2,0,0,0,1,0,0,0,0,9,244,Unusable
Dylan Crews,686611,71.02,2025-03-24,0,0,0,0,1,0,1,0,1,9,208,Unusable
Christian Walker,572233,74.01,2025-07-07,1,0,0,0,0,0,1,2,0,9,253,Unusable
Taylor Ward,621493,83.15,2025-04-28,0,1,0,0,1,0,0,0,0,9,258,Unusable
Tyler O'Neill,641933,104.59,2025-07-07,1,0,0,0,1,1,0,0,0,9,253,Unusable
JJ Bleday,668709,111.18,2025-05-19,2,0,0,0,1,0,0,0,0,9,267,Unusable
JJ Bleday,668709,111.18,2025-08-11,0,0,0,0,3,0,0,0,0,9,250,Unusable
Jake Burger,669394,115.47,2025-08-04,1,1,0,0,0,0,0,0,0,9,255,Unusable
Anthony Volpe,683011,135.32,2025-09-01,1,1,0,0,0,0,0,0,0,9,246,Unusable
Josh Lowe,666139,138.27,2025-09-22,2,0,0,0,1,0,0,0,0,9,249,Unusable
Michael Toglia,669911,138.78,2025-07-14,0,1,0,0,1,0,0,0,0,9,188,Unusable
Gleyber Torres,650402,147.51,2025-09-22,3,0,0,0,0,0,0,0,0,9,249,Unusable
Ceddanne Rafaela,678882,156.21,2025-03-24,1,0,0,0,0,0,0,1,1,9,208,Unusable
Jeremy Pena,665161,180.02,2025-07-28,3,0,0,0,0,0,0,0,0,9,257,Unusable
Jo Adell,666176,198.16,2025-03-24,2,0,0,0,1,0,0,0,0,9,208,Unusable
Jake McCarthy,664983,205.86,2025-09-01,1,0,0,0,0,0,0,3,0,9,246,Unusable
Matt Shaw,807713,227.33,2025-06-09,2,0,0,0,1,0,0,0,0,9,256,Unusable
Andres Gimenez,665926,231.93,2025-09-01,3,0,0,0,0,0,0,0,0,9,246,Unusable
Max Kepler,596146,234.12,2025-07-28,1,0,0,0,0,0,1,2,0,9,257,Unusable
Max Kepler,596146,234.12,2025-08-11,3,0,0,0,0,0,0,0,0,9,250,Unusable
Luke Raley,670042,237.24,2025-07-21,1,0,0,0,1,1,0,0,0,9,250,Unusable
Tyler Fitzgerald,666149,237.85,2025-08-18,1,0,0,0,2,0,0,0,0,9,256,Unusable
Josh Bell,605137,238,2025-05-05,0,1,0,0,1,0,0,0,0,9,266,Unusable
Josh Bell,605137,238,2025-07-14,2,0,0,0,0,1,0,0,0,9,188,Unusable
Tyler Soderstrom,691016,238.1,2025-07-14,1,0,0,0,0,0,1,0,1,9,188,Unusable
Christopher Morel,666624,238.29,2025-04-28,2,0,0,0,0,1,0,0,0,9,258,Unusable
Logan O'Hoppe,681351,238.67,2025-04-14,2,0,0,0,1,0,0,0,0,9,266,Unusable
Logan O'Hoppe,681351,238.67,2025-09-22,1,0,0,0,2,0,0,0,0,9,249,Unusable
Jose Siri,642350,239.12,2025-03-24,0,0,0,0,1,0,1,0,1,9,208,Unusable
Justin Turner,457759,239.35,2025-06-02,2,0,0,0,1,0,0,0,0,9,257,Unusable
Brett Baty,683146,239.56,2025-03-31,1,1,0,0,0,0,0,0,0,9,270,Unusable
Adam Frazier,624428,239.6,2025-06-30,1,1,0,0,0,0,0,0,0,9,251,Unusable
Luisangel Acuna,682668,239.64,2025-09-22,0,0,0,0,1,0,1,0,1,9,249,Unusable
Ty France,664034,239.69,2025-07-28,2,0,0,0,1,0,0,0,0,9,257,Unusable
Dominic Canzone,686527,239.73,2025-08-25,2,0,0,0,1,0,0,0,0,9,257,Unusable
Miguel Rojas,500743,239.78,2025-04-07,3,0,0,0,0,0,0,0,0,9,262,Unusable
Luis Rengifo,650859,239.81,2025-03-24,2,0,0,0,1,0,0,0,0,9,208,Unusable
Spencer Horwitz,687462,239.83,2025-07-14,1,0,0,0,2,0,0,0,0,9,188,Unusable
Vinny Capra,681962,239.86,2025-06-23,3,0,0,0,0,0,0,0,0,9,244,Unusable
Kevin Newman,621028,239.88,2025-07-21,1,0,0,0,0,0,2,1,0,9,250,Unusable
Alek Thomas,677950,239.91,2025-05-19,0,1,0,0,0,1,0,0,0,9,267,Unusable
Curtis Mead,678554,239.94,2025-06-30,0,0,0,0,1,0,1,0,1,9,251,Unusable
Alexander Canario,672744,239.96,2025-09-15,3,0,0,0,0,0,0,0,0,9,246,Unusable
Oliver Dunn,686554,239.96,2025-04-14,0,0,0,0,1,0,0,1,1,9,266,Unusable
Hunter Goodman,696100,239.98,2025-04-07,1,0,0,0,2,0,0,0,0,9,262,Unusable
Davis Schneider,676914,239.99,2025-06-09,1,0,0,0,2,0,0,0,0,9,256,Unusable
Michael Massey,686681,239.99,2025-04-07,3,0,0,0,0,0,0,0,0,9,262,Unusable
Will Benson,666181,239.99,2025-09-22,2,0,0,0,1,0,0,0,0,9,249,Unusable
Dane Myers,667472,240,2025-03-31,2,0,0,0,1,0,0,0,0,9,270,Unusable
Dane Myers,667472,240,2025-04-07,3,0,0,0,0,0,0,0,0,9,262,Unusable
Dane Myers,667472,240,2025-06-30,3,0,0,0,0,0,0,0,0,9,251,Unusable
Enrique Hernandez,571771,NA,2025-06-02,1,0,0,0,2,0,0,0,0,9,257,Unusable
Marcelo Mayer,691785,NA,2025-07-14,3,0,0,0,0,0,0,0,0,9,188,Unusable
Mitch Garver,641598,NA,2025-03-31,1,0,0,0,2,0,0,0,0,9,270,Unusable
Mitch Garver,641598,NA,2025-06-30,2,0,0,0,1,0,0,0,0,9,251,Unusable
Yoan Moncada,660162,NA,2025-07-21,0,0,0,0,2,1,0,0,0,9,250,Unusable
Yoan Moncada,660162,NA,2025-09-22,0,1,0,0,1,0,0,0,0,9,249,Unusable
Christian Moore,695681,NA,2025-06-30,0,0,0,0,3,0,0,0,0,9,251,Unusable
Christian Moore,695681,NA,2025-08-18,3,0,0,0,0,0,0,0,0,9,256,Unusable
Orlando Arcia,606115,NA,2025-09-08,3,0,0,0,0,0,0,0,0,9,244,Unusable
Isaac Collins,686555,NA,2025-03-24,1,1,0,0,0,0,0,0,0,9,208,Unusable
Tim Anderson,641313,NA,2025-04-28,3,0,0,0,0,0,0,0,0,9,258,Unusable
Miguel Andujar,609280,NA,2025-07-07,2,0,0,0,1,0,0,0,0,9,253,Unusable
Liover Peguero,678894,NA,2025-05-05,2,0,0,0,0,1,0,0,0,9,266,Unusable
Mickey Moniak,666160,NA,2025-04-21,2,0,0,0,1,0,0,0,0,9,259,Unusable
Mickey Moniak,666160,NA,2025-06-23,0,1,0,0,1,0,0,0,0,9,244,Unusable
Luis Matos,682641,NA,2025-03-24,1,1,0,0,0,0,0,0,0,9,208,Unusable
Randal Grichuk,545341,NA,2025-04-07,0,1,0,0,1,0,0,0,0,9,262,Unusable
Blake Dunn,694362,NA,2025-04-28,1,0,0,0,1,1,0,0,0,9,258,Unusable
David Hamilton,666152,NA,2025-03-31,1,0,0,0,0,0,0,1,1,9,270,Unusable
David Hamilton,666152,NA,2025-04-07,0,0,0,0,1,0,1,0,1,9,262,Unusable
David Hamilton,666152,NA,2025-06-23,1,0,0,0,2,0,0,0,0,9,244,Unusable
Seth Brown,664913,NA,2025-03-24,0,0,0,0,2,1,0,0,0,9,208,Unusable
Addison Barger,680718,NA,2025-08-11,3,0,0,0,0,0,0,0,0,9,250,Unusable
Ernie Clement,676391,NA,2025-08-18,1,0,0,0,1,1,0,0,0,9,256,Unusable
Weston Wilson,642215,NA,2025-05-19,1,0,0,0,2,0,0,0,0,9,267,Unusable
Kyle Higashioka,543309,NA,2025-04-21,3,0,0,0,0,0,0,0,0,9,259,Unusable
Kyle Higashioka,543309,NA,2025-06-02,1,0,0,0,1,1,0,0,0,9,257,Unusable
Jacob Stallings,607732,NA,2025-03-31,2,0,0,0,1,0,0,0,0,9,270,Unusable
Rowdy Tellez,642133,NA,2025-05-26,3,0,0,0,0,0,0,0,0,9,250,Unusable
Rowdy Tellez,642133,NA,2025-06-16,1,0,0,0,0,0,1,0,1,9,266,Unusable
Alex Call,669743,NA,2025-08-25,1,0,0,0,0,0,3,0,0,9,257,Unusable
Henry Davis,680779,NA,2025-09-15,3,0,0,0,0,0,0,0,0,9,246,Unusable
Brandon Lockridge,663604,NA,2025-05-19,0,0,0,0,0,1,1,0,1,9,267,Unusable
Garrett Hampson,641658,NA,2025-05-26,2,0,0,0,1,0,0,0,0,9,250,Unusable
Trey Sweeney,700242,NA,2025-09-22,1,0,0,0,2,0,0,0,0,9,249,Unusable
Dalton Rushing,687221,NA,2025-06-09,1,0,0,0,2,0,0,0,0,9,256,Unusable
Connor Wong,657136,NA,2025-03-31,1,0,0,0,2,0,0,0,0,9,270,Unusable
Emmanuel Rivera,656896,NA,2025-05-12,2,0,0,0,1,0,0,0,0,9,260,Unusable
Ryan Noda,676116,NA,2025-06-23,1,0,0,0,2,0,0,0,0,9,244,Unusable
Ryan Noda,676116,NA,2025-07-28,1,0,0,0,0,0,0,1,1,9,257,Unusable
Martin Maldonado,455117,NA,2025-04-14,2,0,0,0,1,0,0,0,0,9,266,Unusable
Martin Maldonado,455117,NA,2025-04-28,1,1,0,0,0,0,0,0,0,9,258,Unusable
Martin Maldonado,455117,NA,2025-06-02,1,1,0,0,0,0,0,0,0,9,257,Unusable
Austin Hedges,595978,NA,2025-09-15,1,0,0,0,2,0,0,0,0,9,246,Unusable
Luis Campusano,669134,NA,2025-04-28,0,0,0,0,3,0,0,0,0,9,258,Unusable
Luis Torrens,620443,NA,2025-04-28,0,0,0,0,3,0,0,0,0,9,258,Unusable
Luis Torrens,620443,NA,2025-06-30,2,0,0,0,1,0,0,0,0,9,251,Unusable
Luis Torrens,620443,NA,2025-07-28,2,0,0,0,1,0,0,0,0,9,257,Unusable
Luis Torrens,620443,NA,2025-08-18,1,1,0,0,0,0,0,0,0,9,256,Unusable
Dylan Moore,664238,NA,2025-03-24,2,0,0,0,1,0,0,0,0,9,208,Unusable
Travis d'Arnaud,518595,NA,2025-05-26,1,1,0,0,0,0,0,0,0,9,250,Unusable
Vidal Brujan,660644,NA,2025-04-21,1,0,0,0,0,0,1,0,1,9,259,Unusable
Vidal Brujan,660644,NA,2025-07-07,1,1,0,0,0,0,0,0,0,9,253,Unusable
Vidal Brujan,660644,NA,2025-07-21,3,0,0,0,0,0,0,0,0,9,250,Unusable
Nick Maton,665155,NA,2025-04-14,0,1,0,0,1,0,0,0,0,9,266,Unusable
Max Schuemann,680474,NA,2025-05-05,1,0,0,0,0,0,1,0,1,9,266,Unusable
Max Schuemann,680474,NA,2025-05-26,1,0,0,0,2,0,0,0,0,9,250,Unusable
Tyler Black,672012,NA,2025-08-11,0,0,0,0,3,0,0,0,0,9,250,Unusable
Luis Urias,649966,NA,2025-03-31,2,0,0,0,1,0,0,0,0,9,270,Unusable
Luis Urias,649966,NA,2025-06-30,2,0,0,0,1,0,0,0,0,9,251,Unusable
Connor Joe,656582,NA,2025-05-19,2,0,0,0,1,0,0,0,0,9,267,Unusable
Ronny Mauricio,677595,NA,2025-09-22,1,0,0,0,2,0,0,0,0,9,249,Unusable
Drew Waters,671221,NA,2025-06-23,1,0,0,0,2,0,0,0,0,9,244,Unusable
Pedro Pages,686780,NA,2025-09-22,1,1,0,0,0,0,0,0,0,9,249,Unusable
Yuli Gurriel,493329,NA,2025-04-14,1,0,0,0,2,0,0,0,0,9,266,Unusable
Jose Trevino,624431,NA,2025-05-12,1,1,0,0,0,0,0,0,0,9,260,Unusable
Jose Trevino,624431,NA,2025-07-07,3,0,0,0,0,0,0,0,0,9,253,Unusable
Jose Trevino,624431,NA,2025-08-25,2,0,0,0,1,0,0,0,0,9,257,Unusable
Kevin Pillar,607680,NA,2025-04-14,1,1,0,0,0,0,0,0,0,9,266,Unusable
Jackson Merrill,701538,22.38,2025-06-16,0,1,0,0,0,0,1,0,0,8,267,Unusable
Jackson Merrill,701538,22.38,2025-07-14,1,0,0,0,0,1,1,0,0,8,193,Unusable
Freddie Freeman,518692,26.39,2025-04-07,1,0,0,0,0,1,1,0,0,8,268,Unusable
Rafael Devers,646240,35.39,2025-03-24,0,0,0,0,2,0,0,1,0,8,218,Unusable
Adolis Garcia,666969,49.79,2025-08-11,0,1,0,0,0,0,0,1,0,8,254,Unusable
Brenton Doyle,686668,56.73,2025-03-24,2,0,0,0,0,0,0,1,0,8,218,Unusable
Christian Yelich,592885,58.87,2025-09-01,0,0,0,0,2,0,1,0,0,8,249,Unusable
Marcus Semien,543760,65.54,2025-03-24,2,0,0,0,0,0,0,1,0,8,218,Unusable
Jasson Dominguez,691176,70.56,2025-06-02,1,0,0,0,1,0,1,0,0,8,261,Unusable
Christian Walker,572233,74.01,2025-09-15,1,0,0,0,0,1,0,1,0,8,249,Unusable
Mark Vientos,668901,83.69,2025-07-14,2,0,0,0,0,0,0,1,0,8,193,Unusable
Matt McLain,680574,91.6,2025-05-26,2,0,0,0,0,0,0,1,0,8,254,Unusable
Tyler O'Neill,641933,104.59,2025-09-08,1,0,0,0,1,0,0,1,0,8,246,Unusable
George Springer,543807,107.02,2025-07-28,0,0,0,0,1,1,1,0,0,8,262,Unusable
Joc Pederson,592626,151.33,2025-03-24,1,0,0,0,1,0,1,0,0,8,218,Unusable
Ceddanne Rafaela,678882,156.21,2025-07-14,2,0,0,0,0,0,1,0,0,8,193,Unusable
Michael Conforto,624424,163,2025-04-21,1,0,0,0,1,0,1,0,0,8,262,Unusable
Xavier Edwards,669364,165.36,2025-09-01,1,0,0,0,1,0,1,0,0,8,249,Unusable
Jake McCarthy,664983,205.86,2025-08-04,0,0,1,0,0,0,0,0,0,8,256,Unusable
Carlos Correa,621043,209.38,2025-05-12,2,0,0,0,0,0,1,0,0,8,263,Unusable
Will Smith,669257,215.77,2025-09-08,0,1,0,0,0,0,1,0,0,8,246,Unusable
Matt Shaw,807713,227.33,2025-04-07,1,0,0,0,1,0,1,0,0,8,268,Unusable
Brandon Marsh,669016,230.99,2025-04-07,0,0,0,0,2,0,1,0,0,8,268,Unusable
Yainer Diaz,673237,234.25,2025-03-24,1,0,0,0,1,0,0,1,0,8,218,Unusable
Ryan Mountcastle,663624,234.73,2025-09-08,2,0,0,0,0,0,0,1,0,8,246,Unusable
Joey Ortiz,687401,237.06,2025-03-24,2,0,0,0,0,0,1,0,0,8,218,Unusable
MJ Melendez,669004,237.22,2025-07-28,0,1,0,0,0,0,1,0,0,8,262,Unusable
Luke Raley,670042,237.24,2025-03-24,1,0,0,0,1,0,1,0,0,8,218,Unusable
Luke Raley,670042,237.24,2025-08-25,0,1,0,0,0,0,0,1,0,8,260,Unusable
Tyler Fitzgerald,666149,237.85,2025-04-28,1,0,0,0,0,1,1,0,0,8,265,Unusable
Jacob Wilson,805779,238.09,2025-07-07,1,0,0,0,0,1,1,0,0,8,259,Unusable
Christopher Morel,666624,238.29,2025-05-12,0,0,0,0,0,0,2,0,1,8,263,Unusable
Alex Verdugo,657077,238.85,2025-06-23,2,0,0,0,0,0,1,0,0,8,249,Unusable
Leody Taveras,665750,238.9,2025-06-02,1,0,0,0,1,0,0,1,0,8,261,Unusable
Jose Siri,642350,239.12,2025-09-08,0,1,0,0,0,0,1,0,0,8,246,Unusable
Coby Mayo,691723,239.19,2025-06-30,1,0,0,0,1,0,1,0,0,8,258,Unusable
Justin Turner,457759,239.35,2025-04-14,0,0,0,0,2,0,1,0,0,8,272,Unusable
Justin Turner,457759,239.35,2025-09-08,0,1,0,0,0,0,0,1,0,8,246,Unusable
Justin Turner,457759,239.35,2025-09-22,1,0,0,0,1,0,1,0,0,8,258,Unusable
Jesse Winker,608385,239.37,2025-03-24,1,0,0,0,1,0,0,1,0,8,218,Unusable
Chas McCormick,676801,239.53,2025-03-31,1,0,0,0,1,0,1,0,0,8,277,Unusable
Chas McCormick,676801,239.53,2025-08-18,0,0,0,0,2,0,1,0,0,8,260,Unusable
Josh Smith,669701,239.59,2025-09-15,2,0,0,0,0,0,0,1,0,8,249,Unusable
Adam Frazier,624428,239.6,2025-07-21,1,0,0,0,1,0,1,0,0,8,254,Unusable
Keibert Ruiz,660688,239.6,2025-06-30,2,0,0,0,0,0,0,1,0,8,258,Unusable
Ty France,664034,239.69,2025-07-14,1,0,0,0,0,1,1,0,0,8,193,Unusable
Sean Murphy,669221,239.72,2025-08-25,0,1,0,0,0,0,1,0,0,8,260,Unusable
Dominic Canzone,686527,239.73,2025-08-18,1,0,0,0,0,1,1,0,0,8,260,Unusable
Oswaldo Cabrera,665828,239.74,2025-05-12,1,0,0,0,1,0,1,0,0,8,263,Unusable
Jarred Kelenic,672284,239.76,2025-04-21,0,1,0,0,0,0,1,0,0,8,262,Unusable
Casey Schmitt,669477,239.77,2025-05-26,1,0,0,0,1,0,1,0,0,8,254,Unusable
Miguel Rojas,500743,239.78,2025-04-21,2,0,0,0,0,0,1,0,0,8,262,Unusable
Miguel Rojas,500743,239.78,2025-05-19,1,0,0,0,1,0,1,0,0,8,272,Unusable
Miguel Rojas,500743,239.78,2025-08-04,0,1,0,0,0,0,1,0,0,8,256,Unusable
Noelvi Marte,682622,239.78,2025-06-30,0,0,0,0,2,0,0,1,0,8,258,Unusable
Bo Naylor,666310,239.8,2025-03-24,2,0,0,0,0,0,0,1,0,8,218,Unusable
Bo Naylor,666310,239.8,2025-08-18,1,0,0,0,1,0,0,1,0,8,260,Unusable
Jordan Lawlar,691783,239.81,2025-05-26,0,0,0,0,2,0,1,0,0,8,254,Unusable
Gavin Sheets,657757,239.88,2025-07-14,1,0,0,0,1,0,0,1,0,8,193,Unusable
Kevin Newman,621028,239.88,2025-04-28,2,0,0,0,0,0,0,1,0,8,265,Unusable
Kevin Newman,621028,239.88,2025-06-16,2,0,0,0,0,0,1,0,0,8,267,Unusable
Kevin Newman,621028,239.88,2025-07-14,2,0,0,0,0,0,1,0,0,8,193,Unusable
Elias Diaz,553869,239.91,2025-06-16,1,0,0,0,1,0,0,1,0,8,267,Unusable
Elias Diaz,553869,239.91,2025-08-11,1,0,0,0,1,0,1,0,0,8,254,Unusable
Tyler Stephenson,663886,239.91,2025-05-12,2,0,0,0,0,0,1,0,0,8,263,Unusable
Caleb Durbin,702332,239.92,2025-05-12,0,0,0,0,0,2,0,1,0,8,263,Unusable
Jake Meyers,676694,239.95,2025-03-24,2,0,0,0,0,0,0,1,0,8,218,Unusable
Alexander Canario,672744,239.96,2025-06-02,1,0,0,0,1,0,1,0,0,8,261,Unusable
Endy Rodriguez,682848,239.97,2025-06-02,0,1,0,0,0,0,1,0,0,8,261,Unusable
Hunter Renfroe,592669,239.98,2025-04-28,0,1,0,0,0,0,1,0,0,8,265,Unusable
Will Wagner,695238,239.98,2025-08-25,1,0,0,0,1,0,1,0,0,8,260,Unusable
Will Wagner,695238,239.98,2025-09-22,1,0,0,0,1,0,1,0,0,8,258,Unusable
Starling Marte,516782,239.99,2025-03-24,1,0,0,0,0,1,1,0,0,8,218,Unusable
Davis Schneider,676914,239.99,2025-05-26,1,0,0,0,1,0,1,0,0,8,254,Unusable
Michael Massey,686681,239.99,2025-03-24,2,0,0,0,0,0,0,1,0,8,218,Unusable
Johan Rojas,679032,239.99,2025-03-24,2,0,0,0,0,0,0,1,0,8,218,Unusable
Johan Rojas,679032,239.99,2025-06-23,0,1,0,0,0,0,1,0,0,8,249,Unusable
Ke'Bryan Hayes,663647,240,2025-09-15,0,0,0,0,2,0,1,0,0,8,249,Unusable
Jose Miranda,669304,240,2025-03-24,2,0,0,0,0,0,1,0,0,8,218,Unusable
Dane Myers,667472,240,2025-05-26,0,0,0,0,2,0,1,0,0,8,254,Unusable
James Outman,681546,240,2025-08-11,0,0,1,0,0,0,0,0,0,8,254,Unusable
Mitch Garver,641598,NA,2025-06-02,1,0,0,0,1,0,1,0,0,8,261,Unusable
Yoan Moncada,660162,NA,2025-09-15,1,0,0,0,0,1,0,1,0,8,249,Unusable
Christian Moore,695681,NA,2025-07-28,1,0,0,0,1,0,1,0,0,8,262,Unusable
Matt Mervis,670223,NA,2025-03-24,1,0,0,0,1,0,1,0,0,8,218,Unusable
Matt Mervis,670223,NA,2025-04-28,1,0,0,0,0,1,1,0,0,8,265,Unusable
Matt Mervis,670223,NA,2025-05-12,0,1,0,0,0,0,1,0,0,8,263,Unusable
Joey Bart,663698,NA,2025-08-04,2,0,0,0,0,0,0,1,0,8,256,Unusable
Orlando Arcia,606115,NA,2025-09-01,0,1,0,0,0,0,1,0,0,8,249,Unusable
Isaac Collins,686555,NA,2025-04-07,1,0,0,0,1,0,1,0,0,8,268,Unusable
Luis Matos,682641,NA,2025-07-14,0,1,0,0,0,0,1,0,0,8,193,Unusable
Amed Rosario,642708,NA,2025-04-21,0,1,0,0,0,0,1,0,0,8,262,Unusable
Mark Canha,592192,NA,2025-04-14,2,0,0,0,0,0,0,1,0,8,272,Unusable
Mark Canha,592192,NA,2025-04-28,1,0,0,0,1,0,1,0,0,8,265,Unusable
David Hamilton,666152,NA,2025-05-26,0,0,0,0,0,0,1,1,1,8,254,Unusable
Tyrone Taylor,621438,NA,2025-06-23,0,1,0,0,0,0,0,1,0,8,249,Unusable
Jake Fraley,641584,NA,2025-08-04,0,1,0,0,0,0,1,0,0,8,256,Unusable
Stuart Fairchild,656413,NA,2025-05-19,2,0,0,0,0,0,1,0,0,8,272,Unusable
Jacob Melton,689200,NA,2025-08-11,2,0,0,0,0,0,0,1,0,8,254,Unusable
Jacob Melton,689200,NA,2025-09-01,0,0,0,0,0,0,2,0,1,8,249,Unusable
Colby Thomas,687515,NA,2025-06-30,0,1,0,0,0,0,1,0,0,8,258,Unusable
Addison Barger,680718,NA,2025-04-28,0,0,0,0,1,1,1,0,0,8,265,Unusable
Chris Taylor,621035,NA,2025-04-07,2,0,0,0,0,0,1,0,0,8,268,Unusable
Chris Taylor,621035,NA,2025-05-12,0,1,0,0,0,0,1,0,0,8,263,Unusable
Mike Tauchman,643565,NA,2025-03-31,1,0,0,0,1,0,1,0,0,8,277,Unusable
Kyle Isbel,664728,NA,2025-09-15,2,0,0,0,0,0,0,1,0,8,249,Unusable
Angel Martinez,682657,NA,2025-08-11,1,0,0,0,1,0,1,0,0,8,254,Unusable
Weston Wilson,642215,NA,2025-05-12,1,0,0,0,1,0,1,0,0,8,263,Unusable
Weston Wilson,642215,NA,2025-06-09,2,0,0,0,0,0,0,1,0,8,259,Unusable
Kyle Higashioka,543309,NA,2025-05-12,1,0,0,0,1,0,1,0,0,8,263,Unusable
Kyle Higashioka,543309,NA,2025-07-21,2,0,0,0,0,0,1,0,0,8,254,Unusable
Jacob Stallings,607732,NA,2025-04-28,2,0,0,0,0,0,0,1,0,8,265,Unusable
Sam Haggerty,664059,NA,2025-05-05,2,0,0,0,0,0,0,1,0,8,269,Unusable
Billy McKinney,641856,NA,2025-06-30,1,0,0,0,1,0,1,0,0,8,258,Unusable
Jonah Heim,641680,NA,2025-05-26,2,0,0,0,0,0,0,1,0,8,254,Unusable
Jonah Heim,641680,NA,2025-09-01,0,0,0,0,2,0,0,1,0,8,249,Unusable
Korey Lee,686676,NA,2025-03-24,1,0,0,0,1,0,1,0,0,8,218,Unusable
Gustavo Campero,672569,NA,2025-06-30,0,0,0,0,1,1,1,0,0,8,258,Unusable
Rowdy Tellez,642133,NA,2025-03-24,1,0,0,0,0,1,1,0,0,8,218,Unusable
Alex Call,669743,NA,2025-09-22,1,0,0,0,1,0,1,0,0,8,258,Unusable
David Fry,681807,NA,2025-06-09,0,0,0,0,1,1,1,0,0,8,259,Unusable
Miguel Amaya,665804,NA,2025-03-17,0,1,0,0,0,0,0,1,0,8,13,H2
Brandon Lockridge,663604,NA,2025-06-09,2,0,0,0,0,0,0,1,0,8,259,Unusable
Garrett Hampson,641658,NA,2025-06-23,2,0,0,0,0,0,0,1,0,8,249,Unusable
Nick Fortes,663743,NA,2025-04-07,2,0,0,0,0,0,0,1,0,8,268,Unusable
Nick Fortes,663743,NA,2025-05-05,1,0,0,0,1,0,1,0,0,8,269,Unusable
Nick Fortes,663743,NA,2025-06-30,2,0,0,0,0,0,0,1,0,8,258,Unusable
Trey Sweeney,700242,NA,2025-03-24,1,0,0,0,1,0,0,1,0,8,218,Unusable
Trey Sweeney,700242,NA,2025-08-04,1,0,0,0,1,0,1,0,0,8,256,Unusable
Trey Sweeney,700242,NA,2025-08-25,2,0,0,0,0,0,1,0,0,8,260,Unusable
Andres Chaparro,665953,NA,2025-09-15,1,0,0,0,1,0,1,0,0,8,249,Unusable
Connor Wong,657136,NA,2025-05-05,2,0,0,0,0,0,1,0,0,8,269,Unusable
Connor Wong,657136,NA,2025-06-23,1,0,0,0,1,0,0,1,0,8,249,Unusable
Connor Wong,657136,NA,2025-07-21,0,1,0,0,0,0,1,0,0,8,254,Unusable
Connor Wong,657136,NA,2025-09-22,0,0,0,0,2,0,1,0,0,8,258,Unusable
Emmanuel Rivera,656896,NA,2025-09-08,2,0,0,0,0,0,0,1,0,8,246,Unusable
Ramon Laureano,657656,NA,2025-09-22,1,0,0,0,1,0,1,0,0,8,258,Unusable
Edmundo Sosa,624641,NA,2025-04-21,2,0,0,0,0,0,1,0,0,8,262,Unusable
Martin Maldonado,455117,NA,2025-03-24,2,0,0,0,0,0,0,1,0,8,218,Unusable
Martin Maldonado,455117,NA,2025-07-28,2,0,0,0,0,0,1,0,0,8,262,Unusable
Austin Hedges,595978,NA,2025-06-16,1,0,0,0,1,0,0,1,0,8,267,Unusable
Austin Hedges,595978,NA,2025-07-07,0,1,0,0,0,0,1,0,0,8,259,Unusable
Austin Hedges,595978,NA,2025-08-18,1,0,0,0,1,0,0,1,0,8,260,Unusable
Agustin Ramirez,682663,NA,2025-04-28,0,1,0,0,0,0,1,0,0,8,265,Unusable
Luis Torrens,620443,NA,2025-09-22,2,0,0,0,0,0,1,0,0,8,258,Unusable
Andy Ibanez,628451,NA,2025-09-01,1,0,0,0,1,0,1,0,0,8,249,Unusable
Dylan Moore,664238,NA,2025-08-11,0,1,0,0,0,0,1,0,0,8,254,Unusable
Dylan Moore,664238,NA,2025-09-22,1,0,0,0,0,1,1,0,0,8,258,Unusable
Travis d'Arnaud,518595,NA,2025-08-11,0,1,0,0,0,0,0,1,0,8,254,Unusable
Travis d'Arnaud,518595,NA,2025-08-18,0,1,0,0,0,0,1,0,0,8,260,Unusable
Derek Hill,656537,NA,2025-08-11,2,0,0,0,0,0,0,1,0,8,254,Unusable
Vidal Brujan,660644,NA,2025-08-11,0,0,0,0,2,0,1,0,0,8,254,Unusable
Max Schuemann,680474,NA,2025-08-18,1,0,0,0,1,0,0,1,0,8,260,Unusable
Kyle Farmer,571657,NA,2025-06-16,2,0,0,0,0,0,1,0,0,8,267,Unusable
Kyle Farmer,571657,NA,2025-06-30,0,0,0,0,0,2,1,0,0,8,258,Unusable
Kyle Farmer,571657,NA,2025-09-15,2,0,0,0,0,0,0,1,0,8,249,Unusable
Kevin Alcantara,682634,NA,2025-09-01,1,0,0,0,1,0,1,0,0,8,249,Unusable
Luis Urias,649966,NA,2025-04-07,1,0,0,0,1,0,0,1,0,8,268,Unusable
Luis Urias,649966,NA,2025-06-23,2,0,0,0,0,0,0,1,0,8,249,Unusable
Sam Hilliard,656541,NA,2025-06-23,1,0,0,0,1,0,1,0,0,8,249,Unusable
Josh Rojas,668942,NA,2025-07-14,0,1,0,0,0,0,0,1,0,8,193,Unusable
Josh Rojas,668942,NA,2025-07-21,0,0,0,0,2,0,1,0,0,8,254,Unusable
Adrian Del Castillo,680728,NA,2025-07-28,1,0,0,0,1,0,0,1,0,8,262,Unusable
Adrian Del Castillo,680728,NA,2025-08-18,2,0,0,0,0,0,0,1,0,8,260,Unusable
Adrian Del Castillo,680728,NA,2025-09-01,2,0,0,0,0,0,1,0,0,8,249,Unusable
Gio Urshela,570482,NA,2025-05-19,1,0,0,0,1,0,0,1,0,8,272,Unusable
Gio Urshela,570482,NA,2025-07-28,1,0,0,0,1,0,1,0,0,8,262,Unusable
Gio Urshela,570482,NA,2025-08-11,2,0,0,0,0,0,0,1,0,8,254,Unusable
Ronny Mauricio,677595,NA,2025-06-16,2,0,0,0,0,0,0,1,0,8,267,Unusable
Ronny Mauricio,677595,NA,2025-08-04,2,0,0,0,0,0,0,1,0,8,256,Unusable
Drew Waters,671221,NA,2025-04-07,2,0,0,0,0,0,1,0,0,8,268,Unusable
Jake Bauers,641343,NA,2025-06-16,1,0,0,0,1,0,1,0,0,8,267,Unusable
Jake Bauers,641343,NA,2025-08-18,0,0,0,0,1,1,1,0,0,8,260,Unusable
Jorge Mateo,622761,NA,2025-04-07,0,0,0,0,0,0,0,0,2,8,268,Unusable
Jose Iglesias,578428,NA,2025-05-19,2,0,0,0,0,0,1,0,0,8,272,Unusable
Jose Iglesias,578428,NA,2025-06-30,1,0,0,0,1,0,1,0,0,8,258,Unusable
Jose Trevino,624431,NA,2025-06-23,2,0,0,0,0,0,1,0,0,8,249,Unusable
Jose Trevino,624431,NA,2025-07-28,0,1,0,0,0,0,1,0,0,8,262,Unusable
Oscar Gonzalez,660757,NA,2025-04-28,1,0,0,0,1,0,1,0,0,8,265,Unusable
Richie Palacios,680700,NA,2025-09-01,1,0,0,0,1,0,1,0,0,8,249,Unusable
Michael Harris II,671739,42.59,2025-06-23,0,0,0,0,0,1,1,1,0,7,257,Unusable
Corey Seager,608369,43.68,2025-04-21,1,0,0,0,0,0,2,0,0,7,267,Unusable
Brenton Doyle,686668,56.73,2025-06-02,1,0,0,0,0,0,1,1,0,7,266,Unusable
Spencer Steer,668715,80.57,2025-09-08,1,0,0,0,0,0,0,0,1,7,252,Unusable
Victor Robles,645302,198.36,2025-09-22,0,0,0,0,0,1,2,0,0,7,265,Unusable
Jordan Walker,691023,219.58,2025-06-16,1,0,0,0,0,0,2,0,0,7,274,Unusable
Zack Gelof,680869,225.25,2025-06-30,0,0,0,0,1,0,1,1,0,7,267,Unusable
Michael Busch,683737,226.9,2025-03-17,0,0,0,0,1,0,0,0,1,7,14,H2
Austin Wells,669224,234.46,2025-07-14,1,0,0,0,0,0,1,1,0,7,201,Unusable
Luke Raley,670042,237.24,2025-09-08,0,0,0,0,0,1,2,0,0,7,252,Unusable
Heston Kjerstad,677008,238.03,2025-03-24,0,0,0,0,0,1,1,1,0,7,237,Unusable
Hyeseong Kim,808975,238.24,2025-05-19,1,0,0,0,0,0,0,0,1,7,276,Unusable
Hyeseong Kim,808975,238.24,2025-09-08,0,0,0,0,1,0,0,0,1,7,252,Unusable
Christopher Morel,666624,238.29,2025-07-07,0,0,0,0,1,0,0,0,1,7,261,Unusable
Jhonkensy Noel,678877,238.56,2025-05-19,1,0,0,0,0,0,2,0,0,7,276,Unusable
Coby Mayo,691723,239.19,2025-05-26,1,0,0,0,0,0,1,1,0,7,261,Unusable
Jerar Encarnacion,666464,239.3,2025-06-02,1,0,0,0,0,0,0,0,1,7,266,Unusable
Tyler Freeman,671289,239.42,2025-04-07,0,0,0,0,1,0,0,0,1,7,277,Unusable
Matt Vierling,663837,239.52,2025-05-19,1,0,0,0,0,0,0,2,0,7,276,Unusable
Chas McCormick,676801,239.53,2025-07-14,1,0,0,0,0,0,2,0,0,7,201,Unusable
Luisangel Acuna,682668,239.64,2025-03-24,0,0,0,0,1,0,0,0,1,7,237,Unusable
Luisangel Acuna,682668,239.64,2025-06-02,1,0,0,0,0,0,2,0,0,7,266,Unusable
Casey Schmitt,669477,239.77,2025-04-14,1,0,0,0,0,0,0,2,0,7,274,Unusable
Vinny Capra,681962,239.86,2025-05-05,1,0,0,0,0,0,0,0,1,7,272,Unusable
Vinny Capra,681962,239.86,2025-06-02,1,0,0,0,0,0,1,1,0,7,266,Unusable
Kevin Newman,621028,239.88,2025-04-14,1,0,0,0,0,0,2,0,0,7,274,Unusable
Elias Diaz,553869,239.91,2025-07-21,1,0,0,0,0,0,1,1,0,7,258,Unusable
Alexander Canario,672744,239.96,2025-09-01,1,0,0,0,0,0,0,2,0,7,258,Unusable
Jace Jung,690291,239.98,2025-05-05,1,0,0,0,0,0,1,1,0,7,272,Unusable
Davis Schneider,676914,239.99,2025-08-18,1,0,0,0,0,0,0,0,1,7,268,Unusable
Johan Rojas,679032,239.99,2025-07-14,0,0,0,0,1,0,1,1,0,7,201,Unusable
Patrick Bailey,672275,240,2025-03-24,1,0,0,0,0,0,1,1,0,7,237,Unusable
Blake Perkins,663368,NA,2025-08-18,0,0,0,0,1,0,1,1,0,7,268,Unusable
Mauricio Dubon,643289,NA,2025-09-08,1,0,0,0,0,0,0,2,0,7,252,Unusable
David Hamilton,666152,NA,2025-05-19,1,0,0,0,0,0,0,0,1,7,276,Unusable
Chris Taylor,621035,NA,2025-04-14,1,0,0,0,0,0,1,1,0,7,274,Unusable
Javier Baez,595879,NA,2025-07-14,1,0,0,0,0,0,0,0,1,7,201,Unusable
Ezequiel Duran,677649,NA,2025-06-23,0,0,0,0,1,0,0,0,1,7,257,Unusable
Jacob Stallings,607732,NA,2025-07-21,1,0,0,0,0,0,1,1,0,7,258,Unusable
Korey Lee,686676,NA,2025-05-26,1,0,0,0,0,0,2,0,0,7,261,Unusable
Jon Berti,542932,NA,2025-06-23,1,0,0,0,0,0,0,0,1,7,257,Unusable
David Fry,681807,NA,2025-08-11,1,0,0,0,0,0,1,1,0,7,264,Unusable
Trey Sweeney,700242,NA,2025-09-08,1,0,0,0,0,0,1,1,0,7,252,Unusable
Edmundo Sosa,624641,NA,2025-04-14,0,0,0,0,1,0,0,2,0,7,274,Unusable
Edmundo Sosa,624641,NA,2025-05-05,1,0,0,0,0,0,1,1,0,7,272,Unusable
Andy Ibanez,628451,NA,2025-08-04,1,0,0,0,0,0,1,1,0,7,262,Unusable
Dylan Carlson,666185,NA,2025-03-31,0,0,0,0,1,0,1,1,0,7,279,Unusable
Johnathan Rodriguez,671286,NA,2025-07-07,1,0,0,0,0,0,0,2,0,7,261,Unusable
Gio Urshela,570482,NA,2025-06-30,1,0,0,0,0,0,1,1,0,7,267,Unusable
Jonatan Clase,682729,NA,2025-05-12,1,0,0,0,0,0,0,0,1,7,272,Unusable
Luke Williams,663897,NA,2025-06-02,0,0,0,0,0,1,0,0,1,7,266,Unusable
Luke Williams,663897,NA,2025-09-01,1,0,0,0,0,0,0,0,1,7,258,Unusable
Austin Riley,663586,30.75,2025-07-21,0,0,0,0,2,0,0,0,0,6,260,Unusable
Mike Trout,545361,36.46,2025-04-28,2,0,0,0,0,0,0,0,0,6,274,Unusable
Ketel Marte,606466,37.6,2025-04-28,1,0,0,0,1,0,0,0,0,6,274,Unusable
Corey Seager,608369,43.68,2025-05-26,2,0,0,0,0,0,0,0,0,6,263,Unusable
Brenton Doyle,686668,56.73,2025-09-08,0,1,0,0,0,0,0,0,0,6,257,Unusable
Christian Yelich,592885,58.87,2025-07-14,2,0,0,0,0,0,0,0,0,6,205,Unusable
Colton Cowser,681297,70.73,2025-06-09,1,0,0,0,1,0,0,0,0,6,262,Unusable
Colton Cowser,681297,70.73,2025-08-04,0,1,0,0,0,0,0,0,0,6,263,Unusable
Matt Chapman,656305,93.14,2025-08-11,1,0,0,0,1,0,0,0,0,6,265,Unusable
Triston Casas,671213,99,2025-03-24,1,0,0,0,1,0,0,0,0,6,240,Unusable
Jordan Westburg,676059,108.66,2025-06-23,0,1,0,0,0,0,0,0,0,6,260,Unusable
JJ Bleday,668709,111.18,2025-09-08,1,0,0,0,1,0,0,0,0,6,257,Unusable
Adley Rutschman,668939,112.59,2025-05-26,1,0,0,0,1,0,0,0,0,6,263,Unusable
Kerry Carpenter,681481,130.48,2025-06-09,1,0,0,0,0,1,0,0,0,6,262,Unusable
Kerry Carpenter,681481,130.48,2025-09-22,2,0,0,0,0,0,0,0,0,6,266,Unusable
Michael Toglia,669911,138.78,2025-05-26,1,0,0,0,1,0,0,0,0,6,263,Unusable
Nolan Jones,666134,157.02,2025-04-28,0,0,0,0,2,0,0,0,0,6,274,Unusable
Max Muncy,691777,161.48,2025-09-22,1,0,0,0,1,0,0,0,0,6,266,Unusable
Michael Conforto,624424,163,2025-07-14,1,0,0,0,1,0,0,0,0,6,205,Unusable
Masyn Winn,691026,166.08,2025-03-24,0,0,0,0,2,0,0,0,0,6,240,Unusable
Willson Contreras,575929,182.14,2025-08-11,0,0,0,0,1,1,0,0,0,6,265,Unusable
Evan Carter,694497,197.41,2025-07-14,0,0,0,0,2,0,0,0,0,6,205,Unusable
Victor Robles,645302,198.36,2025-08-25,1,0,0,0,1,0,0,0,0,6,264,Unusable
Bryson Stott,681082,202.3,2025-07-14,0,0,0,0,2,0,0,0,0,6,205,Unusable
Michael Busch,683737,226.9,2025-09-01,0,0,0,0,2,0,0,0,0,6,260,Unusable
Nolan Arenado,571448,227.39,2025-07-14,0,1,0,0,0,0,0,0,0,6,205,Unusable
Nolan Arenado,571448,227.39,2025-07-28,2,0,0,0,0,0,0,0,0,6,269,Unusable
Yainer Diaz,673237,234.25,2025-03-31,1,0,0,0,1,0,0,0,0,6,280,Unusable
Yainer Diaz,673237,234.25,2025-08-25,0,1,0,0,0,0,0,0,0,6,264,Unusable
Colt Keith,690993,235.65,2025-03-24,0,0,0,0,2,0,0,0,0,6,240,Unusable
Colt Keith,690993,235.65,2025-07-14,0,0,0,0,2,0,0,0,0,6,205,Unusable
Sal Frelick,686217,236.71,2025-05-05,1,0,0,0,1,0,0,0,0,6,275,Unusable
Andrew Vaughn,683734,236.76,2025-03-24,0,1,0,0,0,0,0,0,0,6,240,Unusable
Kyle Manzardo,700932,237.05,2025-06-30,2,0,0,0,0,0,0,0,0,6,269,Unusable
Heston Kjerstad,677008,238.03,2025-04-21,1,0,0,0,0,1,0,0,0,6,268,Unusable
Masataka Yoshida,807799,238.11,2025-07-14,2,0,0,0,0,0,0,0,0,6,205,Unusable
Christopher Morel,666624,238.29,2025-08-25,0,1,0,0,0,0,0,0,0,6,264,Unusable
Tommy Pham,502054,238.55,2025-04-28,2,0,0,0,0,0,0,0,0,6,274,Unusable
Tommy Pham,502054,238.55,2025-06-09,0,0,0,0,2,0,0,0,0,6,262,Unusable
Mike Yastrzemski,573262,238.77,2025-03-24,2,0,0,0,0,0,0,0,0,6,240,Unusable
Justin Turner,457759,239.35,2025-09-01,1,0,0,0,1,0,0,0,0,6,260,Unusable
Jacob Young,696285,239.49,2025-06-02,2,0,0,0,0,0,0,0,0,6,271,Unusable
Chas McCormick,676801,239.53,2025-03-24,1,0,0,0,1,0,0,0,0,6,240,Unusable
Adam Frazier,624428,239.6,2025-09-08,2,0,0,0,0,0,0,0,0,6,257,Unusable
Jeff McNeil,643446,239.75,2025-04-21,2,0,0,0,0,0,0,0,0,6,268,Unusable
Jarred Kelenic,672284,239.76,2025-03-31,2,0,0,0,0,0,0,0,0,6,280,Unusable
Casey Schmitt,669477,239.77,2025-06-02,1,0,0,0,1,0,0,0,0,6,271,Unusable
Miguel Rojas,500743,239.78,2025-03-17,1,0,0,0,1,0,0,0,0,6,15,H2
Elias Diaz,553869,239.91,2025-09-01,2,0,0,0,0,0,0,0,0,6,260,Unusable
Nolan Gorman,669357,239.92,2025-05-12,1,0,0,0,1,0,0,0,0,6,273,Unusable
Curtis Mead,678554,239.94,2025-04-14,0,0,0,0,1,1,0,0,0,6,278,Unusable
Curtis Mead,678554,239.94,2025-05-05,2,0,0,0,0,0,0,0,0,6,275,Unusable
Curtis Mead,678554,239.94,2025-06-23,1,0,0,0,1,0,0,0,0,6,260,Unusable
Hunter Renfroe,592669,239.98,2025-04-07,1,0,0,0,1,0,0,0,0,6,278,Unusable
Hunter Renfroe,592669,239.98,2025-05-05,2,0,0,0,0,0,0,0,0,6,275,Unusable
Davis Schneider,676914,239.99,2025-03-31,0,0,0,0,1,1,0,0,0,6,280,Unusable
Davis Schneider,676914,239.99,2025-06-23,0,0,0,0,2,0,0,0,0,6,260,Unusable
Davis Schneider,676914,239.99,2025-07-14,0,0,0,0,2,0,0,0,0,6,205,Unusable
Jose Miranda,669304,240,2025-04-07,2,0,0,0,0,0,0,0,0,6,278,Unusable
Dane Myers,667472,240,2025-08-25,1,0,0,0,1,0,0,0,0,6,264,Unusable
Patrick Bailey,672275,240,2025-07-14,2,0,0,0,0,0,0,0,0,6,205,Unusable
Mitch Garver,641598,NA,2025-03-24,1,0,0,0,1,0,0,0,0,6,240,Unusable
Jack Suwinski,669261,NA,2025-04-14,2,0,0,0,0,0,0,0,0,6,278,Unusable
Orlando Arcia,606115,NA,2025-03-24,2,0,0,0,0,0,0,0,0,6,240,Unusable
Isaac Collins,686555,NA,2025-09-15,0,0,0,0,2,0,0,0,0,6,256,Unusable
Tim Anderson,641313,NA,2025-05-05,1,0,0,0,1,0,0,0,0,6,275,Unusable
Mickey Moniak,666160,NA,2025-05-12,2,0,0,0,0,0,0,0,0,6,273,Unusable
Amed Rosario,642708,NA,2025-06-09,1,0,0,0,1,0,0,0,0,6,262,Unusable
Randal Grichuk,545341,NA,2025-06-02,1,0,0,0,1,0,0,0,0,6,271,Unusable
Randal Grichuk,545341,NA,2025-09-01,1,0,0,0,1,0,0,0,0,6,260,Unusable
Mauricio Dubon,643289,NA,2025-03-31,0,1,0,0,0,0,0,0,0,6,280,Unusable
Mauricio Dubon,643289,NA,2025-04-21,2,0,0,0,0,0,0,0,0,6,268,Unusable
Mark Canha,592192,NA,2025-06-09,1,0,0,0,0,1,0,0,0,6,262,Unusable
David Hamilton,666152,NA,2025-09-08,1,0,0,0,1,0,0,0,0,6,257,Unusable
Jake Fraley,641584,NA,2025-09-01,1,0,0,0,1,0,0,0,0,6,260,Unusable
Everson Pereira,677592,NA,2025-09-01,1,0,0,0,1,0,0,0,0,6,260,Unusable
Stuart Fairchild,656413,NA,2025-05-26,1,0,0,0,1,0,0,0,0,6,263,Unusable
Stuart Fairchild,656413,NA,2025-06-30,2,0,0,0,0,0,0,0,0,6,269,Unusable
Will Brennan,686823,NA,2025-05-19,1,0,0,0,1,0,0,0,0,6,280,Unusable
Seth Brown,664913,NA,2025-04-21,0,1,0,0,0,0,0,0,0,6,268,Unusable
Seth Brown,664913,NA,2025-06-02,1,0,0,0,1,0,0,0,0,6,271,Unusable
Colby Thomas,687515,NA,2025-07-28,0,0,0,0,2,0,0,0,0,6,269,Unusable
Colby Thomas,687515,NA,2025-09-15,2,0,0,0,0,0,0,0,0,6,256,Unusable
Kyle Isbel,664728,NA,2025-09-08,1,0,0,0,1,0,0,0,0,6,257,Unusable
Weston Wilson,642215,NA,2025-05-26,0,0,0,0,2,0,0,0,0,6,263,Unusable
Weston Wilson,642215,NA,2025-07-28,0,1,0,0,0,0,0,0,0,6,269,Unusable
Kyle Higashioka,543309,NA,2025-04-07,2,0,0,0,0,0,0,0,0,6,278,Unusable
Kyle Higashioka,543309,NA,2025-08-04,2,0,0,0,0,0,0,0,0,6,263,Unusable
Jonah Heim,641680,NA,2025-07-14,0,1,0,0,0,0,0,0,0,6,205,Unusable
Jon Berti,542932,NA,2025-05-26,0,0,0,0,0,0,1,0,1,6,263,Unusable
David Fry,681807,NA,2025-08-18,0,0,0,0,1,1,0,0,0,6,270,Unusable
Jose Caballero,676609,NA,2025-08-04,0,1,0,0,0,0,0,0,0,6,263,Unusable
Garrett Hampson,641658,NA,2025-06-02,0,1,0,0,0,0,0,0,0,6,271,Unusable
Garrett Hampson,641658,NA,2025-07-07,0,0,0,0,0,0,1,0,1,6,263,Unusable
Nick Fortes,663743,NA,2025-05-26,0,0,0,0,2,0,0,0,0,6,263,Unusable
Nick Fortes,663743,NA,2025-07-21,0,1,0,0,0,0,0,0,0,6,260,Unusable
Trey Sweeney,700242,NA,2025-06-09,0,1,0,0,0,0,0,0,0,6,262,Unusable
Andres Chaparro,665953,NA,2025-06-09,0,1,0,0,0,0,0,0,0,6,262,Unusable
Connor Wong,657136,NA,2025-05-12,1,0,0,0,1,0,0,0,0,6,273,Unusable
Ramon Laureano,657656,NA,2025-03-31,1,0,0,0,1,0,0,0,0,6,280,Unusable
Ryan Noda,676116,NA,2025-06-09,0,0,0,0,2,0,0,0,0,6,262,Unusable
Austin Hedges,595978,NA,2025-04-21,1,0,0,0,1,0,0,0,0,6,268,Unusable
Luis Torrens,620443,NA,2025-06-16,2,0,0,0,0,0,0,0,0,6,275,Unusable
Dylan Carlson,666185,NA,2025-09-08,1,0,0,0,1,0,0,0,0,6,257,Unusable
Dylan Moore,664238,NA,2025-06-16,1,0,0,0,1,0,0,0,0,6,275,Unusable
Dylan Moore,664238,NA,2025-07-14,0,0,0,0,0,0,0,1,1,6,205,Unusable
Travis d'Arnaud,518595,NA,2025-08-04,1,0,0,0,1,0,0,0,0,6,263,Unusable
Vidal Brujan,660644,NA,2025-04-14,0,1,0,0,0,0,0,0,0,6,278,Unusable
Vidal Brujan,660644,NA,2025-06-09,0,0,0,0,0,0,1,0,1,6,262,Unusable
Ramon Urias,602104,NA,2025-04-07,2,0,0,0,0,0,0,0,0,6,278,Unusable
Jason Heyward,518792,NA,2025-05-12,1,0,0,0,1,0,0,0,0,6,273,Unusable
Max Schuemann,680474,NA,2025-07-14,2,0,0,0,0,0,0,0,0,6,205,Unusable
Max Schuemann,680474,NA,2025-08-11,0,0,0,0,1,1,0,0,0,6,265,Unusable
Max Schuemann,680474,NA,2025-09-15,2,0,0,0,0,0,0,0,0,6,256,Unusable
Kyle Farmer,571657,NA,2025-05-26,2,0,0,0,0,0,0,0,0,6,263,Unusable
Josh Rojas,668942,NA,2025-05-12,2,0,0,0,0,0,0,0,0,6,273,Unusable
Connor Joe,656582,NA,2025-07-14,1,0,0,0,1,0,0,0,0,6,205,Unusable
Adrian Del Castillo,680728,NA,2025-07-21,2,0,0,0,0,0,0,0,0,6,260,Unusable
Gio Urshela,570482,NA,2025-05-05,1,0,0,0,1,0,0,0,0,6,275,Unusable
Ronny Mauricio,677595,NA,2025-09-08,1,0,0,0,1,0,0,0,0,6,257,Unusable
Jake Bauers,641343,NA,2025-06-23,0,0,0,0,2,0,0,0,0,6,260,Unusable
Pedro Pages,686780,NA,2025-06-09,2,0,0,0,0,0,0,0,0,6,262,Unusable
Jorge Mateo,622761,NA,2025-03-31,0,0,0,0,0,0,1,0,1,6,280,Unusable
Jorge Mateo,622761,NA,2025-04-14,0,1,0,0,0,0,0,0,0,6,278,Unusable
Jorge Mateo,622761,NA,2025-04-28,0,1,0,0,0,0,0,0,0,6,274,Unusable
Thomas Saggese,695336,NA,2025-04-21,0,0,0,0,2,0,0,0,0,6,268,Unusable
Thomas Saggese,695336,NA,2025-06-16,2,0,0,0,0,0,0,0,0,6,275,Unusable
Thomas Saggese,695336,NA,2025-07-14,0,1,0,0,0,0,0,0,0,6,205,Unusable
Luke Williams,663897,NA,2025-05-12,0,0,0,0,0,0,1,0,1,6,273,Unusable
Jose Iglesias,578428,NA,2025-05-12,2,0,0,0,0,0,0,0,0,6,273,Unusable
Jose Trevino,624431,NA,2025-09-08,2,0,0,0,0,0,0,0,0,6,257,Unusable
Andrew Knizner,668800,NA,2025-09-15,1,0,0,0,0,1,0,0,0,6,256,Unusable
Jose Ramirez,608070,8.37,2025-03-24,0,0,0,0,1,0,0,1,0,5,248,Unusable
Yordan Alvarez,670541,9.59,2025-09-15,0,0,0,0,1,0,1,0,0,5,260,Unusable
Mookie Betts,605141,16.08,2025-07-14,1,0,0,0,0,0,1,0,0,5,219,Unusable
Francisco Lindor,596019,17.8,2025-03-24,0,0,0,0,0,1,0,1,0,5,248,Unusable
Adolis Garcia,666969,49.79,2025-09-15,1,0,0,0,0,0,0,1,0,5,260,Unusable
Ozzie Albies,645277,58.95,2025-09-22,1,0,0,0,0,0,1,0,0,5,268,Unusable
Christian Walker,572233,74.01,2025-03-24,1,0,0,0,0,0,1,0,0,5,248,Unusable
Willy Adames,642715,76.34,2025-03-24,1,0,0,0,0,0,0,1,0,5,248,Unusable
Lane Thomas,657041,93.37,2025-05-19,0,0,0,0,1,0,0,1,0,5,281,Unusable
JJ Bleday,668709,111.18,2025-06-23,0,0,0,0,1,0,1,0,0,5,264,Unusable
Ezequiel Tovar,678662,111.22,2025-06-02,1,0,0,0,0,0,1,0,0,5,276,Unusable
Kerry Carpenter,681481,130.48,2025-03-24,1,0,0,0,0,0,0,1,0,5,248,Unusable
Byron Buxton,621439,140.84,2025-03-24,1,0,0,0,0,0,0,1,0,5,248,Unusable
Max Muncy,571970,161.48,2025-06-30,0,0,0,0,1,0,1,0,0,5,271,Unusable
Michael Conforto,624424,163,2025-06-16,1,0,0,0,0,0,1,0,0,5,278,Unusable
Luis Arraez,650333,168.81,2025-03-24,0,0,0,0,1,0,0,1,0,5,248,Unusable
Rhys Hoskins,656555,172.72,2025-09-08,1,0,0,0,0,0,0,1,0,5,265,Unusable
Lars Nootbaar,663457,186.05,2025-07-28,1,0,0,0,0,0,0,1,0,5,272,Unusable
Jo Adell,666176,198.16,2025-04-28,1,0,0,0,0,0,1,0,0,5,279,Unusable
Jake McCarthy,664983,205.86,2025-04-14,0,0,0,0,1,0,1,0,0,5,282,Unusable
Jake McCarthy,664983,205.86,2025-08-25,1,0,0,0,0,0,1,0,0,5,268,Unusable
Austin Hays,669720,212.98,2025-04-28,0,0,0,0,1,0,1,0,0,5,279,Unusable
Brandon Lowe,664040,213.94,2025-07-14,1,0,0,0,0,0,1,0,0,5,219,Unusable
Zack Gelof,680869,225.25,2025-09-15,0,0,0,0,1,0,1,0,0,5,260,Unusable
Matt Shaw,807713,227.33,2025-03-17,1,0,0,0,0,0,1,0,0,5,16,H2
Yainer Diaz,673237,234.25,2025-07-14,1,0,0,0,0,0,0,1,0,5,219,Unusable
Austin Wells,669224,234.46,2025-08-11,1,0,0,0,0,0,1,0,0,5,268,Unusable
Hyeseong Kim,808975,238.24,2025-09-01,1,0,0,0,0,0,1,0,0,5,266,Unusable
Christopher Morel,666624,238.29,2025-06-23,1,0,0,0,0,0,1,0,0,5,264,Unusable
Tommy Pham,502054,238.55,2025-09-15,0,0,0,0,1,0,1,0,0,5,260,Unusable
Jhonkensy Noel,678877,238.56,2025-03-24,1,0,0,0,0,0,0,1,0,5,248,Unusable
Jhonkensy Noel,678877,238.56,2025-05-26,1,0,0,0,0,0,1,0,0,5,271,Unusable
Logan O'Hoppe,681351,238.67,2025-06-02,1,0,0,0,0,0,0,1,0,5,276,Unusable
Trevor Story,596115,238.76,2025-07-14,0,0,0,0,1,0,1,0,0,5,219,Unusable
Myles Straw,664702,238.89,2025-07-14,0,0,0,0,1,0,1,0,0,5,219,Unusable
Myles Straw,664702,238.89,2025-09-15,1,0,0,0,0,0,1,0,0,5,260,Unusable
Justin Turner,457759,239.35,2025-04-28,1,0,0,0,0,0,0,1,0,5,279,Unusable
Justin Turner,457759,239.35,2025-06-16,0,0,0,0,1,0,1,0,0,5,278,Unusable
Tyler Freeman,671289,239.42,2025-03-24,0,0,0,0,0,1,1,0,0,5,248,Unusable
Jacob Young,696285,239.49,2025-03-31,0,0,0,0,1,0,1,0,0,5,286,Unusable
Chas McCormick,676801,239.53,2025-05-12,0,0,0,0,1,0,1,0,0,5,280,Unusable
Brett Baty,683146,239.56,2025-06-16,0,0,0,0,1,0,1,0,0,5,278,Unusable
Josh Smith,669701,239.59,2025-07-14,0,0,0,0,1,0,1,0,0,5,219,Unusable
Ty France,664034,239.69,2025-06-30,1,0,0,0,0,0,1,0,0,5,271,Unusable
Jonah Bride,681146,239.69,2025-05-05,1,0,0,0,0,0,1,0,0,5,280,Unusable
Miguel Rojas,500743,239.78,2025-06-02,0,0,0,0,1,0,1,0,0,5,276,Unusable
Bo Naylor,666310,239.8,2025-07-14,0,0,0,0,1,0,1,0,0,5,219,Unusable
Vinny Capra,681962,239.86,2025-03-31,1,0,0,0,0,0,0,1,0,5,286,Unusable
Vinny Capra,681962,239.86,2025-04-07,0,0,0,0,0,1,1,0,0,5,282,Unusable
Gavin Sheets,657757,239.88,2025-08-04,0,0,0,0,1,0,1,0,0,5,267,Unusable
Kevin Newman,621028,239.88,2025-04-07,1,0,0,0,0,0,1,0,0,5,282,Unusable
Ryan O'Hearn,656811,239.89,2025-03-31,0,0,0,0,1,0,1,0,0,5,286,Unusable
Tyler Stephenson,663886,239.91,2025-08-11,0,0,0,0,0,1,1,0,0,5,268,Unusable
Nolan Gorman,669357,239.92,2025-09-15,0,0,0,0,1,0,1,0,0,5,260,Unusable
Manuel Margot,622534,239.94,2025-03-31,1,0,0,0,0,0,1,0,0,5,286,Unusable
Brooks Lee,686797,239.95,2025-04-07,1,0,0,0,0,0,0,1,0,5,282,Unusable
Brooks Lee,686797,239.95,2025-07-14,0,0,0,0,1,0,1,0,0,5,219,Unusable
Alexander Canario,672744,239.96,2025-06-09,0,0,0,0,1,0,0,1,0,5,272,Unusable
Alexander Canario,672744,239.96,2025-07-07,1,0,0,0,0,0,0,1,0,5,264,Unusable
Alexander Canario,672744,239.96,2025-07-28,0,0,0,0,1,0,1,0,0,5,272,Unusable
Joey Loperfido,694388,239.98,2025-06-30,1,0,0,0,0,0,0,1,0,5,271,Unusable
Starling Marte,516782,239.99,2025-09-01,1,0,0,0,0,0,0,1,0,5,266,Unusable
Starling Marte,516782,239.99,2025-09-22,1,0,0,0,0,0,1,0,0,5,268,Unusable
Jorge Polanco,593871,239.99,2025-05-26,1,0,0,0,0,0,1,0,0,5,271,Unusable
Will Benson,666181,239.99,2025-08-11,0,0,0,0,1,0,1,0,0,5,268,Unusable
Will Benson,666181,239.99,2025-08-18,0,0,0,0,1,0,1,0,0,5,271,Unusable
Johan Rojas,679032,239.99,2025-04-07,0,0,0,0,1,0,0,1,0,5,282,Unusable
Dane Myers,667472,240,2025-04-21,1,0,0,0,0,0,1,0,0,5,274,Unusable
James Outman,681546,240,2025-07-21,0,0,0,0,0,1,1,0,0,5,263,Unusable
Marcelo Mayer,691785,NA,2025-07-21,0,0,0,0,1,0,1,0,0,5,263,Unusable
Mitch Garver,641598,NA,2025-07-28,0,0,0,0,1,0,0,1,0,5,272,Unusable
Mitch Garver,641598,NA,2025-09-15,0,0,0,0,1,0,0,1,0,5,260,Unusable
Joey Bart,663698,NA,2025-06-30,1,0,0,0,0,0,1,0,0,5,271,Unusable
Orlando Arcia,606115,NA,2025-08-11,1,0,0,0,0,0,0,1,0,5,268,Unusable
Orlando Arcia,606115,NA,2025-09-22,0,0,0,0,1,0,1,0,0,5,268,Unusable
Miguel Andujar,609280,NA,2025-09-08,1,0,0,0,0,0,0,1,0,5,265,Unusable
Liover Peguero,678894,NA,2025-09-01,1,0,0,0,0,0,0,1,0,5,266,Unusable
Luis Matos,682641,NA,2025-05-12,0,0,0,0,1,0,1,0,0,5,280,Unusable
Amed Rosario,642708,NA,2025-04-14,1,0,0,0,0,0,1,0,0,5,282,Unusable
David Hamilton,666152,NA,2025-08-04,0,0,0,0,1,0,1,0,0,5,267,Unusable
Tyrone Taylor,621438,NA,2025-06-30,0,0,0,0,1,0,1,0,0,5,271,Unusable
Tyrone Taylor,621438,NA,2025-07-14,1,0,0,0,0,0,1,0,0,5,219,Unusable
Tyrone Taylor,621438,NA,2025-08-04,1,0,0,0,0,0,0,1,0,5,267,Unusable
Jake Fraley,641584,NA,2025-06-23,0,0,0,0,0,1,1,0,0,5,264,Unusable
Chris Taylor,621035,NA,2025-04-21,1,0,0,0,0,0,1,0,0,5,274,Unusable
Javier Baez,595879,NA,2025-08-25,1,0,0,0,0,0,1,0,0,5,268,Unusable
Trent Grisham,663757,NA,2025-04-07,1,0,0,0,0,0,1,0,0,5,282,Unusable
Angel Martinez,682657,NA,2025-07-28,1,0,0,0,0,0,1,0,0,5,272,Unusable
Weston Wilson,642215,NA,2025-04-21,1,0,0,0,0,0,1,0,0,5,274,Unusable
Ezequiel Duran,677649,NA,2025-05-12,1,0,0,0,0,0,1,0,0,5,280,Unusable
Korey Lee,686676,NA,2025-09-01,0,0,0,0,1,0,1,0,0,5,266,Unusable
Rowdy Tellez,642133,NA,2025-03-31,0,0,0,0,1,0,0,1,0,5,286,Unusable
Jon Berti,542932,NA,2025-03-24,1,0,0,0,0,0,1,0,0,5,248,Unusable
Jon Berti,542932,NA,2025-05-05,1,0,0,0,0,0,0,1,0,5,280,Unusable
Jon Berti,542932,NA,2025-05-19,1,0,0,0,0,0,1,0,0,5,281,Unusable
Ji Hwan Bae,678225,NA,2025-09-01,0,0,0,0,1,0,1,0,0,5,266,Unusable
Alex Call,669743,NA,2025-04-14,1,0,0,0,0,0,0,1,0,5,282,Unusable
Alex Call,669743,NA,2025-07-28,0,0,0,0,1,0,1,0,0,5,272,Unusable
David Fry,681807,NA,2025-09-15,1,0,0,0,0,0,1,0,0,5,260,Unusable
Henry Davis,680779,NA,2025-04-21,0,0,0,0,0,1,1,0,0,5,274,Unusable
Henry Davis,680779,NA,2025-06-30,1,0,0,0,0,0,0,1,0,5,271,Unusable
Nick Fortes,663743,NA,2025-03-31,1,0,0,0,0,0,0,1,0,5,286,Unusable
Nick Fortes,663743,NA,2025-06-23,1,0,0,0,0,0,1,0,0,5,264,Unusable
Nick Fortes,663743,NA,2025-07-28,0,0,0,0,1,0,1,0,0,5,272,Unusable
Dalton Rushing,687221,NA,2025-06-23,0,0,0,0,1,0,1,0,0,5,264,Unusable
Andres Chaparro,665953,NA,2025-09-01,0,0,0,0,0,1,0,1,0,5,266,Unusable
Connor Wong,657136,NA,2025-05-26,1,0,0,0,0,0,1,0,0,5,271,Unusable
Connor Wong,657136,NA,2025-06-09,0,0,0,0,1,0,1,0,0,5,272,Unusable
Ramon Laureano,657656,NA,2025-07-14,1,0,0,0,0,0,0,1,0,5,219,Unusable
Edmundo Sosa,624641,NA,2025-06-02,0,0,0,0,1,0,1,0,0,5,276,Unusable
Martin Maldonado,455117,NA,2025-05-12,0,0,0,0,1,0,0,1,0,5,280,Unusable
Martin Maldonado,455117,NA,2025-07-07,1,0,0,0,0,0,0,1,0,5,264,Unusable
Daz Cameron,663662,NA,2025-05-05,1,0,0,0,0,0,1,0,0,5,280,Unusable
Austin Hedges,595978,NA,2025-05-12,1,0,0,0,0,0,1,0,0,5,280,Unusable
Austin Hedges,595978,NA,2025-09-08,1,0,0,0,0,0,0,1,0,5,265,Unusable
Dylan Moore,664238,NA,2025-08-18,0,0,0,0,1,0,1,0,0,5,271,Unusable
Travis d'Arnaud,518595,NA,2025-04-07,1,0,0,0,0,0,0,1,0,5,282,Unusable
Vidal Brujan,660644,NA,2025-06-16,0,0,0,0,1,0,1,0,0,5,278,Unusable
Alan Trejo,676701,NA,2025-04-21,1,0,0,0,0,0,1,0,0,5,274,Unusable
Max Schuemann,680474,NA,2025-07-28,1,0,0,0,0,0,0,1,0,5,272,Unusable
Max Schuemann,680474,NA,2025-09-01,1,0,0,0,0,0,1,0,0,5,266,Unusable
Travis Jankowski,608671,NA,2025-05-12,0,0,0,0,1,0,1,0,0,5,280,Unusable
Luis Urias,649966,NA,2025-08-11,1,0,0,0,0,0,0,1,0,5,268,Unusable
Josh Rojas,668942,NA,2025-04-28,0,0,0,0,1,0,0,1,0,5,279,Unusable
Connor Joe,656582,NA,2025-06-02,1,0,0,0,0,0,0,1,0,5,276,Unusable
Tyler Wade,642180,NA,2025-06-23,0,0,0,0,1,0,1,0,0,5,264,Unusable
Jose Tena,677588,NA,2025-07-28,1,0,0,0,0,0,1,0,0,5,272,Unusable
Jake Bauers,641343,NA,2025-06-02,0,0,0,0,1,0,0,1,0,5,276,Unusable
Pedro Pages,686780,NA,2025-07-21,1,0,0,0,0,0,0,1,0,5,263,Unusable
Jorge Mateo,622761,NA,2025-09-01,1,0,0,0,0,0,1,0,0,5,266,Unusable
Luke Williams,663897,NA,2025-08-04,0,0,0,0,1,0,1,0,0,5,267,Unusable
Yuli Gurriel,493329,NA,2025-03-24,1,0,0,0,0,0,0,1,0,5,248,Unusable
Jose Iglesias,578428,NA,2025-05-05,1,0,0,0,0,0,1,0,0,5,280,Unusable
Jose Trevino,624431,NA,2025-07-21,0,0,0,0,1,0,0,1,0,5,263,Unusable
Kevin Pillar,607680,NA,2025-04-07,1,0,0,0,0,0,1,0,0,5,282,Unusable
Richie Palacios,680700,NA,2025-09-15,0,0,0,0,1,0,1,0,0,5,260,Unusable
Andrew Knizner,668800,NA,2025-06-23,1,0,0,0,0,0,1,0,0,5,264,Unusable
Andrew Knizner,668800,NA,2025-09-01,0,0,0,0,1,0,1,0,0,5,266,Unusable
Jake Burger,669394,115.47,2025-09-15,0,0,0,0,0,0,1,1,0,4,269,Unusable
Jake McCarthy,664983,205.86,2025-03-24,0,0,0,0,0,0,0,2,0,4,259,Unusable
Hyeseong Kim,808975,238.24,2025-04-28,0,0,0,0,0,0,0,0,1,4,283,Unusable
Myles Straw,664702,238.89,2025-09-01,0,0,0,0,0,0,2,0,0,4,275,Unusable
Luisangel Acuna,682668,239.64,2025-05-26,0,0,0,0,0,0,2,0,0,4,274,Unusable
Jeimer Candelario,600869,239.7,2025-04-21,0,0,0,0,0,0,0,2,0,4,279,Unusable
Enrique Hernandez,571771,NA,2025-09-08,0,0,0,0,0,0,0,2,0,4,268,Unusable
Stuart Fairchild,656413,NA,2025-04-07,0,0,0,0,0,0,0,0,1,4,289,Unusable
Stuart Fairchild,656413,NA,2025-05-05,0,0,0,0,0,0,2,0,0,4,284,Unusable
Rece Hinds,677956,NA,2025-06-30,0,0,0,0,0,0,2,0,0,4,277,Unusable
Ezequiel Duran,677649,NA,2025-09-08,0,0,0,0,0,0,0,0,1,4,268,Unusable
Garrett Hampson,641658,NA,2025-08-04,0,0,0,0,0,0,2,0,0,4,271,Unusable
Dylan Moore,664238,NA,2025-06-23,0,0,0,0,0,0,2,0,0,4,271,Unusable
Luke Williams,663897,NA,2025-05-05,0,0,0,0,0,0,0,0,1,4,284,Unusable
Gunnar Henderson,683002,12.24,2025-03-31,1,0,0,0,0,0,0,0,0,3,292,Unusable
Wyatt Langford,694671,24.34,2025-06-23,1,0,0,0,0,0,0,0,0,3,272,Unusable
Marcell Ozuna,542303,25.41,2025-07-21,0,0,0,0,1,0,0,0,0,3,267,Unusable
Bryce Harper,547180,27.32,2025-05-26,0,0,0,0,0,1,0,0,0,3,275,Unusable
Pete Alonso,624413,29.95,2025-07-14,1,0,0,0,0,0,0,0,0,3,229,Unusable
Trea Turner,607208,35.91,2025-03-24,0,0,0,0,1,0,0,0,0,3,260,Unusable
Michael Harris II,671739,42.59,2025-03-24,1,0,0,0,0,0,0,0,0,3,260,Unusable
Adolis Garcia,666969,49.79,2025-05-26,1,0,0,0,0,0,0,0,0,3,275,Unusable
Adolis Garcia,666969,49.79,2025-09-08,0,0,0,0,0,1,0,0,0,3,270,Unusable
Oneil Cruz,665833,50.09,2025-08-11,0,0,0,0,1,0,0,0,0,3,273,Unusable
Seiya Suzuki,673548,54.65,2025-03-17,0,0,0,0,1,0,0,0,0,3,17,H2
William Contreras,661388,61.55,2025-09-22,0,0,0,0,1,0,0,0,0,3,271,Unusable
Marcus Semien,543760,65.54,2025-07-14,0,0,0,0,1,0,0,0,0,3,229,Unusable
Colton Cowser,681297,70.73,2025-08-11,1,0,0,0,0,0,0,0,0,3,273,Unusable
Mark Vientos,668901,83.69,2025-06-23,1,0,0,0,0,0,0,0,0,3,272,Unusable
Mark Vientos,668901,83.69,2025-06-30,1,0,0,0,0,0,0,0,0,3,278,Unusable
Lane Thomas,657041,93.37,2025-04-07,0,0,0,0,0,1,0,0,0,3,290,Unusable
Lane Thomas,657041,93.37,2025-05-26,0,0,0,0,1,0,0,0,0,3,275,Unusable
Jorge Soler,624585,93.81,2025-06-16,1,0,0,0,0,0,0,0,0,3,282,Unusable
JJ Bleday,668709,111.18,2025-09-15,1,0,0,0,0,0,0,0,0,3,270,Unusable
Ezequiel Tovar,678662,111.22,2025-04-14,0,0,0,0,0,1,0,0,0,3,285,Unusable
Kerry Carpenter,681481,130.48,2025-04-21,0,0,0,0,1,0,0,0,0,3,280,Unusable
Cedric Mullins,656775,133.6,2025-09-22,0,0,0,0,1,0,0,0,0,3,271,Unusable
Josh Lowe,666139,138.27,2025-03-24,1,0,0,0,0,0,0,0,0,3,260,Unusable
Michael Toglia,669911,138.78,2025-09-08,0,0,0,0,1,0,0,0,0,3,270,Unusable
Joc Pederson,592626,151.33,2025-04-07,0,0,0,0,1,0,0,0,0,3,290,Unusable
Joc Pederson,592626,151.33,2025-04-28,1,0,0,0,0,0,0,0,0,3,284,Unusable
Nolan Jones,666134,157.02,2025-08-04,1,0,0,0,0,0,0,0,0,3,272,Unusable
Max Muncy,691777,161.48,2025-07-14,1,0,0,0,0,0,0,0,0,3,229,Unusable
Max Muncy,691777,161.48,2025-07-21,0,0,0,0,0,1,0,0,0,3,267,Unusable
Royce Lewis,668904,168.33,2025-05-26,0,0,0,0,1,0,0,0,0,3,275,Unusable
Ryan McMahon,641857,172.9,2025-08-18,0,0,0,0,0,1,0,0,0,3,273,Unusable
Daulton Varsho,662139,183.34,2025-07-28,0,0,0,0,1,0,0,0,0,3,280,Unusable
Lars Nootbaar,663457,186.05,2025-06-09,0,0,0,0,1,0,0,0,0,3,274,Unusable
Carlos Correa,621043,209.38,2025-03-24,0,0,0,0,1,0,0,0,0,3,260,Unusable
Kristian Campbell,692225,212.49,2025-06-16,1,0,0,0,0,0,0,0,0,3,282,Unusable
Austin Hays,669720,212.98,2025-05-05,1,0,0,0,0,0,0,0,0,3,286,Unusable
Shea Langeliers,669127,226.05,2025-07-07,1,0,0,0,0,0,0,0,0,3,266,Unusable
Matt Shaw,807713,227.33,2025-04-14,1,0,0,0,0,0,0,0,0,3,285,Unusable
Nolan Arenado,571448,227.39,2025-06-30,1,0,0,0,0,0,0,0,0,3,278,Unusable
Bryan De La Cruz,650559,234.2,2025-04-14,1,0,0,0,0,0,0,0,0,3,285,Unusable
Sal Frelick,686217,236.71,2025-07-21,1,0,0,0,0,0,0,0,0,3,267,Unusable
Joey Ortiz,687401,237.06,2025-05-12,1,0,0,0,0,0,0,0,0,3,286,Unusable
Luke Raley,670042,237.24,2025-09-15,1,0,0,0,0,0,0,0,0,3,270,Unusable
Carlos Santana,467793,237.36,2025-09-15,1,0,0,0,0,0,0,0,0,3,270,Unusable
Hyeseong Kim,808975,238.24,2025-07-14,1,0,0,0,0,0,0,0,0,3,229,Unusable
Christopher Morel,666624,238.29,2025-07-14,0,0,0,0,1,0,0,0,0,3,229,Unusable
Gavin Lux,666158,238.36,2025-07-14,1,0,0,0,0,0,0,0,0,3,229,Unusable
Tommy Pham,502054,238.55,2025-05-12,1,0,0,0,0,0,0,0,0,3,286,Unusable
Tommy Pham,502054,238.55,2025-07-14,1,0,0,0,0,0,0,0,0,3,229,Unusable
Jhonkensy Noel,678877,238.56,2025-03-31,0,0,0,0,1,0,0,0,0,3,292,Unusable
Jhonkensy Noel,678877,238.56,2025-06-02,1,0,0,0,0,0,0,0,0,3,282,Unusable
Logan O'Hoppe,681351,238.67,2025-06-09,1,0,0,0,0,0,0,0,0,3,274,Unusable
Logan O'Hoppe,681351,238.67,2025-08-18,1,0,0,0,0,0,0,0,0,3,273,Unusable
Mike Yastrzemski,573262,238.77,2025-07-14,1,0,0,0,0,0,0,0,0,3,229,Unusable
Alex Verdugo,657077,238.85,2025-06-30,0,0,0,0,1,0,0,0,0,3,278,Unusable
Myles Straw,664702,238.89,2025-05-19,1,0,0,0,0,0,0,0,0,3,283,Unusable
Coby Mayo,691723,239.19,2025-04-28,0,0,0,0,1,0,0,0,0,3,284,Unusable
Coby Mayo,691723,239.19,2025-05-05,1,0,0,0,0,0,0,0,0,3,286,Unusable
Willi Castro,650489,239.25,2025-08-04,1,0,0,0,0,0,0,0,0,3,272,Unusable
Willi Castro,650489,239.25,2025-08-11,1,0,0,0,0,0,0,0,0,3,273,Unusable
Francisco Alvarez,682626,239.35,2025-09-01,1,0,0,0,0,0,0,0,0,3,276,Unusable
Justin Turner,457759,239.35,2025-03-17,0,0,0,0,1,0,0,0,0,3,17,H2
Justin Turner,457759,239.35,2025-03-24,0,0,0,0,1,0,0,0,0,3,260,Unusable
Justin Turner,457759,239.35,2025-05-26,1,0,0,0,0,0,0,0,0,3,275,Unusable
Justin Turner,457759,239.35,2025-06-09,1,0,0,0,0,0,0,0,0,3,274,Unusable
Justin Turner,457759,239.35,2025-08-18,1,0,0,0,0,0,0,0,0,3,273,Unusable
Justin Turner,457759,239.35,2025-08-25,0,0,0,0,1,0,0,0,0,3,270,Unusable
Jacob Young,696285,239.49,2025-06-09,1,0,0,0,0,0,0,0,0,3,274,Unusable
Matt Vierling,663837,239.52,2025-05-26,1,0,0,0,0,0,0,0,0,3,275,Unusable
Chas McCormick,676801,239.53,2025-04-07,0,0,0,0,1,0,0,0,0,3,290,Unusable
Chas McCormick,676801,239.53,2025-08-25,1,0,0,0,0,0,0,0,0,3,270,Unusable
Jonny DeLuca,676356,239.58,2025-07-21,1,0,0,0,0,0,0,0,0,3,267,Unusable
Adam Frazier,624428,239.6,2025-07-07,1,0,0,0,0,0,0,0,0,3,266,Unusable
Jonathan Aranda,666018,239.63,2025-07-14,0,0,0,0,1,0,0,0,0,3,229,Unusable
Luisangel Acuna,682668,239.64,2025-07-07,1,0,0,0,0,0,0,0,0,3,266,Unusable
Ty France,664034,239.69,2025-03-24,1,0,0,0,0,0,0,0,0,3,260,Unusable
Ty France,664034,239.69,2025-09-08,1,0,0,0,0,0,0,0,0,3,270,Unusable
Ty France,664034,239.69,2025-09-15,1,0,0,0,0,0,0,0,0,3,270,Unusable
Jonah Bride,681146,239.69,2025-04-14,1,0,0,0,0,0,0,0,0,3,285,Unusable
Jonah Bride,681146,239.69,2025-06-09,0,0,0,0,1,0,0,0,0,3,274,Unusable
Jonah Bride,681146,239.69,2025-06-23,1,0,0,0,0,0,0,0,0,3,272,Unusable
Sean Murphy,669221,239.72,2025-05-19,1,0,0,0,0,0,0,0,0,3,283,Unusable
Sean Murphy,669221,239.72,2025-06-16,1,0,0,0,0,0,0,0,0,3,282,Unusable
Esteury Ruiz,665923,239.76,2025-06-30,1,0,0,0,0,0,0,0,0,3,278,Unusable
Casey Schmitt,669477,239.77,2025-03-24,0,0,0,0,0,1,0,0,0,3,260,Unusable
Casey Schmitt,669477,239.77,2025-07-14,1,0,0,0,0,0,0,0,0,3,229,Unusable
Miguel Rojas,500743,239.78,2025-03-31,1,0,0,0,0,0,0,0,0,3,292,Unusable
Jordan Lawlar,691783,239.81,2025-05-12,0,0,0,0,1,0,0,0,0,3,286,Unusable
Spencer Horwitz,687462,239.83,2025-05-12,1,0,0,0,0,0,0,0,0,3,286,Unusable
Kevin Newman,621028,239.88,2025-03-31,1,0,0,0,0,0,0,0,0,3,292,Unusable
Kevin Newman,621028,239.88,2025-06-30,1,0,0,0,0,0,0,0,0,3,278,Unusable
Kevin Newman,621028,239.88,2025-07-07,1,0,0,0,0,0,0,0,0,3,266,Unusable
Elias Diaz,553869,239.91,2025-08-04,0,0,0,0,1,0,0,0,0,3,272,Unusable
Elias Diaz,553869,239.91,2025-09-15,0,0,0,0,0,1,0,0,0,3,270,Unusable
Alek Thomas,677950,239.91,2025-06-16,0,0,0,0,1,0,0,0,0,3,282,Unusable
Nolan Gorman,669357,239.92,2025-05-19,1,0,0,0,0,0,0,0,0,3,283,Unusable
Curtis Mead,678554,239.94,2025-07-07,1,0,0,0,0,0,0,0,0,3,266,Unusable
Jake Meyers,676694,239.95,2025-09-22,0,0,0,0,1,0,0,0,0,3,271,Unusable
Alexander Canario,672744,239.96,2025-07-21,0,0,0,0,1,0,0,0,0,3,267,Unusable
Will Wagner,695238,239.98,2025-06-23,1,0,0,0,0,0,0,0,0,3,272,Unusable
Joey Loperfido,694388,239.98,2025-08-11,0,0,0,0,0,1,0,0,0,3,273,Unusable
Brendan Rodgers,663898,239.98,2025-03-24,0,0,0,0,1,0,0,0,0,3,260,Unusable
Brendan Rodgers,663898,239.98,2025-04-14,1,0,0,0,0,0,0,0,0,3,285,Unusable
Brendan Rodgers,663898,239.98,2025-05-26,0,0,0,0,1,0,0,0,0,3,275,Unusable
Gage Workman,669398,239.98,2025-04-14,1,0,0,0,0,0,0,0,0,3,285,Unusable
Davis Schneider,676914,239.99,2025-03-24,0,0,0,0,1,0,0,0,0,3,260,Unusable
Michael Massey,686681,239.99,2025-06-02,1,0,0,0,0,0,0,0,0,3,282,Unusable
Johan Rojas,679032,239.99,2025-06-02,1,0,0,0,0,0,0,0,0,3,282,Unusable
Johan Rojas,679032,239.99,2025-07-28,1,0,0,0,0,0,0,0,0,3,280,Unusable
Jack Suwinski,669261,NA,2025-07-21,1,0,0,0,0,0,0,0,0,3,267,Unusable
Brayan Rocchio,677587,NA,2025-04-28,0,0,0,0,0,1,0,0,0,3,284,Unusable
Blake Perkins,663368,NA,2025-09-22,1,0,0,0,0,0,0,0,0,3,271,Unusable
Christian Moore,695681,NA,2025-06-09,0,0,0,0,1,0,0,0,0,3,274,Unusable
Joey Bart,663698,NA,2025-05-26,0,0,0,0,1,0,0,0,0,3,275,Unusable
Joey Bart,663698,NA,2025-07-14,1,0,0,0,0,0,0,0,0,3,229,Unusable
Orlando Arcia,606115,NA,2025-04-14,1,0,0,0,0,0,0,0,0,3,285,Unusable
Orlando Arcia,606115,NA,2025-06-02,0,0,0,0,1,0,0,0,0,3,282,Unusable
Orlando Arcia,606115,NA,2025-07-07,1,0,0,0,0,0,0,0,0,3,266,Unusable
Orlando Arcia,606115,NA,2025-07-21,1,0,0,0,0,0,0,0,0,3,267,Unusable
Orlando Arcia,606115,NA,2025-08-04,1,0,0,0,0,0,0,0,0,3,272,Unusable
Tim Anderson,641313,NA,2025-04-21,1,0,0,0,0,0,0,0,0,3,280,Unusable
Miguel Andujar,609280,NA,2025-09-01,1,0,0,0,0,0,0,0,0,3,276,Unusable
Liover Peguero,678894,NA,2025-07-21,1,0,0,0,0,0,0,0,0,3,267,Unusable
Liover Peguero,678894,NA,2025-08-11,1,0,0,0,0,0,0,0,0,3,273,Unusable
Luis Matos,682641,NA,2025-04-21,1,0,0,0,0,0,0,0,0,3,280,Unusable
Luis Matos,682641,NA,2025-07-28,1,0,0,0,0,0,0,0,0,3,280,Unusable
Amed Rosario,642708,NA,2025-07-28,1,0,0,0,0,0,0,0,0,3,280,Unusable
Amed Rosario,642708,NA,2025-08-25,1,0,0,0,0,0,0,0,0,3,270,Unusable
Randal Grichuk,545341,NA,2025-04-21,0,0,0,0,1,0,0,0,0,3,280,Unusable
Mauricio Dubon,643289,NA,2025-03-24,0,0,0,0,1,0,0,0,0,3,260,Unusable
Mauricio Dubon,643289,NA,2025-06-02,1,0,0,0,0,0,0,0,0,3,282,Unusable
Mauricio Dubon,643289,NA,2025-06-23,1,0,0,0,0,0,0,0,0,3,272,Unusable
Mauricio Dubon,643289,NA,2025-09-15,1,0,0,0,0,0,0,0,0,3,270,Unusable
Mark Canha,592192,NA,2025-06-16,1,0,0,0,0,0,0,0,0,3,282,Unusable
Blake Dunn,694362,NA,2025-03-24,1,0,0,0,0,0,0,0,0,3,260,Unusable
Tyrone Taylor,621438,NA,2025-03-24,1,0,0,0,0,0,0,0,0,3,260,Unusable
Tyrone Taylor,621438,NA,2025-03-31,1,0,0,0,0,0,0,0,0,3,292,Unusable
Jake Fraley,641584,NA,2025-07-07,0,0,0,0,1,0,0,0,0,3,266,Unusable
Jake Fraley,641584,NA,2025-09-08,1,0,0,0,0,0,0,0,0,3,270,Unusable
Stuart Fairchild,656413,NA,2025-07-07,0,0,0,0,1,0,0,0,0,3,266,Unusable
Will Brennan,686823,NA,2025-05-12,0,0,0,0,0,1,0,0,0,3,286,Unusable
Seth Brown,664913,NA,2025-04-07,1,0,0,0,0,0,0,0,0,3,290,Unusable
Seth Brown,664913,NA,2025-06-09,0,0,0,0,1,0,0,0,0,3,274,Unusable
Jacob Melton,689200,NA,2025-05-26,1,0,0,0,0,0,0,0,0,3,275,Unusable
Jacob Melton,689200,NA,2025-07-28,0,0,0,0,1,0,0,0,0,3,280,Unusable
Chris Taylor,621035,NA,2025-05-26,1,0,0,0,0,0,0,0,0,3,275,Unusable
Chris Taylor,621035,NA,2025-06-09,0,0,0,0,0,1,0,0,0,3,274,Unusable
Javier Baez,595879,NA,2025-05-26,1,0,0,0,0,0,0,0,0,3,275,Unusable
Javier Baez,595879,NA,2025-09-15,1,0,0,0,0,0,0,0,0,3,270,Unusable
Weston Wilson,642215,NA,2025-06-02,0,0,0,0,1,0,0,0,0,3,282,Unusable
Weston Wilson,642215,NA,2025-07-21,0,0,0,0,1,0,0,0,0,3,267,Unusable
Kyle Higashioka,543309,NA,2025-09-22,1,0,0,0,0,0,0,0,0,3,271,Unusable
Jacob Stallings,607732,NA,2025-05-05,0,0,0,0,0,1,0,0,0,3,286,Unusable
Jacob Stallings,607732,NA,2025-05-19,1,0,0,0,0,0,0,0,0,3,283,Unusable
Jacob Stallings,607732,NA,2025-05-26,1,0,0,0,0,0,0,0,0,3,275,Unusable
Jacob Stallings,607732,NA,2025-07-07,1,0,0,0,0,0,0,0,0,3,266,Unusable
Korey Lee,686676,NA,2025-04-07,0,0,0,0,1,0,0,0,0,3,290,Unusable
Gustavo Campero,672569,NA,2025-05-05,0,0,0,0,1,0,0,0,0,3,286,Unusable
Gustavo Campero,672569,NA,2025-06-16,1,0,0,0,0,0,0,0,0,3,282,Unusable
Gustavo Campero,672569,NA,2025-07-07,0,0,0,0,1,0,0,0,0,3,266,Unusable
Gustavo Campero,672569,NA,2025-07-21,0,0,0,0,0,1,0,0,0,3,267,Unusable
Rowdy Tellez,642133,NA,2025-09-01,1,0,0,0,0,0,0,0,0,3,276,Unusable
Alex Call,669743,NA,2025-06-23,1,0,0,0,0,0,0,0,0,3,272,Unusable
Alex Call,669743,NA,2025-07-14,0,0,0,0,1,0,0,0,0,3,229,Unusable
Alex Call,669743,NA,2025-09-08,0,0,0,0,1,0,0,0,0,3,270,Unusable
David Fry,681807,NA,2025-06-23,1,0,0,0,0,0,0,0,0,3,272,Unusable
David Fry,681807,NA,2025-08-25,0,0,0,0,1,0,0,0,0,3,270,Unusable
Henry Davis,680779,NA,2025-05-05,0,0,0,0,1,0,0,0,0,3,286,Unusable
Henry Davis,680779,NA,2025-08-11,1,0,0,0,0,0,0,0,0,3,273,Unusable
Miguel Amaya,665804,NA,2025-03-31,1,0,0,0,0,0,0,0,0,3,292,Unusable
Miguel Amaya,665804,NA,2025-08-11,1,0,0,0,0,0,0,0,0,3,273,Unusable
Brandon Lockridge,663604,NA,2025-08-04,0,0,0,0,1,0,0,0,0,3,272,Unusable
Jose Caballero,676609,NA,2025-07-07,1,0,0,0,0,0,0,0,0,3,266,Unusable
Garrett Hampson,641658,NA,2025-03-24,0,0,0,0,1,0,0,0,0,3,260,Unusable
Jake Mangum,663968,NA,2025-03-24,0,0,0,0,1,0,0,0,0,3,260,Unusable
Nick Fortes,663743,NA,2025-04-28,1,0,0,0,0,0,0,0,0,3,284,Unusable
Nick Fortes,663743,NA,2025-07-14,0,0,0,0,1,0,0,0,0,3,229,Unusable
Nick Fortes,663743,NA,2025-08-25,1,0,0,0,0,0,0,0,0,3,270,Unusable
Trey Sweeney,700242,NA,2025-05-26,1,0,0,0,0,0,0,0,0,3,275,Unusable
Trey Sweeney,700242,NA,2025-06-02,1,0,0,0,0,0,0,0,0,3,282,Unusable
Trey Sweeney,700242,NA,2025-06-23,0,0,0,0,1,0,0,0,0,3,272,Unusable
Trey Sweeney,700242,NA,2025-07-21,0,0,0,0,1,0,0,0,0,3,267,Unusable
Dalton Rushing,687221,NA,2025-06-02,1,0,0,0,0,0,0,0,0,3,282,Unusable
Dalton Rushing,687221,NA,2025-07-07,1,0,0,0,0,0,0,0,0,3,266,Unusable
Dalton Rushing,687221,NA,2025-07-21,1,0,0,0,0,0,0,0,0,3,267,Unusable
Dalton Rushing,687221,NA,2025-07-28,0,0,0,0,0,1,0,0,0,3,280,Unusable
Dalton Rushing,687221,NA,2025-09-15,1,0,0,0,0,0,0,0,0,3,270,Unusable
Andres Chaparro,665953,NA,2025-06-16,0,0,0,0,1,0,0,0,0,3,282,Unusable
Connor Wong,657136,NA,2025-05-19,0,0,0,0,1,0,0,0,0,3,283,Unusable
Connor Wong,657136,NA,2025-06-16,1,0,0,0,0,0,0,0,0,3,282,Unusable
Connor Wong,657136,NA,2025-06-30,1,0,0,0,0,0,0,0,0,3,278,Unusable
Connor Wong,657136,NA,2025-07-07,1,0,0,0,0,0,0,0,0,3,266,Unusable
Emmanuel Rivera,656896,NA,2025-05-26,1,0,0,0,0,0,0,0,0,3,275,Unusable
Edmundo Sosa,624641,NA,2025-04-07,1,0,0,0,0,0,0,0,0,3,290,Unusable
Edmundo Sosa,624641,NA,2025-06-09,1,0,0,0,0,0,0,0,0,3,274,Unusable
Edmundo Sosa,624641,NA,2025-07-14,0,0,0,0,1,0,0,0,0,3,229,Unusable
Alejandro Kirk,672386,NA,2025-07-28,0,0,0,0,1,0,0,0,0,3,280,Unusable
Ryan Noda,676116,NA,2025-08-04,0,0,0,0,1,0,0,0,0,3,272,Unusable
Ryan Noda,676116,NA,2025-08-11,1,0,0,0,0,0,0,0,0,3,273,Unusable
Martin Maldonado,455117,NA,2025-05-26,1,0,0,0,0,0,0,0,0,3,275,Unusable
Daz Cameron,663662,NA,2025-06-09,1,0,0,0,0,0,0,0,0,3,274,Unusable
Austin Hedges,595978,NA,2025-04-28,0,0,0,0,1,0,0,0,0,3,284,Unusable
Austin Hedges,595978,NA,2025-06-30,1,0,0,0,0,0,0,0,0,3,278,Unusable
Austin Hedges,595978,NA,2025-07-21,1,0,0,0,0,0,0,0,0,3,267,Unusable
Austin Hedges,595978,NA,2025-07-28,1,0,0,0,0,0,0,0,0,3,280,Unusable
Luis Campusano,669134,NA,2025-05-05,0,0,0,0,1,0,0,0,0,3,286,Unusable
Luis Campusano,669134,NA,2025-05-19,0,0,0,0,1,0,0,0,0,3,283,Unusable
Luis Campusano,669134,NA,2025-05-26,0,0,0,0,1,0,0,0,0,3,275,Unusable
Luis Torrens,620443,NA,2025-06-09,1,0,0,0,0,0,0,0,0,3,274,Unusable
Luis Torrens,620443,NA,2025-08-04,1,0,0,0,0,0,0,0,0,3,272,Unusable
Andy Ibanez,628451,NA,2025-03-24,0,0,0,0,1,0,0,0,0,3,260,Unusable
Andy Ibanez,628451,NA,2025-05-26,0,0,0,0,1,0,0,0,0,3,275,Unusable
Andy Ibanez,628451,NA,2025-09-15,0,0,0,0,1,0,0,0,0,3,270,Unusable
Dylan Carlson,666185,NA,2025-09-22,0,0,0,0,1,0,0,0,0,3,271,Unusable
Dylan Moore,664238,NA,2025-07-21,0,0,0,0,1,0,0,0,0,3,267,Unusable
Dylan Moore,664238,NA,2025-08-04,0,0,0,0,1,0,0,0,0,3,272,Unusable
Travis d'Arnaud,518595,NA,2025-03-24,0,0,0,0,0,1,0,0,0,3,260,Unusable
Travis d'Arnaud,518595,NA,2025-03-31,1,0,0,0,0,0,0,0,0,3,292,Unusable
Travis d'Arnaud,518595,NA,2025-04-14,1,0,0,0,0,0,0,0,0,3,285,Unusable
Travis d'Arnaud,518595,NA,2025-06-16,1,0,0,0,0,0,0,0,0,3,282,Unusable
Eddie Rosario,592696,NA,2025-04-14,1,0,0,0,0,0,0,0,0,3,285,Unusable
Jason Heyward,518792,NA,2025-05-19,1,0,0,0,0,0,0,0,0,3,283,Unusable
Max Schuemann,680474,NA,2025-03-31,1,0,0,0,0,0,0,0,0,3,292,Unusable
Max Schuemann,680474,NA,2025-09-08,1,0,0,0,0,0,0,0,0,3,270,Unusable
Johnathan Rodriguez,671286,NA,2025-06-02,1,0,0,0,0,0,0,0,0,3,282,Unusable
Kyle Farmer,571657,NA,2025-04-21,1,0,0,0,0,0,0,0,0,3,280,Unusable
Kyle Farmer,571657,NA,2025-06-02,0,0,0,0,0,1,0,0,0,3,282,Unusable
Kevin Alcantara,682634,NA,2025-09-15,1,0,0,0,0,0,0,0,0,3,270,Unusable
Luis Urias,649966,NA,2025-04-14,1,0,0,0,0,0,0,0,0,3,285,Unusable
Brett Harris,695391,NA,2025-09-01,1,0,0,0,0,0,0,0,0,3,276,Unusable
Connor Joe,656582,NA,2025-04-21,0,0,0,0,1,0,0,0,0,3,280,Unusable
Connor Joe,656582,NA,2025-07-21,0,0,0,0,0,1,0,0,0,3,267,Unusable
Tyler Wade,642180,NA,2025-05-19,0,0,0,0,1,0,0,0,0,3,283,Unusable
Gio Urshela,570482,NA,2025-03-24,1,0,0,0,0,0,0,0,0,3,260,Unusable
Gio Urshela,570482,NA,2025-06-23,0,0,0,0,1,0,0,0,0,3,272,Unusable
Jonatan Clase,682729,NA,2025-06-02,0,0,0,0,1,0,0,0,0,3,282,Unusable
Jonatan Clase,682729,NA,2025-06-30,1,0,0,0,0,0,0,0,0,3,278,Unusable
Jose Tena,677588,NA,2025-03-24,1,0,0,0,0,0,0,0,0,3,260,Unusable
Ronny Mauricio,677595,NA,2025-08-18,1,0,0,0,0,0,0,0,0,3,273,Unusable
Ronny Mauricio,677595,NA,2025-08-25,1,0,0,0,0,0,0,0,0,3,270,Unusable
Drew Waters,671221,NA,2025-06-09,1,0,0,0,0,0,0,0,0,3,274,Unusable
Jake Bauers,641343,NA,2025-04-07,0,0,0,0,1,0,0,0,0,3,290,Unusable
Pedro Pages,686780,NA,2025-09-01,1,0,0,0,0,0,0,0,0,3,276,Unusable
Jorge Mateo,622761,NA,2025-05-05,0,0,0,0,1,0,0,0,0,3,286,Unusable
Yuli Gurriel,493329,NA,2025-03-31,0,0,0,0,1,0,0,0,0,3,292,Unusable
Jose Iglesias,578428,NA,2025-06-09,0,0,0,0,1,0,0,0,0,3,274,Unusable
Jose Iglesias,578428,NA,2025-09-15,0,0,0,0,1,0,0,0,0,3,270,Unusable
Jose Trevino,624431,NA,2025-03-24,0,0,0,0,1,0,0,0,0,3,260,Unusable
Jose Trevino,624431,NA,2025-05-26,1,0,0,0,0,0,0,0,0,3,275,Unusable
Jose Trevino,624431,NA,2025-07-14,0,0,0,0,1,0,0,0,0,3,229,Unusable
Jose Trevino,624431,NA,2025-09-15,1,0,0,0,0,0,0,0,0,3,270,Unusable
Oscar Gonzalez,660757,NA,2025-05-05,1,0,0,0,0,0,0,0,0,3,286,Unusable
Andrew Knizner,668800,NA,2025-07-28,0,0,0,0,1,0,0,0,0,3,280,Unusable
Andrew Knizner,668800,NA,2025-08-04,1,0,0,0,0,0,0,0,0,3,272,Unusable
Andrew Knizner,668800,NA,2025-09-08,1,0,0,0,0,0,0,0,0,3,270,Unusable
Wyatt Langford,694671,24.34,2025-07-14,0,0,0,0,0,0,1,0,0,2,244,Unusable
Adolis Garcia,666969,49.79,2025-09-01,0,0,0,0,0,0,1,0,0,2,281,Unusable
Jasson Dominguez,691176,70.56,2025-09-22,0,0,0,0,0,0,1,0,0,2,277,Unusable
Tyler O'Neill,641933,104.59,2025-04-21,0,0,0,0,0,0,0,1,0,2,286,Unusable
Michael Toglia,669911,138.78,2025-07-21,0,0,0,0,0,0,1,0,0,2,282,Unusable
Tommy Edman,669242,186.13,2025-07-07,0,0,0,0,0,0,0,1,0,2,279,Unusable
Matt Shaw,807713,227.33,2025-07-07,0,0,0,0,0,0,0,1,0,2,279,Unusable
Brandon Marsh,669016,230.99,2025-04-14,0,0,0,0,0,0,0,1,0,2,295,Unusable
Tyler Fitzgerald,666149,237.85,2025-06-16,0,0,0,0,0,0,0,1,0,2,291,Unusable
Jose Siri,642350,239.12,2025-09-15,0,0,0,0,0,0,1,0,0,2,282,Unusable
Esteury Ruiz,665923,239.76,2025-08-04,0,0,0,0,0,0,1,0,0,2,281,Unusable
Vinny Capra,681962,239.86,2025-04-28,0,0,0,0,0,0,0,1,0,2,289,Unusable
Elias Diaz,553869,239.91,2025-07-07,0,0,0,0,0,0,0,1,0,2,279,Unusable
Curtis Mead,678554,239.94,2025-04-21,0,0,0,0,0,0,0,1,0,2,286,Unusable
Alexander Canario,672744,239.96,2025-08-04,0,0,0,0,0,0,1,0,0,2,281,Unusable
Starling Marte,516782,239.99,2025-07-28,0,0,0,0,0,0,0,1,0,2,289,Unusable
Will Benson,666181,239.99,2025-07-21,0,0,0,0,0,0,0,1,0,2,282,Unusable
James Outman,681546,240,2025-07-28,0,0,0,0,0,0,1,0,0,2,289,Unusable
Mark Canha,592192,NA,2025-05-26,0,0,0,0,0,0,0,1,0,2,293,Unusable
Mark Canha,592192,NA,2025-07-07,0,0,0,0,0,0,0,1,0,2,279,Unusable
Blake Dunn,694362,NA,2025-05-05,0,0,0,0,0,0,1,0,0,2,294,Unusable
David Hamilton,666152,NA,2025-03-24,0,0,0,0,0,0,1,0,0,2,279,Unusable
David Hamilton,666152,NA,2025-06-09,0,0,0,0,0,0,1,0,0,2,287,Unusable
Grant McCray,687529,NA,2025-09-15,0,0,0,0,0,0,0,1,0,2,282,Unusable
Stuart Fairchild,656413,NA,2025-04-21,0,0,0,0,0,0,1,0,0,2,286,Unusable
Corey Julks,667452,NA,2025-09-22,0,0,0,0,0,0,0,1,0,2,277,Unusable
Javier Baez,595879,NA,2025-09-01,0,0,0,0,0,0,0,1,0,2,281,Unusable
Ezequiel Duran,677649,NA,2025-03-24,0,0,0,0,0,0,0,1,0,2,279,Unusable
Korey Lee,686676,NA,2025-09-22,0,0,0,0,0,0,1,0,0,2,277,Unusable
Gustavo Campero,672569,NA,2025-08-11,0,0,0,0,0,0,0,1,0,2,281,Unusable
Zach McKinstry,656716,NA,2025-09-08,0,0,0,0,0,0,1,0,0,2,277,Unusable
David Fry,681807,NA,2025-07-21,0,0,0,0,0,0,1,0,0,2,282,Unusable
Brandon Lockridge,663604,NA,2025-08-25,0,0,0,0,0,0,1,0,0,2,276,Unusable
Garrett Hampson,641658,NA,2025-07-28,0,0,0,0,0,0,1,0,0,2,289,Unusable
Garrett Hampson,641658,NA,2025-08-11,0,0,0,0,0,0,1,0,0,2,281,Unusable
Garrett Hampson,641658,NA,2025-08-18,0,0,0,0,0,0,1,0,0,2,277,Unusable
Garrett Hampson,641658,NA,2025-08-25,0,0,0,0,0,0,1,0,0,2,276,Unusable
Garrett Hampson,641658,NA,2025-09-01,0,0,0,0,0,0,1,0,0,2,281,Unusable
Dalton Rushing,687221,NA,2025-05-19,0,0,0,0,0,0,0,1,0,2,291,Unusable
Dalton Rushing,687221,NA,2025-07-14,0,0,0,0,0,0,0,1,0,2,244,Unusable
Luis Torrens,620443,NA,2025-07-21,0,0,0,0,0,0,1,0,0,2,282,Unusable
Dylan Carlson,666185,NA,2025-04-28,0,0,0,0,0,0,0,1,0,2,289,Unusable
Dylan Moore,664238,NA,2025-07-07,0,0,0,0,0,0,1,0,0,2,279,Unusable
Derek Hill,656537,NA,2025-07-14,0,0,0,0,0,0,1,0,0,2,244,Unusable
Vidal Brujan,660644,NA,2025-06-23,0,0,0,0,0,0,1,0,0,2,281,Unusable
Vidal Brujan,660644,NA,2025-07-14,0,0,0,0,0,0,0,1,0,2,244,Unusable
Eddie Rosario,592696,NA,2025-05-05,0,0,0,0,0,0,1,0,0,2,294,Unusable
Jason Heyward,518792,NA,2025-03-24,0,0,0,0,0,0,1,0,0,2,279,Unusable
Travis Jankowski,608671,NA,2025-03-24,0,0,0,0,0,0,1,0,0,2,279,Unusable
Travis Jankowski,608671,NA,2025-06-30,0,0,0,0,0,0,1,0,0,2,286,Unusable
Ronny Mauricio,677595,NA,2025-07-14,0,0,0,0,0,0,1,0,0,2,244,Unusable
Jake Bauers,641343,NA,2025-08-25,0,0,0,0,0,0,0,1,0,2,276,Unusable
Jorge Mateo,622761,NA,2025-09-08,0,0,0,0,0,0,1,0,0,2,277,Unusable
Luke Williams,663897,NA,2025-05-19,0,0,0,0,0,0,1,0,0,2,291,Unusable
Luke Williams,663897,NA,2025-06-16,0,0,0,0,0,0,1,0,0,2,291,Unusable
Andrew Knizner,668800,NA,2025-06-16,0,0,0,0,0,0,1,0,0,2,291,Unusable
Corbin Carroll,682998,6.36,2025-06-30,0,0,0,0,0,0,0,0,0,0,287,Unusable
Francisco Lindor,596019,17.8,2025-07-14,0,0,0,0,0,0,0,0,0,0,249,Unusable
Wyatt Langford,694671,24.34,2025-09-22,0,0,0,0,0,0,0,0,0,0,280,Unusable
Marcell Ozuna,542303,25.41,2025-07-14,0,0,0,0,0,0,0,0,0,0,249,Unusable
Trea Turner,607208,35.91,2025-09-22,0,0,0,0,0,0,0,0,0,0,280,Unusable
Lawrence Butler,671732,38.6,2025-07-14,0,0,0,0,0,0,0,0,0,0,249,Unusable
Oneil Cruz,665833,50.09,2025-05-12,0,0,0,0,0,0,0,0,0,0,291,Unusable
Brandon Nimmo,607043,51.96,2025-05-19,0,0,0,0,0,0,0,0,0,0,293,Unusable
Brenton Doyle,686668,56.73,2025-04-14,0,0,0,0,0,0,0,0,0,0,296,Unusable
Jasson Dominguez,691176,70.56,2025-07-14,0,0,0,0,0,0,0,0,0,0,249,Unusable
Spencer Steer,668715,80.57,2025-03-24,0,0,0,0,0,0,0,0,0,0,283,Unusable
Mark Vientos,668901,83.69,2025-06-02,0,0,0,0,0,0,0,0,0,0,293,Unusable
Jordan Westburg,676059,108.66,2025-08-18,0,0,0,0,0,0,0,0,0,0,278,Unusable
Kerry Carpenter,681481,130.48,2025-07-21,0,0,0,0,0,0,0,0,0,0,286,Unusable
Anthony Volpe,683011,135.32,2025-09-08,0,0,0,0,0,0,0,0,0,0,279,Unusable
Jackson Holliday,702616,135.54,2025-04-07,0,0,0,0,0,0,0,0,0,0,297,Unusable
Alec Bohm,664761,148.29,2025-07-14,0,0,0,0,0,0,0,0,0,0,249,Unusable
Joc Pederson,592626,151.33,2025-04-14,0,0,0,0,0,0,0,0,0,0,296,Unusable
Joc Pederson,592626,151.33,2025-07-21,0,0,0,0,0,0,0,0,0,0,286,Unusable
Max Muncy,571970,161.48,2025-03-24,0,0,0,0,0,0,0,0,0,0,283,Unusable
Max Muncy,571970,161.48,2025-09-22,0,0,0,0,0,0,0,0,0,0,280,Unusable
Max Muncy,691777,161.48,2025-09-15,0,0,0,0,0,0,0,0,0,0,284,Unusable
Masyn Winn,691026,166.08,2025-09-08,0,0,0,0,0,0,0,0,0,0,279,Unusable
Rhys Hoskins,656555,172.72,2025-09-15,0,0,0,0,0,0,0,0,0,0,284,Unusable
Rhys Hoskins,656555,172.72,2025-09-22,0,0,0,0,0,0,0,0,0,0,280,Unusable
Willson Contreras,575929,182.14,2025-03-24,0,0,0,0,0,0,0,0,0,0,283,Unusable
Tommy Edman,669242,186.13,2025-05-12,0,0,0,0,0,0,0,0,0,0,291,Unusable
Jake McCarthy,664983,205.86,2025-07-14,0,0,0,0,0,0,0,0,0,0,249,Unusable
Josh Jung,673962,208.9,2025-06-30,0,0,0,0,0,0,0,0,0,0,287,Unusable
Jesus Sanchez,660821,210.78,2025-08-11,0,0,0,0,0,0,0,0,0,0,283,Unusable
Austin Hays,669720,212.98,2025-09-22,0,0,0,0,0,0,0,0,0,0,280,Unusable
Wilyer Abreu,677800,217.36,2025-07-21,0,0,0,0,0,0,0,0,0,0,286,Unusable
Wilyer Abreu,677800,217.36,2025-09-15,0,0,0,0,0,0,0,0,0,0,284,Unusable
Parker Meadows,678009,227.67,2025-07-14,0,0,0,0,0,0,0,0,0,0,249,Unusable
Max Kepler,596146,234.12,2025-07-14,0,0,0,0,0,0,0,0,0,0,249,Unusable
Bryan De La Cruz,650559,234.2,2025-03-24,0,0,0,0,0,0,0,0,0,0,283,Unusable
Kyle Manzardo,700932,237.05,2025-07-14,0,0,0,0,0,0,0,0,0,0,249,Unusable
MJ Melendez,669004,237.22,2025-03-24,0,0,0,0,0,0,0,0,0,0,283,Unusable
MJ Melendez,669004,237.22,2025-07-21,0,0,0,0,0,0,0,0,0,0,286,Unusable
Luke Raley,670042,237.24,2025-08-18,0,0,0,0,0,0,0,0,0,0,278,Unusable
Carlos Santana,467793,237.36,2025-08-25,0,0,0,0,0,0,0,0,0,0,279,Unusable
Carlos Santana,467793,237.36,2025-09-01,0,0,0,0,0,0,0,0,0,0,284,Unusable
Carlos Santana,467793,237.36,2025-09-08,0,0,0,0,0,0,0,0,0,0,279,Unusable
Hyeseong Kim,808975,238.24,2025-07-28,0,0,0,0,0,0,0,0,0,0,292,Unusable
Christopher Morel,666624,238.29,2025-06-09,0,0,0,0,0,0,0,0,0,0,288,Unusable
Jhonkensy Noel,678877,238.56,2025-05-12,0,0,0,0,0,0,0,0,0,0,291,Unusable
Jhonkensy Noel,678877,238.56,2025-07-07,0,0,0,0,0,0,0,0,0,0,284,Unusable
Kris Bryant,592178,238.62,2025-03-24,0,0,0,0,0,0,0,0,0,0,283,Unusable
Myles Straw,664702,238.89,2025-03-24,0,0,0,0,0,0,0,0,0,0,283,Unusable
Myles Straw,664702,238.89,2025-04-28,0,0,0,0,0,0,0,0,0,0,291,Unusable
Jose Siri,642350,239.12,2025-09-22,0,0,0,0,0,0,0,0,0,0,280,Unusable
Tirso Ornelas,672359,239.16,2025-04-14,0,0,0,0,0,0,0,0,0,0,296,Unusable
Thairo Estrada,642731,239.19,2025-08-04,0,0,0,0,0,0,0,0,0,0,283,Unusable
Coby Mayo,691723,239.19,2025-07-07,0,0,0,0,0,0,0,0,0,0,284,Unusable
Coby Mayo,691723,239.19,2025-07-14,0,0,0,0,0,0,0,0,0,0,249,Unusable
Willi Castro,650489,239.25,2025-08-25,0,0,0,0,0,0,0,0,0,0,279,Unusable
Willi Castro,650489,239.25,2025-09-22,0,0,0,0,0,0,0,0,0,0,280,Unusable
Jerar Encarnacion,666464,239.3,2025-09-22,0,0,0,0,0,0,0,0,0,0,280,Unusable
Justin Turner,457759,239.35,2025-06-30,0,0,0,0,0,0,0,0,0,0,287,Unusable
Justin Turner,457759,239.35,2025-07-14,0,0,0,0,0,0,0,0,0,0,249,Unusable
Justin Turner,457759,239.35,2025-08-11,0,0,0,0,0,0,0,0,0,0,283,Unusable
Jesse Winker,608385,239.37,2025-04-07,0,0,0,0,0,0,0,0,0,0,297,Unusable
Jesse Winker,608385,239.37,2025-07-07,0,0,0,0,0,0,0,0,0,0,284,Unusable
Chas McCormick,676801,239.53,2025-04-28,0,0,0,0,0,0,0,0,0,0,291,Unusable
Chas McCormick,676801,239.53,2025-05-05,0,0,0,0,0,0,0,0,0,0,296,Unusable
Chas McCormick,676801,239.53,2025-07-28,0,0,0,0,0,0,0,0,0,0,292,Unusable
Brett Baty,683146,239.56,2025-03-24,0,0,0,0,0,0,0,0,0,0,283,Unusable
Josh Smith,669701,239.59,2025-03-24,0,0,0,0,0,0,0,0,0,0,283,Unusable
Keibert Ruiz,660688,239.6,2025-06-02,0,0,0,0,0,0,0,0,0,0,293,Unusable
Keibert Ruiz,660688,239.6,2025-06-23,0,0,0,0,0,0,0,0,0,0,282,Unusable
Luisangel Acuna,682668,239.64,2025-06-16,0,0,0,0,0,0,0,0,0,0,294,Unusable
Luisangel Acuna,682668,239.64,2025-07-28,0,0,0,0,0,0,0,0,0,0,292,Unusable
Luisangel Acuna,682668,239.64,2025-08-11,0,0,0,0,0,0,0,0,0,0,283,Unusable
Luisangel Acuna,682668,239.64,2025-09-08,0,0,0,0,0,0,0,0,0,0,279,Unusable
Zac Veen,691728,239.66,2025-04-21,0,0,0,0,0,0,0,0,0,0,289,Unusable
Jonah Bride,681146,239.69,2025-05-26,0,0,0,0,0,0,0,0,0,0,294,Unusable
Jonah Bride,681146,239.69,2025-06-02,0,0,0,0,0,0,0,0,0,0,293,Unusable
Sean Murphy,669221,239.72,2025-09-01,0,0,0,0,0,0,0,0,0,0,284,Unusable
Dominic Canzone,686527,239.73,2025-04-07,0,0,0,0,0,0,0,0,0,0,297,Unusable
Jarred Kelenic,672284,239.76,2025-07-28,0,0,0,0,0,0,0,0,0,0,292,Unusable
Esteury Ruiz,665923,239.76,2025-07-28,0,0,0,0,0,0,0,0,0,0,292,Unusable
Casey Schmitt,669477,239.77,2025-03-31,0,0,0,0,0,0,0,0,0,0,301,Unusable
Miguel Rojas,500743,239.78,2025-03-24,0,0,0,0,0,0,0,0,0,0,283,Unusable
Miguel Rojas,500743,239.78,2025-04-14,0,0,0,0,0,0,0,0,0,0,296,Unusable
Miguel Rojas,500743,239.78,2025-05-26,0,0,0,0,0,0,0,0,0,0,294,Unusable
Bo Naylor,666310,239.8,2025-06-23,0,0,0,0,0,0,0,0,0,0,282,Unusable
Jordan Lawlar,691783,239.81,2025-05-19,0,0,0,0,0,0,0,0,0,0,293,Unusable
Jordan Lawlar,691783,239.81,2025-08-25,0,0,0,0,0,0,0,0,0,0,279,Unusable
Vinny Capra,681962,239.86,2025-04-14,0,0,0,0,0,0,0,0,0,0,296,Unusable
Vinny Capra,681962,239.86,2025-05-19,0,0,0,0,0,0,0,0,0,0,293,Unusable
Vinny Capra,681962,239.86,2025-06-30,0,0,0,0,0,0,0,0,0,0,287,Unusable
Kevin Newman,621028,239.88,2025-03-24,0,0,0,0,0,0,0,0,0,0,283,Unusable
Kevin Newman,621028,239.88,2025-04-21,0,0,0,0,0,0,0,0,0,0,289,Unusable
Kevin Newman,621028,239.88,2025-05-05,0,0,0,0,0,0,0,0,0,0,296,Unusable
Kevin Newman,621028,239.88,2025-05-26,0,0,0,0,0,0,0,0,0,0,294,Unusable
Alek Thomas,677950,239.91,2025-07-21,0,0,0,0,0,0,0,0,0,0,286,Unusable
Manuel Margot,622534,239.94,2025-04-07,0,0,0,0,0,0,0,0,0,0,297,Unusable
Curtis Mead,678554,239.94,2025-03-24,0,0,0,0,0,0,0,0,0,0,283,Unusable
Curtis Mead,678554,239.94,2025-06-09,0,0,0,0,0,0,0,0,0,0,288,Unusable
Curtis Mead,678554,239.94,2025-09-22,0,0,0,0,0,0,0,0,0,0,280,Unusable
Jake Meyers,676694,239.95,2025-04-21,0,0,0,0,0,0,0,0,0,0,289,Unusable
Jake Meyers,676694,239.95,2025-07-07,0,0,0,0,0,0,0,0,0,0,284,Unusable
Alexander Canario,672744,239.96,2025-03-31,0,0,0,0,0,0,0,0,0,0,301,Unusable
Alexander Canario,672744,239.96,2025-04-14,0,0,0,0,0,0,0,0,0,0,296,Unusable
Alexander Canario,672744,239.96,2025-04-21,0,0,0,0,0,0,0,0,0,0,289,Unusable
Alexander Canario,672744,239.96,2025-06-30,0,0,0,0,0,0,0,0,0,0,287,Unusable
Alexander Canario,672744,239.96,2025-07-14,0,0,0,0,0,0,0,0,0,0,249,Unusable
Alexander Canario,672744,239.96,2025-08-11,0,0,0,0,0,0,0,0,0,0,283,Unusable
Oliver Dunn,686554,239.96,2025-03-24,0,0,0,0,0,0,0,0,0,0,283,Unusable
Endy Rodriguez,682848,239.97,2025-04-14,0,0,0,0,0,0,0,0,0,0,296,Unusable
Endy Rodriguez,682848,239.97,2025-05-26,0,0,0,0,0,0,0,0,0,0,294,Unusable
Will Wagner,695238,239.98,2025-08-18,0,0,0,0,0,0,0,0,0,0,278,Unusable
Will Wagner,695238,239.98,2025-09-01,0,0,0,0,0,0,0,0,0,0,284,Unusable
Will Wagner,695238,239.98,2025-09-08,0,0,0,0,0,0,0,0,0,0,279,Unusable
Will Wagner,695238,239.98,2025-09-15,0,0,0,0,0,0,0,0,0,0,284,Unusable
Joey Loperfido,694388,239.98,2025-09-22,0,0,0,0,0,0,0,0,0,0,280,Unusable
Brendan Rodgers,663898,239.98,2025-05-12,0,0,0,0,0,0,0,0,0,0,291,Unusable
Brendan Rodgers,663898,239.98,2025-05-19,0,0,0,0,0,0,0,0,0,0,293,Unusable
Jace Jung,690291,239.98,2025-09-15,0,0,0,0,0,0,0,0,0,0,284,Unusable
Gage Workman,669398,239.98,2025-03-24,0,0,0,0,0,0,0,0,0,0,283,Unusable
Gage Workman,669398,239.98,2025-03-31,0,0,0,0,0,0,0,0,0,0,301,Unusable
Gage Workman,669398,239.98,2025-04-21,0,0,0,0,0,0,0,0,0,0,289,Unusable
Gage Workman,669398,239.98,2025-04-28,0,0,0,0,0,0,0,0,0,0,291,Unusable
Davis Schneider,676914,239.99,2025-09-01,0,0,0,0,0,0,0,0,0,0,284,Unusable
Will Benson,666181,239.99,2025-04-07,0,0,0,0,0,0,0,0,0,0,297,Unusable
Will Benson,666181,239.99,2025-08-25,0,0,0,0,0,0,0,0,0,0,279,Unusable
Johan Rojas,679032,239.99,2025-06-09,0,0,0,0,0,0,0,0,0,0,288,Unusable
Dane Myers,667472,240,2025-07-14,0,0,0,0,0,0,0,0,0,0,249,Unusable
Dane Myers,667472,240,2025-09-22,0,0,0,0,0,0,0,0,0,0,280,Unusable
James Outman,681546,240,2025-07-14,0,0,0,0,0,0,0,0,0,0,249,Unusable
Enrique Hernandez,571771,NA,2025-06-09,0,0,0,0,0,0,0,0,0,0,288,Unusable
Enrique Hernandez,571771,NA,2025-06-30,0,0,0,0,0,0,0,0,0,0,287,Unusable
Mitch Garver,641598,NA,2025-05-05,0,0,0,0,0,0,0,0,0,0,296,Unusable
Mitch Garver,641598,NA,2025-05-26,0,0,0,0,0,0,0,0,0,0,294,Unusable
Jack Suwinski,669261,NA,2025-07-14,0,0,0,0,0,0,0,0,0,0,249,Unusable
Yoan Moncada,660162,NA,2025-04-07,0,0,0,0,0,0,0,0,0,0,297,Unusable
Matt Mervis,670223,NA,2025-05-26,0,0,0,0,0,0,0,0,0,0,294,Unusable
Orlando Arcia,606115,NA,2025-03-31,0,0,0,0,0,0,0,0,0,0,301,Unusable
Orlando Arcia,606115,NA,2025-04-21,0,0,0,0,0,0,0,0,0,0,289,Unusable
Orlando Arcia,606115,NA,2025-05-05,0,0,0,0,0,0,0,0,0,0,296,Unusable
Orlando Arcia,606115,NA,2025-05-19,0,0,0,0,0,0,0,0,0,0,293,Unusable
Orlando Arcia,606115,NA,2025-07-14,0,0,0,0,0,0,0,0,0,0,249,Unusable
Orlando Arcia,606115,NA,2025-09-15,0,0,0,0,0,0,0,0,0,0,284,Unusable
Isaac Collins,686555,NA,2025-04-14,0,0,0,0,0,0,0,0,0,0,296,Unusable
Tim Anderson,641313,NA,2025-03-24,0,0,0,0,0,0,0,0,0,0,283,Unusable
Liover Peguero,678894,NA,2025-07-14,0,0,0,0,0,0,0,0,0,0,249,Unusable
Luis Matos,682641,NA,2025-04-07,0,0,0,0,0,0,0,0,0,0,297,Unusable
Luis Matos,682641,NA,2025-04-14,0,0,0,0,0,0,0,0,0,0,296,Unusable
Luis Matos,682641,NA,2025-05-19,0,0,0,0,0,0,0,0,0,0,293,Unusable
Amed Rosario,642708,NA,2025-06-23,0,0,0,0,0,0,0,0,0,0,282,Unusable
Amed Rosario,642708,NA,2025-09-22,0,0,0,0,0,0,0,0,0,0,280,Unusable
Randal Grichuk,545341,NA,2025-06-09,0,0,0,0,0,0,0,0,0,0,288,Unusable
Randal Grichuk,545341,NA,2025-07-14,0,0,0,0,0,0,0,0,0,0,249,Unusable
Randal Grichuk,545341,NA,2025-08-25,0,0,0,0,0,0,0,0,0,0,279,Unusable
Randal Grichuk,545341,NA,2025-09-08,0,0,0,0,0,0,0,0,0,0,279,Unusable
Mark Canha,592192,NA,2025-03-24,0,0,0,0,0,0,0,0,0,0,283,Unusable
Mark Canha,592192,NA,2025-04-07,0,0,0,0,0,0,0,0,0,0,297,Unusable
Mark Canha,592192,NA,2025-06-23,0,0,0,0,0,0,0,0,0,0,282,Unusable
David Hamilton,666152,NA,2025-04-21,0,0,0,0,0,0,0,0,0,0,289,Unusable
David Hamilton,666152,NA,2025-05-05,0,0,0,0,0,0,0,0,0,0,296,Unusable
David Hamilton,666152,NA,2025-07-21,0,0,0,0,0,0,0,0,0,0,286,Unusable
Tyrone Taylor,621438,NA,2025-07-28,0,0,0,0,0,0,0,0,0,0,292,Unusable
Tyrone Taylor,621438,NA,2025-08-11,0,0,0,0,0,0,0,0,0,0,283,Unusable
Jake Fraley,641584,NA,2025-03-24,0,0,0,0,0,0,0,0,0,0,283,Unusable
Jake Fraley,641584,NA,2025-05-05,0,0,0,0,0,0,0,0,0,0,296,Unusable
Jake Fraley,641584,NA,2025-08-11,0,0,0,0,0,0,0,0,0,0,283,Unusable
Everson Pereira,677592,NA,2025-09-22,0,0,0,0,0,0,0,0,0,0,280,Unusable
Grant McCray,687529,NA,2025-08-04,0,0,0,0,0,0,0,0,0,0,283,Unusable
Grant McCray,687529,NA,2025-08-11,0,0,0,0,0,0,0,0,0,0,283,Unusable
Grant McCray,687529,NA,2025-08-18,0,0,0,0,0,0,0,0,0,0,278,Unusable
Grant McCray,687529,NA,2025-09-01,0,0,0,0,0,0,0,0,0,0,284,Unusable
Grant McCray,687529,NA,2025-09-08,0,0,0,0,0,0,0,0,0,0,279,Unusable
Stuart Fairchild,656413,NA,2025-04-14,0,0,0,0,0,0,0,0,0,0,296,Unusable
Stuart Fairchild,656413,NA,2025-06-16,0,0,0,0,0,0,0,0,0,0,294,Unusable
Seth Brown,664913,NA,2025-05-12,0,0,0,0,0,0,0,0,0,0,291,Unusable
Colby Thomas,687515,NA,2025-07-07,0,0,0,0,0,0,0,0,0,0,284,Unusable
Corey Julks,667452,NA,2025-07-28,0,0,0,0,0,0,0,0,0,0,292,Unusable
Chris Taylor,621035,NA,2025-03-31,0,0,0,0,0,0,0,0,0,0,301,Unusable
Chris Taylor,621035,NA,2025-04-28,0,0,0,0,0,0,0,0,0,0,291,Unusable
Chris Taylor,621035,NA,2025-09-15,0,0,0,0,0,0,0,0,0,0,284,Unusable
Javier Baez,595879,NA,2025-03-24,0,0,0,0,0,0,0,0,0,0,283,Unusable
Rece Hinds,677956,NA,2025-05-19,0,0,0,0,0,0,0,0,0,0,293,Unusable
Rece Hinds,677956,NA,2025-07-28,0,0,0,0,0,0,0,0,0,0,292,Unusable
Weston Wilson,642215,NA,2025-05-05,0,0,0,0,0,0,0,0,0,0,296,Unusable
Weston Wilson,642215,NA,2025-08-18,0,0,0,0,0,0,0,0,0,0,278,Unusable
Ezequiel Duran,677649,NA,2025-03-31,0,0,0,0,0,0,0,0,0,0,301,Unusable
Ezequiel Duran,677649,NA,2025-04-07,0,0,0,0,0,0,0,0,0,0,297,Unusable
Ezequiel Duran,677649,NA,2025-04-14,0,0,0,0,0,0,0,0,0,0,296,Unusable
Ezequiel Duran,677649,NA,2025-05-19,0,0,0,0,0,0,0,0,0,0,293,Unusable
Ezequiel Duran,677649,NA,2025-05-26,0,0,0,0,0,0,0,0,0,0,294,Unusable
Ezequiel Duran,677649,NA,2025-06-02,0,0,0,0,0,0,0,0,0,0,293,Unusable
Ezequiel Duran,677649,NA,2025-07-14,0,0,0,0,0,0,0,0,0,0,249,Unusable
Ezequiel Duran,677649,NA,2025-07-21,0,0,0,0,0,0,0,0,0,0,286,Unusable
Jacob Stallings,607732,NA,2025-03-24,0,0,0,0,0,0,0,0,0,0,283,Unusable
Jacob Stallings,607732,NA,2025-04-07,0,0,0,0,0,0,0,0,0,0,297,Unusable
Jacob Stallings,607732,NA,2025-05-12,0,0,0,0,0,0,0,0,0,0,291,Unusable
Jacob Stallings,607732,NA,2025-06-02,0,0,0,0,0,0,0,0,0,0,293,Unusable
Jacob Stallings,607732,NA,2025-07-14,0,0,0,0,0,0,0,0,0,0,249,Unusable
Korey Lee,686676,NA,2025-09-08,0,0,0,0,0,0,0,0,0,0,279,Unusable
Korey Lee,686676,NA,2025-09-15,0,0,0,0,0,0,0,0,0,0,284,Unusable
Gustavo Campero,672569,NA,2025-07-14,0,0,0,0,0,0,0,0,0,0,249,Unusable
Lenyn Sosa,672820,NA,2025-06-02,0,0,0,0,0,0,0,0,0,0,293,Unusable
Jon Berti,542932,NA,2025-03-31,0,0,0,0,0,0,0,0,0,0,301,Unusable
Jon Berti,542932,NA,2025-05-12,0,0,0,0,0,0,0,0,0,0,291,Unusable
Jon Berti,542932,NA,2025-06-02,0,0,0,0,0,0,0,0,0,0,293,Unusable
Jon Berti,542932,NA,2025-06-09,0,0,0,0,0,0,0,0,0,0,288,Unusable
Jon Berti,542932,NA,2025-06-16,0,0,0,0,0,0,0,0,0,0,294,Unusable
Jon Berti,542932,NA,2025-06-30,0,0,0,0,0,0,0,0,0,0,287,Unusable
Jon Berti,542932,NA,2025-07-21,0,0,0,0,0,0,0,0,0,0,286,Unusable
Jon Berti,542932,NA,2025-07-28,0,0,0,0,0,0,0,0,0,0,292,Unusable
Jon Berti,542932,NA,2025-08-04,0,0,0,0,0,0,0,0,0,0,283,Unusable
Ji Hwan Bae,678225,NA,2025-03-24,0,0,0,0,0,0,0,0,0,0,283,Unusable
David Fry,681807,NA,2025-05-26,0,0,0,0,0,0,0,0,0,0,294,Unusable
David Fry,681807,NA,2025-09-22,0,0,0,0,0,0,0,0,0,0,280,Unusable
Henry Davis,680779,NA,2025-04-07,0,0,0,0,0,0,0,0,0,0,297,Unusable
Henry Davis,680779,NA,2025-07-14,0,0,0,0,0,0,0,0,0,0,249,Unusable
Henry Davis,680779,NA,2025-09-08,0,0,0,0,0,0,0,0,0,0,279,Unusable
Miguel Amaya,665804,NA,2025-04-28,0,0,0,0,0,0,0,0,0,0,291,Unusable
Brandon Lockridge,663604,NA,2025-05-26,0,0,0,0,0,0,0,0,0,0,294,Unusable
Brandon Lockridge,663604,NA,2025-06-16,0,0,0,0,0,0,0,0,0,0,294,Unusable
Garrett Hampson,641658,NA,2025-04-21,0,0,0,0,0,0,0,0,0,0,289,Unusable
Garrett Hampson,641658,NA,2025-05-05,0,0,0,0,0,0,0,0,0,0,296,Unusable
Garrett Hampson,641658,NA,2025-06-09,0,0,0,0,0,0,0,0,0,0,288,Unusable
Garrett Hampson,641658,NA,2025-06-16,0,0,0,0,0,0,0,0,0,0,294,Unusable
Garrett Hampson,641658,NA,2025-07-14,0,0,0,0,0,0,0,0,0,0,249,Unusable
Garrett Hampson,641658,NA,2025-07-21,0,0,0,0,0,0,0,0,0,0,286,Unusable
Nick Fortes,663743,NA,2025-05-12,0,0,0,0,0,0,0,0,0,0,291,Unusable
Trey Sweeney,700242,NA,2025-07-14,0,0,0,0,0,0,0,0,0,0,249,Unusable
Trey Sweeney,700242,NA,2025-09-01,0,0,0,0,0,0,0,0,0,0,284,Unusable
Trey Sweeney,700242,NA,2025-09-15,0,0,0,0,0,0,0,0,0,0,284,Unusable
Connor Wong,657136,NA,2025-04-07,0,0,0,0,0,0,0,0,0,0,297,Unusable
Connor Wong,657136,NA,2025-07-14,0,0,0,0,0,0,0,0,0,0,249,Unusable
Connor Wong,657136,NA,2025-09-15,0,0,0,0,0,0,0,0,0,0,284,Unusable
Emmanuel Rivera,656896,NA,2025-06-30,0,0,0,0,0,0,0,0,0,0,287,Unusable
Emmanuel Rivera,656896,NA,2025-09-15,0,0,0,0,0,0,0,0,0,0,284,Unusable
Ramon Laureano,657656,NA,2025-03-24,0,0,0,0,0,0,0,0,0,0,283,Unusable
Ramon Laureano,657656,NA,2025-04-07,0,0,0,0,0,0,0,0,0,0,297,Unusable
Martin Maldonado,455117,NA,2025-04-21,0,0,0,0,0,0,0,0,0,0,289,Unusable
Martin Maldonado,455117,NA,2025-05-19,0,0,0,0,0,0,0,0,0,0,293,Unusable
Daz Cameron,663662,NA,2025-04-21,0,0,0,0,0,0,0,0,0,0,289,Unusable
Daz Cameron,663662,NA,2025-05-12,0,0,0,0,0,0,0,0,0,0,291,Unusable
Daz Cameron,663662,NA,2025-05-19,0,0,0,0,0,0,0,0,0,0,293,Unusable
Daz Cameron,663662,NA,2025-06-16,0,0,0,0,0,0,0,0,0,0,294,Unusable
Daz Cameron,663662,NA,2025-06-23,0,0,0,0,0,0,0,0,0,0,282,Unusable
Austin Hedges,595978,NA,2025-05-19,0,0,0,0,0,0,0,0,0,0,293,Unusable
Austin Hedges,595978,NA,2025-05-26,0,0,0,0,0,0,0,0,0,0,294,Unusable
Austin Hedges,595978,NA,2025-06-02,0,0,0,0,0,0,0,0,0,0,293,Unusable
Austin Hedges,595978,NA,2025-06-09,0,0,0,0,0,0,0,0,0,0,288,Unusable
Austin Hedges,595978,NA,2025-08-25,0,0,0,0,0,0,0,0,0,0,279,Unusable
Luis Campusano,669134,NA,2025-06-09,0,0,0,0,0,0,0,0,0,0,288,Unusable
Luis Campusano,669134,NA,2025-07-07,0,0,0,0,0,0,0,0,0,0,284,Unusable
Luis Torrens,620443,NA,2025-08-11,0,0,0,0,0,0,0,0,0,0,283,Unusable
Andy Ibanez,628451,NA,2025-08-25,0,0,0,0,0,0,0,0,0,0,279,Unusable
Dylan Carlson,666185,NA,2025-04-21,0,0,0,0,0,0,0,0,0,0,289,Unusable
Dylan Carlson,666185,NA,2025-05-05,0,0,0,0,0,0,0,0,0,0,296,Unusable
Dylan Carlson,666185,NA,2025-06-23,0,0,0,0,0,0,0,0,0,0,282,Unusable
Dylan Carlson,666185,NA,2025-06-30,0,0,0,0,0,0,0,0,0,0,287,Unusable
Dylan Carlson,666185,NA,2025-08-04,0,0,0,0,0,0,0,0,0,0,283,Unusable
Dylan Moore,664238,NA,2025-06-02,0,0,0,0,0,0,0,0,0,0,293,Unusable
Travis d'Arnaud,518595,NA,2025-05-05,0,0,0,0,0,0,0,0,0,0,296,Unusable
Travis d'Arnaud,518595,NA,2025-06-30,0,0,0,0,0,0,0,0,0,0,287,Unusable
Travis d'Arnaud,518595,NA,2025-07-14,0,0,0,0,0,0,0,0,0,0,249,Unusable
Travis d'Arnaud,518595,NA,2025-09-08,0,0,0,0,0,0,0,0,0,0,279,Unusable
Derek Hill,656537,NA,2025-04-14,0,0,0,0,0,0,0,0,0,0,296,Unusable
Derek Hill,656537,NA,2025-06-30,0,0,0,0,0,0,0,0,0,0,287,Unusable
Derek Hill,656537,NA,2025-07-21,0,0,0,0,0,0,0,0,0,0,286,Unusable
Derek Hill,656537,NA,2025-09-01,0,0,0,0,0,0,0,0,0,0,284,Unusable
Vidal Brujan,660644,NA,2025-03-17,0,0,0,0,0,0,0,0,0,0,19,H2
Vidal Brujan,660644,NA,2025-04-28,0,0,0,0,0,0,0,0,0,0,291,Unusable
Vidal Brujan,660644,NA,2025-05-05,0,0,0,0,0,0,0,0,0,0,296,Unusable
Vidal Brujan,660644,NA,2025-05-19,0,0,0,0,0,0,0,0,0,0,293,Unusable
Vidal Brujan,660644,NA,2025-05-26,0,0,0,0,0,0,0,0,0,0,294,Unusable
Vidal Brujan,660644,NA,2025-06-02,0,0,0,0,0,0,0,0,0,0,293,Unusable
Vidal Brujan,660644,NA,2025-06-30,0,0,0,0,0,0,0,0,0,0,287,Unusable
Vidal Brujan,660644,NA,2025-07-28,0,0,0,0,0,0,0,0,0,0,292,Unusable
Vidal Brujan,660644,NA,2025-09-01,0,0,0,0,0,0,0,0,0,0,284,Unusable
Vidal Brujan,660644,NA,2025-09-08,0,0,0,0,0,0,0,0,0,0,279,Unusable
Nick Maton,665155,NA,2025-05-05,0,0,0,0,0,0,0,0,0,0,296,Unusable
Eddie Rosario,592696,NA,2025-04-28,0,0,0,0,0,0,0,0,0,0,291,Unusable
Ramon Urias,602104,NA,2025-07-07,0,0,0,0,0,0,0,0,0,0,284,Unusable
Ramon Urias,602104,NA,2025-09-08,0,0,0,0,0,0,0,0,0,0,279,Unusable
Alan Trejo,676701,NA,2025-05-12,0,0,0,0,0,0,0,0,0,0,291,Unusable
Max Schuemann,680474,NA,2025-03-24,0,0,0,0,0,0,0,0,0,0,283,Unusable
Max Schuemann,680474,NA,2025-04-07,0,0,0,0,0,0,0,0,0,0,297,Unusable
Johnathan Rodriguez,671286,NA,2025-03-31,0,0,0,0,0,0,0,0,0,0,301,Unusable
Johnathan Rodriguez,671286,NA,2025-06-30,0,0,0,0,0,0,0,0,0,0,287,Unusable
Johnathan Rodriguez,671286,NA,2025-07-28,0,0,0,0,0,0,0,0,0,0,292,Unusable
Travis Jankowski,608671,NA,2025-06-23,0,0,0,0,0,0,0,0,0,0,282,Unusable
Travis Jankowski,608671,NA,2025-07-07,0,0,0,0,0,0,0,0,0,0,284,Unusable
Kyle Farmer,571657,NA,2025-07-14,0,0,0,0,0,0,0,0,0,0,249,Unusable
Kyle Farmer,571657,NA,2025-08-18,0,0,0,0,0,0,0,0,0,0,278,Unusable
Kyle Farmer,571657,NA,2025-09-01,0,0,0,0,0,0,0,0,0,0,284,Unusable
Kyle Farmer,571657,NA,2025-09-22,0,0,0,0,0,0,0,0,0,0,280,Unusable
Dominic Fletcher,666150,NA,2025-09-08,0,0,0,0,0,0,0,0,0,0,279,Unusable
Kevin Alcantara,682634,NA,2025-09-08,0,0,0,0,0,0,0,0,0,0,279,Unusable
Luis Urias,649966,NA,2025-07-14,0,0,0,0,0,0,0,0,0,0,249,Unusable
Josh Rojas,668942,NA,2025-08-11,0,0,0,0,0,0,0,0,0,0,283,Unusable
Connor Joe,656582,NA,2025-04-14,0,0,0,0,0,0,0,0,0,0,296,Unusable
Connor Joe,656582,NA,2025-05-26,0,0,0,0,0,0,0,0,0,0,294,Unusable
Connor Joe,656582,NA,2025-07-07,0,0,0,0,0,0,0,0,0,0,284,Unusable
Connor Joe,656582,NA,2025-07-28,0,0,0,0,0,0,0,0,0,0,292,Unusable
Tyler Wade,642180,NA,2025-04-07,0,0,0,0,0,0,0,0,0,0,297,Unusable
Tyler Wade,642180,NA,2025-05-12,0,0,0,0,0,0,0,0,0,0,291,Unusable
Tyler Wade,642180,NA,2025-06-30,0,0,0,0,0,0,0,0,0,0,287,Unusable
Tyler Wade,642180,NA,2025-07-07,0,0,0,0,0,0,0,0,0,0,284,Unusable
Tyler Wade,642180,NA,2025-07-14,0,0,0,0,0,0,0,0,0,0,249,Unusable
Tyler Wade,642180,NA,2025-07-21,0,0,0,0,0,0,0,0,0,0,286,Unusable
Gio Urshela,570482,NA,2025-05-12,0,0,0,0,0,0,0,0,0,0,291,Unusable
Gio Urshela,570482,NA,2025-07-14,0,0,0,0,0,0,0,0,0,0,249,Unusable
Jonatan Clase,682729,NA,2025-04-21,0,0,0,0,0,0,0,0,0,0,289,Unusable
Jose Tena,677588,NA,2025-03-31,0,0,0,0,0,0,0,0,0,0,301,Unusable
Jose Tena,677588,NA,2025-04-07,0,0,0,0,0,0,0,0,0,0,297,Unusable
Jose Tena,677588,NA,2025-08-04,0,0,0,0,0,0,0,0,0,0,283,Unusable
Ronny Mauricio,677595,NA,2025-09-01,0,0,0,0,0,0,0,0,0,0,284,Unusable
Ronny Mauricio,677595,NA,2025-09-15,0,0,0,0,0,0,0,0,0,0,284,Unusable
Drew Waters,671221,NA,2025-06-30,0,0,0,0,0,0,0,0,0,0,287,Unusable
Jake Bauers,641343,NA,2025-04-14,0,0,0,0,0,0,0,0,0,0,296,Unusable
Jake Bauers,641343,NA,2025-07-14,0,0,0,0,0,0,0,0,0,0,249,Unusable
Jorge Mateo,622761,NA,2025-03-24,0,0,0,0,0,0,0,0,0,0,283,Unusable
Jorge Mateo,622761,NA,2025-06-02,0,0,0,0,0,0,0,0,0,0,293,Unusable
Jorge Mateo,622761,NA,2025-09-22,0,0,0,0,0,0,0,0,0,0,280,Unusable
Thomas Saggese,695336,NA,2025-06-23,0,0,0,0,0,0,0,0,0,0,282,Unusable
Thomas Saggese,695336,NA,2025-07-21,0,0,0,0,0,0,0,0,0,0,286,Unusable
Luke Williams,663897,NA,2025-06-09,0,0,0,0,0,0,0,0,0,0,288,Unusable
Luke Williams,663897,NA,2025-06-23,0,0,0,0,0,0,0,0,0,0,282,Unusable
Luke Williams,663897,NA,2025-06-30,0,0,0,0,0,0,0,0,0,0,287,Unusable
Luke Williams,663897,NA,2025-07-07,0,0,0,0,0,0,0,0,0,0,284,Unusable
Luke Williams,663897,NA,2025-07-14,0,0,0,0,0,0,0,0,0,0,249,Unusable
Luke Williams,663897,NA,2025-07-21,0,0,0,0,0,0,0,0,0,0,286,Unusable
Luke Williams,663897,NA,2025-08-11,0,0,0,0,0,0,0,0,0,0,283,Unusable
Luke Williams,663897,NA,2025-08-18,0,0,0,0,0,0,0,0,0,0,278,Unusable
Luke Williams,663897,NA,2025-09-15,0,0,0,0,0,0,0,0,0,0,284,Unusable
Terrin Vavra,679631,NA,2025-07-28,0,0,0,0,0,0,0,0,0,0,292,Unusable
Yuli Gurriel,493329,NA,2025-04-21,0,0,0,0,0,0,0,0,0,0,289,Unusable
Jose Iglesias,578428,NA,2025-03-24,0,0,0,0,0,0,0,0,0,0,283,Unusable
Jose Trevino,624431,NA,2025-06-30,0,0,0,0,0,0,0,0,0,0,287,Unusable
Jose Trevino,624431,NA,2025-09-22,0,0,0,0,0,0,0,0,0,0,280,Unusable
Kevin Pillar,607680,NA,2025-04-28,0,0,0,0,0,0,0,0,0,0,291,Unusable
Kevin Pillar,607680,NA,2025-05-12,0,0,0,0,0,0,0,0,0,0,291,Unusable
Kevin Pillar,607680,NA,2025-05-19,0,0,0,0,0,0,0,0,0,0,293,Unusable
Andrew Knizner,668800,NA,2025-06-02,0,0,0,0,0,0,0,0,0,0,293,Unusable
Andrew Knizner,668800,NA,2025-07-07,0,0,0,0,0,0,0,0,0,0,284,Unusable
Andrew Knizner,668800,NA,2025-07-21,0,0,0,0,0,0,0,0,0,0,286,Unusable
Andrew Knizner,668800,NA,2025-08-11,0,0,0,0,0,0,0,0,0,0,283,Unusable
