player_name,mlbid,final_adp,week,x1b,x2b,x3b,hr,bb,hbp,r,rbi,sb,ud_points,week_rank,rank_group
Nick Kurtz,701762,NA,2025-07-21,5,5,0,5,3,0,9,11,1,148,1,IF1
Jose Ramirez,608070,8.37,2025-07-07,2,1,0,4,5,1,10,11,7,140,1,IF1
Pete Alonso,624413,29.95,2025-06-02,5,2,0,5,3,2,9,15,0,140,1,IF1
Cal Raleigh,663728,152.19,2025-06-16,3,2,0,5,3,0,10,12,2,132,1,IF1
Vinnie Pasquantino,686469,131.56,2025-08-18,3,2,0,6,2,1,7,12,0,128,1,IF1
Matt Olson,621566,21.79,2025-09-15,4,4,1,3,4,1,9,10,0,127,1,IF1
Trea Turner,607208,35.91,2025-05-19,6,2,1,3,3,0,8,8,4,125,1,IF1
Freddie Freeman,518692,26.39,2025-05-05,7,3,1,3,2,0,7,12,0,121,1,IF1
Junior Caminero,691406,65.87,2025-05-26,3,4,0,4,1,0,8,13,0,118,1,IF1
Francisco Lindor,596019,17.8,2025-08-11,8,3,0,3,3,0,7,7,2,117,1,IF1
Cal Raleigh,663728,152.19,2025-05-26,2,0,0,6,3,1,6,10,1,114,2,IF1
Jose Altuve,514888,81.09,2025-06-30,4,2,1,3,4,0,9,10,0,112,1,IF1
Otto Lopez,672640,NA,2025-06-23,7,2,0,2,3,1,8,13,1,111,1,IF1
Elly De La Cruz,682829,5.23,2025-06-09,6,2,0,4,2,0,8,7,1,110,1,IF1
Bryce Harper,547180,27.32,2025-04-14,3,2,0,3,7,0,8,9,1,110,1,IF1
Rafael Devers,646240,35.39,2025-08-25,6,2,0,3,4,0,9,10,0,110,1,IF1
Michael Busch,683737,226.9,2025-06-30,7,2,0,4,2,1,7,7,0,110,2,IF1
Trea Turner,607208,35.91,2025-08-18,8,1,1,2,1,0,7,9,4,109,2,IF1
Nick Kurtz,701762,NA,2025-07-07,2,2,0,4,4,0,8,9,1,108,2,IF1
Trevor Story,596115,238.76,2025-06-30,6,3,0,3,1,0,7,10,1,107,3,IF1
Michael Busch,683737,226.9,2025-09-22,0,3,1,4,4,0,6,8,0,106,1,IF1
William Contreras,661388,61.55,2025-07-28,8,2,0,3,2,0,11,5,0,104,1,IF1
Eugenio Suarez,553993,104.99,2025-06-16,5,2,0,4,0,2,5,10,0,103,2,IF1
Trevor Story,596115,238.76,2025-07-28,2,4,0,3,2,1,7,8,1,103,2,IF1
Mookie Betts,605141,16.08,2025-09-08,7,3,0,2,3,0,7,10,0,102,1,IF1
Freddie Freeman,518692,26.39,2025-08-18,4,3,0,3,3,1,7,6,1,102,3,IF1
Alex Bregman,608324,60.11,2025-03-31,4,5,0,2,2,0,7,10,0,102,1,IF1
Pete Alonso,624413,29.95,2025-04-28,6,2,0,2,7,1,8,5,0,100,1,IF1
Corey Seager,608369,43.68,2025-07-07,7,2,0,2,6,1,8,5,0,100,3,IF1
Jose Altuve,514888,81.09,2025-08-04,6,1,0,3,4,0,7,6,2,100,1,IF1
Francisco Lindor,596019,17.8,2025-05-05,4,2,0,3,2,1,5,7,3,99,2,IF1
CJ Abrams,682928,79.08,2025-06-16,5,1,0,2,6,0,8,4,4,99,3,IF1
Josh Naylor,647304,89.6,2025-08-04,2,2,0,3,2,1,6,5,5,99,2,IF1
Zach Neto,687263,202.06,2025-07-07,8,2,0,2,3,0,10,3,2,99,4,IF1
Geraldo Perdomo,672695,240,2025-08-11,5,1,0,2,6,0,9,3,4,99,2,IF1
Ketel Marte,606466,37.6,2025-06-02,4,0,0,4,6,0,6,8,0,98,2,IF1
Mark Vientos,668901,83.69,2025-08-25,3,2,0,3,3,2,6,10,0,98,2,IF1
Isaac Paredes,670623,121.15,2025-05-19,6,1,0,4,1,1,7,7,0,98,2,IF1
Jeremy Pena,665161,180.02,2025-05-26,6,1,0,3,2,0,6,5,4,98,3,IF1
Willson Contreras,575929,182.14,2025-07-21,3,5,0,2,2,3,6,6,0,98,2,IF1
Jose Ramirez,608070,8.37,2025-03-31,2,2,0,4,4,1,5,5,1,97,2,IF1
Pete Alonso,624413,29.95,2025-03-31,3,2,0,3,3,1,6,11,0,97,2,IF1
Rafael Devers,646240,35.39,2025-03-31,6,3,0,1,7,0,8,7,0,97,2,IF1
Ketel Marte,606466,37.6,2025-08-11,5,3,0,2,3,1,6,8,1,97,3,IF1
Oneil Cruz,665833,50.09,2025-05-19,2,1,1,3,5,0,7,5,2,97,3,IF1
Cal Raleigh,663728,152.19,2025-04-14,3,1,0,4,4,0,5,8,1,97,2,IF1
Yandy Diaz,650490,154.91,2025-09-15,10,2,0,1,9,0,5,4,0,97,2,IF1
Isaac Collins,686555,NA,2025-08-04,4,2,1,2,3,2,6,7,1,97,3,IF1
Ryan McMahon,641857,172.9,2025-05-05,4,2,0,3,6,0,8,4,0,96,3,IF1
Jose Ramirez,608070,8.37,2025-07-21,5,2,0,2,5,1,7,4,2,95,3,IF1
Rafael Devers,646240,35.39,2025-05-19,4,1,0,3,5,0,6,10,0,95,4,IF1
Willy Adames,642715,76.34,2025-06-30,7,2,0,2,4,0,6,9,0,95,4,IF1
CJ Abrams,682928,79.08,2025-05-12,3,2,0,4,2,0,8,4,1,95,1,IF1
Eugenio Suarez,553993,104.99,2025-04-21,3,1,0,4,3,1,9,5,0,95,1,IF1
Max Muncy,571970,161.48,2025-05-26,3,0,0,4,2,0,6,12,1,95,4,IF1
Jose Ramirez,608070,8.37,2025-09-15,4,2,0,2,5,1,8,4,2,94,3,IF1
Andrew Vaughn,683734,236.76,2025-07-28,8,0,0,3,2,0,7,10,0,94,3,IF1
Josh Smith,669701,239.59,2025-06-09,6,3,0,2,4,0,9,4,0,94,2,IF1
Maikel Garcia,672580,239.72,2025-04-28,8,2,0,2,2,0,4,4,4,94,2,IF1
Colson Montgomery,695657,239.98,2025-09-01,4,0,0,3,5,1,9,8,0,94,1,IF1
Ernie Clement,676391,NA,2025-08-04,6,2,1,3,0,0,9,4,0,94,4,IF1
Jose Ramirez,608070,8.37,2025-05-12,4,1,0,3,3,0,7,5,3,93,2,IF1
Pete Alonso,624413,29.95,2025-04-14,4,3,1,2,5,0,4,6,0,93,3,IF1
Bo Bichette,666182,84.67,2025-08-04,4,2,0,3,1,0,8,10,0,93,5,IF1
Bo Bichette,666182,84.67,2025-09-01,3,4,0,2,4,0,6,8,0,93,2,IF1
Matt Chapman,656305,93.14,2025-04-14,6,1,0,2,7,0,4,6,2,93,3,IF1
Zach Neto,687263,202.06,2025-08-11,3,1,0,4,3,1,5,8,0,93,4,IF1
Shea Langeliers,669127,226.05,2025-08-04,4,2,0,4,1,0,6,7,0,93,5,IF1
Jorge Polanco,593871,239.99,2025-04-21,2,2,0,4,2,1,5,8,0,93,2,IF1
William Contreras,661388,61.55,2025-04-07,4,2,0,3,2,0,6,10,0,92,1,IF1
Josh Naylor,647304,89.6,2025-06-09,7,2,0,2,3,0,6,9,0,92,3,IF1
Anthony Volpe,683011,135.32,2025-07-28,3,1,1,3,1,0,7,5,3,92,4,IF1
Nick Kurtz,701762,NA,2025-05-19,3,0,0,4,5,0,5,9,0,92,5,IF1
Nick Kurtz,701762,NA,2025-06-16,2,2,0,4,2,0,6,8,0,92,4,IF1
Freddie Freeman,518692,26.39,2025-04-28,6,2,0,2,5,0,6,7,0,91,3,IF1
Ketel Marte,606466,37.6,2025-06-16,5,5,0,1,2,0,8,7,0,91,5,IF1
Marcus Semien,543760,65.54,2025-07-07,5,0,0,3,3,1,10,7,0,91,5,IF1
Matt Chapman,656305,93.14,2025-07-21,3,1,1,3,3,1,5,8,0,91,4,IF1
Zach Neto,687263,202.06,2025-05-12,2,3,0,3,3,0,7,7,0,91,3,IF1
Agustin Ramirez,682663,NA,2025-06-23,5,4,1,1,2,0,8,6,0,91,2,IF1
Dylan Moore,664238,NA,2025-04-14,6,1,0,3,1,0,6,5,3,91,5,IF1
Gunnar Henderson,683002,12.24,2025-07-28,6,1,0,2,4,0,8,9,0,90,5,IF1
Pete Alonso,624413,29.95,2025-08-25,9,2,0,2,1,0,7,7,0,90,3,IF1
Corey Seager,608369,43.68,2025-06-23,3,0,0,3,6,1,6,7,1,90,3,IF1
Oneil Cruz,665833,50.09,2025-04-21,5,1,0,3,3,0,6,5,2,90,3,IF1
Matt Shaw,807713,227.33,2025-07-21,3,2,0,3,1,0,5,9,2,90,5,IF1
Logan O'Hoppe,681351,238.67,2025-05-19,5,1,0,4,1,0,6,7,0,90,6,IF1
Noelvi Marte,682622,239.78,2025-04-21,6,2,0,2,2,0,3,8,3,90,3,IF1
Alex Bregman,608324,60.11,2025-04-21,6,4,0,1,5,0,5,6,0,89,5,IF1
Bo Bichette,666182,84.67,2025-07-21,6,5,0,1,1,0,4,10,0,89,6,IF1
Tyler Fitzgerald,666149,237.85,2025-04-14,5,2,1,2,2,0,7,5,1,89,6,IF1
Francisco Alvarez,682626,239.35,2025-08-11,3,3,0,3,0,0,7,9,0,89,5,IF1
Kyle Teel,691019,239.94,2025-08-18,8,1,0,2,3,0,7,8,0,89,4,IF1
Geraldo Perdomo,672695,240,2025-04-28,6,3,0,1,3,0,3,8,3,89,4,IF1
Ernie Clement,676391,NA,2025-05-26,7,4,0,2,0,0,6,6,0,89,5,IF1
Pete Alonso,624413,29.95,2025-09-15,6,1,0,3,3,1,6,5,0,88,4,IF1
Rafael Devers,646240,35.39,2025-05-05,7,1,0,2,5,0,3,8,1,88,4,IF1
Ozzie Albies,645277,58.95,2025-08-25,4,2,0,3,2,0,4,10,0,88,4,IF1
Mark Vientos,668901,83.69,2025-08-18,2,2,0,4,2,0,5,7,0,88,5,IF1
Max Muncy,571970,161.48,2025-06-16,2,0,1,2,6,0,6,10,1,88,6,IF1
Nico Hoerner,663538,212.11,2025-03-31,9,1,0,0,3,0,6,5,6,88,5,IF1
Colson Montgomery,695657,239.98,2025-09-22,4,3,0,3,2,0,5,6,0,88,2,IF1
Agustin Ramirez,682663,NA,2025-04-21,2,4,0,3,2,0,4,5,1,88,6,IF1
Jose Ramirez,608070,8.37,2025-05-26,6,3,0,2,3,0,6,3,1,87,6,IF1
Gunnar Henderson,683002,12.24,2025-08-18,6,0,1,2,2,1,6,4,3,87,6,IF1
Francisco Lindor,596019,17.8,2025-09-15,6,1,0,2,4,1,9,3,1,87,5,IF1
Manny Machado,592518,45.54,2025-06-02,8,0,0,3,3,0,4,6,1,87,3,IF1
Willy Adames,642715,76.34,2025-04-28,3,2,0,3,4,0,6,4,1,87,5,IF1
Bo Bichette,666182,84.67,2025-06-16,6,2,0,3,1,0,5,7,0,87,7,IF1
Xander Bogaerts,593428,211.87,2025-08-04,3,1,0,3,2,0,7,5,3,87,7,IF1
Jonathan Aranda,666018,239.63,2025-05-26,6,3,0,1,4,1,7,6,0,87,6,IF1
Zach McKinstry,656716,NA,2025-07-07,1,2,0,2,5,1,4,5,4,87,6,IF1
Freddie Freeman,518692,26.39,2025-07-28,8,2,0,2,2,0,4,8,0,86,6,IF1
Oneil Cruz,665833,50.09,2025-04-14,3,1,0,3,3,0,6,6,2,86,7,IF1
William Contreras,661388,61.55,2025-08-25,5,2,0,3,1,0,7,6,0,86,5,IF1
Yandy Diaz,650490,154.91,2025-06-16,9,2,0,2,1,2,6,3,0,86,8,IF1
Tyler Soderstrom,691016,238.1,2025-06-02,3,0,1,2,6,1,4,8,1,86,4,IF1
Ty France,664034,239.69,2025-04-07,7,2,0,2,2,1,6,6,0,86,2,IF1
Spencer Horwitz,687462,239.83,2025-09-22,5,3,0,2,3,0,5,7,0,86,3,IF1
Geraldo Perdomo,672695,240,2025-06-23,5,2,0,1,5,0,7,6,2,86,4,IF1
Geraldo Perdomo,672695,240,2025-08-18,5,0,2,1,5,0,6,5,2,86,7,IF1
Jose Caballero,676609,NA,2025-05-26,3,3,0,1,2,1,6,6,4,86,8,IF1
William Contreras,661388,61.55,2025-08-11,7,2,0,1,4,0,4,9,1,85,6,IF1
Cal Raleigh,663728,152.19,2025-09-15,2,1,0,4,3,0,6,6,0,85,6,IF1
Xavier Edwards,669364,165.36,2025-08-04,13,2,0,0,0,0,3,4,5,85,8,IF1
Michael Busch,683737,226.9,2025-04-07,3,3,1,2,0,2,6,6,0,85,3,IF1
Brice Turang,668930,230.59,2025-08-18,8,1,0,2,2,1,5,6,1,85,8,IF1
Kyle Teel,691019,239.94,2025-09-01,2,2,0,2,6,1,5,6,1,85,3,IF1
Jose Ramirez,608070,8.37,2025-07-28,6,1,0,2,4,0,7,5,1,84,7,IF1
Mookie Betts,605141,16.08,2025-04-28,6,1,1,1,2,0,9,9,0,84,6,IF1
Junior Caminero,691406,65.87,2025-09-01,6,3,0,2,0,0,5,9,0,84,4,IF1
Vinnie Pasquantino,686469,131.56,2025-06-02,10,1,0,2,1,1,4,7,0,84,5,IF1
Anthony Volpe,683011,135.32,2025-03-31,4,3,0,2,1,1,6,8,0,84,6,IF1
Jeremy Pena,665161,180.02,2025-09-15,5,2,0,2,2,1,8,6,0,84,7,IF1
Josh Bell,605137,238,2025-05-26,6,0,0,3,3,1,5,7,0,84,9,IF1
Maikel Garcia,672580,239.72,2025-06-02,3,2,0,2,3,0,5,6,3,84,5,IF1
Maikel Garcia,672580,239.72,2025-07-21,3,1,2,2,3,0,6,4,1,84,7,IF1
Ryan O'Hearn,656811,239.89,2025-05-19,9,2,0,1,4,1,4,4,1,84,7,IF1
Jorge Polanco,593871,239.99,2025-09-08,1,10,0,0,1,0,3,6,0,84,2,IF1
Isaac Collins,686555,NA,2025-06-16,3,2,0,2,3,0,7,8,1,84,9,IF1
Elly De La Cruz,682829,5.23,2025-04-14,4,0,0,2,5,0,5,5,4,83,8,IF1
Ozzie Albies,645277,58.95,2025-09-01,6,1,1,2,1,0,6,4,2,83,5,IF1
Marcus Semien,543760,65.54,2025-06-30,4,1,0,2,5,0,6,7,1,83,5,IF1
Willy Adames,642715,76.34,2025-07-21,5,3,0,1,5,1,7,4,0,83,8,IF1
Max Muncy,571970,161.48,2025-08-04,4,0,0,3,7,0,4,6,0,83,9,IF1
Nico Hoerner,663538,212.11,2025-09-08,7,3,1,0,2,0,6,3,3,83,3,IF1
Ben Rice,700250,239.01,2025-08-11,4,2,0,2,5,0,4,8,0,83,7,IF1
Elly De La Cruz,682829,5.23,2025-07-07,5,3,1,0,5,0,4,3,3,82,7,IF1
Alex Bregman,608324,60.11,2025-04-28,2,2,0,3,3,1,6,5,0,82,7,IF1
Bo Bichette,666182,84.67,2025-05-26,3,2,0,3,3,0,4,7,0,82,10,IF1
Matt Chapman,656305,93.14,2025-06-02,3,3,0,2,2,1,5,4,2,82,7,IF1
Cal Raleigh,663728,152.19,2025-09-08,3,2,0,1,10,1,7,2,0,82,4,IF1
Nathaniel Lowe,663993,192.46,2025-04-28,4,2,0,2,3,1,5,8,0,82,7,IF1
Shea Langeliers,669127,226.05,2025-07-21,7,0,0,3,3,0,5,6,0,82,9,IF1
Jeff McNeil,643446,239.75,2025-08-18,1,2,0,3,2,1,5,9,0,82,9,IF1
Spencer Horwitz,687462,239.83,2025-07-28,5,2,0,2,3,0,5,8,0,82,8,IF1
Elly De La Cruz,682829,5.23,2025-05-26,2,2,0,3,3,0,8,4,0,81,11,IF1
Francisco Lindor,596019,17.8,2025-08-18,7,2,0,1,4,0,6,1,3,81,10,IF1
Junior Caminero,691406,65.87,2025-08-04,4,0,0,4,1,0,5,8,0,81,10,IF1
Max Muncy,571970,161.48,2025-06-23,5,1,0,2,2,0,7,10,0,81,5,IF1
Rhys Hoskins,656555,172.72,2025-04-14,6,0,0,3,0,1,5,8,1,81,9,IF1
Josh Jung,673962,208.9,2025-05-12,6,0,0,3,1,0,6,7,1,81,4,IF1
Spencer Torkelson,679529,237.98,2025-04-14,2,2,0,2,5,0,4,10,0,81,9,IF1
Casey Schmitt,669477,239.77,2025-06-09,4,0,0,3,3,0,4,11,0,81,4,IF1
Elly De La Cruz,682829,5.23,2025-03-31,3,2,0,2,1,0,5,9,2,80,7,IF1
Oneil Cruz,665833,50.09,2025-07-21,3,3,0,1,3,0,4,5,4,80,10,IF1
Christian Walker,572233,74.01,2025-06-30,11,0,0,2,0,1,4,8,0,80,6,IF1
Willy Adames,642715,76.34,2025-08-25,4,0,0,3,2,0,7,7,1,80,6,IF1
CJ Abrams,682928,79.08,2025-06-23,7,2,1,1,1,0,4,5,2,80,6,IF1
Josh Jung,673962,208.9,2025-08-25,8,4,0,1,0,0,5,6,0,80,6,IF1
Nico Hoerner,663538,212.11,2025-05-12,5,3,0,0,2,1,9,4,3,80,5,IF1
Will Smith,669257,215.77,2025-06-16,2,3,0,3,2,0,6,4,0,80,10,IF1
Jacob Wilson,805779,238.09,2025-06-02,9,3,0,1,1,0,5,6,0,80,8,IF1
Geraldo Perdomo,672695,240,2025-09-08,5,0,0,2,5,2,4,4,2,80,5,IF1
Liover Peguero,678894,NA,2025-07-28,1,1,0,4,1,0,5,7,1,80,9,IF1
Lenyn Sosa,672820,NA,2025-07-28,9,0,0,2,3,0,6,6,0,80,9,IF1
Agustin Ramirez,682663,NA,2025-09-15,3,4,0,1,3,0,6,4,2,80,8,IF1
Francisco Lindor,596019,17.8,2025-05-26,5,1,0,3,2,0,6,5,0,79,12,IF1
Francisco Lindor,596019,17.8,2025-09-22,2,1,0,3,5,0,5,6,0,79,4,IF1
CJ Abrams,682928,79.08,2025-04-28,7,3,1,0,1,3,5,3,1,79,9,IF1
Jose Altuve,514888,81.09,2025-06-09,4,4,0,1,2,1,4,6,1,79,5,IF1
Josh Naylor,647304,89.6,2025-04-14,6,0,0,3,3,0,6,5,0,79,11,IF1
Josh Naylor,647304,89.6,2025-09-08,6,1,0,1,1,0,7,8,3,79,6,IF1
Cal Raleigh,663728,152.19,2025-05-12,2,1,0,3,3,0,5,7,1,79,6,IF1
Nathaniel Lowe,663993,192.46,2025-06-16,1,1,0,4,2,0,5,7,0,79,11,IF1
Bryson Stott,681082,202.3,2025-08-18,4,2,0,2,1,0,6,6,2,79,11,IF1
Nico Hoerner,663538,212.11,2025-06-23,7,0,0,3,2,0,5,4,1,79,7,IF1
Brandon Lowe,664040,213.94,2025-05-12,6,1,0,2,3,0,5,6,1,79,6,IF1
Jake Cronenworth,630105,229.63,2025-08-25,4,3,0,1,6,1,4,5,0,79,8,IF1
Brice Turang,668930,230.59,2025-09-01,6,1,1,1,5,0,4,5,1,79,6,IF1
Josh Bell,605137,238,2025-09-08,5,0,0,3,0,0,5,12,0,79,6,IF1
Logan O'Hoppe,681351,238.67,2025-03-31,4,0,0,4,1,0,4,8,0,79,8,IF1
Javier Baez,595879,NA,2025-04-28,2,2,0,3,0,1,7,7,0,79,9,IF1
Francisco Lindor,596019,17.8,2025-08-25,8,1,0,1,1,1,6,4,3,78,9,IF1
Bryce Harper,547180,27.32,2025-05-19,6,3,0,1,0,2,4,7,1,78,8,IF1
Rafael Devers,646240,35.39,2025-05-12,4,2,0,2,4,0,4,7,0,78,8,IF1
Rafael Devers,646240,35.39,2025-06-02,2,2,0,2,4,2,6,5,0,78,9,IF1
Rafael Devers,646240,35.39,2025-09-22,1,2,0,3,5,0,5,4,0,78,5,IF1
Manny Machado,592518,45.54,2025-07-21,8,4,0,1,0,2,1,6,0,78,11,IF1
Eugenio Suarez,553993,104.99,2025-05-05,3,2,0,2,4,1,5,6,0,78,5,IF1
Dansby Swanson,621020,124.49,2025-08-25,3,0,1,3,1,0,5,7,1,78,9,IF1
Vinnie Pasquantino,686469,131.56,2025-06-30,3,3,0,2,2,1,3,8,0,78,7,IF1
Cal Raleigh,663728,152.19,2025-06-02,3,1,0,3,1,0,5,8,1,78,9,IF1
Jeremy Pena,665161,180.02,2025-06-16,7,1,0,2,2,1,5,6,0,78,12,IF1
Willson Contreras,575929,182.14,2025-06-09,3,1,0,2,4,3,4,7,0,78,6,IF1
Michael Busch,683737,226.9,2025-09-15,1,2,0,3,5,0,5,4,0,78,9,IF1
Maikel Garcia,672580,239.72,2025-08-04,6,3,0,1,4,0,3,3,2,78,11,IF1
Ivan Herrera,671056,NA,2025-05-12,7,3,0,1,1,2,5,5,0,78,8,IF1
Elly De La Cruz,682829,5.23,2025-06-23,9,0,1,1,2,0,6,5,1,77,8,IF1
Matt Olson,621566,21.79,2025-08-25,5,2,0,2,3,1,4,5,0,77,11,IF1
Bryce Harper,547180,27.32,2025-07-07,2,5,0,1,5,0,5,1,1,77,8,IF1
Rafael Devers,646240,35.39,2025-04-21,2,1,0,2,6,1,7,5,0,77,7,IF1
Rafael Devers,646240,35.39,2025-09-01,4,0,0,3,3,0,6,7,0,77,7,IF1
Ketel Marte,606466,37.6,2025-05-12,3,0,0,3,2,2,6,5,1,77,10,IF1
Christian Walker,572233,74.01,2025-09-22,3,1,0,4,0,0,5,6,0,77,6,IF1
Eugenio Suarez,553993,104.99,2025-03-24,0,0,0,4,2,1,5,7,1,77,1,IF1
Eugenio Suarez,553993,104.99,2025-05-12,3,1,0,2,1,3,5,10,0,77,10,IF1
Eugenio Suarez,553993,104.99,2025-07-07,1,2,0,3,3,1,5,5,0,77,8,IF1
Jordan Westburg,676059,108.66,2025-06-09,2,1,0,3,2,1,5,8,0,77,7,IF1
Dansby Swanson,621020,124.49,2025-05-12,5,0,0,2,4,0,5,4,3,77,10,IF1
Xavier Edwards,669364,165.36,2025-04-07,9,0,0,0,6,0,6,2,4,77,4,IF1
Ryan McMahon,641857,172.9,2025-06-09,2,1,0,3,5,0,5,5,0,77,7,IF1
Willson Contreras,575929,182.14,2025-04-28,7,0,0,2,1,3,4,8,0,77,11,IF1
Carlos Correa,621043,209.38,2025-08-04,9,2,0,1,4,0,3,5,0,77,12,IF1
Kristian Campbell,692225,212.49,2025-03-31,3,2,0,1,6,0,8,4,1,77,9,IF1
Brandon Lowe,664040,213.94,2025-06-23,5,0,0,3,2,0,6,7,0,77,8,IF1
Shea Langeliers,669127,226.05,2025-09-22,9,4,0,1,0,0,4,4,0,77,6,IF1
Brice Turang,668930,230.59,2025-08-25,6,0,1,2,3,0,7,4,0,77,11,IF1
Gavin Lux,666158,238.36,2025-04-14,10,1,0,0,5,0,7,4,1,77,12,IF1
Nolan Schanuel,694384,239.52,2025-06-16,5,2,0,2,0,2,4,8,0,77,13,IF2
Jeff McNeil,643446,239.75,2025-06-02,3,2,0,3,2,0,5,5,0,77,11,IF1
Ivan Herrera,671056,NA,2025-09-08,4,1,0,2,3,4,5,2,1,77,8,IF1
Elly De La Cruz,682829,5.23,2025-07-21,3,4,0,0,5,0,6,2,3,76,12,IF1
Gunnar Henderson,683002,12.24,2025-05-19,6,2,0,0,6,0,7,1,3,76,9,IF1
Francisco Lindor,596019,17.8,2025-04-21,9,0,0,2,2,1,5,5,0,76,8,IF1
Trea Turner,607208,35.91,2025-04-14,7,2,0,0,3,2,7,3,2,76,13,IF2
Trea Turner,607208,35.91,2025-08-04,2,2,1,1,6,0,3,6,1,76,13,IF2
Trea Turner,607208,35.91,2025-08-11,12,2,0,0,1,1,6,1,2,76,8,IF1
Ketel Marte,606466,37.6,2025-06-23,3,0,0,4,1,0,5,7,0,76,10,IF1
Junior Caminero,691406,65.87,2025-06-16,8,1,0,2,2,0,5,5,0,76,14,IF2
Jordan Westburg,676059,108.66,2025-07-28,9,2,0,1,1,0,8,4,0,76,11,IF1
Cal Raleigh,663728,152.19,2025-08-04,1,0,0,3,3,0,5,10,1,76,13,IF2
Xavier Edwards,669364,165.36,2025-07-07,4,5,0,1,0,0,5,5,1,76,10,IF1
Bryson Stott,681082,202.3,2025-04-14,7,1,1,0,3,0,6,4,3,76,13,IF2
Brandon Lowe,664040,213.94,2025-05-19,3,2,0,3,1,0,6,5,0,76,9,IF1
Tyler Soderstrom,691016,238.1,2025-07-07,5,1,0,3,1,0,4,7,0,76,10,IF1
Nolan Gorman,669357,239.92,2025-06-23,5,0,0,3,1,0,5,7,1,76,10,IF1
Elly De La Cruz,682829,5.23,2025-05-19,4,2,0,1,3,0,7,7,1,75,11,IF1
Freddie Freeman,518692,26.39,2025-09-22,3,0,0,3,4,0,5,5,1,75,8,IF1
Pete Alonso,624413,29.95,2025-04-07,3,4,0,1,3,1,3,7,0,75,5,IF1
Pete Alonso,624413,29.95,2025-08-11,5,2,0,2,1,1,4,7,0,75,9,IF1
Christian Walker,572233,74.01,2025-08-18,4,1,0,3,1,0,5,7,0,75,12,IF1
Willy Adames,642715,76.34,2025-06-09,3,1,0,3,2,0,6,6,0,75,9,IF1
Willy Adames,642715,76.34,2025-08-18,3,0,0,3,6,0,4,3,1,75,12,IF1
CJ Abrams,682928,79.08,2025-03-31,2,2,0,3,1,0,5,5,1,75,10,IF1
Isaac Paredes,670623,121.15,2025-05-12,3,0,0,3,4,0,5,7,0,75,13,IF2
Willson Contreras,575929,182.14,2025-05-05,3,1,0,2,5,1,5,6,0,75,6,IF1
Zach Neto,687263,202.06,2025-08-25,1,3,0,3,2,0,3,4,1,75,13,IF2
Xander Bogaerts,593428,211.87,2025-06-16,7,4,0,1,2,0,4,3,0,75,15,IF2
Spencer Torkelson,679529,237.98,2025-04-07,2,1,0,3,2,1,7,5,0,75,5,IF1
Trevor Story,596115,238.76,2025-09-15,7,1,0,1,2,0,6,4,3,75,10,IF1
Nick Kurtz,701762,NA,2025-09-22,2,1,0,3,3,0,7,5,0,75,8,IF1
Jose Ramirez,608070,8.37,2025-06-02,7,1,0,1,3,0,4,2,4,74,12,IF1
Francisco Lindor,596019,17.8,2025-06-30,4,2,0,1,2,2,6,6,1,74,8,IF1
Francisco Lindor,596019,17.8,2025-09-01,1,4,0,0,7,2,5,1,2,74,8,IF1
Manny Machado,592518,45.54,2025-05-05,8,3,0,0,2,0,7,6,0,74,7,IF1
Matt Chapman,656305,93.14,2025-09-01,3,2,0,2,4,1,4,5,0,74,8,IF1
Isaac Paredes,670623,121.15,2025-04-07,5,0,0,3,3,0,5,5,0,74,7,IF1
Alec Bohm,664761,148.29,2025-06-09,8,0,0,2,2,0,3,9,0,74,10,IF1
Cal Raleigh,663728,152.19,2025-04-28,3,1,0,2,4,1,4,6,1,74,12,IF1
Cal Raleigh,663728,152.19,2025-07-07,0,0,0,3,6,0,3,8,1,74,12,IF1
Willson Contreras,575929,182.14,2025-08-18,5,1,0,3,1,0,5,5,0,74,14,IF2
Salvador Perez,521692,194.19,2025-07-07,4,1,0,3,1,1,6,4,0,74,12,IF1
Spencer Torkelson,679529,237.98,2025-09-15,5,1,0,3,1,0,4,6,0,74,11,IF1
Trevor Story,596115,238.76,2025-09-01,6,2,0,1,1,1,3,5,3,74,8,IF1
Colson Montgomery,695657,239.98,2025-07-28,2,0,0,4,0,0,4,10,0,74,12,IF1
Ivan Herrera,671056,NA,2025-03-31,0,0,0,4,2,0,5,9,0,74,11,IF1
Bryce Harper,547180,27.32,2025-09-08,4,1,0,2,4,1,5,5,0,73,9,IF1
Rafael Devers,646240,35.39,2025-07-21,5,2,0,2,2,0,5,5,0,73,13,IF2
Ozzie Albies,645277,58.95,2025-04-07,5,1,0,2,4,0,3,3,2,73,8,IF1
Junior Caminero,691406,65.87,2025-08-11,2,1,0,3,3,0,6,5,0,73,10,IF1
Eugenio Suarez,553993,104.99,2025-07-14,1,0,0,4,2,0,5,7,0,73,1,IF1
Eugenio Suarez,553993,104.99,2025-09-15,3,3,0,2,2,0,6,4,0,73,12,IF1
Alec Bohm,664761,148.29,2025-05-19,7,2,0,2,0,0,4,6,0,73,12,IF1
Cal Raleigh,663728,152.19,2025-08-11,3,2,0,2,4,0,4,4,1,73,10,IF1
Shea Langeliers,669127,226.05,2025-07-28,4,3,0,2,1,0,5,3,1,73,13,IF2
Spencer Torkelson,679529,237.98,2025-06-30,3,1,0,3,1,1,5,6,0,73,9,IF1
Trevor Story,596115,238.76,2025-07-07,5,2,0,1,2,0,6,5,2,73,14,IF2
Jonathan Aranda,666018,239.63,2025-04-14,3,2,0,2,4,0,5,5,0,73,15,IF2
Jorge Polanco,593871,239.99,2025-08-25,3,2,0,3,0,0,4,7,0,73,14,IF2
Jose Ramirez,608070,8.37,2025-09-01,4,2,1,1,1,1,4,6,1,72,11,IF1
Freddie Freeman,518692,26.39,2025-04-14,3,2,0,2,5,0,3,5,0,72,16,IF2
Bryce Harper,547180,27.32,2025-08-18,5,1,0,2,3,0,4,5,1,72,15,IF2
Corey Seager,608369,43.68,2025-07-21,3,2,0,2,5,0,3,5,0,72,14,IF2
Junior Caminero,691406,65.87,2025-09-08,1,3,0,3,1,0,4,5,0,72,10,IF1
Jose Altuve,514888,81.09,2025-05-19,8,0,0,2,2,0,5,4,1,72,13,IF2
Mark Vientos,668901,83.69,2025-04-28,5,0,0,2,5,0,7,4,0,72,13,IF2
Eugenio Suarez,553993,104.99,2025-09-01,2,2,0,3,2,0,5,4,0,72,11,IF1
Adley Rutschman,668939,112.59,2025-06-02,7,1,0,2,3,0,5,3,0,72,13,IF2
Cal Raleigh,663728,152.19,2025-06-23,4,2,0,1,8,0,4,3,0,72,12,IF1
Cal Raleigh,663728,152.19,2025-09-01,5,0,0,3,1,0,6,6,0,72,11,IF1
Masyn Winn,691026,166.08,2025-04-28,3,2,0,2,3,0,6,3,1,72,13,IF2
Royce Lewis,668904,168.33,2025-07-21,4,4,0,1,2,0,3,5,1,72,14,IF2
Carlos Santana,467793,237.36,2025-05-19,2,2,0,2,4,0,6,5,0,72,13,IF2
Josh Smith,669701,239.59,2025-03-31,4,2,0,1,4,0,5,2,3,72,12,IF1
Caleb Durbin,702332,239.92,2025-05-19,6,3,0,0,1,1,4,5,3,72,13,IF2
Kyle Higashioka,543309,NA,2025-07-28,3,0,1,3,1,0,6,5,0,72,14,IF2
Jose Ramirez,608070,8.37,2025-05-05,5,3,0,1,3,1,3,3,1,71,8,IF1
Matt Olson,621566,21.79,2025-04-14,3,1,0,2,5,1,4,5,0,71,17,IF2
Matt Olson,621566,21.79,2025-06-30,4,2,0,2,3,0,3,6,0,71,10,IF1
Pete Alonso,624413,29.95,2025-06-30,2,1,0,2,4,1,4,8,0,71,10,IF1
Austin Riley,663586,30.75,2025-04-07,8,3,0,1,1,0,5,3,0,71,9,IF1
Rafael Devers,646240,35.39,2025-04-28,6,3,0,1,3,0,2,6,0,71,15,IF2
Trea Turner,607208,35.91,2025-06-02,3,3,0,2,0,0,5,5,1,71,14,IF2
Ketel Marte,606466,37.6,2025-05-05,1,1,0,3,4,0,6,4,0,71,8,IF1
Manny Machado,592518,45.54,2025-04-07,2,4,0,1,3,0,5,4,1,71,9,IF1
Manny Machado,592518,45.54,2025-08-18,5,2,0,1,2,0,6,6,1,71,16,IF2
CJ Abrams,682928,79.08,2025-06-09,6,3,0,1,1,2,6,2,0,71,11,IF1
Josh Naylor,647304,89.6,2025-05-26,6,1,0,2,1,0,4,6,1,71,13,IF2
Matt Chapman,656305,93.14,2025-03-31,3,2,0,1,6,0,3,6,1,71,13,IF2
Rhys Hoskins,656555,172.72,2025-05-19,3,2,0,2,4,0,5,4,0,71,16,IF2
Willson Contreras,575929,182.14,2025-06-23,4,3,0,1,4,1,5,1,1,71,13,IF2
Salvador Perez,521692,194.19,2025-06-16,1,2,0,3,2,0,3,7,0,71,16,IF2
Brandon Lowe,664040,213.94,2025-08-25,2,0,0,3,3,0,5,8,0,71,15,IF2
Colt Keith,690993,235.65,2025-04-28,1,0,0,3,4,0,8,5,0,71,15,IF2
Colt Keith,690993,235.65,2025-07-07,4,2,0,2,3,0,5,4,0,71,15,IF2
Tyler Soderstrom,691016,238.1,2025-04-14,4,0,0,3,1,0,5,8,0,71,17,IF2
Willi Castro,650489,239.25,2025-06-02,7,0,0,2,4,0,6,3,0,71,14,IF2
Maikel Garcia,672580,239.72,2025-06-16,5,1,1,1,2,0,4,5,2,71,16,IF2
Caleb Durbin,702332,239.92,2025-09-08,5,2,0,1,3,1,5,2,2,71,11,IF1
Jorge Polanco,593871,239.99,2025-07-07,2,1,0,3,3,0,5,5,0,71,15,IF2
Geraldo Perdomo,672695,240,2025-09-15,4,4,1,0,4,1,4,2,0,71,13,IF2
Patrick Bailey,672275,240,2025-09-08,1,1,0,3,2,0,4,9,0,71,11,IF1
Agustin Ramirez,682663,NA,2025-07-07,1,5,0,1,2,0,7,4,0,71,15,IF2
Trea Turner,607208,35.91,2025-07-21,6,3,1,0,2,0,7,3,0,70,16,IF2
Trea Turner,607208,35.91,2025-08-25,5,3,1,0,1,0,4,3,3,70,16,IF2
Manny Machado,592518,45.54,2025-07-07,5,1,0,3,1,0,4,4,0,70,18,IF2
Alex Bregman,608324,60.11,2025-08-11,5,1,0,2,3,0,4,6,0,70,12,IF1
Junior Caminero,691406,65.87,2025-04-07,3,1,0,3,1,0,6,5,0,70,11,IF1
Junior Caminero,691406,65.87,2025-06-02,2,2,0,2,1,1,6,3,2,70,16,IF2
Bo Bichette,666182,84.67,2025-05-12,4,3,0,2,2,0,3,4,0,70,14,IF2
Matt McLain,680574,91.6,2025-05-05,3,0,0,1,5,2,4,3,4,70,10,IF1
Matt Chapman,656305,93.14,2025-08-25,4,0,0,2,4,0,5,6,1,70,16,IF2
Michael Toglia,669911,138.78,2025-06-16,4,0,0,3,2,0,3,6,1,70,18,IF2
Willson Contreras,575929,182.14,2025-06-02,3,4,0,1,1,0,5,7,0,70,16,IF2
Shea Langeliers,669127,226.05,2025-08-11,3,1,0,3,1,0,7,4,0,70,12,IF1
Michael Busch,683737,226.9,2025-04-14,4,2,0,2,2,0,2,6,1,70,19,IF2
Andrew Vaughn,683734,236.76,2025-07-07,2,2,0,2,2,0,3,10,0,70,18,IF2
Tyler Soderstrom,691016,238.1,2025-09-01,6,2,0,1,1,1,2,8,1,70,14,IF2
Noelvi Marte,682622,239.78,2025-07-07,3,1,0,3,1,0,4,5,1,70,18,IF2
Nolan Gorman,669357,239.92,2025-06-09,4,1,0,2,4,0,4,6,0,70,12,IF1
Ke'Bryan Hayes,663647,240,2025-08-18,3,3,1,0,4,1,5,1,2,70,17,IF2
Javier Baez,595879,NA,2025-05-12,3,0,0,3,1,0,5,9,0,70,14,IF2
Trey Sweeney,700242,NA,2025-04-28,6,0,0,2,2,0,4,7,1,70,17,IF2
Jose Ramirez,608070,8.37,2025-09-22,4,3,0,0,3,0,3,4,4,69,10,IF1
Francisco Lindor,596019,17.8,2025-04-14,7,1,0,2,1,1,5,3,0,69,20,IF2
Matt Olson,621566,21.79,2025-06-09,5,2,0,1,4,0,4,6,0,69,13,IF2
Matt Olson,621566,21.79,2025-09-08,4,0,0,3,3,0,5,4,0,69,13,IF2
Corey Seager,608369,43.68,2025-08-18,8,2,0,1,2,1,4,3,0,69,18,IF2
William Contreras,661388,61.55,2025-08-04,1,0,0,3,5,1,4,5,0,69,15,IF2
Marcus Semien,543760,65.54,2025-05-26,6,1,0,1,3,0,6,3,2,69,14,IF2
Josh Naylor,647304,89.6,2025-04-07,5,3,0,1,2,0,2,6,1,69,12,IF1
Dansby Swanson,621020,124.49,2025-04-28,6,0,0,3,1,0,6,3,0,69,18,IF2
Gleyber Torres,650402,147.51,2025-06-23,5,1,0,2,2,0,6,5,0,69,14,IF2
Zach Neto,687263,202.06,2025-06-02,5,1,1,1,0,0,6,5,2,69,18,IF2
Jacob Wilson,805779,238.09,2025-05-19,8,1,0,1,3,2,3,2,1,69,17,IF2
Trevor Story,596115,238.76,2025-04-07,9,1,0,1,0,0,1,4,4,69,12,IF1
Ben Rice,700250,239.01,2025-05-05,1,4,0,1,1,3,3,7,0,69,11,IF1
Ryan O'Hearn,656811,239.89,2025-08-18,6,0,0,2,2,1,6,5,0,69,18,IF2
Gabriel Moreno,672515,NA,2025-09-08,6,0,0,2,3,0,4,5,1,69,13,IF2
Javier Baez,595879,NA,2025-06-16,5,0,1,2,0,2,7,3,0,69,19,IF2
Alejandro Kirk,672386,NA,2025-06-09,7,2,0,2,0,0,4,4,0,69,13,IF2
Jake Bauers,641343,NA,2025-09-01,5,1,0,1,2,0,6,6,2,69,15,IF2
Gunnar Henderson,683002,12.24,2025-07-21,5,2,0,0,4,1,5,4,2,68,17,IF2
Mookie Betts,605141,16.08,2025-08-04,6,2,0,1,2,0,6,5,0,68,16,IF2
Matt Olson,621566,21.79,2025-06-02,1,2,0,1,6,1,5,6,0,68,19,IF2
Trea Turner,607208,35.91,2025-05-05,8,1,0,1,0,0,5,3,3,68,12,IF1
Ketel Marte,606466,37.6,2025-05-19,3,2,0,2,2,1,5,2,1,68,18,IF2
Ozzie Albies,645277,58.95,2025-07-28,7,2,0,0,5,0,5,3,1,68,15,IF2
Marcus Semien,543760,65.54,2025-06-02,4,2,0,2,2,0,4,5,0,68,19,IF2
Jose Altuve,514888,81.09,2025-03-31,7,0,0,2,1,0,6,4,1,68,14,IF2
Matt Chapman,656305,93.14,2025-05-05,5,2,0,1,3,0,6,3,1,68,12,IF1
Isaac Paredes,670623,121.15,2025-06-02,2,0,0,3,4,0,4,6,0,68,19,IF2
Vinnie Pasquantino,686469,131.56,2025-04-28,2,2,0,3,0,0,4,6,0,68,19,IF2
Vinnie Pasquantino,686469,131.56,2025-09-15,5,3,0,1,3,0,5,3,0,68,14,IF2
Jackson Holliday,702616,135.54,2025-08-25,3,2,1,0,7,0,3,2,2,68,18,IF2
Gleyber Torres,650402,147.51,2025-04-28,4,1,0,2,2,2,3,4,1,68,19,IF2
Cal Raleigh,663728,152.19,2025-03-31,4,1,0,2,4,0,4,3,1,68,14,IF2
Cal Raleigh,663728,152.19,2025-04-07,0,2,0,3,1,1,5,5,0,68,14,IF2
Max Muncy,571970,161.48,2025-05-12,3,1,0,2,3,0,3,9,0,68,16,IF2
Max Muncy,571970,161.48,2025-06-02,4,0,0,2,6,0,4,3,1,68,19,IF2
Masyn Winn,691026,166.08,2025-06-23,6,2,0,1,2,0,6,5,0,68,15,IF2
Jeremy Pena,665161,180.02,2025-06-09,7,3,0,0,1,0,7,2,2,68,15,IF2
Jacob Wilson,805779,238.09,2025-05-05,8,3,0,0,2,0,3,5,1,68,12,IF1
Trevor Story,596115,238.76,2025-08-11,5,1,0,1,0,1,5,6,3,68,14,IF2
Ty France,664034,239.69,2025-06-02,7,3,0,0,1,2,5,5,0,68,19,IF2
Spencer Horwitz,687462,239.83,2025-07-21,5,2,0,1,3,0,4,7,0,68,17,IF2
Ryan O'Hearn,656811,239.89,2025-04-28,2,1,0,3,2,0,4,6,0,68,19,IF2
Tyler Stephenson,663886,239.91,2025-05-26,5,0,0,3,1,0,3,7,0,68,15,IF2
Curtis Mead,678554,239.94,2025-05-19,2,1,0,3,1,1,4,4,1,68,18,IF2
Colson Montgomery,695657,239.98,2025-07-21,2,1,0,3,0,0,5,8,0,68,17,IF2
Colson Montgomery,695657,239.98,2025-08-18,1,1,0,3,1,0,5,8,0,68,20,IF2
Jorge Polanco,593871,239.99,2025-09-01,4,1,0,2,4,0,5,4,0,68,16,IF2
Nick Kurtz,701762,NA,2025-08-11,2,2,0,2,4,0,5,4,0,68,14,IF2
Christian Moore,695681,NA,2025-06-23,3,0,0,2,4,1,5,7,0,68,15,IF2
Gunnar Henderson,683002,12.24,2025-05-05,3,1,1,2,2,0,5,4,0,67,15,IF2
Gunnar Henderson,683002,12.24,2025-09-15,8,1,0,0,3,0,3,3,4,67,15,IF2
Francisco Lindor,596019,17.8,2025-07-07,3,1,0,2,2,0,6,5,1,67,21,IF2
Matt Olson,621566,21.79,2025-06-16,3,2,0,1,6,0,3,6,0,67,20,IF2
Austin Riley,663586,30.75,2025-05-26,4,1,0,2,3,0,5,5,0,67,16,IF2
Alex Bregman,608324,60.11,2025-04-14,3,1,0,2,3,1,6,4,0,67,21,IF2
Bo Bichette,666182,84.67,2025-07-07,6,5,0,0,3,0,3,2,0,67,21,IF2
Bo Bichette,666182,84.67,2025-08-18,8,3,0,0,3,0,6,2,0,67,21,IF2
Josh Naylor,647304,89.6,2025-09-15,7,2,0,1,2,0,4,3,1,67,15,IF2
Jake Burger,669394,115.47,2025-05-19,1,2,0,3,0,0,4,5,1,67,20,IF2
Dansby Swanson,621020,124.49,2025-05-05,5,2,0,1,4,0,5,4,0,67,15,IF2
Masyn Winn,691026,166.08,2025-05-12,5,0,0,2,4,0,6,4,0,67,17,IF2
Jeremy Pena,665161,180.02,2025-09-01,6,2,0,1,3,0,3,4,1,67,17,IF2
Zach Neto,687263,202.06,2025-07-28,2,3,0,1,1,2,2,6,2,67,16,IF2
Josh Jung,673962,208.9,2025-04-07,3,3,1,1,0,0,4,5,1,67,15,IF2
Brandon Lowe,664040,213.94,2025-06-16,6,1,0,2,1,0,5,5,0,67,20,IF2
Shea Langeliers,669127,226.05,2025-05-05,5,1,0,2,2,0,3,7,0,67,15,IF2
Brice Turang,668930,230.59,2025-08-04,3,1,0,2,2,0,4,5,2,67,17,IF2
Jacob Wilson,805779,238.09,2025-03-31,5,2,0,2,0,0,3,7,0,67,16,IF2
Nolan Schanuel,694384,239.52,2025-05-19,5,2,0,1,5,1,5,1,0,67,20,IF2
Yoan Moncada,660162,NA,2025-05-05,2,1,1,2,2,1,4,5,0,67,15,IF2
Otto Lopez,672640,NA,2025-08-25,6,1,0,1,3,0,3,7,1,67,19,IF2
Ivan Herrera,671056,NA,2025-09-22,5,0,0,2,4,0,4,6,0,67,11,IF1
Elly De La Cruz,682829,5.23,2025-04-21,9,0,0,0,3,0,5,2,4,66,9,IF1
Matt Olson,621566,21.79,2025-05-12,5,2,0,2,1,0,4,4,0,66,18,IF2
Matt Olson,621566,21.79,2025-08-04,7,1,0,1,5,0,5,2,0,66,18,IF2
Bryce Harper,547180,27.32,2025-04-07,3,0,0,1,7,0,3,2,4,66,16,IF2
Matt McLain,680574,91.6,2025-04-14,3,0,0,1,7,0,6,5,1,66,22,IF2
Matt McLain,680574,91.6,2025-09-01,4,2,0,1,4,0,6,4,0,66,18,IF2
Eugenio Suarez,553993,104.99,2025-06-09,2,0,0,3,1,1,3,9,0,66,16,IF2
Jordan Westburg,676059,108.66,2025-08-11,8,0,0,1,3,1,5,5,0,66,16,IF2
Ezequiel Tovar,678662,111.22,2025-05-19,7,2,0,1,3,0,4,3,0,66,22,IF2
Paul Goldschmidt,502671,117.94,2025-05-05,4,3,0,1,2,0,5,3,1,66,19,IF2
Vinnie Pasquantino,686469,131.56,2025-09-08,5,3,0,1,1,0,5,5,0,66,15,IF2
Jackson Holliday,702616,135.54,2025-05-12,5,2,0,2,0,1,3,5,0,66,18,IF2
Gleyber Torres,650402,147.51,2025-04-21,5,1,0,1,3,0,4,7,1,66,9,IF1
Cal Raleigh,663728,152.19,2025-05-19,4,2,0,2,4,0,2,3,0,66,22,IF2
Yandy Diaz,650490,154.91,2025-06-09,8,0,1,1,2,0,4,5,0,66,16,IF2
Luis Arraez,650333,168.81,2025-03-31,8,1,0,1,1,1,3,3,2,66,17,IF2
Jeremy Pena,665161,180.02,2025-05-05,5,2,0,1,1,0,4,7,1,66,19,IF2
Salvador Perez,521692,194.19,2025-07-21,3,1,0,3,1,0,3,6,0,66,20,IF2
Kristian Campbell,692225,212.49,2025-04-21,5,2,0,0,5,0,6,4,1,66,9,IF1
Brice Turang,668930,230.59,2025-04-07,8,0,0,1,1,1,7,4,1,66,16,IF2
Ryan Mountcastle,663624,234.73,2025-08-25,4,3,0,1,1,1,4,6,0,66,20,IF2
Tyler Soderstrom,691016,238.1,2025-08-18,5,2,0,1,5,0,4,1,1,66,22,IF2
Ryan O'Hearn,656811,239.89,2025-09-22,7,1,0,1,3,0,5,5,0,66,12,IF1
Nick Kurtz,701762,NA,2025-06-23,5,0,0,2,3,0,4,7,0,66,17,IF2
Zach McKinstry,656716,NA,2025-06-23,5,1,1,1,0,1,4,4,2,66,17,IF2
Jose Ramirez,608070,8.37,2025-08-11,4,1,0,2,1,0,5,3,2,65,17,IF2
Mookie Betts,605141,16.08,2025-09-01,4,1,1,2,1,0,2,6,0,65,19,IF2
Francisco Lindor,596019,17.8,2025-06-02,5,1,0,1,1,1,4,4,3,65,24,IF2
Freddie Freeman,518692,26.39,2025-08-04,4,0,0,2,5,0,3,6,0,65,19,IF2
Bryce Harper,547180,27.32,2025-07-14,0,2,0,3,1,0,4,6,0,65,2,IF1
Trea Turner,607208,35.91,2025-06-16,6,1,0,2,1,0,5,4,0,65,22,IF2
Christian Walker,572233,74.01,2025-07-28,3,1,0,2,2,2,4,5,0,65,17,IF2
Christian Walker,572233,74.01,2025-08-04,2,3,0,1,3,0,6,5,0,65,19,IF2
Dansby Swanson,621020,124.49,2025-03-31,1,2,0,2,4,0,4,5,0,65,18,IF2
Jackson Holliday,702616,135.54,2025-06-23,4,1,0,2,3,0,2,5,1,65,19,IF2
Royce Lewis,668904,168.33,2025-09-08,5,0,0,2,0,0,4,5,3,65,16,IF2
Luis Arraez,650333,168.81,2025-07-21,8,3,0,0,1,0,5,3,1,65,21,IF2
Rhys Hoskins,656555,172.72,2025-05-12,5,1,0,1,4,0,3,6,1,65,20,IF2
Nathaniel Lowe,663993,192.46,2025-08-18,4,2,0,1,3,0,4,7,0,65,23,IF2
Bryson Stott,681082,202.3,2025-04-21,5,0,1,1,3,1,4,4,1,65,12,IF1
Carlos Correa,621043,209.38,2025-08-18,8,1,0,1,3,0,4,4,0,65,23,IF2
Nico Hoerner,663538,212.11,2025-05-19,5,3,0,0,2,0,7,4,1,65,24,IF2
Will Smith,669257,215.77,2025-06-30,5,0,0,2,5,1,4,2,0,65,12,IF1
Michael Busch,683737,226.9,2025-06-02,4,0,1,2,3,0,3,5,0,65,24,IF2
Brice Turang,668930,230.59,2025-03-31,8,1,0,1,1,0,6,3,1,65,18,IF2
Joey Ortiz,687401,237.06,2025-06-23,1,0,0,3,2,0,4,7,1,65,19,IF2
Josh Bell,605137,238,2025-07-21,4,1,0,2,3,0,5,4,0,65,21,IF2
Logan O'Hoppe,681351,238.67,2025-06-16,1,1,0,3,2,0,4,6,0,65,22,IF2
Nolan Schanuel,694384,239.52,2025-04-07,4,2,0,2,3,0,3,3,0,65,18,IF2
Josh Smith,669701,239.59,2025-04-28,7,0,1,1,2,0,4,4,1,65,22,IF2
Jonathan Aranda,666018,239.63,2025-06-09,5,1,0,1,4,2,3,5,0,65,18,IF2
Sean Murphy,669221,239.72,2025-04-07,2,0,0,3,2,1,4,6,0,65,18,IF2
Casey Schmitt,669477,239.77,2025-08-18,1,2,0,2,4,0,4,5,0,65,23,IF2
Gunnar Henderson,683002,12.24,2025-06-09,7,2,0,0,3,0,4,3,2,64,19,IF2
Mookie Betts,605141,16.08,2025-05-05,8,0,0,1,2,0,7,3,1,64,21,IF2
Mookie Betts,605141,16.08,2025-06-02,8,2,0,1,2,0,4,2,0,64,26,IF3
Francisco Lindor,596019,17.8,2025-05-19,2,1,0,1,5,1,3,1,4,64,25,IF3
Pete Alonso,624413,29.95,2025-08-04,4,2,0,2,0,0,3,7,0,64,21,IF2
Rafael Devers,646240,35.39,2025-08-04,2,0,0,2,7,1,4,3,0,64,21,IF2
Manny Machado,592518,45.54,2025-05-19,4,2,0,2,2,0,4,3,0,64,25,IF3
CJ Abrams,682928,79.08,2025-05-05,8,2,0,0,4,0,3,1,2,64,21,IF2
CJ Abrams,682928,79.08,2025-07-21,1,2,0,1,1,2,4,5,3,64,23,IF2
Josh Naylor,647304,89.6,2025-05-12,5,2,0,1,1,0,3,5,2,64,21,IF2
Eugenio Suarez,553993,104.99,2025-08-25,3,0,0,2,3,0,4,7,1,64,21,IF2
Paul Goldschmidt,502671,117.94,2025-04-28,5,0,0,2,1,0,6,7,0,64,23,IF2
Yandy Diaz,650490,154.91,2025-06-23,7,1,0,1,5,0,3,3,0,64,21,IF2
Yandy Diaz,650490,154.91,2025-09-01,10,2,0,0,2,0,5,3,0,64,20,IF2
Willson Contreras,575929,182.14,2025-04-21,7,1,0,1,5,0,2,2,1,64,13,IF2
Salvador Perez,521692,194.19,2025-09-08,2,1,0,3,0,0,3,8,0,64,17,IF2
Zach Neto,687263,202.06,2025-04-21,4,2,0,2,0,0,2,2,3,64,13,IF2
Carlos Correa,621043,209.38,2025-09-08,3,1,0,2,4,1,4,3,0,64,17,IF2
Nico Hoerner,663538,212.11,2025-09-01,4,3,0,1,2,0,5,2,1,64,20,IF2
Matt Shaw,807713,227.33,2025-08-04,1,0,1,3,1,0,5,5,0,64,21,IF2
Brice Turang,668930,230.59,2025-06-23,9,2,0,0,1,0,4,5,1,64,21,IF2
Kyle Manzardo,700932,237.05,2025-03-24,1,1,1,2,3,0,3,6,0,64,2,IF1
Maikel Garcia,672580,239.72,2025-08-18,6,0,0,2,4,0,4,3,0,64,26,IF3
Sean Murphy,669221,239.72,2025-07-07,1,1,0,3,0,1,4,7,0,64,23,IF2
Geraldo Perdomo,672695,240,2025-07-07,2,2,0,1,5,1,3,6,0,64,23,IF2
Geraldo Perdomo,672695,240,2025-08-04,7,2,0,0,5,0,7,1,0,64,21,IF2
Ke'Bryan Hayes,663647,240,2025-06-23,6,3,0,0,2,0,6,5,0,64,21,IF2
Nick Kurtz,701762,NA,2025-07-14,1,4,1,1,1,0,4,4,0,64,3,IF1
Nick Kurtz,701762,NA,2025-08-18,3,2,0,1,7,0,4,2,0,64,26,IF3
Ernie Clement,676391,NA,2025-06-09,8,3,0,1,0,0,5,1,0,64,19,IF2
Agustin Ramirez,682663,NA,2025-07-28,3,1,0,2,1,0,3,4,3,64,18,IF2
Luis Urias,649966,NA,2025-04-21,3,0,0,3,3,0,4,4,0,64,13,IF2
Jose Ramirez,608070,8.37,2025-05-19,8,1,1,0,1,0,6,3,1,63,27,IF3
Gunnar Henderson,683002,12.24,2025-04-14,1,3,0,2,2,0,5,3,0,63,23,IF2
Francisco Lindor,596019,17.8,2025-04-28,4,1,0,1,3,2,3,5,1,63,24,IF2
Bryce Harper,547180,27.32,2025-05-12,6,2,0,0,5,0,3,4,1,63,22,IF2
Bryce Harper,547180,27.32,2025-07-28,4,3,0,1,3,0,3,4,0,63,19,IF2
Austin Riley,663586,30.75,2025-04-28,5,1,0,2,1,1,2,6,0,63,24,IF2
Trea Turner,607208,35.91,2025-09-01,8,0,1,1,1,0,2,5,1,63,22,IF2
Corey Seager,608369,43.68,2025-06-30,2,3,0,1,4,1,5,2,0,63,13,IF2
Marcus Semien,543760,65.54,2025-06-09,3,3,0,1,2,0,4,4,1,63,21,IF2
Ezequiel Tovar,678662,111.22,2025-08-04,6,4,0,0,1,0,4,3,1,63,25,IF3
Isaac Paredes,670623,121.15,2025-05-05,4,3,0,0,7,0,3,3,0,63,23,IF2
Vinnie Pasquantino,686469,131.56,2025-05-19,9,1,0,1,1,1,3,4,0,63,27,IF3
Jackson Holliday,702616,135.54,2025-05-26,4,3,0,1,0,1,3,3,2,63,17,IF2
Cal Raleigh,663728,152.19,2025-07-21,4,0,0,3,1,0,4,3,1,63,24,IF2
Max Muncy,691777,161.48,2025-06-30,2,3,0,2,1,0,4,4,0,63,13,IF2
Rhys Hoskins,656555,172.72,2025-06-16,1,2,0,2,3,1,5,3,0,63,24,IF2
Jeremy Pena,665161,180.02,2025-06-02,7,3,0,0,0,0,4,2,3,63,27,IF3
Zach Neto,687263,202.06,2025-05-19,5,2,0,1,0,0,7,4,1,63,27,IF3
Bryson Stott,681082,202.3,2025-06-16,3,2,0,1,4,0,1,7,1,63,24,IF2
Bryson Stott,681082,202.3,2025-09-08,7,0,0,2,2,0,4,4,0,63,19,IF2
Carlos Correa,621043,209.38,2025-05-26,3,2,0,2,2,0,4,4,0,63,17,IF2
Will Smith,669257,215.77,2025-05-26,5,2,0,1,2,0,7,3,0,63,17,IF2
Matt Shaw,807713,227.33,2025-05-19,4,5,0,0,1,0,3,2,2,63,27,IF3
Kyle Manzardo,700932,237.05,2025-08-04,3,1,0,2,3,1,4,4,0,63,25,IF3
Carlos Santana,467793,237.36,2025-05-05,4,1,0,1,2,1,5,8,0,63,23,IF2
Spencer Torkelson,679529,237.98,2025-07-21,3,3,0,2,0,0,5,3,0,63,24,IF2
Ben Rice,700250,239.01,2025-04-07,3,0,1,2,4,0,3,4,0,63,20,IF2
Willi Castro,650489,239.25,2025-06-09,6,2,1,1,1,0,2,4,0,63,21,IF2
Brett Baty,683146,239.56,2025-08-18,4,1,0,2,3,0,6,2,0,63,28,IF3
Sean Murphy,669221,239.72,2025-04-21,0,1,0,3,3,0,4,5,0,63,16,IF2
Noelvi Marte,682622,239.78,2025-08-04,1,5,0,1,0,0,5,5,0,63,25,IF3
Luis Rengifo,650859,239.81,2025-06-23,4,2,1,0,5,0,6,2,0,63,24,IF2
Geraldo Perdomo,672695,240,2025-03-31,4,1,0,1,3,0,4,7,1,63,20,IF2
Geraldo Perdomo,672695,240,2025-04-07,5,0,0,1,10,0,3,1,0,63,20,IF2
Geraldo Perdomo,672695,240,2025-06-09,3,2,1,0,4,0,5,6,0,63,21,IF2
Geraldo Perdomo,672695,240,2025-06-30,9,0,0,0,6,2,4,2,0,63,13,IF2
Ivan Herrera,671056,NA,2025-09-01,1,1,0,3,2,0,4,5,0,63,22,IF2
Zach McKinstry,656716,NA,2025-04-21,4,3,1,0,3,0,4,2,1,63,16,IF2
Edmundo Sosa,624641,NA,2025-09-22,1,0,0,4,0,0,4,6,0,63,13,IF2
Travis d'Arnaud,518595,NA,2025-07-07,3,2,0,2,0,0,6,5,0,63,25,IF3
Matt Olson,621566,21.79,2025-05-05,3,1,0,2,3,0,4,5,0,62,25,IF3
Bryce Harper,547180,27.32,2025-07-21,1,2,0,2,3,0,5,2,1,62,26,IF3
Bryce Harper,547180,27.32,2025-08-11,3,2,0,2,1,0,3,6,0,62,18,IF2
Trea Turner,607208,35.91,2025-06-09,5,2,0,0,4,1,5,1,2,62,24,IF2
Ketel Marte,606466,37.6,2025-09-15,4,3,0,1,0,2,3,5,0,62,17,IF2
Manny Machado,592518,45.54,2025-07-28,6,0,0,1,1,1,4,6,2,62,20,IF2
Alex Bregman,608324,60.11,2025-08-04,5,2,0,0,6,1,5,2,0,62,28,IF3
Junior Caminero,691406,65.87,2025-04-14,4,1,0,2,2,0,5,4,0,62,24,IF2
Christian Walker,572233,74.01,2025-05-05,6,1,1,0,3,1,3,6,0,62,25,IF3
Josh Naylor,647304,89.6,2025-07-07,3,0,0,1,8,1,4,2,1,62,26,IF3
Eugenio Suarez,553993,104.99,2025-06-30,2,0,0,3,1,1,5,5,0,62,16,IF2
Michael Toglia,669911,138.78,2025-05-05,1,2,0,2,5,0,2,4,0,62,25,IF3
Yandy Diaz,650490,154.91,2025-04-07,4,1,0,2,2,0,5,2,1,62,22,IF2
Jonathan India,663697,164.42,2025-06-02,7,1,0,1,1,0,7,4,0,62,28,IF3
Luis Arraez,650333,168.81,2025-04-14,5,1,0,2,3,0,3,3,0,62,24,IF2
Salvador Perez,521692,194.19,2025-09-15,5,0,0,2,2,1,2,7,0,62,17,IF2
Bryson Stott,681082,202.3,2025-08-04,4,2,1,0,2,0,4,4,2,62,28,IF3
Michael Busch,683737,226.9,2025-08-25,3,0,1,2,2,1,6,2,0,62,22,IF2
Brice Turang,668930,230.59,2025-06-16,5,2,0,1,1,0,5,4,1,62,26,IF3
Yainer Diaz,673237,234.25,2025-07-28,5,1,0,2,1,0,4,5,0,62,20,IF2
Tyler Soderstrom,691016,238.1,2025-03-24,3,1,0,3,1,0,3,4,0,62,3,IF1
Willi Castro,650489,239.25,2025-05-26,3,1,0,2,3,0,4,3,1,62,20,IF2
Ty France,664034,239.69,2025-08-04,5,4,0,0,1,2,5,2,0,62,28,IF3
Maikel Garcia,672580,239.72,2025-08-25,2,2,0,2,2,0,3,6,0,62,22,IF2
Bo Naylor,666310,239.8,2025-09-15,3,1,0,2,1,0,2,10,0,62,17,IF2
Tyler Stephenson,663886,239.91,2025-06-09,5,2,0,1,1,0,4,7,0,62,24,IF2
Caleb Durbin,702332,239.92,2025-08-18,1,3,0,2,0,1,3,4,1,62,29,IF3
Brooks Lee,686797,239.95,2025-06-02,6,1,0,1,1,1,4,5,1,62,28,IF3
Jorge Polanco,593871,239.99,2025-07-28,4,0,0,2,4,0,3,4,1,62,20,IF2
Nick Kurtz,701762,NA,2025-09-01,1,1,0,2,5,0,6,3,0,62,24,IF2
Matt Mervis,670223,NA,2025-04-07,2,0,0,3,2,0,3,7,0,62,22,IF2
Isaac Collins,686555,NA,2025-08-25,3,3,0,0,3,0,3,6,2,62,22,IF2
Kyle Higashioka,543309,NA,2025-08-25,4,1,0,2,0,0,4,8,0,62,22,IF2
Jose Caballero,676609,NA,2025-04-07,4,0,1,1,2,0,2,5,3,62,22,IF2
Jose Tena,677588,NA,2025-05-26,2,3,1,0,4,0,5,4,0,62,20,IF2
Elly De La Cruz,682829,5.23,2025-09-15,2,2,0,1,7,0,3,1,1,61,20,IF2
Matt Olson,621566,21.79,2025-06-23,8,3,0,0,3,0,2,3,0,61,25,IF3
Freddie Freeman,518692,26.39,2025-05-26,7,3,0,0,2,0,4,4,0,61,22,IF2
Freddie Freeman,518692,26.39,2025-09-08,5,3,0,1,0,0,4,5,0,61,20,IF2
Ketel Marte,606466,37.6,2025-08-04,5,2,0,0,4,0,7,4,0,61,31,IF3
Manny Machado,592518,45.54,2025-04-28,6,1,0,1,3,0,4,3,1,61,26,IF3
Oneil Cruz,665833,50.09,2025-05-26,1,2,0,1,4,0,5,3,2,61,22,IF2
Marcus Semien,543760,65.54,2025-08-11,2,1,0,2,2,1,5,5,0,61,19,IF2
CJ Abrams,682928,79.08,2025-08-11,4,2,1,1,1,0,4,4,0,61,19,IF2
Jose Altuve,514888,81.09,2025-06-16,3,0,0,2,6,0,3,4,0,61,27,IF3
Jordan Westburg,676059,108.66,2025-09-22,5,1,0,2,0,0,3,7,0,61,14,IF2
Isaac Paredes,670623,121.15,2025-06-16,4,1,0,1,5,2,3,3,0,61,27,IF3
Gleyber Torres,650402,147.51,2025-07-28,4,0,0,3,1,0,3,5,0,61,23,IF2
Cal Raleigh,663728,152.19,2025-09-22,2,2,0,2,2,1,3,4,0,61,14,IF2
Xavier Edwards,669364,165.36,2025-06-16,8,1,0,0,3,0,4,1,3,61,27,IF3
Jeremy Pena,665161,180.02,2025-08-18,3,2,0,1,4,0,2,5,1,61,30,IF3
Jake Cronenworth,630105,229.63,2025-08-04,5,2,0,0,4,2,3,5,0,61,31,IF3
Andrew Vaughn,683734,236.76,2025-08-11,3,1,0,2,2,0,3,7,0,61,19,IF2
Kyle Manzardo,700932,237.05,2025-07-28,5,0,0,2,3,1,2,5,0,61,23,IF2
Josh Bell,605137,238,2025-06-23,2,1,0,2,3,0,4,6,0,61,25,IF3
Jacob Wilson,805779,238.09,2025-05-26,8,1,0,1,1,0,3,4,1,61,22,IF2
Francisco Alvarez,682626,239.35,2025-07-21,2,2,1,1,3,0,6,2,0,61,27,IF3
Jonathan Aranda,666018,239.63,2025-07-07,5,3,0,1,1,1,4,2,0,61,27,IF3
Nick Gonzales,693304,239.92,2025-07-28,10,1,0,1,0,1,4,2,0,61,23,IF2
Geraldo Perdomo,672695,240,2025-07-28,5,1,0,1,4,0,2,3,2,61,23,IF2
Nick Kurtz,701762,NA,2025-09-08,2,0,0,3,1,0,4,7,0,61,20,IF2
Ivan Herrera,671056,NA,2025-06-09,6,0,0,2,2,1,3,4,0,61,26,IF3
Ivan Herrera,671056,NA,2025-08-25,5,1,0,1,4,2,3,3,0,61,26,IF3
Ernie Clement,676391,NA,2025-06-23,4,1,0,0,7,0,6,3,1,61,25,IF3
Elly De La Cruz,682829,5.23,2025-04-28,4,2,0,0,4,2,4,1,2,60,27,IF3
Gunnar Henderson,683002,12.24,2025-04-28,6,2,0,1,2,0,4,1,1,60,27,IF3
Pete Alonso,624413,29.95,2025-05-26,2,2,0,2,1,1,2,6,0,60,25,IF3
Austin Riley,663586,30.75,2025-04-21,7,1,0,1,3,0,2,5,0,60,18,IF2
William Contreras,661388,61.55,2025-05-19,4,2,0,1,4,0,2,3,1,60,31,IF3
Bo Bichette,666182,84.67,2025-07-28,11,1,0,0,3,0,3,3,0,60,27,IF3
Matt McLain,680574,91.6,2025-06-16,5,2,0,1,2,1,5,2,0,60,30,IF3
Matt Chapman,656305,93.14,2025-05-26,5,2,0,1,4,1,3,1,0,60,25,IF3
Vinnie Pasquantino,686469,131.56,2025-07-28,2,3,0,1,4,0,3,4,0,60,27,IF3
Royce Lewis,668904,168.33,2025-08-18,3,1,0,2,1,0,3,6,1,60,31,IF3
Luis Arraez,650333,168.81,2025-09-01,7,0,0,1,3,0,3,5,1,60,25,IF3
Shea Langeliers,669127,226.05,2025-03-31,3,0,0,2,5,0,4,4,0,60,21,IF2
Michael Busch,683737,226.9,2025-08-18,6,3,0,0,2,0,3,6,0,60,31,IF3
Brice Turang,668930,230.59,2025-04-21,8,1,0,0,4,0,5,4,0,60,18,IF2
Brice Turang,668930,230.59,2025-08-11,2,2,0,2,2,0,4,4,0,60,22,IF2
Christopher Morel,666624,238.29,2025-04-21,0,3,0,2,2,0,3,5,0,60,18,IF2
Trevor Story,596115,238.76,2025-03-31,5,1,0,2,1,0,4,4,0,60,21,IF2
Ben Rice,700250,239.01,2025-03-31,2,2,0,1,4,0,5,1,2,60,21,IF2
Nolan Schanuel,694384,239.52,2025-06-02,2,4,0,0,4,0,4,5,0,60,30,IF3
Nolan Schanuel,694384,239.52,2025-07-07,9,1,0,0,3,0,2,5,1,60,28,IF3
Keibert Ruiz,660688,239.6,2025-04-07,9,1,0,0,3,0,5,4,0,60,25,IF3
Ryan O'Hearn,656811,239.89,2025-05-26,5,1,0,1,3,0,4,4,1,60,25,IF3
Nick Gonzales,693304,239.92,2025-06-23,5,2,0,1,3,0,2,5,0,60,28,IF3
Geraldo Perdomo,672695,240,2025-05-12,3,3,0,0,3,0,4,4,2,60,23,IF2
Lenyn Sosa,672820,NA,2025-08-04,2,0,0,3,1,1,4,5,0,60,33,IF3
Elly De La Cruz,682829,5.23,2025-07-28,5,1,0,1,2,0,2,5,2,59,29,IF3
Francisco Lindor,596019,17.8,2025-07-21,4,1,0,1,1,0,5,5,2,59,28,IF3
Francisco Lindor,596019,17.8,2025-07-28,4,2,0,1,2,1,3,5,0,59,29,IF3
Bryce Harper,547180,27.32,2025-09-15,3,1,0,1,6,0,3,3,1,59,21,IF2
Austin Riley,663586,30.75,2025-04-14,3,0,0,3,0,0,3,7,0,59,26,IF3
Austin Riley,663586,30.75,2025-05-12,8,1,0,0,3,0,5,3,1,59,24,IF2
Rafael Devers,646240,35.39,2025-06-30,4,3,0,0,4,1,3,4,0,59,17,IF2
Trea Turner,607208,35.91,2025-04-28,9,2,0,0,2,0,6,1,0,59,29,IF3
Corey Seager,608369,43.68,2025-04-14,6,2,0,1,3,0,2,3,0,59,26,IF3
Manny Machado,592518,45.54,2025-06-09,6,2,0,0,1,0,3,10,0,59,27,IF3
Alex Bregman,608324,60.11,2025-05-12,2,1,0,2,4,1,3,3,0,59,24,IF2
Christian Walker,572233,74.01,2025-06-16,6,1,0,1,3,0,4,4,0,59,31,IF3
Willy Adames,642715,76.34,2025-05-12,2,3,0,1,3,0,5,3,0,59,24,IF2
Willy Adames,642715,76.34,2025-09-08,4,2,0,1,3,0,2,4,1,59,22,IF2
Jose Altuve,514888,81.09,2025-07-07,5,2,0,1,2,0,2,6,0,59,29,IF3
Bo Bichette,666182,84.67,2025-04-28,4,3,0,1,1,0,3,1,2,59,29,IF3
Ezequiel Tovar,678662,111.22,2025-03-31,4,3,1,0,1,0,4,3,1,59,24,IF2
Gleyber Torres,650402,147.51,2025-06-16,4,2,0,0,6,1,3,4,0,59,31,IF3
Alec Bohm,664761,148.29,2025-04-14,4,3,1,0,0,1,4,3,1,59,26,IF3
Luis Arraez,650333,168.81,2025-09-22,7,1,0,1,2,0,5,3,0,59,16,IF2
Tommy Edman,669242,186.13,2025-03-31,4,0,0,2,1,0,5,5,1,59,24,IF2
Xander Bogaerts,593428,211.87,2025-04-28,3,1,0,1,2,0,4,6,2,59,29,IF3
Xander Bogaerts,593428,211.87,2025-07-07,8,1,0,0,5,0,2,1,2,59,29,IF3
Brandon Lowe,664040,213.94,2025-03-31,5,0,0,2,2,0,3,6,0,59,24,IF2
Brandon Lowe,664040,213.94,2025-06-02,2,2,0,2,1,0,5,4,0,59,31,IF3
Shea Langeliers,669127,226.05,2025-07-14,1,3,0,2,0,0,4,5,0,59,4,IF1
Shea Langeliers,669127,226.05,2025-09-08,3,2,0,1,3,1,5,1,1,59,22,IF2
Michael Busch,683737,226.9,2025-06-23,4,0,0,2,1,0,5,5,1,59,29,IF3
Yainer Diaz,673237,234.25,2025-06-30,3,2,0,2,2,0,3,3,0,59,17,IF2
Spencer Torkelson,679529,237.98,2025-03-31,3,3,0,1,1,1,3,5,0,59,24,IF2
Jacob Wilson,805779,238.09,2025-05-12,3,1,0,2,2,0,3,4,1,59,24,IF2
Trevor Story,596115,238.76,2025-04-14,5,0,0,2,1,1,3,6,0,59,26,IF3
Trevor Story,596115,238.76,2025-06-09,5,2,0,1,0,0,3,4,2,59,27,IF3
Ben Rice,700250,239.01,2025-08-25,5,0,0,2,2,0,5,4,0,59,27,IF3
Ben Rice,700250,239.01,2025-09-15,4,3,0,1,1,0,2,6,0,59,21,IF2
Ben Rice,700250,239.01,2025-09-22,3,0,1,2,2,0,5,3,0,59,16,IF2
Willi Castro,650489,239.25,2025-06-30,5,1,0,0,5,1,2,0,4,59,17,IF2
Nolan Schanuel,694384,239.52,2025-07-21,8,3,0,0,3,0,2,2,0,59,28,IF3
Josh Smith,669701,239.59,2025-07-07,2,4,0,0,4,1,3,2,1,59,29,IF3
Adam Frazier,624428,239.6,2025-08-11,6,2,0,1,1,0,3,5,0,59,23,IF2
Maikel Garcia,672580,239.72,2025-03-31,3,2,0,1,2,0,4,5,1,59,24,IF2
Maikel Garcia,672580,239.72,2025-09-22,4,3,0,0,3,0,7,3,0,59,16,IF2
Noelvi Marte,682622,239.78,2025-08-18,5,1,1,1,2,0,4,3,0,59,33,IF3
Bo Naylor,666310,239.8,2025-07-28,1,3,0,1,3,1,4,4,0,59,29,IF3
Luis Rengifo,650859,239.81,2025-08-04,3,1,1,2,0,0,5,3,0,59,34,IF3
Brooks Lee,686797,239.95,2025-08-18,4,1,0,1,5,0,6,2,0,59,33,IF3
Geraldo Perdomo,672695,240,2025-04-21,1,1,0,1,5,1,3,2,3,59,21,IF2
Ke'Bryan Hayes,663647,240,2025-03-31,4,1,1,1,3,0,3,4,0,59,24,IF2
Christian Moore,695681,NA,2025-09-15,1,2,0,2,2,0,2,3,2,59,21,IF2
Javier Baez,595879,NA,2025-06-09,4,2,0,1,3,0,5,3,0,59,27,IF3
Zach McKinstry,656716,NA,2025-09-01,3,3,1,0,2,0,4,5,0,59,26,IF3
Alejandro Kirk,672386,NA,2025-09-22,0,1,0,3,1,0,3,7,0,59,16,IF2
Luis Torrens,620443,NA,2025-08-25,1,1,0,2,1,1,4,8,0,59,27,IF3
Elly De La Cruz,682829,5.23,2025-05-12,3,1,0,2,1,0,4,2,2,58,28,IF3
Jose Ramirez,608070,8.37,2025-09-08,3,2,0,1,3,0,4,3,1,58,24,IF2
Gunnar Henderson,683002,12.24,2025-07-07,4,3,0,1,2,0,4,2,0,58,32,IF3
Ketel Marte,606466,37.6,2025-09-22,3,2,0,2,1,0,5,2,0,58,20,IF2
Corey Seager,608369,43.68,2025-06-09,4,1,0,0,10,0,3,2,0,58,30,IF3
Manny Machado,592518,45.54,2025-06-16,2,1,0,2,4,0,4,3,0,58,33,IF3
Ozzie Albies,645277,58.95,2025-09-15,6,1,0,0,4,0,5,6,0,58,24,IF2
Junior Caminero,691406,65.87,2025-06-09,0,0,0,2,6,0,5,5,0,58,30,IF3
Junior Caminero,691406,65.87,2025-08-25,3,1,0,2,1,0,5,3,1,58,29,IF3
Willy Adames,642715,76.34,2025-03-31,5,2,0,0,3,0,4,5,1,58,30,IF3
Willy Adames,642715,76.34,2025-09-01,2,0,0,2,3,1,2,6,1,58,27,IF3
Willy Adames,642715,76.34,2025-09-22,2,1,0,2,1,1,4,4,1,58,20,IF2
Jose Altuve,514888,81.09,2025-05-26,4,0,0,3,0,0,4,4,0,58,28,IF3
Bo Bichette,666182,84.67,2025-04-07,8,2,0,0,2,0,2,6,0,58,26,IF3
Adley Rutschman,668939,112.59,2025-07-28,1,6,0,0,1,0,3,5,0,58,32,IF3
Paul Goldschmidt,502671,117.94,2025-05-19,7,0,1,0,3,0,6,2,1,58,32,IF3
Dansby Swanson,621020,124.49,2025-08-04,6,0,0,2,0,0,5,3,1,58,35,IF3
Jackson Holliday,702616,135.54,2025-09-01,3,1,0,2,3,0,3,2,1,58,27,IF3
Michael Toglia,669911,138.78,2025-04-21,5,1,0,1,3,0,2,5,1,58,22,IF2
Gleyber Torres,650402,147.51,2025-05-12,5,1,0,1,4,1,3,3,0,58,28,IF3
Gleyber Torres,650402,147.51,2025-06-09,5,1,0,2,1,0,3,4,0,58,30,IF3
Gleyber Torres,650402,147.51,2025-09-15,7,1,0,1,3,0,4,2,0,58,24,IF2
Alec Bohm,664761,148.29,2025-06-16,8,2,0,0,2,0,3,5,0,58,33,IF3
Cal Raleigh,663728,152.19,2025-06-30,0,0,0,3,3,1,3,5,0,58,20,IF2
Yandy Diaz,650490,154.91,2025-06-30,3,2,0,1,3,0,4,5,0,58,20,IF2
Yandy Diaz,650490,154.91,2025-07-14,4,1,0,1,4,0,5,4,0,58,5,IF1
Royce Lewis,668904,168.33,2025-06-02,5,2,0,0,5,0,4,4,0,58,32,IF3
Royce Lewis,668904,168.33,2025-09-01,5,1,0,1,1,0,2,2,4,58,27,IF3
Luis Arraez,650333,168.81,2025-07-28,8,1,0,1,2,0,4,2,0,58,32,IF3
Ryan McMahon,641857,172.9,2025-07-21,3,1,0,1,4,1,4,5,0,58,30,IF3
Josh Jung,673962,208.9,2025-07-21,7,0,0,1,3,0,5,4,0,58,30,IF3
Brice Turang,668930,230.59,2025-04-14,6,0,0,0,2,0,6,1,5,58,30,IF3
Yainer Diaz,673237,234.25,2025-04-28,7,1,0,1,0,1,4,5,0,58,32,IF3
Colt Keith,690993,235.65,2025-03-31,2,2,0,0,10,0,4,1,0,58,30,IF3
Colt Keith,690993,235.65,2025-08-11,3,2,0,1,3,0,5,4,0,58,24,IF2
Kyle Manzardo,700932,237.05,2025-09-01,3,0,0,2,3,2,4,3,0,58,27,IF3
Joey Ortiz,687401,237.06,2025-04-07,5,0,0,0,6,1,5,2,2,58,26,IF3
Carlos Santana,467793,237.36,2025-05-26,8,0,0,1,4,0,4,2,0,58,28,IF3
Spencer Torkelson,679529,237.98,2025-08-18,3,1,0,2,3,0,4,3,0,58,35,IF3
Jacob Wilson,805779,238.09,2025-09-08,4,3,0,1,0,2,3,3,0,58,24,IF2
Tyler Soderstrom,691016,238.1,2025-08-04,4,1,0,2,2,0,3,4,0,58,35,IF3
Trevor Story,596115,238.76,2025-08-18,4,2,0,1,3,1,3,3,0,58,35,IF3
Nolan Schanuel,694384,239.52,2025-06-09,8,0,0,1,1,1,2,3,2,58,30,IF3
Jonathan Aranda,666018,239.63,2025-06-23,5,1,0,2,1,0,4,3,0,58,30,IF3
Luisangel Acuna,682668,239.64,2025-04-14,4,3,0,0,2,0,4,1,3,58,30,IF3
Maikel Garcia,672580,239.72,2025-05-05,4,1,1,0,4,0,1,3,3,58,28,IF3
Casey Schmitt,669477,239.77,2025-06-16,8,1,0,1,2,0,5,1,0,58,33,IF3
Spencer Horwitz,687462,239.83,2025-08-25,5,1,0,1,3,0,6,3,0,58,29,IF3
Caleb Durbin,702332,239.92,2025-06-23,8,1,0,1,0,0,5,4,0,58,30,IF3
Brooks Lee,686797,239.95,2025-09-15,4,1,0,2,0,0,4,6,0,58,24,IF2
Geraldo Perdomo,672695,240,2025-04-14,3,1,0,1,3,0,4,6,1,58,30,IF3
Nick Kurtz,701762,NA,2025-08-04,6,1,0,0,6,0,7,1,0,58,35,IF3
Ivan Herrera,671056,NA,2025-05-19,6,0,0,0,4,0,5,7,1,58,32,IF3
Gustavo Campero,672569,NA,2025-07-28,2,1,0,1,1,1,5,4,3,58,32,IF3
Gunnar Henderson,683002,12.24,2025-09-22,4,1,0,1,3,0,1,3,3,57,22,IF2
Pete Alonso,624413,29.95,2025-09-01,2,2,0,2,2,1,2,3,0,57,31,IF3
Oneil Cruz,665833,50.09,2025-03-24,1,0,0,1,6,0,3,2,4,57,4,IF1
Oneil Cruz,665833,50.09,2025-03-31,4,1,0,1,3,0,2,2,3,57,32,IF3
Oneil Cruz,665833,50.09,2025-04-28,1,2,0,0,8,0,3,2,2,57,33,IF3
Oneil Cruz,665833,50.09,2025-06-09,3,1,0,1,4,0,4,2,2,57,34,IF3
Junior Caminero,691406,65.87,2025-08-18,2,0,0,2,3,0,3,6,1,57,37,IF4
Bo Bichette,666182,84.67,2025-05-05,4,1,0,1,5,0,3,4,0,57,29,IF3
Paul Goldschmidt,502671,117.94,2025-05-12,5,0,0,1,1,1,6,5,1,57,30,IF3
Vinnie Pasquantino,686469,131.56,2025-08-11,1,2,0,2,0,0,2,9,0,57,25,IF3
Jackson Holliday,702616,135.54,2025-08-11,4,1,0,1,3,0,6,4,0,57,25,IF3
Yandy Diaz,650490,154.91,2025-07-28,4,0,0,2,2,1,4,4,0,57,35,IF3
Max Muncy,571970,161.48,2025-04-28,2,1,1,1,4,1,3,3,0,57,33,IF3
Max Muncy,691777,161.48,2025-06-09,4,0,0,2,0,1,2,7,1,57,34,IF3
Xavier Edwards,669364,165.36,2025-08-11,4,1,1,1,1,0,6,1,1,57,25,IF3
Ryan McMahon,641857,172.9,2025-04-28,2,0,1,1,5,0,4,3,1,57,33,IF3
Nathaniel Lowe,663993,192.46,2025-06-30,4,0,2,0,3,0,6,4,0,57,22,IF2
Zach Neto,687263,202.06,2025-04-28,4,2,0,1,1,0,3,3,2,57,33,IF3
Brandon Lowe,664040,213.94,2025-08-11,4,1,0,2,1,0,2,6,0,57,25,IF3
Nolan Arenado,571448,227.39,2025-04-14,3,2,0,1,3,1,2,3,1,57,33,IF3
Brice Turang,668930,230.59,2025-05-26,5,1,0,0,6,0,5,2,1,57,30,IF3
Brice Turang,668930,230.59,2025-07-21,3,4,0,0,2,0,3,4,1,57,32,IF3
Andres Gimenez,665926,231.93,2025-08-25,2,1,0,2,1,0,6,3,1,57,31,IF3
Kyle Manzardo,700932,237.05,2025-07-21,5,2,0,1,2,0,1,6,0,57,32,IF3
Spencer Torkelson,679529,237.98,2025-05-12,1,1,0,2,3,1,3,5,0,57,30,IF3
Tyler Soderstrom,691016,238.1,2025-04-07,2,0,0,2,5,0,5,3,0,57,28,IF3
Hyeseong Kim,808975,238.24,2025-05-12,5,1,0,1,2,0,5,3,1,57,30,IF3
Christopher Morel,666624,238.29,2025-04-07,3,2,0,1,2,0,3,3,2,57,28,IF3
Trevor Story,596115,238.76,2025-06-23,4,1,0,1,1,0,4,5,2,57,32,IF3
Nolan Schanuel,694384,239.52,2025-05-12,6,1,0,0,5,0,5,4,0,57,30,IF3
Brett Baty,683146,239.56,2025-05-19,5,1,0,1,2,0,2,6,1,57,34,IF3
Josh Smith,669701,239.59,2025-07-21,4,1,0,1,2,1,6,4,0,57,32,IF3
Adam Frazier,624428,239.6,2025-05-19,8,2,0,0,3,0,2,4,0,57,34,IF3
Ty France,664034,239.69,2025-04-28,6,2,0,1,0,1,3,4,0,57,33,IF3
Noelvi Marte,682622,239.78,2025-09-01,3,3,0,0,2,0,4,6,1,57,31,IF3
Brooks Lee,686797,239.95,2025-08-11,1,2,1,1,2,0,2,7,0,57,25,IF3
Gunnar Henderson,683002,12.24,2025-06-16,5,1,0,0,6,1,4,3,0,56,36,IF3
Francisco Lindor,596019,17.8,2025-04-07,6,1,0,1,2,0,5,3,0,56,30,IF3
Matt Olson,621566,21.79,2025-03-31,2,2,0,1,4,0,3,5,0,56,33,IF3
Matt Olson,621566,21.79,2025-08-11,4,3,0,0,4,0,3,2,1,56,30,IF3
Rafael Devers,646240,35.39,2025-04-14,1,2,0,1,5,0,5,3,0,56,34,IF3
Manny Machado,592518,45.54,2025-04-14,3,2,0,1,3,0,4,4,0,56,34,IF3
Alex Bregman,608324,60.11,2025-09-08,5,1,0,1,3,0,5,3,0,56,26,IF3
Marcus Semien,543760,65.54,2025-07-28,6,3,0,0,2,0,2,3,1,56,36,IF3
Willy Adames,642715,76.34,2025-07-28,3,1,0,2,1,0,4,5,0,56,36,IF3
Bo Bichette,666182,84.67,2025-04-14,5,3,0,0,1,0,3,3,2,56,34,IF3
Matt Chapman,656305,93.14,2025-09-08,3,2,0,1,3,0,6,2,0,56,26,IF3
Eugenio Suarez,553993,104.99,2025-05-26,2,1,0,2,2,0,5,4,0,56,31,IF3
Eugenio Suarez,553993,104.99,2025-08-18,1,2,0,2,3,0,2,4,0,56,38,IF4
Jordan Westburg,676059,108.66,2025-03-24,3,0,0,3,1,0,4,3,0,56,5,IF1
Adley Rutschman,668939,112.59,2025-05-19,3,1,0,1,5,0,4,4,0,56,36,IF3
Dansby Swanson,621020,124.49,2025-09-08,3,2,0,0,2,1,3,4,3,56,26,IF3
Vinnie Pasquantino,686469,131.56,2025-06-23,4,2,0,1,2,0,2,6,0,56,33,IF3
Vinnie Pasquantino,686469,131.56,2025-09-01,4,2,0,1,2,0,3,5,0,56,33,IF3
Jeremy Pena,665161,180.02,2025-04-28,8,1,0,1,1,1,4,1,0,56,38,IF4
Salvador Perez,521692,194.19,2025-04-21,3,5,0,0,1,0,3,4,0,56,23,IF2
Salvador Perez,521692,194.19,2025-06-30,3,3,0,1,0,1,1,7,0,56,23,IF2
Bryson Stott,681082,202.3,2025-09-01,2,3,0,1,2,0,2,6,0,56,33,IF3
Xander Bogaerts,593428,211.87,2025-04-07,5,4,0,0,1,0,4,1,1,56,30,IF3
Xander Bogaerts,593428,211.87,2025-05-12,5,0,0,1,3,0,3,4,2,56,34,IF3
Brandon Lowe,664040,213.94,2025-05-26,4,2,0,1,1,1,6,2,0,56,31,IF3
Brice Turang,668930,230.59,2025-05-19,3,2,0,1,1,0,3,6,1,56,36,IF3
Brice Turang,668930,230.59,2025-07-28,2,2,0,2,0,0,3,6,0,56,36,IF3
Yainer Diaz,673237,234.25,2025-06-09,3,3,0,1,1,0,4,4,0,56,36,IF3
Connor Norby,681393,237.78,2025-05-19,6,1,0,1,2,0,3,5,0,56,36,IF3
Spencer Torkelson,679529,237.98,2025-08-11,4,1,0,1,6,0,3,2,0,56,30,IF3
Trevor Story,596115,238.76,2025-06-02,4,1,0,1,2,0,5,6,0,56,33,IF3
Jonathan Aranda,666018,239.63,2025-04-07,5,1,0,1,3,0,3,5,0,56,30,IF3
Luis Rengifo,650859,239.81,2025-03-31,2,3,0,1,2,0,5,3,0,56,33,IF3
Curtis Mead,678554,239.94,2025-09-01,6,3,0,0,0,2,5,2,0,56,33,IF3
Joey Bart,663698,NA,2025-09-15,2,1,0,2,1,1,3,6,0,56,27,IF3
Otto Lopez,672640,NA,2025-07-07,4,0,0,2,2,0,3,4,1,56,33,IF3
Ivan Herrera,671056,NA,2025-07-21,7,0,0,1,5,0,3,2,0,56,35,IF3
Rowdy Tellez,642133,NA,2025-04-14,1,0,0,3,1,0,3,7,0,56,34,IF3
Jose Caballero,676609,NA,2025-09-08,3,2,0,1,1,0,3,2,3,56,26,IF3
Trey Sweeney,700242,NA,2025-03-31,4,1,1,1,2,0,3,4,0,56,33,IF3
Alejandro Kirk,672386,NA,2025-09-01,2,2,0,1,4,0,3,5,0,56,33,IF3
Agustin Ramirez,682663,NA,2025-05-26,6,1,0,1,2,0,3,5,0,56,31,IF3
Agustin Ramirez,682663,NA,2025-08-11,3,1,0,1,2,3,4,4,0,56,30,IF3
Ramon Urias,602104,NA,2025-06-23,3,2,0,1,0,1,4,5,1,56,33,IF3
Elly De La Cruz,682829,5.23,2025-04-07,3,1,0,1,2,0,3,7,1,55,33,IF3
Elly De La Cruz,682829,5.23,2025-09-22,5,0,0,2,2,0,2,3,1,55,23,IF2
Gunnar Henderson,683002,12.24,2025-06-30,2,3,0,1,1,0,3,4,1,55,24,IF2
Matt Olson,621566,21.79,2025-05-19,1,1,0,3,0,0,4,4,0,55,39,IF4
Marcus Semien,543760,65.54,2025-04-28,7,0,0,0,6,0,4,2,1,55,39,IF4
Junior Caminero,691406,65.87,2025-05-19,2,3,0,1,1,0,3,4,1,55,39,IF4
Matt McLain,680574,91.6,2025-09-15,2,2,0,1,1,0,5,3,2,55,28,IF3
Eugenio Suarez,553993,104.99,2025-06-02,2,2,0,2,1,0,3,4,0,55,34,IF3
Isaac Paredes,670623,121.15,2025-07-07,3,2,0,1,4,0,5,1,0,55,34,IF3
Anthony Volpe,683011,135.32,2025-04-21,3,2,0,1,3,1,4,2,0,55,24,IF2
Jackson Holliday,702616,135.54,2025-07-21,7,1,0,1,2,0,3,3,0,55,36,IF3
Gleyber Torres,650402,147.51,2025-08-25,6,0,0,1,5,0,3,3,0,55,32,IF3
Ryan McMahon,641857,172.9,2025-08-11,2,2,0,1,5,0,4,2,0,55,33,IF3
Jeremy Pena,665161,180.02,2025-05-12,7,1,0,1,2,0,2,4,0,55,35,IF3
Josh Jung,673962,208.9,2025-09-15,5,2,0,1,0,0,4,5,0,55,28,IF3
Brandon Lowe,664040,213.94,2025-06-09,8,1,0,0,3,0,6,2,0,55,37,IF4
Will Smith,669257,215.77,2025-07-21,4,0,0,2,3,0,5,2,0,55,36,IF3
Matt Shaw,807713,227.33,2025-09-22,3,0,1,1,2,0,7,2,1,55,23,IF2
Nolan Arenado,571448,227.39,2025-06-16,4,0,0,2,2,1,4,3,0,55,37,IF4
Andres Gimenez,665926,231.93,2025-03-31,3,1,0,1,2,2,4,3,1,55,36,IF3
Andres Gimenez,665926,231.93,2025-04-07,4,1,0,0,3,0,5,1,4,55,33,IF3
Yainer Diaz,673237,234.25,2025-05-05,6,1,0,1,1,0,2,7,0,55,30,IF3
Austin Wells,669224,234.46,2025-05-05,3,0,0,1,2,2,4,6,1,55,30,IF3
Trevor Story,596115,238.76,2025-08-25,2,1,0,2,1,0,4,2,2,55,32,IF3
Coby Mayo,691723,239.19,2025-09-22,3,0,0,2,3,1,4,3,0,55,23,IF2
Nolan Schanuel,694384,239.52,2025-03-31,4,1,1,0,2,1,4,4,1,55,36,IF3
Nolan Schanuel,694384,239.52,2025-07-28,3,1,0,1,4,0,4,3,1,55,39,IF4
Spencer Horwitz,687462,239.83,2025-09-08,2,1,0,2,3,0,4,3,0,55,30,IF3
Caleb Durbin,702332,239.92,2025-05-26,2,4,0,0,2,1,3,3,1,55,34,IF3
Caleb Durbin,702332,239.92,2025-06-16,5,0,0,1,2,0,7,3,1,55,37,IF4
Nolan Gorman,669357,239.92,2025-08-18,3,1,0,1,6,0,3,3,0,55,39,IF4
Brooks Lee,686797,239.95,2025-06-09,5,1,0,2,0,0,3,4,0,55,37,IF4
Jorge Polanco,593871,239.99,2025-04-28,1,1,0,2,2,0,4,6,0,55,39,IF4
Gabriel Moreno,672515,NA,2025-05-19,2,0,0,3,1,0,3,5,0,55,39,IF4
Otto Lopez,672640,NA,2025-09-01,5,0,0,2,2,0,3,4,0,55,37,IF4
Otto Lopez,672640,NA,2025-09-15,3,2,0,1,0,0,4,4,2,55,28,IF3
Gabriel Arias,672356,NA,2025-09-15,3,3,0,1,0,0,3,4,1,55,28,IF3
David Hamilton,666152,NA,2025-05-12,4,1,0,1,0,1,4,2,3,55,35,IF3
Ernie Clement,676391,NA,2025-05-05,8,2,0,0,1,0,4,2,1,55,30,IF3
Jose Caballero,676609,NA,2025-05-12,4,3,0,0,1,0,4,1,3,55,35,IF3
Agustin Ramirez,682663,NA,2025-05-05,3,3,0,1,2,0,2,4,0,55,30,IF3
Agustin Ramirez,682663,NA,2025-08-25,4,1,0,1,2,1,4,3,1,55,32,IF3
Jose Ramirez,608070,8.37,2025-04-14,6,2,0,0,2,0,3,2,2,54,38,IF4
Jose Ramirez,608070,8.37,2025-06-09,3,1,0,1,2,1,3,3,2,54,39,IF4
Mookie Betts,605141,16.08,2025-08-11,5,0,0,1,2,1,6,4,0,54,34,IF3
Matt Olson,621566,21.79,2025-09-01,4,0,1,1,4,0,4,2,0,54,38,IF4
Bryce Harper,547180,27.32,2025-08-25,8,0,0,1,2,0,4,3,0,54,35,IF3
Pete Alonso,624413,29.95,2025-04-21,4,2,0,0,4,2,4,2,0,54,25,IF3
CJ Abrams,682928,79.08,2025-07-28,4,2,0,0,4,0,2,1,3,54,40,IF4
Matt McLain,680574,91.6,2025-07-07,5,1,0,1,3,0,4,1,1,54,35,IF3
Triston Casas,671213,99,2025-04-21,1,0,0,2,4,1,2,6,0,54,25,IF3
Adley Rutschman,668939,112.59,2025-03-24,2,1,0,2,2,0,5,3,0,54,6,IF1
Vinnie Pasquantino,686469,131.56,2025-07-21,1,1,0,2,3,0,3,5,0,54,38,IF4
Anthony Volpe,683011,135.32,2025-05-12,2,2,0,1,4,0,2,3,1,54,38,IF4
Anthony Volpe,683011,135.32,2025-05-19,3,2,2,0,1,0,4,3,0,54,42,IF4
Anthony Volpe,683011,135.32,2025-08-25,3,2,0,1,1,0,3,5,1,54,35,IF3
Jackson Holliday,702616,135.54,2025-09-08,8,0,0,0,4,0,3,2,2,54,31,IF3
Alec Bohm,664761,148.29,2025-09-15,5,2,0,1,1,0,3,4,0,54,32,IF3
Alec Bohm,664761,148.29,2025-09-22,7,1,0,1,1,0,3,4,0,54,26,IF3
Yandy Diaz,650490,154.91,2025-04-14,5,1,0,1,3,0,2,5,0,54,38,IF4
Yandy Diaz,650490,154.91,2025-04-21,5,3,0,0,1,0,2,5,1,54,25,IF3
Yandy Diaz,650490,154.91,2025-08-25,4,3,0,1,2,0,3,1,0,54,35,IF3
Xavier Edwards,669364,165.36,2025-07-21,8,1,0,0,4,0,4,0,1,54,38,IF4
Jeremy Pena,665161,180.02,2025-08-04,1,2,1,1,2,1,2,4,0,54,38,IF4
Zach Neto,687263,202.06,2025-06-09,5,2,0,0,3,0,6,1,1,54,39,IF4
Zach Neto,687263,202.06,2025-06-30,3,1,0,1,2,1,5,1,2,54,25,IF3
Carlos Correa,621043,209.38,2025-09-01,6,2,0,1,0,0,4,3,0,54,38,IF4
Nico Hoerner,663538,212.11,2025-07-28,7,1,0,1,1,0,3,4,0,54,40,IF4
Zack Gelof,680869,225.25,2025-09-01,4,2,0,1,2,0,5,2,0,54,38,IF4
Matt Shaw,807713,227.33,2025-06-02,4,2,0,1,0,0,5,1,2,54,35,IF3
Brice Turang,668930,230.59,2025-09-22,5,2,0,0,5,0,2,4,0,54,26,IF3
Yainer Diaz,673237,234.25,2025-09-08,6,2,0,1,0,0,2,5,0,54,31,IF3
Carlos Santana,467793,237.36,2025-03-31,5,1,0,1,3,0,3,2,1,54,38,IF4
Spencer Torkelson,679529,237.98,2025-04-28,1,0,0,2,4,1,5,3,0,54,41,IF4
Coby Mayo,691723,239.19,2025-07-21,1,2,0,1,4,1,4,3,0,54,38,IF4
Coby Mayo,691723,239.19,2025-09-15,6,2,0,0,3,1,3,1,1,54,32,IF3
Jonathan Aranda,666018,239.63,2025-06-16,8,2,0,0,2,0,4,2,0,54,39,IF4
Luisangel Acuna,682668,239.64,2025-04-28,8,1,0,0,2,0,3,2,2,54,41,IF4
Ty France,664034,239.69,2025-06-16,2,2,0,1,1,1,5,5,0,54,39,IF4
Casey Schmitt,669477,239.77,2025-07-28,3,3,0,1,1,0,3,4,0,54,40,IF4
Bo Naylor,666310,239.8,2025-04-28,0,0,0,3,2,0,4,5,0,54,41,IF4
Caleb Durbin,702332,239.92,2025-04-21,3,2,0,1,1,2,3,4,0,54,25,IF3
Geraldo Perdomo,672695,240,2025-08-25,4,1,0,1,1,1,5,3,1,54,35,IF3
Geraldo Perdomo,672695,240,2025-09-22,4,2,0,1,2,0,2,3,1,54,26,IF3
Brayan Rocchio,677587,NA,2025-07-07,2,4,0,1,0,0,3,4,0,54,35,IF3
Ivan Herrera,671056,NA,2025-09-15,4,0,0,1,2,2,5,3,1,54,32,IF3
Kyle Higashioka,543309,NA,2025-07-07,5,0,0,2,1,0,2,4,1,54,35,IF3
Lenyn Sosa,672820,NA,2025-05-19,5,2,0,1,1,0,2,5,0,54,42,IF4
Alejandro Kirk,672386,NA,2025-08-11,2,0,0,2,2,0,3,6,1,54,34,IF3
Jose Tena,677588,NA,2025-05-12,2,4,0,0,4,0,4,2,0,54,38,IF4
Mookie Betts,605141,16.08,2025-05-12,2,1,0,0,5,0,5,4,2,53,40,IF4
Matt Olson,621566,21.79,2025-04-21,3,0,0,1,6,0,6,2,0,53,29,IF3
Bryce Harper,547180,27.32,2025-05-05,3,2,0,1,2,0,3,5,0,53,34,IF3
Pete Alonso,624413,29.95,2025-09-22,2,3,0,1,1,0,4,4,0,53,29,IF3
Trea Turner,607208,35.91,2025-03-31,5,1,0,0,4,0,3,1,3,53,39,IF4
Trea Turner,607208,35.91,2025-06-23,3,1,0,2,0,0,4,3,1,53,35,IF3
Corey Seager,608369,43.68,2025-05-05,1,2,0,2,0,0,5,4,0,53,34,IF3
Manny Machado,592518,45.54,2025-03-31,9,0,0,0,2,0,4,0,3,53,39,IF4
Alex Bregman,608324,60.11,2025-05-05,4,2,0,1,0,1,4,4,0,53,34,IF3
Alex Bregman,608324,60.11,2025-09-15,5,0,0,1,6,0,2,3,0,53,35,IF3
William Contreras,661388,61.55,2025-09-01,7,1,0,0,3,1,7,0,0,53,41,IF4
Willy Adames,642715,76.34,2025-04-14,5,1,0,1,2,0,3,5,0,53,40,IF4
Josh Naylor,647304,89.6,2025-07-28,3,1,0,1,2,0,3,2,3,53,43,IF4
Jake Burger,669394,115.47,2025-05-12,5,2,0,1,2,0,1,4,0,53,40,IF4
Jake Burger,669394,115.47,2025-06-02,4,1,0,2,1,0,3,3,0,53,36,IF3
Isaac Paredes,670623,121.15,2025-06-30,5,2,0,1,2,0,3,2,0,53,26,IF3
Dansby Swanson,621020,124.49,2025-06-30,8,0,0,1,1,0,6,2,0,53,26,IF3
Dansby Swanson,621020,124.49,2025-09-01,1,1,0,1,4,0,2,5,2,53,41,IF4
Dansby Swanson,621020,124.49,2025-09-15,5,1,0,1,2,0,2,2,2,53,35,IF3
Yandy Diaz,650490,154.91,2025-07-21,0,0,0,3,1,2,3,4,0,53,41,IF4
Jonathan India,663697,164.42,2025-06-30,3,2,0,0,4,4,4,0,0,53,26,IF3
Xavier Edwards,669364,165.36,2025-05-05,6,0,0,0,5,0,3,1,3,53,34,IF3
Masyn Winn,691026,166.08,2025-05-26,6,3,0,0,1,0,4,3,0,53,35,IF3
Royce Lewis,668904,168.33,2025-09-15,5,1,0,1,0,0,1,6,2,53,35,IF3
Tommy Edman,669242,186.13,2025-05-26,3,3,0,1,0,0,5,3,0,53,35,IF3
Nathaniel Lowe,663993,192.46,2025-05-26,6,1,0,0,3,0,4,6,0,53,35,IF3
Salvador Perez,521692,194.19,2025-07-28,5,0,0,2,0,2,2,4,0,53,43,IF4
Bryson Stott,681082,202.3,2025-05-05,3,1,0,1,2,0,4,5,1,53,34,IF3
Bryson Stott,681082,202.3,2025-07-21,1,2,0,1,2,0,4,3,2,53,41,IF4
Carlos Correa,621043,209.38,2025-06-23,5,0,0,2,0,0,4,5,0,53,35,IF3
Nico Hoerner,663538,212.11,2025-09-22,6,0,0,1,1,0,7,2,1,53,29,IF3
Brandon Lowe,664040,213.94,2025-08-04,2,0,0,3,1,0,3,4,0,53,39,IF4
Will Smith,669257,215.77,2025-05-12,6,0,0,1,5,0,2,3,0,53,40,IF4
Nolan Arenado,571448,227.39,2025-03-31,7,1,0,0,4,0,3,4,0,53,39,IF4
Nolan Arenado,571448,227.39,2025-06-09,6,1,0,1,1,0,4,4,0,53,41,IF4
Joey Ortiz,687401,237.06,2025-08-11,6,2,0,0,1,0,6,2,1,53,36,IF3
Carlos Santana,467793,237.36,2025-04-28,4,0,0,1,5,0,3,3,1,53,44,IF4
Carlos Santana,467793,237.36,2025-07-07,3,0,0,1,4,0,4,3,2,53,38,IF4
Spencer Torkelson,679529,237.98,2025-05-19,2,2,0,1,4,1,3,2,0,53,44,IF4
Spencer Torkelson,679529,237.98,2025-08-04,5,0,0,2,2,0,4,2,0,53,39,IF4
Tyler Soderstrom,691016,238.1,2025-03-31,5,1,0,1,2,0,4,4,0,53,39,IF4
Tyler Soderstrom,691016,238.1,2025-08-11,5,1,0,1,2,0,3,5,0,53,36,IF3
Maikel Garcia,672580,239.72,2025-05-12,2,3,0,1,3,0,2,3,0,53,40,IF4
Luis Rengifo,650859,239.81,2025-07-28,5,0,0,1,2,2,3,3,1,53,43,IF4
Colson Montgomery,695657,239.98,2025-08-04,0,1,0,2,4,1,4,2,0,53,39,IF4
Patrick Bailey,672275,240,2025-09-01,6,0,0,1,0,1,5,4,1,53,41,IF4
Gabriel Arias,672356,NA,2025-05-26,3,3,0,0,3,1,3,4,0,53,35,IF3
Lenyn Sosa,672820,NA,2025-07-07,3,0,0,2,1,1,3,4,1,53,38,IF4
Lenyn Sosa,672820,NA,2025-09-01,2,0,0,2,2,1,5,4,0,53,41,IF4
Alejandro Kirk,672386,NA,2025-05-26,7,1,0,0,4,0,2,5,0,53,35,IF3
Agustin Ramirez,682663,NA,2025-05-12,2,2,0,1,5,0,3,2,0,53,40,IF4
Jose Ramirez,608070,8.37,2025-04-21,5,0,0,1,1,0,3,5,2,52,30,IF3
Mookie Betts,605141,16.08,2025-03-31,4,1,0,1,1,1,4,3,1,52,43,IF4
Mookie Betts,605141,16.08,2025-08-25,4,1,0,1,4,0,4,2,0,52,39,IF4
Mookie Betts,605141,16.08,2025-09-15,1,1,0,2,3,0,3,4,0,52,38,IF4
Matt Olson,621566,21.79,2025-04-28,3,1,0,1,5,0,5,1,0,52,45,IF4
Trea Turner,607208,35.91,2025-06-30,8,1,0,0,2,0,3,1,2,52,29,IF3
Ketel Marte,606466,37.6,2025-08-25,6,0,0,0,4,2,4,2,1,52,39,IF4
Ketel Marte,606466,37.6,2025-09-01,0,1,0,2,4,0,3,4,0,52,45,IF4
Manny Machado,592518,45.54,2025-09-08,2,0,0,2,2,0,4,4,1,52,33,IF3
Ozzie Albies,645277,58.95,2025-04-28,6,0,0,1,2,0,4,1,2,52,45,IF4
Ozzie Albies,645277,58.95,2025-07-14,1,0,0,2,1,0,2,9,1,52,6,IF1
William Contreras,661388,61.55,2025-04-14,6,0,0,0,4,0,2,3,3,52,41,IF4
William Contreras,661388,61.55,2025-07-07,6,2,0,0,2,0,6,2,0,52,40,IF4
Christian Walker,572233,74.01,2025-09-08,7,0,0,1,1,0,4,5,0,52,33,IF3
Jake Burger,669394,115.47,2025-08-11,6,0,0,1,2,0,3,6,0,52,38,IF4
Paul Goldschmidt,502671,117.94,2025-04-21,5,3,0,0,3,0,2,3,0,52,30,IF3
Dansby Swanson,621020,124.49,2025-06-23,5,2,1,0,3,0,3,1,0,52,37,IF4
Gleyber Torres,650402,147.51,2025-06-02,6,1,0,0,4,0,5,3,0,52,37,IF4
Gleyber Torres,650402,147.51,2025-09-08,1,2,0,0,7,0,2,6,0,52,33,IF3
Yandy Diaz,650490,154.91,2025-04-28,5,1,0,1,4,1,1,2,0,52,45,IF4
Yandy Diaz,650490,154.91,2025-09-08,3,0,0,2,3,0,5,2,0,52,33,IF3
Jonathan India,663697,164.42,2025-04-28,4,1,0,1,4,0,5,1,0,52,45,IF4
Xavier Edwards,669364,165.36,2025-09-08,5,0,0,1,3,0,4,5,0,52,33,IF3
Jeremy Pena,665161,180.02,2025-05-19,6,0,1,0,1,5,2,2,0,52,45,IF4
Brandon Lowe,664040,213.94,2025-09-15,3,0,0,2,1,0,4,6,0,52,38,IF4
Shea Langeliers,669127,226.05,2025-06-30,1,2,0,2,1,0,3,4,0,52,29,IF3
Matt Shaw,807713,227.33,2025-06-23,3,2,0,0,3,0,3,4,2,52,37,IF4
Ryan Mountcastle,663624,234.73,2025-08-11,4,1,0,1,1,1,3,2,2,52,38,IF4
Kyle Manzardo,700932,237.05,2025-04-28,5,0,0,1,5,0,2,2,1,52,45,IF4
Connor Norby,681393,237.78,2025-04-21,2,2,0,1,0,2,4,3,1,52,30,IF3
Willi Castro,650489,239.25,2025-07-07,2,1,0,2,2,0,3,4,0,52,40,IF4
Brett Baty,683146,239.56,2025-08-25,7,1,0,0,3,0,6,0,1,52,39,IF4
Josh Smith,669701,239.59,2025-05-26,2,2,0,1,2,0,1,4,2,52,40,IF4
Josh Smith,669701,239.59,2025-09-08,5,1,0,0,4,1,6,0,1,52,33,IF3
Maikel Garcia,672580,239.72,2025-07-28,5,2,0,0,3,0,3,3,1,52,46,IF4
Ryan O'Hearn,656811,239.89,2025-04-14,4,0,0,2,1,1,2,5,0,52,41,IF4
Ryan O'Hearn,656811,239.89,2025-07-28,2,1,1,1,1,1,4,4,0,52,46,IF4
Brooks Lee,686797,239.95,2025-07-28,3,0,0,2,1,0,3,7,0,52,46,IF4
Gabriel Arias,672356,NA,2025-04-14,3,2,0,1,1,0,4,3,1,52,41,IF4
Alejandro Kirk,672386,NA,2025-06-23,6,1,0,0,4,0,3,5,0,52,37,IF4
Thomas Saggese,695336,NA,2025-09-08,7,2,0,0,1,0,3,3,1,52,33,IF3
Elly De La Cruz,682829,5.23,2025-06-02,1,2,0,0,6,0,4,1,2,51,38,IF4
Freddie Freeman,518692,26.39,2025-05-19,2,4,0,0,4,1,3,0,0,51,46,IF4
Pete Alonso,624413,29.95,2025-07-28,0,1,0,2,3,0,3,5,0,51,49,Unusable
Austin Riley,663586,30.75,2025-06-30,4,3,0,1,1,0,1,3,0,51,31,IF3
Rafael Devers,646240,35.39,2025-05-26,4,1,0,0,7,0,2,4,0,51,41,IF4
Corey Seager,608369,43.68,2025-08-11,1,2,0,1,2,0,3,3,2,51,40,IF4
Manny Machado,592518,45.54,2025-05-26,2,1,0,2,1,0,4,4,0,51,41,IF4
Junior Caminero,691406,65.87,2025-09-22,7,0,0,1,3,1,2,2,0,51,31,IF3
Jose Altuve,514888,81.09,2025-04-07,5,0,0,1,2,0,3,3,2,51,35,IF3
Jordan Westburg,676059,108.66,2025-07-07,6,0,0,1,1,0,6,4,0,51,42,IF4
Ezequiel Tovar,678662,111.22,2025-07-28,2,4,0,0,1,0,5,2,1,51,49,Unusable
Jake Burger,669394,115.47,2025-06-09,5,1,0,1,2,0,4,3,0,51,42,IF4
Paul Goldschmidt,502671,117.94,2025-04-14,9,1,0,0,2,0,3,1,1,51,44,IF4
Anthony Volpe,683011,135.32,2025-05-05,5,1,0,0,2,0,5,3,2,51,39,IF4
Gleyber Torres,650402,147.51,2025-05-05,4,2,0,0,3,0,3,6,0,51,39,IF4
Gleyber Torres,650402,147.51,2025-05-19,2,2,0,0,7,0,3,3,0,51,46,IF4
Luis Arraez,650333,168.81,2025-06-16,9,0,1,0,0,0,5,3,0,51,41,IF4
Rhys Hoskins,656555,172.72,2025-05-05,4,4,0,0,1,0,1,5,0,51,39,IF4
Ryan McMahon,641857,172.9,2025-08-25,2,2,0,1,3,0,4,3,0,51,42,IF4
Willson Contreras,575929,182.14,2025-07-07,4,2,0,1,1,0,3,4,0,51,42,IF4
Nathaniel Lowe,663993,192.46,2025-03-24,3,1,0,2,0,0,3,5,0,51,7,IF1
Nolan Arenado,571448,227.39,2025-05-05,5,1,0,1,1,1,5,2,0,51,39,IF4
Andres Gimenez,665926,231.93,2025-03-24,1,1,0,2,2,0,4,4,0,51,7,IF1
Andrew Vaughn,683734,236.76,2025-05-05,3,2,0,2,0,0,2,3,0,51,39,IF4
Joey Ortiz,687401,237.06,2025-07-28,4,3,0,0,1,0,3,6,0,51,49,Unusable
Spencer Torkelson,679529,237.98,2025-05-05,4,3,0,0,1,0,3,6,0,51,39,IF4
Spencer Torkelson,679529,237.98,2025-07-07,2,1,0,1,4,1,4,3,0,51,42,IF4
Logan O'Hoppe,681351,238.67,2025-04-28,4,0,0,2,2,1,2,3,0,51,50,Unusable
Trevor Story,596115,238.76,2025-08-04,6,0,0,0,3,0,6,4,1,51,42,IF4
Ben Rice,700250,239.01,2025-08-18,2,0,1,2,3,0,2,2,0,51,40,IF4
Francisco Alvarez,682626,239.35,2025-09-22,2,0,0,2,3,0,4,4,0,51,31,IF3
Brett Baty,683146,239.56,2025-05-05,1,0,0,3,0,0,3,6,0,51,39,IF4
Josh Smith,669701,239.59,2025-05-05,7,0,0,1,3,1,2,2,0,51,39,IF4
Ty France,664034,239.69,2025-04-21,3,2,0,0,3,1,4,5,0,51,33,IF3
Luis Rengifo,650859,239.81,2025-07-07,6,3,0,0,1,0,4,2,0,51,42,IF4
Brooks Lee,686797,239.95,2025-06-23,4,2,0,1,1,0,3,4,0,51,40,IF4
Yoan Moncada,660162,NA,2025-09-08,2,1,0,1,5,0,4,3,0,51,40,IF4
Otto Lopez,672640,NA,2025-06-09,6,0,0,1,3,0,4,1,1,51,42,IF4
Zach McKinstry,656716,NA,2025-04-07,4,0,1,1,1,0,3,6,0,51,35,IF3
Lenyn Sosa,672820,NA,2025-09-22,5,2,0,1,0,0,3,4,0,51,31,IF3
Kyle Farmer,571657,NA,2025-05-12,1,1,0,2,2,0,2,6,0,51,45,IF4
Thomas Saggese,695336,NA,2025-09-15,4,1,0,1,3,0,4,3,0,51,40,IF4
Jose Trevino,624431,NA,2025-04-14,3,4,0,0,2,0,5,1,0,51,44,IF4
Jose Ramirez,608070,8.37,2025-08-18,3,1,0,1,3,0,2,4,1,50,41,IF4
Gunnar Henderson,683002,12.24,2025-05-12,4,0,0,2,2,0,2,4,0,50,46,IF4
Francisco Lindor,596019,17.8,2025-03-31,3,2,0,0,3,0,4,2,2,50,44,IF4
Matt Olson,621566,21.79,2025-07-21,5,1,0,0,7,0,3,1,0,50,43,IF4
Bryce Harper,547180,27.32,2025-09-01,2,1,0,2,2,0,2,4,0,50,46,IF4
Ketel Marte,606466,37.6,2025-06-30,2,0,0,2,4,0,3,3,0,50,32,IF3
Ozzie Albies,645277,58.95,2025-05-26,3,0,0,1,4,1,3,3,1,50,43,IF4
William Contreras,661388,61.55,2025-05-26,6,1,0,0,4,0,5,2,0,50,43,IF4
William Contreras,661388,61.55,2025-06-16,3,2,0,0,7,0,1,3,0,50,42,IF4
Junior Caminero,691406,65.87,2025-06-30,3,2,0,1,1,0,2,6,0,50,32,IF3
Christian Walker,572233,74.01,2025-09-01,2,2,0,1,2,0,4,2,1,50,46,IF4
Jose Altuve,514888,81.09,2025-09-15,4,1,0,1,1,1,1,5,1,50,41,IF4
Jake Burger,669394,115.47,2025-09-01,2,0,1,2,0,0,3,5,0,50,46,IF4
Jake Burger,669394,115.47,2025-09-08,4,0,0,2,2,0,3,3,0,50,41,IF4
Dansby Swanson,621020,124.49,2025-04-21,2,1,1,0,2,0,5,3,2,50,34,IF3
Dansby Swanson,621020,124.49,2025-06-09,5,0,0,2,1,0,2,4,0,50,44,IF4
Anthony Volpe,683011,135.32,2025-09-15,4,2,0,0,2,0,4,2,2,50,41,IF4
Yandy Diaz,650490,154.91,2025-05-19,3,2,0,1,1,0,3,5,0,50,48,IF4
Yandy Diaz,650490,154.91,2025-06-02,5,1,0,1,3,0,3,2,0,50,39,IF4
Jonathan India,663697,164.42,2025-08-11,1,1,0,2,3,0,2,4,0,50,41,IF4
Masyn Winn,691026,166.08,2025-06-16,3,2,0,0,3,0,5,3,1,50,42,IF4
Jeremy Pena,665161,180.02,2025-04-07,5,1,0,0,3,0,4,2,2,50,37,IF4
Tommy Edman,669242,186.13,2025-04-07,3,0,1,1,2,1,2,5,0,50,37,IF4
Nathaniel Lowe,663993,192.46,2025-04-14,9,1,0,0,3,0,0,2,1,50,46,IF4
Salvador Perez,521692,194.19,2025-07-14,1,2,0,2,1,0,4,2,0,50,7,IF1
Salvador Perez,521692,194.19,2025-08-11,2,1,0,2,0,0,5,4,0,50,41,IF4
Xander Bogaerts,593428,211.87,2025-07-21,3,3,0,1,1,0,4,1,0,50,43,IF4
Nico Hoerner,663538,212.11,2025-06-30,2,1,1,0,3,1,5,2,1,50,32,IF3
Matt Shaw,807713,227.33,2025-03-31,4,0,0,0,8,0,5,2,0,50,44,IF4
Josh Bell,605137,238,2025-08-04,4,2,0,1,3,1,1,1,0,50,43,IF4
Josh Bell,605137,238,2025-09-22,2,1,0,2,2,0,4,2,0,50,34,IF3
Trevor Story,596115,238.76,2025-09-08,3,2,0,1,1,0,4,2,1,50,41,IF4
Brett Baty,683146,239.56,2025-06-23,6,3,0,0,2,0,1,3,0,50,41,IF4
Jeff McNeil,643446,239.75,2025-04-28,3,0,1,1,3,0,3,4,0,50,51,Unusable
Spencer Horwitz,687462,239.83,2025-05-19,3,2,0,1,3,0,2,3,0,50,48,IF4
Geraldo Perdomo,672695,240,2025-05-19,5,1,0,1,2,1,2,3,0,50,48,IF4
Otto Lopez,672640,NA,2025-06-02,3,1,0,1,1,0,3,4,2,50,39,IF4
Zach McKinstry,656716,NA,2025-08-18,3,0,2,1,0,1,4,2,0,50,41,IF4
Agustin Ramirez,682663,NA,2025-07-21,2,2,0,1,2,0,4,2,1,50,43,IF4
Agustin Ramirez,682663,NA,2025-08-18,2,2,0,0,1,3,3,1,3,50,41,IF4
Ramon Urias,602104,NA,2025-05-19,5,3,0,0,1,0,2,5,0,50,48,IF4
Ramon Urias,602104,NA,2025-06-09,2,1,0,2,0,0,3,4,1,50,44,IF4
Freddie Freeman,518692,26.39,2025-07-21,6,1,0,0,3,0,3,3,1,49,46,IF4
Austin Riley,663586,30.75,2025-06-02,5,2,0,1,0,0,4,2,0,49,41,IF4
Rafael Devers,646240,35.39,2025-07-28,3,1,0,1,4,0,2,4,0,49,52,Unusable
Oneil Cruz,665833,50.09,2025-06-23,2,0,0,2,1,0,4,4,1,49,42,IF4
William Contreras,661388,61.55,2025-06-09,1,2,0,1,4,0,1,5,0,49,46,IF4
Junior Caminero,691406,65.87,2025-07-14,3,1,0,2,0,0,2,5,0,49,8,IF1
Christian Walker,572233,74.01,2025-07-21,5,3,0,0,2,0,2,3,0,49,46,IF4
Willy Adames,642715,76.34,2025-06-16,5,0,0,1,4,0,5,1,0,49,44,IF4
Josh Naylor,647304,89.6,2025-03-24,4,2,0,0,3,0,3,3,1,49,9,IF1
Ezequiel Tovar,678662,111.22,2025-09-01,8,1,0,0,3,0,3,2,0,49,49,Unusable
Jackson Holliday,702616,135.54,2025-04-28,5,0,0,2,0,0,4,3,0,49,52,Unusable
Gleyber Torres,650402,147.51,2025-07-07,4,3,0,0,3,0,4,1,0,49,46,IF4
Cal Raleigh,663728,152.19,2025-08-18,1,1,0,2,2,0,3,4,0,49,44,IF4
Yandy Diaz,650490,154.91,2025-05-26,2,2,0,1,1,0,4,5,0,49,45,IF4
Yandy Diaz,650490,154.91,2025-08-11,8,2,0,0,1,0,1,4,0,49,43,IF4
Jonathan India,663697,164.42,2025-06-23,5,3,0,0,2,0,4,1,0,49,42,IF4
Masyn Winn,691026,166.08,2025-03-31,8,0,0,0,2,1,6,2,0,49,46,IF4
Luis Arraez,650333,168.81,2025-05-26,4,3,0,0,1,0,3,5,0,49,45,IF4
Luis Arraez,650333,168.81,2025-06-09,4,3,0,0,1,0,6,2,0,49,46,IF4
Jeremy Pena,665161,180.02,2025-04-14,3,2,0,1,2,0,3,3,0,49,47,IF4
Jeremy Pena,665161,180.02,2025-04-21,7,1,0,0,2,0,2,4,1,49,35,IF3
Zach Neto,687263,202.06,2025-06-16,3,2,0,1,0,2,3,1,1,49,44,IF4
Kristian Campbell,692225,212.49,2025-06-02,3,1,0,1,2,2,2,4,0,49,41,IF4
Will Smith,669257,215.77,2025-05-05,4,2,0,0,5,0,3,2,0,49,47,IF4
Matt Shaw,807713,227.33,2025-08-18,2,1,1,1,3,0,4,1,0,49,44,IF4
Kyle Manzardo,700932,237.05,2025-04-14,2,1,0,2,1,0,2,5,0,49,47,IF4
Spencer Torkelson,679529,237.98,2025-03-24,2,1,0,1,5,0,3,1,1,49,9,IF1
Jacob Wilson,805779,238.09,2025-08-25,4,1,0,1,1,0,2,7,0,49,43,IF4
Tyler Soderstrom,691016,238.1,2025-04-21,4,2,0,0,3,0,3,3,1,49,35,IF3
Tyler Soderstrom,691016,238.1,2025-05-26,0,1,0,2,2,1,2,5,0,49,45,IF4
Tyler Soderstrom,691016,238.1,2025-07-21,1,3,0,1,2,0,2,4,0,49,46,IF4
Tyler Soderstrom,691016,238.1,2025-09-22,1,3,0,1,2,0,3,3,0,49,35,IF3
Keibert Ruiz,660688,239.6,2025-03-24,2,1,0,2,0,1,4,3,0,49,9,IF1
Ty France,664034,239.69,2025-07-21,3,3,0,0,3,1,3,2,0,49,46,IF4
Jeff McNeil,643446,239.75,2025-06-09,5,0,0,1,2,2,1,5,0,49,46,IF4
Jeff McNeil,643446,239.75,2025-09-01,7,1,0,0,2,0,3,3,1,49,49,Unusable
Noelvi Marte,682622,239.78,2025-07-21,5,2,0,0,0,2,2,4,1,49,46,IF4
Noelvi Marte,682622,239.78,2025-08-11,7,1,0,1,0,0,2,4,0,49,43,IF4
Caleb Durbin,702332,239.92,2025-09-15,5,1,0,0,2,2,3,3,1,49,43,IF4
Jorge Polanco,593871,239.99,2025-06-09,5,1,0,1,2,0,2,4,0,49,46,IF4
Geraldo Perdomo,672695,240,2025-07-14,5,0,1,0,0,0,2,7,2,49,8,IF1
Geraldo Perdomo,672695,240,2025-09-01,4,0,0,2,1,0,3,4,0,49,49,Unusable
Nick Kurtz,701762,NA,2025-06-30,0,2,0,1,5,0,3,3,0,49,35,IF3
Isaac Collins,686555,NA,2025-07-21,5,2,0,0,4,0,3,2,0,49,46,IF4
Otto Lopez,672640,NA,2025-03-24,4,0,0,1,3,0,3,4,1,49,9,IF1
Javier Baez,595879,NA,2025-04-21,5,2,0,0,1,1,3,3,1,49,35,IF3
Ernie Clement,676391,NA,2025-07-21,5,0,1,1,0,0,3,5,0,49,46,IF4
Ernie Clement,676391,NA,2025-09-08,6,2,0,0,1,0,4,4,0,49,43,IF4
Zach McKinstry,656716,NA,2025-05-12,4,2,0,1,1,0,5,1,0,49,47,IF4
Lenyn Sosa,672820,NA,2025-08-25,5,1,0,1,2,0,2,4,0,49,43,IF4
Dylan Moore,664238,NA,2025-03-31,3,0,0,2,2,0,3,2,1,49,46,IF4
Ronny Mauricio,677595,NA,2025-06-02,3,1,0,1,2,0,4,1,2,49,41,IF4
Pedro Pages,686780,NA,2025-08-11,4,2,0,1,0,1,3,3,0,49,43,IF4
Jose Iglesias,578428,NA,2025-09-22,2,1,0,2,1,0,3,4,0,49,35,IF3
Gunnar Henderson,683002,12.24,2025-08-04,3,1,0,1,1,0,3,3,2,48,44,IF4
Mookie Betts,605141,16.08,2025-04-14,1,1,0,1,5,0,3,2,1,48,49,Unusable
Mookie Betts,605141,16.08,2025-05-19,5,0,0,2,1,0,3,2,0,48,52,Unusable
Rafael Devers,646240,35.39,2025-06-23,3,1,0,1,5,0,2,2,0,48,44,IF4
Rafael Devers,646240,35.39,2025-08-18,1,0,0,2,5,0,3,2,0,48,46,IF4
Ketel Marte,606466,37.6,2025-07-21,3,1,0,1,5,0,3,1,0,48,53,Unusable
Corey Seager,608369,43.68,2025-08-25,1,0,0,2,3,0,5,3,0,48,45,IF4
Ozzie Albies,645277,58.95,2025-08-11,6,1,0,1,0,0,3,4,0,48,46,IF4
Ozzie Albies,645277,58.95,2025-08-18,5,2,0,0,1,0,5,2,1,48,46,IF4
Alex Bregman,608324,60.11,2025-08-18,6,1,0,0,6,0,2,1,0,48,46,IF4
William Contreras,661388,61.55,2025-08-18,2,1,0,1,6,0,2,2,0,48,46,IF4
Marcus Semien,543760,65.54,2025-07-21,1,0,0,1,2,1,4,3,3,48,53,Unusable
Christian Walker,572233,74.01,2025-04-28,3,2,0,1,1,0,4,3,0,48,53,Unusable
Christian Walker,572233,74.01,2025-06-09,3,1,0,1,3,0,3,4,0,48,50,Unusable
CJ Abrams,682928,79.08,2025-05-26,2,1,0,0,2,4,7,0,1,48,48,IF4
CJ Abrams,682928,79.08,2025-08-25,7,1,0,0,3,0,0,2,2,48,45,IF4
Jose Altuve,514888,81.09,2025-04-28,3,1,0,1,3,0,2,5,0,48,53,Unusable
Matt McLain,680574,91.6,2025-06-02,3,1,0,1,3,0,3,4,0,48,44,IF4
Dansby Swanson,621020,124.49,2025-05-19,6,0,0,1,2,0,4,3,0,48,52,Unusable
Gleyber Torres,650402,147.51,2025-08-18,4,1,0,0,6,0,4,2,0,48,46,IF4
Alec Bohm,664761,148.29,2025-06-30,4,0,1,1,2,0,2,4,0,48,36,IF3
Luis Arraez,650333,168.81,2025-04-28,6,1,1,0,0,0,3,5,0,48,53,Unusable
Luis Arraez,650333,168.81,2025-05-05,5,0,1,0,3,0,5,3,0,48,48,IF4
Luis Arraez,650333,168.81,2025-06-23,6,1,0,1,2,0,2,2,0,48,44,IF4
Ryan McMahon,641857,172.9,2025-06-16,3,1,0,2,1,0,3,2,0,48,46,IF4
Ryan McMahon,641857,172.9,2025-09-01,3,1,0,1,3,0,3,4,0,48,52,Unusable
Willson Contreras,575929,182.14,2025-06-16,0,1,0,1,3,1,3,5,1,48,46,IF4
Xander Bogaerts,593428,211.87,2025-05-26,7,0,0,0,3,0,4,1,2,48,48,IF4
Nico Hoerner,663538,212.11,2025-08-25,2,2,0,1,1,1,3,4,0,48,45,IF4
Brandon Lowe,664040,213.94,2025-09-01,3,4,0,0,1,0,3,3,0,48,52,Unusable
Will Smith,669257,215.77,2025-03-31,5,1,0,0,4,1,1,3,1,48,48,IF4
Shea Langeliers,669127,226.05,2025-05-19,4,0,0,1,2,0,4,2,2,48,52,Unusable
Michael Busch,683737,226.9,2025-06-16,5,0,0,1,3,0,2,5,0,48,46,IF4
Nolan Arenado,571448,227.39,2025-09-22,2,1,0,2,0,0,3,3,1,48,37,IF4
Jake Cronenworth,630105,229.63,2025-06-30,4,0,0,1,3,1,3,4,0,48,36,IF3
Austin Wells,669224,234.46,2025-09-01,0,3,0,1,2,0,3,4,0,48,52,Unusable
Andrew Vaughn,683734,236.76,2025-04-14,4,0,0,2,0,0,3,5,0,48,49,Unusable
Kyle Manzardo,700932,237.05,2025-08-25,3,0,0,2,1,0,3,5,0,48,45,IF4
Joey Ortiz,687401,237.06,2025-08-04,4,2,0,0,2,0,4,3,1,48,44,IF4
Connor Norby,681393,237.78,2025-05-12,4,1,1,1,0,0,2,4,0,48,48,IF4
Connor Norby,681393,237.78,2025-06-23,6,1,0,0,2,0,4,3,1,48,44,IF4
Jacob Wilson,805779,238.09,2025-04-28,9,0,0,0,3,0,3,3,0,48,53,Unusable
Tyler Soderstrom,691016,238.1,2025-05-05,6,2,0,0,1,1,4,2,0,48,48,IF4
Tyler Soderstrom,691016,238.1,2025-05-19,6,1,0,0,5,1,2,1,0,48,52,Unusable
Tyler Soderstrom,691016,238.1,2025-07-28,2,4,0,0,2,0,2,4,0,48,53,Unusable
Gavin Lux,666158,238.36,2025-04-21,5,1,0,1,1,0,3,4,0,48,38,IF4
Adam Frazier,624428,239.6,2025-04-21,7,0,0,0,5,0,4,0,1,48,38,IF4
Maikel Garcia,672580,239.72,2025-06-23,5,3,0,0,1,0,2,2,1,48,44,IF4
Maikel Garcia,672580,239.72,2025-08-11,4,1,0,0,4,0,5,4,0,48,46,IF4
Sean Murphy,669221,239.72,2025-06-23,1,1,0,2,1,0,2,6,0,48,44,IF4
Noelvi Marte,682622,239.78,2025-04-14,2,2,0,1,0,0,3,7,0,48,49,Unusable
Bo Naylor,666310,239.8,2025-09-08,3,2,0,1,1,0,3,4,0,48,44,IF4
Caleb Durbin,702332,239.92,2025-08-25,6,2,0,1,0,0,2,2,0,48,45,IF4
Kyle Teel,691019,239.94,2025-06-23,5,3,0,0,1,0,3,3,0,48,44,IF4
Enrique Hernandez,571771,NA,2025-09-22,2,3,0,1,0,0,3,4,0,48,37,IF4
Brayan Rocchio,677587,NA,2025-07-28,5,1,1,0,1,0,2,6,0,48,53,Unusable
Yoan Moncada,660162,NA,2025-05-19,3,1,0,1,2,1,2,5,0,48,52,Unusable
Yoan Moncada,660162,NA,2025-08-18,1,0,0,3,1,0,3,3,0,48,46,IF4
Yoan Moncada,660162,NA,2025-09-01,4,2,1,0,0,2,4,1,0,48,52,Unusable
Isaac Collins,686555,NA,2025-09-01,2,2,0,1,2,0,2,5,0,48,52,Unusable
Gabriel Arias,672356,NA,2025-04-07,3,0,0,2,1,0,3,5,0,48,39,IF4
Jonah Heim,641680,NA,2025-04-28,9,0,0,0,3,0,4,2,0,48,53,Unusable
Emmanuel Rivera,656896,NA,2025-09-01,8,1,0,0,0,0,2,7,0,48,52,Unusable
Alejandro Kirk,672386,NA,2025-08-18,4,1,0,1,2,0,3,4,0,48,46,IF4
Thomas Saggese,695336,NA,2025-08-25,5,2,0,0,3,0,3,3,0,48,45,IF4
Elly De La Cruz,682829,5.23,2025-06-16,1,1,1,1,2,0,3,2,1,47,49,Unusable
Elly De La Cruz,682829,5.23,2025-08-18,4,1,2,0,1,0,4,1,0,47,53,Unusable
Mookie Betts,605141,16.08,2025-06-30,3,1,0,2,0,0,3,3,0,47,38,IF4
Pete Alonso,624413,29.95,2025-06-23,6,2,0,0,0,1,4,1,1,47,50,Unusable
Austin Riley,663586,30.75,2025-07-28,1,1,0,2,0,0,3,6,0,47,55,Unusable
Corey Seager,608369,43.68,2025-08-04,5,0,0,1,4,0,4,1,0,47,46,IF4
Oneil Cruz,665833,50.09,2025-08-25,2,0,0,1,4,1,2,2,2,47,51,Unusable
William Contreras,661388,61.55,2025-04-28,5,0,0,0,6,0,3,2,1,47,58,Unusable
Josh Naylor,647304,89.6,2025-09-01,2,0,0,2,1,0,3,4,1,47,58,Unusable
Josh Naylor,647304,89.6,2025-09-22,4,2,0,0,0,1,2,4,2,47,39,IF4
Matt McLain,680574,91.6,2025-04-28,5,0,0,0,4,0,2,2,3,47,58,Unusable
Jordan Westburg,676059,108.66,2025-07-21,3,1,0,1,1,1,6,2,0,47,55,Unusable
Ezequiel Tovar,678662,111.22,2025-07-21,1,1,0,2,2,0,4,2,0,47,55,Unusable
Adley Rutschman,668939,112.59,2025-08-04,3,1,0,1,4,0,3,2,0,47,46,IF4
Jake Burger,669394,115.47,2025-07-07,3,1,0,1,0,0,5,6,0,47,47,IF4
Paul Goldschmidt,502671,117.94,2025-07-07,4,3,0,0,1,0,3,4,0,47,47,IF4
Vinnie Pasquantino,686469,131.56,2025-09-22,0,3,0,1,1,0,2,6,0,47,39,IF4
Anthony Volpe,683011,135.32,2025-06-02,2,1,0,2,0,1,2,4,0,47,45,IF4
Jackson Holliday,702616,135.54,2025-08-18,2,1,0,0,6,1,4,1,1,47,53,Unusable
Jonathan India,663697,164.42,2025-07-07,6,3,0,0,1,0,3,1,0,47,47,IF4
Masyn Winn,691026,166.08,2025-06-02,5,2,0,0,2,0,3,2,1,47,45,IF4
Masyn Winn,691026,166.08,2025-07-07,4,3,0,0,1,0,3,2,1,47,47,IF4
Ryan McMahon,641857,172.9,2025-07-14,0,2,0,2,1,0,2,4,0,47,10,IF1
Tommy Edman,669242,186.13,2025-04-14,4,2,0,1,0,1,4,1,0,47,52,Unusable
Tommy Edman,669242,186.13,2025-06-16,5,1,0,0,3,1,3,4,0,47,49,Unusable
Nathaniel Lowe,663993,192.46,2025-06-23,5,2,0,0,2,0,4,3,0,47,50,Unusable
Zach Neto,687263,202.06,2025-05-05,5,0,0,0,3,1,6,0,2,47,50,Unusable
Carlos Correa,621043,209.38,2025-06-16,7,1,0,0,4,0,2,2,0,47,49,Unusable
Nico Hoerner,663538,212.11,2025-07-21,7,0,0,0,2,0,4,2,2,47,55,Unusable
Nico Hoerner,663538,212.11,2025-09-15,9,0,0,0,2,0,5,0,1,47,44,IF4
Shea Langeliers,669127,226.05,2025-09-01,4,2,0,0,3,0,3,2,1,47,58,Unusable
Michael Busch,683737,226.9,2025-05-26,3,0,1,1,2,0,2,5,0,47,50,Unusable
Jake Cronenworth,630105,229.63,2025-06-23,0,1,0,2,3,0,2,4,0,47,50,Unusable
Colt Keith,690993,235.65,2025-05-26,5,2,1,0,0,0,4,2,0,47,50,Unusable
Josh Bell,605137,238,2025-04-07,3,0,0,1,4,0,3,5,0,47,40,IF4
Christopher Morel,666624,238.29,2025-06-16,2,2,0,1,1,0,3,3,1,47,49,Unusable
Ben Rice,700250,239.01,2025-04-28,1,1,0,2,1,1,4,2,0,47,58,Unusable
Ben Rice,700250,239.01,2025-05-26,3,0,0,2,2,0,3,3,0,47,50,Unusable
Brett Baty,683146,239.56,2025-08-11,6,0,0,1,1,0,3,3,1,47,48,IF4
Maikel Garcia,672580,239.72,2025-05-19,9,0,0,0,1,1,2,5,0,47,57,Unusable
Luis Rengifo,650859,239.81,2025-06-09,5,0,0,2,0,0,2,2,1,47,51,Unusable
Nick Gonzales,693304,239.92,2025-06-16,6,1,0,1,1,0,3,2,0,47,49,Unusable
Michael Massey,686681,239.99,2025-03-31,3,3,0,0,1,1,3,4,0,47,49,Unusable
Brayan Rocchio,677587,NA,2025-09-01,3,0,0,1,3,1,3,5,0,47,58,Unusable
Otto Lopez,672640,NA,2025-05-26,4,1,0,1,2,1,1,4,0,47,50,Unusable
Jonah Heim,641680,NA,2025-07-21,2,2,0,1,1,0,3,5,0,47,55,Unusable
Zach McKinstry,656716,NA,2025-06-30,4,1,0,1,0,1,5,1,1,47,38,IF4
Jose Caballero,676609,NA,2025-08-11,5,0,0,0,2,0,4,1,4,47,48,IF4
Luis Torrens,620443,NA,2025-09-01,3,1,0,1,0,0,4,5,1,47,58,Unusable
Carson Williams,700246,NA,2025-09-15,1,1,0,2,2,0,4,2,0,47,44,IF4
Luis Urias,649966,NA,2025-06-09,3,2,0,1,2,0,3,2,0,47,51,Unusable
Pedro Pages,686780,NA,2025-08-25,2,1,0,2,0,1,2,4,0,47,51,Unusable
Richie Palacios,680700,NA,2025-09-22,6,1,0,0,1,0,5,1,2,47,39,IF4
Gunnar Henderson,683002,12.24,2025-06-02,6,0,0,1,1,1,2,2,1,46,47,IF4
Pete Alonso,624413,29.95,2025-07-07,1,1,0,1,5,0,2,4,0,46,51,Unusable
Corey Seager,608369,43.68,2025-04-07,5,0,0,2,1,0,2,2,0,46,41,IF4
Manny Machado,592518,45.54,2025-06-30,3,1,0,1,3,0,1,5,0,46,40,IF4
Manny Machado,592518,45.54,2025-09-01,1,1,0,2,1,0,2,5,0,46,62,Unusable
Ozzie Albies,645277,58.95,2025-05-12,7,1,0,0,2,1,3,2,0,46,49,Unusable
Ozzie Albies,645277,58.95,2025-05-19,4,3,0,0,2,0,3,2,0,46,58,Unusable
Alex Bregman,608324,60.11,2025-07-21,5,1,0,1,1,0,3,3,0,46,59,Unusable
CJ Abrams,682928,79.08,2025-09-08,3,3,0,0,1,0,4,0,2,46,45,IF4
CJ Abrams,682928,79.08,2025-09-15,3,1,0,1,1,0,2,5,1,46,46,IF4
Jose Altuve,514888,81.09,2025-09-01,0,2,0,1,4,0,2,4,0,46,62,Unusable
Mark Vientos,668901,83.69,2025-04-14,2,1,0,2,0,0,4,3,0,46,53,Unusable
Mark Vientos,668901,83.69,2025-04-21,5,1,1,0,1,0,2,5,0,46,40,IF4
Bo Bichette,666182,84.67,2025-03-24,5,2,0,0,2,1,4,1,0,46,13,IF2
Josh Naylor,647304,89.6,2025-06-16,6,1,0,0,2,0,5,1,1,46,54,Unusable
Matt Chapman,656305,93.14,2025-04-21,1,1,0,1,5,0,2,2,1,46,40,IF4
Ezequiel Tovar,678662,111.22,2025-08-18,3,1,1,1,1,0,4,1,0,46,55,Unusable
Adley Rutschman,668939,112.59,2025-04-07,3,1,0,1,3,0,3,3,0,46,41,IF4
Paul Goldschmidt,502671,117.94,2025-08-04,2,1,0,2,0,0,5,2,0,46,48,IF4
Isaac Paredes,670623,121.15,2025-03-31,6,1,0,0,2,2,1,4,0,46,50,Unusable
Vinnie Pasquantino,686469,131.56,2025-04-07,4,1,0,1,2,0,3,3,0,46,41,IF4
Vinnie Pasquantino,686469,131.56,2025-08-04,2,0,0,2,1,1,2,5,0,46,48,IF4
Jackson Holliday,702616,135.54,2025-05-19,4,1,1,0,0,0,3,5,1,46,58,Unusable
Jackson Holliday,702616,135.54,2025-06-02,3,1,0,1,3,0,4,2,0,46,47,IF4
Jackson Holliday,702616,135.54,2025-06-30,5,1,0,1,1,0,3,3,0,46,40,IF4
Xavier Edwards,669364,165.36,2025-07-28,6,0,1,0,2,0,4,3,0,46,56,Unusable
Royce Lewis,668904,168.33,2025-05-12,4,1,0,1,2,0,4,2,0,46,49,Unusable
Royce Lewis,668904,168.33,2025-08-11,1,1,0,1,5,0,2,4,0,46,50,Unusable
Luis Arraez,650333,168.81,2025-06-30,10,0,0,0,2,0,0,3,1,46,40,IF4
Nathaniel Lowe,663993,192.46,2025-09-01,2,1,1,1,2,0,3,2,0,46,62,Unusable
Will Smith,669257,215.77,2025-04-28,4,2,0,0,2,0,2,4,1,46,61,Unusable
Matt Shaw,807713,227.33,2025-05-26,5,0,0,0,3,0,3,2,3,46,54,Unusable
Nolan Arenado,571448,227.39,2025-06-02,6,0,0,1,0,0,4,5,0,46,47,IF4
Jake Cronenworth,630105,229.63,2025-05-12,3,2,1,0,3,0,1,1,1,46,49,Unusable
Andres Gimenez,665926,231.93,2025-06-30,5,0,0,1,1,0,4,5,0,46,40,IF4
Austin Wells,669224,234.46,2025-04-14,1,0,0,2,3,0,3,4,0,46,53,Unusable
Austin Wells,669224,234.46,2025-08-25,2,0,0,2,2,0,4,3,0,46,53,Unusable
Andrew Vaughn,683734,236.76,2025-08-04,5,0,0,1,2,1,2,4,0,46,48,IF4
Joey Ortiz,687401,237.06,2025-06-16,10,0,0,0,0,0,4,4,0,46,54,Unusable
Spencer Torkelson,679529,237.98,2025-09-08,6,0,0,0,6,0,5,0,0,46,45,IF4
Ben Rice,700250,239.01,2025-04-14,3,1,0,1,1,2,3,3,0,46,53,Unusable
Josh Smith,669701,239.59,2025-06-30,6,0,0,1,2,0,5,1,0,46,40,IF4
Adam Frazier,624428,239.6,2025-04-14,4,3,0,0,0,0,2,2,2,46,53,Unusable
Maikel Garcia,672580,239.72,2025-04-14,5,0,0,0,7,0,2,1,1,46,53,Unusable
Oswaldo Cabrera,665828,239.74,2025-04-14,3,1,0,1,3,0,5,1,0,46,53,Unusable
Noelvi Marte,682622,239.78,2025-08-25,3,0,0,2,3,0,2,2,0,46,53,Unusable
Luis Rengifo,650859,239.81,2025-07-21,6,1,0,0,2,0,5,1,1,46,59,Unusable
Spencer Horwitz,687462,239.83,2025-06-09,3,3,0,0,2,1,3,2,0,46,53,Unusable
Spencer Horwitz,687462,239.83,2025-06-16,4,2,0,0,2,0,6,2,0,46,54,Unusable
Spencer Horwitz,687462,239.83,2025-08-18,2,2,0,1,2,0,4,2,0,46,55,Unusable
Tyler Stephenson,663886,239.91,2025-06-02,4,1,0,1,2,0,3,3,0,46,47,IF4
Curtis Mead,678554,239.94,2025-06-16,3,0,1,0,4,1,6,1,0,46,54,Unusable
Brendan Rodgers,663898,239.98,2025-03-31,6,2,0,0,2,0,2,3,0,46,50,Unusable
Enrique Hernandez,571771,NA,2025-05-12,3,0,0,1,5,0,5,1,0,46,49,Unusable
Joey Bart,663698,NA,2025-04-28,3,2,0,0,6,1,2,0,0,46,61,Unusable
Isaac Collins,686555,NA,2025-06-02,2,0,0,1,6,0,2,4,0,46,47,IF4
Isaac Collins,686555,NA,2025-07-28,6,1,0,0,2,0,2,4,1,46,56,Unusable
Zach McKinstry,656716,NA,2025-04-14,4,1,0,0,6,0,2,3,0,46,53,Unusable
Zach McKinstry,656716,NA,2025-06-02,6,0,1,0,2,0,3,0,2,46,47,IF4
Rowdy Tellez,642133,NA,2025-08-18,2,0,0,2,2,0,2,5,0,46,55,Unusable
Lenyn Sosa,672820,NA,2025-06-23,3,0,0,2,1,0,2,5,0,46,53,Unusable
Nick Fortes,663743,NA,2025-06-09,5,1,0,1,1,0,2,4,0,46,53,Unusable
Edmundo Sosa,624641,NA,2025-08-04,4,0,0,2,0,0,5,2,0,46,48,IF4
Alejandro Kirk,672386,NA,2025-08-25,2,1,0,1,4,0,3,3,0,46,53,Unusable
Luis Urias,649966,NA,2025-04-28,3,0,0,1,5,0,3,3,0,46,61,Unusable
Ronny Mauricio,677595,NA,2025-07-21,3,2,0,1,1,0,2,2,1,46,59,Unusable
Gunnar Henderson,683002,12.24,2025-04-07,4,1,1,0,1,0,4,0,2,45,44,IF4
Gunnar Henderson,683002,12.24,2025-08-11,1,3,0,0,4,0,1,5,0,45,51,Unusable
Mookie Betts,605141,16.08,2025-03-24,2,0,0,2,1,0,4,4,0,45,14,IF2
Freddie Freeman,518692,26.39,2025-09-01,3,0,1,1,2,0,3,1,1,45,65,Unusable
Bryce Harper,547180,27.32,2025-04-28,4,1,0,1,3,0,3,1,0,45,64,Unusable
Trea Turner,607208,35.91,2025-04-07,4,1,0,1,1,0,3,2,1,45,44,IF4
Manny Machado,592518,45.54,2025-08-04,4,2,0,0,3,0,4,0,1,45,52,Unusable
William Contreras,661388,61.55,2025-05-12,3,2,0,0,4,0,6,0,0,45,53,Unusable
William Contreras,661388,61.55,2025-09-15,3,2,0,0,4,0,4,2,0,45,47,IF4
Jose Altuve,514888,81.09,2025-07-28,6,0,0,1,1,0,3,4,0,45,58,Unusable
Mark Vientos,668901,83.69,2025-09-01,2,1,0,1,2,1,4,3,0,45,65,Unusable
Bo Bichette,666182,84.67,2025-08-11,4,2,0,0,3,0,3,3,0,45,51,Unusable
Eugenio Suarez,553993,104.99,2025-08-11,3,1,0,1,1,1,3,2,1,45,51,Unusable
Paul Goldschmidt,502671,117.94,2025-03-24,3,1,0,1,1,1,5,2,0,45,14,IF2
Isaac Paredes,670623,121.15,2025-04-21,4,2,0,1,1,0,2,2,0,45,42,IF4
Isaac Paredes,670623,121.15,2025-06-09,1,2,0,1,2,0,3,4,0,45,55,Unusable
Michael Toglia,669911,138.78,2025-06-30,3,1,0,1,4,0,2,2,0,45,45,IF4
Cal Raleigh,663728,152.19,2025-04-21,1,2,0,1,4,0,3,1,0,45,42,IF4
Xavier Edwards,669364,165.36,2025-09-22,7,0,0,0,3,1,1,3,1,45,42,IF4
Masyn Winn,691026,166.08,2025-05-19,5,0,0,1,1,1,5,2,0,45,60,Unusable
Nathaniel Lowe,663993,192.46,2025-09-15,4,1,0,0,4,1,3,3,0,45,47,IF4
Salvador Perez,521692,194.19,2025-06-02,4,1,0,1,1,0,2,5,0,45,53,Unusable
Salvador Perez,521692,194.19,2025-08-18,4,2,0,0,2,1,2,4,0,45,58,Unusable
Josh Jung,673962,208.9,2025-05-05,2,1,0,2,1,0,2,3,0,45,51,Unusable
Xander Bogaerts,593428,211.87,2025-05-05,4,0,0,1,3,0,2,5,0,45,51,Unusable
Nico Hoerner,663538,212.11,2025-04-14,6,1,1,0,0,1,3,2,0,45,60,Unusable
Will Smith,669257,215.77,2025-08-25,0,0,0,2,5,0,3,2,0,45,56,Unusable
Shea Langeliers,669127,226.05,2025-08-25,2,2,0,1,1,0,3,4,0,45,56,Unusable
Matt Shaw,807713,227.33,2025-09-15,2,2,0,1,3,0,2,2,0,45,47,IF4
Jake Cronenworth,630105,229.63,2025-07-28,2,0,0,1,3,2,4,3,0,45,58,Unusable
Yainer Diaz,673237,234.25,2025-08-18,6,0,0,1,3,0,2,2,0,45,58,Unusable
Austin Wells,669224,234.46,2025-06-09,1,2,0,1,0,0,3,7,0,45,55,Unusable
Colt Keith,690993,235.65,2025-06-16,1,0,0,2,2,0,3,5,0,45,58,Unusable
Joey Ortiz,687401,237.06,2025-05-26,2,2,0,0,3,0,6,1,1,45,55,Unusable
Josh Bell,605137,238,2025-07-07,2,3,0,0,5,0,3,0,0,45,52,Unusable
Trevor Story,596115,238.76,2025-05-26,3,1,0,1,2,0,2,5,0,45,55,Unusable
Coby Mayo,691723,239.19,2025-06-23,3,1,0,1,0,0,4,6,0,45,54,Unusable
Jonathan Aranda,666018,239.63,2025-09-22,2,0,0,2,1,0,3,5,0,45,42,IF4
Ryan O'Hearn,656811,239.89,2025-07-07,2,2,0,0,5,0,2,4,0,45,52,Unusable
Ke'Bryan Hayes,663647,240,2025-06-09,5,0,0,1,0,0,3,1,3,45,55,Unusable
Brayan Rocchio,677587,NA,2025-07-21,4,2,0,0,2,1,2,4,0,45,62,Unusable
Yoan Moncada,660162,NA,2025-05-12,2,1,0,1,3,0,4,3,0,45,53,Unusable
Joey Bart,663698,NA,2025-04-07,2,1,1,1,0,1,2,4,0,45,44,IF4
Isaac Collins,686555,NA,2025-05-19,4,1,0,0,3,0,5,2,1,45,60,Unusable
Ivan Herrera,671056,NA,2025-08-04,2,1,0,1,2,1,2,3,1,45,52,Unusable
Gabriel Arias,672356,NA,2025-04-28,4,1,0,0,3,0,5,2,1,45,64,Unusable
Ernie Clement,676391,NA,2025-07-28,7,1,0,0,1,1,5,1,0,45,58,Unusable
Ernie Clement,676391,NA,2025-09-15,3,3,0,0,2,0,5,1,0,45,47,IF4
Zach McKinstry,656716,NA,2025-07-28,0,2,0,1,1,0,3,5,1,45,58,Unusable
Rowdy Tellez,642133,NA,2025-05-05,1,1,0,2,0,0,3,5,0,45,51,Unusable
Rowdy Tellez,642133,NA,2025-06-09,1,2,0,2,0,0,3,2,0,45,55,Unusable
Lenyn Sosa,672820,NA,2025-06-30,3,2,0,1,0,0,2,5,0,45,45,IF4
Jose Caballero,676609,NA,2025-07-21,5,0,0,0,4,0,4,3,1,45,62,Unusable
Jose Caballero,676609,NA,2025-08-18,0,0,0,2,3,0,2,4,1,45,58,Unusable
Gunnar Henderson,683002,12.24,2025-09-08,2,2,0,0,4,0,2,1,2,44,47,IF4
Mookie Betts,605141,16.08,2025-07-28,3,1,0,0,3,0,4,2,2,44,62,Unusable
Francisco Lindor,596019,17.8,2025-06-16,1,1,0,2,1,0,2,4,0,44,59,Unusable
Matt Olson,621566,21.79,2025-08-18,5,3,0,0,1,0,4,0,0,44,61,Unusable
Freddie Freeman,518692,26.39,2025-09-15,5,0,0,1,2,1,2,3,0,44,51,Unusable
Pete Alonso,624413,29.95,2025-09-08,5,1,0,1,1,0,1,4,0,44,47,IF4
Austin Riley,663586,30.75,2025-05-05,6,1,0,0,2,0,4,1,1,44,54,Unusable
Rafael Devers,646240,35.39,2025-06-09,2,0,0,1,5,1,4,1,0,44,59,Unusable
Rafael Devers,646240,35.39,2025-06-16,3,1,0,1,3,0,2,3,0,44,59,Unusable
Junior Caminero,691406,65.87,2025-07-28,3,0,0,2,1,0,2,4,0,44,62,Unusable
CJ Abrams,682928,79.08,2025-06-30,5,0,0,0,3,0,6,0,2,44,47,IF4
CJ Abrams,682928,79.08,2025-07-07,4,2,1,0,0,0,2,2,1,44,54,Unusable
Bo Bichette,666182,84.67,2025-06-02,3,0,1,1,1,0,2,5,0,44,54,Unusable
Josh Naylor,647304,89.6,2025-05-05,5,1,0,0,2,1,4,3,0,44,54,Unusable
Matt McLain,680574,91.6,2025-07-14,2,1,0,1,2,0,3,3,1,44,11,IF1
Paul Goldschmidt,502671,117.94,2025-04-07,7,2,0,0,1,0,1,3,0,44,47,IF4
Paul Goldschmidt,502671,117.94,2025-05-26,2,2,0,1,2,0,2,1,1,44,57,Unusable
Dansby Swanson,621020,124.49,2025-07-07,4,1,0,1,0,0,3,5,0,44,54,Unusable
Jackson Holliday,702616,135.54,2025-07-07,4,1,0,1,1,1,3,2,0,44,54,Unusable
Alec Bohm,664761,148.29,2025-05-05,6,0,0,1,2,0,3,2,0,44,54,Unusable
Cal Raleigh,663728,152.19,2025-05-05,3,0,0,0,7,0,5,2,0,44,54,Unusable
Masyn Winn,691026,166.08,2025-07-28,3,3,0,0,0,1,2,5,0,44,62,Unusable
Rhys Hoskins,656555,172.72,2025-04-21,7,1,0,0,4,1,0,1,0,44,44,IF4
Salvador Perez,521692,194.19,2025-03-31,3,2,0,1,1,0,3,2,0,44,52,Unusable
Salvador Perez,521692,194.19,2025-06-09,4,1,0,1,1,1,2,3,0,44,59,Unusable
Josh Jung,673962,208.9,2025-06-09,3,2,0,0,2,1,3,4,0,44,59,Unusable
Nico Hoerner,663538,212.11,2025-05-05,4,3,0,0,0,0,4,1,1,44,54,Unusable
Nico Hoerner,663538,212.11,2025-08-11,6,1,0,0,2,0,0,1,3,44,54,Unusable
Shea Langeliers,669127,226.05,2025-04-14,1,1,0,2,1,0,3,3,0,44,61,Unusable
Michael Busch,683737,226.9,2025-03-31,2,1,0,1,1,1,4,4,0,44,52,Unusable
Michael Busch,683737,226.9,2025-05-05,2,1,0,1,4,0,3,2,0,44,54,Unusable
Nolan Arenado,571448,227.39,2025-03-24,2,2,0,1,2,0,3,2,0,44,16,IF2
Jake Cronenworth,630105,229.63,2025-05-05,2,0,0,1,3,1,4,4,0,44,54,Unusable
Jake Cronenworth,630105,229.63,2025-09-15,4,0,0,1,1,1,3,3,1,44,51,Unusable
Yainer Diaz,673237,234.25,2025-05-26,3,0,0,2,1,0,4,2,0,44,57,Unusable
Ryan Mountcastle,663624,234.73,2025-05-05,5,3,0,0,1,0,0,4,0,44,54,Unusable
Kyle Manzardo,700932,237.05,2025-07-07,1,0,0,2,3,0,2,4,0,44,54,Unusable
Kyle Manzardo,700932,237.05,2025-09-08,4,1,0,1,2,0,1,4,0,44,47,IF4
Connor Norby,681393,237.78,2025-05-05,4,2,0,0,2,0,1,2,2,44,54,Unusable
Connor Norby,681393,237.78,2025-09-22,2,1,0,1,1,1,4,2,1,44,44,IF4
Spencer Torkelson,679529,237.98,2025-06-02,4,1,0,1,2,0,2,3,0,44,54,Unusable
Jacob Wilson,805779,238.09,2025-04-21,4,0,0,1,2,0,4,4,0,44,44,IF4
Tyler Soderstrom,691016,238.1,2025-08-25,5,2,0,0,1,0,3,4,0,44,58,Unusable
Ben Rice,700250,239.01,2025-06-16,3,1,1,1,1,0,2,2,0,44,59,Unusable
Ben Rice,700250,239.01,2025-07-28,2,1,0,1,4,0,2,3,0,44,62,Unusable
Thairo Estrada,642731,239.19,2025-06-09,6,2,0,0,0,0,3,4,0,44,59,Unusable
Thairo Estrada,642731,239.19,2025-06-23,7,0,0,0,3,0,0,5,1,44,55,Unusable
Thairo Estrada,642731,239.19,2025-06-30,5,0,0,1,1,0,3,5,0,44,47,IF4
Nolan Schanuel,694384,239.52,2025-08-11,4,1,0,0,5,1,3,1,0,44,54,Unusable
Jonathan Aranda,666018,239.63,2025-03-31,2,2,0,1,2,0,3,2,0,44,52,Unusable
Jonathan Aranda,666018,239.63,2025-04-28,4,1,0,1,2,0,1,4,0,44,66,Unusable
Miguel Rojas,500743,239.78,2025-09-01,4,2,0,0,2,0,4,1,1,44,67,Unusable
Bo Naylor,666310,239.8,2025-05-19,1,1,1,1,1,0,3,4,0,44,62,Unusable
Elias Diaz,553869,239.91,2025-04-28,4,0,0,2,0,0,4,2,0,44,66,Unusable
Brooks Lee,686797,239.95,2025-05-05,4,1,0,1,0,0,4,4,0,44,54,Unusable
Jorge Polanco,593871,239.99,2025-07-21,2,1,0,1,4,0,4,1,0,44,64,Unusable
Ke'Bryan Hayes,663647,240,2025-08-11,4,1,0,1,2,0,3,2,0,44,54,Unusable
Gabriel Moreno,672515,NA,2025-09-01,3,2,0,0,3,0,4,3,0,44,67,Unusable
Brayan Rocchio,677587,NA,2025-08-11,5,0,0,1,0,1,1,3,2,44,54,Unusable
Brayan Rocchio,677587,NA,2025-09-15,4,1,1,0,2,0,4,0,1,44,51,Unusable
Isaac Collins,686555,NA,2025-06-30,4,1,0,1,1,1,3,2,0,44,47,IF4
Isaac Collins,686555,NA,2025-07-14,4,0,0,1,2,0,3,3,1,44,11,IF1
Kyle Higashioka,543309,NA,2025-06-30,3,1,0,1,1,0,1,5,1,44,47,IF4
Rowdy Tellez,642133,NA,2025-05-12,0,1,0,2,2,0,3,3,0,44,55,Unusable
Edmundo Sosa,624641,NA,2025-03-31,4,3,0,0,0,0,2,5,0,44,52,Unusable
Agustin Ramirez,682663,NA,2025-06-09,4,0,0,2,0,0,4,2,0,44,59,Unusable
Agustin Ramirez,682663,NA,2025-09-08,5,1,0,1,1,0,2,3,0,44,47,IF4
Ramon Urias,602104,NA,2025-07-28,3,0,0,2,1,0,2,4,0,44,62,Unusable
Gunnar Henderson,683002,12.24,2025-06-23,3,0,1,1,2,0,3,2,0,43,56,Unusable
Francisco Lindor,596019,17.8,2025-06-09,3,2,0,0,4,0,5,0,0,43,64,Unusable
Freddie Freeman,518692,26.39,2025-04-21,4,2,0,0,1,0,3,5,0,43,46,IF4
Pete Alonso,624413,29.95,2025-05-05,2,2,0,1,1,0,3,3,0,43,64,Unusable
Austin Riley,663586,30.75,2025-06-23,4,1,1,0,3,0,2,2,0,43,56,Unusable
Trea Turner,607208,35.91,2025-05-26,4,1,0,0,2,1,2,2,2,43,59,Unusable
Manny Machado,592518,45.54,2025-09-15,5,0,0,1,0,0,2,5,1,43,54,Unusable
Oneil Cruz,665833,50.09,2025-07-07,4,1,0,1,1,0,2,2,1,43,58,Unusable
Ozzie Albies,645277,58.95,2025-04-14,3,1,0,1,2,0,3,3,0,43,62,Unusable
Willy Adames,642715,76.34,2025-09-15,1,1,0,0,8,0,2,1,1,43,54,Unusable
Mark Vientos,668901,83.69,2025-07-28,5,1,0,1,0,0,2,4,0,43,67,Unusable
Matt McLain,680574,91.6,2025-03-31,2,0,0,1,2,1,4,3,1,43,56,Unusable
Anthony Volpe,683011,135.32,2025-06-23,1,0,1,0,6,0,2,3,1,43,56,Unusable
Masyn Winn,691026,166.08,2025-08-11,3,1,0,1,2,0,2,4,0,43,58,Unusable
Luis Arraez,650333,168.81,2025-08-04,5,2,0,0,2,0,2,3,0,43,54,Unusable
Nathaniel Lowe,663993,192.46,2025-04-07,2,1,0,0,5,0,1,7,0,43,48,IF4
Nathaniel Lowe,663993,192.46,2025-06-09,3,0,0,1,4,0,2,4,0,43,64,Unusable
Josh Jung,673962,208.9,2025-05-19,6,1,0,0,4,1,2,0,0,43,63,Unusable
Xander Bogaerts,593428,211.87,2025-03-24,1,2,0,0,3,1,2,2,2,43,17,IF2
Nico Hoerner,663538,212.11,2025-06-09,6,2,0,0,1,0,2,1,1,43,64,Unusable
Kristian Campbell,692225,212.49,2025-03-24,3,2,0,1,2,0,2,1,0,43,17,IF2
Will Smith,669257,215.77,2025-06-09,3,0,0,1,2,0,4,5,0,43,64,Unusable
Shea Langeliers,669127,226.05,2025-08-18,0,1,0,2,1,0,2,5,0,43,62,Unusable
Jake Cronenworth,630105,229.63,2025-03-31,4,1,0,0,4,1,3,2,0,43,56,Unusable
Yainer Diaz,673237,234.25,2025-09-01,2,3,0,0,1,0,3,5,0,43,69,Unusable
Andrew Vaughn,683734,236.76,2025-09-01,6,3,0,0,0,1,1,1,0,43,69,Unusable
Kyle Manzardo,700932,237.05,2025-05-12,3,1,1,1,0,0,2,3,0,43,56,Unusable
Connor Norby,681393,237.78,2025-06-16,3,0,0,1,4,0,2,2,1,43,62,Unusable
Josh Bell,605137,238,2025-06-30,8,1,0,0,1,0,0,5,0,43,51,Unusable
Jacob Wilson,805779,238.09,2025-09-01,7,1,0,0,2,0,4,1,0,43,69,Unusable
Christopher Morel,666624,238.29,2025-06-02,1,1,0,2,0,0,3,4,0,43,56,Unusable
Ben Rice,700250,239.01,2025-09-08,2,4,0,0,1,0,3,2,0,43,51,Unusable
Francisco Alvarez,682626,239.35,2025-04-28,5,1,0,0,4,0,0,5,0,43,68,Unusable
Francisco Alvarez,682626,239.35,2025-09-08,2,2,0,1,2,1,2,1,0,43,51,Unusable
Brett Baty,683146,239.56,2025-07-21,3,1,0,1,2,0,4,2,0,43,65,Unusable
Adam Frazier,624428,239.6,2025-07-28,3,1,0,1,0,0,4,3,1,43,67,Unusable
Jonathan Aranda,666018,239.63,2025-07-28,4,1,0,1,1,0,3,3,0,43,67,Unusable
Maikel Garcia,672580,239.72,2025-09-01,2,1,0,1,3,0,3,3,0,43,69,Unusable
Maikel Garcia,672580,239.72,2025-09-08,5,1,0,0,2,0,3,3,1,43,51,Unusable
Jeff McNeil,643446,239.75,2025-06-30,4,0,0,1,0,3,3,3,0,43,51,Unusable
Casey Schmitt,669477,239.77,2025-09-01,3,1,0,1,1,1,3,3,0,43,69,Unusable
Bo Naylor,666310,239.8,2025-07-21,1,2,0,1,2,0,3,3,0,43,65,Unusable
Luis Rengifo,650859,239.81,2025-09-01,3,1,0,1,2,0,2,4,0,43,69,Unusable
Spencer Horwitz,687462,239.83,2025-08-04,7,1,0,0,2,0,3,2,0,43,54,Unusable
Caleb Durbin,702332,239.92,2025-06-30,4,0,0,0,4,1,2,2,2,43,51,Unusable
Caleb Durbin,702332,239.92,2025-07-28,6,0,0,0,2,1,4,2,1,43,67,Unusable
Nolan Gorman,669357,239.92,2025-04-21,1,3,0,0,2,0,3,5,0,43,46,IF4
Jorge Polanco,593871,239.99,2025-06-30,2,3,0,1,1,0,2,1,0,43,51,Unusable
Jorge Polanco,593871,239.99,2025-09-22,1,0,0,2,2,0,3,4,0,43,45,IF4
Ke'Bryan Hayes,663647,240,2025-09-01,6,1,0,0,3,0,2,3,0,43,69,Unusable
Gabriel Moreno,672515,NA,2025-05-12,4,3,0,0,1,0,4,1,0,43,56,Unusable
Brayan Rocchio,677587,NA,2025-09-22,2,1,0,1,1,0,3,4,1,43,45,IF4
Gabriel Arias,672356,NA,2025-08-04,3,0,1,1,0,0,2,6,0,43,54,Unusable
Lenyn Sosa,672820,NA,2025-04-21,5,1,0,1,0,0,4,2,0,43,46,IF4
Jose Caballero,676609,NA,2025-06-09,3,0,0,0,4,0,2,1,4,43,64,Unusable
Jose Tena,677588,NA,2025-04-21,5,2,1,0,0,0,2,2,0,43,46,IF4
Pedro Pages,686780,NA,2025-05-05,3,2,0,0,3,1,4,1,0,43,64,Unusable
Jose Ramirez,608070,8.37,2025-04-28,5,1,0,0,1,0,2,1,3,42,69,Unusable
Mookie Betts,605141,16.08,2025-08-18,9,0,0,0,3,0,3,0,0,42,63,Unusable
Austin Riley,663586,30.75,2025-06-09,7,1,0,0,1,0,5,1,0,42,69,Unusable
Austin Riley,663586,30.75,2025-07-07,2,2,0,1,0,0,4,3,0,42,59,Unusable
Ketel Marte,606466,37.6,2025-06-09,6,0,0,0,4,0,4,2,0,42,69,Unusable
Ketel Marte,606466,37.6,2025-07-28,5,1,0,1,1,0,1,3,0,42,71,Unusable
Oneil Cruz,665833,50.09,2025-06-02,3,1,0,0,2,1,1,2,3,42,57,Unusable
Marcus Semien,543760,65.54,2025-06-23,6,2,0,0,0,0,3,3,0,42,59,Unusable
Christian Walker,572233,74.01,2025-04-21,3,2,0,1,0,1,2,2,0,42,50,Unusable
Willy Adames,642715,76.34,2025-07-07,0,1,1,1,1,1,3,3,0,42,59,Unusable
Mark Vientos,668901,83.69,2025-09-08,3,1,0,1,3,0,2,2,0,42,54,Unusable
Matt McLain,680574,91.6,2025-05-12,3,2,0,1,1,0,3,1,0,42,58,Unusable
Matt Chapman,656305,93.14,2025-04-28,1,0,0,2,1,0,3,5,0,42,69,Unusable
Jordan Westburg,676059,108.66,2025-08-04,3,0,0,2,0,1,3,2,0,42,57,Unusable
Paul Goldschmidt,502671,117.94,2025-06-09,5,1,0,0,3,0,4,2,0,42,69,Unusable
Dansby Swanson,621020,124.49,2025-09-22,1,1,0,1,3,0,2,1,2,42,47,IF4
Vinnie Pasquantino,686469,131.56,2025-06-16,2,0,0,1,4,0,3,2,1,42,63,Unusable
Anthony Volpe,683011,135.32,2025-06-30,2,1,0,1,0,0,4,4,1,42,55,Unusable
Gleyber Torres,650402,147.51,2025-09-01,2,0,0,1,4,0,4,3,0,42,76,Unusable
Alec Bohm,664761,148.29,2025-05-12,4,1,0,1,2,0,2,2,0,42,58,Unusable
Alec Bohm,664761,148.29,2025-08-18,5,2,0,0,3,0,2,1,0,42,63,Unusable
Cal Raleigh,663728,152.19,2025-08-25,0,0,0,1,6,2,3,1,0,42,59,Unusable
Max Muncy,691777,161.48,2025-07-07,4,0,0,2,0,0,2,3,0,42,59,Unusable
Jonathan India,663697,164.42,2025-05-05,4,2,0,0,2,0,3,3,0,42,66,Unusable
Jonathan India,663697,164.42,2025-07-28,2,2,0,0,2,2,4,2,0,42,71,Unusable
Jonathan India,663697,164.42,2025-08-18,3,1,0,0,6,1,2,1,0,42,63,Unusable
Xavier Edwards,669364,165.36,2025-04-28,4,0,1,0,2,0,3,1,2,42,69,Unusable
Luis Arraez,650333,168.81,2025-08-11,2,3,0,0,2,0,0,2,2,42,59,Unusable
Rhys Hoskins,656555,172.72,2025-05-26,1,0,0,2,1,0,2,6,0,42,60,Unusable
Salvador Perez,521692,194.19,2025-05-26,4,1,0,1,1,1,2,2,0,42,60,Unusable
Josh Jung,673962,208.9,2025-04-21,4,1,0,1,2,0,1,1,1,42,50,Unusable
Xander Bogaerts,593428,211.87,2025-06-23,1,2,0,1,3,0,2,2,0,42,59,Unusable
Will Smith,669257,215.77,2025-08-11,2,0,0,1,4,0,4,3,0,42,59,Unusable
Nolan Arenado,571448,227.39,2025-05-19,1,0,1,1,1,0,2,7,0,42,64,Unusable
Jake Cronenworth,630105,229.63,2025-09-01,3,1,0,0,4,1,4,2,0,42,76,Unusable
Brice Turang,668930,230.59,2025-09-15,4,1,0,0,4,0,4,2,0,42,56,Unusable
Austin Wells,669224,234.46,2025-04-28,1,1,0,2,1,0,2,3,0,42,69,Unusable
Austin Wells,669224,234.46,2025-06-02,3,1,0,1,1,0,3,4,0,42,57,Unusable
Austin Wells,669224,234.46,2025-06-30,1,1,0,2,1,0,2,3,0,42,55,Unusable
Austin Wells,669224,234.46,2025-07-07,3,1,0,1,1,0,2,5,0,42,59,Unusable
Ryan Mountcastle,663624,234.73,2025-03-31,7,1,0,0,1,0,5,1,0,42,58,Unusable
Ryan Mountcastle,663624,234.73,2025-08-18,9,0,0,0,1,0,1,5,0,42,63,Unusable
Joey Ortiz,687401,237.06,2025-05-19,4,0,0,1,3,1,1,1,1,42,64,Unusable
Spencer Torkelson,679529,237.98,2025-06-23,4,1,0,1,1,1,3,1,0,42,59,Unusable
Jacob Wilson,805779,238.09,2025-04-07,6,2,0,0,0,0,5,1,0,42,49,Unusable
Jacob Wilson,805779,238.09,2025-04-14,6,2,0,0,0,0,2,2,1,42,63,Unusable
Gavin Lux,666158,238.36,2025-06-23,3,1,0,1,1,0,3,4,0,42,59,Unusable
Willi Castro,650489,239.25,2025-05-12,2,1,0,1,2,0,4,1,1,42,58,Unusable
Francisco Alvarez,682626,239.35,2025-06-02,5,1,0,1,1,0,1,3,0,42,57,Unusable
DJ LeMahieu,518934,239.58,2025-06-02,4,0,0,1,2,0,3,4,0,42,57,Unusable
Maikel Garcia,672580,239.72,2025-05-26,5,1,1,0,1,0,5,0,0,42,60,Unusable
Jeff McNeil,643446,239.75,2025-07-28,4,1,0,0,4,0,3,1,1,42,71,Unusable
Miguel Rojas,500743,239.78,2025-08-18,6,1,0,0,2,0,2,4,0,42,63,Unusable
Tyler Stephenson,663886,239.91,2025-09-08,1,0,0,2,1,0,3,5,0,42,54,Unusable
Caleb Durbin,702332,239.92,2025-08-11,2,1,0,1,0,2,5,2,0,42,59,Unusable
Caleb Durbin,702332,239.92,2025-09-01,3,0,0,1,2,1,2,1,2,42,76,Unusable
Nick Gonzales,693304,239.92,2025-08-25,5,2,0,0,1,0,3,3,0,42,59,Unusable
Nolan Gorman,669357,239.92,2025-08-11,1,1,0,1,5,0,2,2,0,42,59,Unusable
Nolan Gorman,669357,239.92,2025-08-25,1,1,0,1,3,0,3,4,0,42,59,Unusable
Geraldo Perdomo,672695,240,2025-05-05,5,2,0,0,3,0,2,1,0,42,66,Unusable
Nick Kurtz,701762,NA,2025-08-25,3,0,0,1,3,0,5,2,0,42,59,Unusable
Gabriel Moreno,672515,NA,2025-09-15,5,1,0,0,5,0,2,1,0,42,56,Unusable
Gabriel Arias,672356,NA,2025-08-11,0,1,0,1,1,1,3,5,1,42,59,Unusable
Ernie Clement,676391,NA,2025-09-22,3,2,0,0,1,0,4,3,1,42,47,IF4
Zach McKinstry,656716,NA,2025-06-09,3,0,2,0,1,0,3,0,2,42,69,Unusable
Zach McKinstry,656716,NA,2025-08-04,3,2,0,1,1,0,2,2,0,42,57,Unusable
Lenyn Sosa,672820,NA,2025-06-16,3,2,1,0,1,0,5,0,0,42,63,Unusable
Adrian Del Castillo,680728,NA,2025-08-11,1,2,0,1,2,1,1,3,0,42,59,Unusable
Ronny Mauricio,677595,NA,2025-06-23,4,1,0,1,2,0,2,2,0,42,59,Unusable
Jose Trevino,624431,NA,2025-03-31,3,1,0,1,1,0,5,2,0,42,58,Unusable
Elly De La Cruz,682829,5.23,2025-08-25,3,2,1,0,0,0,4,0,1,41,63,Unusable
Gunnar Henderson,683002,12.24,2025-08-25,5,1,0,0,1,1,3,2,1,41,63,Unusable
Matt Olson,621566,21.79,2025-07-28,4,2,0,0,1,0,4,3,0,41,74,Unusable
Bryce Harper,547180,27.32,2025-03-31,4,2,0,0,3,0,2,2,0,41,60,Unusable
Austin Riley,663586,30.75,2025-06-16,3,0,0,1,2,0,4,4,0,41,65,Unusable
Rafael Devers,646240,35.39,2025-09-08,1,1,0,0,6,0,5,2,0,41,56,Unusable
Ketel Marte,606466,37.6,2025-03-24,4,2,0,0,3,0,4,0,0,41,19,IF2
Corey Seager,608369,43.68,2025-07-28,3,0,0,1,4,0,3,2,0,41,74,Unusable
Junior Caminero,691406,65.87,2025-07-07,3,0,0,2,0,0,3,3,0,41,63,Unusable
Junior Caminero,691406,65.87,2025-07-21,4,0,0,1,2,1,2,3,0,41,67,Unusable
Willy Adames,642715,76.34,2025-08-04,3,0,0,1,4,0,3,2,0,41,59,Unusable
Matt McLain,680574,91.6,2025-06-30,3,2,0,0,2,0,2,3,1,41,57,Unusable
Triston Casas,671213,99,2025-03-31,2,2,0,1,1,0,3,2,0,41,60,Unusable
Jordan Westburg,676059,108.66,2025-06-30,2,0,0,2,0,1,3,3,0,41,57,Unusable
Ezequiel Tovar,678662,111.22,2025-09-22,3,0,1,1,0,0,1,6,0,41,49,Unusable
Paul Goldschmidt,502671,117.94,2025-09-15,5,1,0,0,2,2,3,1,0,41,58,Unusable
Dansby Swanson,621020,124.49,2025-08-18,1,3,0,0,3,1,3,1,0,41,68,Unusable
Vinnie Pasquantino,686469,131.56,2025-03-24,0,1,1,1,2,1,1,3,0,41,19,IF2
Vinnie Pasquantino,686469,131.56,2025-05-26,6,0,0,0,4,1,3,1,0,41,63,Unusable
Anthony Volpe,683011,135.32,2025-04-14,3,2,0,0,2,0,1,2,2,41,64,Unusable
Anthony Volpe,683011,135.32,2025-07-21,2,0,0,2,0,1,2,2,1,41,67,Unusable
Michael Toglia,669911,138.78,2025-05-12,3,1,0,1,2,0,3,2,0,41,61,Unusable
Max Muncy,571970,161.48,2025-06-09,4,1,0,0,5,0,4,0,0,41,73,Unusable
Max Muncy,571970,161.48,2025-09-15,1,0,0,2,1,1,3,3,0,41,58,Unusable
Jonathan India,663697,164.42,2025-03-31,4,2,0,0,3,0,2,2,0,41,60,Unusable
Masyn Winn,691026,166.08,2025-04-21,3,2,0,0,1,1,3,2,1,41,52,Unusable
Masyn Winn,691026,166.08,2025-08-04,3,1,0,1,2,0,2,1,1,41,59,Unusable
Royce Lewis,668904,168.33,2025-08-25,4,0,0,1,1,0,2,4,1,41,63,Unusable
Luis Arraez,650333,168.81,2025-06-02,3,2,0,0,2,0,2,3,1,41,61,Unusable
Jeremy Pena,665161,180.02,2025-08-25,5,2,0,0,2,0,2,0,1,41,63,Unusable
Willson Contreras,575929,182.14,2025-05-12,2,3,0,0,1,0,4,3,0,41,61,Unusable
Willson Contreras,575929,182.14,2025-08-25,2,0,0,1,1,2,4,4,0,41,63,Unusable
Nathaniel Lowe,663993,192.46,2025-03-31,1,2,0,1,2,0,2,3,0,41,60,Unusable
Nathaniel Lowe,663993,192.46,2025-05-12,1,1,0,1,2,0,4,4,0,41,61,Unusable
Nathaniel Lowe,663993,192.46,2025-09-22,4,2,0,0,3,0,1,3,0,41,49,Unusable
Salvador Perez,521692,194.19,2025-09-01,1,1,0,2,0,0,2,4,0,41,79,Unusable
Xander Bogaerts,593428,211.87,2025-06-09,4,1,0,0,1,0,4,4,1,41,73,Unusable
Xander Bogaerts,593428,211.87,2025-07-14,2,1,0,1,1,0,2,4,1,41,13,IF2
Nico Hoerner,663538,212.11,2025-08-18,5,1,0,0,2,0,3,2,1,41,68,Unusable
Will Smith,669257,215.77,2025-04-14,4,0,0,1,1,0,2,6,0,41,64,Unusable
Michael Busch,683737,226.9,2025-08-11,2,0,0,2,1,0,2,4,0,41,65,Unusable
Michael Busch,683737,226.9,2025-09-08,4,1,0,1,1,0,3,2,0,41,56,Unusable
Jake Cronenworth,630105,229.63,2025-06-09,4,0,0,1,3,0,3,2,0,41,73,Unusable
Yainer Diaz,673237,234.25,2025-08-11,6,0,0,1,1,0,2,3,0,41,65,Unusable
Yainer Diaz,673237,234.25,2025-09-22,3,2,0,1,0,0,3,2,0,41,49,Unusable
Austin Wells,669224,234.46,2025-05-12,0,2,0,1,1,0,2,4,1,41,61,Unusable
Ryan Mountcastle,663624,234.73,2025-05-26,4,3,0,0,0,1,2,0,1,41,63,Unusable
Kyle Manzardo,700932,237.05,2025-04-07,0,0,0,1,6,1,3,2,0,41,50,Unusable
Carlos Santana,467793,237.36,2025-04-07,4,0,0,1,3,0,3,2,0,41,50,Unusable
Logan O'Hoppe,681351,238.67,2025-07-21,5,1,0,1,0,0,2,1,1,41,67,Unusable
Willi Castro,650489,239.25,2025-07-14,1,0,1,1,2,0,4,3,0,41,13,IF2
Nolan Schanuel,694384,239.52,2025-05-05,5,1,0,0,4,0,4,0,0,41,68,Unusable
Nolan Schanuel,694384,239.52,2025-06-30,4,0,0,1,2,1,2,3,0,41,57,Unusable
Josh Smith,669701,239.59,2025-08-25,4,1,0,0,4,1,3,1,0,41,63,Unusable
Jonathan Aranda,666018,239.63,2025-06-02,6,0,0,0,2,1,4,3,0,41,61,Unusable
Jonathan Aranda,666018,239.63,2025-07-21,4,1,0,0,5,0,2,2,0,41,67,Unusable
Ty France,664034,239.69,2025-05-05,6,1,0,0,1,0,3,2,1,41,68,Unusable
Sean Murphy,669221,239.72,2025-05-05,3,2,0,0,3,1,1,3,0,41,68,Unusable
Sean Murphy,669221,239.72,2025-06-30,1,1,0,2,0,0,2,4,0,41,57,Unusable
Miguel Rojas,500743,239.78,2025-04-28,3,2,0,1,0,0,2,3,0,41,73,Unusable
Miguel Rojas,500743,239.78,2025-09-08,3,1,0,0,2,0,2,4,2,41,56,Unusable
Brooks Lee,686797,239.95,2025-08-25,3,0,0,1,1,1,5,3,0,41,63,Unusable
Gabriel Moreno,672515,NA,2025-08-25,4,0,0,1,1,0,3,5,0,41,63,Unusable
Marcelo Mayer,691785,NA,2025-06-09,0,1,0,2,1,0,3,3,0,41,73,Unusable
Isaac Collins,686555,NA,2025-04-28,2,1,0,1,2,1,3,2,0,41,73,Unusable
Otto Lopez,672640,NA,2025-07-21,2,3,0,0,3,0,2,2,0,41,67,Unusable
Ezequiel Duran,677649,NA,2025-08-18,5,2,0,0,0,0,2,3,1,41,68,Unusable
Zach McKinstry,656716,NA,2025-05-19,2,1,0,1,3,0,3,2,0,41,66,Unusable
Jose Caballero,676609,NA,2025-09-15,2,2,0,0,3,0,3,0,2,41,58,Unusable
Ramon Urias,602104,NA,2025-08-11,5,1,0,1,0,0,2,3,0,41,65,Unusable
Pedro Pages,686780,NA,2025-08-04,3,1,0,1,2,0,2,3,0,41,59,Unusable
Jorge Mateo,622761,NA,2025-05-26,1,0,0,1,2,0,1,2,4,41,63,Unusable
Jose Ramirez,608070,8.37,2025-07-14,0,1,1,1,2,0,3,2,0,40,15,IF2
Francisco Lindor,596019,17.8,2025-09-08,3,1,0,0,3,0,4,0,2,40,59,Unusable
Freddie Freeman,518692,26.39,2025-05-12,8,0,0,0,2,0,4,1,0,40,65,Unusable
Freddie Freeman,518692,26.39,2025-06-23,3,0,0,1,3,0,4,2,0,40,64,Unusable
Alex Bregman,608324,60.11,2025-07-28,3,1,0,1,1,0,3,3,0,40,76,Unusable
Marcus Semien,543760,65.54,2025-06-16,3,1,1,0,3,0,2,2,0,40,66,Unusable
Junior Caminero,691406,65.87,2025-05-05,5,0,0,1,1,0,1,3,1,40,71,Unusable
Christian Walker,572233,74.01,2025-04-07,2,0,0,0,8,0,4,1,0,40,52,Unusable
Christian Walker,572233,74.01,2025-05-19,6,0,0,1,0,0,2,4,0,40,67,Unusable
Christian Walker,572233,74.01,2025-08-25,3,0,0,2,0,1,2,2,0,40,71,Unusable
Bo Bichette,666182,84.67,2025-08-25,8,0,0,0,2,0,2,3,0,40,71,Unusable
Josh Naylor,647304,89.6,2025-03-31,3,1,0,0,3,0,3,1,2,40,64,Unusable
Josh Naylor,647304,89.6,2025-04-21,4,2,0,0,2,0,1,4,0,40,53,Unusable
Josh Naylor,647304,89.6,2025-07-21,7,0,0,0,1,0,1,1,3,40,72,Unusable
Matt McLain,680574,91.6,2025-06-09,4,0,0,1,2,0,3,3,0,40,77,Unusable
Matt McLain,680574,91.6,2025-07-28,6,1,0,0,2,0,3,2,0,40,76,Unusable
Matt McLain,680574,91.6,2025-08-25,2,0,0,2,2,0,2,2,0,40,71,Unusable
Eugenio Suarez,553993,104.99,2025-03-31,0,1,0,1,4,0,2,4,0,40,64,Unusable
Eugenio Suarez,553993,104.99,2025-05-19,6,2,0,0,0,0,2,3,0,40,67,Unusable
Eugenio Suarez,553993,104.99,2025-09-22,2,0,0,2,0,0,2,5,0,40,52,Unusable
Adley Rutschman,668939,112.59,2025-04-28,3,2,0,0,3,0,3,2,0,40,75,Unusable
Isaac Paredes,670623,121.15,2025-04-28,4,0,1,0,4,0,3,1,0,40,75,Unusable
Anthony Volpe,683011,135.32,2025-03-24,0,0,0,2,2,0,3,4,0,40,21,IF2
Anthony Volpe,683011,135.32,2025-04-28,2,3,0,0,2,0,1,2,1,40,75,Unusable
Jackson Holliday,702616,135.54,2025-06-16,8,0,0,0,2,0,2,1,1,40,66,Unusable
Gleyber Torres,650402,147.51,2025-07-21,4,1,0,1,0,0,2,4,0,40,72,Unusable
Alec Bohm,664761,148.29,2025-08-25,5,1,0,0,1,0,3,5,0,40,71,Unusable
Yandy Diaz,650490,154.91,2025-05-05,1,0,0,2,1,0,2,5,0,40,71,Unusable
Max Muncy,571970,161.48,2025-05-05,4,1,0,0,4,0,1,2,1,40,71,Unusable
Jonathan India,663697,164.42,2025-08-04,3,0,0,1,2,1,2,4,0,40,62,Unusable
Xavier Edwards,669364,165.36,2025-06-23,3,2,0,0,3,0,2,3,0,40,64,Unusable
Ryan McMahon,641857,172.9,2025-07-28,5,1,0,0,3,0,2,3,0,40,76,Unusable
Willson Contreras,575929,182.14,2025-04-07,3,1,0,1,1,0,3,3,0,40,52,Unusable
Salvador Perez,521692,194.19,2025-04-07,3,0,0,1,3,0,1,5,0,40,52,Unusable
Zach Neto,687263,202.06,2025-08-04,1,2,0,1,3,0,1,2,0,40,62,Unusable
Bryson Stott,681082,202.3,2025-05-26,4,1,0,0,4,0,3,0,1,40,66,Unusable
Josh Jung,673962,208.9,2025-06-23,5,0,0,1,1,0,1,5,0,40,64,Unusable
Shea Langeliers,669127,226.05,2025-05-12,4,1,0,0,4,0,2,1,1,40,65,Unusable
Michael Busch,683737,226.9,2025-05-19,1,3,0,0,3,0,2,3,0,40,67,Unusable
Brice Turang,668930,230.59,2025-05-12,5,0,0,0,3,0,2,0,3,40,65,Unusable
Yainer Diaz,673237,234.25,2025-04-21,2,1,1,1,0,0,3,2,0,40,53,Unusable
Austin Wells,669224,234.46,2025-05-26,3,0,0,1,2,1,2,2,1,40,66,Unusable
Colt Keith,690993,235.65,2025-09-08,3,0,0,1,2,1,3,3,0,40,59,Unusable
Kyle Manzardo,700932,237.05,2025-06-23,3,0,0,2,1,0,2,2,0,40,64,Unusable
Kyle Manzardo,700932,237.05,2025-09-15,4,2,0,0,2,0,2,1,1,40,61,Unusable
Joey Ortiz,687401,237.06,2025-06-30,1,1,0,1,1,0,2,7,0,40,61,Unusable
Carlos Santana,467793,237.36,2025-06-30,4,1,0,1,2,0,2,1,0,40,61,Unusable
Connor Norby,681393,237.78,2025-09-15,4,2,0,1,0,0,2,1,0,40,61,Unusable
Spencer Torkelson,679529,237.98,2025-04-21,1,1,0,1,3,0,3,3,0,40,53,Unusable
Tyler Soderstrom,691016,238.1,2025-06-30,1,2,0,1,0,1,4,2,0,40,61,Unusable
Ben Rice,700250,239.01,2025-04-21,1,1,0,1,3,0,4,2,0,40,53,Unusable
Brett Baty,683146,239.56,2025-09-01,3,1,0,1,1,0,1,3,1,40,80,Unusable
Jeff McNeil,643446,239.75,2025-06-23,4,2,0,0,2,0,2,3,0,40,64,Unusable
Jeff McNeil,643446,239.75,2025-08-11,4,2,0,0,2,0,4,1,0,40,68,Unusable
Jeff McNeil,643446,239.75,2025-08-25,3,1,1,0,2,1,1,3,0,40,71,Unusable
Bo Naylor,666310,239.8,2025-04-14,2,1,0,1,2,0,2,4,0,40,66,Unusable
Ryan O'Hearn,656811,239.89,2025-04-07,2,1,0,1,2,0,3,1,1,40,52,Unusable
Tyler Stephenson,663886,239.91,2025-04-28,0,2,0,1,2,0,3,3,0,40,75,Unusable
Caleb Durbin,702332,239.92,2025-07-14,1,2,0,1,1,0,1,3,1,40,15,IF2
Brooks Lee,686797,239.95,2025-05-12,5,0,0,1,1,0,2,4,0,40,65,Unusable
Brooks Lee,686797,239.95,2025-06-16,7,1,0,0,1,0,2,3,0,40,66,Unusable
Patrick Bailey,672275,240,2025-07-07,5,0,0,1,1,0,3,3,0,40,64,Unusable
Nick Kurtz,701762,NA,2025-07-28,5,0,0,0,4,1,3,2,0,40,76,Unusable
Gabriel Moreno,672515,NA,2025-05-26,3,2,1,0,1,0,3,1,0,40,66,Unusable
Enrique Hernandez,571771,NA,2025-05-05,4,1,0,1,0,0,4,2,0,40,71,Unusable
Yoan Moncada,660162,NA,2025-08-11,4,2,0,0,2,0,2,3,0,40,68,Unusable
Lenyn Sosa,672820,NA,2025-04-14,8,1,0,0,2,0,2,0,0,40,66,Unusable
Lenyn Sosa,672820,NA,2025-08-11,3,0,0,2,1,0,2,2,0,40,68,Unusable
Lenyn Sosa,672820,NA,2025-08-18,4,0,0,1,0,0,2,7,0,40,71,Unusable
Jose Caballero,676609,NA,2025-06-16,1,0,0,0,3,2,2,1,4,40,66,Unusable
Dylan Moore,664238,NA,2025-05-05,2,1,0,1,0,0,2,3,2,40,71,Unusable
Carson Williams,700246,NA,2025-08-18,1,1,0,1,1,0,4,3,1,40,71,Unusable
Jake Bauers,641343,NA,2025-05-05,3,0,0,1,1,0,2,3,2,40,71,Unusable
Pedro Pages,686780,NA,2025-06-23,2,1,0,1,2,0,4,2,0,40,64,Unusable
Jose Trevino,624431,NA,2025-06-02,3,2,0,1,1,0,2,1,0,40,63,Unusable
Elly De La Cruz,682829,5.23,2025-08-11,5,1,0,0,2,0,4,2,0,39,71,Unusable
Freddie Freeman,518692,26.39,2025-06-02,2,3,0,0,3,0,1,2,0,39,64,Unusable
Manny Machado,592518,45.54,2025-03-24,0,3,0,0,1,0,3,2,2,39,22,IF2
Manny Machado,592518,45.54,2025-07-14,0,1,0,1,3,0,3,4,0,39,17,IF2
Ozzie Albies,645277,58.95,2025-04-21,4,1,0,0,1,0,5,2,1,39,57,Unusable
Ozzie Albies,645277,58.95,2025-06-23,5,0,0,0,3,1,3,1,1,39,70,Unusable
Marcus Semien,543760,65.54,2025-04-21,3,0,0,1,2,0,1,6,0,39,57,Unusable
Christian Walker,572233,74.01,2025-07-14,2,0,0,1,2,1,2,3,1,39,17,IF2
Willy Adames,642715,76.34,2025-04-21,5,0,0,0,4,0,3,3,0,39,57,Unusable
Eugenio Suarez,553993,104.99,2025-08-04,1,0,0,1,2,0,3,5,1,39,64,Unusable
Isaac Paredes,670623,121.15,2025-06-23,4,0,0,1,1,2,3,1,0,39,70,Unusable
Anthony Volpe,683011,135.32,2025-05-26,2,2,0,0,3,0,1,5,0,39,69,Unusable
Gleyber Torres,650402,147.51,2025-04-14,4,1,0,0,1,0,4,3,1,39,68,Unusable
Gleyber Torres,650402,147.51,2025-06-30,3,0,0,0,6,0,5,1,0,39,64,Unusable
Max Muncy,571970,161.48,2025-04-14,3,1,0,0,5,1,2,1,0,39,68,Unusable
Jonathan India,663697,164.42,2025-07-21,1,1,0,1,2,0,3,4,0,39,74,Unusable
Ryan McMahon,641857,172.9,2025-05-19,4,1,0,0,3,0,2,4,0,39,70,Unusable
Jeremy Pena,665161,180.02,2025-03-31,2,0,0,1,2,1,2,1,2,39,66,Unusable
Jeremy Pena,665161,180.02,2025-08-11,4,0,0,1,1,0,2,1,2,39,71,Unusable
Willson Contreras,575929,182.14,2025-03-31,2,2,0,0,1,2,3,3,0,39,66,Unusable
Tommy Edman,669242,186.13,2025-04-21,1,1,0,1,2,0,3,4,0,39,57,Unusable
Zach Neto,687263,202.06,2025-07-21,5,0,0,0,3,1,1,3,1,39,74,Unusable
Zach Neto,687263,202.06,2025-09-08,3,0,0,1,1,1,1,2,2,39,61,Unusable
Bryson Stott,681082,202.3,2025-09-15,3,2,0,0,4,0,2,1,0,39,63,Unusable
Carlos Correa,621043,209.38,2025-04-07,1,4,0,0,2,0,2,1,0,39,56,Unusable
Carlos Correa,621043,209.38,2025-09-22,3,2,0,0,4,0,1,2,0,39,53,Unusable
Xander Bogaerts,593428,211.87,2025-09-22,3,1,0,1,0,0,3,4,0,39,53,Unusable
Nico Hoerner,663538,212.11,2025-05-26,7,1,0,0,2,0,1,2,0,39,69,Unusable
Michael Busch,683737,226.9,2025-04-28,3,0,0,1,2,0,1,6,0,39,79,Unusable
Nolan Arenado,571448,227.39,2025-04-21,1,2,0,1,2,0,2,2,0,39,57,Unusable
Jake Cronenworth,630105,229.63,2025-06-16,4,2,0,0,1,0,1,3,1,39,70,Unusable
Brice Turang,668930,230.59,2025-06-02,2,2,0,0,3,0,3,1,1,39,64,Unusable
Brice Turang,668930,230.59,2025-06-09,5,1,0,0,4,0,2,1,0,39,78,Unusable
Andres Gimenez,665926,231.93,2025-06-23,5,1,0,0,1,1,0,4,1,39,70,Unusable
Yainer Diaz,673237,234.25,2025-08-04,3,1,0,1,0,0,2,5,0,39,64,Unusable
Tyler Fitzgerald,666149,237.85,2025-06-30,1,2,0,1,2,0,1,3,0,39,64,Unusable
Gavin Lux,666158,238.36,2025-07-21,8,0,0,0,1,0,2,4,0,39,74,Unusable
Ben Rice,700250,239.01,2025-06-23,0,0,0,1,4,3,3,1,0,39,70,Unusable
Coby Mayo,691723,239.19,2025-09-01,3,1,0,1,2,0,1,1,1,39,81,Unusable
Coby Mayo,691723,239.19,2025-09-08,2,0,0,2,1,0,2,3,0,39,61,Unusable
Willi Castro,650489,239.25,2025-03-24,0,3,0,1,1,0,1,3,0,39,22,IF2
Brett Baty,683146,239.56,2025-09-15,3,1,0,1,1,1,2,2,0,39,63,Unusable
Josh Smith,669701,239.59,2025-06-23,4,1,0,0,3,2,3,0,0,39,70,Unusable
Josh Smith,669701,239.59,2025-08-11,4,2,0,0,2,1,3,0,0,39,71,Unusable
Adam Frazier,624428,239.6,2025-08-04,8,0,0,0,0,1,3,3,0,39,64,Unusable
Noelvi Marte,682622,239.78,2025-07-28,5,0,0,1,0,0,4,1,1,39,80,Unusable
Ryan O'Hearn,656811,239.89,2025-08-04,1,0,0,1,6,0,1,3,0,39,64,Unusable
Tyler Stephenson,663886,239.91,2025-09-15,1,1,0,1,2,0,2,5,0,39,63,Unusable
Tyler Stephenson,663886,239.91,2025-09-22,3,1,0,1,1,1,2,2,0,39,53,Unusable
Kyle Teel,691019,239.94,2025-09-15,1,1,0,1,4,0,1,3,0,39,63,Unusable
Brooks Lee,686797,239.95,2025-04-21,7,1,0,0,2,0,1,2,0,39,57,Unusable
Brendan Rodgers,663898,239.98,2025-05-05,2,1,0,1,1,0,4,3,0,39,77,Unusable
Ke'Bryan Hayes,663647,240,2025-04-21,6,1,0,0,1,2,0,3,0,39,57,Unusable
Nick Yorke,694377,240,2025-09-15,3,1,0,1,2,0,3,1,0,39,63,Unusable
Marcelo Mayer,691785,NA,2025-07-07,2,3,0,0,1,0,4,2,0,39,65,Unusable
Brayan Rocchio,677587,NA,2025-08-04,5,1,0,0,1,1,1,1,2,39,64,Unusable
Brayan Rocchio,677587,NA,2025-09-08,4,2,0,0,3,0,2,1,0,39,61,Unusable
Yoan Moncada,660162,NA,2025-05-26,1,1,0,2,0,0,3,2,0,39,69,Unusable
Joey Bart,663698,NA,2025-08-11,1,2,0,1,2,0,1,3,0,39,71,Unusable
Ivan Herrera,671056,NA,2025-08-18,5,0,0,0,1,1,3,4,1,39,73,Unusable
Gabriel Arias,672356,NA,2025-05-05,5,1,0,0,1,1,3,3,0,39,77,Unusable
Amed Rosario,642708,NA,2025-04-28,3,1,0,1,0,0,2,5,0,39,79,Unusable
Javier Baez,595879,NA,2025-09-22,5,0,0,1,0,0,2,5,0,39,53,Unusable
Ernie Clement,676391,NA,2025-06-16,9,1,0,0,0,0,3,0,0,39,70,Unusable
Jonah Heim,641680,NA,2025-07-07,4,1,0,0,3,0,2,4,0,39,65,Unusable
Henry Davis,680779,NA,2025-06-02,1,1,0,2,0,0,2,3,0,39,64,Unusable
Trey Sweeney,700242,NA,2025-05-05,6,1,0,0,1,0,6,0,0,39,77,Unusable
Alejandro Kirk,672386,NA,2025-06-16,2,0,0,2,1,0,2,3,0,39,70,Unusable
Agustin Ramirez,682663,NA,2025-06-16,3,0,0,1,2,0,1,6,0,39,70,Unusable
Kyle Farmer,571657,NA,2025-04-07,4,3,0,0,3,0,0,0,0,39,56,Unusable
Luis Urias,649966,NA,2025-05-12,4,2,0,0,0,1,4,0,1,39,69,Unusable
Josh Rojas,668942,NA,2025-05-26,2,2,0,0,3,0,1,1,2,39,69,Unusable
Jose Iglesias,578428,NA,2025-04-07,3,2,0,0,2,0,2,4,0,39,56,Unusable
Elly De La Cruz,682829,5.23,2025-05-05,3,0,0,1,1,0,2,4,1,38,80,Unusable
Mookie Betts,605141,16.08,2025-06-09,3,1,0,0,5,0,2,2,0,38,79,Unusable
Matt Olson,621566,21.79,2025-05-26,3,3,0,0,1,0,2,2,0,38,73,Unusable
Freddie Freeman,518692,26.39,2025-03-24,0,1,0,2,0,0,2,4,0,38,24,IF2
Freddie Freeman,518692,26.39,2025-06-09,4,1,0,0,4,0,3,1,0,38,79,Unusable
Freddie Freeman,518692,26.39,2025-06-30,4,2,0,0,0,0,1,4,1,38,66,Unusable
Pete Alonso,624413,29.95,2025-05-19,4,0,0,1,2,0,2,3,0,38,71,Unusable
Rafael Devers,646240,35.39,2025-09-15,3,0,0,1,3,0,2,3,0,38,68,Unusable
Manny Machado,592518,45.54,2025-05-12,5,0,0,0,5,0,4,0,0,38,70,Unusable
Ozzie Albies,645277,58.95,2025-06-16,3,2,1,0,1,0,1,2,0,38,74,Unusable
Willy Adames,642715,76.34,2025-06-23,4,0,0,0,4,0,2,3,1,38,75,Unusable
Mark Vientos,668901,83.69,2025-07-07,4,2,1,0,0,0,0,3,0,38,67,Unusable
Josh Naylor,647304,89.6,2025-08-18,1,2,0,1,1,0,2,3,0,38,74,Unusable
Ezequiel Tovar,678662,111.22,2025-05-12,4,0,1,1,0,0,2,2,0,38,70,Unusable
Vinnie Pasquantino,686469,131.56,2025-05-05,9,0,0,0,1,0,2,2,0,38,80,Unusable
Vinnie Pasquantino,686469,131.56,2025-07-07,4,2,0,1,0,0,1,1,0,38,67,Unusable
Anthony Volpe,683011,135.32,2025-07-14,1,0,0,2,1,0,2,4,0,38,19,IF2
Gleyber Torres,650402,147.51,2025-08-04,2,1,0,0,4,0,4,3,0,38,69,Unusable
Alec Bohm,664761,148.29,2025-04-21,7,0,0,0,2,1,2,2,0,38,64,Unusable
Alec Bohm,664761,148.29,2025-06-02,6,1,0,0,2,0,1,1,1,38,67,Unusable
Max Muncy,691777,161.48,2025-06-02,2,0,0,2,0,0,2,4,0,38,67,Unusable
Xavier Edwards,669364,165.36,2025-06-30,7,0,0,0,1,0,5,0,1,38,66,Unusable
Xavier Edwards,669364,165.36,2025-07-14,1,2,1,0,1,0,4,2,0,38,19,IF2
Xavier Edwards,669364,165.36,2025-08-25,5,0,1,0,0,1,4,0,1,38,76,Unusable
Masyn Winn,691026,166.08,2025-07-21,6,2,0,0,0,0,0,4,0,38,77,Unusable
Masyn Winn,691026,166.08,2025-08-25,4,1,0,0,1,1,3,4,0,38,76,Unusable
Ryan McMahon,641857,172.9,2025-06-02,4,1,0,1,2,0,1,1,0,38,67,Unusable
Nathaniel Lowe,663993,192.46,2025-05-05,3,0,0,1,3,0,3,2,0,38,80,Unusable
Nathaniel Lowe,663993,192.46,2025-08-11,0,1,0,1,4,0,1,4,0,38,75,Unusable
Salvador Perez,521692,194.19,2025-05-05,4,2,0,0,1,1,0,4,0,38,80,Unusable
Bryson Stott,681082,202.3,2025-03-24,0,1,0,1,2,0,4,2,1,38,24,IF2
Bryson Stott,681082,202.3,2025-05-12,3,0,0,1,1,0,2,4,1,38,70,Unusable
Carlos Correa,621043,209.38,2025-05-05,5,0,0,1,1,0,1,4,0,38,80,Unusable
Xander Bogaerts,593428,211.87,2025-07-28,7,1,0,0,1,0,2,2,0,38,81,Unusable
Kristian Campbell,692225,212.49,2025-04-14,3,1,0,1,3,0,1,1,0,38,70,Unusable
Brandon Lowe,664040,213.94,2025-04-21,4,0,0,1,2,0,3,2,0,38,64,Unusable
Brandon Lowe,664040,213.94,2025-06-30,2,1,0,1,2,0,2,1,1,38,66,Unusable
Brandon Lowe,664040,213.94,2025-08-18,1,0,0,1,4,1,3,2,0,38,74,Unusable
Will Smith,669257,215.77,2025-07-28,2,3,0,0,2,0,2,2,0,38,81,Unusable
Nolan Arenado,571448,227.39,2025-06-23,5,2,0,0,1,0,2,2,0,38,75,Unusable
Nolan Arenado,571448,227.39,2025-07-21,3,1,0,0,3,0,4,1,1,38,77,Unusable
Jake Cronenworth,630105,229.63,2025-05-26,2,1,0,0,4,0,4,3,0,38,73,Unusable
Jake Cronenworth,630105,229.63,2025-08-11,4,0,0,0,3,1,3,4,0,38,75,Unusable
Yainer Diaz,673237,234.25,2025-04-07,1,1,0,1,1,0,3,5,0,38,59,Unusable
Colt Keith,690993,235.65,2025-06-30,4,2,0,0,2,0,3,1,0,38,66,Unusable
Andrew Vaughn,683734,236.76,2025-08-18,4,1,0,0,3,1,2,2,0,38,74,Unusable
Andrew Vaughn,683734,236.76,2025-09-15,1,3,0,0,3,0,1,3,0,38,68,Unusable
Kyle Manzardo,700932,237.05,2025-08-11,1,0,0,1,4,1,2,3,0,38,75,Unusable
Connor Norby,681393,237.78,2025-07-07,4,0,0,1,1,1,3,2,0,38,67,Unusable
Spencer Torkelson,679529,237.98,2025-06-09,2,0,0,1,3,1,3,2,0,38,79,Unusable
Tyler Soderstrom,691016,238.1,2025-04-28,5,1,0,0,1,0,2,3,1,38,81,Unusable
Logan O'Hoppe,681351,238.67,2025-04-21,1,0,0,2,1,0,3,3,0,38,64,Unusable
Coby Mayo,691723,239.19,2025-08-04,3,1,0,1,1,0,1,4,0,38,69,Unusable
Maikel Garcia,672580,239.72,2025-04-21,3,3,0,0,1,0,2,0,1,38,64,Unusable
Jeff McNeil,643446,239.75,2025-05-26,2,1,0,1,2,0,1,2,1,38,73,Unusable
Luis Rengifo,650859,239.81,2025-06-16,4,0,0,1,1,1,2,3,0,38,74,Unusable
Luis Rengifo,650859,239.81,2025-08-11,2,0,1,0,2,0,4,3,1,38,75,Unusable
Ryan O'Hearn,656811,239.89,2025-06-23,0,1,0,1,4,0,4,1,0,38,75,Unusable
Tyler Stephenson,663886,239.91,2025-07-28,2,1,0,0,6,0,3,1,0,38,81,Unusable
Brooks Lee,686797,239.95,2025-04-28,3,2,0,1,1,0,1,1,0,38,81,Unusable
Jorge Polanco,593871,239.99,2025-04-07,4,0,0,1,0,0,2,4,1,38,59,Unusable
Michael Massey,686681,239.99,2025-09-22,6,1,0,0,0,0,4,1,1,38,57,Unusable
Geraldo Perdomo,672695,240,2025-07-21,5,2,0,0,3,0,1,0,0,38,77,Unusable
Patrick Bailey,672275,240,2025-08-04,5,0,1,0,1,0,2,4,0,38,69,Unusable
Matt Mervis,670223,NA,2025-03-31,2,0,0,2,0,0,2,4,0,38,68,Unusable
Joey Bart,663698,NA,2025-05-05,7,0,0,0,3,0,1,3,0,38,80,Unusable
Mark Canha,592192,NA,2025-03-31,3,2,0,0,2,1,4,0,0,38,68,Unusable
David Hamilton,666152,NA,2025-04-28,4,1,0,0,0,0,3,1,3,38,81,Unusable
Ernie Clement,676391,NA,2025-05-12,3,1,0,1,1,0,2,3,0,38,70,Unusable
Miguel Amaya,665804,NA,2025-04-07,3,0,0,1,0,1,4,4,0,38,59,Unusable
Emmanuel Rivera,656896,NA,2025-05-05,5,2,0,0,1,0,2,2,0,38,80,Unusable
Alejandro Kirk,672386,NA,2025-04-28,6,0,0,1,0,0,1,4,0,38,81,Unusable
Agustin Ramirez,682663,NA,2025-08-04,5,0,0,0,2,1,1,2,2,38,69,Unusable
Thomas Saggese,695336,NA,2025-04-14,2,4,0,0,0,0,1,3,0,38,70,Unusable
Jose Trevino,624431,NA,2025-04-28,2,0,0,2,0,0,2,4,0,38,81,Unusable
Freddie Freeman,518692,26.39,2025-08-25,0,4,0,0,3,0,1,1,0,37,78,Unusable
Pete Alonso,624413,29.95,2025-08-18,1,1,0,1,2,0,3,3,0,37,77,Unusable
Rafael Devers,646240,35.39,2025-08-11,5,1,0,1,0,0,2,1,0,37,79,Unusable
Trea Turner,607208,35.91,2025-05-12,4,0,1,0,1,0,4,1,1,37,74,Unusable
Manny Machado,592518,45.54,2025-09-22,3,0,0,1,2,0,4,2,0,37,58,Unusable
William Contreras,661388,61.55,2025-04-21,6,0,0,0,3,0,2,3,0,37,68,Unusable
Christian Walker,572233,74.01,2025-03-31,4,1,0,1,0,1,2,1,0,37,70,Unusable
Willy Adames,642715,76.34,2025-08-11,1,0,0,1,2,0,4,1,2,37,79,Unusable
Jose Altuve,514888,81.09,2025-07-21,5,1,0,0,3,1,2,0,0,37,80,Unusable
Bo Bichette,666182,84.67,2025-06-09,6,0,0,0,1,0,4,4,0,37,82,Unusable
Eugenio Suarez,553993,104.99,2025-04-14,2,1,0,1,1,0,2,4,0,37,72,Unusable
Jake Burger,669394,115.47,2025-04-21,0,2,0,1,1,0,3,3,0,37,68,Unusable
Anthony Volpe,683011,135.32,2025-08-11,1,1,0,1,2,0,3,3,0,37,79,Unusable
Jackson Holliday,702616,135.54,2025-06-09,3,2,0,0,0,0,4,0,2,37,82,Unusable
Xavier Edwards,669364,165.36,2025-03-31,4,2,0,0,1,0,2,1,1,37,70,Unusable
Masyn Winn,691026,166.08,2025-05-05,2,2,0,0,3,0,2,3,0,37,87,Unusable
Salvador Perez,521692,194.19,2025-09-22,2,1,0,0,3,2,1,4,0,37,58,Unusable
Zach Neto,687263,202.06,2025-07-14,4,1,0,0,1,0,4,2,1,37,21,IF2
Will Smith,669257,215.77,2025-05-19,2,1,0,0,4,1,2,3,0,37,72,Unusable
Matt Shaw,807713,227.33,2025-08-11,1,1,0,1,2,0,2,2,1,37,79,Unusable
Nolan Arenado,571448,227.39,2025-09-15,3,2,0,0,0,0,2,6,0,37,70,Unusable
Jake Cronenworth,630105,229.63,2025-09-08,5,0,0,0,4,0,3,2,0,37,64,Unusable
Brice Turang,668930,230.59,2025-03-24,2,0,0,1,1,0,4,3,1,37,26,IF3
Andres Gimenez,665926,231.93,2025-06-09,3,0,0,1,2,0,2,4,0,37,82,Unusable
Austin Wells,669224,234.46,2025-03-31,2,1,1,0,2,1,2,2,0,37,70,Unusable
Colt Keith,690993,235.65,2025-05-05,5,0,0,1,0,0,2,4,0,37,87,Unusable
Colt Keith,690993,235.65,2025-08-25,3,1,0,1,0,0,4,2,0,37,78,Unusable
Andrew Vaughn,683734,236.76,2025-03-31,2,1,0,1,1,0,1,5,0,37,70,Unusable
Joey Ortiz,687401,237.06,2025-06-09,3,2,0,0,0,0,3,1,2,37,82,Unusable
Carlos Santana,467793,237.36,2025-05-12,3,0,0,0,6,0,1,4,0,37,74,Unusable
Josh Bell,605137,238,2025-05-12,5,0,0,1,2,0,2,1,0,37,74,Unusable
Jacob Wilson,805779,238.09,2025-06-16,3,0,0,1,3,1,1,2,0,37,76,Unusable
Jacob Wilson,805779,238.09,2025-08-18,3,1,0,1,0,0,3,3,0,37,77,Unusable
Hyeseong Kim,808975,238.24,2025-05-05,7,0,0,0,0,0,4,2,1,37,87,Unusable
Hyeseong Kim,808975,238.24,2025-05-26,2,1,0,1,1,0,4,2,0,37,76,Unusable
Gavin Lux,666158,238.36,2025-04-28,1,2,1,0,2,0,2,2,0,37,86,Unusable
Brett Baty,683146,239.56,2025-04-14,3,2,0,0,2,0,2,1,1,37,72,Unusable
Brett Baty,683146,239.56,2025-05-26,3,0,1,0,1,1,4,3,0,37,76,Unusable
Adam Frazier,624428,239.6,2025-05-26,1,2,0,1,1,1,2,1,0,37,76,Unusable
Adam Frazier,624428,239.6,2025-09-15,5,0,0,1,0,0,3,3,0,37,70,Unusable
Keibert Ruiz,660688,239.6,2025-05-12,4,2,0,0,0,1,2,3,0,37,74,Unusable
Luisangel Acuna,682668,239.64,2025-04-07,3,1,0,0,2,0,4,0,2,37,62,Unusable
Maikel Garcia,672580,239.72,2025-06-09,4,2,0,0,1,0,1,0,2,37,82,Unusable
Casey Schmitt,669477,239.77,2025-09-22,3,1,0,1,0,0,3,3,0,37,58,Unusable
Miguel Rojas,500743,239.78,2025-07-07,2,1,0,1,1,0,3,1,1,37,70,Unusable
Spencer Horwitz,687462,239.83,2025-09-15,1,2,0,0,4,0,3,2,0,37,70,Unusable
Ryan O'Hearn,656811,239.89,2025-05-12,6,1,0,0,3,0,2,0,0,37,74,Unusable
Ryan O'Hearn,656811,239.89,2025-08-25,6,1,0,0,1,0,4,1,0,37,78,Unusable
Nick Gonzales,693304,239.92,2025-09-01,3,2,0,0,2,0,4,1,0,37,82,Unusable
Curtis Mead,678554,239.94,2025-08-25,2,3,0,0,0,1,4,1,0,37,78,Unusable
Kyle Teel,691019,239.94,2025-07-21,5,0,0,1,0,0,4,2,0,37,80,Unusable
Michael Massey,686681,239.99,2025-09-15,2,1,0,1,1,0,3,3,0,37,70,Unusable
Isaac Collins,686555,NA,2025-07-07,4,0,0,0,3,0,2,2,2,37,70,Unusable
Otto Lopez,672640,NA,2025-03-31,4,0,0,1,1,0,3,3,0,37,70,Unusable
Otto Lopez,672640,NA,2025-06-16,7,0,0,0,2,0,2,3,0,37,76,Unusable
Ivan Herrera,671056,NA,2025-06-02,4,1,0,1,1,0,1,2,0,37,70,Unusable
Henry Davis,680779,NA,2025-05-26,2,1,0,1,1,0,3,3,0,37,76,Unusable
Nick Fortes,663743,NA,2025-09-08,1,2,0,1,2,0,1,2,0,37,64,Unusable
Dalton Rushing,687221,NA,2025-09-22,3,1,0,1,0,0,3,3,0,37,58,Unusable
Edmundo Sosa,624641,NA,2025-06-30,0,1,1,1,1,0,3,2,0,37,70,Unusable
Andy Ibanez,628451,NA,2025-08-18,3,1,0,1,0,0,3,3,0,37,77,Unusable
Adrian Del Castillo,680728,NA,2025-08-04,1,2,0,1,0,0,2,4,0,37,73,Unusable
Jake Bauers,641343,NA,2025-04-21,4,0,0,1,1,0,3,3,0,37,68,Unusable
Elly De La Cruz,682829,5.23,2025-08-04,5,1,0,0,1,0,2,2,1,36,74,Unusable
Elly De La Cruz,682829,5.23,2025-09-01,2,1,1,0,2,0,2,3,0,36,83,Unusable
Gunnar Henderson,683002,12.24,2025-07-14,0,2,1,0,0,0,1,3,2,36,22,IF2
Mookie Betts,605141,16.08,2025-04-07,5,0,0,0,5,0,2,1,0,36,63,Unusable
Matt Olson,621566,21.79,2025-07-07,5,0,0,0,3,0,3,3,0,36,72,Unusable
Freddie Freeman,518692,26.39,2025-08-11,3,0,0,1,1,0,2,3,1,36,83,Unusable
Pete Alonso,624413,29.95,2025-06-09,2,2,0,0,2,2,1,2,0,36,87,Unusable
Corey Seager,608369,43.68,2025-06-16,2,1,0,1,1,1,2,2,0,36,78,Unusable
Oneil Cruz,665833,50.09,2025-07-28,1,1,0,1,1,0,3,4,0,36,84,Unusable
Ozzie Albies,645277,58.95,2025-06-02,3,1,0,0,5,0,1,2,0,36,71,Unusable
Ozzie Albies,645277,58.95,2025-07-21,3,0,0,0,5,0,2,2,1,36,82,Unusable
William Contreras,661388,61.55,2025-05-05,2,0,0,1,2,0,4,3,0,36,90,Unusable
Mark Vientos,668901,83.69,2025-04-07,2,1,0,0,6,0,1,2,0,36,63,Unusable
Josh Naylor,647304,89.6,2025-04-28,3,1,0,0,3,0,1,1,2,36,87,Unusable
Josh Naylor,647304,89.6,2025-08-25,7,0,0,0,1,0,3,1,1,36,82,Unusable
Matt McLain,680574,91.6,2025-03-24,0,1,0,2,0,0,3,2,0,36,27,IF3
Matt McLain,680574,91.6,2025-07-21,7,0,0,0,1,0,3,1,1,36,82,Unusable
Paul Goldschmidt,502671,117.94,2025-06-30,2,4,0,0,0,0,3,0,0,36,71,Unusable
Vinnie Pasquantino,686469,131.56,2025-05-12,5,0,0,1,1,0,2,2,0,36,79,Unusable
Gleyber Torres,650402,147.51,2025-05-26,3,0,0,0,7,0,3,0,0,36,80,Unusable
Cal Raleigh,663728,152.19,2025-07-28,4,0,0,1,2,0,2,2,0,36,84,Unusable
Xavier Edwards,669364,165.36,2025-04-14,8,0,0,0,1,1,1,2,0,36,74,Unusable
Xavier Edwards,669364,165.36,2025-06-02,4,1,0,0,2,0,4,2,0,36,71,Unusable
Rhys Hoskins,656555,172.72,2025-04-28,0,0,0,1,6,0,3,1,0,36,87,Unusable
Ryan McMahon,641857,172.9,2025-03-31,4,0,0,1,1,1,1,3,0,36,75,Unusable
Ryan McMahon,641857,172.9,2025-07-07,4,1,0,1,0,0,1,3,0,36,72,Unusable
Willson Contreras,575929,182.14,2025-08-04,4,0,0,1,2,0,2,2,0,36,74,Unusable
Salvador Perez,521692,194.19,2025-05-19,3,1,0,1,1,0,1,3,0,36,73,Unusable
Zach Neto,687263,202.06,2025-09-01,1,0,0,1,3,2,3,1,0,36,83,Unusable
Bryson Stott,681082,202.3,2025-06-30,1,0,0,1,3,0,2,3,1,36,71,Unusable
Carlos Correa,621043,209.38,2025-04-14,3,1,0,1,1,0,2,2,0,36,74,Unusable
Xander Bogaerts,593428,211.87,2025-03-31,5,0,0,0,3,0,2,2,1,36,75,Unusable
Zack Gelof,680869,225.25,2025-08-25,2,1,0,1,0,0,3,4,0,36,82,Unusable
Michael Busch,683737,226.9,2025-07-28,3,0,0,1,2,1,3,1,0,36,84,Unusable
Jake Cronenworth,630105,229.63,2025-07-07,2,2,0,0,3,1,2,1,0,36,72,Unusable
Yainer Diaz,673237,234.25,2025-07-21,4,3,0,0,0,0,2,1,0,36,82,Unusable
Austin Wells,669224,234.46,2025-03-24,0,0,0,2,2,0,2,3,0,36,27,IF3
Austin Wells,669224,234.46,2025-04-21,2,3,0,0,0,0,1,5,0,36,71,Unusable
Andrew Vaughn,683734,236.76,2025-07-21,2,2,0,1,0,0,2,2,0,36,82,Unusable
Carlos Santana,467793,237.36,2025-06-09,3,0,0,1,1,0,2,5,0,36,87,Unusable
Carlos Santana,467793,237.36,2025-06-23,2,0,0,1,4,0,3,1,0,36,78,Unusable
Jacob Wilson,805779,238.09,2025-09-22,1,2,0,0,2,1,2,4,0,36,62,Unusable
Tyler Soderstrom,691016,238.1,2025-05-12,1,2,0,1,1,0,1,3,0,36,79,Unusable
Tyler Soderstrom,691016,238.1,2025-06-09,3,0,0,0,5,0,3,1,1,36,87,Unusable
Gavin Lux,666158,238.36,2025-03-31,3,2,0,0,3,0,0,3,0,36,75,Unusable
Gavin Lux,666158,238.36,2025-04-07,2,2,0,0,4,0,1,2,0,36,63,Unusable
Trevor Story,596115,238.76,2025-07-21,3,2,0,0,1,0,1,3,1,36,82,Unusable
Ben Rice,700250,239.01,2025-09-01,4,0,0,1,0,0,4,3,0,36,83,Unusable
Thairo Estrada,642731,239.19,2025-06-02,4,3,0,0,0,0,1,2,0,36,71,Unusable
Willi Castro,650489,239.25,2025-04-07,4,2,0,0,1,1,2,1,0,36,63,Unusable
Willi Castro,650489,239.25,2025-09-08,5,0,0,0,5,0,3,0,0,36,66,Unusable
Nolan Schanuel,694384,239.52,2025-06-23,0,1,0,1,4,0,2,2,0,36,78,Unusable
Nolan Schanuel,694384,239.52,2025-08-04,3,0,0,1,0,1,4,3,0,36,74,Unusable
Josh Smith,669701,239.59,2025-07-28,4,0,1,0,2,0,4,1,0,36,84,Unusable
Adam Frazier,624428,239.6,2025-08-25,5,2,0,0,0,1,2,1,0,36,82,Unusable
Ty France,664034,239.69,2025-05-19,3,0,0,1,0,1,1,6,0,36,73,Unusable
Ty France,664034,239.69,2025-05-26,7,0,0,0,0,3,2,1,0,36,80,Unusable
Jeff McNeil,643446,239.75,2025-05-12,2,1,0,0,6,0,1,2,0,36,79,Unusable
Miguel Rojas,500743,239.78,2025-09-15,3,1,0,1,1,0,3,1,0,36,74,Unusable
Bo Naylor,666310,239.8,2025-05-12,0,1,0,1,4,0,3,1,0,36,79,Unusable
Bo Naylor,666310,239.8,2025-06-02,3,0,0,1,3,0,2,2,0,36,71,Unusable
Ryan O'Hearn,656811,239.89,2025-06-30,2,2,0,0,4,0,3,0,0,36,71,Unusable
Ryan O'Hearn,656811,239.89,2025-09-01,4,1,0,0,3,1,3,0,0,36,83,Unusable
Nick Gonzales,693304,239.92,2025-08-04,7,1,0,0,1,0,1,2,0,36,74,Unusable
Nick Gonzales,693304,239.92,2025-09-08,4,1,1,0,0,0,2,3,0,36,66,Unusable
Nolan Gorman,669357,239.92,2025-09-01,5,0,0,1,1,0,2,2,0,36,83,Unusable
Curtis Mead,678554,239.94,2025-08-04,5,0,0,0,2,1,0,4,1,36,74,Unusable
Kyle Teel,691019,239.94,2025-09-22,5,0,0,0,2,1,5,1,0,36,62,Unusable
Colson Montgomery,695657,239.98,2025-08-25,1,0,0,2,1,0,3,2,0,36,82,Unusable
Geraldo Perdomo,672695,240,2025-06-16,3,0,0,1,3,0,2,2,0,36,78,Unusable
Patrick Bailey,672275,240,2025-07-28,4,1,0,0,1,1,3,3,0,36,84,Unusable
Nick Kurtz,701762,NA,2025-09-15,2,1,0,1,1,1,3,1,0,36,74,Unusable
Javier Baez,595879,NA,2025-07-28,2,0,1,1,0,0,1,5,0,36,84,Unusable
Ernie Clement,676391,NA,2025-06-30,7,0,0,0,1,0,3,3,0,36,71,Unusable
Ernie Clement,676391,NA,2025-09-01,1,3,0,0,1,0,3,1,1,36,83,Unusable
Zach McKinstry,656716,NA,2025-03-31,5,0,0,0,3,0,3,1,1,36,75,Unusable
Miguel Amaya,665804,NA,2025-05-19,1,1,0,1,1,0,2,5,0,36,73,Unusable
Trey Sweeney,700242,NA,2025-05-12,4,0,0,1,0,0,1,6,0,36,79,Unusable
Alejandro Kirk,672386,NA,2025-06-02,5,1,0,0,1,0,2,4,0,36,71,Unusable
Alejandro Kirk,672386,NA,2025-07-07,6,0,0,0,2,0,2,4,0,36,72,Unusable
Austin Hedges,595978,NA,2025-09-01,1,0,0,2,1,0,3,2,0,36,83,Unusable
Andy Ibanez,628451,NA,2025-07-28,2,2,0,1,0,0,2,2,0,36,84,Unusable
Luis Urias,649966,NA,2025-07-21,3,0,0,1,3,0,2,2,0,36,82,Unusable
Thomas Saggese,695336,NA,2025-08-11,6,1,0,0,0,0,2,2,1,36,83,Unusable
Mookie Betts,605141,16.08,2025-06-16,3,1,0,0,2,0,2,3,1,35,80,Unusable
Matt Olson,621566,21.79,2025-07-14,1,1,0,1,2,0,2,3,0,35,23,IF2
Pete Alonso,624413,29.95,2025-06-16,5,0,0,1,2,0,1,1,0,35,80,Unusable
Ketel Marte,606466,37.6,2025-07-07,3,2,0,0,4,0,1,0,0,35,76,Unusable
Oneil Cruz,665833,50.09,2025-05-05,4,0,0,0,2,1,3,0,2,35,91,Unusable
Ozzie Albies,645277,58.95,2025-09-08,2,1,0,1,1,0,1,4,0,35,68,Unusable
Alex Bregman,608324,60.11,2025-09-01,2,2,0,0,1,0,4,3,0,35,90,Unusable
William Contreras,661388,61.55,2025-06-23,4,1,0,0,3,0,4,0,0,35,80,Unusable
Marcus Semien,543760,65.54,2025-03-31,2,0,0,1,3,0,2,3,0,35,79,Unusable
Marcus Semien,543760,65.54,2025-05-05,3,0,0,1,2,0,2,3,0,35,91,Unusable
Junior Caminero,691406,65.87,2025-06-23,2,1,0,1,1,0,4,1,0,35,80,Unusable
Christian Walker,572233,74.01,2025-05-12,1,1,0,1,2,0,1,4,0,35,84,Unusable
CJ Abrams,682928,79.08,2025-09-22,2,1,0,1,1,0,3,2,0,35,64,Unusable
Jose Altuve,514888,81.09,2025-08-11,2,0,0,1,3,0,2,1,1,35,85,Unusable
Mark Vientos,668901,83.69,2025-05-05,5,0,0,1,0,0,3,2,0,35,91,Unusable
Josh Naylor,647304,89.6,2025-05-19,3,1,1,0,0,0,3,3,0,35,76,Unusable
Adley Rutschman,668939,112.59,2025-06-09,4,1,0,0,3,0,3,1,0,35,90,Unusable
Jackson Holliday,702616,135.54,2025-04-14,2,0,0,1,3,0,1,4,0,35,76,Unusable
Jackson Holliday,702616,135.54,2025-04-21,4,0,0,0,3,2,2,0,1,35,72,Unusable
Alec Bohm,664761,148.29,2025-05-26,4,0,0,1,1,0,4,1,0,35,82,Unusable
Jonathan India,663697,164.42,2025-04-21,3,1,0,0,4,0,3,1,0,35,72,Unusable
Jonathan India,663697,164.42,2025-05-12,6,1,0,0,0,1,1,3,0,35,84,Unusable
Royce Lewis,668904,168.33,2025-07-28,5,2,0,0,0,0,2,2,0,35,91,Unusable
Luis Arraez,650333,168.81,2025-09-15,7,0,0,0,2,0,1,3,0,35,76,Unusable
Willson Contreras,575929,182.14,2025-07-28,1,1,0,1,2,0,3,2,0,35,91,Unusable
Willson Contreras,575929,182.14,2025-09-08,4,0,0,0,2,3,3,1,0,35,68,Unusable
Tommy Edman,669242,186.13,2025-06-23,1,3,0,0,2,0,4,0,0,35,80,Unusable
Josh Jung,673962,208.9,2025-04-28,6,0,0,0,3,0,2,2,0,35,89,Unusable
Carlos Correa,621043,209.38,2025-07-21,4,1,0,0,3,0,4,0,0,35,88,Unusable
Xander Bogaerts,593428,211.87,2025-08-18,1,2,0,0,1,1,2,5,0,35,80,Unusable
Will Smith,669257,215.77,2025-06-02,2,1,1,0,1,0,3,3,0,35,76,Unusable
Shea Langeliers,669127,226.05,2025-04-28,4,0,0,1,1,0,2,3,0,35,89,Unusable
Brice Turang,668930,230.59,2025-07-07,3,0,0,1,2,0,2,3,0,35,76,Unusable
Yainer Diaz,673237,234.25,2025-06-02,5,0,0,1,0,0,3,2,0,35,76,Unusable
Yainer Diaz,673237,234.25,2025-06-23,5,0,0,1,0,0,1,4,0,35,80,Unusable
Ryan Mountcastle,663624,234.73,2025-05-12,4,2,0,0,1,0,3,1,0,35,84,Unusable
Colt Keith,690993,235.65,2025-07-28,5,0,0,1,0,0,3,2,0,35,91,Unusable
Andrew Vaughn,683734,236.76,2025-09-22,2,2,0,0,3,0,2,2,0,35,64,Unusable
Kyle Manzardo,700932,237.05,2025-05-19,2,2,0,0,3,0,2,2,0,35,76,Unusable
Josh Bell,605137,238,2025-03-31,2,0,1,0,4,1,3,0,0,35,79,Unusable
Gavin Lux,666158,238.36,2025-05-05,3,1,0,0,4,0,1,3,0,35,91,Unusable
Gavin Lux,666158,238.36,2025-06-16,1,0,0,1,4,0,1,4,0,35,80,Unusable
Trevor Story,596115,238.76,2025-05-05,2,0,0,1,1,0,3,3,1,35,91,Unusable
Francisco Alvarez,682626,239.35,2025-09-15,2,1,0,1,0,1,2,3,0,35,76,Unusable
Nolan Schanuel,694384,239.52,2025-09-15,2,1,0,1,1,0,2,3,0,35,76,Unusable
DJ LeMahieu,518934,239.58,2025-06-30,7,0,0,0,2,0,3,1,0,35,75,Unusable
Josh Smith,669701,239.59,2025-04-07,5,1,0,0,2,0,3,1,0,35,67,Unusable
Adam Frazier,624428,239.6,2025-09-01,1,1,0,1,2,0,3,2,0,35,90,Unusable
Adam Frazier,624428,239.6,2025-09-22,5,1,0,0,2,0,1,3,0,35,64,Unusable
Jonathan Aranda,666018,239.63,2025-05-05,8,0,0,0,1,0,3,1,0,35,91,Unusable
Ty France,664034,239.69,2025-06-09,4,0,0,1,1,0,3,2,0,35,90,Unusable
Oswaldo Cabrera,665828,239.74,2025-04-21,5,1,0,0,2,0,1,3,0,35,72,Unusable
Miguel Rojas,500743,239.78,2025-07-21,1,1,0,0,6,0,2,0,1,35,88,Unusable
Luis Rengifo,650859,239.81,2025-04-07,4,2,0,0,1,0,3,1,0,35,67,Unusable
Spencer Horwitz,687462,239.83,2025-06-30,3,1,0,1,0,0,1,4,0,35,75,Unusable
Elias Diaz,553869,239.91,2025-05-05,4,2,0,0,1,0,4,0,0,35,91,Unusable
Elias Diaz,553869,239.91,2025-06-09,0,1,0,1,3,0,4,1,0,35,90,Unusable
Caleb Durbin,702332,239.92,2025-06-09,5,0,0,0,2,2,4,0,0,35,90,Unusable
Nick Gonzales,693304,239.92,2025-07-14,2,2,0,0,3,0,2,2,0,35,23,IF2
Nolan Gorman,669357,239.92,2025-08-04,3,0,0,1,2,0,2,3,0,35,79,Unusable
Kyle Teel,691019,239.94,2025-09-08,3,0,0,1,2,0,2,3,0,35,68,Unusable
Jorge Polanco,593871,239.99,2025-09-15,4,2,0,0,1,0,2,2,0,35,76,Unusable
Ke'Bryan Hayes,663647,240,2025-08-25,3,0,0,1,2,0,2,3,0,35,86,Unusable
Nick Kurtz,701762,NA,2025-04-28,5,0,1,0,2,0,1,2,0,35,89,Unusable
Yoan Moncada,660162,NA,2025-07-07,3,0,0,1,2,0,3,2,0,35,76,Unusable
Christian Moore,695681,NA,2025-06-16,3,0,1,1,0,0,3,1,0,35,80,Unusable
Otto Lopez,672640,NA,2025-05-19,3,0,0,0,4,0,2,1,2,35,76,Unusable
Otto Lopez,672640,NA,2025-09-08,7,0,0,0,0,0,2,3,1,35,68,Unusable
Gabriel Arias,672356,NA,2025-06-23,2,1,0,1,1,0,1,4,0,35,80,Unusable
David Hamilton,666152,NA,2025-08-18,3,0,1,0,2,0,4,0,1,35,80,Unusable
Ezequiel Duran,677649,NA,2025-08-04,7,1,0,0,0,0,2,2,0,35,79,Unusable
Ezequiel Duran,677649,NA,2025-09-01,3,2,0,0,2,0,2,0,1,35,90,Unusable
Jonah Heim,641680,NA,2025-05-05,3,0,0,1,1,1,3,2,0,35,91,Unusable
Jonah Heim,641680,NA,2025-06-30,3,2,0,0,2,0,2,2,0,35,75,Unusable
Miguel Amaya,665804,NA,2025-03-24,1,3,0,0,0,0,1,6,0,35,29,IF3
Travis d'Arnaud,518595,NA,2025-06-23,2,1,0,1,1,0,1,4,0,35,80,Unusable
Luis Urias,649966,NA,2025-05-05,5,0,0,1,1,1,1,1,0,35,91,Unusable
Luis Urias,649966,NA,2025-05-26,2,2,0,0,3,0,2,2,0,35,82,Unusable
Jake Bauers,641343,NA,2025-09-08,2,1,0,1,1,0,3,2,0,35,68,Unusable
Jorge Mateo,622761,NA,2025-05-19,2,1,0,0,1,0,4,0,3,35,76,Unusable
Thomas Saggese,695336,NA,2025-08-18,5,0,0,0,2,0,3,2,1,35,80,Unusable
Jose Iglesias,578428,NA,2025-04-14,5,2,0,0,0,0,0,2,1,35,76,Unusable
Jose Ramirez,608070,8.37,2025-06-16,6,1,0,0,2,0,0,2,0,34,84,Unusable
Bryce Harper,547180,27.32,2025-04-21,1,1,0,0,5,0,1,2,1,34,75,Unusable
Trea Turner,607208,35.91,2025-04-21,6,0,0,0,2,0,1,4,0,34,75,Unusable
Ozzie Albies,645277,58.95,2025-07-07,2,1,0,1,2,0,2,1,0,34,79,Unusable
Junior Caminero,691406,65.87,2025-04-21,3,2,0,0,1,0,2,1,1,34,75,Unusable
CJ Abrams,682928,79.08,2025-08-04,4,0,0,1,0,0,3,3,0,34,81,Unusable
CJ Abrams,682928,79.08,2025-08-18,2,0,0,1,1,1,4,2,0,34,83,Unusable
Jose Altuve,514888,81.09,2025-07-14,2,2,0,0,2,0,4,1,0,34,25,IF3
Matt Chapman,656305,93.14,2025-07-28,0,0,1,0,5,1,3,1,0,34,94,Unusable
Ezequiel Tovar,678662,111.22,2025-08-25,3,0,0,1,3,0,2,1,0,34,87,Unusable
Jake Burger,669394,115.47,2025-03-31,0,0,0,2,0,0,2,5,0,34,81,Unusable
Dansby Swanson,621020,124.49,2025-04-07,2,0,0,1,0,0,2,5,1,34,69,Unusable
Anthony Volpe,683011,135.32,2025-06-16,2,0,0,1,2,0,2,2,1,34,84,Unusable
Jackson Holliday,702616,135.54,2025-03-24,3,0,0,1,1,0,3,1,1,34,30,IF3
Jackson Holliday,702616,135.54,2025-03-31,4,1,1,0,0,0,1,3,0,34,81,Unusable
Jackson Holliday,702616,135.54,2025-07-28,5,0,0,0,1,0,3,1,2,34,94,Unusable
Michael Toglia,669911,138.78,2025-04-28,1,1,0,1,3,0,1,2,0,34,92,Unusable
Alec Bohm,664761,148.29,2025-07-07,4,0,0,0,3,1,4,1,0,34,79,Unusable
Cal Raleigh,663728,152.19,2025-06-09,3,1,0,0,4,1,1,1,0,34,94,Unusable
Jonathan India,663697,164.42,2025-06-16,2,1,0,1,0,0,2,4,0,34,84,Unusable
Xavier Edwards,669364,165.36,2025-06-09,6,0,0,0,4,0,1,1,0,34,94,Unusable
Luis Arraez,650333,168.81,2025-05-12,7,1,0,0,1,0,2,0,0,34,87,Unusable
Ryan McMahon,641857,172.9,2025-04-07,2,1,0,1,2,0,2,1,0,34,69,Unusable
Ryan McMahon,641857,172.9,2025-04-14,1,1,0,0,7,0,2,0,0,34,78,Unusable
Willson Contreras,575929,182.14,2025-04-14,4,1,0,0,2,0,2,1,1,34,78,Unusable
Tommy Edman,669242,186.13,2025-06-02,4,1,0,0,0,0,3,3,1,34,78,Unusable
Zach Neto,687263,202.06,2025-06-23,3,0,0,1,0,1,2,2,1,34,86,Unusable
Bryson Stott,681082,202.3,2025-07-28,3,1,0,0,3,0,1,2,1,34,94,Unusable
Josh Jung,673962,208.9,2025-08-04,3,0,0,1,1,0,2,4,0,34,81,Unusable
Josh Jung,673962,208.9,2025-08-18,3,0,0,1,1,0,4,2,0,34,83,Unusable
Carlos Correa,621043,209.38,2025-04-21,5,1,0,0,1,0,2,3,0,34,75,Unusable
Carlos Correa,621043,209.38,2025-07-07,4,3,0,0,0,0,1,1,0,34,79,Unusable
Xander Bogaerts,593428,211.87,2025-06-30,6,1,0,0,2,0,2,0,0,34,78,Unusable
Michael Busch,683737,226.9,2025-06-09,1,2,0,1,1,0,2,1,0,34,94,Unusable
Jake Cronenworth,630105,229.63,2025-06-02,6,0,0,0,3,1,1,1,0,34,78,Unusable
Brice Turang,668930,230.59,2025-09-08,3,0,0,1,1,0,2,2,1,34,73,Unusable
Austin Wells,669224,234.46,2025-09-15,4,1,0,0,2,0,3,2,0,34,80,Unusable
Ryan Mountcastle,663624,234.73,2025-04-28,2,1,0,1,0,0,2,4,0,34,92,Unusable
Colt Keith,690993,235.65,2025-08-18,1,1,0,1,1,0,2,2,1,34,83,Unusable
Carlos Santana,467793,237.36,2025-08-04,2,1,0,0,2,0,3,5,0,34,81,Unusable
Hyeseong Kim,808975,238.24,2025-07-07,4,1,0,0,0,0,1,1,3,34,79,Unusable
Josh Smith,669701,239.59,2025-06-02,5,1,0,0,1,0,3,0,1,34,78,Unusable
Adam Frazier,624428,239.6,2025-06-09,6,0,0,0,0,0,3,3,1,34,94,Unusable
Maikel Garcia,672580,239.72,2025-07-07,3,2,0,0,1,0,4,1,0,34,79,Unusable
Sean Murphy,669221,239.72,2025-05-26,2,0,0,1,4,0,1,2,0,34,84,Unusable
Ryan O'Hearn,656811,239.89,2025-03-24,4,2,0,0,2,0,2,0,0,34,30,IF3
Nolan Gorman,669357,239.92,2025-07-07,2,0,0,1,2,0,4,2,0,34,79,Unusable
Brooks Lee,686797,239.95,2025-08-04,4,0,0,1,2,0,2,1,0,34,81,Unusable
Colson Montgomery,695657,239.98,2025-08-11,2,1,0,1,0,0,3,3,0,34,86,Unusable
Jorge Polanco,593871,239.99,2025-03-31,3,0,0,1,1,0,1,5,0,34,81,Unusable
Jorge Polanco,593871,239.99,2025-06-02,5,1,0,0,1,0,2,1,1,34,78,Unusable
Jorge Polanco,593871,239.99,2025-08-18,2,0,0,1,2,0,3,1,1,34,83,Unusable
Geraldo Perdomo,672695,240,2025-03-24,4,1,0,0,0,0,1,5,1,34,30,IF3
Ke'Bryan Hayes,663647,240,2025-05-26,3,0,0,0,3,0,3,3,1,34,84,Unusable
Gabriel Moreno,672515,NA,2025-08-18,2,1,0,1,0,0,2,4,0,34,83,Unusable
Yoan Moncada,660162,NA,2025-03-31,1,2,0,0,3,0,3,2,0,34,81,Unusable
Matt Mervis,670223,NA,2025-04-14,0,1,0,1,3,1,2,1,0,34,78,Unusable
Orlando Arcia,606115,NA,2025-07-28,3,1,0,1,1,0,1,2,0,34,94,Unusable
Otto Lopez,672640,NA,2025-06-30,2,0,0,1,2,0,2,4,0,34,78,Unusable
Otto Lopez,672640,NA,2025-07-28,6,0,0,0,1,1,2,1,1,34,94,Unusable
Ivan Herrera,671056,NA,2025-07-28,4,1,0,0,2,2,2,0,0,34,94,Unusable
Gabriel Arias,672356,NA,2025-06-02,3,3,0,0,0,1,1,1,0,34,78,Unusable
Jacob Stallings,607732,NA,2025-04-14,1,1,0,0,3,2,3,2,0,34,78,Unusable
Trey Sweeney,700242,NA,2025-04-21,3,0,0,0,5,0,5,0,0,34,75,Unusable
Alejandro Kirk,672386,NA,2025-04-07,2,1,0,1,2,0,1,2,0,34,69,Unusable
Alejandro Kirk,672386,NA,2025-05-05,7,1,0,0,1,0,1,1,0,34,100,Unusable
Alejandro Kirk,672386,NA,2025-05-12,4,0,0,1,0,0,1,5,0,34,87,Unusable
Ramon Urias,602104,NA,2025-06-02,3,1,0,0,3,0,4,1,0,34,78,Unusable
Kyle Farmer,571657,NA,2025-03-31,3,3,0,0,1,0,1,1,0,34,81,Unusable
Tyler Wade,642180,NA,2025-04-21,2,1,1,0,4,0,1,0,0,34,75,Unusable
Richie Palacios,680700,NA,2025-09-08,2,0,0,1,2,0,2,2,1,34,73,Unusable
Elly De La Cruz,682829,5.23,2025-09-08,4,0,0,0,1,0,1,2,3,33,75,Unusable
Trea Turner,607208,35.91,2025-07-07,2,1,0,0,3,0,1,1,2,33,85,Unusable
Ketel Marte,606466,37.6,2025-05-26,4,0,0,0,4,1,2,1,0,33,86,Unusable
Alex Bregman,608324,60.11,2025-04-07,4,1,0,0,1,2,1,2,0,33,72,Unusable
Jose Altuve,514888,81.09,2025-08-18,4,2,0,0,1,0,3,0,0,33,88,Unusable
Matt Chapman,656305,93.14,2025-07-07,4,1,0,0,1,0,5,1,0,33,85,Unusable
Matt Chapman,656305,93.14,2025-09-15,1,1,0,0,4,0,3,3,0,33,81,Unusable
Jordan Westburg,676059,108.66,2025-04-14,0,2,0,1,1,0,3,1,0,33,82,Unusable
Paul Goldschmidt,502671,117.94,2025-03-31,5,1,0,0,2,0,2,1,0,33,86,Unusable
Anthony Volpe,683011,135.32,2025-06-09,4,2,0,0,1,0,1,2,0,33,98,Unusable
Xavier Edwards,669364,165.36,2025-03-24,2,1,0,0,3,0,2,2,1,33,33,IF3
Luis Arraez,650333,168.81,2025-05-19,1,3,1,0,0,0,1,1,0,33,80,Unusable
Luis Arraez,650333,168.81,2025-08-25,4,1,0,0,1,0,2,2,1,33,88,Unusable
Ryan McMahon,641857,172.9,2025-09-22,2,0,0,1,2,1,3,1,0,33,67,Unusable
Tommy Edman,669242,186.13,2025-03-24,1,0,0,2,0,0,3,2,0,33,33,IF3
Bryson Stott,681082,202.3,2025-08-25,4,0,0,0,3,0,1,1,2,33,88,Unusable
Josh Jung,673962,208.9,2025-09-22,3,2,0,0,2,0,2,1,0,33,67,Unusable
Carlos Correa,621043,209.38,2025-07-28,4,0,0,1,1,0,3,1,0,33,100,Unusable
Nico Hoerner,663538,212.11,2025-04-28,5,1,0,0,2,0,2,1,0,33,94,Unusable
Michael Busch,683737,226.9,2025-07-07,3,0,0,1,2,0,1,3,0,33,85,Unusable
Matt Shaw,807713,227.33,2025-09-01,3,1,0,0,4,0,0,1,1,33,93,Unusable
Jake Cronenworth,630105,229.63,2025-03-24,1,1,0,1,2,0,3,1,0,33,33,IF3
Yainer Diaz,673237,234.25,2025-07-07,3,0,0,1,2,0,1,1,1,33,85,Unusable
Colt Keith,690993,235.65,2025-08-04,4,1,0,0,3,0,3,0,0,33,85,Unusable
Connor Norby,681393,237.78,2025-08-25,1,2,0,0,2,0,3,3,0,33,88,Unusable
Josh Bell,605137,238,2025-08-11,3,0,0,1,2,0,2,2,0,33,87,Unusable
Gavin Lux,666158,238.36,2025-05-12,4,2,0,0,1,0,2,1,0,33,89,Unusable
Gavin Lux,666158,238.36,2025-07-28,4,1,0,0,3,0,2,1,0,33,100,Unusable
Gavin Lux,666158,238.36,2025-08-04,4,2,0,0,1,0,3,0,0,33,85,Unusable
Trevor Story,596115,238.76,2025-04-21,4,0,0,0,3,0,4,2,0,33,81,Unusable
Coby Mayo,691723,239.19,2025-08-11,1,1,0,1,2,0,3,1,0,33,87,Unusable
Justin Turner,457759,239.35,2025-05-19,3,1,0,1,0,0,2,2,0,33,80,Unusable
Brett Baty,683146,239.56,2025-06-02,3,0,0,1,2,0,1,3,0,33,84,Unusable
Keibert Ruiz,660688,239.6,2025-04-21,3,2,0,0,2,0,1,2,0,33,81,Unusable
Jonathan Aranda,666018,239.63,2025-05-12,3,0,0,1,2,0,1,3,0,33,89,Unusable
Oswaldo Cabrera,665828,239.74,2025-05-05,0,2,0,0,3,0,3,3,0,33,101,Unusable
Luis Rengifo,650859,239.81,2025-09-08,4,0,0,0,1,0,1,4,2,33,75,Unusable
Tyler Stephenson,663886,239.91,2025-05-05,3,1,0,0,4,0,1,2,0,33,101,Unusable
Caleb Durbin,702332,239.92,2025-04-28,3,1,0,0,1,1,1,5,0,33,94,Unusable
Caleb Durbin,702332,239.92,2025-07-07,4,1,0,0,2,1,2,1,0,33,85,Unusable
Nick Gonzales,693304,239.92,2025-07-07,2,0,0,1,3,0,2,2,0,33,85,Unusable
Nick Gonzales,693304,239.92,2025-08-18,6,1,0,0,1,0,3,0,0,33,88,Unusable
Jorge Polanco,593871,239.99,2025-06-16,3,1,0,0,2,0,3,1,1,33,87,Unusable
Jorge Polanco,593871,239.99,2025-08-04,4,0,0,0,3,0,2,2,1,33,85,Unusable
Michael Massey,686681,239.99,2025-04-28,3,1,0,1,0,0,1,3,0,33,94,Unusable
Michael Massey,686681,239.99,2025-08-25,5,2,0,0,0,0,1,2,0,33,88,Unusable
Ke'Bryan Hayes,663647,240,2025-07-21,5,1,0,0,0,0,3,3,0,33,90,Unusable
Patrick Bailey,672275,240,2025-06-23,1,1,1,0,1,1,1,4,0,33,87,Unusable
Gabriel Moreno,672515,NA,2025-05-05,3,0,0,1,0,0,1,4,1,33,101,Unusable
Enrique Hernandez,571771,NA,2025-03-31,0,0,0,2,1,0,2,3,0,33,86,Unusable
Otto Lopez,672640,NA,2025-04-07,0,3,0,0,3,0,2,1,0,33,72,Unusable
Otto Lopez,672640,NA,2025-04-14,3,2,0,0,2,0,2,1,0,33,82,Unusable
Kyle Higashioka,543309,NA,2025-04-14,3,1,0,1,0,0,1,3,0,33,82,Unusable
Jonah Heim,641680,NA,2025-04-07,3,0,0,1,0,0,1,4,1,33,72,Unusable
Zach McKinstry,656716,NA,2025-04-28,3,2,0,0,0,0,2,2,1,33,94,Unusable
Rowdy Tellez,642133,NA,2025-08-11,2,0,0,1,3,0,3,1,0,33,87,Unusable
David Fry,681807,NA,2025-07-14,1,1,0,1,0,0,1,6,0,33,26,IF3
Edmundo Sosa,624641,NA,2025-05-19,4,0,0,1,1,0,2,2,0,33,80,Unusable
Alejandro Kirk,672386,NA,2025-06-30,3,0,0,0,6,0,1,2,0,33,80,Unusable
Gio Urshela,570482,NA,2025-07-21,3,2,0,0,2,0,2,1,0,33,90,Unusable
Gio Urshela,570482,NA,2025-08-04,5,2,0,0,0,0,1,2,0,33,85,Unusable
Pedro Pages,686780,NA,2025-06-02,3,0,0,1,2,0,2,2,0,33,84,Unusable
Matt Olson,621566,21.79,2025-09-22,1,1,0,1,1,0,3,2,0,32,69,Unusable
Rafael Devers,646240,35.39,2025-04-07,3,2,0,0,3,0,0,1,0,32,75,Unusable
Ketel Marte,606466,37.6,2025-08-18,4,1,0,0,2,0,2,2,0,32,90,Unusable
Christian Walker,572233,74.01,2025-05-26,2,0,0,1,1,1,2,3,0,32,87,Unusable
Christian Walker,572233,74.01,2025-06-02,3,0,0,1,1,0,2,3,0,32,86,Unusable
Willy Adames,642715,76.34,2025-04-07,2,1,0,0,4,0,4,0,0,32,75,Unusable
Jose Altuve,514888,81.09,2025-06-23,2,0,0,1,2,0,3,2,0,32,88,Unusable
Jose Altuve,514888,81.09,2025-09-22,3,1,0,0,3,0,2,2,0,32,69,Unusable
Josh Naylor,647304,89.6,2025-06-23,1,1,0,1,1,0,1,4,0,32,88,Unusable
Matt Chapman,656305,93.14,2025-09-22,2,2,0,0,2,0,3,1,0,32,69,Unusable
Vinnie Pasquantino,686469,131.56,2025-04-21,2,0,0,1,2,0,3,2,0,32,83,Unusable
Alec Bohm,664761,148.29,2025-04-28,4,1,0,0,1,1,2,2,0,32,98,Unusable
Jonathan India,663697,164.42,2025-06-09,2,1,0,1,2,0,1,1,0,32,99,Unusable
Nathaniel Lowe,663993,192.46,2025-07-21,2,1,0,0,4,0,4,0,0,32,92,Unusable
Bryson Stott,681082,202.3,2025-09-22,4,0,0,1,0,0,2,1,1,32,69,Unusable
Carlos Correa,621043,209.38,2025-04-28,6,1,0,0,0,0,3,1,0,32,98,Unusable
Carlos Correa,621043,209.38,2025-06-09,4,2,0,0,0,0,2,2,0,32,99,Unusable
Shea Langeliers,669127,226.05,2025-04-07,2,2,0,0,2,0,3,1,0,32,75,Unusable
Matt Shaw,807713,227.33,2025-03-24,1,1,0,1,1,0,4,1,0,32,36,IF3
Jake Cronenworth,630105,229.63,2025-05-19,1,1,0,1,3,0,1,1,0,32,83,Unusable
Colt Keith,690993,235.65,2025-05-12,2,2,0,0,2,0,4,0,0,32,91,Unusable
Andrew Vaughn,683734,236.76,2025-04-28,5,1,0,0,1,0,1,3,0,32,98,Unusable
Joey Ortiz,687401,237.06,2025-07-14,2,1,0,1,0,0,3,2,0,32,27,IF3
Tyler Fitzgerald,666149,237.85,2025-06-09,3,1,0,0,2,1,0,2,1,32,99,Unusable
Josh Bell,605137,238,2025-09-01,0,1,0,1,2,0,2,3,0,32,94,Unusable
Tyler Soderstrom,691016,238.1,2025-09-15,5,1,0,0,1,0,2,2,0,32,82,Unusable
Hyeseong Kim,808975,238.24,2025-06-02,4,0,1,0,0,0,0,2,2,32,86,Unusable
Gavin Lux,666158,238.36,2025-09-08,0,0,1,0,6,0,3,0,0,32,77,Unusable
Gavin Lux,666158,238.36,2025-09-22,3,2,0,0,1,0,2,2,0,32,69,Unusable
Willi Castro,650489,239.25,2025-06-23,1,1,0,0,2,1,2,3,1,32,88,Unusable
Willi Castro,650489,239.25,2025-07-28,2,0,1,0,0,2,4,0,1,32,102,Unusable
Willi Castro,650489,239.25,2025-08-18,3,0,0,1,0,1,2,3,0,32,90,Unusable
Nolan Schanuel,694384,239.52,2025-04-28,4,1,0,0,2,0,3,1,0,32,98,Unusable
Brett Baty,683146,239.56,2025-07-14,3,0,0,1,1,0,2,1,1,32,27,IF3
Jonathan Aranda,666018,239.63,2025-06-30,5,1,0,0,1,0,1,3,0,32,81,Unusable
Ty France,664034,239.69,2025-03-31,4,1,0,0,1,1,2,2,0,32,88,Unusable
Sean Murphy,669221,239.72,2025-07-14,3,1,0,0,3,0,4,0,0,32,27,IF3
Jeff McNeil,643446,239.75,2025-05-19,1,1,1,0,3,0,1,2,0,32,83,Unusable
Miguel Rojas,500743,239.78,2025-08-25,3,2,0,0,1,0,1,3,0,32,92,Unusable
Noelvi Marte,682622,239.78,2025-09-15,5,0,0,0,1,0,3,0,2,32,82,Unusable
Spencer Horwitz,687462,239.83,2025-05-26,4,1,0,0,2,0,2,2,0,32,87,Unusable
Spencer Horwitz,687462,239.83,2025-06-23,4,1,0,0,2,0,2,2,0,32,88,Unusable
Ryan O'Hearn,656811,239.89,2025-06-09,1,1,0,1,0,1,2,3,0,32,99,Unusable
Ryan O'Hearn,656811,239.89,2025-09-15,6,1,0,0,0,0,0,4,0,32,82,Unusable
Tyler Stephenson,663886,239.91,2025-07-14,1,1,0,1,1,0,2,3,0,32,27,IF3
Will Wagner,695238,239.98,2025-06-30,1,2,0,0,3,0,4,0,0,32,81,Unusable
Geraldo Perdomo,672695,240,2025-05-26,3,0,0,0,2,1,3,4,0,32,87,Unusable
Geraldo Perdomo,672695,240,2025-06-02,1,1,0,1,1,0,3,2,0,32,86,Unusable
Patrick Bailey,672275,240,2025-03-31,1,2,0,0,3,0,3,1,0,32,88,Unusable
Gabriel Moreno,672515,NA,2025-04-28,4,1,0,0,1,1,4,0,0,32,98,Unusable
Brayan Rocchio,677587,NA,2025-08-18,3,0,0,1,1,0,2,3,0,32,90,Unusable
Joey Bart,663698,NA,2025-07-28,2,0,0,0,5,1,2,2,0,32,102,Unusable
Otto Lopez,672640,NA,2025-08-04,4,1,0,0,2,0,3,1,0,32,89,Unusable
Gabriel Arias,672356,NA,2025-09-01,3,0,0,1,1,0,2,3,0,32,94,Unusable
Gabriel Arias,672356,NA,2025-09-22,1,1,1,0,3,0,1,2,0,32,69,Unusable
Javier Baez,595879,NA,2025-08-04,4,1,0,0,0,0,3,2,1,32,89,Unusable
Ernie Clement,676391,NA,2025-05-19,3,0,0,0,4,1,3,1,0,32,83,Unusable
Zach McKinstry,656716,NA,2025-06-16,3,0,0,1,1,0,1,2,1,32,88,Unusable
Rowdy Tellez,642133,NA,2025-09-15,3,0,0,1,1,0,2,3,0,32,82,Unusable
David Fry,681807,NA,2025-06-02,2,0,0,1,2,0,1,2,1,32,86,Unusable
Miguel Amaya,665804,NA,2025-04-21,3,0,0,1,1,0,3,2,0,32,83,Unusable
Alejandro Kirk,672386,NA,2025-07-21,1,4,0,0,1,0,0,1,0,32,92,Unusable
Agustin Ramirez,682663,NA,2025-05-19,3,0,0,1,1,0,4,1,0,32,83,Unusable
Andy Ibanez,628451,NA,2025-04-14,1,1,0,1,1,0,2,3,0,32,85,Unusable
Ramon Urias,602104,NA,2025-05-26,6,0,0,0,2,0,2,2,0,32,87,Unusable
Kyle Farmer,571657,NA,2025-08-11,4,0,0,1,0,0,2,3,0,32,90,Unusable
Josh Rojas,668942,NA,2025-06-02,2,2,0,0,2,0,3,1,0,32,86,Unusable
Gio Urshela,570482,NA,2025-04-28,2,3,0,0,0,0,1,3,0,32,98,Unusable
Jake Bauers,641343,NA,2025-05-26,0,1,0,1,2,0,2,3,0,32,87,Unusable
Jake Bauers,641343,NA,2025-09-15,4,1,0,0,1,1,2,0,1,32,82,Unusable
Elly De La Cruz,682829,5.23,2025-06-30,6,0,0,0,1,0,2,3,0,31,83,Unusable
Gunnar Henderson,683002,12.24,2025-09-01,2,0,0,0,3,2,3,0,1,31,96,Unusable
Mookie Betts,605141,16.08,2025-04-21,3,1,0,0,2,0,3,2,0,31,85,Unusable
Ozzie Albies,645277,58.95,2025-03-31,4,1,0,0,1,0,3,2,0,31,90,Unusable
William Contreras,661388,61.55,2025-06-30,3,2,0,0,2,0,1,1,0,31,83,Unusable
Willy Adames,642715,76.34,2025-07-14,1,0,0,2,0,0,2,2,0,31,31,IF3
CJ Abrams,682928,79.08,2025-04-21,3,0,1,0,0,0,2,3,1,31,85,Unusable
Matt McLain,680574,91.6,2025-06-23,4,0,0,0,2,1,4,1,0,31,92,Unusable
Matt Chapman,656305,93.14,2025-05-19,2,0,0,1,3,0,2,1,0,31,87,Unusable
Jordan Westburg,676059,108.66,2025-06-16,3,1,0,0,2,0,3,0,1,31,89,Unusable
Adley Rutschman,668939,112.59,2025-05-12,3,2,0,0,1,1,2,0,0,31,92,Unusable
Dansby Swanson,621020,124.49,2025-08-11,2,2,0,0,1,0,1,2,1,31,91,Unusable
Jackson Holliday,702616,135.54,2025-05-05,4,1,0,0,3,0,1,1,0,31,104,Unusable
Yandy Diaz,650490,154.91,2025-08-04,2,1,0,0,3,0,3,2,0,31,91,Unusable
Max Muncy,571970,161.48,2025-05-19,3,0,0,0,5,1,0,2,0,31,87,Unusable
Jonathan India,663697,164.42,2025-09-08,3,2,0,0,1,1,1,1,0,31,78,Unusable
Royce Lewis,668904,168.33,2025-07-07,4,1,0,0,1,0,3,2,0,31,91,Unusable
Luis Arraez,650333,168.81,2025-09-08,7,0,0,0,0,0,2,1,1,31,78,Unusable
Ryan McMahon,641857,172.9,2025-05-12,3,1,0,0,4,0,2,0,0,31,92,Unusable
Zach Neto,687263,202.06,2025-04-14,0,1,0,1,0,1,3,3,0,31,86,Unusable
Bryson Stott,681082,202.3,2025-04-28,4,0,0,0,1,0,3,1,2,31,104,Unusable
Carlos Correa,621043,209.38,2025-03-31,3,1,0,0,2,0,3,2,0,31,90,Unusable
Carlos Correa,621043,209.38,2025-07-14,2,1,0,0,5,0,1,1,0,31,31,IF3
Carlos Correa,621043,209.38,2025-09-15,5,2,0,0,0,0,2,0,0,31,87,Unusable
Will Smith,669257,215.77,2025-08-18,4,0,0,0,1,2,1,4,0,31,93,Unusable
Michael Busch,683737,226.9,2025-05-12,4,0,0,0,1,2,2,1,1,31,92,Unusable
Yainer Diaz,673237,234.25,2025-05-12,3,1,0,1,0,0,2,1,0,31,92,Unusable
Austin Wells,669224,234.46,2025-08-18,1,0,0,2,0,0,2,2,0,31,93,Unusable
Colt Keith,690993,235.65,2025-06-09,3,2,0,0,2,0,1,1,0,31,103,Unusable
Colt Keith,690993,235.65,2025-06-23,4,0,1,0,0,1,3,1,0,31,92,Unusable
Andrew Vaughn,683734,236.76,2025-08-25,5,0,0,0,2,0,2,3,0,31,93,Unusable
Kyle Manzardo,700932,237.05,2025-09-22,1,2,0,1,0,0,1,2,0,31,75,Unusable
Joey Ortiz,687401,237.06,2025-09-15,5,0,1,0,0,0,1,1,1,31,87,Unusable
Tyler Fitzgerald,666149,237.85,2025-04-07,4,1,0,0,1,0,0,1,2,31,78,Unusable
Spencer Torkelson,679529,237.98,2025-05-26,2,0,0,1,3,0,1,2,0,31,92,Unusable
Christopher Morel,666624,238.29,2025-04-14,3,1,0,0,2,0,3,2,0,31,86,Unusable
Christopher Morel,666624,238.29,2025-08-18,3,1,0,1,0,0,2,1,0,31,93,Unusable
Gavin Lux,666158,238.36,2025-09-15,5,2,0,0,0,0,1,1,0,31,87,Unusable
Willi Castro,650489,239.25,2025-06-16,3,0,0,0,3,1,5,0,0,31,89,Unusable
Brett Baty,683146,239.56,2025-07-07,2,1,0,0,3,0,2,1,1,31,91,Unusable
Jeimer Candelario,600869,239.7,2025-04-14,0,1,0,1,3,0,2,1,0,31,86,Unusable
Sean Murphy,669221,239.72,2025-04-14,1,0,0,1,2,2,1,2,0,31,86,Unusable
Sean Murphy,669221,239.72,2025-07-28,1,1,0,0,6,0,1,1,0,31,104,Unusable
Casey Schmitt,669477,239.77,2025-09-15,2,0,0,1,3,0,2,1,0,31,87,Unusable
Noelvi Marte,682622,239.78,2025-04-28,3,0,1,0,2,0,2,2,0,31,104,Unusable
Luis Rengifo,650859,239.81,2025-08-25,3,0,0,0,4,0,1,0,2,31,93,Unusable
Jordan Lawlar,691783,239.81,2025-09-08,0,3,0,0,0,1,2,1,1,31,78,Unusable
Tyler Stephenson,663886,239.91,2025-08-04,0,2,0,1,1,0,1,2,0,31,91,Unusable
Nick Gonzales,693304,239.92,2025-06-09,7,0,0,0,2,0,2,0,0,31,103,Unusable
Nolan Gorman,669357,239.92,2025-06-02,2,1,0,1,1,0,1,2,0,31,91,Unusable
Colson Montgomery,695657,239.98,2025-09-15,5,0,0,0,4,0,2,0,0,31,87,Unusable
Ke'Bryan Hayes,663647,240,2025-05-12,3,0,1,0,2,0,1,1,1,31,92,Unusable
Joey Bart,663698,NA,2025-03-24,4,0,0,0,2,1,2,1,1,31,37,IF4
Otto Lopez,672640,NA,2025-07-14,1,2,0,0,2,0,1,4,0,31,31,IF3
Ernie Clement,676391,NA,2025-08-11,1,1,0,1,0,0,2,4,0,31,91,Unusable
Ernie Clement,676391,NA,2025-08-25,4,1,0,0,0,1,2,1,1,31,93,Unusable
Zach McKinstry,656716,NA,2025-03-24,2,0,1,0,3,0,3,1,0,31,37,IF4
Rowdy Tellez,642133,NA,2025-09-22,0,1,0,1,1,0,2,4,0,31,75,Unusable
Lenyn Sosa,672820,NA,2025-07-14,3,1,0,0,1,1,2,3,0,31,31,IF3
David Fry,681807,NA,2025-08-04,1,1,0,1,0,0,2,4,0,31,91,Unusable
Henry Davis,680779,NA,2025-08-18,1,2,0,0,1,1,2,1,1,31,93,Unusable
Jose Caballero,676609,NA,2025-05-19,1,1,0,0,2,0,1,1,3,31,87,Unusable
Nick Fortes,663743,NA,2025-09-01,2,0,0,1,1,0,3,3,0,31,96,Unusable
Trey Sweeney,700242,NA,2025-08-18,1,0,1,1,0,0,2,3,0,31,93,Unusable
Dalton Rushing,687221,NA,2025-06-16,2,1,0,0,3,0,3,2,0,31,89,Unusable
Edmundo Sosa,624641,NA,2025-07-21,3,0,0,1,0,0,2,4,0,31,94,Unusable
Dylan Moore,664238,NA,2025-04-21,1,0,0,1,2,0,4,2,0,31,85,Unusable
Travis d'Arnaud,518595,NA,2025-04-28,3,2,0,0,2,0,2,0,0,31,104,Unusable
Ramon Urias,602104,NA,2025-04-21,3,0,0,1,2,0,1,2,0,31,85,Unusable
Kyle Farmer,571657,NA,2025-07-28,1,0,0,1,1,1,5,1,0,31,104,Unusable
Luis Urias,649966,NA,2025-05-19,3,1,0,0,4,0,1,1,0,31,87,Unusable
Josh Rojas,668942,NA,2025-05-05,4,0,0,0,3,0,2,1,1,31,104,Unusable
Ronny Mauricio,677595,NA,2025-07-07,1,1,0,1,2,0,2,1,0,31,91,Unusable
Jake Bauers,641343,NA,2025-03-24,0,1,0,1,1,0,1,3,1,31,37,IF4
Jose Iglesias,578428,NA,2025-06-16,3,0,0,0,1,1,2,6,0,31,89,Unusable
Jose Ramirez,608070,8.37,2025-06-30,2,0,0,1,2,0,1,1,1,30,85,Unusable
Gunnar Henderson,683002,12.24,2025-05-26,4,1,0,0,2,0,2,1,0,30,93,Unusable
Francisco Lindor,596019,17.8,2025-08-04,1,1,0,0,2,1,4,0,1,30,94,Unusable
Freddie Freeman,518692,26.39,2025-07-07,2,2,0,0,2,0,1,2,0,30,94,Unusable
Bryce Harper,547180,27.32,2025-03-24,3,0,0,1,1,0,3,1,0,30,40,IF4
Marcus Semien,543760,65.54,2025-05-12,3,0,0,0,4,1,1,0,1,30,97,Unusable
Christian Walker,572233,74.01,2025-04-14,1,1,0,1,0,1,2,2,0,30,90,Unusable
Jose Altuve,514888,81.09,2025-05-05,2,2,0,0,2,0,3,0,0,30,106,Unusable
Dansby Swanson,621020,124.49,2025-06-16,2,0,0,1,2,0,3,1,0,30,93,Unusable
Dansby Swanson,621020,124.49,2025-07-21,5,0,0,0,1,0,2,2,1,30,95,Unusable
Max Muncy,571970,161.48,2025-03-31,3,2,0,0,1,0,1,2,0,30,92,Unusable
Max Muncy,691777,161.48,2025-04-07,4,2,0,0,0,0,1,2,0,30,79,Unusable
Luis Arraez,650333,168.81,2025-04-07,6,1,0,0,0,0,3,0,0,30,79,Unusable
Salvador Perez,521692,194.19,2025-04-28,4,2,0,0,0,0,1,2,0,30,107,Unusable
Bryson Stott,681082,202.3,2025-03-31,5,1,0,0,1,0,1,2,0,30,92,Unusable
Xander Bogaerts,593428,211.87,2025-08-11,2,2,0,0,1,1,3,0,0,30,93,Unusable
Will Smith,669257,215.77,2025-03-17,1,1,0,0,5,0,2,1,0,30,1,IF1
Will Smith,669257,215.77,2025-04-21,0,1,0,1,2,0,2,2,0,30,89,Unusable
Nolan Arenado,571448,227.39,2025-04-28,5,1,0,0,1,0,1,2,0,30,107,Unusable
Jake Cronenworth,630105,229.63,2025-07-21,4,1,0,0,1,1,3,0,0,30,95,Unusable
Kyle Manzardo,700932,237.05,2025-04-21,1,1,0,1,1,0,2,2,0,30,89,Unusable
Carlos Santana,467793,237.36,2025-07-28,5,1,0,0,1,0,1,2,0,30,106,Unusable
Connor Norby,681393,237.78,2025-04-14,4,1,0,0,0,0,4,0,1,30,90,Unusable
Josh Bell,605137,238,2025-07-28,2,0,0,0,6,0,3,0,0,30,106,Unusable
Jacob Wilson,805779,238.09,2025-06-30,3,2,0,0,1,0,1,2,0,30,85,Unusable
Tyler Soderstrom,691016,238.1,2025-06-23,5,0,0,0,3,0,1,2,0,30,94,Unusable
Gavin Lux,666158,238.36,2025-08-18,2,1,0,1,0,0,1,3,0,30,98,Unusable
Trevor Story,596115,238.76,2025-06-16,3,0,0,1,1,0,2,2,0,30,93,Unusable
Ben Rice,700250,239.01,2025-05-19,1,1,0,1,1,0,2,2,0,30,91,Unusable
Thairo Estrada,642731,239.19,2025-07-28,2,2,0,0,2,0,2,1,0,30,106,Unusable
Willi Castro,650489,239.25,2025-09-01,1,1,0,0,2,1,1,3,1,30,98,Unusable
DJ LeMahieu,518934,239.58,2025-06-09,3,1,0,0,3,0,3,0,0,30,105,Unusable
Jeff McNeil,643446,239.75,2025-08-04,5,1,0,0,1,0,2,1,0,30,94,Unusable
Miguel Rojas,500743,239.78,2025-06-16,1,1,0,1,1,0,2,2,0,30,93,Unusable
Jordan Lawlar,691783,239.81,2025-09-01,2,2,0,0,0,0,2,2,1,30,98,Unusable
Ryan O'Hearn,656811,239.89,2025-04-21,3,0,0,1,1,0,2,2,0,30,89,Unusable
Ryan O'Hearn,656811,239.89,2025-06-16,5,0,0,0,2,1,1,2,0,30,93,Unusable
Elias Diaz,553869,239.91,2025-08-25,0,0,0,2,0,0,2,3,0,30,96,Unusable
Tyler Stephenson,663886,239.91,2025-05-19,0,2,0,0,4,0,2,1,0,30,91,Unusable
Tyler Stephenson,663886,239.91,2025-06-30,4,1,0,0,2,0,3,0,0,30,85,Unusable
Nick Gonzales,693304,239.92,2025-06-30,3,2,0,0,1,0,2,1,0,30,85,Unusable
Nolan Gorman,669357,239.92,2025-06-30,2,0,0,1,2,0,2,2,0,30,85,Unusable
Will Wagner,695238,239.98,2025-07-14,1,2,0,0,1,0,2,4,0,30,35,IF3
Colson Montgomery,695657,239.98,2025-06-30,4,0,1,0,2,0,0,2,0,30,85,Unusable
Jorge Polanco,593871,239.99,2025-03-24,4,0,0,1,0,0,1,3,0,30,40,IF4
Nick Kurtz,701762,NA,2025-05-05,3,1,0,0,3,0,3,0,0,30,106,Unusable
Matt Mervis,670223,NA,2025-04-21,1,1,0,1,1,0,2,2,0,30,89,Unusable
Isaac Collins,686555,NA,2025-08-11,0,2,1,0,0,0,3,2,0,30,93,Unusable
Gabriel Arias,672356,NA,2025-06-16,1,1,0,1,1,0,2,2,0,30,93,Unusable
David Hamilton,666152,NA,2025-08-25,2,1,0,1,0,0,1,3,0,30,96,Unusable
Javier Baez,595879,NA,2025-03-31,4,2,0,0,0,0,0,3,0,30,92,Unusable
Javier Baez,595879,NA,2025-05-19,3,2,0,0,0,1,2,1,0,30,91,Unusable
Javier Baez,595879,NA,2025-08-11,4,2,0,0,0,0,1,2,0,30,93,Unusable
Jonah Heim,641680,NA,2025-05-19,2,1,0,1,0,0,2,2,0,30,91,Unusable
Jonah Heim,641680,NA,2025-08-18,5,1,0,0,1,0,2,1,0,30,98,Unusable
Rowdy Tellez,642133,NA,2025-07-28,2,3,0,0,0,0,2,1,0,30,106,Unusable
Lenyn Sosa,672820,NA,2025-05-05,4,2,0,0,0,0,1,0,1,30,106,Unusable
Dalton Rushing,687221,NA,2025-05-12,3,1,0,0,1,0,4,2,0,30,97,Unusable
Agustin Ramirez,682663,NA,2025-06-02,3,0,0,1,1,0,2,2,0,30,92,Unusable
Dylan Moore,664238,NA,2025-05-19,2,0,0,1,2,0,1,1,1,30,91,Unusable
Ramon Urias,602104,NA,2025-03-31,6,0,0,0,2,0,1,2,0,30,92,Unusable
Kyle Farmer,571657,NA,2025-08-25,2,0,0,1,2,0,2,2,0,30,96,Unusable
Adrian Del Castillo,680728,NA,2025-09-22,1,0,0,1,3,0,1,3,0,30,77,Unusable
Tyler Wade,642180,NA,2025-04-14,5,0,0,0,3,0,2,1,0,30,90,Unusable
Mookie Betts,605141,16.08,2025-06-23,3,2,0,0,0,0,1,3,0,29,95,Unusable
Francisco Lindor,596019,17.8,2025-05-12,3,1,0,0,2,0,2,2,0,29,99,Unusable
Pete Alonso,624413,29.95,2025-07-21,2,0,0,1,1,0,1,4,0,29,97,Unusable
Ozzie Albies,645277,58.95,2025-08-04,3,1,0,0,2,0,1,1,1,29,96,Unusable
William Contreras,661388,61.55,2025-07-21,4,1,0,0,1,0,1,3,0,29,97,Unusable
Junior Caminero,691406,65.87,2025-05-12,2,0,0,1,1,0,1,4,0,29,99,Unusable
Willy Adames,642715,76.34,2025-05-05,3,1,0,0,1,1,3,1,0,29,109,Unusable
CJ Abrams,682928,79.08,2025-09-01,2,2,0,0,0,1,4,0,0,29,100,Unusable
Matt McLain,680574,91.6,2025-08-04,5,0,0,0,2,0,1,1,1,29,96,Unusable
Ezequiel Tovar,678662,111.22,2025-07-14,3,0,0,1,0,0,2,3,0,29,36,IF3
Jake Burger,669394,115.47,2025-04-28,3,1,0,0,1,1,3,1,0,29,109,Unusable
Paul Goldschmidt,502671,117.94,2025-06-16,0,1,0,1,1,0,4,1,0,29,98,Unusable
Dansby Swanson,621020,124.49,2025-03-24,2,0,0,1,1,0,2,1,1,29,42,IF4
Vinnie Pasquantino,686469,131.56,2025-04-14,3,1,0,0,2,0,1,3,0,29,93,Unusable
Gleyber Torres,650402,147.51,2025-03-24,2,0,0,1,1,0,2,1,1,29,42,IF4
Masyn Winn,691026,166.08,2025-09-01,4,0,0,0,2,1,3,1,0,29,100,Unusable
Luis Arraez,650333,168.81,2025-08-18,3,2,0,0,0,0,1,1,1,29,100,Unusable
Willson Contreras,575929,182.14,2025-05-26,3,1,0,0,1,1,1,3,0,29,94,Unusable
Nathaniel Lowe,663993,192.46,2025-07-07,2,0,0,1,1,0,2,3,0,29,95,Unusable
Zach Neto,687263,202.06,2025-05-26,4,0,0,1,1,0,1,1,0,29,94,Unusable
Josh Jung,673962,208.9,2025-05-26,5,0,0,0,0,0,1,4,1,29,94,Unusable
Nico Hoerner,663538,212.11,2025-04-21,2,2,0,0,1,0,2,2,0,29,93,Unusable
Nico Hoerner,663538,212.11,2025-07-07,4,0,1,0,1,0,1,2,0,29,95,Unusable
Michael Busch,683737,226.9,2025-08-04,1,1,0,1,0,0,2,3,0,29,96,Unusable
Jake Cronenworth,630105,229.63,2025-07-14,3,2,0,0,0,0,2,2,0,29,36,IF3
Brice Turang,668930,230.59,2025-05-05,0,1,0,0,5,0,2,0,1,29,109,Unusable
Andres Gimenez,665926,231.93,2025-09-22,1,2,0,0,2,0,1,3,0,29,78,Unusable
Ryan Mountcastle,663624,234.73,2025-04-07,2,0,0,1,1,0,2,3,0,29,81,Unusable
Ryan Mountcastle,663624,234.73,2025-09-01,3,1,0,0,2,0,3,1,0,29,100,Unusable
Kyle Manzardo,700932,237.05,2025-03-31,2,0,0,1,1,0,2,3,0,29,96,Unusable
Kyle Manzardo,700932,237.05,2025-06-16,2,3,0,0,1,0,1,0,0,29,98,Unusable
Josh Bell,605137,238,2025-06-09,3,1,0,0,2,0,2,2,0,29,106,Unusable
Gavin Lux,666158,238.36,2025-05-26,5,0,0,0,2,0,2,2,0,29,94,Unusable
Gavin Lux,666158,238.36,2025-06-02,1,0,0,1,2,0,1,4,0,29,93,Unusable
Gavin Lux,666158,238.36,2025-06-09,6,0,0,0,1,0,1,3,0,29,106,Unusable
Gavin Lux,666158,238.36,2025-09-01,3,1,0,0,2,0,3,1,0,29,100,Unusable
Ben Rice,700250,239.01,2025-06-30,2,2,0,0,1,0,2,2,0,29,91,Unusable
Josh Smith,669701,239.59,2025-09-01,3,0,0,0,4,0,0,0,2,29,100,Unusable
Keibert Ruiz,660688,239.6,2025-05-19,3,2,0,0,0,0,1,3,0,29,96,Unusable
Sean Murphy,669221,239.72,2025-07-21,0,2,0,0,2,1,1,3,0,29,97,Unusable
Noelvi Marte,682622,239.78,2025-09-22,3,0,0,1,0,0,3,2,0,29,78,Unusable
Luis Rengifo,650859,239.81,2025-05-12,4,1,0,0,1,0,4,0,0,29,99,Unusable
Ryan O'Hearn,656811,239.89,2025-05-05,4,0,0,0,4,1,1,0,0,29,109,Unusable
Elias Diaz,553869,239.91,2025-07-28,3,1,0,0,0,0,2,5,0,29,110,Unusable
Tyler Stephenson,663886,239.91,2025-07-21,3,0,0,1,0,0,2,3,0,29,97,Unusable
Nick Gonzales,693304,239.92,2025-09-22,2,2,0,0,1,0,2,2,0,29,78,Unusable
Kyle Teel,691019,239.94,2025-08-04,1,2,0,0,2,0,0,2,1,29,96,Unusable
Ke'Bryan Hayes,663647,240,2025-04-14,5,0,0,0,0,0,1,4,1,29,93,Unusable
Ke'Bryan Hayes,663647,240,2025-05-05,5,1,0,0,0,0,1,1,1,29,109,Unusable
Patrick Bailey,672275,240,2025-04-07,0,2,1,0,1,0,1,2,0,29,81,Unusable
Gabriel Moreno,672515,NA,2025-03-24,5,0,0,0,2,0,3,1,0,29,42,IF4
Gabriel Moreno,672515,NA,2025-04-14,2,1,0,0,3,0,3,1,0,29,93,Unusable
Marcelo Mayer,691785,NA,2025-06-30,3,2,0,0,0,0,3,1,0,29,91,Unusable
Brayan Rocchio,677587,NA,2025-04-14,3,0,0,0,2,0,3,2,1,29,93,Unusable
Christian Moore,695681,NA,2025-09-22,3,1,0,0,2,0,2,0,1,29,78,Unusable
Joey Bart,663698,NA,2025-06-16,5,0,0,0,2,0,2,2,0,29,98,Unusable
Orlando Arcia,606115,NA,2025-06-09,5,0,0,0,2,0,1,3,0,29,106,Unusable
Isaac Collins,686555,NA,2025-06-23,4,0,0,0,3,0,4,0,0,29,95,Unusable
Isaac Collins,686555,NA,2025-08-18,1,1,0,0,4,0,0,2,1,29,100,Unusable
Tim Anderson,641313,NA,2025-03-31,3,1,0,0,0,0,4,3,0,29,96,Unusable
Gabriel Arias,672356,NA,2025-07-28,5,0,0,0,2,0,0,2,1,29,110,Unusable
Javier Baez,595879,NA,2025-05-05,3,1,0,0,0,0,2,5,0,29,109,Unusable
Kyle Higashioka,543309,NA,2025-08-11,0,1,0,1,1,0,2,3,0,29,96,Unusable
Jacob Stallings,607732,NA,2025-04-21,2,2,0,0,1,0,1,3,0,29,93,Unusable
Jonah Heim,641680,NA,2025-04-21,2,1,0,1,1,0,1,1,0,29,93,Unusable
Jonah Heim,641680,NA,2025-08-25,0,0,0,1,3,0,3,2,0,29,99,Unusable
Jonah Heim,641680,NA,2025-09-08,2,1,0,0,3,0,4,0,0,29,81,Unusable
Lenyn Sosa,672820,NA,2025-04-07,4,1,0,0,1,0,1,3,0,29,81,Unusable
Lenyn Sosa,672820,NA,2025-05-12,3,1,0,1,0,0,1,1,0,29,99,Unusable
Miguel Amaya,665804,NA,2025-05-12,2,2,0,0,1,0,2,2,0,29,99,Unusable
Jose Caballero,676609,NA,2025-06-30,2,1,0,0,1,0,2,1,2,29,91,Unusable
Trey Sweeney,700242,NA,2025-06-30,1,0,0,1,2,0,1,4,0,29,91,Unusable
Luis Torrens,620443,NA,2025-04-07,2,2,0,0,1,0,1,3,0,29,81,Unusable
Andy Ibanez,628451,NA,2025-04-28,4,0,0,0,1,0,3,2,1,29,109,Unusable
Dylan Moore,664238,NA,2025-05-12,4,0,0,0,3,0,1,3,0,29,99,Unusable
Ramon Urias,602104,NA,2025-09-22,1,0,0,1,2,0,1,2,1,29,78,Unusable
Max Schuemann,680474,NA,2025-06-30,2,0,0,1,1,0,2,1,1,29,91,Unusable
Kyle Farmer,571657,NA,2025-04-14,1,3,0,0,0,0,1,3,0,29,93,Unusable
Gio Urshela,570482,NA,2025-04-07,2,2,0,0,1,0,1,3,0,29,81,Unusable
Gio Urshela,570482,NA,2025-04-21,4,2,0,0,1,0,0,1,0,29,93,Unusable
Ronny Mauricio,677595,NA,2025-06-30,3,1,0,0,2,0,4,0,0,29,91,Unusable
Pedro Pages,686780,NA,2025-03-24,1,1,0,1,0,0,2,3,0,29,42,IF4
Pedro Pages,686780,NA,2025-06-16,3,1,0,0,2,0,4,0,0,29,98,Unusable
Jose Iglesias,578428,NA,2025-04-21,4,0,0,0,0,3,1,1,1,29,93,Unusable
Bryce Harper,547180,27.32,2025-08-04,1,1,0,1,0,1,1,2,0,28,100,Unusable
Austin Riley,663586,30.75,2025-03-24,0,1,0,1,2,0,2,1,0,28,46,IF4
Manny Machado,592518,45.54,2025-08-11,3,1,0,0,3,0,2,0,0,28,97,Unusable
Oneil Cruz,665833,50.09,2025-08-04,2,1,0,0,2,0,2,3,0,28,100,Unusable
Oneil Cruz,665833,50.09,2025-09-08,3,1,0,0,3,0,0,0,1,28,82,Unusable
Junior Caminero,691406,65.87,2025-09-15,3,0,0,0,5,0,2,0,0,28,92,Unusable
Jose Altuve,514888,81.09,2025-06-02,5,0,0,0,1,0,1,2,1,28,94,Unusable
Eugenio Suarez,553993,104.99,2025-07-21,1,0,0,1,2,1,1,2,0,28,101,Unusable
Adley Rutschman,668939,112.59,2025-04-14,1,0,0,1,3,0,2,1,0,28,98,Unusable
Michael Toglia,669911,138.78,2025-04-14,2,0,0,1,0,0,1,5,0,28,98,Unusable
Michael Toglia,669911,138.78,2025-06-23,2,3,0,0,0,0,0,2,0,28,97,Unusable
Yandy Diaz,650490,154.91,2025-07-07,7,0,0,0,1,0,1,1,0,28,97,Unusable
Royce Lewis,668904,168.33,2025-07-14,0,0,0,2,0,0,2,2,0,28,38,IF4
Ryan McMahon,641857,172.9,2025-06-23,4,0,0,0,2,0,3,0,1,28,97,Unusable
Tommy Edman,669242,186.13,2025-04-28,1,1,0,0,1,0,1,5,1,28,111,Unusable
Tommy Edman,669242,186.13,2025-06-09,3,0,0,1,1,0,1,2,0,28,109,Unusable
Nico Hoerner,663538,212.11,2025-06-02,3,0,0,0,0,1,2,2,2,28,94,Unusable
Nico Hoerner,663538,212.11,2025-08-04,5,0,0,0,3,0,1,1,0,28,100,Unusable
Kristian Campbell,692225,212.49,2025-06-09,1,1,0,0,3,2,1,1,0,28,109,Unusable
Brandon Lowe,664040,213.94,2025-04-28,2,0,0,0,4,0,1,2,1,28,111,Unusable
Brandon Lowe,664040,213.94,2025-07-28,5,1,0,0,1,0,1,1,0,28,112,Unusable
Brandon Lowe,664040,213.94,2025-09-22,1,1,0,1,1,0,1,2,0,28,83,Unusable
Nolan Arenado,571448,227.39,2025-05-26,2,0,0,1,2,0,1,2,0,28,98,Unusable
Andres Gimenez,665926,231.93,2025-04-14,2,1,0,0,1,1,1,0,2,28,98,Unusable
Colt Keith,690993,235.65,2025-06-02,3,1,0,0,3,0,0,2,0,28,94,Unusable
Joey Ortiz,687401,237.06,2025-04-21,1,2,0,0,1,0,4,1,0,28,98,Unusable
Spencer Torkelson,679529,237.98,2025-06-16,0,2,0,0,2,0,3,2,0,28,102,Unusable
Josh Bell,605137,238,2025-04-21,2,0,0,1,0,0,2,4,0,28,98,Unusable
Josh Bell,605137,238,2025-09-15,3,2,0,0,1,0,1,1,0,28,92,Unusable
Jacob Wilson,805779,238.09,2025-09-15,5,1,0,0,1,0,2,0,0,28,92,Unusable
Tyler Soderstrom,691016,238.1,2025-06-16,6,0,0,0,0,0,3,0,1,28,102,Unusable
Christopher Morel,666624,238.29,2025-09-01,4,0,0,0,2,0,2,1,1,28,105,Unusable
Gavin Lux,666158,238.36,2025-05-19,0,3,0,0,2,0,1,1,0,28,97,Unusable
Gavin Lux,666158,238.36,2025-08-25,0,2,0,0,4,0,1,1,0,28,100,Unusable
Logan O'Hoppe,681351,238.67,2025-05-12,1,0,0,1,1,0,1,5,0,28,105,Unusable
Coby Mayo,691723,239.19,2025-07-28,2,0,0,1,2,0,1,2,0,28,112,Unusable
Willi Castro,650489,239.25,2025-03-31,3,0,0,0,1,2,3,0,1,28,98,Unusable
Nolan Schanuel,694384,239.52,2025-04-14,3,1,0,0,3,0,2,0,0,28,98,Unusable
Adam Frazier,624428,239.6,2025-06-23,3,0,0,0,2,1,2,1,1,28,97,Unusable
Jonathan Aranda,666018,239.63,2025-04-21,3,0,0,0,3,2,2,0,0,28,98,Unusable
Bo Naylor,666310,239.8,2025-03-31,1,0,0,1,3,0,2,1,0,28,98,Unusable
Nick Gonzales,693304,239.92,2025-06-02,1,0,2,0,1,0,2,1,0,28,94,Unusable
Jace Jung,690291,239.98,2025-04-21,2,0,0,0,4,0,3,2,0,28,98,Unusable
Patrick Bailey,672275,240,2025-05-12,3,0,0,0,3,0,4,1,0,28,105,Unusable
Patrick Bailey,672275,240,2025-09-22,4,1,0,0,0,0,3,2,0,28,83,Unusable
Nick Yorke,694377,240,2025-09-22,5,0,0,0,1,0,3,2,0,28,83,Unusable
Nick Kurtz,701762,NA,2025-06-09,2,1,0,1,0,0,1,2,0,28,109,Unusable
Gabriel Moreno,672515,NA,2025-04-21,3,1,0,0,1,0,2,3,0,28,98,Unusable
Gabriel Moreno,672515,NA,2025-09-22,4,0,0,0,4,0,0,2,0,28,83,Unusable
Enrique Hernandez,571771,NA,2025-06-23,1,0,0,1,1,0,2,4,0,28,97,Unusable
Enrique Hernandez,571771,NA,2025-09-15,1,0,0,1,1,0,2,4,0,28,92,Unusable
Marcelo Mayer,691785,NA,2025-06-02,1,0,0,1,1,0,4,2,0,28,94,Unusable
Christian Moore,695681,NA,2025-08-11,2,1,0,0,2,0,2,3,0,28,97,Unusable
Otto Lopez,672640,NA,2025-08-18,3,1,0,0,1,0,2,3,0,28,102,Unusable
Amed Rosario,642708,NA,2025-04-07,3,1,0,0,1,0,2,1,1,28,86,Unusable
Javier Baez,595879,NA,2025-07-07,2,0,0,1,0,0,2,2,1,28,97,Unusable
Ernie Clement,676391,NA,2025-04-07,4,1,0,0,0,0,3,0,1,28,86,Unusable
Ezequiel Duran,677649,NA,2025-06-30,1,1,0,0,0,1,0,2,3,28,97,Unusable
Kyle Higashioka,543309,NA,2025-06-09,2,1,0,0,0,0,2,6,0,28,109,Unusable
Kyle Higashioka,543309,NA,2025-09-15,2,0,0,1,2,0,2,1,0,28,92,Unusable
Jonah Heim,641680,NA,2025-03-24,0,0,0,2,0,0,2,2,0,28,46,IF4
Jonah Heim,641680,NA,2025-09-15,2,0,0,1,2,0,1,2,0,28,92,Unusable
Lenyn Sosa,672820,NA,2025-09-08,4,1,0,0,0,0,2,3,0,28,82,Unusable
Jon Berti,542932,NA,2025-04-21,4,1,0,0,0,0,2,1,1,28,98,Unusable
Henry Davis,680779,NA,2025-09-22,2,0,0,1,0,0,2,2,1,28,83,Unusable
Alejandro Kirk,672386,NA,2025-05-19,3,0,0,0,5,0,2,0,0,28,97,Unusable
Travis d'Arnaud,518595,NA,2025-06-02,4,0,0,1,0,0,1,2,0,28,94,Unusable
Max Schuemann,680474,NA,2025-05-12,1,0,0,1,3,0,2,1,0,28,105,Unusable
Max Schuemann,680474,NA,2025-07-21,2,0,0,0,1,1,2,4,1,28,101,Unusable
Luis Urias,649966,NA,2025-06-02,3,0,0,0,2,1,2,1,1,28,94,Unusable
Luis Urias,649966,NA,2025-06-16,6,0,0,0,2,0,1,1,0,28,102,Unusable
Gio Urshela,570482,NA,2025-04-14,0,1,1,0,2,0,0,4,0,28,98,Unusable
Jose Tena,677588,NA,2025-05-05,2,1,0,0,2,0,1,2,1,28,114,Unusable
Jake Bauers,641343,NA,2025-05-12,3,2,0,0,1,0,0,2,0,28,105,Unusable
Mookie Betts,605141,16.08,2025-07-21,2,1,0,0,3,0,2,1,0,27,103,Unusable
Austin Riley,663586,30.75,2025-05-19,1,1,0,0,3,1,3,0,0,27,99,Unusable
Ketel Marte,606466,37.6,2025-03-31,2,1,0,0,3,0,2,1,0,27,100,Unusable
William Contreras,661388,61.55,2025-03-31,1,0,0,0,6,0,3,0,0,27,100,Unusable
Christian Walker,572233,74.01,2025-08-11,1,1,0,0,4,0,1,2,0,27,99,Unusable
Willy Adames,642715,76.34,2025-05-19,1,0,1,0,2,0,2,3,0,27,99,Unusable
Jose Altuve,514888,81.09,2025-09-08,3,0,0,1,0,0,3,1,0,27,84,Unusable
Mark Vientos,668901,83.69,2025-05-26,1,1,0,1,0,0,1,3,0,27,99,Unusable
Bo Bichette,666182,84.67,2025-03-31,4,1,0,0,0,1,0,3,0,27,100,Unusable
Bo Bichette,666182,84.67,2025-06-23,5,1,0,0,0,0,2,1,0,27,101,Unusable
Bo Bichette,666182,84.67,2025-06-30,2,0,0,1,1,0,2,2,0,27,98,Unusable
Matt Chapman,656305,93.14,2025-03-24,2,0,0,1,1,0,2,2,0,27,48,IF4
Matt Chapman,656305,93.14,2025-04-07,0,0,0,0,7,0,3,0,0,27,88,Unusable
Matt Chapman,656305,93.14,2025-08-04,4,1,0,0,1,0,1,2,0,27,103,Unusable
Jordan Westburg,676059,108.66,2025-03-31,5,0,0,0,2,0,2,1,0,27,100,Unusable
Jordan Westburg,676059,108.66,2025-04-21,5,0,1,0,0,0,1,1,0,27,104,Unusable
Paul Goldschmidt,502671,117.94,2025-08-11,1,3,0,0,0,0,2,1,0,27,99,Unusable
Vinnie Pasquantino,686469,131.56,2025-06-09,5,0,0,0,2,0,2,1,0,27,113,Unusable
Jackson Holliday,702616,135.54,2025-07-14,2,0,0,1,1,0,3,1,0,27,39,IF4
Royce Lewis,668904,168.33,2025-06-09,3,0,0,1,0,0,2,2,0,27,113,Unusable
Royce Lewis,668904,168.33,2025-06-30,4,1,0,0,1,0,1,2,0,27,98,Unusable
Rhys Hoskins,656555,172.72,2025-04-07,3,1,0,0,2,0,1,2,0,27,88,Unusable
Rhys Hoskins,656555,172.72,2025-06-30,1,1,1,0,2,0,1,1,0,27,98,Unusable
Jeremy Pena,665161,180.02,2025-09-08,2,2,0,0,1,0,1,2,0,27,84,Unusable
Zach Neto,687263,202.06,2025-08-18,2,1,0,0,0,1,1,1,2,27,103,Unusable
Josh Jung,673962,208.9,2025-09-08,1,2,0,0,2,0,2,1,0,27,84,Unusable
Xander Bogaerts,593428,211.87,2025-06-02,3,1,0,0,2,0,1,0,1,27,101,Unusable
Brandon Lowe,664040,213.94,2025-03-24,3,0,0,1,0,0,2,2,0,27,48,IF4
Brandon Lowe,664040,213.94,2025-05-05,0,1,0,1,1,0,3,1,0,27,115,Unusable
Matt Shaw,807713,227.33,2025-07-14,3,0,0,1,0,0,1,1,1,27,39,IF4
Andres Gimenez,665926,231.93,2025-09-15,1,0,1,0,2,0,2,3,0,27,98,Unusable
Austin Wells,669224,234.46,2025-09-22,3,2,0,0,0,0,0,3,0,27,88,Unusable
Andrew Vaughn,683734,236.76,2025-07-14,3,0,0,0,4,0,1,2,0,27,39,IF4
Carlos Santana,467793,237.36,2025-04-14,5,0,0,0,1,1,2,1,0,27,103,Unusable
Spencer Torkelson,679529,237.98,2025-09-01,4,1,0,0,1,0,1,2,0,27,106,Unusable
Ben Rice,700250,239.01,2025-03-24,2,0,0,1,1,0,3,1,0,27,48,IF4
Willi Castro,650489,239.25,2025-05-19,2,1,0,0,2,1,2,1,0,27,99,Unusable
Francisco Alvarez,682626,239.35,2025-07-28,2,1,0,0,3,0,1,2,0,27,114,Unusable
Brett Baty,683146,239.56,2025-06-09,1,0,0,1,2,0,1,1,1,27,113,Unusable
Brett Baty,683146,239.56,2025-06-30,2,0,0,1,1,0,2,2,0,27,98,Unusable
Josh Smith,669701,239.59,2025-04-21,1,0,0,1,2,0,3,1,0,27,104,Unusable
Ty France,664034,239.69,2025-06-23,3,2,0,0,1,1,0,0,0,27,101,Unusable
Jeff McNeil,643446,239.75,2025-05-05,0,0,1,1,1,0,1,2,0,27,115,Unusable
Kyle Teel,691019,239.94,2025-07-28,2,0,0,1,1,0,2,2,0,27,114,Unusable
Ke'Bryan Hayes,663647,240,2025-07-28,3,0,0,1,0,0,1,3,0,27,114,Unusable
Nick Yorke,694377,240,2025-09-08,3,1,0,0,0,0,1,3,1,27,84,Unusable
Otto Lopez,672640,NA,2025-04-21,3,0,0,0,0,0,3,2,2,27,104,Unusable
Ivan Herrera,671056,NA,2025-03-24,2,2,0,0,1,0,1,2,0,27,48,IF4
Gabriel Arias,672356,NA,2025-03-24,1,1,0,1,0,0,2,2,0,27,48,IF4
Gabriel Arias,672356,NA,2025-05-12,3,1,0,0,2,0,0,3,0,27,109,Unusable
Amed Rosario,642708,NA,2025-06-16,2,0,0,1,1,0,1,3,0,27,105,Unusable
Nick Fortes,663743,NA,2025-03-24,0,2,1,0,0,1,1,1,0,27,48,IF4
Trey Sweeney,700242,NA,2025-04-07,1,1,0,0,2,0,2,2,1,27,88,Unusable
Edmundo Sosa,624641,NA,2025-06-16,1,1,0,1,0,0,1,3,0,27,105,Unusable
Alejandro Kirk,672386,NA,2025-03-31,5,1,0,0,0,0,2,1,0,27,100,Unusable
Martin Maldonado,455117,NA,2025-06-09,1,0,0,1,2,0,2,2,0,27,113,Unusable
Andy Ibanez,628451,NA,2025-09-22,4,0,0,0,3,0,1,0,1,27,88,Unusable
Ramon Urias,602104,NA,2025-03-24,3,1,0,0,2,0,0,3,0,27,48,IF4
Thomas Saggese,695336,NA,2025-08-04,4,1,0,0,0,1,3,0,0,27,103,Unusable
Jose Iglesias,578428,NA,2025-07-14,3,2,0,0,0,0,3,0,0,27,39,IF4
Jose Trevino,624431,NA,2025-04-21,4,1,0,0,1,0,3,0,0,27,104,Unusable
Mookie Betts,605141,16.08,2025-09-22,5,0,0,0,1,0,1,3,0,26,90,Unusable
Corey Seager,608369,43.68,2025-03-31,1,0,0,1,3,0,1,1,0,26,105,Unusable
Manny Machado,592518,45.54,2025-06-23,3,0,0,1,1,0,1,1,0,26,103,Unusable
Oneil Cruz,665833,50.09,2025-06-30,1,1,0,0,3,0,2,0,1,26,102,Unusable
Junior Caminero,691406,65.87,2025-04-28,2,1,0,1,0,0,1,1,0,26,113,Unusable
CJ Abrams,682928,79.08,2025-05-19,2,1,0,0,1,1,3,1,0,26,102,Unusable
Jose Altuve,514888,81.09,2025-04-21,2,1,0,0,2,0,2,2,0,26,108,Unusable
Jose Altuve,514888,81.09,2025-05-12,3,1,0,0,3,0,1,0,0,26,110,Unusable
Jose Altuve,514888,81.09,2025-08-25,3,0,0,1,0,1,1,1,0,26,101,Unusable
Bo Bichette,666182,84.67,2025-07-14,1,2,0,0,0,1,2,2,0,26,43,IF4
Triston Casas,671213,99,2025-04-07,3,1,0,0,2,1,0,1,0,26,91,Unusable
Vinnie Pasquantino,686469,131.56,2025-08-25,3,0,0,0,3,0,2,2,0,26,101,Unusable
Anthony Volpe,683011,135.32,2025-04-07,1,0,0,0,5,0,1,1,1,26,91,Unusable
Anthony Volpe,683011,135.32,2025-08-04,2,1,0,0,2,0,0,2,1,26,105,Unusable
Michael Toglia,669911,138.78,2025-04-07,4,1,0,0,0,0,1,1,1,26,91,Unusable
Alec Bohm,664761,148.29,2025-08-11,1,0,0,1,0,1,2,3,0,26,101,Unusable
Jonathan India,663697,164.42,2025-04-14,4,1,0,0,2,0,0,1,0,26,104,Unusable
Jonathan India,663697,164.42,2025-05-26,7,0,0,0,1,0,0,1,0,26,100,Unusable
Masyn Winn,691026,166.08,2025-07-14,6,0,0,0,0,0,2,0,1,26,43,IF4
Masyn Winn,691026,166.08,2025-08-18,2,0,0,0,0,2,3,0,2,26,104,Unusable
Luis Arraez,650333,168.81,2025-07-07,2,0,0,1,1,1,1,1,0,26,99,Unusable
Tommy Edman,669242,186.13,2025-05-19,2,1,0,0,1,1,2,2,0,26,102,Unusable
Salvador Perez,521692,194.19,2025-08-25,0,1,0,1,0,0,2,3,0,26,101,Unusable
Carlos Correa,621043,209.38,2025-06-02,3,1,0,0,1,0,3,1,0,26,102,Unusable
Xander Bogaerts,593428,211.87,2025-04-14,1,2,0,0,3,0,1,0,0,26,104,Unusable
Shea Langeliers,669127,226.05,2025-04-21,4,1,0,0,0,0,1,1,1,26,108,Unusable
Shea Langeliers,669127,226.05,2025-05-26,1,1,0,1,1,0,1,1,0,26,100,Unusable
Nolan Arenado,571448,227.39,2025-04-07,1,1,0,0,3,0,3,1,0,26,91,Unusable
Yainer Diaz,673237,234.25,2025-05-19,4,0,0,0,3,1,1,0,0,26,102,Unusable
Austin Wells,669224,234.46,2025-05-19,2,1,0,0,2,0,2,2,0,26,102,Unusable
Ryan Mountcastle,663624,234.73,2025-04-14,1,2,0,0,1,0,3,1,0,26,104,Unusable
Colt Keith,690993,235.65,2025-05-19,0,3,0,0,0,0,2,2,0,26,102,Unusable
Connor Norby,681393,237.78,2025-05-26,1,2,0,0,0,1,2,2,0,26,100,Unusable
Tyler Fitzgerald,666149,237.85,2025-05-26,3,1,0,0,1,0,0,0,2,26,100,Unusable
Josh Bell,605137,238,2025-06-16,5,1,0,0,1,0,1,0,0,26,107,Unusable
Christopher Morel,666624,238.29,2025-09-15,1,1,0,0,3,0,0,4,0,26,99,Unusable
Logan O'Hoppe,681351,238.67,2025-07-07,2,0,0,0,3,1,2,0,1,26,99,Unusable
Trevor Story,596115,238.76,2025-04-28,5,0,0,0,0,1,2,0,1,26,113,Unusable
Thairo Estrada,642731,239.19,2025-06-16,1,1,0,1,0,1,1,1,0,26,107,Unusable
Coby Mayo,691723,239.19,2025-06-02,2,1,0,0,2,0,2,0,1,26,102,Unusable
Willi Castro,650489,239.25,2025-05-05,4,0,0,0,2,0,4,0,0,26,117,Unusable
Nolan Schanuel,694384,239.52,2025-05-26,5,0,0,0,3,0,1,0,0,26,100,Unusable
Brett Baty,683146,239.56,2025-09-22,2,0,0,1,0,0,2,3,0,26,90,Unusable
DJ LeMahieu,518934,239.58,2025-05-12,3,0,0,1,1,0,1,1,0,26,110,Unusable
Keibert Ruiz,660688,239.6,2025-04-28,7,0,0,0,1,0,1,0,0,26,113,Unusable
Luisangel Acuna,682668,239.64,2025-05-05,3,0,0,0,0,1,1,2,2,26,117,Unusable
Ty France,664034,239.69,2025-08-18,3,0,0,0,2,1,1,3,0,26,104,Unusable
Maikel Garcia,672580,239.72,2025-03-24,2,1,0,1,0,0,1,1,0,26,55,Unusable
Maikel Garcia,672580,239.72,2025-04-07,4,1,0,0,0,0,1,3,0,26,91,Unusable
Maikel Garcia,672580,239.72,2025-09-15,3,0,0,0,3,0,3,1,0,26,99,Unusable
Jeff McNeil,643446,239.75,2025-07-07,2,0,1,0,2,0,1,2,0,26,99,Unusable
Jeff McNeil,643446,239.75,2025-07-21,1,2,0,0,3,0,1,0,0,26,104,Unusable
Casey Schmitt,669477,239.77,2025-05-19,2,1,0,0,3,1,0,1,0,26,102,Unusable
Casey Schmitt,669477,239.77,2025-07-21,3,0,0,1,1,0,1,1,0,26,104,Unusable
Casey Schmitt,669477,239.77,2025-08-11,4,1,0,0,1,1,1,0,0,26,101,Unusable
Bo Naylor,666310,239.8,2025-09-22,1,2,0,0,1,0,2,2,0,26,90,Unusable
Jordan Lawlar,691783,239.81,2025-09-15,2,1,0,0,2,0,2,2,0,26,99,Unusable
Spencer Horwitz,687462,239.83,2025-09-01,2,1,0,0,3,1,1,0,0,26,107,Unusable
Elias Diaz,553869,239.91,2025-07-14,1,0,0,1,1,0,1,4,0,26,43,IF4
Caleb Durbin,702332,239.92,2025-06-02,1,0,0,1,2,1,1,1,0,26,102,Unusable
Nolan Gorman,669357,239.92,2025-06-16,0,1,0,0,4,0,3,1,0,26,107,Unusable
Kyle Teel,691019,239.94,2025-08-25,6,0,0,0,2,0,0,1,0,26,101,Unusable
Jorge Polanco,593871,239.99,2025-05-05,2,1,0,0,2,0,2,2,0,26,117,Unusable
Ke'Bryan Hayes,663647,240,2025-04-28,8,0,0,0,0,0,0,1,0,26,113,Unusable
Enrique Hernandez,571771,NA,2025-04-21,1,0,0,1,1,0,2,3,0,26,108,Unusable
Orlando Arcia,606115,NA,2025-08-18,1,2,0,0,1,0,2,2,0,26,104,Unusable
Isaac Collins,686555,NA,2025-05-26,2,0,0,0,1,1,0,1,3,26,100,Unusable
Ivan Herrera,671056,NA,2025-05-26,2,1,0,0,4,0,0,1,0,26,100,Unusable
Ivan Herrera,671056,NA,2025-08-11,5,0,0,0,1,0,1,1,1,26,101,Unusable
Gabriel Arias,672356,NA,2025-03-31,4,0,0,0,3,1,1,0,0,26,105,Unusable
Gabriel Arias,672356,NA,2025-04-21,2,2,0,0,0,0,3,1,0,26,108,Unusable
Gabriel Arias,672356,NA,2025-07-21,0,2,0,1,0,0,1,1,0,26,104,Unusable
Bryce Eldridge,805811,NA,2025-09-22,1,1,0,0,5,0,0,1,0,26,90,Unusable
Ernie Clement,676391,NA,2025-07-07,1,2,0,0,1,0,3,1,0,26,99,Unusable
Zach McKinstry,656716,NA,2025-05-05,2,0,0,0,4,0,3,1,0,26,117,Unusable
Zach McKinstry,656716,NA,2025-09-15,1,1,0,1,1,0,1,1,0,26,99,Unusable
Lenyn Sosa,672820,NA,2025-09-15,2,0,0,1,0,0,2,3,0,26,99,Unusable
David Fry,681807,NA,2025-07-28,1,0,0,1,1,0,3,2,0,26,117,Unusable
Ryan Noda,676116,NA,2025-06-16,1,0,0,1,3,0,1,1,0,26,107,Unusable
Vidal Brujan,660644,NA,2025-09-15,3,1,0,0,1,0,2,2,0,26,99,Unusable
Nick Maton,665155,NA,2025-03-31,1,0,0,1,3,0,1,1,0,26,105,Unusable
Nick Maton,665155,NA,2025-04-21,2,1,0,0,2,0,2,2,0,26,108,Unusable
Ramon Urias,602104,NA,2025-09-01,2,0,0,1,0,0,1,4,0,26,107,Unusable
Carson Williams,700246,NA,2025-08-25,3,1,0,0,1,0,1,3,0,26,101,Unusable
Kyle Farmer,571657,NA,2025-06-09,1,1,0,1,1,0,1,1,0,26,117,Unusable
Brett Harris,695391,NA,2025-08-11,2,1,0,0,2,0,3,1,0,26,101,Unusable
Josh Rojas,668942,NA,2025-07-28,1,1,0,1,1,0,1,1,0,26,117,Unusable
Adrian Del Castillo,680728,NA,2025-07-14,4,1,0,0,0,0,2,2,0,26,43,IF4
Pedro Pages,686780,NA,2025-04-21,4,1,0,0,0,0,3,1,0,26,108,Unusable
Thomas Saggese,695336,NA,2025-09-22,4,2,0,0,0,0,0,1,0,26,90,Unusable
Jose Iglesias,578428,NA,2025-08-11,0,0,0,1,1,1,2,3,0,26,101,Unusable
Jose Trevino,624431,NA,2025-05-05,0,4,0,0,0,0,0,1,0,26,117,Unusable
Jose Ramirez,608070,8.37,2025-08-04,1,1,0,0,2,0,3,0,1,25,106,Unusable
Trea Turner,607208,35.91,2025-07-14,3,0,0,0,2,0,2,1,1,25,47,IF4
Oneil Cruz,665833,50.09,2025-09-15,2,0,1,0,1,0,1,3,0,25,105,Unusable
William Contreras,661388,61.55,2025-09-08,4,0,0,0,1,0,0,5,0,25,88,Unusable
Marcus Semien,543760,65.54,2025-08-04,3,1,0,0,2,0,1,1,0,25,106,Unusable
Willy Adames,642715,76.34,2025-05-26,4,0,0,0,3,0,0,0,1,25,107,Unusable
CJ Abrams,682928,79.08,2025-04-07,0,0,0,1,1,0,1,1,2,25,96,Unusable
Mark Vientos,668901,83.69,2025-05-12,5,1,0,0,0,0,1,1,0,25,112,Unusable
Mark Vientos,668901,83.69,2025-07-21,2,2,0,0,1,0,0,2,0,25,107,Unusable
Matt Chapman,656305,93.14,2025-05-12,4,1,0,0,1,0,2,0,0,25,112,Unusable
Eugenio Suarez,553993,104.99,2025-07-28,2,2,0,0,0,1,2,0,0,25,119,Unusable
Ezequiel Tovar,678662,111.22,2025-09-08,1,1,0,0,2,0,2,1,1,25,88,Unusable
Adley Rutschman,668939,112.59,2025-04-21,3,0,0,0,4,0,1,1,0,25,114,Unusable
Paul Goldschmidt,502671,117.94,2025-06-02,1,0,0,1,2,0,2,1,0,25,105,Unusable
Dansby Swanson,621020,124.49,2025-06-02,3,2,0,0,0,0,0,2,0,25,105,Unusable
Dansby Swanson,621020,124.49,2025-07-28,2,1,0,0,1,0,2,3,0,25,119,Unusable
Max Muncy,691777,161.48,2025-06-23,4,0,0,0,2,1,2,0,0,25,104,Unusable
Jonathan India,663697,164.42,2025-04-07,1,1,0,0,4,0,1,1,0,25,96,Unusable
Xavier Edwards,669364,165.36,2025-05-26,3,2,0,0,0,0,1,1,0,25,107,Unusable
Ryan McMahon,641857,172.9,2025-05-26,2,2,0,0,1,0,0,2,0,25,107,Unusable
Willson Contreras,575929,182.14,2025-09-01,2,0,1,0,1,0,0,4,0,25,109,Unusable
Tommy Edman,669242,186.13,2025-06-30,2,0,0,0,4,1,2,0,0,25,103,Unusable
Salvador Perez,521692,194.19,2025-04-14,1,2,0,0,2,0,1,1,0,25,107,Unusable
Salvador Perez,521692,194.19,2025-06-23,3,1,0,0,2,0,0,2,0,25,104,Unusable
Bryson Stott,681082,202.3,2025-04-07,3,1,0,0,2,0,0,2,0,25,96,Unusable
Josh Jung,673962,208.9,2025-08-11,1,2,0,0,2,0,1,1,0,25,106,Unusable
Kristian Campbell,692225,212.49,2025-04-28,0,1,0,1,1,0,1,2,0,25,117,Unusable
Will Smith,669257,215.77,2025-06-23,2,0,0,1,1,0,2,1,0,25,104,Unusable
Will Smith,669257,215.77,2025-07-07,2,1,0,0,3,0,1,1,0,25,103,Unusable
Shea Langeliers,669127,226.05,2025-06-02,0,3,0,0,1,0,1,1,0,25,105,Unusable
Michael Busch,683737,226.9,2025-04-21,0,1,0,0,5,0,2,0,0,25,114,Unusable
Andres Gimenez,665926,231.93,2025-04-28,5,0,0,0,0,0,1,2,1,25,117,Unusable
Andres Gimenez,665926,231.93,2025-06-02,3,1,0,0,2,0,2,0,0,25,105,Unusable
Yainer Diaz,673237,234.25,2025-09-15,3,1,0,0,0,0,2,3,0,25,105,Unusable
Ryan Mountcastle,663624,234.73,2025-09-15,3,0,0,1,0,0,1,2,0,25,105,Unusable
Andrew Vaughn,683734,236.76,2025-04-21,3,1,0,0,2,0,1,1,0,25,114,Unusable
Joey Ortiz,687401,237.06,2025-05-05,1,1,0,1,0,0,2,1,0,25,122,Unusable
Tyler Fitzgerald,666149,237.85,2025-05-19,3,1,0,0,2,0,0,0,1,25,108,Unusable
Logan O'Hoppe,681351,238.67,2025-04-07,5,1,0,0,0,0,2,0,0,25,96,Unusable
Trevor Story,596115,238.76,2025-05-19,2,1,0,0,1,0,2,1,1,25,108,Unusable
Ben Rice,700250,239.01,2025-08-04,3,1,0,0,2,0,0,2,0,25,106,Unusable
Francisco Alvarez,682626,239.35,2025-05-05,6,0,0,0,0,1,2,0,0,25,122,Unusable
DJ LeMahieu,518934,239.58,2025-05-26,3,1,0,0,2,0,0,2,0,25,107,Unusable
Josh Smith,669701,239.59,2025-08-04,1,2,0,0,2,0,1,1,0,25,106,Unusable
Jonathan Aranda,666018,239.63,2025-03-24,0,3,0,0,0,1,1,1,0,25,56,Unusable
Casey Schmitt,669477,239.77,2025-07-07,2,1,0,0,3,0,1,1,0,25,103,Unusable
Bo Naylor,666310,239.8,2025-06-09,1,0,0,1,2,0,2,1,0,25,118,Unusable
Ryan O'Hearn,656811,239.89,2025-07-21,4,0,0,0,1,0,2,3,0,25,107,Unusable
Tyler Stephenson,663886,239.91,2025-06-23,1,1,0,0,4,0,1,1,0,25,104,Unusable
Nick Gonzales,693304,239.92,2025-08-11,6,0,0,0,1,0,2,0,0,25,106,Unusable
Kyle Teel,691019,239.94,2025-06-09,2,0,0,0,3,0,2,1,1,25,118,Unusable
Brooks Lee,686797,239.95,2025-04-14,0,0,0,1,3,0,2,1,0,25,107,Unusable
Brooks Lee,686797,239.95,2025-09-01,4,1,0,0,1,0,1,1,0,25,109,Unusable
Will Wagner,695238,239.98,2025-07-07,3,1,0,0,0,2,2,0,0,25,103,Unusable
Michael Massey,686681,239.99,2025-05-12,2,0,0,1,1,0,2,1,0,25,112,Unusable
Jose Miranda,669304,240,2025-03-31,1,0,0,1,0,0,1,5,0,25,108,Unusable
Patrick Bailey,672275,240,2025-04-28,2,2,0,0,1,0,2,0,0,25,117,Unusable
Patrick Bailey,672275,240,2025-06-02,1,2,0,0,2,0,1,1,0,25,105,Unusable
Nick Kurtz,701762,NA,2025-05-12,0,1,0,1,1,0,2,1,0,25,112,Unusable
Enrique Hernandez,571771,NA,2025-04-07,1,0,0,1,2,0,1,2,0,25,96,Unusable
Marcelo Mayer,691785,NA,2025-06-16,1,0,0,1,2,0,2,1,0,25,111,Unusable
Brayan Rocchio,677587,NA,2025-07-14,1,2,0,0,0,0,2,3,0,25,47,IF4
Isaac Collins,686555,NA,2025-09-22,1,1,0,0,3,1,2,0,0,25,95,Unusable
David Hamilton,666152,NA,2025-06-30,2,0,0,0,1,0,1,1,3,25,103,Unusable
Javier Baez,595879,NA,2025-04-07,3,1,0,0,2,0,1,1,0,25,96,Unusable
Ezequiel Duran,677649,NA,2025-06-09,0,2,0,0,1,2,1,1,0,25,118,Unusable
Jonah Heim,641680,NA,2025-06-23,1,1,0,1,0,0,1,2,0,25,104,Unusable
Lenyn Sosa,672820,NA,2025-05-26,5,1,0,0,0,0,1,1,0,25,107,Unusable
David Fry,681807,NA,2025-09-08,1,1,0,1,0,0,1,2,0,25,88,Unusable
Connor Wong,657136,NA,2025-08-04,2,1,0,0,1,0,2,3,0,25,106,Unusable
Martin Maldonado,455117,NA,2025-07-21,2,2,0,0,1,0,1,1,0,25,107,Unusable
Agustin Ramirez,682663,NA,2025-09-01,3,0,0,0,2,0,3,0,1,25,109,Unusable
Luis Torrens,620443,NA,2025-03-31,3,0,0,1,0,0,1,2,0,25,108,Unusable
Luis Torrens,620443,NA,2025-04-21,3,1,0,0,0,0,1,4,0,25,114,Unusable
Andy Ibanez,628451,NA,2025-05-19,1,1,0,0,0,2,3,2,0,25,108,Unusable
Ramon Urias,602104,NA,2025-07-21,2,1,0,0,3,0,1,1,0,25,107,Unusable
Max Schuemann,680474,NA,2025-08-04,0,3,0,0,1,0,2,0,0,25,106,Unusable
Brett Harris,695391,NA,2025-08-25,2,1,0,0,1,0,5,0,0,25,106,Unusable
Brett Harris,695391,NA,2025-09-22,3,1,0,0,2,0,2,0,0,25,95,Unusable
Ronny Mauricio,677595,NA,2025-07-28,1,0,0,1,2,0,2,1,0,25,119,Unusable
Pedro Pages,686780,NA,2025-05-26,1,0,0,1,2,0,1,2,0,25,107,Unusable
Thomas Saggese,695336,NA,2025-03-31,1,0,0,1,0,0,2,4,0,25,108,Unusable
Jose Iglesias,578428,NA,2025-07-21,3,0,0,0,2,0,0,1,2,25,107,Unusable
Jose Iglesias,578428,NA,2025-07-28,1,1,0,0,2,0,5,0,0,25,119,Unusable
Jose Trevino,624431,NA,2025-06-16,2,2,0,0,1,0,2,0,0,25,111,Unusable
Jose Trevino,624431,NA,2025-09-01,3,1,0,0,0,0,3,2,0,25,109,Unusable
Mookie Betts,605141,16.08,2025-07-07,2,1,0,0,1,1,2,1,0,24,106,Unusable
Francisco Lindor,596019,17.8,2025-06-23,3,1,0,0,1,0,2,1,0,24,109,Unusable
Matt Olson,621566,21.79,2025-04-07,4,0,0,0,2,0,0,3,0,24,102,Unusable
Freddie Freeman,518692,26.39,2025-06-16,5,0,0,0,0,1,3,0,0,24,113,Unusable
Pete Alonso,624413,29.95,2025-05-12,3,1,0,0,1,0,0,3,0,24,116,Unusable
Corey Seager,608369,43.68,2025-07-14,2,2,0,0,0,0,0,3,0,24,49,Unusable
Manny Machado,592518,45.54,2025-08-25,4,0,0,0,2,0,2,1,0,24,107,Unusable
Ozzie Albies,645277,58.95,2025-03-24,1,0,0,1,1,0,1,3,0,24,57,Unusable
Marcus Semien,543760,65.54,2025-05-19,4,0,0,0,1,1,0,1,1,24,111,Unusable
Junior Caminero,691406,65.87,2025-03-24,4,1,0,0,0,0,2,1,0,24,57,Unusable
CJ Abrams,682928,79.08,2025-07-14,0,1,0,1,0,0,1,3,0,24,49,Unusable
Bo Bichette,666182,84.67,2025-05-19,4,0,0,0,0,0,3,3,0,24,111,Unusable
Ezequiel Tovar,678662,111.22,2025-05-26,1,0,0,1,1,0,3,1,0,24,113,Unusable
Isaac Paredes,670623,121.15,2025-04-14,2,0,0,0,4,0,1,2,0,24,109,Unusable
Michael Toglia,669911,138.78,2025-05-19,0,1,1,0,2,0,1,1,0,24,111,Unusable
Alec Bohm,664761,148.29,2025-03-24,3,1,0,0,1,0,1,2,0,24,57,Unusable
Yandy Diaz,650490,154.91,2025-03-31,3,1,0,0,1,0,2,1,0,24,111,Unusable
Yandy Diaz,650490,154.91,2025-05-12,4,0,0,0,0,0,0,4,1,24,116,Unusable
Max Muncy,571970,161.48,2025-08-11,0,0,0,1,2,0,1,3,0,24,108,Unusable
Xavier Edwards,669364,165.36,2025-09-15,4,0,0,0,0,0,1,1,2,24,108,Unusable
Luis Arraez,650333,168.81,2025-07-14,5,0,0,0,1,0,2,1,0,24,49,Unusable
Tommy Edman,669242,186.13,2025-07-28,2,0,0,1,0,0,2,2,0,24,123,Unusable
Tommy Edman,669242,186.13,2025-09-15,2,0,0,1,0,0,2,2,0,24,108,Unusable
Bryson Stott,681082,202.3,2025-06-23,5,0,0,0,1,0,3,0,0,24,109,Unusable
Carlos Correa,621043,209.38,2025-05-19,1,0,0,1,1,0,3,1,0,24,111,Unusable
Carlos Correa,621043,209.38,2025-06-30,4,0,0,0,2,0,2,1,0,24,105,Unusable
Nico Hoerner,663538,212.11,2025-07-14,5,0,0,0,0,1,0,1,1,24,49,Unusable
Will Smith,669257,215.77,2025-03-24,2,0,0,1,0,0,2,2,0,24,57,Unusable
Shea Langeliers,669127,226.05,2025-03-24,1,0,0,1,1,0,1,3,0,24,57,Unusable
Matt Shaw,807713,227.33,2025-06-30,1,0,0,0,3,0,3,1,1,24,105,Unusable
Jake Cronenworth,630105,229.63,2025-08-18,2,0,0,0,3,1,2,1,0,24,107,Unusable
Andres Gimenez,665926,231.93,2025-08-11,4,0,0,0,2,0,3,0,0,24,108,Unusable
Andres Gimenez,665926,231.93,2025-09-08,3,1,0,0,1,0,1,2,0,24,91,Unusable
Ryan Mountcastle,663624,234.73,2025-09-22,1,0,0,1,1,0,2,2,0,24,97,Unusable
Kyle Manzardo,700932,237.05,2025-05-05,1,0,0,1,1,0,2,2,0,24,124,Unusable
Joey Ortiz,687401,237.06,2025-04-28,4,0,0,0,0,0,2,0,2,24,120,Unusable
Spencer Torkelson,679529,237.98,2025-07-28,6,0,0,0,0,0,0,1,1,24,123,Unusable
Josh Bell,605137,238,2025-08-18,0,0,0,1,2,0,2,2,0,24,107,Unusable
Christopher Morel,666624,238.29,2025-09-08,1,0,0,1,1,0,1,3,0,24,91,Unusable
Gavin Lux,666158,238.36,2025-06-30,1,1,0,0,3,0,3,0,0,24,105,Unusable
Ben Rice,700250,239.01,2025-07-21,1,0,0,1,1,0,3,1,0,24,112,Unusable
Francisco Alvarez,682626,239.35,2025-06-16,1,0,0,1,1,0,3,1,0,24,113,Unusable
Justin Turner,457759,239.35,2025-07-28,0,1,0,1,0,0,2,2,0,24,123,Unusable
Adam Frazier,624428,239.6,2025-03-31,4,0,0,0,1,1,1,2,0,24,111,Unusable
Keibert Ruiz,660688,239.6,2025-03-31,4,0,0,0,1,1,0,3,0,24,111,Unusable
Keibert Ruiz,660688,239.6,2025-05-05,3,1,0,0,1,0,2,1,0,24,124,Unusable
Jonathan Aranda,666018,239.63,2025-05-19,3,0,0,0,1,0,2,4,0,24,111,Unusable
Casey Schmitt,669477,239.77,2025-08-04,1,0,0,1,1,0,1,3,0,24,112,Unusable
Casey Schmitt,669477,239.77,2025-09-08,2,1,0,0,2,0,1,2,0,24,91,Unusable
Miguel Rojas,500743,239.78,2025-06-30,1,0,0,1,1,0,1,3,0,24,105,Unusable
Bo Naylor,666310,239.8,2025-09-01,1,2,0,0,1,0,3,0,0,24,113,Unusable
Nolan Gorman,669357,239.92,2025-03-24,2,0,0,1,0,0,3,1,0,24,57,Unusable
Nolan Gorman,669357,239.92,2025-09-08,0,2,0,0,2,0,2,1,0,24,91,Unusable
Oliver Dunn,686554,239.96,2025-03-31,2,1,0,0,0,0,2,4,0,24,111,Unusable
Ke'Bryan Hayes,663647,240,2025-04-07,2,0,0,0,4,0,2,1,0,24,102,Unusable
Ke'Bryan Hayes,663647,240,2025-06-30,4,0,0,0,0,0,2,2,1,24,105,Unusable
Patrick Bailey,672275,240,2025-07-21,2,2,0,0,0,0,1,2,0,24,112,Unusable
Patrick Bailey,672275,240,2025-08-11,3,1,0,0,1,0,1,2,0,24,108,Unusable
Patrick Bailey,672275,240,2025-09-15,3,1,0,0,1,0,2,1,0,24,108,Unusable
Brayan Rocchio,677587,NA,2025-03-31,2,1,0,0,0,2,0,3,0,24,111,Unusable
Orlando Arcia,606115,NA,2025-06-16,2,1,1,0,0,0,2,0,0,24,113,Unusable
Orlando Arcia,606115,NA,2025-08-25,3,1,0,0,1,0,1,2,0,24,107,Unusable
Amed Rosario,642708,NA,2025-03-24,2,0,0,1,0,0,3,1,0,24,57,Unusable
Amed Rosario,642708,NA,2025-05-05,3,1,0,0,1,0,1,2,0,24,124,Unusable
Amed Rosario,642708,NA,2025-05-12,4,0,0,0,0,2,1,2,0,24,116,Unusable
Javier Baez,595879,NA,2025-04-14,5,0,0,0,1,0,3,0,0,24,109,Unusable
Javier Baez,595879,NA,2025-06-02,6,0,0,0,0,0,2,1,0,24,110,Unusable
Ernie Clement,676391,NA,2025-06-02,3,1,0,0,1,0,3,0,0,24,110,Unusable
Korey Lee,686676,NA,2025-03-31,2,2,0,0,0,0,2,1,0,24,111,Unusable
Rowdy Tellez,642133,NA,2025-04-07,0,1,0,1,0,0,1,3,0,24,102,Unusable
Rowdy Tellez,642133,NA,2025-04-21,1,1,0,0,2,1,2,1,0,24,118,Unusable
Jon Berti,542932,NA,2025-04-07,1,0,0,0,0,1,3,0,3,24,102,Unusable
David Fry,681807,NA,2025-09-01,1,0,0,1,1,0,1,3,0,24,113,Unusable
Henry Davis,680779,NA,2025-08-04,2,0,0,1,0,0,2,2,0,24,112,Unusable
Edmundo Sosa,624641,NA,2025-03-24,3,1,0,0,1,0,2,1,0,24,57,Unusable
Luis Torrens,620443,NA,2025-05-19,3,1,0,0,1,0,3,0,0,24,111,Unusable
Travis d'Arnaud,518595,NA,2025-06-09,0,0,0,1,2,0,2,2,0,24,121,Unusable
Ramon Urias,602104,NA,2025-04-14,2,1,0,0,2,0,2,1,0,24,109,Unusable
Carson Williams,700246,NA,2025-09-01,1,0,0,1,1,0,1,3,0,24,113,Unusable
Kyle Farmer,571657,NA,2025-07-07,1,0,0,1,1,0,2,2,0,24,106,Unusable
Brett Harris,695391,NA,2025-09-15,2,1,0,0,1,1,0,1,1,24,108,Unusable
Josh Rojas,668942,NA,2025-07-07,0,1,0,1,0,0,2,2,0,24,106,Unusable
Jose Iglesias,578428,NA,2025-07-07,4,1,0,0,0,0,1,2,0,24,106,Unusable
Gunnar Henderson,683002,12.24,2025-04-21,4,1,0,0,1,0,0,1,0,23,119,Unusable
Bryce Harper,547180,27.32,2025-06-30,3,0,0,0,3,1,1,0,0,23,110,Unusable
Alex Bregman,608324,60.11,2025-05-19,2,1,0,0,3,0,0,1,0,23,117,Unusable
Jose Altuve,514888,81.09,2025-04-14,5,1,0,0,0,0,1,0,0,23,112,Unusable
Mark Vientos,668901,83.69,2025-05-19,1,1,0,0,2,2,1,0,0,23,117,Unusable
Mark Vientos,668901,83.69,2025-08-11,1,0,0,1,0,0,1,4,0,23,111,Unusable
Mark Vientos,668901,83.69,2025-09-22,3,0,0,0,2,0,1,1,1,23,98,Unusable
Matt McLain,680574,91.6,2025-05-19,3,1,0,0,0,0,1,1,1,23,117,Unusable
Eugenio Suarez,553993,104.99,2025-06-23,4,1,0,0,0,1,0,1,0,23,111,Unusable
Jake Burger,669394,115.47,2025-03-24,1,1,0,0,1,1,3,1,0,23,65,Unusable
Paul Goldschmidt,502671,117.94,2025-08-25,1,2,0,0,0,0,3,1,0,23,109,Unusable
Dansby Swanson,621020,124.49,2025-05-26,2,1,0,0,1,0,1,3,0,23,114,Unusable
Michael Toglia,669911,138.78,2025-03-31,3,1,0,0,2,0,1,0,0,23,117,Unusable
Jeremy Pena,665161,180.02,2025-06-23,1,2,0,0,1,1,1,0,0,23,111,Unusable
Willson Contreras,575929,182.14,2025-06-30,3,1,0,0,1,1,1,0,0,23,110,Unusable
Bryson Stott,681082,202.3,2025-05-19,5,0,0,0,0,0,2,0,1,23,117,Unusable
Bryson Stott,681082,202.3,2025-07-07,2,1,0,0,1,0,1,1,1,23,110,Unusable
Nico Hoerner,663538,212.11,2025-06-16,4,0,0,0,0,1,2,2,0,23,116,Unusable
Jake Cronenworth,630105,229.63,2025-09-22,2,0,0,0,3,0,1,3,0,23,98,Unusable
Brice Turang,668930,230.59,2025-04-28,4,0,0,0,3,0,0,1,0,23,121,Unusable
Austin Wells,669224,234.46,2025-07-28,2,0,0,0,1,0,3,0,2,23,126,Unusable
Colt Keith,690993,235.65,2025-04-07,5,0,0,0,0,0,3,1,0,23,106,Unusable
Carlos Santana,467793,237.36,2025-06-16,2,0,0,0,1,0,1,2,2,23,116,Unusable
Josh Bell,605137,238,2025-03-24,0,0,0,1,1,0,2,3,0,23,65,Unusable
Josh Bell,605137,238,2025-04-14,1,0,0,1,2,0,1,1,0,23,112,Unusable
Gavin Lux,666158,238.36,2025-07-07,3,1,0,0,2,0,1,0,0,23,110,Unusable
Gavin Lux,666158,238.36,2025-08-11,5,0,0,0,0,0,1,3,0,23,111,Unusable
Logan O'Hoppe,681351,238.67,2025-05-05,5,0,0,0,0,0,1,3,0,23,127,Unusable
Coby Mayo,691723,239.19,2025-06-09,1,2,0,0,2,0,0,1,0,23,122,Unusable
Nolan Schanuel,694384,239.52,2025-09-22,1,0,0,1,2,0,1,1,0,23,98,Unusable
Keibert Ruiz,660688,239.6,2025-05-26,3,1,0,0,0,0,2,2,0,23,114,Unusable
Ty France,664034,239.69,2025-08-25,3,0,0,1,0,0,1,1,0,23,109,Unusable
Maikel Garcia,672580,239.72,2025-06-30,3,1,0,0,2,0,0,1,0,23,110,Unusable
Sean Murphy,669221,239.72,2025-05-12,2,0,0,1,0,1,1,1,0,23,119,Unusable
Oswaldo Cabrera,665828,239.74,2025-03-31,3,0,0,0,2,0,0,4,0,23,117,Unusable
Jeff McNeil,643446,239.75,2025-07-14,1,1,0,0,4,0,0,1,0,23,53,Unusable
Kevin Newman,621028,239.88,2025-06-23,1,0,0,1,0,0,1,4,0,23,111,Unusable
Ryan O'Hearn,656811,239.89,2025-08-11,1,2,0,0,0,0,2,2,0,23,111,Unusable
Kyle Teel,691019,239.94,2025-07-07,1,0,0,0,3,1,2,2,0,23,110,Unusable
Endy Rodriguez,682848,239.97,2025-03-31,1,2,0,0,0,0,2,2,0,23,117,Unusable
Endy Rodriguez,682848,239.97,2025-04-07,4,1,0,0,1,0,1,0,0,23,106,Unusable
Brendan Rodgers,663898,239.98,2025-04-21,1,1,0,0,1,1,1,3,0,23,119,Unusable
Colson Montgomery,695657,239.98,2025-09-08,1,1,0,0,2,0,1,3,0,23,95,Unusable
Jorge Polanco,593871,239.99,2025-05-12,2,0,0,1,1,0,1,1,0,23,119,Unusable
Michael Massey,686681,239.99,2025-05-05,4,1,0,0,1,0,1,0,0,23,127,Unusable
Michael Massey,686681,239.99,2025-05-19,5,0,0,0,0,0,1,1,1,23,117,Unusable
Patrick Bailey,672275,240,2025-06-30,2,1,0,0,1,0,1,3,0,23,110,Unusable
Gabriel Moreno,672515,NA,2025-06-09,1,0,0,1,0,0,2,3,0,23,122,Unusable
Marcelo Mayer,691785,NA,2025-05-26,3,1,0,0,2,0,1,0,0,23,114,Unusable
Yoan Moncada,660162,NA,2025-08-25,1,1,0,0,4,0,1,0,0,23,109,Unusable
Joey Bart,663698,NA,2025-04-14,3,0,0,0,4,0,0,1,0,23,112,Unusable
Joey Bart,663698,NA,2025-04-21,4,1,0,0,1,0,0,1,0,23,119,Unusable
Bryce Eldridge,805811,NA,2025-09-15,0,1,0,0,2,1,1,3,0,23,112,Unusable
David Hamilton,666152,NA,2025-06-02,1,1,0,0,0,0,1,2,2,23,112,Unusable
Javier Baez,595879,NA,2025-08-18,4,0,0,0,1,0,2,2,0,23,109,Unusable
Ezequiel Duran,677649,NA,2025-08-25,3,1,0,0,0,0,2,2,0,23,109,Unusable
Lenyn Sosa,672820,NA,2025-04-28,4,0,0,0,1,0,1,3,0,23,121,Unusable
Miguel Amaya,665804,NA,2025-05-05,1,0,0,1,0,0,1,4,0,23,127,Unusable
Jose Caballero,676609,NA,2025-04-28,3,0,0,0,2,0,1,1,1,23,121,Unusable
Jose Caballero,676609,NA,2025-05-05,3,0,0,0,2,0,1,1,1,23,127,Unusable
Jose Caballero,676609,NA,2025-07-28,1,0,0,0,2,0,3,0,2,23,126,Unusable
Nick Fortes,663743,NA,2025-05-19,2,0,0,1,1,0,1,1,0,23,117,Unusable
Nick Fortes,663743,NA,2025-08-11,1,0,0,0,1,3,0,2,1,23,111,Unusable
Trey Sweeney,700242,NA,2025-04-14,4,0,0,0,1,0,3,1,0,23,112,Unusable
Dalton Rushing,687221,NA,2025-05-26,1,0,0,1,0,0,1,4,0,23,114,Unusable
Connor Wong,657136,NA,2025-08-18,3,1,0,0,0,0,1,1,1,23,109,Unusable
Alejandro Kirk,672386,NA,2025-09-08,4,0,0,0,1,0,1,3,0,23,95,Unusable
Agustin Ramirez,682663,NA,2025-06-30,1,0,0,1,0,0,1,4,0,23,110,Unusable
Agustin Ramirez,682663,NA,2025-07-14,3,1,0,0,0,0,1,3,0,23,53,Unusable
Luis Torrens,620443,NA,2025-06-23,2,0,0,1,1,0,1,1,0,23,111,Unusable
Vidal Brujan,660644,NA,2025-08-18,4,0,0,0,0,1,2,2,0,23,109,Unusable
Ramon Urias,602104,NA,2025-08-18,2,2,0,0,1,0,1,0,0,23,109,Unusable
Luis Urias,649966,NA,2025-08-04,4,0,0,0,1,0,2,2,0,23,114,Unusable
Ronny Mauricio,677595,NA,2025-06-09,1,0,0,1,1,1,1,1,0,23,122,Unusable
Jake Bauers,641343,NA,2025-09-22,1,1,0,0,4,0,0,1,0,23,98,Unusable
Pedro Pages,686780,NA,2025-03-31,1,2,0,0,0,0,1,3,0,23,117,Unusable
Jose Iglesias,578428,NA,2025-06-23,3,0,0,0,2,0,2,2,0,23,111,Unusable
Bryce Harper,547180,27.32,2025-06-02,0,0,0,1,2,0,2,1,0,22,113,Unusable
Rafael Devers,646240,35.39,2025-07-07,1,0,0,0,5,0,1,1,0,22,113,Unusable
Ketel Marte,606466,37.6,2025-09-08,4,1,0,0,0,0,1,1,0,22,97,Unusable
Oneil Cruz,665833,50.09,2025-07-14,2,0,1,0,0,0,0,2,1,22,55,Unusable
Oneil Cruz,665833,50.09,2025-09-01,2,0,0,0,2,0,0,3,1,22,116,Unusable
Marcus Semien,543760,65.54,2025-04-14,4,0,0,0,2,0,1,1,0,22,116,Unusable
Jordan Westburg,676059,108.66,2025-07-14,4,1,0,0,0,0,2,0,0,22,55,Unusable
Paul Goldschmidt,502671,117.94,2025-08-18,5,0,0,0,1,0,1,1,0,22,113,Unusable
Vinnie Pasquantino,686469,131.56,2025-03-31,3,0,0,0,1,0,0,5,0,22,121,Unusable
Anthony Volpe,683011,135.32,2025-09-22,4,1,0,0,0,0,2,0,0,22,102,Unusable
Jackson Holliday,702616,135.54,2025-08-04,2,0,0,0,4,0,1,1,0,22,115,Unusable
Michael Toglia,669911,138.78,2025-07-07,2,1,0,0,2,0,1,1,0,22,113,Unusable
Alec Bohm,664761,148.29,2025-06-23,2,1,0,0,2,0,1,1,0,22,116,Unusable
Max Muncy,691777,161.48,2025-04-14,2,1,0,0,2,0,2,0,0,22,116,Unusable
Max Muncy,691777,161.48,2025-06-16,3,0,0,0,3,0,1,1,0,22,118,Unusable
Jonathan India,663697,164.42,2025-03-24,3,0,0,0,2,1,2,0,0,22,67,Unusable
Jonathan India,663697,164.42,2025-05-19,0,1,0,0,3,1,2,0,0,22,123,Unusable
Masyn Winn,691026,166.08,2025-04-07,1,0,0,1,1,0,2,1,0,22,108,Unusable
Rhys Hoskins,656555,172.72,2025-06-02,4,0,0,0,2,0,1,1,0,22,113,Unusable
Rhys Hoskins,656555,172.72,2025-06-09,1,0,0,1,0,1,2,1,0,22,125,Unusable
Jeremy Pena,665161,180.02,2025-03-24,1,0,0,1,0,1,2,1,0,22,67,Unusable
Tommy Edman,669242,186.13,2025-07-14,2,0,0,1,0,0,2,1,0,22,55,Unusable
Tommy Edman,669242,186.13,2025-07-21,4,0,0,0,1,1,0,2,0,22,114,Unusable
Tommy Edman,669242,186.13,2025-09-08,3,0,0,0,1,0,3,2,0,22,97,Unusable
Nathaniel Lowe,663993,192.46,2025-04-21,1,0,0,1,1,0,1,2,0,22,122,Unusable
Nathaniel Lowe,663993,192.46,2025-05-19,4,1,0,0,0,0,1,1,0,22,123,Unusable
Salvador Perez,521692,194.19,2025-08-04,1,1,0,0,2,1,2,0,0,22,115,Unusable
Bryson Stott,681082,202.3,2025-06-09,4,0,0,0,2,0,1,1,0,22,125,Unusable
Bryson Stott,681082,202.3,2025-08-11,2,1,0,0,2,0,2,0,0,22,115,Unusable
Xander Bogaerts,593428,211.87,2025-04-21,3,0,0,0,3,0,2,0,0,22,122,Unusable
Kristian Campbell,692225,212.49,2025-05-19,3,0,0,0,3,0,2,0,0,22,123,Unusable
Brandon Lowe,664040,213.94,2025-04-14,3,0,0,0,1,0,1,4,0,22,116,Unusable
Michael Busch,683737,226.9,2025-07-14,1,0,0,1,1,0,2,1,0,22,55,Unusable
Jake Cronenworth,630105,229.63,2025-04-07,0,0,0,1,2,0,1,2,0,22,108,Unusable
Austin Wells,669224,234.46,2025-07-21,0,0,0,1,2,0,1,2,0,22,114,Unusable
Kyle Manzardo,700932,237.05,2025-05-26,3,0,0,0,2,1,1,1,0,22,118,Unusable
Kyle Manzardo,700932,237.05,2025-06-09,2,2,0,0,0,0,0,2,0,22,125,Unusable
Connor Norby,681393,237.78,2025-06-02,3,0,0,0,1,0,3,0,1,22,113,Unusable
Spencer Torkelson,679529,237.98,2025-08-25,0,0,1,0,4,0,1,0,0,22,113,Unusable
Jacob Wilson,805779,238.09,2025-06-23,4,0,0,0,2,0,2,0,0,22,116,Unusable
Logan O'Hoppe,681351,238.67,2025-08-25,1,0,0,1,1,0,2,1,0,22,113,Unusable
Trevor Story,596115,238.76,2025-09-22,4,1,0,0,0,0,1,1,0,22,102,Unusable
Coby Mayo,691723,239.19,2025-08-25,1,0,0,1,1,0,2,1,0,22,113,Unusable
Willi Castro,650489,239.25,2025-07-21,3,1,0,0,1,0,2,0,0,22,114,Unusable
Brett Baty,683146,239.56,2025-07-28,1,0,0,0,3,0,4,1,0,22,128,Unusable
DJ LeMahieu,518934,239.58,2025-06-16,3,1,0,0,1,0,1,1,0,22,118,Unusable
Adam Frazier,624428,239.6,2025-06-16,3,0,0,0,0,1,1,2,1,22,118,Unusable
Adam Frazier,624428,239.6,2025-08-18,2,1,0,0,2,0,1,1,0,22,113,Unusable
Keibert Ruiz,660688,239.6,2025-06-16,2,2,0,0,0,0,1,1,0,22,118,Unusable
Jeimer Candelario,600869,239.7,2025-03-31,2,1,0,0,2,0,0,2,0,22,121,Unusable
Jeimer Candelario,600869,239.7,2025-04-07,0,0,0,1,2,0,1,2,0,22,108,Unusable
Jeff McNeil,643446,239.75,2025-06-16,2,0,0,1,0,0,2,1,0,22,118,Unusable
Jeff McNeil,643446,239.75,2025-09-22,0,2,0,0,1,1,1,1,0,22,102,Unusable
Miguel Rojas,500743,239.78,2025-07-14,1,0,0,1,1,0,2,1,0,22,55,Unusable
Bo Naylor,666310,239.8,2025-05-05,3,1,0,0,1,0,2,0,0,22,131,Unusable
Ryan O'Hearn,656811,239.89,2025-07-14,1,0,0,1,1,0,1,2,0,22,55,Unusable
Caleb Durbin,702332,239.92,2025-09-22,2,0,0,0,0,2,0,1,2,22,102,Unusable
Kyle Teel,691019,239.94,2025-08-11,4,0,0,0,1,1,1,1,0,22,115,Unusable
Colson Montgomery,695657,239.98,2025-07-07,2,0,0,0,4,0,2,0,0,22,113,Unusable
Ke'Bryan Hayes,663647,240,2025-05-19,2,1,0,0,1,1,2,0,0,22,123,Unusable
Ke'Bryan Hayes,663647,240,2025-06-16,4,0,0,0,0,0,2,3,0,22,118,Unusable
Patrick Bailey,672275,240,2025-05-19,0,0,0,1,2,0,1,2,0,22,123,Unusable
Patrick Bailey,672275,240,2025-06-16,3,0,0,0,3,0,2,0,0,22,118,Unusable
Enrique Hernandez,571771,NA,2025-08-25,4,0,0,0,0,0,2,3,0,22,113,Unusable
Brayan Rocchio,677587,NA,2025-04-07,3,1,0,0,1,0,2,0,0,22,108,Unusable
Brayan Rocchio,677587,NA,2025-04-21,2,1,0,0,1,1,1,1,0,22,122,Unusable
Yoan Moncada,660162,NA,2025-07-14,1,0,0,1,1,0,2,1,0,22,55,Unusable
Christian Moore,695681,NA,2025-08-04,1,1,0,0,3,0,2,0,0,22,115,Unusable
Isaac Collins,686555,NA,2025-03-31,0,2,0,0,0,0,1,0,2,22,121,Unusable
Isaac Collins,686555,NA,2025-05-05,2,0,0,0,4,0,0,0,1,22,131,Unusable
Otto Lopez,672640,NA,2025-08-11,3,1,0,0,1,0,2,0,0,22,115,Unusable
Ivan Herrera,671056,NA,2025-06-16,4,0,0,0,0,0,1,4,0,22,118,Unusable
Amed Rosario,642708,NA,2025-06-02,1,0,0,1,1,0,2,1,0,22,113,Unusable
David Hamilton,666152,NA,2025-06-16,1,0,0,1,1,0,1,2,0,22,118,Unusable
David Hamilton,666152,NA,2025-09-15,0,0,0,1,0,0,1,1,2,22,113,Unusable
Javier Baez,595879,NA,2025-07-21,2,1,0,0,0,0,2,1,1,22,114,Unusable
Kyle Higashioka,543309,NA,2025-08-18,0,1,0,0,2,0,1,4,0,22,113,Unusable
Kyle Higashioka,543309,NA,2025-09-08,1,2,0,0,1,0,1,1,0,22,97,Unusable
Korey Lee,686676,NA,2025-08-25,1,0,0,1,1,0,1,2,0,22,113,Unusable
Ryan Bliss,669208,NA,2025-04-07,0,1,0,1,0,0,1,2,0,22,108,Unusable
Zach McKinstry,656716,NA,2025-05-26,0,1,1,0,1,1,1,0,0,22,118,Unusable
Zach McKinstry,656716,NA,2025-08-25,3,0,0,0,2,1,1,1,0,22,113,Unusable
Rowdy Tellez,642133,NA,2025-06-02,2,0,0,1,0,0,1,2,0,22,113,Unusable
Jon Berti,542932,NA,2025-03-17,3,0,0,0,0,1,1,0,2,22,2,IF1
Jon Berti,542932,NA,2025-04-28,2,1,0,0,2,0,2,0,0,22,124,Unusable
Henry Davis,680779,NA,2025-04-14,2,0,0,1,0,0,1,2,0,22,116,Unusable
Miguel Amaya,665804,NA,2025-04-14,1,2,0,0,1,0,1,1,0,22,116,Unusable
Andres Chaparro,665953,NA,2025-08-25,1,0,0,1,1,0,2,1,0,22,113,Unusable
Alejandro Kirk,672386,NA,2025-08-04,4,0,0,0,2,0,2,0,0,22,115,Unusable
Agustin Ramirez,682663,NA,2025-09-22,3,0,0,0,1,0,1,0,2,22,102,Unusable
Luis Torrens,620443,NA,2025-07-14,5,0,0,0,1,0,0,2,0,22,55,Unusable
Travis d'Arnaud,518595,NA,2025-05-12,1,0,0,1,1,0,1,2,0,22,121,Unusable
Ramon Urias,602104,NA,2025-06-16,0,0,0,1,1,1,2,1,0,22,118,Unusable
Kyle Farmer,571657,NA,2025-05-19,1,2,0,0,1,0,1,1,0,22,123,Unusable
Kyle Farmer,571657,NA,2025-09-08,1,0,0,1,1,0,1,2,0,22,97,Unusable
Gio Urshela,570482,NA,2025-06-16,2,1,0,0,2,0,1,1,0,22,118,Unusable
Jose Tena,677588,NA,2025-06-09,3,0,0,0,2,1,0,0,1,22,125,Unusable
Pedro Pages,686780,NA,2025-04-28,0,1,0,1,0,0,1,2,0,22,124,Unusable
Jose Iglesias,578428,NA,2025-08-04,2,0,0,0,4,0,1,1,0,22,115,Unusable
Andrew Knizner,668800,NA,2025-06-09,1,0,0,1,1,0,2,1,0,22,125,Unusable
Jose Ramirez,608070,8.37,2025-08-25,1,1,0,0,2,0,3,0,0,21,120,Unusable
Matt Olson,621566,21.79,2025-03-24,1,1,0,0,4,0,0,0,0,21,69,Unusable
Alex Bregman,608324,60.11,2025-07-14,1,0,0,1,0,0,1,3,0,21,63,Unusable
William Contreras,661388,61.55,2025-07-14,2,1,0,0,0,1,1,2,0,21,63,Unusable
Marcus Semien,543760,65.54,2025-04-07,1,1,0,0,2,0,2,1,0,21,113,Unusable
Marcus Semien,543760,65.54,2025-08-18,4,0,0,0,1,0,2,1,0,21,116,Unusable
Josh Naylor,647304,89.6,2025-07-14,1,1,0,0,2,0,3,0,0,21,63,Unusable
Matt Chapman,656305,93.14,2025-07-14,1,0,0,1,0,0,2,2,0,21,63,Unusable
Ezequiel Tovar,678662,111.22,2025-09-15,4,0,0,0,1,0,2,1,0,21,114,Unusable
Adley Rutschman,668939,112.59,2025-05-05,2,0,1,0,1,0,1,1,0,21,133,Unusable
Jake Burger,669394,115.47,2025-04-14,4,0,0,0,0,1,2,1,0,21,121,Unusable
Paul Goldschmidt,502671,117.94,2025-07-14,2,1,0,0,1,0,2,1,0,21,63,Unusable
Dansby Swanson,621020,124.49,2025-04-14,3,1,0,0,0,0,3,0,0,21,121,Unusable
Xavier Edwards,669364,165.36,2025-04-21,4,0,0,0,1,0,1,2,0,21,125,Unusable
Royce Lewis,668904,168.33,2025-08-04,1,1,0,0,2,0,1,2,0,21,120,Unusable
Josh Jung,673962,208.9,2025-09-01,3,1,0,0,0,0,2,1,0,21,117,Unusable
Kristian Campbell,692225,212.49,2025-04-07,5,0,0,0,2,0,0,0,0,21,113,Unusable
Brandon Lowe,664040,213.94,2025-09-08,2,1,0,0,1,0,2,1,0,21,101,Unusable
Matt Shaw,807713,227.33,2025-06-16,1,1,0,0,0,2,0,1,1,21,129,Unusable
Matt Shaw,807713,227.33,2025-08-25,3,1,0,0,0,0,1,2,0,21,120,Unusable
Andres Gimenez,665926,231.93,2025-08-18,2,0,0,0,1,2,0,1,1,21,116,Unusable
Joey Ortiz,687401,237.06,2025-09-01,2,0,0,0,1,0,1,1,2,21,117,Unusable
Connor Norby,681393,237.78,2025-06-09,2,1,0,0,1,0,1,2,0,21,130,Unusable
Josh Bell,605137,238,2025-08-25,5,0,0,0,2,0,0,0,0,21,120,Unusable
Jacob Wilson,805779,238.09,2025-06-09,5,0,0,0,0,0,3,0,0,21,130,Unusable
Hyeseong Kim,808975,238.24,2025-06-16,1,2,0,0,0,0,2,1,0,21,129,Unusable
Christopher Morel,666624,238.29,2025-06-30,1,0,0,1,0,0,3,1,0,21,115,Unusable
Ben Rice,700250,239.01,2025-07-07,2,1,0,0,1,0,3,0,0,21,116,Unusable
DJ LeMahieu,518934,239.58,2025-05-19,3,0,0,0,2,0,1,2,0,21,129,Unusable
Josh Smith,669701,239.59,2025-05-19,1,1,0,0,2,0,0,1,1,21,129,Unusable
Ty France,664034,239.69,2025-09-01,3,1,0,0,0,0,1,2,0,21,117,Unusable
Jeimer Candelario,600869,239.7,2025-03-24,3,0,0,0,2,0,0,3,0,21,69,Unusable
Sean Murphy,669221,239.72,2025-04-28,3,1,0,0,0,0,2,1,0,21,126,Unusable
Jeff McNeil,643446,239.75,2025-09-15,1,1,0,0,2,0,1,2,0,21,114,Unusable
Casey Schmitt,669477,239.77,2025-08-25,3,1,0,0,0,0,1,2,0,21,120,Unusable
Luis Rengifo,650859,239.81,2025-08-18,3,0,0,0,2,0,0,1,1,21,116,Unusable
Spencer Horwitz,687462,239.83,2025-07-07,2,0,0,0,3,0,2,1,0,21,116,Unusable
Vinny Capra,681962,239.86,2025-03-24,1,0,0,1,0,0,2,2,0,21,69,Unusable
Ryan O'Hearn,656811,239.89,2025-06-02,4,0,0,0,1,0,1,2,0,21,118,Unusable
Elias Diaz,553869,239.91,2025-04-07,1,1,0,0,2,0,1,2,0,21,113,Unusable
Elias Diaz,553869,239.91,2025-08-18,0,0,0,1,1,0,2,2,0,21,116,Unusable
Curtis Mead,678554,239.94,2025-04-28,4,0,0,0,1,0,0,1,1,21,126,Unusable
Curtis Mead,678554,239.94,2025-08-11,4,0,0,0,1,0,2,1,0,21,118,Unusable
Brooks Lee,686797,239.95,2025-05-26,5,0,0,0,0,0,1,2,0,21,120,Unusable
Brooks Lee,686797,239.95,2025-07-21,2,0,0,0,2,1,1,0,1,21,118,Unusable
Oliver Dunn,686554,239.96,2025-04-07,2,1,0,0,1,0,2,1,0,21,113,Unusable
Ke'Bryan Hayes,663647,240,2025-07-07,3,1,0,0,0,0,1,2,0,21,116,Unusable
Brayan Rocchio,677587,NA,2025-08-25,4,0,0,0,1,0,1,2,0,21,120,Unusable
Ezequiel Duran,677649,NA,2025-09-22,3,1,0,0,0,0,1,0,1,21,107,Unusable
Zach McKinstry,656716,NA,2025-08-11,2,0,0,0,1,0,1,1,2,21,118,Unusable
Rowdy Tellez,642133,NA,2025-07-14,0,0,0,1,1,0,1,3,0,21,63,Unusable
Henry Davis,680779,NA,2025-06-23,3,1,0,0,0,0,3,0,0,21,118,Unusable
Jose Caballero,676609,NA,2025-03-31,0,1,0,0,3,0,0,1,1,21,124,Unusable
Jose Caballero,676609,NA,2025-04-14,0,2,0,0,1,0,3,0,0,21,121,Unusable
Jose Caballero,676609,NA,2025-04-21,1,1,0,0,0,0,0,2,2,21,125,Unusable
Nick Fortes,663743,NA,2025-09-15,3,1,0,0,0,0,1,2,0,21,114,Unusable
Trey Sweeney,700242,NA,2025-05-19,3,0,0,0,2,0,1,2,0,21,129,Unusable
Edmundo Sosa,624641,NA,2025-08-25,2,1,0,0,1,0,1,2,0,21,120,Unusable
Luis Torrens,620443,NA,2025-05-05,0,1,1,0,1,0,1,1,0,21,133,Unusable
Dylan Moore,664238,NA,2025-08-25,1,0,0,1,0,0,1,3,0,21,120,Unusable
Max Schuemann,680474,NA,2025-05-19,3,0,0,0,2,0,1,0,1,21,129,Unusable
Kyle Farmer,571657,NA,2025-05-05,2,1,0,0,1,0,1,2,0,21,133,Unusable
Brett Harris,695391,NA,2025-08-18,3,0,0,0,1,1,1,2,0,21,116,Unusable
Tyler Wade,642180,NA,2025-04-28,4,0,0,0,1,0,1,2,0,21,126,Unusable
Pedro Pages,686780,NA,2025-07-28,1,0,0,1,0,0,1,3,0,21,129,Unusable
Jose Iglesias,578428,NA,2025-05-26,1,1,0,0,2,0,1,2,0,21,120,Unusable
Jose Trevino,624431,NA,2025-08-11,3,0,0,0,0,0,2,4,0,21,118,Unusable
Jose Ramirez,608070,8.37,2025-06-23,2,0,0,0,1,1,0,2,1,20,119,Unusable
Ozzie Albies,645277,58.95,2025-06-30,5,0,0,0,0,1,1,0,0,20,116,Unusable
CJ Abrams,682928,79.08,2025-06-02,2,1,0,0,0,0,1,1,1,20,119,Unusable
Jose Altuve,514888,81.09,2025-03-24,5,0,0,0,1,0,1,0,0,20,72,Unusable
Mark Vientos,668901,83.69,2025-03-31,2,1,0,0,2,0,1,0,0,20,125,Unusable
Josh Naylor,647304,89.6,2025-08-11,4,0,0,0,0,0,1,3,0,20,121,Unusable
Matt Chapman,656305,93.14,2025-08-18,0,1,0,0,2,0,2,0,1,20,121,Unusable
Adley Rutschman,668939,112.59,2025-03-31,4,0,0,0,2,0,1,0,0,20,125,Unusable
Adley Rutschman,668939,112.59,2025-06-16,1,0,0,1,1,0,1,1,0,20,131,Unusable
Jake Burger,669394,115.47,2025-06-30,5,0,0,0,0,1,1,0,0,20,116,Unusable
Isaac Paredes,670623,121.15,2025-09-15,1,0,0,1,1,0,1,1,0,20,117,Unusable
Gleyber Torres,650402,147.51,2025-07-14,3,0,0,0,3,0,1,0,0,20,69,Unusable
Max Muncy,571970,161.48,2025-09-08,1,0,0,0,3,2,1,0,0,20,102,Unusable
Jonathan India,663697,164.42,2025-07-14,0,1,0,0,1,1,2,2,0,20,69,Unusable
Masyn Winn,691026,166.08,2025-06-09,4,0,0,0,0,0,4,0,0,20,132,Unusable
Rhys Hoskins,656555,172.72,2025-03-31,2,0,0,0,4,0,0,1,0,20,125,Unusable
Nathaniel Lowe,663993,192.46,2025-06-02,4,1,0,0,0,0,1,0,0,20,119,Unusable
Nathaniel Lowe,663993,192.46,2025-07-14,2,0,0,1,0,0,1,1,0,20,69,Unusable
Josh Jung,673962,208.9,2025-07-28,2,0,0,1,0,0,1,1,0,20,130,Unusable
Carlos Correa,621043,209.38,2025-08-11,4,0,0,0,0,0,2,2,0,20,121,Unusable
Xander Bogaerts,593428,211.87,2025-08-25,3,0,0,0,0,1,1,1,1,20,127,Unusable
Nico Hoerner,663538,212.11,2025-04-07,3,0,0,0,1,0,0,4,0,20,117,Unusable
Kristian Campbell,692225,212.49,2025-05-26,5,0,0,0,1,0,0,1,0,20,122,Unusable
Michael Busch,683737,226.9,2025-03-24,4,0,0,0,2,0,1,0,0,20,72,Unusable
Nolan Arenado,571448,227.39,2025-05-12,3,0,0,0,1,0,2,2,0,20,122,Unusable
Brice Turang,668930,230.59,2025-07-14,3,0,0,0,1,0,2,0,1,20,69,Unusable
Austin Wells,669224,234.46,2025-09-08,1,0,0,1,1,0,1,1,0,20,102,Unusable
Ryan Mountcastle,663624,234.73,2025-08-04,1,0,0,1,1,0,1,1,0,20,121,Unusable
Joey Ortiz,687401,237.06,2025-07-21,3,0,0,0,1,0,3,1,0,20,119,Unusable
Carlos Santana,467793,237.36,2025-03-24,1,1,0,0,1,0,3,1,0,20,72,Unusable
Connor Norby,681393,237.78,2025-06-30,2,0,0,1,0,0,1,1,0,20,116,Unusable
Tyler Fitzgerald,666149,237.85,2025-03-24,2,1,0,0,0,0,2,0,1,20,72,Unusable
Josh Bell,605137,238,2025-04-28,1,0,0,1,1,0,1,1,0,20,129,Unusable
Ben Rice,700250,239.01,2025-07-14,0,2,0,0,2,0,1,0,0,20,69,Unusable
Justin Turner,457759,239.35,2025-03-31,3,0,0,0,0,1,1,3,0,20,125,Unusable
Justin Turner,457759,239.35,2025-07-07,1,0,0,1,1,0,1,1,0,20,119,Unusable
Brett Baty,683146,239.56,2025-05-12,2,0,0,1,0,0,1,1,0,20,122,Unusable
Josh Smith,669701,239.59,2025-04-14,3,1,0,0,1,0,1,0,0,20,124,Unusable
Adam Frazier,624428,239.6,2025-04-28,0,0,0,1,1,1,1,1,0,20,129,Unusable
Jonah Bride,681146,239.69,2025-05-12,0,2,0,0,1,1,1,0,0,20,122,Unusable
Sean Murphy,669221,239.72,2025-06-09,3,1,0,0,1,0,1,0,0,20,132,Unusable
Miguel Rojas,500743,239.78,2025-09-22,2,2,0,0,0,0,1,0,0,20,108,Unusable
Noelvi Marte,682622,239.78,2025-09-08,2,0,0,1,0,0,1,1,0,20,102,Unusable
Brooks Lee,686797,239.95,2025-09-08,1,0,0,0,3,0,1,1,1,20,102,Unusable
Will Wagner,695238,239.98,2025-03-24,2,2,0,0,0,0,1,0,0,20,72,Unusable
Gage Workman,669398,239.98,2025-04-07,1,1,0,0,1,0,0,2,1,20,117,Unusable
Jorge Polanco,593871,239.99,2025-04-14,2,2,0,0,0,0,1,0,0,20,124,Unusable
Ke'Bryan Hayes,663647,240,2025-06-02,4,0,0,0,1,1,1,0,0,20,119,Unusable
Patrick Bailey,672275,240,2025-05-26,3,1,0,0,1,0,1,0,0,20,122,Unusable
Enrique Hernandez,571771,NA,2025-04-28,3,0,0,0,1,0,2,2,0,20,129,Unusable
Yoan Moncada,660162,NA,2025-07-28,3,0,0,0,1,0,2,2,0,20,130,Unusable
Christian Moore,695681,NA,2025-08-25,2,0,0,1,0,0,1,1,0,20,127,Unusable
Orlando Arcia,606115,NA,2025-05-26,2,0,0,1,0,0,1,1,0,20,122,Unusable
Otto Lopez,672640,NA,2025-09-22,4,1,0,0,0,0,1,0,0,20,108,Unusable
Gabriel Arias,672356,NA,2025-09-08,2,1,0,0,0,0,2,0,1,20,102,Unusable
Amed Rosario,642708,NA,2025-06-30,4,0,0,0,2,0,1,0,0,20,116,Unusable
Kyle Higashioka,543309,NA,2025-04-28,0,2,0,0,0,0,1,3,0,20,129,Unusable
Jonah Heim,641680,NA,2025-03-31,4,0,0,0,0,0,1,1,1,20,125,Unusable
Jonah Heim,641680,NA,2025-04-14,1,1,0,0,3,0,1,0,0,20,124,Unusable
Ryan Bliss,669208,NA,2025-03-31,4,0,0,0,2,0,0,1,0,20,125,Unusable
Rowdy Tellez,642133,NA,2025-04-28,4,0,0,0,0,0,2,2,0,20,129,Unusable
Rowdy Tellez,642133,NA,2025-05-19,4,0,0,0,2,0,0,1,0,20,133,Unusable
Jon Berti,542932,NA,2025-07-07,3,0,0,0,1,0,0,0,2,20,119,Unusable
David Fry,681807,NA,2025-06-30,1,0,0,1,1,0,1,1,0,20,116,Unusable
David Fry,681807,NA,2025-07-07,1,0,0,1,1,0,1,1,0,20,119,Unusable
Jose Caballero,676609,NA,2025-06-02,0,0,0,0,2,0,3,0,2,20,119,Unusable
Nick Fortes,663743,NA,2025-07-07,3,1,0,0,0,1,1,0,0,20,119,Unusable
Dalton Rushing,687221,NA,2025-08-18,0,0,0,1,0,0,1,4,0,20,121,Unusable
Austin Hedges,595978,NA,2025-03-31,0,0,0,1,2,0,1,1,0,20,125,Unusable
Vidal Brujan,660644,NA,2025-05-12,2,1,0,0,0,0,2,2,0,20,122,Unusable
Alan Trejo,676701,NA,2025-04-28,2,2,0,0,0,0,1,0,0,20,129,Unusable
Tyler Wade,642180,NA,2025-06-09,0,0,1,0,1,1,0,3,0,20,132,Unusable
Pedro Pages,686780,NA,2025-04-14,1,1,0,0,1,0,1,3,0,20,124,Unusable
Pedro Pages,686780,NA,2025-08-18,2,0,0,0,2,0,2,2,0,20,121,Unusable
Thomas Saggese,695336,NA,2025-04-07,6,0,0,0,0,0,1,0,0,20,117,Unusable
Yuli Gurriel,493329,NA,2025-04-07,1,1,0,0,1,0,2,2,0,20,117,Unusable
Andrew Knizner,668800,NA,2025-09-22,0,0,1,0,2,0,1,2,0,20,108,Unusable
Manny Machado,592518,45.54,2025-04-21,2,1,0,0,1,0,1,1,0,19,127,Unusable
Alex Bregman,608324,60.11,2025-03-24,4,0,0,0,1,0,0,0,1,19,77,Unusable
Alex Bregman,608324,60.11,2025-09-22,1,1,0,0,2,0,2,0,0,19,111,Unusable
Ezequiel Tovar,678662,111.22,2025-04-07,3,0,0,0,2,0,0,0,1,19,121,Unusable
Alec Bohm,664761,148.29,2025-09-01,2,0,1,0,1,0,1,0,0,19,120,Unusable
Cal Raleigh,663728,152.19,2025-07-14,2,0,0,0,1,0,2,1,1,19,74,Unusable
Yandy Diaz,650490,154.91,2025-08-18,1,0,0,1,0,0,1,2,0,19,124,Unusable
Rhys Hoskins,656555,172.72,2025-06-23,1,0,0,0,3,1,1,1,0,19,120,Unusable
Tommy Edman,669242,186.13,2025-03-17,1,0,0,1,0,0,1,2,0,19,3,IF1
Kristian Campbell,692225,212.49,2025-05-12,0,0,0,1,1,0,1,2,0,19,126,Unusable
Zack Gelof,680869,225.25,2025-09-08,3,0,0,0,2,0,0,0,1,19,107,Unusable
Matt Shaw,807713,227.33,2025-09-08,2,0,0,0,1,0,1,4,0,19,107,Unusable
Brice Turang,668930,230.59,2025-06-30,2,1,0,0,1,0,1,1,0,19,121,Unusable
Yainer Diaz,673237,234.25,2025-04-14,3,1,0,0,0,0,1,1,0,19,128,Unusable
Yainer Diaz,673237,234.25,2025-06-16,4,0,0,0,1,0,2,0,0,19,132,Unusable
Ryan Mountcastle,663624,234.73,2025-05-19,4,0,0,0,1,0,1,1,0,19,134,Unusable
Joey Ortiz,687401,237.06,2025-08-18,4,0,0,0,1,0,1,1,0,19,124,Unusable
Carlos Santana,467793,237.36,2025-07-21,4,0,0,0,1,0,0,2,0,19,120,Unusable
Connor Norby,681393,237.78,2025-09-01,2,1,0,0,1,0,0,2,0,19,120,Unusable
Jacob Wilson,805779,238.09,2025-07-14,1,0,0,1,0,0,1,2,0,19,74,Unusable
Hyeseong Kim,808975,238.24,2025-06-09,1,1,0,0,1,1,0,2,0,19,135,Unusable
Hyeseong Kim,808975,238.24,2025-09-22,1,0,0,1,0,0,1,2,0,19,111,Unusable
Christopher Morel,666624,238.29,2025-08-11,1,0,0,1,0,0,1,2,0,19,123,Unusable
Logan O'Hoppe,681351,238.67,2025-07-14,2,0,1,0,1,0,1,0,0,19,74,Unusable
Logan O'Hoppe,681351,238.67,2025-07-28,1,1,0,0,2,0,2,0,0,19,132,Unusable
Thairo Estrada,642731,239.19,2025-07-21,1,0,0,1,0,0,1,2,0,19,120,Unusable
Francisco Alvarez,682626,239.35,2025-04-21,1,0,0,1,0,0,1,2,0,19,127,Unusable
Justin Turner,457759,239.35,2025-05-12,1,1,0,0,2,0,0,2,0,19,126,Unusable
Brett Baty,683146,239.56,2025-04-21,0,0,0,1,1,0,1,2,0,19,127,Unusable
Brett Baty,683146,239.56,2025-08-04,1,0,0,1,0,0,1,2,0,19,122,Unusable
Adam Frazier,624428,239.6,2025-05-05,4,0,0,0,1,0,1,1,0,19,136,Unusable
Adam Frazier,624428,239.6,2025-05-12,1,1,0,0,2,0,0,0,1,19,126,Unusable
Adam Frazier,624428,239.6,2025-07-14,0,2,0,0,1,0,0,2,0,19,74,Unusable
Ty France,664034,239.69,2025-04-14,1,0,0,0,3,1,0,2,0,19,128,Unusable
Miguel Rojas,500743,239.78,2025-06-09,1,0,0,1,0,0,2,1,0,19,135,Unusable
Miguel Rojas,500743,239.78,2025-06-23,2,1,0,0,1,0,1,1,0,19,120,Unusable
Bo Naylor,666310,239.8,2025-05-26,0,0,0,0,5,0,2,0,0,19,125,Unusable
Bo Naylor,666310,239.8,2025-07-07,1,1,0,0,2,0,2,0,0,19,123,Unusable
Luis Rengifo,650859,239.81,2025-04-28,2,0,0,0,1,0,1,2,1,19,135,Unusable
Luis Rengifo,650859,239.81,2025-05-19,5,0,0,0,0,0,1,1,0,19,134,Unusable
Luis Rengifo,650859,239.81,2025-06-30,5,0,0,0,0,0,1,1,0,19,121,Unusable
Elias Diaz,553869,239.91,2025-04-21,0,0,0,1,1,0,1,2,0,19,127,Unusable
Tyler Stephenson,663886,239.91,2025-07-07,2,1,0,0,1,0,0,2,0,19,123,Unusable
Caleb Durbin,702332,239.92,2025-04-14,2,0,0,0,0,1,2,1,1,19,128,Unusable
Caleb Durbin,702332,239.92,2025-05-05,2,0,0,0,2,1,0,2,0,19,136,Unusable
Nick Gonzales,693304,239.92,2025-09-15,2,1,0,0,0,1,0,2,0,19,118,Unusable
Brendan Rodgers,663898,239.98,2025-04-28,4,0,0,0,1,0,2,0,0,19,135,Unusable
Ke'Bryan Hayes,663647,240,2025-09-22,3,0,0,0,2,0,1,1,0,19,111,Unusable
Enrique Hernandez,571771,NA,2025-05-26,3,1,0,0,0,0,1,1,0,19,125,Unusable
Enrique Hernandez,571771,NA,2025-06-16,0,2,0,0,1,0,2,0,0,19,132,Unusable
Christian Moore,695681,NA,2025-09-08,0,0,0,1,1,0,2,1,0,19,107,Unusable
Matt Mervis,670223,NA,2025-05-05,2,0,0,0,3,0,2,0,0,19,136,Unusable
Orlando Arcia,606115,NA,2025-04-07,2,1,0,0,1,0,1,1,0,19,121,Unusable
Isaac Collins,686555,NA,2025-06-09,2,0,1,0,1,0,1,0,0,19,135,Unusable
Otto Lopez,672640,NA,2025-04-28,4,0,0,0,1,0,2,0,0,19,135,Unusable
Amed Rosario,642708,NA,2025-05-19,1,2,0,0,0,0,1,1,0,19,134,Unusable
Amed Rosario,642708,NA,2025-09-08,1,0,0,1,0,0,1,2,0,19,107,Unusable
David Hamilton,666152,NA,2025-09-22,0,0,0,1,1,0,1,2,0,19,111,Unusable
Ernie Clement,676391,NA,2025-03-31,1,0,0,0,4,0,0,2,0,19,132,Unusable
Ernie Clement,676391,NA,2025-04-28,3,1,0,0,0,0,2,0,0,19,135,Unusable
Kyle Higashioka,543309,NA,2025-07-14,3,1,0,0,0,0,0,0,1,19,74,Unusable
Jonah Heim,641680,NA,2025-06-02,0,0,0,1,1,0,1,2,0,19,123,Unusable
Jonah Heim,641680,NA,2025-08-11,4,0,0,0,1,0,0,2,0,19,123,Unusable
Gustavo Campero,672569,NA,2025-08-04,1,0,0,1,0,0,1,2,0,19,122,Unusable
Henry Davis,680779,NA,2025-06-09,1,1,0,0,2,0,2,0,0,19,135,Unusable
Jose Caballero,676609,NA,2025-03-24,2,0,0,0,1,0,1,2,1,19,77,Unusable
Jose Caballero,676609,NA,2025-09-01,0,1,0,0,1,0,0,1,2,19,120,Unusable
Nick Fortes,663743,NA,2025-08-18,2,0,0,0,1,2,1,1,0,19,124,Unusable
Dalton Rushing,687221,NA,2025-08-11,1,0,0,1,0,0,1,2,0,19,123,Unusable
Alejandro Kirk,672386,NA,2025-04-14,3,0,0,0,1,1,0,2,0,19,128,Unusable
Alejandro Kirk,672386,NA,2025-04-21,3,1,0,0,0,0,0,2,0,19,127,Unusable
Martin Maldonado,455117,NA,2025-05-05,0,0,0,1,1,0,1,2,0,19,136,Unusable
Dylan Moore,664238,NA,2025-06-30,0,0,0,1,1,0,1,2,0,19,121,Unusable
Max Schuemann,680474,NA,2025-06-02,2,0,0,0,2,1,0,2,0,19,123,Unusable
Tyler Black,672012,NA,2025-07-21,1,1,0,0,2,0,1,1,0,19,120,Unusable
Kyle Farmer,571657,NA,2025-08-04,2,0,0,0,3,0,1,1,0,19,122,Unusable
Connor Joe,656582,NA,2025-06-09,1,2,0,0,0,0,0,2,0,19,135,Unusable
Adrian Del Castillo,680728,NA,2025-09-15,1,0,0,1,0,0,1,2,0,19,118,Unusable
Tyler Wade,642180,NA,2025-05-26,2,0,0,0,1,0,3,2,0,19,125,Unusable
Jose Tena,677588,NA,2025-08-11,1,1,0,0,0,0,0,3,1,19,123,Unusable
Pedro Pages,686780,NA,2025-04-07,4,0,0,0,1,0,1,1,0,19,121,Unusable
Pedro Pages,686780,NA,2025-09-08,4,0,0,0,1,0,1,1,0,19,107,Unusable
Thomas Saggese,695336,NA,2025-09-01,2,1,0,0,1,0,1,1,0,19,120,Unusable
Jose Trevino,624431,NA,2025-08-18,3,0,0,0,2,0,1,1,0,19,124,Unusable
Andrew Knizner,668800,NA,2025-08-25,3,0,0,0,1,1,2,0,0,19,129,Unusable
Elly De La Cruz,682829,5.23,2025-03-24,3,0,0,0,1,0,2,1,0,18,79,Unusable
Mookie Betts,605141,16.08,2025-05-26,2,0,0,0,2,0,2,1,0,18,128,Unusable
Ozzie Albies,645277,58.95,2025-05-05,2,0,0,0,2,0,2,1,0,18,140,Unusable
Christian Walker,572233,74.01,2025-06-23,1,2,0,0,1,0,0,0,0,18,122,Unusable
Josh Naylor,647304,89.6,2025-06-30,3,0,0,0,1,0,0,3,0,18,124,Unusable
Eugenio Suarez,553993,104.99,2025-04-07,1,1,0,0,2,1,0,0,0,18,124,Unusable
Eugenio Suarez,553993,104.99,2025-04-28,2,1,0,0,0,0,2,1,0,18,139,Unusable
Jake Burger,669394,115.47,2025-05-26,2,1,0,0,0,0,2,1,0,18,128,Unusable
Isaac Paredes,670623,121.15,2025-09-22,3,0,0,0,0,1,1,2,0,18,115,Unusable
Jackson Holliday,702616,135.54,2025-09-15,2,1,0,0,2,0,0,0,0,18,120,Unusable
Jonathan India,663697,164.42,2025-09-22,0,0,0,1,0,0,1,3,0,18,115,Unusable
Ryan McMahon,641857,172.9,2025-03-24,3,1,0,0,1,0,0,0,0,18,79,Unusable
Willson Contreras,575929,182.14,2025-05-19,3,0,0,0,0,1,1,2,0,18,137,Unusable
Andres Gimenez,665926,231.93,2025-04-21,1,0,0,0,2,1,1,0,1,18,132,Unusable
Joey Ortiz,687401,237.06,2025-03-31,3,1,0,0,1,0,0,0,0,18,133,Unusable
Joey Ortiz,687401,237.06,2025-04-14,3,0,0,0,1,0,1,2,0,18,132,Unusable
Joey Ortiz,687401,237.06,2025-09-08,4,0,0,0,0,0,3,0,0,18,112,Unusable
Tyler Fitzgerald,666149,237.85,2025-04-21,3,0,0,0,1,0,2,1,0,18,132,Unusable
Spencer Torkelson,679529,237.98,2025-09-22,3,0,0,0,3,0,0,0,0,18,115,Unusable
Christopher Morel,666624,238.29,2025-03-31,3,0,0,0,1,0,2,1,0,18,133,Unusable
Logan O'Hoppe,681351,238.67,2025-09-15,3,1,0,0,1,0,0,0,0,18,120,Unusable
Trevor Story,596115,238.76,2025-03-24,1,0,0,0,1,0,2,0,2,18,79,Unusable
Brett Baty,683146,239.56,2025-04-07,2,0,1,0,0,0,1,1,0,18,124,Unusable
Luisangel Acuna,682668,239.64,2025-09-01,2,0,0,0,0,0,2,0,2,18,124,Unusable
Oswaldo Cabrera,665828,239.74,2025-04-28,3,0,0,0,0,1,3,0,0,18,139,Unusable
Bo Naylor,666310,239.8,2025-06-30,1,2,0,0,1,0,0,0,0,18,124,Unusable
Luis Rengifo,650859,239.81,2025-04-21,6,0,0,0,0,0,0,0,0,18,132,Unusable
Tyler Stephenson,663886,239.91,2025-06-16,1,0,0,0,3,0,2,1,0,18,134,Unusable
Kyle Teel,691019,239.94,2025-06-16,1,1,0,0,2,1,0,0,0,18,134,Unusable
Will Wagner,695238,239.98,2025-04-07,1,0,0,0,3,0,1,2,0,18,124,Unusable
Colson Montgomery,695657,239.98,2025-07-14,2,1,0,0,0,0,0,3,0,18,79,Unusable
Ke'Bryan Hayes,663647,240,2025-03-24,2,0,0,0,0,0,2,0,2,18,79,Unusable
Ke'Bryan Hayes,663647,240,2025-07-14,1,1,0,0,1,0,1,2,0,18,79,Unusable
Ke'Bryan Hayes,663647,240,2025-09-08,4,0,0,0,2,0,0,0,0,18,112,Unusable
Patrick Bailey,672275,240,2025-08-25,2,0,0,0,2,0,2,1,0,18,130,Unusable
Nick Kurtz,701762,NA,2025-04-21,4,0,0,0,0,0,0,3,0,18,132,Unusable
Enrique Hernandez,571771,NA,2025-03-17,0,0,0,1,0,0,1,3,0,18,4,IF1
Marcelo Mayer,691785,NA,2025-06-23,2,0,1,0,0,0,1,1,0,18,122,Unusable
Joey Bart,663698,NA,2025-06-23,2,0,0,0,2,0,2,1,0,18,122,Unusable
Tim Anderson,641313,NA,2025-04-07,2,0,0,0,2,0,1,0,1,18,124,Unusable
Otto Lopez,672640,NA,2025-05-12,0,0,0,1,0,0,1,3,0,18,129,Unusable
Ivan Herrera,671056,NA,2025-05-05,1,1,0,0,1,0,1,2,0,18,140,Unusable
Mark Canha,592192,NA,2025-05-19,5,0,0,0,1,0,0,0,0,18,137,Unusable
David Hamilton,666152,NA,2025-09-01,1,0,0,0,1,0,1,1,2,18,124,Unusable
Kyle Higashioka,543309,NA,2025-05-26,3,0,0,0,1,0,3,0,0,18,128,Unusable
Lenyn Sosa,672820,NA,2025-07-21,2,1,0,0,0,0,0,3,0,18,123,Unusable
Jon Berti,542932,NA,2025-04-14,2,0,0,0,2,0,1,0,1,18,132,Unusable
Henry Davis,680779,NA,2025-08-25,0,0,0,1,0,0,1,3,0,18,130,Unusable
Andres Chaparro,665953,NA,2025-08-18,2,1,0,0,2,0,0,0,0,18,128,Unusable
Connor Wong,657136,NA,2025-07-28,1,1,0,0,1,0,2,1,0,18,133,Unusable
Emmanuel Rivera,656896,NA,2025-05-19,3,0,0,0,2,1,0,0,0,18,137,Unusable
Edmundo Sosa,624641,NA,2025-08-18,0,0,0,1,0,0,1,3,0,18,128,Unusable
Alejandro Kirk,672386,NA,2025-07-14,3,0,0,0,1,0,2,1,0,18,79,Unusable
Austin Hedges,595978,NA,2025-04-07,1,0,0,0,3,0,1,0,1,18,124,Unusable
Andy Ibanez,628451,NA,2025-03-31,2,0,0,0,1,1,1,2,0,18,133,Unusable
Andy Ibanez,628451,NA,2025-04-07,0,0,0,1,0,0,1,3,0,18,124,Unusable
Andy Ibanez,628451,NA,2025-05-05,2,1,0,0,0,0,1,2,0,18,140,Unusable
Dylan Moore,664238,NA,2025-09-08,0,0,0,1,0,0,2,2,0,18,112,Unusable
Max Schuemann,680474,NA,2025-04-14,0,0,2,0,0,0,1,0,0,18,132,Unusable
Max Schuemann,680474,NA,2025-06-09,0,1,0,0,2,0,2,1,0,18,140,Unusable
Josh Rojas,668942,NA,2025-06-09,4,0,0,0,0,0,1,0,1,18,140,Unusable
Josh Rojas,668942,NA,2025-06-23,2,1,0,0,2,0,0,0,0,18,122,Unusable
Connor Joe,656582,NA,2025-05-12,2,2,0,0,0,0,0,0,0,18,129,Unusable
Jake Bauers,641343,NA,2025-04-28,0,1,0,0,2,0,1,2,0,18,139,Unusable
Jorge Mateo,622761,NA,2025-05-12,2,0,0,0,0,0,1,1,2,18,129,Unusable
Thomas Saggese,695336,NA,2025-06-30,2,1,0,0,0,0,1,2,0,18,124,Unusable
Thomas Saggese,695336,NA,2025-07-28,1,1,0,0,3,0,0,0,0,18,133,Unusable
Bryan Ramos,682868,NA,2025-09-01,0,2,0,0,0,0,1,2,0,18,124,Unusable
Jose Trevino,624431,NA,2025-05-19,1,1,0,0,1,0,1,2,0,18,137,Unusable
Richie Palacios,680700,NA,2025-04-14,2,1,0,0,0,0,1,0,1,18,132,Unusable
Freddie Freeman,518692,26.39,2025-07-14,0,1,0,0,2,1,1,0,0,17,82,Unusable
Corey Seager,608369,43.68,2025-04-28,3,0,0,0,0,0,2,2,0,17,142,Unusable
Oneil Cruz,665833,50.09,2025-06-16,2,0,0,0,1,0,1,1,1,17,136,Unusable
William Contreras,661388,61.55,2025-06-02,3,0,0,0,2,0,1,0,0,17,125,Unusable
Adley Rutschman,668939,112.59,2025-09-22,0,0,1,0,3,0,0,0,0,17,118,Unusable
Jake Burger,669394,115.47,2025-04-07,3,1,0,0,0,0,0,1,0,17,130,Unusable
Max Muncy,571970,161.48,2025-04-07,2,1,0,0,1,0,0,1,0,17,130,Unusable
Max Muncy,691777,161.48,2025-03-24,1,0,0,1,0,0,1,1,0,17,83,Unusable
Jonathan India,663697,164.42,2025-09-15,2,0,0,0,1,0,4,0,0,17,122,Unusable
Royce Lewis,668904,168.33,2025-09-22,3,1,0,0,0,0,0,1,0,17,118,Unusable
Ryan McMahon,641857,172.9,2025-09-15,2,0,0,0,1,0,1,1,1,17,122,Unusable
Willson Contreras,575929,182.14,2025-09-15,1,1,0,0,0,0,1,1,1,17,122,Unusable
Nathaniel Lowe,663993,192.46,2025-07-28,2,1,0,0,1,0,0,1,0,17,135,Unusable
Nathaniel Lowe,663993,192.46,2025-08-04,1,0,0,0,4,0,0,1,0,17,125,Unusable
Josh Jung,673962,208.9,2025-06-16,1,1,0,0,0,0,1,3,0,17,136,Unusable
Carlos Correa,621043,209.38,2025-08-25,2,0,0,0,3,0,0,1,0,17,132,Unusable
Will Smith,669257,215.77,2025-04-07,2,1,0,0,1,0,0,1,0,17,130,Unusable
Michael Busch,683737,226.9,2025-07-21,2,0,0,0,1,2,1,0,0,17,124,Unusable
Matt Shaw,807713,227.33,2025-07-28,1,2,0,0,0,0,1,0,0,17,135,Unusable
Andres Gimenez,665926,231.93,2025-06-16,1,0,0,0,0,4,1,0,0,17,136,Unusable
Colt Keith,690993,235.65,2025-07-21,3,0,0,0,2,0,0,1,0,17,124,Unusable
Colt Keith,690993,235.65,2025-09-15,2,1,0,0,1,0,0,1,0,17,122,Unusable
Andrew Vaughn,683734,236.76,2025-05-12,1,2,0,0,0,0,0,1,0,17,132,Unusable
Joey Ortiz,687401,237.06,2025-06-02,2,0,0,0,2,1,0,1,0,17,125,Unusable
Carlos Santana,467793,237.36,2025-06-02,3,1,0,0,0,0,1,0,0,17,125,Unusable
Tyler Fitzgerald,666149,237.85,2025-03-31,1,0,0,0,2,0,2,0,1,17,136,Unusable
Tyler Fitzgerald,666149,237.85,2025-05-12,2,1,0,0,1,0,1,0,0,17,132,Unusable
Hyeseong Kim,808975,238.24,2025-07-21,3,0,0,0,0,0,0,2,1,17,124,Unusable
Christopher Morel,666624,238.29,2025-07-28,3,1,0,0,0,0,1,0,0,17,135,Unusable
Logan O'Hoppe,681351,238.67,2025-03-24,1,0,0,1,0,0,1,1,0,17,83,Unusable
Coby Mayo,691723,239.19,2025-08-18,2,0,0,0,2,1,1,0,0,17,130,Unusable
Justin Turner,457759,239.35,2025-04-21,2,0,0,0,1,0,1,1,1,17,136,Unusable
Justin Turner,457759,239.35,2025-07-21,1,1,0,0,0,0,2,0,1,17,124,Unusable
Josh Smith,669701,239.59,2025-09-22,0,0,0,1,1,0,1,1,0,17,118,Unusable
Adam Frazier,624428,239.6,2025-06-02,2,1,0,0,0,1,1,0,0,17,125,Unusable
Ty France,664034,239.69,2025-08-11,2,1,0,0,0,1,1,0,0,17,127,Unusable
Jeff McNeil,643446,239.75,2025-09-08,2,0,0,0,3,0,0,1,0,17,115,Unusable
Casey Schmitt,669477,239.77,2025-04-07,1,2,0,0,0,0,1,0,0,17,130,Unusable
Miguel Rojas,500743,239.78,2025-07-28,3,1,0,0,0,0,1,0,0,17,135,Unusable
Bo Naylor,666310,239.8,2025-08-11,3,1,0,0,0,0,0,1,0,17,127,Unusable
Kevin Newman,621028,239.88,2025-05-19,2,0,0,0,1,0,1,1,1,17,141,Unusable
Elias Diaz,553869,239.91,2025-06-02,3,0,0,0,1,1,0,1,0,17,125,Unusable
Curtis Mead,678554,239.94,2025-04-07,3,0,0,0,1,1,1,0,0,17,130,Unusable
Kyle Teel,691019,239.94,2025-06-02,3,0,0,0,2,0,1,0,0,17,125,Unusable
Brooks Lee,686797,239.95,2025-05-19,3,0,0,0,2,0,0,1,0,17,141,Unusable
Will Wagner,695238,239.98,2025-03-31,3,0,0,0,2,0,1,0,0,17,136,Unusable
Brendan Rodgers,663898,239.98,2025-06-02,0,0,0,1,1,0,1,1,0,17,125,Unusable
Jorge Polanco,593871,239.99,2025-07-14,2,0,0,0,1,0,2,2,0,17,82,Unusable
Michael Massey,686681,239.99,2025-04-14,4,0,0,0,1,0,0,1,0,17,136,Unusable
Michael Massey,686681,239.99,2025-04-21,3,0,0,0,0,0,1,3,0,17,136,Unusable
Michael Massey,686681,239.99,2025-09-01,4,0,0,0,1,0,1,0,0,17,127,Unusable
Ke'Bryan Hayes,663647,240,2025-08-04,2,1,0,0,1,0,1,0,0,17,125,Unusable
Patrick Bailey,672275,240,2025-04-14,2,0,0,0,1,0,2,2,0,17,136,Unusable
Patrick Bailey,672275,240,2025-05-05,3,0,0,0,0,0,1,3,0,17,143,Unusable
Joey Bart,663698,NA,2025-07-21,1,1,0,0,2,0,1,0,0,17,124,Unusable
Joey Bart,663698,NA,2025-09-01,2,1,0,0,0,1,0,1,0,17,127,Unusable
Isaac Collins,686555,NA,2025-09-08,2,0,0,0,3,0,1,0,0,17,115,Unusable
David Hamilton,666152,NA,2025-04-14,0,0,0,1,1,0,1,1,0,17,136,Unusable
Ezequiel Duran,677649,NA,2025-05-05,2,1,0,0,0,1,1,0,0,17,143,Unusable
Ezequiel Duran,677649,NA,2025-09-15,3,0,0,0,0,0,2,0,1,17,122,Unusable
Ryan Bliss,669208,NA,2025-03-24,1,0,0,0,2,0,0,0,2,17,83,Unusable
Zach McKinstry,656716,NA,2025-09-22,2,1,0,0,0,1,1,0,0,17,118,Unusable
Lenyn Sosa,672820,NA,2025-03-31,3,1,0,0,0,0,1,0,0,17,136,Unusable
Henry Davis,680779,NA,2025-07-21,0,0,0,0,3,2,1,0,0,17,124,Unusable
Jose Caballero,676609,NA,2025-09-22,1,0,0,0,2,0,1,1,1,17,118,Unusable
Trey Sweeney,700242,NA,2025-08-11,1,1,0,0,0,0,3,1,0,17,127,Unusable
Connor Wong,657136,NA,2025-09-01,1,1,0,0,2,0,1,0,0,17,127,Unusable
Edmundo Sosa,624641,NA,2025-09-08,1,2,0,0,0,0,1,0,0,17,115,Unusable
Luis Torrens,620443,NA,2025-04-14,0,2,0,0,1,0,0,1,0,17,136,Unusable
Dylan Moore,664238,NA,2025-05-26,1,2,0,0,0,0,1,0,0,17,131,Unusable
Travis d'Arnaud,518595,NA,2025-05-19,1,1,0,0,1,1,0,1,0,17,141,Unusable
Nick Maton,665155,NA,2025-03-24,0,0,0,1,1,0,1,1,0,17,83,Unusable
Ramon Urias,602104,NA,2025-04-28,1,0,0,1,0,0,1,1,0,17,142,Unusable
Ramon Urias,602104,NA,2025-05-12,1,0,0,0,2,0,2,2,0,17,132,Unusable
Luis Urias,649966,NA,2025-07-28,2,0,0,0,1,2,1,0,0,17,135,Unusable
Connor Joe,656582,NA,2025-05-05,2,0,0,0,1,0,1,1,1,17,143,Unusable
Jake Bauers,641343,NA,2025-06-09,0,0,0,1,1,0,1,1,0,17,142,Unusable
Jake Bauers,641343,NA,2025-06-30,2,0,0,0,3,0,1,0,0,17,127,Unusable
Pedro Pages,686780,NA,2025-09-15,5,0,0,0,0,0,1,0,0,17,122,Unusable
Jose Iglesias,578428,NA,2025-06-02,3,0,0,0,2,0,0,1,0,17,125,Unusable
Jose Iglesias,578428,NA,2025-09-08,2,0,0,0,0,1,0,2,1,17,115,Unusable
Elly De La Cruz,682829,5.23,2025-07-14,2,0,0,0,2,0,0,2,0,16,84,Unusable
Jose Ramirez,608070,8.37,2025-04-07,3,0,0,0,1,0,1,1,0,16,135,Unusable
Austin Riley,663586,30.75,2025-03-31,3,0,0,0,0,1,0,2,0,16,139,Unusable
Trea Turner,607208,35.91,2025-07-28,2,1,0,0,0,0,1,1,0,16,140,Unusable
Oneil Cruz,665833,50.09,2025-09-22,0,0,0,1,0,0,1,2,0,16,123,Unusable
Ozzie Albies,645277,58.95,2025-06-09,3,0,0,0,1,0,1,1,0,16,143,Unusable
Junior Caminero,691406,65.87,2025-03-31,2,0,0,0,2,0,1,1,0,16,139,Unusable
Willy Adames,642715,76.34,2025-06-02,0,0,0,0,4,0,1,1,0,16,133,Unusable
Matt McLain,680574,91.6,2025-09-22,2,0,0,0,2,0,1,1,0,16,123,Unusable
Ezequiel Tovar,678662,111.22,2025-08-11,4,0,0,0,0,0,1,1,0,16,130,Unusable
Paul Goldschmidt,502671,117.94,2025-07-28,1,1,0,0,1,0,1,1,0,16,140,Unusable
Isaac Paredes,670623,121.15,2025-03-24,1,0,0,0,3,0,2,0,0,16,87,Unusable
Dansby Swanson,621020,124.49,2025-03-17,1,1,0,0,1,0,1,1,0,16,5,IF1
Dansby Swanson,621020,124.49,2025-07-14,2,0,0,0,2,0,2,0,0,16,84,Unusable
Anthony Volpe,683011,135.32,2025-07-07,2,1,0,0,0,0,1,1,0,16,125,Unusable
Jackson Holliday,702616,135.54,2025-09-22,1,0,0,0,3,0,2,0,0,16,123,Unusable
Gleyber Torres,650402,147.51,2025-08-11,3,0,0,0,1,0,1,1,0,16,130,Unusable
Cal Raleigh,663728,152.19,2025-03-24,1,0,0,0,3,0,0,0,1,16,87,Unusable
Ryan McMahon,641857,172.9,2025-08-04,2,0,0,0,2,0,1,1,0,16,127,Unusable
Ryan McMahon,641857,172.9,2025-09-08,1,1,0,0,1,0,1,1,0,16,119,Unusable
Nathaniel Lowe,663993,192.46,2025-08-25,3,0,0,0,1,0,2,0,0,16,133,Unusable
Nathaniel Lowe,663993,192.46,2025-09-08,2,0,0,0,2,0,1,1,0,16,119,Unusable
Nico Hoerner,663538,212.11,2025-03-24,3,0,0,0,1,0,1,1,0,16,87,Unusable
Austin Wells,669224,234.46,2025-08-04,1,1,0,0,1,0,2,0,0,16,127,Unusable
Colt Keith,690993,235.65,2025-09-01,3,0,0,0,1,0,2,0,0,16,130,Unusable
Carlos Santana,467793,237.36,2025-08-11,1,0,0,0,3,0,0,0,1,16,130,Unusable
Tyler Fitzgerald,666149,237.85,2025-06-02,3,0,0,0,1,0,2,0,0,16,133,Unusable
Jacob Wilson,805779,238.09,2025-03-24,4,0,0,0,0,0,2,0,0,16,87,Unusable
Logan O'Hoppe,681351,238.67,2025-08-04,1,1,0,0,1,0,0,2,0,16,127,Unusable
Ben Rice,700250,239.01,2025-06-02,3,0,0,0,1,0,2,0,0,16,133,Unusable
Justin Turner,457759,239.35,2025-04-07,2,0,0,0,2,0,1,1,0,16,135,Unusable
Nolan Schanuel,694384,239.52,2025-07-14,2,0,0,0,1,1,2,0,0,16,84,Unusable
DJ LeMahieu,518934,239.58,2025-06-23,3,0,0,0,1,0,1,1,0,16,126,Unusable
Josh Smith,669701,239.59,2025-08-18,3,0,0,0,1,0,0,2,0,16,131,Unusable
Adam Frazier,624428,239.6,2025-04-07,0,0,0,1,0,0,1,2,0,16,135,Unusable
Luisangel Acuna,682668,239.64,2025-04-21,3,0,0,0,1,0,1,1,0,16,138,Unusable
Luisangel Acuna,682668,239.64,2025-07-21,1,0,0,0,0,1,3,0,1,16,130,Unusable
Ty France,664034,239.69,2025-05-12,3,0,0,0,0,1,0,2,0,16,135,Unusable
Ty France,664034,239.69,2025-07-07,0,1,0,0,1,1,2,0,0,16,125,Unusable
Sean Murphy,669221,239.72,2025-08-11,0,0,0,0,4,0,2,0,0,16,130,Unusable
Oswaldo Cabrera,665828,239.74,2025-04-07,3,0,0,0,0,1,2,0,0,16,135,Unusable
Miguel Rojas,500743,239.78,2025-05-12,2,1,0,0,0,0,0,2,0,16,135,Unusable
Bo Naylor,666310,239.8,2025-04-07,2,0,0,0,2,0,2,0,0,16,135,Unusable
Bo Naylor,666310,239.8,2025-04-21,0,1,0,0,2,0,0,0,1,16,138,Unusable
Luis Rengifo,650859,239.81,2025-09-15,0,0,0,1,0,0,1,2,0,16,128,Unusable
Luis Rengifo,650859,239.81,2025-09-22,2,1,0,0,0,0,2,0,0,16,123,Unusable
Jordan Lawlar,691783,239.81,2025-09-22,1,1,0,0,1,0,2,0,0,16,123,Unusable
Spencer Horwitz,687462,239.83,2025-08-11,1,1,0,0,1,0,1,1,0,16,130,Unusable
Kevin Newman,621028,239.88,2025-07-28,0,0,0,1,0,0,1,2,0,16,140,Unusable
Elias Diaz,553869,239.91,2025-09-22,0,0,0,1,0,0,1,2,0,16,123,Unusable
Nick Gonzales,693304,239.92,2025-03-24,0,0,0,1,0,0,1,2,0,16,87,Unusable
Nolan Gorman,669357,239.92,2025-04-28,0,0,0,0,4,0,1,1,0,16,144,Unusable
Nolan Gorman,669357,239.92,2025-05-05,2,0,0,0,2,0,2,0,0,16,146,Unusable
Nolan Gorman,669357,239.92,2025-05-26,2,0,1,0,0,0,1,0,0,16,132,Unusable
Jace Jung,690291,239.98,2025-04-28,1,0,0,0,3,0,2,0,0,16,144,Unusable
Jorge Polanco,593871,239.99,2025-06-23,1,0,0,0,2,1,0,2,0,16,126,Unusable
Yoan Moncada,660162,NA,2025-03-24,1,0,0,0,3,0,0,2,0,16,87,Unusable
Isaac Collins,686555,NA,2025-04-21,3,0,0,0,1,0,2,0,0,16,138,Unusable
Gabriel Arias,672356,NA,2025-06-09,1,1,0,0,1,0,0,0,1,16,143,Unusable
Javier Baez,595879,NA,2025-09-08,1,0,1,0,0,1,1,0,0,16,119,Unusable
Ernie Clement,676391,NA,2025-04-14,4,0,0,0,0,0,1,1,0,16,140,Unusable
Ezequiel Duran,677649,NA,2025-07-28,2,0,0,0,0,0,1,2,1,16,140,Unusable
Ezequiel Duran,677649,NA,2025-08-11,0,1,0,0,2,0,0,0,1,16,130,Unusable
Kyle Higashioka,543309,NA,2025-03-31,0,1,0,0,2,0,1,1,0,16,139,Unusable
Kyle Higashioka,543309,NA,2025-06-23,0,1,0,0,2,0,2,0,0,16,126,Unusable
Jacob Stallings,607732,NA,2025-06-30,1,1,0,0,1,0,0,2,0,16,128,Unusable
Jonah Heim,641680,NA,2025-05-12,2,0,0,0,0,0,0,3,1,16,135,Unusable
Rowdy Tellez,642133,NA,2025-08-25,3,0,0,0,0,1,2,0,0,16,133,Unusable
Rowdy Tellez,642133,NA,2025-09-08,2,1,0,0,0,0,0,2,0,16,119,Unusable
Lenyn Sosa,672820,NA,2025-03-24,0,0,0,1,0,0,1,2,0,16,87,Unusable
Nick Fortes,663743,NA,2025-06-16,2,1,0,0,0,0,1,1,0,16,139,Unusable
Trey Sweeney,700242,NA,2025-06-16,1,1,0,0,1,0,2,0,0,16,139,Unusable
Martin Maldonado,455117,NA,2025-06-16,1,1,0,0,1,0,2,0,0,16,139,Unusable
Austin Hedges,595978,NA,2025-09-22,3,0,0,0,1,0,2,0,0,16,123,Unusable
Andy Ibanez,628451,NA,2025-04-21,2,0,0,0,1,1,0,0,1,16,138,Unusable
Dylan Moore,664238,NA,2025-04-07,1,0,0,0,1,0,3,0,1,16,135,Unusable
Travis d'Arnaud,518595,NA,2025-08-25,1,1,0,0,0,1,0,2,0,16,133,Unusable
Ramon Urias,602104,NA,2025-08-04,1,1,0,0,1,0,1,1,0,16,127,Unusable
Carson Williams,700246,NA,2025-09-22,3,0,0,0,1,0,0,0,1,16,123,Unusable
Josh Rojas,668942,NA,2025-06-16,1,1,0,0,1,0,0,2,0,16,139,Unusable
Gio Urshela,570482,NA,2025-03-31,1,1,0,0,1,0,1,1,0,16,139,Unusable
Jose Tena,677588,NA,2025-04-14,2,0,0,0,0,0,2,3,0,16,140,Unusable
Jose Tena,677588,NA,2025-05-19,2,1,0,0,0,0,2,0,0,16,144,Unusable
Pedro Pages,686780,NA,2025-05-19,0,0,0,1,0,0,1,2,0,16,144,Unusable
Jose Trevino,624431,NA,2025-06-09,0,1,0,0,2,0,1,1,0,16,143,Unusable
Bryce Harper,547180,27.32,2025-09-22,3,0,0,0,2,0,0,0,0,15,131,Unusable
CJ Abrams,682928,79.08,2025-03-24,2,0,0,0,1,0,0,1,1,15,94,Unusable
Matt McLain,680574,91.6,2025-04-21,1,0,0,0,2,0,1,0,1,15,142,Unusable
Matt McLain,680574,91.6,2025-08-18,2,0,0,0,1,0,2,1,0,15,132,Unusable
Matt McLain,680574,91.6,2025-09-08,1,1,0,0,2,0,0,0,0,15,123,Unusable
Jordan Westburg,676059,108.66,2025-09-15,1,0,0,0,2,0,3,0,0,15,129,Unusable
Jake Burger,669394,115.47,2025-09-22,2,0,0,0,0,1,0,3,0,15,131,Unusable
Max Muncy,571970,161.48,2025-04-21,1,0,0,0,4,0,0,0,0,15,142,Unusable
Xavier Edwards,669364,165.36,2025-08-18,1,0,0,0,2,0,3,0,0,15,132,Unusable
Masyn Winn,691026,166.08,2025-06-30,2,1,0,0,1,0,0,0,0,15,129,Unusable
Bryson Stott,681082,202.3,2025-06-02,2,0,0,0,1,0,1,2,0,15,136,Unusable
Andrew Vaughn,683734,236.76,2025-09-08,4,0,0,0,1,0,0,0,0,15,123,Unusable
Carlos Santana,467793,237.36,2025-08-18,1,1,0,0,0,0,2,1,0,15,132,Unusable
Connor Norby,681393,237.78,2025-04-28,2,0,0,0,1,0,3,0,0,15,146,Unusable
Josh Bell,605137,238,2025-05-19,1,0,0,0,3,1,0,0,0,15,146,Unusable
Hyeseong Kim,808975,238.24,2025-06-23,2,0,0,0,1,0,1,0,1,15,129,Unusable
Christopher Morel,666624,238.29,2025-07-21,1,0,0,0,2,0,1,0,1,15,131,Unusable
Logan O'Hoppe,681351,238.67,2025-06-23,3,1,0,0,0,0,0,0,0,15,129,Unusable
Logan O'Hoppe,681351,238.67,2025-06-30,5,0,0,0,0,0,0,0,0,15,129,Unusable
Logan O'Hoppe,681351,238.67,2025-08-11,2,0,0,0,1,0,1,2,0,15,136,Unusable
Ben Rice,700250,239.01,2025-06-09,2,0,0,0,1,0,0,1,1,15,146,Unusable
Francisco Alvarez,682626,239.35,2025-05-26,3,0,0,0,1,1,0,0,0,15,133,Unusable
Francisco Alvarez,682626,239.35,2025-08-04,2,0,0,0,3,0,0,0,0,15,131,Unusable
Josh Smith,669701,239.59,2025-06-16,3,0,0,0,0,0,2,1,0,15,143,Unusable
Adam Frazier,624428,239.6,2025-03-24,2,0,0,0,1,0,1,2,0,15,94,Unusable
Luisangel Acuna,682668,239.64,2025-05-19,3,0,0,0,0,0,1,0,1,15,146,Unusable
Jonah Bride,681146,239.69,2025-04-28,3,0,0,0,0,0,1,2,0,15,146,Unusable
Sean Murphy,669221,239.72,2025-08-18,2,0,0,0,1,0,1,2,0,15,132,Unusable
Luis Rengifo,650859,239.81,2025-04-14,3,0,0,0,0,0,0,3,0,15,142,Unusable
Tyler Stephenson,663886,239.91,2025-09-01,0,1,0,0,1,0,1,2,0,15,131,Unusable
Nolan Gorman,669357,239.92,2025-07-28,3,0,0,0,0,0,1,2,0,15,144,Unusable
Brooks Lee,686797,239.95,2025-06-30,2,0,0,0,0,1,0,3,0,15,129,Unusable
Patrick Bailey,672275,240,2025-04-21,3,0,0,0,0,0,0,3,0,15,142,Unusable
Brayan Rocchio,677587,NA,2025-06-30,1,1,0,0,2,0,0,0,0,15,129,Unusable
Liover Peguero,678894,NA,2025-08-25,1,0,0,0,1,1,1,0,1,15,136,Unusable
Gabriel Arias,672356,NA,2025-08-18,2,0,0,0,1,0,1,0,1,15,132,Unusable
Mark Canha,592192,NA,2025-05-12,3,0,0,0,1,1,0,0,0,15,138,Unusable
David Hamilton,666152,NA,2025-07-28,1,0,0,0,0,0,2,0,2,15,144,Unusable
Javier Baez,595879,NA,2025-06-30,3,0,0,0,0,0,2,1,0,15,129,Unusable
Ernie Clement,676391,NA,2025-07-14,1,1,0,0,0,0,2,1,0,15,87,Unusable
Kyle Higashioka,543309,NA,2025-05-19,2,0,0,0,1,0,1,2,0,15,146,Unusable
Jonah Heim,641680,NA,2025-06-16,2,1,0,0,1,0,0,0,0,15,143,Unusable
Gustavo Campero,672569,NA,2025-04-28,2,0,0,0,1,0,1,0,1,15,146,Unusable
Zach McKinstry,656716,NA,2025-07-14,1,0,0,0,2,0,0,1,1,15,87,Unusable
Jose Caballero,676609,NA,2025-06-23,3,0,0,0,0,0,2,1,0,15,129,Unusable
Jose Caballero,676609,NA,2025-08-25,1,0,0,0,2,0,1,0,1,15,136,Unusable
Nick Fortes,663743,NA,2025-06-02,2,0,0,0,1,0,3,0,0,15,136,Unusable
Edmundo Sosa,624641,NA,2025-07-07,3,0,0,0,0,0,0,3,0,15,127,Unusable
Luis Torrens,620443,NA,2025-03-24,0,2,0,0,1,0,0,0,0,15,94,Unusable
Andy Ibanez,628451,NA,2025-06-02,1,1,0,0,0,0,2,1,0,15,136,Unusable
Vidal Brujan,660644,NA,2025-08-25,1,1,0,0,0,0,2,1,0,15,136,Unusable
Max Schuemann,680474,NA,2025-04-28,2,0,0,0,1,0,1,0,1,15,146,Unusable
Connor Joe,656582,NA,2025-06-16,0,0,0,0,3,0,1,0,1,15,143,Unusable
Tyler Wade,642180,NA,2025-05-05,2,0,0,0,1,0,2,1,0,15,147,Unusable
Jake Bauers,641343,NA,2025-05-19,1,0,0,0,2,0,1,0,1,15,146,Unusable
Jose Iglesias,578428,NA,2025-04-28,2,0,0,0,0,1,0,3,0,15,146,Unusable
Andrew Knizner,668800,NA,2025-06-30,3,0,0,0,0,0,3,0,0,15,129,Unusable
Rafael Devers,646240,35.39,2025-07-14,2,1,0,0,0,0,1,0,0,14,89,Unusable
Alex Bregman,608324,60.11,2025-08-25,2,0,0,0,0,2,1,0,0,14,139,Unusable
Bo Bichette,666182,84.67,2025-04-21,4,0,0,0,0,0,1,0,0,14,145,Unusable
Triston Casas,671213,99,2025-04-14,2,0,0,0,2,0,0,1,0,14,143,Unusable
Triston Casas,671213,99,2025-04-28,3,0,0,0,1,0,0,1,0,14,151,Unusable
Ezequiel Tovar,678662,111.22,2025-03-24,2,1,0,0,0,0,0,1,0,14,97,Unusable
Paul Goldschmidt,502671,117.94,2025-06-23,1,0,0,0,3,0,1,0,0,14,132,Unusable
Paul Goldschmidt,502671,117.94,2025-07-21,3,0,0,0,1,0,1,0,0,14,132,Unusable
Isaac Paredes,670623,121.15,2025-07-14,1,1,0,0,1,0,0,1,0,14,89,Unusable
Michael Toglia,669911,138.78,2025-07-28,0,0,0,1,0,0,1,1,0,14,146,Unusable
Max Muncy,571970,161.48,2025-03-17,0,1,0,0,2,0,1,0,0,14,6,IF1
Josh Jung,673962,208.9,2025-04-14,2,1,0,0,0,0,1,0,0,14,143,Unusable
Will Smith,669257,215.77,2025-08-04,0,0,0,0,4,0,0,1,0,14,132,Unusable
Austin Wells,669224,234.46,2025-04-07,2,1,0,0,0,0,0,1,0,14,141,Unusable
Austin Wells,669224,234.46,2025-06-16,3,0,0,0,0,1,0,1,0,14,146,Unusable
Austin Wells,669224,234.46,2025-06-23,1,1,0,0,1,0,0,1,0,14,132,Unusable
Andrew Vaughn,683734,236.76,2025-04-07,1,0,0,0,3,0,1,0,0,14,141,Unusable
Kyle Manzardo,700932,237.05,2025-06-02,0,0,0,1,0,0,1,1,0,14,139,Unusable
Joey Ortiz,687401,237.06,2025-09-22,2,1,0,0,0,0,1,0,0,14,133,Unusable
Carlos Santana,467793,237.36,2025-04-21,1,0,0,0,2,1,0,1,0,14,145,Unusable
Tyler Fitzgerald,666149,237.85,2025-08-11,0,0,0,1,0,0,1,1,0,14,137,Unusable
Josh Bell,605137,238,2025-06-02,1,1,0,0,1,0,0,1,0,14,139,Unusable
Christopher Morel,666624,238.29,2025-03-24,2,0,0,0,2,0,1,0,0,14,97,Unusable
Christopher Morel,666624,238.29,2025-05-05,1,0,0,0,3,0,1,0,0,14,148,Unusable
Christopher Morel,666624,238.29,2025-05-26,0,2,0,0,0,0,1,0,0,14,134,Unusable
Christopher Morel,666624,238.29,2025-08-04,0,0,0,1,0,0,1,1,0,14,132,Unusable
Trevor Story,596115,238.76,2025-05-12,2,0,0,0,1,1,0,1,0,14,139,Unusable
Ben Rice,700250,239.01,2025-05-12,2,1,0,0,0,0,1,0,0,14,139,Unusable
Francisco Alvarez,682626,239.35,2025-05-19,1,1,0,0,1,0,1,0,0,14,150,Unusable
Brett Baty,683146,239.56,2025-09-08,3,0,0,0,1,0,0,1,0,14,125,Unusable
Keibert Ruiz,660688,239.6,2025-06-09,4,0,0,0,0,0,0,1,0,14,147,Unusable
Luisangel Acuna,682668,239.64,2025-09-15,1,0,0,0,1,0,1,1,1,14,130,Unusable
Jonah Bride,681146,239.69,2025-04-07,2,0,0,0,0,0,2,2,0,14,141,Unusable
Jonah Bride,681146,239.69,2025-04-21,3,0,0,0,1,0,0,1,0,14,145,Unusable
Noelvi Marte,682622,239.78,2025-04-07,1,0,0,0,1,0,2,0,1,14,141,Unusable
Luis Rengifo,650859,239.81,2025-05-05,0,1,0,0,2,0,0,1,0,14,148,Unusable
Luis Rengifo,650859,239.81,2025-05-26,3,0,0,0,1,0,0,1,0,14,134,Unusable
Luis Rengifo,650859,239.81,2025-07-14,3,0,0,0,1,0,1,0,0,14,89,Unusable
Ryan O'Hearn,656811,239.89,2025-09-08,3,0,0,0,1,0,1,0,0,14,125,Unusable
Elias Diaz,553869,239.91,2025-03-31,2,0,0,0,2,0,1,0,0,14,143,Unusable
Elias Diaz,553869,239.91,2025-05-26,2,0,0,0,0,0,2,2,0,14,134,Unusable
Caleb Durbin,702332,239.92,2025-07-21,2,1,0,0,0,0,0,1,0,14,132,Unusable
Nolan Gorman,669357,239.92,2025-09-22,2,1,0,0,0,0,1,0,0,14,133,Unusable
Curtis Mead,678554,239.94,2025-09-08,0,2,0,0,0,0,1,0,0,14,125,Unusable
Brooks Lee,686797,239.95,2025-07-07,2,1,0,0,0,0,0,1,0,14,128,Unusable
Brooks Lee,686797,239.95,2025-09-22,3,0,0,0,1,0,1,0,0,14,133,Unusable
Endy Rodriguez,682848,239.97,2025-03-24,0,0,0,0,4,0,1,0,0,14,97,Unusable
Will Wagner,695238,239.98,2025-04-14,3,0,0,0,1,0,1,0,0,14,143,Unusable
Will Wagner,695238,239.98,2025-07-21,3,0,0,0,1,0,1,0,0,14,132,Unusable
Will Wagner,695238,239.98,2025-07-28,2,0,0,0,2,0,0,1,0,14,146,Unusable
Jorge Polanco,593871,239.99,2025-08-11,2,1,0,0,0,0,0,1,0,14,137,Unusable
Michael Massey,686681,239.99,2025-05-26,3,0,0,0,1,0,1,0,0,14,134,Unusable
Michael Massey,686681,239.99,2025-09-08,2,0,0,0,2,0,1,0,0,14,125,Unusable
Patrick Bailey,672275,240,2025-08-18,2,0,0,0,2,0,0,1,0,14,137,Unusable
Matt Mervis,670223,NA,2025-05-19,1,1,0,0,1,0,1,0,0,14,150,Unusable
Joey Bart,663698,NA,2025-08-25,1,1,0,0,1,0,1,0,0,14,139,Unusable
Joey Bart,663698,NA,2025-09-08,1,0,0,0,2,1,0,1,0,14,125,Unusable
Orlando Arcia,606115,NA,2025-06-23,0,0,0,1,0,0,1,1,0,14,132,Unusable
Orlando Arcia,606115,NA,2025-06-30,2,0,0,0,2,0,1,0,0,14,135,Unusable
Tim Anderson,641313,NA,2025-05-12,0,1,0,0,0,2,1,0,0,14,139,Unusable
Tim Anderson,641313,NA,2025-05-19,2,1,0,0,0,0,1,0,0,14,150,Unusable
Ivan Herrera,671056,NA,2025-07-07,1,0,0,0,1,0,0,0,2,14,128,Unusable
Gabriel Arias,672356,NA,2025-08-25,2,0,0,0,1,1,1,0,0,14,139,Unusable
Amed Rosario,642708,NA,2025-07-07,0,0,0,1,0,0,1,1,0,14,128,Unusable
Mark Canha,592192,NA,2025-06-02,1,1,0,0,1,0,1,0,0,14,139,Unusable
Mark Canha,592192,NA,2025-06-30,0,0,0,1,0,0,1,1,0,14,135,Unusable
Javier Baez,595879,NA,2025-06-23,1,1,0,0,1,0,1,0,0,14,132,Unusable
Ezequiel Duran,677649,NA,2025-06-16,1,1,0,0,1,0,1,0,0,14,146,Unusable
Ezequiel Duran,677649,NA,2025-07-07,1,1,0,0,1,0,0,1,0,14,128,Unusable
Jonah Heim,641680,NA,2025-06-09,2,1,0,0,0,0,1,0,0,14,147,Unusable
Gustavo Campero,672569,NA,2025-06-23,0,0,0,1,0,0,1,1,0,14,132,Unusable
Henry Davis,680779,NA,2025-05-19,2,0,0,0,2,0,0,1,0,14,150,Unusable
Henry Davis,680779,NA,2025-07-07,1,1,0,0,1,0,1,0,0,14,128,Unusable
Henry Davis,680779,NA,2025-07-28,1,0,0,0,2,1,0,1,0,14,146,Unusable
Nick Fortes,663743,NA,2025-08-04,0,0,0,1,0,0,1,1,0,14,132,Unusable
Dalton Rushing,687221,NA,2025-06-30,2,1,0,0,0,0,0,1,0,14,135,Unusable
Connor Wong,657136,NA,2025-08-25,1,1,0,0,1,0,1,0,0,14,139,Unusable
Connor Wong,657136,NA,2025-09-08,2,1,0,0,0,0,0,1,0,14,125,Unusable
Edmundo Sosa,624641,NA,2025-05-12,2,1,0,0,0,0,0,1,0,14,139,Unusable
Edmundo Sosa,624641,NA,2025-08-11,3,0,0,0,1,0,1,0,0,14,137,Unusable
Edmundo Sosa,624641,NA,2025-09-01,4,0,0,0,0,0,0,1,0,14,132,Unusable
Martin Maldonado,455117,NA,2025-03-31,0,0,0,1,0,0,1,1,0,14,143,Unusable
Martin Maldonado,455117,NA,2025-04-07,4,0,0,0,0,0,1,0,0,14,141,Unusable
Martin Maldonado,455117,NA,2025-06-23,0,0,0,1,0,0,1,1,0,14,132,Unusable
Austin Hedges,595978,NA,2025-04-14,0,0,0,1,0,0,1,1,0,14,143,Unusable
Austin Hedges,595978,NA,2025-05-05,0,0,0,1,0,0,1,1,0,14,148,Unusable
Austin Hedges,595978,NA,2025-06-23,1,0,0,0,3,0,1,0,0,14,132,Unusable
Luis Torrens,620443,NA,2025-07-07,1,1,0,0,1,0,1,0,0,14,128,Unusable
Andy Ibanez,628451,NA,2025-09-08,2,1,0,0,0,0,1,0,0,14,125,Unusable
Dylan Moore,664238,NA,2025-09-01,2,0,0,0,0,0,1,1,1,14,132,Unusable
Travis d'Arnaud,518595,NA,2025-07-21,1,0,0,0,2,1,1,0,0,14,132,Unusable
Vidal Brujan,660644,NA,2025-08-04,2,0,0,0,2,0,1,0,0,14,132,Unusable
Nick Maton,665155,NA,2025-04-07,2,0,0,0,2,0,1,0,0,14,141,Unusable
Carson Williams,700246,NA,2025-09-08,0,0,0,1,0,0,1,1,0,14,125,Unusable
Luis Urias,649966,NA,2025-03-24,0,0,0,1,0,0,1,1,0,14,97,Unusable
Brett Harris,695391,NA,2025-09-08,2,1,0,0,0,0,0,1,0,14,125,Unusable
Adrian Del Castillo,680728,NA,2025-08-25,4,0,0,0,0,0,0,1,0,14,139,Unusable
Adrian Del Castillo,680728,NA,2025-09-08,0,1,0,0,2,0,1,0,0,14,125,Unusable
Tyler Wade,642180,NA,2025-06-02,2,0,0,0,0,0,2,0,1,14,139,Unusable
Tyler Wade,642180,NA,2025-06-16,2,0,0,0,2,0,1,0,0,14,146,Unusable
Jake Bauers,641343,NA,2025-07-07,0,0,0,0,2,0,2,0,1,14,128,Unusable
Jorge Mateo,622761,NA,2025-04-21,2,0,0,0,0,0,0,0,2,14,145,Unusable
Jose Trevino,624431,NA,2025-08-04,2,1,0,0,0,0,1,0,0,14,132,Unusable
Mark Vientos,668901,83.69,2025-03-24,0,1,0,0,1,0,1,1,0,13,101,Unusable
Mark Vientos,668901,83.69,2025-08-04,1,1,0,0,0,0,1,1,0,13,137,Unusable
Mark Vientos,668901,83.69,2025-09-15,1,1,0,0,0,0,0,2,0,13,131,Unusable
Matt McLain,680574,91.6,2025-08-11,0,1,0,0,1,0,2,0,0,13,140,Unusable
Matt Chapman,656305,93.14,2025-06-30,1,0,0,0,1,1,2,0,0,13,138,Unusable
Adley Rutschman,668939,112.59,2025-08-11,3,0,0,0,0,0,0,2,0,13,140,Unusable
Vinnie Pasquantino,686469,131.56,2025-07-14,1,0,0,0,2,0,1,1,0,13,92,Unusable
Michael Toglia,669911,138.78,2025-03-24,0,1,0,0,0,1,2,0,0,13,101,Unusable
Alec Bohm,664761,148.29,2025-03-31,3,0,0,0,0,0,1,1,0,13,145,Unusable
Jonathan India,663697,164.42,2025-08-25,2,0,0,0,1,0,2,0,0,13,144,Unusable
Ryan McMahon,641857,172.9,2025-04-21,0,0,0,0,3,0,2,0,0,13,149,Unusable
Tommy Edman,669242,186.13,2025-09-22,3,0,0,0,0,0,1,1,0,13,136,Unusable
Salvador Perez,521692,194.19,2025-03-24,3,0,0,0,0,0,0,2,0,13,101,Unusable
Xander Bogaerts,593428,211.87,2025-05-19,1,0,0,0,2,0,0,0,1,13,154,Unusable
Will Smith,669257,215.77,2025-07-14,3,0,0,0,0,0,2,0,0,13,92,Unusable
Will Smith,669257,215.77,2025-09-01,3,0,0,0,0,0,1,1,0,13,134,Unusable
Zack Gelof,680869,225.25,2025-07-07,2,0,0,0,1,0,2,0,0,13,135,Unusable
Nolan Arenado,571448,227.39,2025-07-07,2,0,0,0,1,0,1,1,0,13,135,Unusable
Tyler Soderstrom,691016,238.1,2025-09-08,1,1,0,0,0,0,0,2,0,13,135,Unusable
Hyeseong Kim,808975,238.24,2025-06-30,2,0,0,0,1,0,0,0,1,13,138,Unusable
Christopher Morel,666624,238.29,2025-05-19,1,0,0,0,1,1,2,0,0,13,154,Unusable
Christopher Morel,666624,238.29,2025-09-22,0,1,0,0,1,0,0,2,0,13,136,Unusable
Willi Castro,650489,239.25,2025-04-14,1,1,0,0,0,0,1,1,0,13,147,Unusable
Justin Turner,457759,239.35,2025-09-15,3,0,0,0,0,0,0,2,0,13,131,Unusable
Nolan Schanuel,694384,239.52,2025-04-21,1,0,0,0,2,0,1,1,0,13,149,Unusable
Josh Smith,669701,239.59,2025-05-12,3,0,0,0,0,0,1,1,0,13,143,Unusable
Luisangel Acuna,682668,239.64,2025-03-31,1,1,0,0,0,0,2,0,0,13,145,Unusable
Sean Murphy,669221,239.72,2025-08-04,1,0,0,0,1,1,1,1,0,13,137,Unusable
Oswaldo Cabrera,665828,239.74,2025-03-24,3,0,0,0,0,0,2,0,0,13,101,Unusable
Miguel Rojas,500743,239.78,2025-05-05,2,0,0,0,1,0,2,0,0,13,151,Unusable
Bo Naylor,666310,239.8,2025-08-25,1,0,0,0,2,0,0,2,0,13,144,Unusable
Kevin Newman,621028,239.88,2025-06-02,1,1,0,0,0,0,1,1,0,13,143,Unusable
Nolan Gorman,669357,239.92,2025-04-14,1,0,0,0,2,0,1,1,0,13,147,Unusable
Curtis Mead,678554,239.94,2025-05-26,2,0,0,0,1,0,2,0,0,13,138,Unusable
Kyle Teel,691019,239.94,2025-07-14,1,1,0,0,0,0,2,0,0,13,92,Unusable
Jorge Polanco,593871,239.99,2025-05-19,1,0,0,0,1,1,1,1,0,13,154,Unusable
Nick Yorke,694377,240,2025-09-01,1,1,0,0,0,0,0,2,0,13,134,Unusable
Gabriel Moreno,672515,NA,2025-03-31,2,0,0,0,1,0,2,0,0,13,145,Unusable
Gabriel Moreno,672515,NA,2025-06-02,3,0,0,0,0,0,1,1,0,13,143,Unusable
Liover Peguero,678894,NA,2025-08-04,1,0,0,0,2,0,2,0,0,13,137,Unusable
Liover Peguero,678894,NA,2025-08-18,2,0,0,0,1,0,0,0,1,13,138,Unusable
Amed Rosario,642708,NA,2025-07-21,1,1,0,0,0,0,1,1,0,13,136,Unusable
Jonah Heim,641680,NA,2025-07-28,1,0,0,0,2,0,0,2,0,13,149,Unusable
David Fry,681807,NA,2025-06-16,1,1,0,0,0,0,1,1,0,13,149,Unusable
Henry Davis,680779,NA,2025-09-01,1,0,0,0,2,0,1,1,0,13,134,Unusable
Trey Sweeney,700242,NA,2025-07-07,1,0,0,0,2,0,0,0,1,13,135,Unusable
Connor Wong,657136,NA,2025-04-28,2,0,0,0,0,1,2,0,0,13,152,Unusable
Emmanuel Rivera,656896,NA,2025-04-28,2,0,0,0,1,0,1,1,0,13,152,Unusable
Emmanuel Rivera,656896,NA,2025-06-02,0,1,0,0,1,0,0,0,1,13,143,Unusable
Emmanuel Rivera,656896,NA,2025-08-25,3,0,0,0,0,0,0,2,0,13,144,Unusable
Ryan Noda,676116,NA,2025-06-30,0,0,0,0,3,0,2,0,0,13,138,Unusable
Alan Trejo,676701,NA,2025-05-05,2,0,0,0,1,0,1,1,0,13,151,Unusable
Max Schuemann,680474,NA,2025-04-21,2,0,0,0,1,0,2,0,0,13,149,Unusable
Kyle Farmer,571657,NA,2025-06-23,3,0,0,0,0,0,1,1,0,13,139,Unusable
Luis Urias,649966,NA,2025-08-18,1,0,0,0,1,1,0,2,0,13,138,Unusable
Josh Rojas,668942,NA,2025-06-30,2,0,0,0,1,0,1,1,0,13,138,Unusable
Jorge Mateo,622761,NA,2025-09-15,1,1,0,0,0,0,0,0,1,13,131,Unusable
Jose Iglesias,578428,NA,2025-08-18,2,0,0,0,1,0,1,1,0,13,138,Unusable
Jose Iglesias,578428,NA,2025-08-25,3,0,0,0,0,0,1,1,0,13,144,Unusable
Andrew Knizner,668800,NA,2025-08-18,1,1,0,0,0,0,1,1,0,13,138,Unusable
Pete Alonso,624413,29.95,2025-03-24,1,0,0,0,3,0,0,0,0,12,105,Unusable
Corey Seager,608369,43.68,2025-06-02,0,0,0,0,4,0,0,0,0,12,146,Unusable
Oneil Cruz,665833,50.09,2025-04-07,0,0,0,0,1,1,0,1,1,12,147,Unusable
Eugenio Suarez,553993,104.99,2025-09-08,0,0,0,0,4,0,0,0,0,12,136,Unusable
Paul Goldschmidt,502671,117.94,2025-09-08,3,0,0,0,1,0,0,0,0,12,136,Unusable
Paul Goldschmidt,502671,117.94,2025-09-22,2,0,0,0,0,0,2,1,0,12,138,Unusable
Gleyber Torres,650402,147.51,2025-04-07,3,0,0,0,1,0,0,0,0,12,147,Unusable
Xavier Edwards,669364,165.36,2025-05-12,4,0,0,0,0,0,0,0,0,12,144,Unusable
Royce Lewis,668904,168.33,2025-05-19,0,1,0,0,2,0,0,0,0,12,157,Unusable
Willson Contreras,575929,182.14,2025-07-14,1,1,0,0,1,0,0,0,0,12,95,Unusable
Ryan Mountcastle,663624,234.73,2025-04-21,1,0,0,0,2,1,0,0,0,12,152,Unusable
Kyle Manzardo,700932,237.05,2025-08-18,3,0,0,0,0,1,0,0,0,12,142,Unusable
Spencer Torkelson,679529,237.98,2025-07-14,2,0,0,0,2,0,0,0,0,12,95,Unusable
Logan O'Hoppe,681351,238.67,2025-09-01,2,0,0,0,2,0,0,0,0,12,137,Unusable
Jonah Bride,681146,239.69,2025-03-24,1,0,0,0,3,0,0,0,0,12,105,Unusable
Jonah Bride,681146,239.69,2025-05-19,3,0,0,0,1,0,0,0,0,12,157,Unusable
Miguel Rojas,500743,239.78,2025-08-11,3,0,0,0,1,0,0,0,0,12,142,Unusable
Vinny Capra,681962,239.86,2025-04-21,0,0,0,0,2,0,3,0,0,12,152,Unusable
Vinny Capra,681962,239.86,2025-06-16,1,0,0,0,1,0,0,1,1,12,150,Unusable
Elias Diaz,553869,239.91,2025-03-24,3,0,0,0,1,0,0,0,0,12,105,Unusable
Elias Diaz,553869,239.91,2025-05-19,2,1,0,0,0,0,0,0,0,12,157,Unusable
Elias Diaz,553869,239.91,2025-06-23,2,1,0,0,0,0,0,0,0,12,140,Unusable
Enrique Hernandez,571771,NA,2025-04-14,1,1,0,0,1,0,0,0,0,12,149,Unusable
Enrique Hernandez,571771,NA,2025-09-01,2,0,0,0,2,0,0,0,0,12,137,Unusable
Joey Bart,663698,NA,2025-03-31,2,0,0,0,2,0,0,0,0,12,148,Unusable
Joey Bart,663698,NA,2025-05-12,2,0,0,0,2,0,0,0,0,12,144,Unusable
Liover Peguero,678894,NA,2025-09-08,1,0,0,0,1,0,1,0,1,12,136,Unusable
Amed Rosario,642708,NA,2025-08-18,2,1,0,0,0,0,0,0,0,12,142,Unusable
Ernie Clement,676391,NA,2025-04-21,2,1,0,0,0,0,0,0,0,12,152,Unusable
Kyle Higashioka,543309,NA,2025-06-16,2,0,0,0,1,1,0,0,0,12,150,Unusable
Jose Caballero,676609,NA,2025-07-14,1,0,0,0,1,0,1,0,1,12,95,Unusable
Nick Fortes,663743,NA,2025-09-22,3,0,0,0,1,0,0,0,0,12,138,Unusable
Dalton Rushing,687221,NA,2025-08-04,1,0,0,0,1,0,1,2,0,12,140,Unusable
Dalton Rushing,687221,NA,2025-09-01,1,1,0,0,1,0,0,0,0,12,137,Unusable
Andres Chaparro,665953,NA,2025-09-22,2,0,0,0,0,0,0,3,0,12,138,Unusable
Edmundo Sosa,624641,NA,2025-06-23,1,1,0,0,0,1,0,0,0,12,140,Unusable
Austin Hedges,595978,NA,2025-08-04,0,1,0,0,2,0,0,0,0,12,140,Unusable
Luis Torrens,620443,NA,2025-05-12,2,0,0,0,2,0,0,0,0,12,144,Unusable
Luis Torrens,620443,NA,2025-05-26,1,0,0,0,3,0,0,0,0,12,139,Unusable
Andy Ibanez,628451,NA,2025-05-12,1,0,0,0,1,0,1,0,1,12,144,Unusable
Dylan Moore,664238,NA,2025-09-15,1,0,0,0,1,0,1,0,1,12,134,Unusable
Travis d'Arnaud,518595,NA,2025-04-21,0,2,0,0,0,0,0,0,0,12,152,Unusable
Ramon Urias,602104,NA,2025-06-30,3,0,0,0,1,0,0,0,0,12,142,Unusable
Ramon Urias,602104,NA,2025-07-14,0,2,0,0,0,0,0,0,0,12,95,Unusable
Ramon Urias,602104,NA,2025-08-25,1,1,0,0,1,0,0,0,0,12,148,Unusable
Ronny Mauricio,677595,NA,2025-08-11,2,0,0,0,0,0,1,0,1,12,142,Unusable
Jose Iglesias,578428,NA,2025-09-01,2,1,0,0,0,0,0,0,0,12,137,Unusable
Corey Seager,608369,43.68,2025-03-24,3,0,0,0,0,0,1,0,0,11,108,Unusable
William Contreras,661388,61.55,2025-03-24,2,0,0,0,1,0,1,0,0,11,108,Unusable
Jake Burger,669394,115.47,2025-06-16,1,1,0,0,0,0,0,1,0,11,152,Unusable
Paul Goldschmidt,502671,117.94,2025-09-01,2,0,0,0,1,0,1,0,0,11,141,Unusable
Yandy Diaz,650490,154.91,2025-03-24,1,1,0,0,0,0,1,0,0,11,108,Unusable
Yandy Diaz,650490,154.91,2025-09-22,2,0,0,0,1,0,1,0,0,11,141,Unusable
Max Muncy,691777,161.48,2025-03-31,0,1,0,0,1,0,0,1,0,11,149,Unusable
Royce Lewis,668904,168.33,2025-05-05,2,0,0,0,1,0,0,1,0,11,153,Unusable
Rhys Hoskins,656555,172.72,2025-03-24,1,0,0,0,2,0,0,1,0,11,108,Unusable
Ryan McMahon,641857,172.9,2025-06-30,1,0,0,0,2,0,1,0,0,11,143,Unusable
Salvador Perez,521692,194.19,2025-05-12,3,0,0,0,0,0,0,1,0,11,148,Unusable
Josh Jung,673962,208.9,2025-03-24,3,0,0,0,0,0,0,1,0,11,108,Unusable
Josh Jung,673962,208.9,2025-06-02,1,0,0,0,2,0,1,0,0,11,147,Unusable
Kristian Campbell,692225,212.49,2025-05-05,3,0,0,0,0,0,0,1,0,11,153,Unusable
Brandon Lowe,664040,213.94,2025-04-07,3,0,0,0,0,0,0,1,0,11,149,Unusable
Shea Langeliers,669127,226.05,2025-09-15,2,0,0,0,1,0,1,0,0,11,135,Unusable
Andres Gimenez,665926,231.93,2025-05-05,1,1,0,0,0,0,1,0,0,11,153,Unusable
Ryan Mountcastle,663624,234.73,2025-03-24,1,1,0,0,0,0,1,0,0,11,108,Unusable
Colt Keith,690993,235.65,2025-04-14,2,0,0,0,1,0,1,0,0,11,150,Unusable
Colt Keith,690993,235.65,2025-04-21,1,0,0,0,2,0,0,1,0,11,156,Unusable
Andrew Vaughn,683734,236.76,2025-05-19,3,0,0,0,0,0,0,1,0,11,160,Unusable
Joey Ortiz,687401,237.06,2025-07-07,3,0,0,0,0,0,1,0,0,11,138,Unusable
Carlos Santana,467793,237.36,2025-07-14,1,0,0,0,2,0,0,1,0,11,99,Unusable
Gavin Lux,666158,238.36,2025-03-24,2,0,0,0,1,0,1,0,0,11,108,Unusable
Logan O'Hoppe,681351,238.67,2025-05-26,2,0,0,0,1,0,1,0,0,11,140,Unusable
Coby Mayo,691723,239.19,2025-06-16,1,1,0,0,0,0,0,1,0,11,152,Unusable
Willi Castro,650489,239.25,2025-09-15,0,1,0,0,1,0,1,0,0,11,135,Unusable
Francisco Alvarez,682626,239.35,2025-05-12,0,0,0,0,3,0,1,0,0,11,148,Unusable
Francisco Alvarez,682626,239.35,2025-06-09,1,0,0,0,2,0,1,0,0,11,149,Unusable
Justin Turner,457759,239.35,2025-05-05,1,0,0,0,2,0,0,1,0,11,153,Unusable
Justin Turner,457759,239.35,2025-06-23,1,1,0,0,0,0,0,1,0,11,142,Unusable
Justin Turner,457759,239.35,2025-08-04,1,1,0,0,0,0,1,0,0,11,142,Unusable
Nolan Schanuel,694384,239.52,2025-03-24,3,0,0,0,0,0,1,0,0,11,108,Unusable
Nolan Schanuel,694384,239.52,2025-08-18,2,0,0,0,0,1,1,0,0,11,144,Unusable
Keibert Ruiz,660688,239.6,2025-04-14,3,0,0,0,0,0,0,1,0,11,150,Unusable
Luisangel Acuna,682668,239.64,2025-06-09,2,0,0,0,1,0,1,0,0,11,149,Unusable
Luisangel Acuna,682668,239.64,2025-07-14,0,1,0,0,1,0,0,1,0,11,99,Unusable
Jonah Bride,681146,239.69,2025-03-31,1,0,0,0,2,0,1,0,0,11,149,Unusable
Jonah Bride,681146,239.69,2025-06-16,1,0,0,0,2,0,1,0,0,11,152,Unusable
Sean Murphy,669221,239.72,2025-06-02,1,0,0,0,2,0,0,1,0,11,147,Unusable
Noelvi Marte,682622,239.78,2025-07-14,2,0,0,0,0,1,1,0,0,11,99,Unusable
Bo Naylor,666310,239.8,2025-08-04,1,0,0,0,2,0,1,0,0,11,142,Unusable
Luis Rengifo,650859,239.81,2025-06-02,2,0,0,0,1,0,1,0,0,11,147,Unusable
Spencer Horwitz,687462,239.83,2025-06-02,2,0,0,0,1,0,1,0,0,11,147,Unusable
Vinny Capra,681962,239.86,2025-06-09,1,1,0,0,0,0,1,0,0,11,149,Unusable
Kevin Newman,621028,239.88,2025-05-12,1,1,0,0,0,0,0,1,0,11,148,Unusable
Elias Diaz,553869,239.91,2025-05-12,2,0,0,0,1,0,1,0,0,11,148,Unusable
Caleb Durbin,702332,239.92,2025-08-04,0,1,0,0,1,0,1,0,0,11,142,Unusable
Nolan Gorman,669357,239.92,2025-03-31,0,1,0,0,1,0,1,0,0,11,149,Unusable
Nolan Gorman,669357,239.92,2025-04-07,0,1,0,0,1,0,0,1,0,11,149,Unusable
Curtis Mead,678554,239.94,2025-03-31,0,1,0,0,1,0,0,1,0,11,149,Unusable
Curtis Mead,678554,239.94,2025-08-18,3,0,0,0,0,0,0,1,0,11,144,Unusable
Kyle Teel,691019,239.94,2025-06-30,0,0,0,0,3,0,1,0,0,11,143,Unusable
Brendan Rodgers,663898,239.98,2025-06-09,2,0,0,0,1,0,1,0,0,11,149,Unusable
Gabriel Moreno,672515,NA,2025-04-07,1,0,0,0,2,0,1,0,0,11,149,Unusable
Marcelo Mayer,691785,NA,2025-05-19,1,1,0,0,0,0,1,0,0,11,160,Unusable
Brayan Rocchio,677587,NA,2025-03-24,2,0,0,0,1,0,1,0,0,11,108,Unusable
Joey Bart,663698,NA,2025-05-19,1,1,0,0,0,0,0,1,0,11,160,Unusable
Joey Bart,663698,NA,2025-07-07,1,1,0,0,0,0,0,1,0,11,138,Unusable
Joey Bart,663698,NA,2025-08-18,2,0,0,0,1,0,1,0,0,11,144,Unusable
Joey Bart,663698,NA,2025-09-22,2,0,0,0,1,0,0,1,0,11,141,Unusable
Tim Anderson,641313,NA,2025-04-14,2,0,0,0,0,1,1,0,0,11,150,Unusable
Ivan Herrera,671056,NA,2025-07-14,3,0,0,0,0,0,0,1,0,11,99,Unusable
Gabriel Arias,672356,NA,2025-05-19,1,0,0,0,1,1,0,1,0,11,160,Unusable
Amed Rosario,642708,NA,2025-03-31,1,1,0,0,0,0,1,0,0,11,149,Unusable
Amed Rosario,642708,NA,2025-08-04,1,1,0,0,0,0,0,1,0,11,142,Unusable
Kyle Higashioka,543309,NA,2025-03-24,1,1,0,0,0,0,0,1,0,11,108,Unusable
Kyle Higashioka,543309,NA,2025-09-01,1,0,0,0,2,0,1,0,0,11,141,Unusable
Jonah Heim,641680,NA,2025-08-04,1,0,0,0,2,0,1,0,0,11,142,Unusable
Zach McKinstry,656716,NA,2025-07-21,1,0,0,0,2,0,1,0,0,11,137,Unusable
Rowdy Tellez,642133,NA,2025-07-21,2,0,0,0,1,0,0,1,0,11,137,Unusable
Henry Davis,680779,NA,2025-05-12,2,0,0,0,1,0,0,1,0,11,148,Unusable
Andres Chaparro,665953,NA,2025-09-08,3,0,0,0,0,0,1,0,0,11,139,Unusable
Connor Wong,657136,NA,2025-06-02,1,0,0,0,2,0,1,0,0,11,147,Unusable
Connor Wong,657136,NA,2025-08-11,1,1,0,0,0,0,1,0,0,11,144,Unusable
Edmundo Sosa,624641,NA,2025-05-26,2,0,0,0,0,1,0,1,0,11,140,Unusable
Alejandro Kirk,672386,NA,2025-09-15,1,0,0,0,2,0,0,1,0,11,135,Unusable
Martin Maldonado,455117,NA,2025-06-30,2,0,0,0,1,0,0,1,0,11,143,Unusable
Austin Hedges,595978,NA,2025-08-11,1,1,0,0,0,0,0,1,0,11,144,Unusable
Luis Torrens,620443,NA,2025-09-15,1,1,0,0,0,0,1,0,0,11,135,Unusable
Andy Ibanez,628451,NA,2025-08-11,3,0,0,0,0,0,1,0,0,11,144,Unusable
Dylan Moore,664238,NA,2025-06-09,0,0,0,0,1,0,2,0,1,11,149,Unusable
Dylan Moore,664238,NA,2025-07-28,0,0,0,0,1,0,0,0,2,11,150,Unusable
Travis d'Arnaud,518595,NA,2025-07-28,0,0,0,0,3,0,1,0,0,11,150,Unusable
Travis d'Arnaud,518595,NA,2025-09-01,1,1,0,0,0,0,0,1,0,11,141,Unusable
Max Schuemann,680474,NA,2025-06-16,1,0,0,0,1,1,0,1,0,11,152,Unusable
Max Schuemann,680474,NA,2025-07-07,1,0,0,0,0,0,2,0,1,11,138,Unusable
Kyle Farmer,571657,NA,2025-04-28,3,0,0,0,0,0,0,1,0,11,154,Unusable
Josh Rojas,668942,NA,2025-05-19,1,0,0,0,2,0,1,0,0,11,160,Unusable
Josh Rojas,668942,NA,2025-08-04,2,0,0,0,1,0,1,0,0,11,142,Unusable
Jose Tena,677588,NA,2025-04-28,1,0,0,0,2,0,1,0,0,11,154,Unusable
Jose Tena,677588,NA,2025-06-02,0,1,0,0,1,0,1,0,0,11,147,Unusable
Jake Bauers,641343,NA,2025-03-31,1,0,0,0,2,0,1,0,0,11,149,Unusable
Pedro Pages,686780,NA,2025-06-30,2,0,0,0,1,0,0,1,0,11,143,Unusable
Jose Iglesias,578428,NA,2025-03-31,2,0,0,0,1,0,1,0,0,11,149,Unusable
Andrew Knizner,668800,NA,2025-07-14,2,0,0,0,1,0,0,1,0,11,99,Unusable
Josh Naylor,647304,89.6,2025-06-02,2,0,0,0,0,0,0,2,0,10,153,Unusable
Jordan Westburg,676059,108.66,2025-04-07,0,0,0,0,1,1,2,0,0,10,152,Unusable
Isaac Paredes,670623,121.15,2025-05-26,1,0,0,0,1,0,1,1,0,10,142,Unusable
Anthony Volpe,683011,135.32,2025-08-18,0,1,0,0,0,0,2,0,0,10,147,Unusable
Alec Bohm,664761,148.29,2025-04-07,2,0,0,0,0,0,2,0,0,10,152,Unusable
Carlos Santana,467793,237.36,2025-09-22,0,1,0,0,0,0,0,2,0,10,143,Unusable
Jacob Wilson,805779,238.09,2025-07-21,1,0,0,0,1,0,1,1,0,10,139,Unusable
Thairo Estrada,642731,239.19,2025-05-26,1,0,0,0,0,1,1,1,0,10,142,Unusable
Thairo Estrada,642731,239.19,2025-07-07,0,1,0,0,0,0,2,0,0,10,141,Unusable
Luisangel Acuna,682668,239.64,2025-05-12,1,0,0,0,1,0,2,0,0,10,153,Unusable
Maikel Garcia,672580,239.72,2025-07-14,2,0,0,0,0,0,1,1,0,10,104,Unusable
Casey Schmitt,669477,239.77,2025-06-23,1,0,0,0,0,1,2,0,0,10,143,Unusable
Bo Naylor,666310,239.8,2025-06-16,0,1,0,0,0,0,1,1,0,10,156,Unusable
Vinny Capra,681962,239.86,2025-05-26,0,1,0,0,0,0,2,0,0,10,142,Unusable
Kevin Newman,621028,239.88,2025-06-09,2,0,0,0,0,0,2,0,0,10,154,Unusable
Elias Diaz,553869,239.91,2025-04-14,0,0,0,0,2,0,2,0,0,10,153,Unusable
Elias Diaz,553869,239.91,2025-06-30,0,0,0,0,2,0,2,0,0,10,147,Unusable
Elias Diaz,553869,239.91,2025-09-08,2,0,0,0,0,0,2,0,0,10,140,Unusable
Nick Gonzales,693304,239.92,2025-07-21,2,0,0,0,0,0,2,0,0,10,139,Unusable
Curtis Mead,678554,239.94,2025-06-02,2,0,0,0,0,0,0,0,1,10,153,Unusable
Curtis Mead,678554,239.94,2025-09-15,2,0,0,0,0,0,0,2,0,10,139,Unusable
Will Wagner,695238,239.98,2025-04-21,0,0,0,0,2,0,0,0,1,10,157,Unusable
Brendan Rodgers,663898,239.98,2025-04-07,0,0,0,0,2,0,1,1,0,10,152,Unusable
Jace Jung,690291,239.98,2025-05-12,1,0,0,0,0,1,2,0,0,10,153,Unusable
Enrique Hernandez,571771,NA,2025-05-19,2,0,0,0,0,0,1,1,0,10,165,Unusable
Brayan Rocchio,677587,NA,2025-05-05,0,0,0,0,0,0,1,2,1,10,157,Unusable
Yoan Moncada,660162,NA,2025-08-04,1,0,0,0,0,1,2,0,0,10,148,Unusable
Isaac Collins,686555,NA,2025-05-12,2,0,0,0,0,0,0,2,0,10,153,Unusable
Amed Rosario,642708,NA,2025-09-15,0,1,0,0,0,0,0,2,0,10,139,Unusable
Mark Canha,592192,NA,2025-04-21,2,0,0,0,0,0,1,1,0,10,157,Unusable
Mark Canha,592192,NA,2025-05-05,1,0,0,0,1,0,1,1,0,10,157,Unusable
David Hamilton,666152,NA,2025-07-07,1,0,0,0,1,0,1,1,0,10,141,Unusable
Ernie Clement,676391,NA,2025-03-24,0,1,0,0,0,0,0,2,0,10,118,Unusable
Jonah Heim,641680,NA,2025-09-22,2,0,0,0,0,0,2,0,0,10,143,Unusable
Korey Lee,686676,NA,2025-06-02,0,1,0,0,0,0,2,0,0,10,153,Unusable
Rowdy Tellez,642133,NA,2025-08-04,2,0,0,0,0,0,0,2,0,10,148,Unusable
Henry Davis,680779,NA,2025-04-28,1,0,0,0,1,0,2,0,0,10,156,Unusable
Henry Davis,680779,NA,2025-06-16,1,0,0,0,1,0,1,1,0,10,156,Unusable
Dalton Rushing,687221,NA,2025-08-25,1,0,0,0,1,0,0,2,0,10,149,Unusable
Connor Wong,657136,NA,2025-03-24,1,0,0,0,1,0,0,0,1,10,118,Unusable
Edmundo Sosa,624641,NA,2025-04-28,0,0,0,0,2,0,2,0,0,10,156,Unusable
Edmundo Sosa,624641,NA,2025-07-28,0,1,0,0,0,0,0,0,1,10,152,Unusable
Alejandro Kirk,672386,NA,2025-03-24,2,0,0,0,0,0,1,1,0,10,118,Unusable
Martin Maldonado,455117,NA,2025-07-14,0,1,0,0,0,0,1,1,0,10,104,Unusable
Austin Hedges,595978,NA,2025-07-14,1,0,0,0,0,1,1,1,0,10,104,Unusable
Luis Torrens,620443,NA,2025-06-02,1,0,0,0,0,1,0,2,0,10,153,Unusable
Max Schuemann,680474,NA,2025-06-23,1,0,0,0,1,0,0,0,1,10,143,Unusable
Max Schuemann,680474,NA,2025-09-22,0,0,0,0,2,0,1,1,0,10,143,Unusable
Kyle Farmer,571657,NA,2025-03-24,2,0,0,0,0,0,0,2,0,10,118,Unusable
Kyle Farmer,571657,NA,2025-07-21,2,0,0,0,0,0,1,1,0,10,139,Unusable
Gio Urshela,570482,NA,2025-07-07,2,0,0,0,0,0,1,1,0,10,141,Unusable
Pedro Pages,686780,NA,2025-05-12,2,0,0,0,0,0,0,2,0,10,153,Unusable
Pedro Pages,686780,NA,2025-07-07,2,0,0,0,0,0,0,2,0,10,141,Unusable
Pedro Pages,686780,NA,2025-07-14,2,0,0,0,0,0,1,1,0,10,104,Unusable
Thomas Saggese,695336,NA,2025-07-07,1,0,0,0,1,0,1,1,0,10,141,Unusable
Jose Trevino,624431,NA,2025-04-07,2,0,0,0,0,0,0,2,0,10,152,Unusable
Alex Bregman,608324,60.11,2025-07-07,1,1,0,0,0,0,0,0,0,9,146,Unusable
Christian Walker,572233,74.01,2025-07-07,1,0,0,0,0,0,1,2,0,9,146,Unusable
Jake Burger,669394,115.47,2025-08-04,1,1,0,0,0,0,0,0,0,9,150,Unusable
Anthony Volpe,683011,135.32,2025-09-01,1,1,0,0,0,0,0,0,0,9,144,Unusable
Michael Toglia,669911,138.78,2025-07-14,0,1,0,0,1,0,0,0,0,9,108,Unusable
Gleyber Torres,650402,147.51,2025-09-22,3,0,0,0,0,0,0,0,0,9,146,Unusable
Jeremy Pena,665161,180.02,2025-07-28,3,0,0,0,0,0,0,0,0,9,153,Unusable
Matt Shaw,807713,227.33,2025-06-09,2,0,0,0,1,0,0,0,0,9,155,Unusable
Andres Gimenez,665926,231.93,2025-09-01,3,0,0,0,0,0,0,0,0,9,144,Unusable
Tyler Fitzgerald,666149,237.85,2025-08-18,1,0,0,0,2,0,0,0,0,9,148,Unusable
Josh Bell,605137,238,2025-05-05,0,1,0,0,1,0,0,0,0,9,159,Unusable
Josh Bell,605137,238,2025-07-14,2,0,0,0,0,1,0,0,0,9,108,Unusable
Tyler Soderstrom,691016,238.1,2025-07-14,1,0,0,0,0,0,1,0,1,9,108,Unusable
Christopher Morel,666624,238.29,2025-04-28,2,0,0,0,0,1,0,0,0,9,158,Unusable
Logan O'Hoppe,681351,238.67,2025-04-14,2,0,0,0,1,0,0,0,0,9,154,Unusable
Logan O'Hoppe,681351,238.67,2025-09-22,1,0,0,0,2,0,0,0,0,9,146,Unusable
Justin Turner,457759,239.35,2025-06-02,2,0,0,0,1,0,0,0,0,9,157,Unusable
Brett Baty,683146,239.56,2025-03-31,1,1,0,0,0,0,0,0,0,9,156,Unusable
Adam Frazier,624428,239.6,2025-06-30,1,1,0,0,0,0,0,0,0,9,148,Unusable
Luisangel Acuna,682668,239.64,2025-09-22,0,0,0,0,1,0,1,0,1,9,146,Unusable
Ty France,664034,239.69,2025-07-28,2,0,0,0,1,0,0,0,0,9,153,Unusable
Miguel Rojas,500743,239.78,2025-04-07,3,0,0,0,0,0,0,0,0,9,156,Unusable
Luis Rengifo,650859,239.81,2025-03-24,2,0,0,0,1,0,0,0,0,9,122,Unusable
Spencer Horwitz,687462,239.83,2025-07-14,1,0,0,0,2,0,0,0,0,9,108,Unusable
Vinny Capra,681962,239.86,2025-06-23,3,0,0,0,0,0,0,0,0,9,145,Unusable
Kevin Newman,621028,239.88,2025-07-21,1,0,0,0,0,0,2,1,0,9,142,Unusable
Curtis Mead,678554,239.94,2025-06-30,0,0,0,0,1,0,1,0,1,9,148,Unusable
Oliver Dunn,686554,239.96,2025-04-14,0,0,0,0,1,0,0,1,1,9,154,Unusable
Michael Massey,686681,239.99,2025-04-07,3,0,0,0,0,0,0,0,0,9,156,Unusable
Enrique Hernandez,571771,NA,2025-06-02,1,0,0,0,2,0,0,0,0,9,157,Unusable
Marcelo Mayer,691785,NA,2025-07-14,3,0,0,0,0,0,0,0,0,9,108,Unusable
Yoan Moncada,660162,NA,2025-07-21,0,0,0,0,2,1,0,0,0,9,142,Unusable
Yoan Moncada,660162,NA,2025-09-22,0,1,0,0,1,0,0,0,0,9,146,Unusable
Christian Moore,695681,NA,2025-06-30,0,0,0,0,3,0,0,0,0,9,148,Unusable
Christian Moore,695681,NA,2025-08-18,3,0,0,0,0,0,0,0,0,9,148,Unusable
Orlando Arcia,606115,NA,2025-09-08,3,0,0,0,0,0,0,0,0,9,141,Unusable
Isaac Collins,686555,NA,2025-03-24,1,1,0,0,0,0,0,0,0,9,122,Unusable
Tim Anderson,641313,NA,2025-04-28,3,0,0,0,0,0,0,0,0,9,158,Unusable
Liover Peguero,678894,NA,2025-05-05,2,0,0,0,0,1,0,0,0,9,159,Unusable
David Hamilton,666152,NA,2025-03-31,1,0,0,0,0,0,0,1,1,9,156,Unusable
David Hamilton,666152,NA,2025-04-07,0,0,0,0,1,0,1,0,1,9,156,Unusable
David Hamilton,666152,NA,2025-06-23,1,0,0,0,2,0,0,0,0,9,145,Unusable
Ernie Clement,676391,NA,2025-08-18,1,0,0,0,1,1,0,0,0,9,148,Unusable
Kyle Higashioka,543309,NA,2025-04-21,3,0,0,0,0,0,0,0,0,9,159,Unusable
Kyle Higashioka,543309,NA,2025-06-02,1,0,0,0,1,1,0,0,0,9,157,Unusable
Jacob Stallings,607732,NA,2025-03-31,2,0,0,0,1,0,0,0,0,9,156,Unusable
Rowdy Tellez,642133,NA,2025-05-26,3,0,0,0,0,0,0,0,0,9,145,Unusable
Rowdy Tellez,642133,NA,2025-06-16,1,0,0,0,0,0,1,0,1,9,158,Unusable
Henry Davis,680779,NA,2025-09-15,3,0,0,0,0,0,0,0,0,9,141,Unusable
Trey Sweeney,700242,NA,2025-09-22,1,0,0,0,2,0,0,0,0,9,146,Unusable
Dalton Rushing,687221,NA,2025-06-09,1,0,0,0,2,0,0,0,0,9,155,Unusable
Connor Wong,657136,NA,2025-03-31,1,0,0,0,2,0,0,0,0,9,156,Unusable
Emmanuel Rivera,656896,NA,2025-05-12,2,0,0,0,1,0,0,0,0,9,157,Unusable
Ryan Noda,676116,NA,2025-06-23,1,0,0,0,2,0,0,0,0,9,145,Unusable
Ryan Noda,676116,NA,2025-07-28,1,0,0,0,0,0,0,1,1,9,153,Unusable
Martin Maldonado,455117,NA,2025-04-14,2,0,0,0,1,0,0,0,0,9,154,Unusable
Martin Maldonado,455117,NA,2025-04-28,1,1,0,0,0,0,0,0,0,9,158,Unusable
Martin Maldonado,455117,NA,2025-06-02,1,1,0,0,0,0,0,0,0,9,157,Unusable
Austin Hedges,595978,NA,2025-09-15,1,0,0,0,2,0,0,0,0,9,141,Unusable
Luis Campusano,669134,NA,2025-04-28,0,0,0,0,3,0,0,0,0,9,158,Unusable
Luis Torrens,620443,NA,2025-04-28,0,0,0,0,3,0,0,0,0,9,158,Unusable
Luis Torrens,620443,NA,2025-06-30,2,0,0,0,1,0,0,0,0,9,148,Unusable
Luis Torrens,620443,NA,2025-07-28,2,0,0,0,1,0,0,0,0,9,153,Unusable
Luis Torrens,620443,NA,2025-08-18,1,1,0,0,0,0,0,0,0,9,148,Unusable
Dylan Moore,664238,NA,2025-03-24,2,0,0,0,1,0,0,0,0,9,122,Unusable
Travis d'Arnaud,518595,NA,2025-05-26,1,1,0,0,0,0,0,0,0,9,145,Unusable
Vidal Brujan,660644,NA,2025-04-21,1,0,0,0,0,0,1,0,1,9,159,Unusable
Vidal Brujan,660644,NA,2025-07-07,1,1,0,0,0,0,0,0,0,9,146,Unusable
Vidal Brujan,660644,NA,2025-07-21,3,0,0,0,0,0,0,0,0,9,142,Unusable
Nick Maton,665155,NA,2025-04-14,0,1,0,0,1,0,0,0,0,9,154,Unusable
Max Schuemann,680474,NA,2025-05-05,1,0,0,0,0,0,1,0,1,9,159,Unusable
Max Schuemann,680474,NA,2025-05-26,1,0,0,0,2,0,0,0,0,9,145,Unusable
Tyler Black,672012,NA,2025-08-11,0,0,0,0,3,0,0,0,0,9,147,Unusable
Luis Urias,649966,NA,2025-03-31,2,0,0,0,1,0,0,0,0,9,156,Unusable
Luis Urias,649966,NA,2025-06-30,2,0,0,0,1,0,0,0,0,9,148,Unusable
Connor Joe,656582,NA,2025-05-19,2,0,0,0,1,0,0,0,0,9,166,Unusable
Ronny Mauricio,677595,NA,2025-09-22,1,0,0,0,2,0,0,0,0,9,146,Unusable
Pedro Pages,686780,NA,2025-09-22,1,1,0,0,0,0,0,0,0,9,146,Unusable
Yuli Gurriel,493329,NA,2025-04-14,1,0,0,0,2,0,0,0,0,9,154,Unusable
Jose Trevino,624431,NA,2025-05-12,1,1,0,0,0,0,0,0,0,9,157,Unusable
Jose Trevino,624431,NA,2025-07-07,3,0,0,0,0,0,0,0,0,9,146,Unusable
Jose Trevino,624431,NA,2025-08-25,2,0,0,0,1,0,0,0,0,9,150,Unusable
Freddie Freeman,518692,26.39,2025-04-07,1,0,0,0,0,1,1,0,0,8,159,Unusable
Rafael Devers,646240,35.39,2025-03-24,0,0,0,0,2,0,0,1,0,8,125,Unusable
Marcus Semien,543760,65.54,2025-03-24,2,0,0,0,0,0,0,1,0,8,125,Unusable
Christian Walker,572233,74.01,2025-09-15,1,0,0,0,0,1,0,1,0,8,143,Unusable
Mark Vientos,668901,83.69,2025-07-14,2,0,0,0,0,0,0,1,0,8,113,Unusable
Matt McLain,680574,91.6,2025-05-26,2,0,0,0,0,0,0,1,0,8,148,Unusable
Xavier Edwards,669364,165.36,2025-09-01,1,0,0,0,1,0,1,0,0,8,146,Unusable
Carlos Correa,621043,209.38,2025-05-12,2,0,0,0,0,0,1,0,0,8,159,Unusable
Will Smith,669257,215.77,2025-09-08,0,1,0,0,0,0,1,0,0,8,142,Unusable
Matt Shaw,807713,227.33,2025-04-07,1,0,0,0,1,0,1,0,0,8,159,Unusable
Yainer Diaz,673237,234.25,2025-03-24,1,0,0,0,1,0,0,1,0,8,125,Unusable
Ryan Mountcastle,663624,234.73,2025-09-08,2,0,0,0,0,0,0,1,0,8,142,Unusable
Joey Ortiz,687401,237.06,2025-03-24,2,0,0,0,0,0,1,0,0,8,125,Unusable
Tyler Fitzgerald,666149,237.85,2025-04-28,1,0,0,0,0,1,1,0,0,8,163,Unusable
Jacob Wilson,805779,238.09,2025-07-07,1,0,0,0,0,1,1,0,0,8,150,Unusable
Christopher Morel,666624,238.29,2025-05-12,0,0,0,0,0,0,2,0,1,8,159,Unusable
Coby Mayo,691723,239.19,2025-06-30,1,0,0,0,1,0,1,0,0,8,153,Unusable
Justin Turner,457759,239.35,2025-04-14,0,0,0,0,2,0,1,0,0,8,159,Unusable
Justin Turner,457759,239.35,2025-09-08,0,1,0,0,0,0,0,1,0,8,142,Unusable
Justin Turner,457759,239.35,2025-09-22,1,0,0,0,1,0,1,0,0,8,153,Unusable
Josh Smith,669701,239.59,2025-09-15,2,0,0,0,0,0,0,1,0,8,143,Unusable
Adam Frazier,624428,239.6,2025-07-21,1,0,0,0,1,0,1,0,0,8,145,Unusable
Keibert Ruiz,660688,239.6,2025-06-30,2,0,0,0,0,0,0,1,0,8,153,Unusable
Ty France,664034,239.69,2025-07-14,1,0,0,0,0,1,1,0,0,8,113,Unusable
Sean Murphy,669221,239.72,2025-08-25,0,1,0,0,0,0,1,0,0,8,151,Unusable
Oswaldo Cabrera,665828,239.74,2025-05-12,1,0,0,0,1,0,1,0,0,8,159,Unusable
Casey Schmitt,669477,239.77,2025-05-26,1,0,0,0,1,0,1,0,0,8,148,Unusable
Miguel Rojas,500743,239.78,2025-04-21,2,0,0,0,0,0,1,0,0,8,161,Unusable
Miguel Rojas,500743,239.78,2025-05-19,1,0,0,0,1,0,1,0,0,8,167,Unusable
Miguel Rojas,500743,239.78,2025-08-04,0,1,0,0,0,0,1,0,0,8,151,Unusable
Noelvi Marte,682622,239.78,2025-06-30,0,0,0,0,2,0,0,1,0,8,153,Unusable
Bo Naylor,666310,239.8,2025-03-24,2,0,0,0,0,0,0,1,0,8,125,Unusable
Bo Naylor,666310,239.8,2025-08-18,1,0,0,0,1,0,0,1,0,8,152,Unusable
Jordan Lawlar,691783,239.81,2025-05-26,0,0,0,0,2,0,1,0,0,8,148,Unusable
Kevin Newman,621028,239.88,2025-04-28,2,0,0,0,0,0,0,1,0,8,163,Unusable
Kevin Newman,621028,239.88,2025-06-16,2,0,0,0,0,0,1,0,0,8,159,Unusable
Kevin Newman,621028,239.88,2025-07-14,2,0,0,0,0,0,1,0,0,8,113,Unusable
Elias Diaz,553869,239.91,2025-06-16,1,0,0,0,1,0,0,1,0,8,159,Unusable
Elias Diaz,553869,239.91,2025-08-11,1,0,0,0,1,0,1,0,0,8,148,Unusable
Tyler Stephenson,663886,239.91,2025-05-12,2,0,0,0,0,0,1,0,0,8,159,Unusable
Caleb Durbin,702332,239.92,2025-05-12,0,0,0,0,0,2,0,1,0,8,159,Unusable
Endy Rodriguez,682848,239.97,2025-06-02,0,1,0,0,0,0,1,0,0,8,161,Unusable
Will Wagner,695238,239.98,2025-08-25,1,0,0,0,1,0,1,0,0,8,151,Unusable
Will Wagner,695238,239.98,2025-09-22,1,0,0,0,1,0,1,0,0,8,153,Unusable
Michael Massey,686681,239.99,2025-03-24,2,0,0,0,0,0,0,1,0,8,125,Unusable
Ke'Bryan Hayes,663647,240,2025-09-15,0,0,0,0,2,0,1,0,0,8,143,Unusable
Jose Miranda,669304,240,2025-03-24,2,0,0,0,0,0,1,0,0,8,125,Unusable
Yoan Moncada,660162,NA,2025-09-15,1,0,0,0,0,1,0,1,0,8,143,Unusable
Christian Moore,695681,NA,2025-07-28,1,0,0,0,1,0,1,0,0,8,157,Unusable
Matt Mervis,670223,NA,2025-03-24,1,0,0,0,1,0,1,0,0,8,125,Unusable
Matt Mervis,670223,NA,2025-04-28,1,0,0,0,0,1,1,0,0,8,163,Unusable
Matt Mervis,670223,NA,2025-05-12,0,1,0,0,0,0,1,0,0,8,159,Unusable
Joey Bart,663698,NA,2025-08-04,2,0,0,0,0,0,0,1,0,8,151,Unusable
Orlando Arcia,606115,NA,2025-09-01,0,1,0,0,0,0,1,0,0,8,146,Unusable
Isaac Collins,686555,NA,2025-04-07,1,0,0,0,1,0,1,0,0,8,159,Unusable
Amed Rosario,642708,NA,2025-04-21,0,1,0,0,0,0,1,0,0,8,161,Unusable
Mark Canha,592192,NA,2025-04-14,2,0,0,0,0,0,0,1,0,8,159,Unusable
Mark Canha,592192,NA,2025-04-28,1,0,0,0,1,0,1,0,0,8,163,Unusable
David Hamilton,666152,NA,2025-05-26,0,0,0,0,0,0,1,1,1,8,148,Unusable
Kyle Higashioka,543309,NA,2025-05-12,1,0,0,0,1,0,1,0,0,8,159,Unusable
Kyle Higashioka,543309,NA,2025-07-21,2,0,0,0,0,0,1,0,0,8,145,Unusable
Jacob Stallings,607732,NA,2025-04-28,2,0,0,0,0,0,0,1,0,8,163,Unusable
Jonah Heim,641680,NA,2025-05-26,2,0,0,0,0,0,0,1,0,8,148,Unusable
Jonah Heim,641680,NA,2025-09-01,0,0,0,0,2,0,0,1,0,8,146,Unusable
Korey Lee,686676,NA,2025-03-24,1,0,0,0,1,0,1,0,0,8,125,Unusable
Gustavo Campero,672569,NA,2025-06-30,0,0,0,0,1,1,1,0,0,8,153,Unusable
Rowdy Tellez,642133,NA,2025-03-24,1,0,0,0,0,1,1,0,0,8,125,Unusable
David Fry,681807,NA,2025-06-09,0,0,0,0,1,1,1,0,0,8,157,Unusable
Miguel Amaya,665804,NA,2025-03-17,0,1,0,0,0,0,0,1,0,8,7,IF1
Nick Fortes,663743,NA,2025-04-07,2,0,0,0,0,0,0,1,0,8,159,Unusable
Nick Fortes,663743,NA,2025-05-05,1,0,0,0,1,0,1,0,0,8,162,Unusable
Nick Fortes,663743,NA,2025-06-30,2,0,0,0,0,0,0,1,0,8,153,Unusable
Trey Sweeney,700242,NA,2025-03-24,1,0,0,0,1,0,0,1,0,8,125,Unusable
Trey Sweeney,700242,NA,2025-08-04,1,0,0,0,1,0,1,0,0,8,151,Unusable
Trey Sweeney,700242,NA,2025-08-25,2,0,0,0,0,0,1,0,0,8,151,Unusable
Andres Chaparro,665953,NA,2025-09-15,1,0,0,0,1,0,1,0,0,8,143,Unusable
Connor Wong,657136,NA,2025-05-05,2,0,0,0,0,0,1,0,0,8,162,Unusable
Connor Wong,657136,NA,2025-06-23,1,0,0,0,1,0,0,1,0,8,148,Unusable
Connor Wong,657136,NA,2025-07-21,0,1,0,0,0,0,1,0,0,8,145,Unusable
Connor Wong,657136,NA,2025-09-22,0,0,0,0,2,0,1,0,0,8,153,Unusable
Emmanuel Rivera,656896,NA,2025-09-08,2,0,0,0,0,0,0,1,0,8,142,Unusable
Edmundo Sosa,624641,NA,2025-04-21,2,0,0,0,0,0,1,0,0,8,161,Unusable
Martin Maldonado,455117,NA,2025-03-24,2,0,0,0,0,0,0,1,0,8,125,Unusable
Martin Maldonado,455117,NA,2025-07-28,2,0,0,0,0,0,1,0,0,8,157,Unusable
Austin Hedges,595978,NA,2025-06-16,1,0,0,0,1,0,0,1,0,8,159,Unusable
Austin Hedges,595978,NA,2025-07-07,0,1,0,0,0,0,1,0,0,8,150,Unusable
Austin Hedges,595978,NA,2025-08-18,1,0,0,0,1,0,0,1,0,8,152,Unusable
Agustin Ramirez,682663,NA,2025-04-28,0,1,0,0,0,0,1,0,0,8,163,Unusable
Luis Torrens,620443,NA,2025-09-22,2,0,0,0,0,0,1,0,0,8,153,Unusable
Andy Ibanez,628451,NA,2025-09-01,1,0,0,0,1,0,1,0,0,8,146,Unusable
Dylan Moore,664238,NA,2025-08-11,0,1,0,0,0,0,1,0,0,8,148,Unusable
Dylan Moore,664238,NA,2025-09-22,1,0,0,0,0,1,1,0,0,8,153,Unusable
Travis d'Arnaud,518595,NA,2025-08-11,0,1,0,0,0,0,0,1,0,8,148,Unusable
Travis d'Arnaud,518595,NA,2025-08-18,0,1,0,0,0,0,1,0,0,8,152,Unusable
Vidal Brujan,660644,NA,2025-08-11,0,0,0,0,2,0,1,0,0,8,148,Unusable
Max Schuemann,680474,NA,2025-08-18,1,0,0,0,1,0,0,1,0,8,152,Unusable
Kyle Farmer,571657,NA,2025-06-16,2,0,0,0,0,0,1,0,0,8,159,Unusable
Kyle Farmer,571657,NA,2025-06-30,0,0,0,0,0,2,1,0,0,8,153,Unusable
Kyle Farmer,571657,NA,2025-09-15,2,0,0,0,0,0,0,1,0,8,143,Unusable
Luis Urias,649966,NA,2025-04-07,1,0,0,0,1,0,0,1,0,8,159,Unusable
Luis Urias,649966,NA,2025-06-23,2,0,0,0,0,0,0,1,0,8,148,Unusable
Josh Rojas,668942,NA,2025-07-14,0,1,0,0,0,0,0,1,0,8,113,Unusable
Josh Rojas,668942,NA,2025-07-21,0,0,0,0,2,0,1,0,0,8,145,Unusable
Adrian Del Castillo,680728,NA,2025-07-28,1,0,0,0,1,0,0,1,0,8,157,Unusable
Adrian Del Castillo,680728,NA,2025-08-18,2,0,0,0,0,0,0,1,0,8,152,Unusable
Adrian Del Castillo,680728,NA,2025-09-01,2,0,0,0,0,0,1,0,0,8,146,Unusable
Gio Urshela,570482,NA,2025-05-19,1,0,0,0,1,0,0,1,0,8,167,Unusable
Gio Urshela,570482,NA,2025-07-28,1,0,0,0,1,0,1,0,0,8,157,Unusable
Gio Urshela,570482,NA,2025-08-11,2,0,0,0,0,0,0,1,0,8,148,Unusable
Ronny Mauricio,677595,NA,2025-06-16,2,0,0,0,0,0,0,1,0,8,159,Unusable
Ronny Mauricio,677595,NA,2025-08-04,2,0,0,0,0,0,0,1,0,8,151,Unusable
Jake Bauers,641343,NA,2025-06-16,1,0,0,0,1,0,1,0,0,8,159,Unusable
Jake Bauers,641343,NA,2025-08-18,0,0,0,0,1,1,1,0,0,8,152,Unusable
Jorge Mateo,622761,NA,2025-04-07,0,0,0,0,0,0,0,0,2,8,159,Unusable
Jose Iglesias,578428,NA,2025-05-19,2,0,0,0,0,0,1,0,0,8,167,Unusable
Jose Iglesias,578428,NA,2025-06-30,1,0,0,0,1,0,1,0,0,8,153,Unusable
Jose Trevino,624431,NA,2025-06-23,2,0,0,0,0,0,1,0,0,8,148,Unusable
Jose Trevino,624431,NA,2025-07-28,0,1,0,0,0,0,1,0,0,8,157,Unusable
Richie Palacios,680700,NA,2025-09-01,1,0,0,0,1,0,1,0,0,8,146,Unusable
Corey Seager,608369,43.68,2025-04-21,1,0,0,0,0,0,2,0,0,7,164,Unusable
Zack Gelof,680869,225.25,2025-06-30,0,0,0,0,1,0,1,1,0,7,160,Unusable
Michael Busch,683737,226.9,2025-03-17,0,0,0,0,1,0,0,0,1,7,8,IF1
Austin Wells,669224,234.46,2025-07-14,1,0,0,0,0,0,1,1,0,7,117,Unusable
Hyeseong Kim,808975,238.24,2025-05-19,1,0,0,0,0,0,0,0,1,7,170,Unusable
Hyeseong Kim,808975,238.24,2025-09-08,0,0,0,0,1,0,0,0,1,7,146,Unusable
Christopher Morel,666624,238.29,2025-07-07,0,0,0,0,1,0,0,0,1,7,152,Unusable
Coby Mayo,691723,239.19,2025-05-26,1,0,0,0,0,0,1,1,0,7,153,Unusable
Luisangel Acuna,682668,239.64,2025-03-24,0,0,0,0,1,0,0,0,1,7,137,Unusable
Luisangel Acuna,682668,239.64,2025-06-02,1,0,0,0,0,0,2,0,0,7,162,Unusable
Casey Schmitt,669477,239.77,2025-04-14,1,0,0,0,0,0,0,2,0,7,161,Unusable
Vinny Capra,681962,239.86,2025-05-05,1,0,0,0,0,0,0,0,1,7,164,Unusable
Vinny Capra,681962,239.86,2025-06-02,1,0,0,0,0,0,1,1,0,7,162,Unusable
Kevin Newman,621028,239.88,2025-04-14,1,0,0,0,0,0,2,0,0,7,161,Unusable
Elias Diaz,553869,239.91,2025-07-21,1,0,0,0,0,0,1,1,0,7,149,Unusable
Jace Jung,690291,239.98,2025-05-05,1,0,0,0,0,0,1,1,0,7,164,Unusable
Patrick Bailey,672275,240,2025-03-24,1,0,0,0,0,0,1,1,0,7,137,Unusable
David Hamilton,666152,NA,2025-05-19,1,0,0,0,0,0,0,0,1,7,170,Unusable
Javier Baez,595879,NA,2025-07-14,1,0,0,0,0,0,0,0,1,7,117,Unusable
Ezequiel Duran,677649,NA,2025-06-23,0,0,0,0,1,0,0,0,1,7,151,Unusable
Jacob Stallings,607732,NA,2025-07-21,1,0,0,0,0,0,1,1,0,7,149,Unusable
Korey Lee,686676,NA,2025-05-26,1,0,0,0,0,0,2,0,0,7,153,Unusable
Jon Berti,542932,NA,2025-06-23,1,0,0,0,0,0,0,0,1,7,151,Unusable
David Fry,681807,NA,2025-08-11,1,0,0,0,0,0,1,1,0,7,153,Unusable
Trey Sweeney,700242,NA,2025-09-08,1,0,0,0,0,0,1,1,0,7,146,Unusable
Edmundo Sosa,624641,NA,2025-04-14,0,0,0,0,1,0,0,2,0,7,161,Unusable
Edmundo Sosa,624641,NA,2025-05-05,1,0,0,0,0,0,1,1,0,7,164,Unusable
Andy Ibanez,628451,NA,2025-08-04,1,0,0,0,0,0,1,1,0,7,155,Unusable
Gio Urshela,570482,NA,2025-06-30,1,0,0,0,0,0,1,1,0,7,160,Unusable
Austin Riley,663586,30.75,2025-07-21,0,0,0,0,2,0,0,0,0,6,151,Unusable
Ketel Marte,606466,37.6,2025-04-28,1,0,0,0,1,0,0,0,0,6,169,Unusable
Corey Seager,608369,43.68,2025-05-26,2,0,0,0,0,0,0,0,0,6,155,Unusable
Matt Chapman,656305,93.14,2025-08-11,1,0,0,0,1,0,0,0,0,6,154,Unusable
Triston Casas,671213,99,2025-03-24,1,0,0,0,1,0,0,0,0,6,139,Unusable
Jordan Westburg,676059,108.66,2025-06-23,0,1,0,0,0,0,0,0,0,6,153,Unusable
Adley Rutschman,668939,112.59,2025-05-26,1,0,0,0,1,0,0,0,0,6,155,Unusable
Michael Toglia,669911,138.78,2025-05-26,1,0,0,0,1,0,0,0,0,6,155,Unusable
Max Muncy,691777,161.48,2025-09-22,1,0,0,0,1,0,0,0,0,6,158,Unusable
Masyn Winn,691026,166.08,2025-03-24,0,0,0,0,2,0,0,0,0,6,139,Unusable
Willson Contreras,575929,182.14,2025-08-11,0,0,0,0,1,1,0,0,0,6,154,Unusable
Bryson Stott,681082,202.3,2025-07-14,0,0,0,0,2,0,0,0,0,6,119,Unusable
Michael Busch,683737,226.9,2025-09-01,0,0,0,0,2,0,0,0,0,6,152,Unusable
Nolan Arenado,571448,227.39,2025-07-14,0,1,0,0,0,0,0,0,0,6,119,Unusable
Nolan Arenado,571448,227.39,2025-07-28,2,0,0,0,0,0,0,0,0,6,162,Unusable
Yainer Diaz,673237,234.25,2025-03-31,1,0,0,0,1,0,0,0,0,6,161,Unusable
Yainer Diaz,673237,234.25,2025-08-25,0,1,0,0,0,0,0,0,0,6,154,Unusable
Colt Keith,690993,235.65,2025-03-24,0,0,0,0,2,0,0,0,0,6,139,Unusable
Colt Keith,690993,235.65,2025-07-14,0,0,0,0,2,0,0,0,0,6,119,Unusable
Andrew Vaughn,683734,236.76,2025-03-24,0,1,0,0,0,0,0,0,0,6,139,Unusable
Kyle Manzardo,700932,237.05,2025-06-30,2,0,0,0,0,0,0,0,0,6,162,Unusable
Christopher Morel,666624,238.29,2025-08-25,0,1,0,0,0,0,0,0,0,6,154,Unusable
Justin Turner,457759,239.35,2025-09-01,1,0,0,0,1,0,0,0,0,6,152,Unusable
Adam Frazier,624428,239.6,2025-09-08,2,0,0,0,0,0,0,0,0,6,148,Unusable
Jeff McNeil,643446,239.75,2025-04-21,2,0,0,0,0,0,0,0,0,6,165,Unusable
Casey Schmitt,669477,239.77,2025-06-02,1,0,0,0,1,0,0,0,0,6,164,Unusable
Miguel Rojas,500743,239.78,2025-03-17,1,0,0,0,1,0,0,0,0,6,9,IF1
Elias Diaz,553869,239.91,2025-09-01,2,0,0,0,0,0,0,0,0,6,152,Unusable
Nolan Gorman,669357,239.92,2025-05-12,1,0,0,0,1,0,0,0,0,6,166,Unusable
Curtis Mead,678554,239.94,2025-04-14,0,0,0,0,1,1,0,0,0,6,164,Unusable
Curtis Mead,678554,239.94,2025-05-05,2,0,0,0,0,0,0,0,0,6,167,Unusable
Curtis Mead,678554,239.94,2025-06-23,1,0,0,0,1,0,0,0,0,6,153,Unusable
Jose Miranda,669304,240,2025-04-07,2,0,0,0,0,0,0,0,0,6,165,Unusable
Patrick Bailey,672275,240,2025-07-14,2,0,0,0,0,0,0,0,0,6,119,Unusable
Orlando Arcia,606115,NA,2025-03-24,2,0,0,0,0,0,0,0,0,6,139,Unusable
Isaac Collins,686555,NA,2025-09-15,0,0,0,0,2,0,0,0,0,6,149,Unusable
Tim Anderson,641313,NA,2025-05-05,1,0,0,0,1,0,0,0,0,6,167,Unusable
Amed Rosario,642708,NA,2025-06-09,1,0,0,0,1,0,0,0,0,6,158,Unusable
Mark Canha,592192,NA,2025-06-09,1,0,0,0,0,1,0,0,0,6,158,Unusable
David Hamilton,666152,NA,2025-09-08,1,0,0,0,1,0,0,0,0,6,148,Unusable
Kyle Higashioka,543309,NA,2025-04-07,2,0,0,0,0,0,0,0,0,6,165,Unusable
Kyle Higashioka,543309,NA,2025-08-04,2,0,0,0,0,0,0,0,0,6,156,Unusable
Jonah Heim,641680,NA,2025-07-14,0,1,0,0,0,0,0,0,0,6,119,Unusable
Jon Berti,542932,NA,2025-05-26,0,0,0,0,0,0,1,0,1,6,155,Unusable
David Fry,681807,NA,2025-08-18,0,0,0,0,1,1,0,0,0,6,158,Unusable
Jose Caballero,676609,NA,2025-08-04,0,1,0,0,0,0,0,0,0,6,156,Unusable
Nick Fortes,663743,NA,2025-05-26,0,0,0,0,2,0,0,0,0,6,155,Unusable
Nick Fortes,663743,NA,2025-07-21,0,1,0,0,0,0,0,0,0,6,151,Unusable
Trey Sweeney,700242,NA,2025-06-09,0,1,0,0,0,0,0,0,0,6,158,Unusable
Andres Chaparro,665953,NA,2025-06-09,0,1,0,0,0,0,0,0,0,6,158,Unusable
Connor Wong,657136,NA,2025-05-12,1,0,0,0,1,0,0,0,0,6,166,Unusable
Ryan Noda,676116,NA,2025-06-09,0,0,0,0,2,0,0,0,0,6,158,Unusable
Austin Hedges,595978,NA,2025-04-21,1,0,0,0,1,0,0,0,0,6,165,Unusable
Luis Torrens,620443,NA,2025-06-16,2,0,0,0,0,0,0,0,0,6,165,Unusable
Dylan Moore,664238,NA,2025-06-16,1,0,0,0,1,0,0,0,0,6,165,Unusable
Dylan Moore,664238,NA,2025-07-14,0,0,0,0,0,0,0,1,1,6,119,Unusable
Travis d'Arnaud,518595,NA,2025-08-04,1,0,0,0,1,0,0,0,0,6,156,Unusable
Vidal Brujan,660644,NA,2025-04-14,0,1,0,0,0,0,0,0,0,6,164,Unusable
Vidal Brujan,660644,NA,2025-06-09,0,0,0,0,0,0,1,0,1,6,158,Unusable
Ramon Urias,602104,NA,2025-04-07,2,0,0,0,0,0,0,0,0,6,165,Unusable
Max Schuemann,680474,NA,2025-07-14,2,0,0,0,0,0,0,0,0,6,119,Unusable
Max Schuemann,680474,NA,2025-08-11,0,0,0,0,1,1,0,0,0,6,154,Unusable
Max Schuemann,680474,NA,2025-09-15,2,0,0,0,0,0,0,0,0,6,149,Unusable
Kyle Farmer,571657,NA,2025-05-26,2,0,0,0,0,0,0,0,0,6,155,Unusable
Josh Rojas,668942,NA,2025-05-12,2,0,0,0,0,0,0,0,0,6,166,Unusable
Connor Joe,656582,NA,2025-07-14,1,0,0,0,1,0,0,0,0,6,119,Unusable
Adrian Del Castillo,680728,NA,2025-07-21,2,0,0,0,0,0,0,0,0,6,151,Unusable
Gio Urshela,570482,NA,2025-05-05,1,0,0,0,1,0,0,0,0,6,167,Unusable
Ronny Mauricio,677595,NA,2025-09-08,1,0,0,0,1,0,0,0,0,6,148,Unusable
Jake Bauers,641343,NA,2025-06-23,0,0,0,0,2,0,0,0,0,6,153,Unusable
Pedro Pages,686780,NA,2025-06-09,2,0,0,0,0,0,0,0,0,6,158,Unusable
Jorge Mateo,622761,NA,2025-03-31,0,0,0,0,0,0,1,0,1,6,161,Unusable
Jorge Mateo,622761,NA,2025-04-14,0,1,0,0,0,0,0,0,0,6,164,Unusable
Jorge Mateo,622761,NA,2025-04-28,0,1,0,0,0,0,0,0,0,6,169,Unusable
Thomas Saggese,695336,NA,2025-04-21,0,0,0,0,2,0,0,0,0,6,165,Unusable
Thomas Saggese,695336,NA,2025-06-16,2,0,0,0,0,0,0,0,0,6,165,Unusable
Thomas Saggese,695336,NA,2025-07-14,0,1,0,0,0,0,0,0,0,6,119,Unusable
Jose Iglesias,578428,NA,2025-05-12,2,0,0,0,0,0,0,0,0,6,166,Unusable
Jose Trevino,624431,NA,2025-09-08,2,0,0,0,0,0,0,0,0,6,148,Unusable
Andrew Knizner,668800,NA,2025-09-15,1,0,0,0,0,1,0,0,0,6,149,Unusable
Jose Ramirez,608070,8.37,2025-03-24,0,0,0,0,1,0,0,1,0,5,144,Unusable
Mookie Betts,605141,16.08,2025-07-14,1,0,0,0,0,0,1,0,0,5,128,Unusable
Francisco Lindor,596019,17.8,2025-03-24,0,0,0,0,0,1,0,1,0,5,144,Unusable
Ozzie Albies,645277,58.95,2025-09-22,1,0,0,0,0,0,1,0,0,5,159,Unusable
Christian Walker,572233,74.01,2025-03-24,1,0,0,0,0,0,1,0,0,5,144,Unusable
Willy Adames,642715,76.34,2025-03-24,1,0,0,0,0,0,0,1,0,5,144,Unusable
Ezequiel Tovar,678662,111.22,2025-06-02,1,0,0,0,0,0,1,0,0,5,165,Unusable
Max Muncy,571970,161.48,2025-06-30,0,0,0,0,1,0,1,0,0,5,163,Unusable
Luis Arraez,650333,168.81,2025-03-24,0,0,0,0,1,0,0,1,0,5,144,Unusable
Rhys Hoskins,656555,172.72,2025-09-08,1,0,0,0,0,0,0,1,0,5,152,Unusable
Brandon Lowe,664040,213.94,2025-07-14,1,0,0,0,0,0,1,0,0,5,128,Unusable
Zack Gelof,680869,225.25,2025-09-15,0,0,0,0,1,0,1,0,0,5,152,Unusable
Matt Shaw,807713,227.33,2025-03-17,1,0,0,0,0,0,1,0,0,5,10,IF1
Yainer Diaz,673237,234.25,2025-07-14,1,0,0,0,0,0,0,1,0,5,128,Unusable
Austin Wells,669224,234.46,2025-08-11,1,0,0,0,0,0,1,0,0,5,157,Unusable
Hyeseong Kim,808975,238.24,2025-09-01,1,0,0,0,0,0,1,0,0,5,155,Unusable
Christopher Morel,666624,238.29,2025-06-23,1,0,0,0,0,0,1,0,0,5,156,Unusable
Logan O'Hoppe,681351,238.67,2025-06-02,1,0,0,0,0,0,0,1,0,5,165,Unusable
Trevor Story,596115,238.76,2025-07-14,0,0,0,0,1,0,1,0,0,5,128,Unusable
Justin Turner,457759,239.35,2025-04-28,1,0,0,0,0,0,0,1,0,5,171,Unusable
Justin Turner,457759,239.35,2025-06-16,0,0,0,0,1,0,1,0,0,5,168,Unusable
Brett Baty,683146,239.56,2025-06-16,0,0,0,0,1,0,1,0,0,5,168,Unusable
Josh Smith,669701,239.59,2025-07-14,0,0,0,0,1,0,1,0,0,5,128,Unusable
Ty France,664034,239.69,2025-06-30,1,0,0,0,0,0,1,0,0,5,163,Unusable
Jonah Bride,681146,239.69,2025-05-05,1,0,0,0,0,0,1,0,0,5,170,Unusable
Miguel Rojas,500743,239.78,2025-06-02,0,0,0,0,1,0,1,0,0,5,165,Unusable
Bo Naylor,666310,239.8,2025-07-14,0,0,0,0,1,0,1,0,0,5,128,Unusable
Vinny Capra,681962,239.86,2025-03-31,1,0,0,0,0,0,0,1,0,5,163,Unusable
Vinny Capra,681962,239.86,2025-04-07,0,0,0,0,0,1,1,0,0,5,168,Unusable
Kevin Newman,621028,239.88,2025-04-07,1,0,0,0,0,0,1,0,0,5,168,Unusable
Ryan O'Hearn,656811,239.89,2025-03-31,0,0,0,0,1,0,1,0,0,5,163,Unusable
Tyler Stephenson,663886,239.91,2025-08-11,0,0,0,0,0,1,1,0,0,5,157,Unusable
Nolan Gorman,669357,239.92,2025-09-15,0,0,0,0,1,0,1,0,0,5,152,Unusable
Brooks Lee,686797,239.95,2025-04-07,1,0,0,0,0,0,0,1,0,5,168,Unusable
Brooks Lee,686797,239.95,2025-07-14,0,0,0,0,1,0,1,0,0,5,128,Unusable
Jorge Polanco,593871,239.99,2025-05-26,1,0,0,0,0,0,1,0,0,5,161,Unusable
Marcelo Mayer,691785,NA,2025-07-21,0,0,0,0,1,0,1,0,0,5,154,Unusable
Joey Bart,663698,NA,2025-06-30,1,0,0,0,0,0,1,0,0,5,163,Unusable
Orlando Arcia,606115,NA,2025-08-11,1,0,0,0,0,0,0,1,0,5,157,Unusable
Orlando Arcia,606115,NA,2025-09-22,0,0,0,0,1,0,1,0,0,5,159,Unusable
Liover Peguero,678894,NA,2025-09-01,1,0,0,0,0,0,0,1,0,5,155,Unusable
Amed Rosario,642708,NA,2025-04-14,1,0,0,0,0,0,1,0,0,5,167,Unusable
David Hamilton,666152,NA,2025-08-04,0,0,0,0,1,0,1,0,0,5,159,Unusable
Javier Baez,595879,NA,2025-08-25,1,0,0,0,0,0,1,0,0,5,156,Unusable
Ezequiel Duran,677649,NA,2025-05-12,1,0,0,0,0,0,1,0,0,5,170,Unusable
Korey Lee,686676,NA,2025-09-01,0,0,0,0,1,0,1,0,0,5,155,Unusable
Rowdy Tellez,642133,NA,2025-03-31,0,0,0,0,1,0,0,1,0,5,163,Unusable
Jon Berti,542932,NA,2025-03-24,1,0,0,0,0,0,1,0,0,5,144,Unusable
Jon Berti,542932,NA,2025-05-05,1,0,0,0,0,0,0,1,0,5,170,Unusable
Jon Berti,542932,NA,2025-05-19,1,0,0,0,0,0,1,0,0,5,172,Unusable
David Fry,681807,NA,2025-09-15,1,0,0,0,0,0,1,0,0,5,152,Unusable
Henry Davis,680779,NA,2025-04-21,0,0,0,0,0,1,1,0,0,5,168,Unusable
Henry Davis,680779,NA,2025-06-30,1,0,0,0,0,0,0,1,0,5,163,Unusable
Nick Fortes,663743,NA,2025-03-31,1,0,0,0,0,0,0,1,0,5,163,Unusable
Nick Fortes,663743,NA,2025-06-23,1,0,0,0,0,0,1,0,0,5,156,Unusable
Nick Fortes,663743,NA,2025-07-28,0,0,0,0,1,0,1,0,0,5,163,Unusable
Dalton Rushing,687221,NA,2025-06-23,0,0,0,0,1,0,1,0,0,5,156,Unusable
Andres Chaparro,665953,NA,2025-09-01,0,0,0,0,0,1,0,1,0,5,155,Unusable
Connor Wong,657136,NA,2025-05-26,1,0,0,0,0,0,1,0,0,5,161,Unusable
Connor Wong,657136,NA,2025-06-09,0,0,0,0,1,0,1,0,0,5,165,Unusable
Edmundo Sosa,624641,NA,2025-06-02,0,0,0,0,1,0,1,0,0,5,165,Unusable
Martin Maldonado,455117,NA,2025-05-12,0,0,0,0,1,0,0,1,0,5,170,Unusable
Martin Maldonado,455117,NA,2025-07-07,1,0,0,0,0,0,0,1,0,5,153,Unusable
Austin Hedges,595978,NA,2025-05-12,1,0,0,0,0,0,1,0,0,5,170,Unusable
Austin Hedges,595978,NA,2025-09-08,1,0,0,0,0,0,0,1,0,5,152,Unusable
Dylan Moore,664238,NA,2025-08-18,0,0,0,0,1,0,1,0,0,5,159,Unusable
Travis d'Arnaud,518595,NA,2025-04-07,1,0,0,0,0,0,0,1,0,5,168,Unusable
Vidal Brujan,660644,NA,2025-06-16,0,0,0,0,1,0,1,0,0,5,168,Unusable
Alan Trejo,676701,NA,2025-04-21,1,0,0,0,0,0,1,0,0,5,168,Unusable
Max Schuemann,680474,NA,2025-07-28,1,0,0,0,0,0,0,1,0,5,163,Unusable
Max Schuemann,680474,NA,2025-09-01,1,0,0,0,0,0,1,0,0,5,155,Unusable
Luis Urias,649966,NA,2025-08-11,1,0,0,0,0,0,0,1,0,5,157,Unusable
Josh Rojas,668942,NA,2025-04-28,0,0,0,0,1,0,0,1,0,5,171,Unusable
Connor Joe,656582,NA,2025-06-02,1,0,0,0,0,0,0,1,0,5,165,Unusable
Tyler Wade,642180,NA,2025-06-23,0,0,0,0,1,0,1,0,0,5,156,Unusable
Jose Tena,677588,NA,2025-07-28,1,0,0,0,0,0,1,0,0,5,163,Unusable
Jake Bauers,641343,NA,2025-06-02,0,0,0,0,1,0,0,1,0,5,165,Unusable
Pedro Pages,686780,NA,2025-07-21,1,0,0,0,0,0,0,1,0,5,154,Unusable
Jorge Mateo,622761,NA,2025-09-01,1,0,0,0,0,0,1,0,0,5,155,Unusable
Yuli Gurriel,493329,NA,2025-03-24,1,0,0,0,0,0,0,1,0,5,144,Unusable
Jose Iglesias,578428,NA,2025-05-05,1,0,0,0,0,0,1,0,0,5,170,Unusable
Jose Trevino,624431,NA,2025-07-21,0,0,0,0,1,0,0,1,0,5,154,Unusable
Richie Palacios,680700,NA,2025-09-15,0,0,0,0,1,0,1,0,0,5,152,Unusable
Andrew Knizner,668800,NA,2025-06-23,1,0,0,0,0,0,1,0,0,5,156,Unusable
Andrew Knizner,668800,NA,2025-09-01,0,0,0,0,1,0,1,0,0,5,155,Unusable
Jake Burger,669394,115.47,2025-09-15,0,0,0,0,0,0,1,1,0,4,156,Unusable
Hyeseong Kim,808975,238.24,2025-04-28,0,0,0,0,0,0,0,0,1,4,173,Unusable
Luisangel Acuna,682668,239.64,2025-05-26,0,0,0,0,0,0,2,0,0,4,163,Unusable
Jeimer Candelario,600869,239.7,2025-04-21,0,0,0,0,0,0,0,2,0,4,170,Unusable
Enrique Hernandez,571771,NA,2025-09-08,0,0,0,0,0,0,0,2,0,4,154,Unusable
Ezequiel Duran,677649,NA,2025-09-08,0,0,0,0,0,0,0,0,1,4,154,Unusable
Dylan Moore,664238,NA,2025-06-23,0,0,0,0,0,0,2,0,0,4,161,Unusable
Gunnar Henderson,683002,12.24,2025-03-31,1,0,0,0,0,0,0,0,0,3,167,Unusable
Bryce Harper,547180,27.32,2025-05-26,0,0,0,0,0,1,0,0,0,3,164,Unusable
Pete Alonso,624413,29.95,2025-07-14,1,0,0,0,0,0,0,0,0,3,135,Unusable
Trea Turner,607208,35.91,2025-03-24,0,0,0,0,1,0,0,0,0,3,151,Unusable
Oneil Cruz,665833,50.09,2025-08-11,0,0,0,0,1,0,0,0,0,3,161,Unusable
William Contreras,661388,61.55,2025-09-22,0,0,0,0,1,0,0,0,0,3,161,Unusable
Marcus Semien,543760,65.54,2025-07-14,0,0,0,0,1,0,0,0,0,3,135,Unusable
Mark Vientos,668901,83.69,2025-06-23,1,0,0,0,0,0,0,0,0,3,162,Unusable
Mark Vientos,668901,83.69,2025-06-30,1,0,0,0,0,0,0,0,0,3,167,Unusable
Ezequiel Tovar,678662,111.22,2025-04-14,0,0,0,0,0,1,0,0,0,3,168,Unusable
Michael Toglia,669911,138.78,2025-09-08,0,0,0,0,1,0,0,0,0,3,156,Unusable
Max Muncy,691777,161.48,2025-07-14,1,0,0,0,0,0,0,0,0,3,135,Unusable
Max Muncy,691777,161.48,2025-07-21,0,0,0,0,0,1,0,0,0,3,157,Unusable
Royce Lewis,668904,168.33,2025-05-26,0,0,0,0,1,0,0,0,0,3,164,Unusable
Ryan McMahon,641857,172.9,2025-08-18,0,0,0,0,0,1,0,0,0,3,160,Unusable
Carlos Correa,621043,209.38,2025-03-24,0,0,0,0,1,0,0,0,0,3,151,Unusable
Kristian Campbell,692225,212.49,2025-06-16,1,0,0,0,0,0,0,0,0,3,171,Unusable
Shea Langeliers,669127,226.05,2025-07-07,1,0,0,0,0,0,0,0,0,3,154,Unusable
Matt Shaw,807713,227.33,2025-04-14,1,0,0,0,0,0,0,0,0,3,168,Unusable
Nolan Arenado,571448,227.39,2025-06-30,1,0,0,0,0,0,0,0,0,3,167,Unusable
Joey Ortiz,687401,237.06,2025-05-12,1,0,0,0,0,0,0,0,0,3,173,Unusable
Carlos Santana,467793,237.36,2025-09-15,1,0,0,0,0,0,0,0,0,3,157,Unusable
Hyeseong Kim,808975,238.24,2025-07-14,1,0,0,0,0,0,0,0,0,3,135,Unusable
Christopher Morel,666624,238.29,2025-07-14,0,0,0,0,1,0,0,0,0,3,135,Unusable
Gavin Lux,666158,238.36,2025-07-14,1,0,0,0,0,0,0,0,0,3,135,Unusable
Logan O'Hoppe,681351,238.67,2025-06-09,1,0,0,0,0,0,0,0,0,3,166,Unusable
Logan O'Hoppe,681351,238.67,2025-08-18,1,0,0,0,0,0,0,0,0,3,160,Unusable
Coby Mayo,691723,239.19,2025-04-28,0,0,0,0,1,0,0,0,0,3,174,Unusable
Coby Mayo,691723,239.19,2025-05-05,1,0,0,0,0,0,0,0,0,3,173,Unusable
Willi Castro,650489,239.25,2025-08-04,1,0,0,0,0,0,0,0,0,3,160,Unusable
Willi Castro,650489,239.25,2025-08-11,1,0,0,0,0,0,0,0,0,3,161,Unusable
Francisco Alvarez,682626,239.35,2025-09-01,1,0,0,0,0,0,0,0,0,3,162,Unusable
Justin Turner,457759,239.35,2025-03-17,0,0,0,0,1,0,0,0,0,3,11,IF1
Justin Turner,457759,239.35,2025-03-24,0,0,0,0,1,0,0,0,0,3,151,Unusable
Justin Turner,457759,239.35,2025-05-26,1,0,0,0,0,0,0,0,0,3,164,Unusable
Justin Turner,457759,239.35,2025-06-09,1,0,0,0,0,0,0,0,0,3,166,Unusable
Justin Turner,457759,239.35,2025-08-18,1,0,0,0,0,0,0,0,0,3,160,Unusable
Justin Turner,457759,239.35,2025-08-25,0,0,0,0,1,0,0,0,0,3,157,Unusable
Adam Frazier,624428,239.6,2025-07-07,1,0,0,0,0,0,0,0,0,3,154,Unusable
Jonathan Aranda,666018,239.63,2025-07-14,0,0,0,0,1,0,0,0,0,3,135,Unusable
Luisangel Acuna,682668,239.64,2025-07-07,1,0,0,0,0,0,0,0,0,3,154,Unusable
Ty France,664034,239.69,2025-03-24,1,0,0,0,0,0,0,0,0,3,151,Unusable
Ty France,664034,239.69,2025-09-08,1,0,0,0,0,0,0,0,0,3,156,Unusable
Ty France,664034,239.69,2025-09-15,1,0,0,0,0,0,0,0,0,3,157,Unusable
Jonah Bride,681146,239.69,2025-04-14,1,0,0,0,0,0,0,0,0,3,168,Unusable
Jonah Bride,681146,239.69,2025-06-09,0,0,0,0,1,0,0,0,0,3,166,Unusable
Jonah Bride,681146,239.69,2025-06-23,1,0,0,0,0,0,0,0,0,3,162,Unusable
Sean Murphy,669221,239.72,2025-05-19,1,0,0,0,0,0,0,0,0,3,173,Unusable
Sean Murphy,669221,239.72,2025-06-16,1,0,0,0,0,0,0,0,0,3,171,Unusable
Casey Schmitt,669477,239.77,2025-03-24,0,0,0,0,0,1,0,0,0,3,151,Unusable
Casey Schmitt,669477,239.77,2025-07-14,1,0,0,0,0,0,0,0,0,3,135,Unusable
Miguel Rojas,500743,239.78,2025-03-31,1,0,0,0,0,0,0,0,0,3,167,Unusable
Jordan Lawlar,691783,239.81,2025-05-12,0,0,0,0,1,0,0,0,0,3,173,Unusable
Spencer Horwitz,687462,239.83,2025-05-12,1,0,0,0,0,0,0,0,0,3,173,Unusable
Kevin Newman,621028,239.88,2025-03-31,1,0,0,0,0,0,0,0,0,3,167,Unusable
Kevin Newman,621028,239.88,2025-06-30,1,0,0,0,0,0,0,0,0,3,167,Unusable
Kevin Newman,621028,239.88,2025-07-07,1,0,0,0,0,0,0,0,0,3,154,Unusable
Elias Diaz,553869,239.91,2025-08-04,0,0,0,0,1,0,0,0,0,3,160,Unusable
Elias Diaz,553869,239.91,2025-09-15,0,0,0,0,0,1,0,0,0,3,157,Unusable
Nolan Gorman,669357,239.92,2025-05-19,1,0,0,0,0,0,0,0,0,3,173,Unusable
Curtis Mead,678554,239.94,2025-07-07,1,0,0,0,0,0,0,0,0,3,154,Unusable
Will Wagner,695238,239.98,2025-06-23,1,0,0,0,0,0,0,0,0,3,162,Unusable
Brendan Rodgers,663898,239.98,2025-03-24,0,0,0,0,1,0,0,0,0,3,151,Unusable
Brendan Rodgers,663898,239.98,2025-04-14,1,0,0,0,0,0,0,0,0,3,168,Unusable
Brendan Rodgers,663898,239.98,2025-05-26,0,0,0,0,1,0,0,0,0,3,164,Unusable
Gage Workman,669398,239.98,2025-04-14,1,0,0,0,0,0,0,0,0,3,168,Unusable
Michael Massey,686681,239.99,2025-06-02,1,0,0,0,0,0,0,0,0,3,171,Unusable
Brayan Rocchio,677587,NA,2025-04-28,0,0,0,0,0,1,0,0,0,3,174,Unusable
Christian Moore,695681,NA,2025-06-09,0,0,0,0,1,0,0,0,0,3,166,Unusable
Joey Bart,663698,NA,2025-05-26,0,0,0,0,1,0,0,0,0,3,164,Unusable
Joey Bart,663698,NA,2025-07-14,1,0,0,0,0,0,0,0,0,3,135,Unusable
Orlando Arcia,606115,NA,2025-04-14,1,0,0,0,0,0,0,0,0,3,168,Unusable
Orlando Arcia,606115,NA,2025-06-02,0,0,0,0,1,0,0,0,0,3,171,Unusable
Orlando Arcia,606115,NA,2025-07-07,1,0,0,0,0,0,0,0,0,3,154,Unusable
Orlando Arcia,606115,NA,2025-07-21,1,0,0,0,0,0,0,0,0,3,157,Unusable
Orlando Arcia,606115,NA,2025-08-04,1,0,0,0,0,0,0,0,0,3,160,Unusable
Tim Anderson,641313,NA,2025-04-21,1,0,0,0,0,0,0,0,0,3,171,Unusable
Liover Peguero,678894,NA,2025-07-21,1,0,0,0,0,0,0,0,0,3,157,Unusable
Liover Peguero,678894,NA,2025-08-11,1,0,0,0,0,0,0,0,0,3,161,Unusable
Amed Rosario,642708,NA,2025-07-28,1,0,0,0,0,0,0,0,0,3,166,Unusable
Amed Rosario,642708,NA,2025-08-25,1,0,0,0,0,0,0,0,0,3,157,Unusable
Mark Canha,592192,NA,2025-06-16,1,0,0,0,0,0,0,0,0,3,171,Unusable
Javier Baez,595879,NA,2025-05-26,1,0,0,0,0,0,0,0,0,3,164,Unusable
Javier Baez,595879,NA,2025-09-15,1,0,0,0,0,0,0,0,0,3,157,Unusable
Kyle Higashioka,543309,NA,2025-09-22,1,0,0,0,0,0,0,0,0,3,161,Unusable
Jacob Stallings,607732,NA,2025-05-05,0,0,0,0,0,1,0,0,0,3,173,Unusable
Jacob Stallings,607732,NA,2025-05-19,1,0,0,0,0,0,0,0,0,3,173,Unusable
Jacob Stallings,607732,NA,2025-05-26,1,0,0,0,0,0,0,0,0,3,164,Unusable
Jacob Stallings,607732,NA,2025-07-07,1,0,0,0,0,0,0,0,0,3,154,Unusable
Korey Lee,686676,NA,2025-04-07,0,0,0,0,1,0,0,0,0,3,172,Unusable
Gustavo Campero,672569,NA,2025-05-05,0,0,0,0,1,0,0,0,0,3,173,Unusable
Gustavo Campero,672569,NA,2025-06-16,1,0,0,0,0,0,0,0,0,3,171,Unusable
Gustavo Campero,672569,NA,2025-07-07,0,0,0,0,1,0,0,0,0,3,154,Unusable
Gustavo Campero,672569,NA,2025-07-21,0,0,0,0,0,1,0,0,0,3,157,Unusable
Rowdy Tellez,642133,NA,2025-09-01,1,0,0,0,0,0,0,0,0,3,162,Unusable
David Fry,681807,NA,2025-06-23,1,0,0,0,0,0,0,0,0,3,162,Unusable
David Fry,681807,NA,2025-08-25,0,0,0,0,1,0,0,0,0,3,157,Unusable
Henry Davis,680779,NA,2025-05-05,0,0,0,0,1,0,0,0,0,3,173,Unusable
Henry Davis,680779,NA,2025-08-11,1,0,0,0,0,0,0,0,0,3,161,Unusable
Miguel Amaya,665804,NA,2025-03-31,1,0,0,0,0,0,0,0,0,3,167,Unusable
Miguel Amaya,665804,NA,2025-08-11,1,0,0,0,0,0,0,0,0,3,161,Unusable
Jose Caballero,676609,NA,2025-07-07,1,0,0,0,0,0,0,0,0,3,154,Unusable
Nick Fortes,663743,NA,2025-04-28,1,0,0,0,0,0,0,0,0,3,174,Unusable
Nick Fortes,663743,NA,2025-07-14,0,0,0,0,1,0,0,0,0,3,135,Unusable
Nick Fortes,663743,NA,2025-08-25,1,0,0,0,0,0,0,0,0,3,157,Unusable
Trey Sweeney,700242,NA,2025-05-26,1,0,0,0,0,0,0,0,0,3,164,Unusable
Trey Sweeney,700242,NA,2025-06-02,1,0,0,0,0,0,0,0,0,3,171,Unusable
Trey Sweeney,700242,NA,2025-06-23,0,0,0,0,1,0,0,0,0,3,162,Unusable
Trey Sweeney,700242,NA,2025-07-21,0,0,0,0,1,0,0,0,0,3,157,Unusable
Dalton Rushing,687221,NA,2025-06-02,1,0,0,0,0,0,0,0,0,3,171,Unusable
Dalton Rushing,687221,NA,2025-07-07,1,0,0,0,0,0,0,0,0,3,154,Unusable
Dalton Rushing,687221,NA,2025-07-21,1,0,0,0,0,0,0,0,0,3,157,Unusable
Dalton Rushing,687221,NA,2025-07-28,0,0,0,0,0,1,0,0,0,3,166,Unusable
Dalton Rushing,687221,NA,2025-09-15,1,0,0,0,0,0,0,0,0,3,157,Unusable
Andres Chaparro,665953,NA,2025-06-16,0,0,0,0,1,0,0,0,0,3,171,Unusable
Connor Wong,657136,NA,2025-05-19,0,0,0,0,1,0,0,0,0,3,173,Unusable
Connor Wong,657136,NA,2025-06-16,1,0,0,0,0,0,0,0,0,3,171,Unusable
Connor Wong,657136,NA,2025-06-30,1,0,0,0,0,0,0,0,0,3,167,Unusable
Connor Wong,657136,NA,2025-07-07,1,0,0,0,0,0,0,0,0,3,154,Unusable
Emmanuel Rivera,656896,NA,2025-05-26,1,0,0,0,0,0,0,0,0,3,164,Unusable
Edmundo Sosa,624641,NA,2025-04-07,1,0,0,0,0,0,0,0,0,3,172,Unusable
Edmundo Sosa,624641,NA,2025-06-09,1,0,0,0,0,0,0,0,0,3,166,Unusable
Edmundo Sosa,624641,NA,2025-07-14,0,0,0,0,1,0,0,0,0,3,135,Unusable
Alejandro Kirk,672386,NA,2025-07-28,0,0,0,0,1,0,0,0,0,3,166,Unusable
Ryan Noda,676116,NA,2025-08-04,0,0,0,0,1,0,0,0,0,3,160,Unusable
Ryan Noda,676116,NA,2025-08-11,1,0,0,0,0,0,0,0,0,3,161,Unusable
Martin Maldonado,455117,NA,2025-05-26,1,0,0,0,0,0,0,0,0,3,164,Unusable
Austin Hedges,595978,NA,2025-04-28,0,0,0,0,1,0,0,0,0,3,174,Unusable
Austin Hedges,595978,NA,2025-06-30,1,0,0,0,0,0,0,0,0,3,167,Unusable
Austin Hedges,595978,NA,2025-07-21,1,0,0,0,0,0,0,0,0,3,157,Unusable
Austin Hedges,595978,NA,2025-07-28,1,0,0,0,0,0,0,0,0,3,166,Unusable
Luis Campusano,669134,NA,2025-05-05,0,0,0,0,1,0,0,0,0,3,173,Unusable
Luis Campusano,669134,NA,2025-05-19,0,0,0,0,1,0,0,0,0,3,173,Unusable
Luis Campusano,669134,NA,2025-05-26,0,0,0,0,1,0,0,0,0,3,164,Unusable
Luis Torrens,620443,NA,2025-06-09,1,0,0,0,0,0,0,0,0,3,166,Unusable
Luis Torrens,620443,NA,2025-08-04,1,0,0,0,0,0,0,0,0,3,160,Unusable
Andy Ibanez,628451,NA,2025-03-24,0,0,0,0,1,0,0,0,0,3,151,Unusable
Andy Ibanez,628451,NA,2025-05-26,0,0,0,0,1,0,0,0,0,3,164,Unusable
Andy Ibanez,628451,NA,2025-09-15,0,0,0,0,1,0,0,0,0,3,157,Unusable
Dylan Moore,664238,NA,2025-07-21,0,0,0,0,1,0,0,0,0,3,157,Unusable
Dylan Moore,664238,NA,2025-08-04,0,0,0,0,1,0,0,0,0,3,160,Unusable
Travis d'Arnaud,518595,NA,2025-03-24,0,0,0,0,0,1,0,0,0,3,151,Unusable
Travis d'Arnaud,518595,NA,2025-03-31,1,0,0,0,0,0,0,0,0,3,167,Unusable
Travis d'Arnaud,518595,NA,2025-04-14,1,0,0,0,0,0,0,0,0,3,168,Unusable
Travis d'Arnaud,518595,NA,2025-06-16,1,0,0,0,0,0,0,0,0,3,171,Unusable
Max Schuemann,680474,NA,2025-03-31,1,0,0,0,0,0,0,0,0,3,167,Unusable
Max Schuemann,680474,NA,2025-09-08,1,0,0,0,0,0,0,0,0,3,156,Unusable
Kyle Farmer,571657,NA,2025-04-21,1,0,0,0,0,0,0,0,0,3,171,Unusable
Kyle Farmer,571657,NA,2025-06-02,0,0,0,0,0,1,0,0,0,3,171,Unusable
Luis Urias,649966,NA,2025-04-14,1,0,0,0,0,0,0,0,0,3,168,Unusable
Brett Harris,695391,NA,2025-09-01,1,0,0,0,0,0,0,0,0,3,162,Unusable
Connor Joe,656582,NA,2025-04-21,0,0,0,0,1,0,0,0,0,3,171,Unusable
Connor Joe,656582,NA,2025-07-21,0,0,0,0,0,1,0,0,0,3,157,Unusable
Tyler Wade,642180,NA,2025-05-19,0,0,0,0,1,0,0,0,0,3,173,Unusable
Gio Urshela,570482,NA,2025-03-24,1,0,0,0,0,0,0,0,0,3,151,Unusable
Gio Urshela,570482,NA,2025-06-23,0,0,0,0,1,0,0,0,0,3,162,Unusable
Jose Tena,677588,NA,2025-03-24,1,0,0,0,0,0,0,0,0,3,151,Unusable
Ronny Mauricio,677595,NA,2025-08-18,1,0,0,0,0,0,0,0,0,3,160,Unusable
Ronny Mauricio,677595,NA,2025-08-25,1,0,0,0,0,0,0,0,0,3,157,Unusable
Jake Bauers,641343,NA,2025-04-07,0,0,0,0,1,0,0,0,0,3,172,Unusable
Pedro Pages,686780,NA,2025-09-01,1,0,0,0,0,0,0,0,0,3,162,Unusable
Jorge Mateo,622761,NA,2025-05-05,0,0,0,0,1,0,0,0,0,3,173,Unusable
Yuli Gurriel,493329,NA,2025-03-31,0,0,0,0,1,0,0,0,0,3,167,Unusable
Jose Iglesias,578428,NA,2025-06-09,0,0,0,0,1,0,0,0,0,3,166,Unusable
Jose Iglesias,578428,NA,2025-09-15,0,0,0,0,1,0,0,0,0,3,157,Unusable
Jose Trevino,624431,NA,2025-03-24,0,0,0,0,1,0,0,0,0,3,151,Unusable
Jose Trevino,624431,NA,2025-05-26,1,0,0,0,0,0,0,0,0,3,164,Unusable
Jose Trevino,624431,NA,2025-07-14,0,0,0,0,1,0,0,0,0,3,135,Unusable
Jose Trevino,624431,NA,2025-09-15,1,0,0,0,0,0,0,0,0,3,157,Unusable
Andrew Knizner,668800,NA,2025-07-28,0,0,0,0,1,0,0,0,0,3,166,Unusable
Andrew Knizner,668800,NA,2025-08-04,1,0,0,0,0,0,0,0,0,3,160,Unusable
Andrew Knizner,668800,NA,2025-09-08,1,0,0,0,0,0,0,0,0,3,156,Unusable
Michael Toglia,669911,138.78,2025-07-21,0,0,0,0,0,0,1,0,0,2,166,Unusable
Tommy Edman,669242,186.13,2025-07-07,0,0,0,0,0,0,0,1,0,2,165,Unusable
Matt Shaw,807713,227.33,2025-07-07,0,0,0,0,0,0,0,1,0,2,165,Unusable
Tyler Fitzgerald,666149,237.85,2025-06-16,0,0,0,0,0,0,0,1,0,2,178,Unusable
Vinny Capra,681962,239.86,2025-04-28,0,0,0,0,0,0,0,1,0,2,178,Unusable
Elias Diaz,553869,239.91,2025-07-07,0,0,0,0,0,0,0,1,0,2,165,Unusable
Curtis Mead,678554,239.94,2025-04-21,0,0,0,0,0,0,0,1,0,2,174,Unusable
Mark Canha,592192,NA,2025-05-26,0,0,0,0,0,0,0,1,0,2,177,Unusable
Mark Canha,592192,NA,2025-07-07,0,0,0,0,0,0,0,1,0,2,165,Unusable
David Hamilton,666152,NA,2025-03-24,0,0,0,0,0,0,1,0,0,2,162,Unusable
David Hamilton,666152,NA,2025-06-09,0,0,0,0,0,0,1,0,0,2,173,Unusable
Javier Baez,595879,NA,2025-09-01,0,0,0,0,0,0,0,1,0,2,166,Unusable
Ezequiel Duran,677649,NA,2025-03-24,0,0,0,0,0,0,0,1,0,2,162,Unusable
Korey Lee,686676,NA,2025-09-22,0,0,0,0,0,0,1,0,0,2,163,Unusable
Gustavo Campero,672569,NA,2025-08-11,0,0,0,0,0,0,0,1,0,2,167,Unusable
Zach McKinstry,656716,NA,2025-09-08,0,0,0,0,0,0,1,0,0,2,160,Unusable
David Fry,681807,NA,2025-07-21,0,0,0,0,0,0,1,0,0,2,166,Unusable
Dalton Rushing,687221,NA,2025-05-19,0,0,0,0,0,0,0,1,0,2,179,Unusable
Dalton Rushing,687221,NA,2025-07-14,0,0,0,0,0,0,0,1,0,2,147,Unusable
Luis Torrens,620443,NA,2025-07-21,0,0,0,0,0,0,1,0,0,2,166,Unusable
Dylan Moore,664238,NA,2025-07-07,0,0,0,0,0,0,1,0,0,2,165,Unusable
Vidal Brujan,660644,NA,2025-06-23,0,0,0,0,0,0,1,0,0,2,168,Unusable
Vidal Brujan,660644,NA,2025-07-14,0,0,0,0,0,0,0,1,0,2,147,Unusable
Ronny Mauricio,677595,NA,2025-07-14,0,0,0,0,0,0,1,0,0,2,147,Unusable
Jake Bauers,641343,NA,2025-08-25,0,0,0,0,0,0,0,1,0,2,162,Unusable
Jorge Mateo,622761,NA,2025-09-08,0,0,0,0,0,0,1,0,0,2,160,Unusable
Andrew Knizner,668800,NA,2025-06-16,0,0,0,0,0,0,1,0,0,2,178,Unusable
Francisco Lindor,596019,17.8,2025-07-14,0,0,0,0,0,0,0,0,0,0,150,Unusable
Trea Turner,607208,35.91,2025-09-22,0,0,0,0,0,0,0,0,0,0,164,Unusable
Oneil Cruz,665833,50.09,2025-05-12,0,0,0,0,0,0,0,0,0,0,176,Unusable
Mark Vientos,668901,83.69,2025-06-02,0,0,0,0,0,0,0,0,0,0,176,Unusable
Jordan Westburg,676059,108.66,2025-08-18,0,0,0,0,0,0,0,0,0,0,164,Unusable
Anthony Volpe,683011,135.32,2025-09-08,0,0,0,0,0,0,0,0,0,0,162,Unusable
Jackson Holliday,702616,135.54,2025-04-07,0,0,0,0,0,0,0,0,0,0,175,Unusable
Alec Bohm,664761,148.29,2025-07-14,0,0,0,0,0,0,0,0,0,0,150,Unusable
Max Muncy,571970,161.48,2025-03-24,0,0,0,0,0,0,0,0,0,0,164,Unusable
Max Muncy,571970,161.48,2025-09-22,0,0,0,0,0,0,0,0,0,0,164,Unusable
Max Muncy,691777,161.48,2025-09-15,0,0,0,0,0,0,0,0,0,0,165,Unusable
Masyn Winn,691026,166.08,2025-09-08,0,0,0,0,0,0,0,0,0,0,162,Unusable
Rhys Hoskins,656555,172.72,2025-09-15,0,0,0,0,0,0,0,0,0,0,165,Unusable
Rhys Hoskins,656555,172.72,2025-09-22,0,0,0,0,0,0,0,0,0,0,164,Unusable
Willson Contreras,575929,182.14,2025-03-24,0,0,0,0,0,0,0,0,0,0,164,Unusable
Tommy Edman,669242,186.13,2025-05-12,0,0,0,0,0,0,0,0,0,0,176,Unusable
Josh Jung,673962,208.9,2025-06-30,0,0,0,0,0,0,0,0,0,0,172,Unusable
Kyle Manzardo,700932,237.05,2025-07-14,0,0,0,0,0,0,0,0,0,0,150,Unusable
Carlos Santana,467793,237.36,2025-08-25,0,0,0,0,0,0,0,0,0,0,163,Unusable
Carlos Santana,467793,237.36,2025-09-01,0,0,0,0,0,0,0,0,0,0,167,Unusable
Carlos Santana,467793,237.36,2025-09-08,0,0,0,0,0,0,0,0,0,0,162,Unusable
Hyeseong Kim,808975,238.24,2025-07-28,0,0,0,0,0,0,0,0,0,0,171,Unusable
Christopher Morel,666624,238.29,2025-06-09,0,0,0,0,0,0,0,0,0,0,174,Unusable
Thairo Estrada,642731,239.19,2025-08-04,0,0,0,0,0,0,0,0,0,0,167,Unusable
Coby Mayo,691723,239.19,2025-07-07,0,0,0,0,0,0,0,0,0,0,170,Unusable
Coby Mayo,691723,239.19,2025-07-14,0,0,0,0,0,0,0,0,0,0,150,Unusable
Willi Castro,650489,239.25,2025-08-25,0,0,0,0,0,0,0,0,0,0,163,Unusable
Willi Castro,650489,239.25,2025-09-22,0,0,0,0,0,0,0,0,0,0,164,Unusable
Justin Turner,457759,239.35,2025-06-30,0,0,0,0,0,0,0,0,0,0,172,Unusable
Justin Turner,457759,239.35,2025-07-14,0,0,0,0,0,0,0,0,0,0,150,Unusable
Justin Turner,457759,239.35,2025-08-11,0,0,0,0,0,0,0,0,0,0,168,Unusable
Brett Baty,683146,239.56,2025-03-24,0,0,0,0,0,0,0,0,0,0,164,Unusable
Josh Smith,669701,239.59,2025-03-24,0,0,0,0,0,0,0,0,0,0,164,Unusable
Keibert Ruiz,660688,239.6,2025-06-02,0,0,0,0,0,0,0,0,0,0,176,Unusable
Keibert Ruiz,660688,239.6,2025-06-23,0,0,0,0,0,0,0,0,0,0,169,Unusable
Luisangel Acuna,682668,239.64,2025-06-16,0,0,0,0,0,0,0,0,0,0,180,Unusable
Luisangel Acuna,682668,239.64,2025-07-28,0,0,0,0,0,0,0,0,0,0,171,Unusable
Luisangel Acuna,682668,239.64,2025-08-11,0,0,0,0,0,0,0,0,0,0,168,Unusable
Luisangel Acuna,682668,239.64,2025-09-08,0,0,0,0,0,0,0,0,0,0,162,Unusable
Jonah Bride,681146,239.69,2025-05-26,0,0,0,0,0,0,0,0,0,0,178,Unusable
Jonah Bride,681146,239.69,2025-06-02,0,0,0,0,0,0,0,0,0,0,176,Unusable
Sean Murphy,669221,239.72,2025-09-01,0,0,0,0,0,0,0,0,0,0,167,Unusable
Casey Schmitt,669477,239.77,2025-03-31,0,0,0,0,0,0,0,0,0,0,174,Unusable
Miguel Rojas,500743,239.78,2025-03-24,0,0,0,0,0,0,0,0,0,0,164,Unusable
Miguel Rojas,500743,239.78,2025-04-14,0,0,0,0,0,0,0,0,0,0,176,Unusable
Miguel Rojas,500743,239.78,2025-05-26,0,0,0,0,0,0,0,0,0,0,178,Unusable
Bo Naylor,666310,239.8,2025-06-23,0,0,0,0,0,0,0,0,0,0,169,Unusable
Jordan Lawlar,691783,239.81,2025-05-19,0,0,0,0,0,0,0,0,0,0,180,Unusable
Jordan Lawlar,691783,239.81,2025-08-25,0,0,0,0,0,0,0,0,0,0,163,Unusable
Vinny Capra,681962,239.86,2025-04-14,0,0,0,0,0,0,0,0,0,0,176,Unusable
Vinny Capra,681962,239.86,2025-05-19,0,0,0,0,0,0,0,0,0,0,180,Unusable
Vinny Capra,681962,239.86,2025-06-30,0,0,0,0,0,0,0,0,0,0,172,Unusable
Kevin Newman,621028,239.88,2025-03-24,0,0,0,0,0,0,0,0,0,0,164,Unusable
Kevin Newman,621028,239.88,2025-04-21,0,0,0,0,0,0,0,0,0,0,175,Unusable
Kevin Newman,621028,239.88,2025-05-05,0,0,0,0,0,0,0,0,0,0,179,Unusable
Kevin Newman,621028,239.88,2025-05-26,0,0,0,0,0,0,0,0,0,0,178,Unusable
Curtis Mead,678554,239.94,2025-03-24,0,0,0,0,0,0,0,0,0,0,164,Unusable
Curtis Mead,678554,239.94,2025-06-09,0,0,0,0,0,0,0,0,0,0,174,Unusable
Curtis Mead,678554,239.94,2025-09-22,0,0,0,0,0,0,0,0,0,0,164,Unusable
Oliver Dunn,686554,239.96,2025-03-24,0,0,0,0,0,0,0,0,0,0,164,Unusable
Endy Rodriguez,682848,239.97,2025-04-14,0,0,0,0,0,0,0,0,0,0,176,Unusable
Endy Rodriguez,682848,239.97,2025-05-26,0,0,0,0,0,0,0,0,0,0,178,Unusable
Will Wagner,695238,239.98,2025-08-18,0,0,0,0,0,0,0,0,0,0,164,Unusable
Will Wagner,695238,239.98,2025-09-01,0,0,0,0,0,0,0,0,0,0,167,Unusable
Will Wagner,695238,239.98,2025-09-08,0,0,0,0,0,0,0,0,0,0,162,Unusable
Will Wagner,695238,239.98,2025-09-15,0,0,0,0,0,0,0,0,0,0,165,Unusable
Brendan Rodgers,663898,239.98,2025-05-12,0,0,0,0,0,0,0,0,0,0,176,Unusable
Brendan Rodgers,663898,239.98,2025-05-19,0,0,0,0,0,0,0,0,0,0,180,Unusable
Jace Jung,690291,239.98,2025-09-15,0,0,0,0,0,0,0,0,0,0,165,Unusable
Gage Workman,669398,239.98,2025-03-24,0,0,0,0,0,0,0,0,0,0,164,Unusable
Gage Workman,669398,239.98,2025-03-31,0,0,0,0,0,0,0,0,0,0,174,Unusable
Gage Workman,669398,239.98,2025-04-21,0,0,0,0,0,0,0,0,0,0,175,Unusable
Gage Workman,669398,239.98,2025-04-28,0,0,0,0,0,0,0,0,0,0,179,Unusable
Enrique Hernandez,571771,NA,2025-06-09,0,0,0,0,0,0,0,0,0,0,174,Unusable
Enrique Hernandez,571771,NA,2025-06-30,0,0,0,0,0,0,0,0,0,0,172,Unusable
Yoan Moncada,660162,NA,2025-04-07,0,0,0,0,0,0,0,0,0,0,175,Unusable
Matt Mervis,670223,NA,2025-05-26,0,0,0,0,0,0,0,0,0,0,178,Unusable
Orlando Arcia,606115,NA,2025-03-31,0,0,0,0,0,0,0,0,0,0,174,Unusable
Orlando Arcia,606115,NA,2025-04-21,0,0,0,0,0,0,0,0,0,0,175,Unusable
Orlando Arcia,606115,NA,2025-05-05,0,0,0,0,0,0,0,0,0,0,179,Unusable
Orlando Arcia,606115,NA,2025-05-19,0,0,0,0,0,0,0,0,0,0,180,Unusable
Orlando Arcia,606115,NA,2025-07-14,0,0,0,0,0,0,0,0,0,0,150,Unusable
Orlando Arcia,606115,NA,2025-09-15,0,0,0,0,0,0,0,0,0,0,165,Unusable
Isaac Collins,686555,NA,2025-04-14,0,0,0,0,0,0,0,0,0,0,176,Unusable
Tim Anderson,641313,NA,2025-03-24,0,0,0,0,0,0,0,0,0,0,164,Unusable
Liover Peguero,678894,NA,2025-07-14,0,0,0,0,0,0,0,0,0,0,150,Unusable
Amed Rosario,642708,NA,2025-06-23,0,0,0,0,0,0,0,0,0,0,169,Unusable
Amed Rosario,642708,NA,2025-09-22,0,0,0,0,0,0,0,0,0,0,164,Unusable
Mark Canha,592192,NA,2025-03-24,0,0,0,0,0,0,0,0,0,0,164,Unusable
Mark Canha,592192,NA,2025-04-07,0,0,0,0,0,0,0,0,0,0,175,Unusable
Mark Canha,592192,NA,2025-06-23,0,0,0,0,0,0,0,0,0,0,169,Unusable
David Hamilton,666152,NA,2025-04-21,0,0,0,0,0,0,0,0,0,0,175,Unusable
David Hamilton,666152,NA,2025-05-05,0,0,0,0,0,0,0,0,0,0,179,Unusable
David Hamilton,666152,NA,2025-07-21,0,0,0,0,0,0,0,0,0,0,169,Unusable
Javier Baez,595879,NA,2025-03-24,0,0,0,0,0,0,0,0,0,0,164,Unusable
Ezequiel Duran,677649,NA,2025-03-31,0,0,0,0,0,0,0,0,0,0,174,Unusable
Ezequiel Duran,677649,NA,2025-04-07,0,0,0,0,0,0,0,0,0,0,175,Unusable
Ezequiel Duran,677649,NA,2025-04-14,0,0,0,0,0,0,0,0,0,0,176,Unusable
Ezequiel Duran,677649,NA,2025-05-19,0,0,0,0,0,0,0,0,0,0,180,Unusable
Ezequiel Duran,677649,NA,2025-05-26,0,0,0,0,0,0,0,0,0,0,178,Unusable
Ezequiel Duran,677649,NA,2025-06-02,0,0,0,0,0,0,0,0,0,0,176,Unusable
Ezequiel Duran,677649,NA,2025-07-14,0,0,0,0,0,0,0,0,0,0,150,Unusable
Ezequiel Duran,677649,NA,2025-07-21,0,0,0,0,0,0,0,0,0,0,169,Unusable
Jacob Stallings,607732,NA,2025-03-24,0,0,0,0,0,0,0,0,0,0,164,Unusable
Jacob Stallings,607732,NA,2025-04-07,0,0,0,0,0,0,0,0,0,0,175,Unusable
Jacob Stallings,607732,NA,2025-05-12,0,0,0,0,0,0,0,0,0,0,176,Unusable
Jacob Stallings,607732,NA,2025-06-02,0,0,0,0,0,0,0,0,0,0,176,Unusable
Jacob Stallings,607732,NA,2025-07-14,0,0,0,0,0,0,0,0,0,0,150,Unusable
Korey Lee,686676,NA,2025-09-08,0,0,0,0,0,0,0,0,0,0,162,Unusable
Korey Lee,686676,NA,2025-09-15,0,0,0,0,0,0,0,0,0,0,165,Unusable
Gustavo Campero,672569,NA,2025-07-14,0,0,0,0,0,0,0,0,0,0,150,Unusable
Lenyn Sosa,672820,NA,2025-06-02,0,0,0,0,0,0,0,0,0,0,176,Unusable
Jon Berti,542932,NA,2025-03-31,0,0,0,0,0,0,0,0,0,0,174,Unusable
Jon Berti,542932,NA,2025-05-12,0,0,0,0,0,0,0,0,0,0,176,Unusable
Jon Berti,542932,NA,2025-06-02,0,0,0,0,0,0,0,0,0,0,176,Unusable
Jon Berti,542932,NA,2025-06-09,0,0,0,0,0,0,0,0,0,0,174,Unusable
Jon Berti,542932,NA,2025-06-16,0,0,0,0,0,0,0,0,0,0,180,Unusable
Jon Berti,542932,NA,2025-06-30,0,0,0,0,0,0,0,0,0,0,172,Unusable
Jon Berti,542932,NA,2025-07-21,0,0,0,0,0,0,0,0,0,0,169,Unusable
Jon Berti,542932,NA,2025-07-28,0,0,0,0,0,0,0,0,0,0,171,Unusable
Jon Berti,542932,NA,2025-08-04,0,0,0,0,0,0,0,0,0,0,167,Unusable
David Fry,681807,NA,2025-05-26,0,0,0,0,0,0,0,0,0,0,178,Unusable
David Fry,681807,NA,2025-09-22,0,0,0,0,0,0,0,0,0,0,164,Unusable
Henry Davis,680779,NA,2025-04-07,0,0,0,0,0,0,0,0,0,0,175,Unusable
Henry Davis,680779,NA,2025-07-14,0,0,0,0,0,0,0,0,0,0,150,Unusable
Henry Davis,680779,NA,2025-09-08,0,0,0,0,0,0,0,0,0,0,162,Unusable
Miguel Amaya,665804,NA,2025-04-28,0,0,0,0,0,0,0,0,0,0,179,Unusable
Nick Fortes,663743,NA,2025-05-12,0,0,0,0,0,0,0,0,0,0,176,Unusable
Trey Sweeney,700242,NA,2025-07-14,0,0,0,0,0,0,0,0,0,0,150,Unusable
Trey Sweeney,700242,NA,2025-09-01,0,0,0,0,0,0,0,0,0,0,167,Unusable
Trey Sweeney,700242,NA,2025-09-15,0,0,0,0,0,0,0,0,0,0,165,Unusable
Connor Wong,657136,NA,2025-04-07,0,0,0,0,0,0,0,0,0,0,175,Unusable
Connor Wong,657136,NA,2025-07-14,0,0,0,0,0,0,0,0,0,0,150,Unusable
Connor Wong,657136,NA,2025-09-15,0,0,0,0,0,0,0,0,0,0,165,Unusable
Emmanuel Rivera,656896,NA,2025-06-30,0,0,0,0,0,0,0,0,0,0,172,Unusable
Emmanuel Rivera,656896,NA,2025-09-15,0,0,0,0,0,0,0,0,0,0,165,Unusable
Martin Maldonado,455117,NA,2025-04-21,0,0,0,0,0,0,0,0,0,0,175,Unusable
Martin Maldonado,455117,NA,2025-05-19,0,0,0,0,0,0,0,0,0,0,180,Unusable
Austin Hedges,595978,NA,2025-05-19,0,0,0,0,0,0,0,0,0,0,180,Unusable
Austin Hedges,595978,NA,2025-05-26,0,0,0,0,0,0,0,0,0,0,178,Unusable
Austin Hedges,595978,NA,2025-06-02,0,0,0,0,0,0,0,0,0,0,176,Unusable
Austin Hedges,595978,NA,2025-06-09,0,0,0,0,0,0,0,0,0,0,174,Unusable
Austin Hedges,595978,NA,2025-08-25,0,0,0,0,0,0,0,0,0,0,163,Unusable
Luis Campusano,669134,NA,2025-06-09,0,0,0,0,0,0,0,0,0,0,174,Unusable
Luis Campusano,669134,NA,2025-07-07,0,0,0,0,0,0,0,0,0,0,170,Unusable
Luis Torrens,620443,NA,2025-08-11,0,0,0,0,0,0,0,0,0,0,168,Unusable
Andy Ibanez,628451,NA,2025-08-25,0,0,0,0,0,0,0,0,0,0,163,Unusable
Dylan Moore,664238,NA,2025-06-02,0,0,0,0,0,0,0,0,0,0,176,Unusable
Travis d'Arnaud,518595,NA,2025-05-05,0,0,0,0,0,0,0,0,0,0,179,Unusable
Travis d'Arnaud,518595,NA,2025-06-30,0,0,0,0,0,0,0,0,0,0,172,Unusable
Travis d'Arnaud,518595,NA,2025-07-14,0,0,0,0,0,0,0,0,0,0,150,Unusable
Travis d'Arnaud,518595,NA,2025-09-08,0,0,0,0,0,0,0,0,0,0,162,Unusable
Vidal Brujan,660644,NA,2025-03-17,0,0,0,0,0,0,0,0,0,0,12,IF1
Vidal Brujan,660644,NA,2025-04-28,0,0,0,0,0,0,0,0,0,0,179,Unusable
Vidal Brujan,660644,NA,2025-05-05,0,0,0,0,0,0,0,0,0,0,179,Unusable
Vidal Brujan,660644,NA,2025-05-19,0,0,0,0,0,0,0,0,0,0,180,Unusable
Vidal Brujan,660644,NA,2025-05-26,0,0,0,0,0,0,0,0,0,0,178,Unusable
Vidal Brujan,660644,NA,2025-06-02,0,0,0,0,0,0,0,0,0,0,176,Unusable
Vidal Brujan,660644,NA,2025-06-30,0,0,0,0,0,0,0,0,0,0,172,Unusable
Vidal Brujan,660644,NA,2025-07-28,0,0,0,0,0,0,0,0,0,0,171,Unusable
Vidal Brujan,660644,NA,2025-09-01,0,0,0,0,0,0,0,0,0,0,167,Unusable
Vidal Brujan,660644,NA,2025-09-08,0,0,0,0,0,0,0,0,0,0,162,Unusable
Nick Maton,665155,NA,2025-05-05,0,0,0,0,0,0,0,0,0,0,179,Unusable
Ramon Urias,602104,NA,2025-07-07,0,0,0,0,0,0,0,0,0,0,170,Unusable
Ramon Urias,602104,NA,2025-09-08,0,0,0,0,0,0,0,0,0,0,162,Unusable
Alan Trejo,676701,NA,2025-05-12,0,0,0,0,0,0,0,0,0,0,176,Unusable
Max Schuemann,680474,NA,2025-03-24,0,0,0,0,0,0,0,0,0,0,164,Unusable
Max Schuemann,680474,NA,2025-04-07,0,0,0,0,0,0,0,0,0,0,175,Unusable
Kyle Farmer,571657,NA,2025-07-14,0,0,0,0,0,0,0,0,0,0,150,Unusable
Kyle Farmer,571657,NA,2025-08-18,0,0,0,0,0,0,0,0,0,0,164,Unusable
Kyle Farmer,571657,NA,2025-09-01,0,0,0,0,0,0,0,0,0,0,167,Unusable
Kyle Farmer,571657,NA,2025-09-22,0,0,0,0,0,0,0,0,0,0,164,Unusable
Luis Urias,649966,NA,2025-07-14,0,0,0,0,0,0,0,0,0,0,150,Unusable
Josh Rojas,668942,NA,2025-08-11,0,0,0,0,0,0,0,0,0,0,168,Unusable
Connor Joe,656582,NA,2025-04-14,0,0,0,0,0,0,0,0,0,0,176,Unusable
Connor Joe,656582,NA,2025-05-26,0,0,0,0,0,0,0,0,0,0,178,Unusable
Connor Joe,656582,NA,2025-07-07,0,0,0,0,0,0,0,0,0,0,170,Unusable
Connor Joe,656582,NA,2025-07-28,0,0,0,0,0,0,0,0,0,0,171,Unusable
Tyler Wade,642180,NA,2025-04-07,0,0,0,0,0,0,0,0,0,0,175,Unusable
Tyler Wade,642180,NA,2025-05-12,0,0,0,0,0,0,0,0,0,0,176,Unusable
Tyler Wade,642180,NA,2025-06-30,0,0,0,0,0,0,0,0,0,0,172,Unusable
Tyler Wade,642180,NA,2025-07-07,0,0,0,0,0,0,0,0,0,0,170,Unusable
Tyler Wade,642180,NA,2025-07-14,0,0,0,0,0,0,0,0,0,0,150,Unusable
Tyler Wade,642180,NA,2025-07-21,0,0,0,0,0,0,0,0,0,0,169,Unusable
Gio Urshela,570482,NA,2025-05-12,0,0,0,0,0,0,0,0,0,0,176,Unusable
Gio Urshela,570482,NA,2025-07-14,0,0,0,0,0,0,0,0,0,0,150,Unusable
Jose Tena,677588,NA,2025-03-31,0,0,0,0,0,0,0,0,0,0,174,Unusable
Jose Tena,677588,NA,2025-04-07,0,0,0,0,0,0,0,0,0,0,175,Unusable
Jose Tena,677588,NA,2025-08-04,0,0,0,0,0,0,0,0,0,0,167,Unusable
Ronny Mauricio,677595,NA,2025-09-01,0,0,0,0,0,0,0,0,0,0,167,Unusable
Ronny Mauricio,677595,NA,2025-09-15,0,0,0,0,0,0,0,0,0,0,165,Unusable
Jake Bauers,641343,NA,2025-04-14,0,0,0,0,0,0,0,0,0,0,176,Unusable
Jake Bauers,641343,NA,2025-07-14,0,0,0,0,0,0,0,0,0,0,150,Unusable
Jorge Mateo,622761,NA,2025-03-24,0,0,0,0,0,0,0,0,0,0,164,Unusable
Jorge Mateo,622761,NA,2025-06-02,0,0,0,0,0,0,0,0,0,0,176,Unusable
Jorge Mateo,622761,NA,2025-09-22,0,0,0,0,0,0,0,0,0,0,164,Unusable
Thomas Saggese,695336,NA,2025-06-23,0,0,0,0,0,0,0,0,0,0,169,Unusable
Thomas Saggese,695336,NA,2025-07-21,0,0,0,0,0,0,0,0,0,0,169,Unusable
Yuli Gurriel,493329,NA,2025-04-21,0,0,0,0,0,0,0,0,0,0,175,Unusable
Jose Iglesias,578428,NA,2025-03-24,0,0,0,0,0,0,0,0,0,0,164,Unusable
Jose Trevino,624431,NA,2025-06-30,0,0,0,0,0,0,0,0,0,0,172,Unusable
Jose Trevino,624431,NA,2025-09-22,0,0,0,0,0,0,0,0,0,0,164,Unusable
Andrew Knizner,668800,NA,2025-06-02,0,0,0,0,0,0,0,0,0,0,176,Unusable
Andrew Knizner,668800,NA,2025-07-07,0,0,0,0,0,0,0,0,0,0,170,Unusable
Andrew Knizner,668800,NA,2025-07-21,0,0,0,0,0,0,0,0,0,0,169,Unusable
Andrew Knizner,668800,NA,2025-08-11,0,0,0,0,0,0,0,0,0,0,168,Unusable
