player_name,mlbid,final_adp,week,x1b,x2b,x3b,hr,bb,hbp,r,rbi,sb,ud_points,week_rank,rank_group
Shohei Ohtani,660271,1.11,2025-05-05,3,3,1,4,5,0,9,10,1,132,1,OF1
George Springer,543807,107.02,2025-06-30,7,0,0,5,4,0,9,13,1,131,1,OF1
Kyle Tucker,663656,7.8,2025-03-31,3,3,0,3,8,0,11,8,2,127,1,OF1
Juan Soto,665742,3.25,2025-09-01,5,1,1,3,6,0,7,9,3,121,1,OF1
Juan Soto,665742,3.25,2025-08-25,5,0,0,3,7,1,8,7,5,119,1,OF1
Seiya Suzuki,673548,54.65,2025-05-19,5,4,0,3,4,0,9,10,0,119,1,OF1
Taylor Ward,621493,83.15,2025-05-19,3,4,1,3,2,0,9,12,0,119,1,OF1
Jo Adell,666176,198.16,2025-09-01,5,1,0,5,2,0,6,12,1,117,2,OF1
James Wood,695578,32.36,2025-04-07,2,1,0,4,8,0,7,8,2,114,1,OF1
Byron Buxton,621439,140.84,2025-06-16,2,1,0,6,4,0,7,6,1,114,1,OF1
Aaron Judge,592450,2.1,2025-06-30,4,2,0,3,9,1,7,7,0,112,2,OF1
Aaron Judge,592450,2.1,2025-08-25,3,2,0,3,8,1,10,5,1,112,2,OF1
Lawrence Butler,671732,38.6,2025-06-02,5,6,0,1,5,0,11,5,1,112,1,OF1
Aaron Judge,592450,2.1,2025-09-22,4,1,0,4,7,0,7,9,0,111,1,OF1
Julio Rodriguez,677594,14.08,2025-07-07,1,4,0,3,4,0,10,7,2,111,1,OF1
Will Benson,666181,239.99,2025-05-12,4,1,0,5,3,0,5,10,1,111,1,OF1
Shohei Ohtani,660271,1.11,2025-08-04,6,2,0,3,5,0,9,4,2,109,1,OF1
Jurickson Profar,595777,69.27,2025-08-18,5,1,0,3,2,2,6,13,2,109,1,OF1
Jurickson Profar,595777,69.27,2025-08-04,3,1,0,3,10,0,10,4,1,107,2,OF1
Christian Yelich,592885,58.87,2025-08-11,6,1,0,4,2,0,6,12,0,106,1,OF1
Aaron Judge,592450,2.1,2025-09-08,4,0,0,5,4,1,9,5,0,105,1,OF1
Wyatt Langford,694671,24.34,2025-08-18,4,3,0,2,7,0,9,4,2,105,2,OF1
Brandon Nimmo,607043,51.96,2025-08-25,6,4,0,2,3,0,8,9,0,105,3,OF1
Shohei Ohtani,660271,1.11,2025-09-15,2,3,0,4,4,0,6,6,1,104,1,OF1
Aaron Judge,592450,2.1,2025-04-28,6,2,1,3,3,0,7,6,0,103,1,OF1
Wyatt Langford,694671,24.34,2025-07-07,7,1,0,2,4,0,7,7,4,103,2,OF1
Riley Greene,682985,44.7,2025-04-28,9,0,0,4,1,1,7,8,0,103,1,OF1
Riley Greene,682985,44.7,2025-06-16,5,3,0,3,2,0,7,10,0,103,2,OF1
Seiya Suzuki,673548,54.65,2025-09-22,1,1,0,5,2,0,6,12,0,101,2,OF1
James Wood,695578,32.36,2025-05-26,2,2,0,3,6,0,5,8,2,100,1,OF1
Aaron Judge,592450,2.1,2025-03-24,0,2,0,4,3,0,8,11,0,99,1,OF1
James Wood,695578,32.36,2025-06-16,1,2,0,4,6,0,5,8,0,99,3,OF1
Cody Bellinger,641355,47.51,2025-05-12,5,4,0,2,4,0,6,8,0,99,2,OF1
Cody Bellinger,641355,47.51,2025-08-25,7,3,0,2,4,0,6,8,0,99,4,OF1
Randy Arozarena,668227,53.57,2025-06-30,3,0,0,6,0,0,6,9,0,99,3,OF1
Christian Yelich,592885,58.87,2025-07-28,6,1,0,2,7,0,10,7,0,99,1,OF1
Shohei Ohtani,660271,1.11,2025-04-28,3,1,1,2,7,0,9,2,3,98,3,OF1
George Springer,543807,107.02,2025-08-25,7,1,0,2,3,2,10,4,2,98,5,OF1
Kyle Schwarber,656941,12.34,2025-05-19,2,1,0,3,9,0,9,5,0,97,3,OF1
Jarren Duran,680776,15.71,2025-04-21,7,4,2,0,2,0,6,3,3,97,1,OF1
Mickey Moniak,666160,NA,2025-06-16,2,1,1,4,1,0,6,9,1,97,4,OF1
Mauricio Dubon,643289,NA,2025-06-16,2,3,0,4,3,0,7,5,0,97,4,OF1
Jackson Chourio,694192,13.9,2025-05-26,5,3,0,2,1,0,8,8,2,96,2,OF1
Brandon Nimmo,607043,51.96,2025-04-28,3,2,0,3,3,0,7,11,0,96,4,OF1
Jung Hoo Lee,808982,132.35,2025-04-07,2,2,1,3,4,0,6,8,0,96,2,OF1
Austin Hays,669720,212.98,2025-04-14,8,1,0,3,2,0,7,8,0,96,1,OF1
Corbin Carroll,682998,6.36,2025-05-12,4,1,0,3,3,0,7,4,4,95,3,OF1
Kyle Schwarber,656941,12.34,2025-09-08,3,1,0,3,8,0,6,7,0,95,2,OF1
Andy Pages,681624,228.33,2025-04-21,7,3,0,3,0,0,5,6,1,95,2,OF1
Miguel Vargas,678246,NA,2025-05-12,4,2,0,4,0,1,5,9,0,95,3,OF1
Kyle Stowers,669065,NA,2025-07-07,6,0,0,3,4,1,6,8,1,95,3,OF1
Shohei Ohtani,660271,1.11,2025-05-12,5,0,0,4,3,0,6,9,0,94,5,OF1
Kyle Schwarber,656941,12.34,2025-08-25,1,0,1,4,3,0,7,10,0,94,6,OF1
Seiya Suzuki,673548,54.65,2025-03-31,3,1,0,3,7,0,5,9,0,94,2,OF1
Trent Grisham,663757,NA,2025-08-25,2,0,0,3,7,1,6,7,2,94,6,OF1
Aaron Judge,592450,2.1,2025-06-02,5,2,0,2,5,1,7,5,1,93,2,OF1
Marcell Ozuna,542303,25.41,2025-05-12,3,1,0,3,6,0,6,9,0,93,6,OF1
Michael Harris II,671739,42.59,2025-09-22,5,2,0,3,0,0,4,6,4,93,3,OF1
Byron Buxton,621439,140.84,2025-08-25,1,1,0,4,2,0,7,8,2,93,8,OF1
Mike Trout,545361,36.46,2025-07-07,3,1,0,3,7,0,4,9,0,92,4,OF1
Christian Yelich,592885,58.87,2025-05-26,6,1,0,3,1,1,5,9,1,92,3,OF1
Juan Soto,665742,3.25,2025-06-23,3,0,0,4,4,0,7,6,1,91,1,OF1
Kyle Schwarber,656941,12.34,2025-07-21,3,1,0,4,2,0,5,10,0,91,1,OF1
Spencer Steer,668715,80.57,2025-06-23,8,1,0,3,1,0,5,7,1,91,1,OF1
George Springer,543807,107.02,2025-09-01,3,1,0,3,5,1,8,4,1,91,3,OF1
Jordan Beck,687597,234.82,2025-04-21,2,0,0,5,3,0,5,6,1,91,3,OF1
Andrew Benintendi,643217,238.69,2025-09-01,4,1,0,3,4,1,5,9,0,91,3,OF1
Kyle Stowers,669065,NA,2025-06-23,2,4,0,2,5,0,5,8,0,91,1,OF1
Yordan Alvarez,670541,9.59,2025-09-01,9,2,0,2,3,0,5,6,0,90,5,OF1
Michael Harris II,671739,42.59,2025-08-11,8,2,0,2,0,0,6,9,1,90,2,OF1
Adolis Garcia,666969,49.79,2025-07-07,5,1,0,3,2,1,6,7,1,90,5,OF1
George Springer,543807,107.02,2025-07-21,11,1,0,1,5,0,10,3,0,90,2,OF1
Hunter Goodman,696100,239.98,2025-06-02,3,3,1,3,1,0,5,6,0,90,3,OF1
Shohei Ohtani,660271,1.11,2025-05-26,2,0,0,4,5,0,9,5,0,89,4,OF1
Juan Soto,665742,3.25,2025-06-02,6,1,0,1,11,0,8,3,0,89,4,OF1
Juan Soto,665742,3.25,2025-09-15,5,2,0,2,4,0,3,6,3,89,2,OF1
Ceddanne Rafaela,678882,156.21,2025-07-07,4,1,0,3,1,0,5,10,2,89,6,OF1
Harrison Bader,664056,239.99,2025-09-08,12,3,0,1,0,1,7,4,0,89,3,OF1
Mike Tauchman,643565,NA,2025-05-26,4,4,1,1,5,0,6,4,0,89,4,OF1
Ramon Laureano,657656,NA,2025-08-11,4,2,0,3,2,1,7,4,1,89,3,OF1
Aaron Judge,592450,2.1,2025-05-19,4,1,0,3,4,0,6,6,1,88,4,OF1
Corbin Carroll,682998,6.36,2025-04-07,5,3,0,2,2,1,7,4,1,88,3,OF1
Kyle Tucker,663656,7.8,2025-06-23,6,2,0,2,2,0,6,6,2,88,4,OF1
Teoscar Hernandez,606192,29.24,2025-04-28,7,3,0,1,1,0,6,8,2,88,5,OF1
Jurickson Profar,595777,69.27,2025-08-25,4,2,0,2,6,0,8,3,1,88,9,OF1
Jasson Dominguez,691176,70.56,2025-06-30,7,1,1,2,1,0,5,6,2,88,4,OF1
Taylor Ward,621493,83.15,2025-04-07,2,0,0,5,2,0,7,6,0,88,3,OF1
Evan Carter,694497,197.41,2025-06-09,4,2,0,2,4,0,7,5,2,88,1,OF1
Jordan Beck,687597,234.82,2025-07-28,5,0,0,3,5,0,5,7,1,88,2,OF1
Hunter Goodman,696100,239.98,2025-09-01,5,2,0,3,1,0,4,10,0,88,6,OF1
Juan Soto,665742,3.25,2025-08-04,4,0,0,3,5,0,7,4,2,87,3,OF1
Corbin Carroll,682998,6.36,2025-04-14,6,1,0,2,1,0,5,9,3,87,2,OF1
Kyle Schwarber,656941,12.34,2025-04-28,0,1,0,4,4,1,5,8,0,87,6,OF1
Kyle Schwarber,656941,12.34,2025-05-05,7,0,0,3,2,0,5,6,2,87,2,OF1
Riley Greene,682985,44.7,2025-03-31,4,3,0,3,1,0,7,5,0,87,3,OF1
Randy Arozarena,668227,53.57,2025-07-07,3,1,0,3,2,2,7,6,1,87,7,OF1
Seiya Suzuki,673548,54.65,2025-06-30,2,3,0,3,3,0,4,8,0,87,5,OF1
Jasson Dominguez,691176,70.56,2025-05-05,3,1,0,3,4,0,8,7,0,87,2,OF1
Steven Kwan,680757,82.5,2025-07-21,5,0,0,3,6,0,7,5,0,87,3,OF1
Taylor Ward,621493,83.15,2025-05-12,2,1,0,4,3,0,5,8,0,87,7,OF1
Heliot Ramos,671218,108.52,2025-05-05,5,3,0,2,2,2,4,7,0,87,2,OF1
Roman Anthony,701350,198.72,2025-08-11,2,1,0,2,7,0,10,3,2,87,4,OF1
Andy Pages,681624,228.33,2025-06-16,5,2,0,3,0,2,6,6,0,87,6,OF1
Addison Barger,680718,NA,2025-05-26,4,2,0,3,3,0,6,6,0,87,6,OF1
Jackson Chourio,694192,13.9,2025-03-31,4,3,0,3,0,0,5,8,0,86,4,OF1
Julio Rodriguez,677594,14.08,2025-09-01,1,1,0,4,0,1,7,8,1,86,7,OF1
Teoscar Hernandez,606192,29.24,2025-03-31,3,2,0,3,1,0,5,7,2,86,4,OF1
Teoscar Hernandez,606192,29.24,2025-09-08,6,2,0,3,0,0,7,6,0,86,4,OF1
James Wood,695578,32.36,2025-05-12,5,1,0,2,3,0,7,7,2,86,8,OF1
Cody Bellinger,641355,47.51,2025-07-07,6,1,0,3,0,0,9,7,0,86,8,OF1
George Springer,543807,107.02,2025-05-26,3,1,0,3,4,1,7,6,0,86,7,OF1
Daulton Varsho,662139,183.34,2025-08-04,4,1,0,3,4,0,3,10,0,86,4,OF1
Ramon Laureano,657656,NA,2025-07-28,7,0,1,2,1,2,9,5,0,86,3,OF1
Shohei Ohtani,660271,1.11,2025-09-01,2,3,0,3,5,0,3,5,0,85,8,OF1
Aaron Judge,592450,2.1,2025-09-15,5,1,0,1,9,1,7,3,1,85,3,OF1
Jackson Chourio,694192,13.9,2025-04-07,3,2,1,2,0,0,8,8,1,85,5,OF1
Brent Rooker,667670,20.89,2025-07-07,4,3,0,2,3,0,5,6,1,85,9,OF1
Ian Happ,664023,38.05,2025-06-09,2,1,0,3,5,0,6,6,1,85,2,OF1
Bryan Reynolds,668804,42.05,2025-06-23,3,5,0,2,0,0,7,6,0,85,5,OF1
Brenton Doyle,686668,56.73,2025-08-18,5,2,0,3,0,0,4,8,1,85,3,OF1
Kerry Carpenter,681481,130.48,2025-04-28,5,2,0,3,0,0,6,8,0,85,7,OF1
Trevor Larnach,663616,237.16,2025-04-21,4,1,0,3,3,0,5,9,0,85,4,OF1
Kyle Stowers,669065,NA,2025-04-28,3,1,0,4,0,0,5,10,0,85,7,OF1
Aaron Judge,592450,2.1,2025-05-05,3,2,0,3,3,0,6,6,0,84,5,OF1
Jackson Merrill,701538,22.38,2025-09-08,1,1,2,3,1,0,5,8,0,84,5,OF1
James Wood,695578,32.36,2025-06-23,6,0,0,1,8,0,5,7,2,84,6,OF1
Adolis Garcia,666969,49.79,2025-08-25,8,3,0,1,0,0,7,7,1,84,10,OF1
Brandon Nimmo,607043,51.96,2025-06-09,6,0,0,3,2,0,6,5,2,84,3,OF1
Brandon Nimmo,607043,51.96,2025-06-30,2,1,0,3,1,1,5,9,2,84,6,OF1
Steven Kwan,680757,82.5,2025-09-01,9,2,0,0,3,0,4,4,5,84,9,OF1
Ceddanne Rafaela,678882,156.21,2025-06-30,1,6,0,2,1,0,6,5,0,84,6,OF1
TJ Friedl,670770,168.11,2025-05-05,5,0,0,2,9,0,5,4,1,84,5,OF1
Dane Myers,667472,240,2025-04-28,4,1,0,2,4,0,3,8,3,84,9,OF1
Juan Soto,665742,3.25,2025-08-18,3,0,0,2,8,0,7,6,1,83,4,OF1
Corbin Carroll,682998,6.36,2025-04-21,1,1,3,2,2,0,6,4,1,83,5,OF1
Corbin Carroll,682998,6.36,2025-09-15,5,2,1,1,2,0,5,7,2,83,4,OF1
Brent Rooker,667670,20.89,2025-08-04,5,4,0,1,1,1,5,7,1,83,5,OF1
Mike Trout,545361,36.46,2025-03-31,1,1,0,3,4,0,6,8,1,83,6,OF1
Lawrence Butler,671732,38.6,2025-05-19,2,5,1,1,1,0,5,4,2,83,5,OF1
Alec Burleson,676475,219.26,2025-06-16,6,1,0,3,1,0,4,9,0,83,7,OF1
Angel Martinez,682657,NA,2025-07-07,0,3,0,3,1,0,6,8,1,83,10,OF1
Shohei Ohtani,660271,1.11,2025-07-21,3,0,0,4,3,0,6,6,0,82,4,OF1
Corbin Carroll,682998,6.36,2025-08-25,4,3,0,2,2,0,5,6,1,82,11,OF1
Jarren Duran,680776,15.71,2025-05-19,7,2,1,1,3,0,5,6,0,82,6,OF1
Michael Harris II,671739,42.59,2025-07-21,5,2,2,2,1,0,5,3,0,82,4,OF1
Christian Yelich,592885,58.87,2025-04-21,7,1,0,1,5,0,3,8,2,82,6,OF1
Christian Yelich,592885,58.87,2025-06-16,7,4,0,0,1,0,2,11,2,82,8,OF1
JJ Bleday,668709,111.18,2025-09-01,2,1,0,4,0,0,6,9,0,82,10,OF1
Cedric Mullins,656775,133.6,2025-04-14,2,1,0,3,6,0,6,3,1,82,3,OF1
Wilyer Abreu,677800,217.36,2025-03-24,3,2,0,2,5,0,5,6,1,82,2,OF1
Jake Fraley,641584,NA,2025-04-14,3,2,0,2,5,0,6,7,0,82,3,OF1
Trent Grisham,663757,NA,2025-03-31,4,1,0,3,2,0,5,9,0,82,7,OF1
Ramon Laureano,657656,NA,2025-06-23,4,3,0,1,4,0,9,4,1,82,7,OF1
Corbin Carroll,682998,6.36,2025-03-31,2,1,1,3,3,0,6,5,0,81,8,OF1
Kyle Tucker,663656,7.8,2025-05-19,8,0,0,2,3,0,6,4,2,81,7,OF1
James Wood,695578,32.36,2025-04-28,5,3,0,1,6,0,4,2,2,81,10,OF1
Randy Arozarena,668227,53.57,2025-04-14,4,2,0,1,4,1,3,7,3,81,5,OF1
Taylor Ward,621493,83.15,2025-06-23,0,5,0,1,6,1,5,5,0,81,8,OF1
Byron Buxton,621439,140.84,2025-05-05,2,1,1,2,3,0,6,8,1,81,7,OF1
Byron Buxton,621439,140.84,2025-07-07,5,3,1,1,1,1,7,3,1,81,11,OF1
Jo Adell,666176,198.16,2025-06-02,2,0,0,4,1,2,6,5,1,81,5,OF1
Giancarlo Stanton,519317,238.16,2025-08-18,1,1,0,4,2,0,6,7,0,81,5,OF1
Mike Yastrzemski,573262,238.77,2025-09-22,3,1,0,2,7,1,6,3,1,81,4,OF1
Luis Matos,682641,NA,2025-08-18,3,2,1,2,2,0,5,4,2,81,5,OF1
Kyle Stowers,669065,NA,2025-05-12,4,1,1,3,1,2,4,4,0,81,9,OF1
Corbin Carroll,682998,6.36,2025-08-04,2,2,0,3,2,0,6,7,0,80,6,OF1
Jackson Chourio,694192,13.9,2025-07-21,6,4,0,1,2,0,4,5,1,80,6,OF1
Julio Rodriguez,677594,14.08,2025-09-08,5,5,0,0,3,0,4,5,2,80,6,OF1
Brent Rooker,667670,20.89,2025-05-19,7,1,0,2,5,0,5,4,0,80,8,OF1
Jackson Merrill,701538,22.38,2025-03-31,4,1,0,3,2,0,6,5,1,80,9,OF1
Riley Greene,682985,44.7,2025-05-12,5,3,0,2,1,0,4,8,0,80,10,OF1
George Springer,543807,107.02,2025-08-18,4,1,0,3,1,1,6,5,1,80,7,OF1
Daulton Varsho,662139,183.34,2025-09-01,3,1,0,3,3,0,6,5,1,80,11,OF1
Lars Nootbaar,663457,186.05,2025-04-21,6,1,0,1,6,0,6,6,1,80,7,OF1
Roman Anthony,701350,198.72,2025-07-07,6,2,0,1,3,1,8,4,1,80,12,OF1
Giancarlo Stanton,519317,238.16,2025-09-22,3,1,0,3,3,0,3,10,0,80,5,OF1
Jake Meyers,676694,239.95,2025-04-28,5,1,1,2,3,0,3,8,0,80,11,OF1
Addison Barger,680718,NA,2025-06-30,4,2,0,2,2,0,4,9,1,80,8,OF1
Corbin Carroll,682998,6.36,2025-08-11,5,1,0,2,4,0,5,4,2,79,5,OF1
Julio Rodriguez,677594,14.08,2025-08-04,5,0,0,3,1,1,6,6,1,79,7,OF1
Jarren Duran,680776,15.71,2025-07-28,1,4,0,2,2,0,4,5,2,79,4,OF1
Marcell Ozuna,542303,25.41,2025-08-04,2,0,0,4,3,0,4,8,0,79,7,OF1
Teoscar Hernandez,606192,29.24,2025-04-21,3,2,0,3,0,0,6,8,0,79,8,OF1
Michael Harris II,671739,42.59,2025-08-04,3,3,0,3,0,0,4,5,1,79,7,OF1
Colton Cowser,681297,70.73,2025-06-16,1,2,0,3,0,2,4,8,1,79,9,OF1
Steven Kwan,680757,82.5,2025-09-15,7,2,0,1,2,0,4,7,2,79,5,OF1
George Springer,543807,107.02,2025-09-22,5,1,0,2,4,0,5,4,2,79,6,OF1
Kyle Stowers,669065,NA,2025-07-21,2,3,0,2,4,1,4,4,1,79,7,OF1
Trent Grisham,663757,NA,2025-09-15,3,0,0,3,4,0,6,8,0,79,5,OF1
Shohei Ohtani,660271,1.11,2025-09-08,5,1,0,1,7,0,8,3,1,78,7,OF1
Aaron Judge,592450,2.1,2025-05-26,3,1,0,3,5,0,6,3,0,78,8,OF1
Aaron Judge,592450,2.1,2025-08-11,2,1,0,2,8,0,4,5,1,78,6,OF1
Wyatt Langford,694671,24.34,2025-04-21,6,3,0,2,2,0,3,3,1,78,9,OF1
Ian Happ,664023,38.05,2025-08-25,2,4,0,2,2,0,4,7,0,78,12,OF1
Bryan Reynolds,668804,42.05,2025-05-26,7,2,1,1,3,0,2,7,0,78,8,OF1
Adolis Garcia,666969,49.79,2025-06-09,3,4,0,1,3,0,5,6,1,78,4,OF1
Dylan Crews,686611,71.02,2025-04-14,5,1,0,2,1,0,7,4,3,78,6,OF1
Tyler O'Neill,641933,104.59,2025-07-21,3,1,0,3,3,0,6,6,0,78,8,OF1
Austin Hays,669720,212.98,2025-04-21,3,2,0,2,3,0,7,5,1,78,9,OF1
Sal Frelick,686217,236.71,2025-08-11,5,1,0,1,5,0,9,5,1,78,6,OF1
Pavin Smith,656976,239.18,2025-04-14,4,2,0,2,6,0,3,3,1,78,6,OF1
Aaron Judge,592450,2.1,2025-07-07,1,3,0,2,4,0,5,7,0,77,13,OF2
Juan Soto,665742,3.25,2025-06-09,2,2,0,2,5,0,5,5,1,77,5,OF1
Corbin Carroll,682998,6.36,2025-08-18,3,2,2,0,4,0,5,1,4,77,8,OF1
Corbin Carroll,682998,6.36,2025-09-01,3,2,0,1,4,0,6,3,4,77,12,OF1
Julio Rodriguez,677594,14.08,2025-06-23,7,2,0,1,0,2,5,7,1,77,9,OF1
Randy Arozarena,668227,53.57,2025-07-28,5,1,0,2,2,0,4,3,4,77,5,OF1
Seiya Suzuki,673548,54.65,2025-04-28,1,1,1,3,2,0,6,6,0,77,12,OF1
Spencer Steer,668715,80.57,2025-09-15,2,0,0,4,1,0,4,10,0,77,7,OF1
George Springer,543807,107.02,2025-05-05,3,1,0,2,4,0,8,5,1,77,8,OF1
Andy Pages,681624,228.33,2025-05-26,6,1,0,2,3,0,4,8,0,77,10,OF1
Mickey Moniak,666160,NA,2025-04-14,3,0,2,2,1,1,6,7,0,77,8,OF1
Trent Grisham,663757,NA,2025-07-28,1,0,0,3,6,0,6,5,1,77,5,OF1
Shohei Ohtani,660271,1.11,2025-06-09,4,1,1,2,4,0,7,2,0,76,6,OF1
Aaron Judge,592450,2.1,2025-03-31,3,1,0,2,2,1,6,6,2,76,10,OF1
Aaron Judge,592450,2.1,2025-04-14,10,1,0,1,4,0,4,5,0,76,9,OF1
Aaron Judge,592450,2.1,2025-04-21,7,2,1,1,3,0,4,2,1,76,11,OF1
Juan Soto,665742,3.25,2025-08-11,3,0,0,2,7,0,5,4,2,76,8,OF1
Juan Soto,665742,3.25,2025-09-08,4,1,0,2,2,0,5,5,3,76,8,OF1
Ian Happ,664023,38.05,2025-06-16,1,0,0,4,3,0,5,7,0,76,10,OF1
Riley Greene,682985,44.7,2025-08-18,1,0,0,3,6,1,6,5,0,76,9,OF1
Ceddanne Rafaela,678882,156.21,2025-06-02,3,1,0,3,3,0,4,5,1,76,6,OF1
Wilyer Abreu,677800,217.36,2025-06-30,2,0,0,3,2,0,6,9,1,76,9,OF1
Gavin Sheets,657757,239.88,2025-08-25,7,3,0,1,3,0,5,4,0,76,13,OF2
Shohei Ohtani,660271,1.11,2025-06-23,1,0,1,3,4,0,6,5,0,75,10,OF1
Shohei Ohtani,660271,1.11,2025-08-11,2,0,1,2,7,0,7,3,0,75,9,OF1
Aaron Judge,592450,2.1,2025-06-23,1,1,0,3,4,0,6,6,0,75,10,OF1
Juan Soto,665742,3.25,2025-04-14,4,1,0,2,3,0,4,8,1,75,10,OF1
Kyle Schwarber,656941,12.34,2025-04-07,3,0,1,2,6,0,4,4,1,75,6,OF1
Kyle Schwarber,656941,12.34,2025-06-09,2,0,0,2,7,0,6,6,1,75,7,OF1
Julio Rodriguez,677594,14.08,2025-07-21,5,0,0,4,0,0,4,4,1,75,9,OF1
Jarren Duran,680776,15.71,2025-06-02,4,4,1,0,3,2,5,3,0,75,7,OF1
Jarren Duran,680776,15.71,2025-07-07,3,2,0,2,4,0,3,6,1,75,14,OF2
Taylor Ward,621493,83.15,2025-08-11,3,1,0,2,6,0,8,3,0,75,9,OF1
TJ Friedl,670770,168.11,2025-06-09,3,0,0,3,6,0,6,3,0,75,7,OF1
Brendan Donovan,680977,177.69,2025-04-14,6,3,0,1,0,1,6,3,2,75,10,OF1
Jo Adell,666176,198.16,2025-06-23,8,0,0,2,3,0,6,5,0,75,10,OF1
Jo Adell,666176,198.16,2025-08-04,2,0,0,4,1,0,4,9,0,75,10,OF1
Roman Anthony,701350,198.72,2025-08-25,7,0,0,3,2,0,5,4,0,75,14,OF2
Brandon Marsh,669016,230.99,2025-09-01,6,3,0,1,3,0,6,4,0,75,13,OF2
Kyle Tucker,663656,7.8,2025-06-16,3,3,0,2,3,0,6,3,0,74,11,OF1
Jackson Chourio,694192,13.9,2025-06-30,4,2,0,2,1,1,5,5,1,74,10,OF1
Ian Happ,664023,38.05,2025-09-01,5,0,0,2,5,0,7,3,1,74,14,OF2
Cody Bellinger,641355,47.51,2025-06-30,5,2,0,2,1,0,5,5,1,74,10,OF1
George Springer,543807,107.02,2025-06-23,8,0,0,1,2,0,5,8,2,74,13,OF2
Matt Wallner,670242,122.55,2025-08-25,2,0,0,3,1,1,4,6,3,74,15,OF2
Kerry Carpenter,681481,130.48,2025-08-04,2,2,0,3,0,0,4,9,0,74,11,OF1
Byron Buxton,621439,140.84,2025-06-23,4,1,0,2,2,0,7,4,2,74,13,OF2
Andy Pages,681624,228.33,2025-05-05,8,2,1,0,0,0,5,6,2,74,9,OF1
Shohei Ohtani,660271,1.11,2025-06-16,3,1,1,1,4,2,3,8,0,73,12,OF1
Kyle Schwarber,656941,12.34,2025-07-07,1,1,0,3,2,2,3,6,1,73,15,OF2
Brent Rooker,667670,20.89,2025-05-05,5,2,0,1,1,1,7,4,2,73,10,OF1
Brent Rooker,667670,20.89,2025-06-09,3,3,0,2,4,0,3,4,0,73,9,OF1
James Wood,695578,32.36,2025-09-22,2,1,0,4,1,0,4,5,0,73,7,OF1
Randy Arozarena,668227,53.57,2025-06-09,3,1,0,1,6,2,4,2,3,73,9,OF1
George Springer,543807,107.02,2025-09-08,4,2,0,2,3,0,7,3,0,73,9,OF1
Jesus Sanchez,660821,210.78,2025-06-02,4,3,0,1,1,0,4,9,1,73,8,OF1
Sal Frelick,686217,236.71,2025-04-14,5,1,1,1,4,0,4,1,3,73,12,OF1
Gavin Sheets,657757,239.88,2025-05-19,3,0,0,4,0,0,4,8,0,73,9,OF1
Mickey Moniak,666160,NA,2025-06-30,3,2,1,2,0,0,3,5,2,73,12,OF1
Ramon Laureano,657656,NA,2025-07-21,3,1,0,3,1,1,4,7,0,73,10,OF1
Juan Soto,665742,3.25,2025-04-28,4,2,0,2,4,0,6,2,0,72,13,OF2
Juan Soto,665742,3.25,2025-05-05,1,1,0,3,5,0,4,5,0,72,11,OF1
Kyle Schwarber,656941,12.34,2025-06-16,5,0,0,2,4,1,6,3,1,72,13,OF2
Kyle Schwarber,656941,12.34,2025-08-18,3,1,0,2,5,0,4,7,0,72,10,OF1
Jarren Duran,680776,15.71,2025-06-30,2,3,1,1,2,0,6,6,0,72,13,OF2
Wyatt Langford,694671,24.34,2025-05-12,3,0,0,3,1,0,5,6,2,72,11,OF1
Bryan Reynolds,668804,42.05,2025-08-25,2,3,0,1,5,1,5,5,0,72,16,OF2
Brandon Nimmo,607043,51.96,2025-06-02,4,2,0,1,3,1,4,5,2,72,9,OF1
Jurickson Profar,595777,69.27,2025-08-11,5,1,0,1,5,0,3,6,2,72,11,OF1
Alec Burleson,676475,219.26,2025-09-15,6,3,0,1,2,2,4,3,0,72,8,OF1
Wenceel Perez,672761,238.7,2025-09-01,5,3,0,1,3,0,4,6,0,72,15,OF2
Hunter Goodman,696100,239.98,2025-05-05,4,3,1,1,0,0,5,7,0,72,11,OF1
Miguel Vargas,678246,NA,2025-08-18,4,3,0,0,6,0,8,4,0,72,10,OF1
Kyle Tucker,663656,7.8,2025-04-28,5,0,0,2,4,0,5,5,1,71,14,OF2
Kyle Schwarber,656941,12.34,2025-04-14,5,0,0,1,8,0,5,4,1,71,13,OF2
Julio Rodriguez,677594,14.08,2025-03-31,3,0,1,2,3,1,6,3,1,71,11,OF1
Julio Rodriguez,677594,14.08,2025-05-19,3,1,0,2,2,0,5,8,1,71,10,OF1
Julio Rodriguez,677594,14.08,2025-08-11,3,3,1,1,1,1,4,4,1,71,12,OF1
Jackson Merrill,701538,22.38,2025-05-05,8,2,0,1,0,1,5,6,0,71,13,OF2
Marcell Ozuna,542303,25.41,2025-07-28,2,0,0,2,7,0,6,6,0,71,7,OF1
Lawrence Butler,671732,38.6,2025-07-07,3,0,0,2,6,0,4,4,2,71,16,OF2
Randy Arozarena,668227,53.57,2025-04-07,2,1,0,1,5,2,2,6,3,71,7,OF1
Cedric Mullins,656775,133.6,2025-07-28,2,4,0,1,2,1,5,4,1,71,7,OF1
Andrew Benintendi,643217,238.69,2025-05-26,5,1,1,1,3,1,3,7,0,71,11,OF1
Wenceel Perez,672761,238.7,2025-07-28,5,2,1,1,0,0,7,2,2,71,7,OF1
Jake Meyers,676694,239.95,2025-06-16,11,1,0,0,1,1,5,4,2,71,14,OF2
Blake Perkins,663368,NA,2025-07-28,2,2,0,2,3,0,8,4,0,71,7,OF1
Trent Grisham,663757,NA,2025-08-18,2,0,0,4,3,0,4,4,0,71,12,OF1
Ramon Laureano,657656,NA,2025-08-25,2,1,0,3,0,1,5,8,0,71,17,OF2
Juan Soto,665742,3.25,2025-06-16,4,0,0,3,4,0,3,5,0,70,15,OF2
Kyle Tucker,663656,7.8,2025-08-18,1,1,0,3,3,0,4,7,0,70,13,OF2
Brent Rooker,667670,20.89,2025-04-14,6,1,0,2,2,0,6,4,0,70,14,OF2
Steven Kwan,680757,82.5,2025-04-14,5,1,0,2,3,0,2,6,1,70,14,OF2
Andy Pages,681624,228.33,2025-09-15,5,4,0,1,1,0,5,2,1,70,9,OF1
Max Kepler,596146,234.12,2025-06-09,2,2,0,2,4,0,6,4,0,70,11,OF1
Hunter Goodman,696100,239.98,2025-06-16,2,1,0,3,2,0,3,8,0,70,15,OF2
Mickey Moniak,666160,NA,2025-09-15,3,1,0,3,1,0,5,6,0,70,9,OF1
Aaron Judge,592450,2.1,2025-05-12,5,2,0,1,6,0,5,2,0,69,12,OF1
Jackson Chourio,694192,13.9,2025-06-09,5,0,2,2,0,0,4,5,0,69,12,OF1
Jackson Chourio,694192,13.9,2025-06-16,2,4,0,0,3,0,7,4,2,69,17,OF2
Jarren Duran,680776,15.71,2025-08-25,4,1,0,2,3,0,3,6,1,69,18,OF2
Jackson Merrill,701538,22.38,2025-07-28,5,0,2,1,2,0,2,9,0,69,11,OF1
Mike Trout,545361,36.46,2025-09-22,1,0,0,4,2,0,5,5,0,69,8,OF1
Nick Castellanos,592206,65.98,2025-06-16,4,4,0,1,1,0,5,5,0,69,17,OF2
George Springer,543807,107.02,2025-09-15,7,3,0,1,2,0,2,5,0,69,11,OF1
Daulton Varsho,662139,183.34,2025-05-12,1,2,0,3,0,0,6,6,0,69,12,OF1
Jordan Beck,687597,234.82,2025-05-12,1,1,1,2,4,0,5,3,1,69,12,OF1
Sal Frelick,686217,236.71,2025-08-18,8,3,0,0,5,0,3,3,0,69,14,OF2
Trevor Larnach,663616,237.16,2025-05-12,3,2,1,1,3,1,6,3,0,69,12,OF1
Tyler Freeman,671289,239.42,2025-06-16,8,1,0,0,2,3,4,2,3,69,17,OF2
Tyrone Taylor,621438,NA,2025-04-28,7,2,0,1,0,2,5,3,1,69,15,OF2
Kyle Stowers,669065,NA,2025-04-07,5,3,1,0,2,0,5,6,0,69,8,OF1
Juan Soto,665742,3.25,2025-07-07,3,0,0,2,5,0,5,5,1,68,17,OF2
Kyle Schwarber,656941,12.34,2025-08-04,2,0,0,3,4,0,3,7,0,68,12,OF1
Kyle Schwarber,656941,12.34,2025-08-11,1,2,0,2,3,0,5,7,0,68,13,OF2
Ian Happ,664023,38.05,2025-09-08,4,2,0,2,4,0,3,3,0,68,10,OF1
Heliot Ramos,671218,108.52,2025-05-26,7,0,1,1,2,1,4,2,2,68,12,OF1
JJ Bleday,668709,111.18,2025-04-28,2,2,0,2,4,0,7,2,0,68,16,OF2
Byron Buxton,621439,140.84,2025-09-01,0,2,3,1,1,1,4,4,0,68,16,OF2
Brendan Donovan,680977,177.69,2025-03-31,4,2,0,2,2,0,3,6,0,68,12,OF1
Evan Carter,694497,197.41,2025-07-07,2,3,1,0,2,0,6,7,1,68,17,OF2
Jo Adell,666176,198.16,2025-06-30,4,2,0,1,4,0,2,9,0,68,14,OF2
Masataka Yoshida,807799,238.11,2025-09-22,5,2,0,2,1,0,5,4,0,68,9,OF1
Mike Yastrzemski,573262,238.77,2025-03-31,5,0,0,1,7,0,3,4,2,68,12,OF1
Mike Yastrzemski,573262,238.77,2025-08-25,2,3,0,2,2,0,5,4,0,68,19,OF2
Gavin Sheets,657757,239.88,2025-05-05,5,3,0,1,1,0,4,7,0,68,14,OF2
Corbin Carroll,682998,6.36,2025-06-02,2,1,0,2,4,1,5,5,0,67,10,OF1
Kyle Schwarber,656941,12.34,2025-06-30,1,2,0,2,4,0,4,6,0,67,15,OF2
Jarren Duran,680776,15.71,2025-05-12,5,1,1,1,2,0,3,6,1,67,16,OF2
Jarren Duran,680776,15.71,2025-07-21,2,1,2,1,2,1,5,5,0,67,11,OF1
Marcell Ozuna,542303,25.41,2025-04-07,6,1,0,2,3,0,4,3,0,67,9,OF1
Teoscar Hernandez,606192,29.24,2025-06-09,2,0,0,3,3,0,4,7,0,67,13,OF2
Cody Bellinger,641355,47.51,2025-06-02,5,2,0,1,2,0,5,3,2,67,10,OF1
Cody Bellinger,641355,47.51,2025-06-23,6,3,0,1,1,0,3,4,1,67,15,OF2
Heliot Ramos,671218,108.52,2025-06-16,3,1,0,2,2,2,3,7,0,67,20,OF2
Heliot Ramos,671218,108.52,2025-08-25,7,1,0,1,2,2,6,3,0,67,20,OF2
Heliot Ramos,671218,108.52,2025-09-22,4,0,0,3,1,0,4,7,0,67,10,OF1
Byron Buxton,621439,140.84,2025-09-22,1,0,0,4,0,0,5,7,0,67,10,OF1
Andrew McCutchen,457705,235.95,2025-04-21,6,1,0,2,3,0,3,4,0,67,12,OF1
Andrew Benintendi,643217,238.69,2025-07-21,4,1,0,2,3,0,5,5,0,67,11,OF1
Jacob Young,696285,239.49,2025-06-23,5,2,0,0,2,0,4,5,4,67,15,OF2
Kyle Isbel,664728,NA,2025-07-28,3,4,0,0,2,0,5,5,2,67,12,OF1
Corbin Carroll,682998,6.36,2025-05-05,3,0,1,2,5,0,5,2,0,66,15,OF2
Corbin Carroll,682998,6.36,2025-07-28,3,1,1,1,5,0,4,3,1,66,13,OF2
Kyle Schwarber,656941,12.34,2025-07-28,1,2,0,2,4,1,2,4,1,66,13,OF2
Jackson Merrill,701538,22.38,2025-09-15,3,3,0,2,1,0,6,2,0,66,12,OF1
Wyatt Langford,694671,24.34,2025-06-09,6,0,0,2,3,1,4,4,0,66,14,OF2
Wyatt Langford,694671,24.34,2025-08-25,4,1,0,1,5,1,7,3,0,66,21,OF2
Brenton Doyle,686668,56.73,2025-05-19,3,3,1,0,5,0,2,2,2,66,11,OF1
Heliot Ramos,671218,108.52,2025-03-31,5,2,0,1,1,0,4,5,2,66,14,OF2
Matt Wallner,670242,122.55,2025-07-28,3,0,1,2,5,0,3,4,0,66,13,OF2
Kerry Carpenter,681481,130.48,2025-06-02,2,2,0,3,0,0,4,5,0,66,12,OF1
Josh Lowe,666139,138.27,2025-08-25,2,2,1,2,0,0,6,4,0,66,21,OF2
Byron Buxton,621439,140.84,2025-04-14,6,1,1,1,0,0,5,3,2,66,16,OF2
TJ Friedl,670770,168.11,2025-05-26,8,1,0,1,4,0,4,1,1,66,13,OF2
Sal Frelick,686217,236.71,2025-07-07,4,1,0,1,2,2,6,3,2,66,19,OF2
Hunter Goodman,696100,239.98,2025-08-11,1,1,0,3,2,1,4,5,0,66,14,OF2
Miguel Vargas,678246,NA,2025-06-09,2,3,1,1,2,0,5,2,1,66,14,OF2
Colby Thomas,687515,NA,2025-08-11,4,1,0,2,0,0,5,7,1,66,14,OF2
Addison Barger,680718,NA,2025-05-05,4,3,0,1,2,0,4,6,0,66,15,OF2
Jake Mangum,663968,NA,2025-03-31,8,2,0,0,0,0,3,4,4,66,14,OF2
Shohei Ohtani,660271,1.11,2025-07-07,3,0,0,2,6,0,5,4,0,65,20,OF2
Corbin Carroll,682998,6.36,2025-06-09,1,0,2,2,2,0,6,4,0,65,16,OF2
Kyle Tucker,663656,7.8,2025-06-09,4,1,0,1,5,0,4,3,2,65,16,OF2
Jackson Chourio,694192,13.9,2025-04-21,6,3,0,1,0,1,4,4,0,65,13,OF2
Jarren Duran,680776,15.71,2025-04-28,4,1,1,1,1,0,4,5,2,65,17,OF2
Brent Rooker,667670,20.89,2025-06-02,6,2,0,0,5,0,4,6,0,65,13,OF2
James Wood,695578,32.36,2025-06-30,7,0,0,1,3,1,6,3,1,65,16,OF2
James Wood,695578,32.36,2025-09-08,3,5,0,0,4,0,5,2,0,65,11,OF1
Lawrence Butler,671732,38.6,2025-03-31,6,2,0,1,3,0,4,2,1,65,16,OF2
Riley Greene,682985,44.7,2025-06-23,6,1,0,2,0,1,5,4,0,65,17,OF2
Riley Greene,682985,44.7,2025-08-25,6,2,0,1,1,0,3,6,1,65,23,OF2
Randy Arozarena,668227,53.57,2025-08-25,2,3,0,2,0,1,4,5,0,65,23,OF2
Seiya Suzuki,673548,54.65,2025-06-23,5,0,1,2,2,0,3,5,0,65,17,OF2
Christian Yelich,592885,58.87,2025-08-18,5,1,0,1,6,0,6,2,0,65,15,OF2
Jasson Dominguez,691176,70.56,2025-03-31,3,3,0,1,1,1,6,3,1,65,16,OF2
Jung Hoo Lee,808982,132.35,2025-07-28,5,3,0,0,3,1,4,2,2,65,16,OF2
Cedric Mullins,656775,133.6,2025-03-31,2,2,0,1,4,1,4,5,1,65,16,OF2
Byron Buxton,621439,140.84,2025-03-31,3,2,0,1,1,1,7,3,2,65,16,OF2
Jesus Sanchez,660821,210.78,2025-05-19,2,1,1,1,5,0,3,5,1,65,12,OF1
Austin Hays,669720,212.98,2025-05-19,6,1,2,0,0,1,4,7,0,65,12,OF1
Sal Frelick,686217,236.71,2025-05-19,6,0,1,1,3,0,3,5,1,65,12,OF1
Tyler Freeman,671289,239.42,2025-06-30,6,4,0,0,1,0,2,2,3,65,16,OF2
Harrison Bader,664056,239.99,2025-09-01,3,3,0,1,2,0,6,5,0,65,17,OF2
Dylan Carlson,666185,NA,2025-08-11,4,0,1,2,3,0,4,4,0,65,16,OF2
Kyle Schwarber,656941,12.34,2025-03-31,1,1,0,2,4,1,6,4,0,64,20,OF2
Julio Rodriguez,677594,14.08,2025-08-25,9,0,0,1,1,0,5,5,1,64,25,OF3
Wyatt Langford,694671,24.34,2025-08-11,2,1,0,2,3,1,3,5,1,64,17,OF2
Mike Trout,545361,36.46,2025-07-21,2,1,0,2,5,1,4,3,0,64,13,OF2
Lawrence Butler,671732,38.6,2025-05-26,6,1,0,1,4,0,5,2,1,64,14,OF2
Seiya Suzuki,673548,54.65,2025-05-12,0,3,0,2,2,0,3,7,0,64,17,OF2
Christian Yelich,592885,58.87,2025-06-23,4,1,0,2,2,0,4,6,0,64,19,OF2
Christian Yelich,592885,58.87,2025-07-07,3,0,0,2,3,2,4,4,1,64,21,OF2
Nick Castellanos,592206,65.98,2025-04-14,6,1,0,1,4,0,4,5,0,64,17,OF2
Colton Cowser,681297,70.73,2025-08-18,3,1,0,2,3,0,3,5,1,64,16,OF2
Taylor Ward,621493,83.15,2025-06-30,8,0,1,0,6,0,3,2,1,64,18,OF2
Taylor Ward,621493,83.15,2025-07-14,0,3,0,2,2,0,2,8,0,64,1,OF1
Heliot Ramos,671218,108.52,2025-05-12,7,1,0,1,3,0,4,5,0,64,17,OF2
Kerry Carpenter,681481,130.48,2025-03-31,2,1,0,3,0,0,4,7,0,64,20,OF2
Jung Hoo Lee,808982,132.35,2025-03-31,3,5,0,0,1,0,6,1,2,64,20,OF2
Cedric Mullins,656775,133.6,2025-08-18,6,1,1,0,3,1,2,2,3,64,16,OF2
Joc Pederson,592626,151.33,2025-08-25,2,2,0,2,0,0,5,8,0,64,25,OF3
TJ Friedl,670770,168.11,2025-09-22,5,2,0,1,5,0,3,3,0,64,12,OF1
Lars Nootbaar,663457,186.05,2025-03-31,7,1,0,1,3,0,7,2,0,64,20,OF2
Jo Adell,666176,198.16,2025-06-16,1,1,0,3,3,0,4,4,0,64,21,OF2
Roman Anthony,701350,198.72,2025-07-28,7,2,0,0,4,1,5,3,0,64,17,OF2
Wilyer Abreu,677800,217.36,2025-08-04,5,1,0,1,5,0,4,5,0,64,13,OF2
Jordan Beck,687597,234.82,2025-06-16,2,2,0,2,2,0,4,4,1,64,21,OF2
Sal Frelick,686217,236.71,2025-03-31,7,1,1,0,3,0,4,2,2,64,20,OF2
Sal Frelick,686217,236.71,2025-06-09,6,2,0,0,2,0,5,5,2,64,18,OF2
Hunter Goodman,696100,239.98,2025-04-21,4,2,0,1,3,1,6,3,0,64,14,OF2
Miguel Vargas,678246,NA,2025-09-22,6,0,0,1,4,0,7,3,1,64,12,OF1
Drew Waters,671221,NA,2025-04-21,3,2,2,1,0,1,3,4,0,64,14,OF2
Shohei Ohtani,660271,1.11,2025-09-22,1,1,1,2,2,0,5,3,1,63,14,OF2
Juan Soto,665742,3.25,2025-06-30,5,1,0,1,4,0,4,4,1,63,19,OF2
Kyle Tucker,663656,7.8,2025-08-25,6,3,0,0,4,1,5,1,0,63,27,OF3
Kyle Schwarber,656941,12.34,2025-05-26,3,4,0,1,2,0,3,4,0,63,15,OF2
Jackson Chourio,694192,13.9,2025-07-07,6,1,0,1,1,0,6,7,0,63,22,OF2
Jackson Chourio,694192,13.9,2025-09-08,6,2,0,1,3,0,3,4,0,63,12,OF1
Teoscar Hernandez,606192,29.24,2025-05-19,1,3,0,1,1,1,4,7,1,63,15,OF2
Mike Trout,545361,36.46,2025-04-07,2,0,0,3,3,0,3,6,0,63,10,OF1
Randy Arozarena,668227,53.57,2025-09-08,6,1,0,1,3,0,4,4,1,63,12,OF1
Christian Yelich,592885,58.87,2025-05-19,5,0,0,2,2,0,5,4,1,63,15,OF2
Josh Lowe,666139,138.27,2025-06-16,2,1,0,1,5,0,7,4,1,63,23,OF2
TJ Friedl,670770,168.11,2025-05-19,8,2,1,0,1,0,6,2,0,63,15,OF2
Jo Adell,666176,198.16,2025-08-18,5,0,0,3,1,1,3,3,0,63,18,OF2
Wilyer Abreu,677800,217.36,2025-04-28,5,0,0,2,4,0,4,4,0,63,18,OF2
Tyler Freeman,671289,239.42,2025-07-28,5,2,0,0,3,1,5,5,1,63,18,OF2
Hunter Goodman,696100,239.98,2025-07-28,1,1,0,3,2,0,4,5,0,63,18,OF2
Austin Martin,668885,NA,2025-09-15,6,2,0,0,0,1,3,4,4,63,13,OF2
Kyle Schwarber,656941,12.34,2025-06-23,4,1,0,1,5,1,2,2,2,62,20,OF2
Kyle Schwarber,656941,12.34,2025-09-22,1,1,0,3,3,0,4,3,0,62,15,OF2
Jarren Duran,680776,15.71,2025-08-04,5,1,0,1,3,0,6,5,0,62,14,OF2
Brent Rooker,667670,20.89,2025-03-31,3,0,0,3,1,0,5,5,0,62,25,OF3
Brent Rooker,667670,20.89,2025-05-26,5,3,0,1,1,0,3,5,0,62,16,OF2
James Wood,695578,32.36,2025-04-21,4,3,0,1,4,0,3,2,0,62,16,OF2
James Wood,695578,32.36,2025-06-09,7,1,0,1,3,0,4,4,0,62,19,OF2
Ian Happ,664023,38.05,2025-04-14,7,1,0,1,3,0,4,4,0,62,18,OF2
Bryan Reynolds,668804,42.05,2025-08-04,4,2,1,1,2,0,3,4,0,62,14,OF2
Riley Greene,682985,44.7,2025-06-09,2,3,0,1,4,0,3,5,0,62,19,OF2
Cody Bellinger,641355,47.51,2025-09-15,4,0,0,1,3,1,6,4,2,62,14,OF2
Brandon Nimmo,607043,51.96,2025-06-16,4,2,0,2,2,0,2,2,1,62,24,OF2
Brandon Nimmo,607043,51.96,2025-07-21,3,2,0,1,1,2,3,6,1,62,14,OF2
Randy Arozarena,668227,53.57,2025-09-01,5,0,0,0,4,3,4,3,3,62,18,OF2
Brenton Doyle,686668,56.73,2025-03-31,6,2,0,1,2,0,4,4,0,62,25,OF3
Brenton Doyle,686668,56.73,2025-04-07,3,1,0,2,1,0,3,7,1,62,11,OF1
Christian Yelich,592885,58.87,2025-04-14,5,1,0,1,3,0,4,5,1,62,18,OF2
Christian Yelich,592885,58.87,2025-08-25,5,2,0,1,3,0,4,4,0,62,28,OF3
Spencer Steer,668715,80.57,2025-08-04,4,1,0,2,0,0,4,8,0,62,14,OF2
Lane Thomas,657041,93.37,2025-06-23,2,1,0,2,4,0,3,4,1,62,20,OF2
Kerry Carpenter,681481,130.48,2025-07-28,1,2,1,2,1,0,4,4,0,62,20,OF2
Byron Buxton,621439,140.84,2025-08-11,4,1,0,2,2,0,5,2,1,62,18,OF2
TJ Friedl,670770,168.11,2025-07-21,5,0,0,1,6,1,5,3,0,62,14,OF2
Wilyer Abreu,677800,217.36,2025-03-31,5,1,0,1,3,0,5,6,0,62,25,OF3
Wilyer Abreu,677800,217.36,2025-05-05,3,1,0,3,1,0,3,4,0,62,17,OF2
Alec Burleson,676475,219.26,2025-07-07,4,3,0,0,4,0,3,5,1,62,23,OF2
Andy Pages,681624,228.33,2025-05-12,3,0,0,3,1,0,3,7,0,62,19,OF2
Andrew McCutchen,457705,235.95,2025-06-09,4,2,0,2,0,0,4,5,0,62,19,OF2
Trevor Larnach,663616,237.16,2025-06-02,5,0,0,2,3,0,5,4,0,62,14,OF2
Tommy Pham,502054,238.55,2025-07-21,5,3,1,0,3,0,3,3,0,62,14,OF2
Tyler Freeman,671289,239.42,2025-08-11,7,0,1,1,1,0,3,3,2,62,18,OF2
Dominic Canzone,686527,239.73,2025-09-15,4,0,0,3,0,0,5,5,0,62,14,OF2
Gavin Sheets,657757,239.88,2025-06-23,4,3,0,1,2,0,4,4,0,62,20,OF2
Jake Meyers,676694,239.95,2025-06-30,4,2,1,0,3,1,8,1,0,62,20,OF2
Hunter Goodman,696100,239.98,2025-05-12,5,3,0,1,1,0,3,5,0,62,19,OF2
Davis Schneider,676914,239.99,2025-06-30,4,1,0,2,1,1,5,4,0,62,20,OF2
Chris Taylor,621035,NA,2025-06-02,1,3,0,1,1,2,6,3,1,62,14,OF2
Alex Call,669743,NA,2025-04-07,3,1,1,0,7,0,5,4,0,62,11,OF1
Ramon Laureano,657656,NA,2025-07-07,5,2,0,1,1,0,2,7,1,62,23,OF2
Kyle Tucker,663656,7.8,2025-03-24,2,1,0,2,3,0,2,6,1,61,3,OF1
Kyle Tucker,663656,7.8,2025-04-14,3,0,2,1,2,0,3,5,1,61,20,OF2
Marcell Ozuna,542303,25.41,2025-04-21,5,1,0,1,8,0,1,2,0,61,17,OF2
Ian Happ,664023,38.05,2025-04-28,8,2,0,0,3,0,6,2,0,61,19,OF2
Riley Greene,682985,44.7,2025-06-30,0,0,0,3,3,0,3,8,0,61,22,OF2
Brandon Nimmo,607043,51.96,2025-08-11,5,2,0,1,2,0,5,4,0,61,20,OF2
Jurickson Profar,595777,69.27,2025-07-07,3,4,0,1,0,0,4,5,0,61,25,OF3
Jasson Dominguez,691176,70.56,2025-07-28,8,1,0,0,3,0,4,1,3,61,21,OF2
Spencer Steer,668715,80.57,2025-06-16,3,2,1,1,0,0,4,3,2,61,25,OF3
Byron Buxton,621439,140.84,2025-06-09,4,2,0,1,2,1,2,3,2,61,22,OF2
TJ Friedl,670770,168.11,2025-04-14,7,1,1,0,4,0,1,4,1,61,20,OF2
TJ Friedl,670770,168.11,2025-07-07,3,1,0,1,4,2,5,2,1,61,25,OF3
Daulton Varsho,662139,183.34,2025-08-11,2,1,0,2,3,0,6,4,0,61,20,OF2
Roman Anthony,701350,198.72,2025-08-18,6,1,0,1,3,0,5,4,0,61,19,OF2
Austin Hays,669720,212.98,2025-06-30,1,2,1,2,0,0,4,5,0,61,22,OF2
Sal Frelick,686217,236.71,2025-06-23,7,0,0,1,3,1,3,4,1,61,23,OF2
Giancarlo Stanton,519317,238.16,2025-07-07,2,0,0,3,0,1,4,7,0,61,25,OF3
Pavin Smith,656976,239.18,2025-06-23,4,1,0,2,1,0,3,7,0,61,23,OF2
Gavin Sheets,657757,239.88,2025-08-18,2,3,0,2,0,1,3,4,0,61,19,OF2
Mickey Moniak,666160,NA,2025-09-08,5,0,0,2,0,0,2,5,3,61,14,OF2
Addison Barger,680718,NA,2025-08-04,6,0,0,2,1,0,4,6,0,61,17,OF2
Shohei Ohtani,660271,1.11,2025-08-18,2,1,0,2,4,0,4,4,0,60,21,OF2
Aaron Judge,592450,2.1,2025-04-07,7,1,0,0,6,1,3,3,0,60,13,OF2
Juan Soto,665742,3.25,2025-05-26,1,1,0,2,4,1,4,4,0,60,17,OF2
Kyle Tucker,663656,7.8,2025-04-07,5,3,0,0,3,0,6,3,0,60,13,OF2
Jarren Duran,680776,15.71,2025-09-08,1,3,1,1,0,1,4,3,1,60,15,OF2
James Wood,695578,32.36,2025-05-19,3,2,0,1,3,0,4,6,0,60,18,OF2
Mike Trout,545361,36.46,2025-09-08,6,0,0,1,4,0,6,4,0,60,15,OF2
Lawrence Butler,671732,38.6,2025-06-30,5,1,1,0,3,0,5,4,1,60,24,OF2
Brandon Nimmo,607043,51.96,2025-04-07,1,2,0,2,3,0,4,4,0,60,13,OF2
Jurickson Profar,595777,69.27,2025-07-21,3,2,0,0,6,1,3,2,2,60,17,OF2
Dylan Crews,686611,71.02,2025-04-21,5,0,1,2,0,1,5,2,0,60,18,OF2
Steven Kwan,680757,82.5,2025-04-21,7,3,0,0,1,0,4,1,2,60,18,OF2
Taylor Ward,621493,83.15,2025-05-05,2,1,0,2,2,0,4,7,0,60,18,OF2
Taylor Ward,621493,83.15,2025-09-15,5,0,0,3,0,1,3,3,0,60,16,OF2
Kerry Carpenter,681481,130.48,2025-06-23,2,0,1,3,0,0,3,5,0,60,25,OF3
Kerry Carpenter,681481,130.48,2025-09-08,3,0,1,2,1,0,4,6,0,60,15,OF2
Jung Hoo Lee,808982,132.35,2025-06-09,1,0,3,0,5,0,7,2,0,60,23,OF2
Josh Lowe,666139,138.27,2025-05-26,7,0,0,1,3,0,6,2,1,60,17,OF2
Josh Lowe,666139,138.27,2025-07-28,4,0,1,1,2,0,3,3,3,60,22,OF2
TJ Friedl,670770,168.11,2025-03-31,8,0,0,1,2,0,5,3,1,60,28,OF3
Lars Nootbaar,663457,186.05,2025-04-14,2,2,0,1,6,0,2,5,0,60,22,OF2
Andy Pages,681624,228.33,2025-07-21,3,1,0,2,2,1,3,5,0,60,17,OF2
Brandon Marsh,669016,230.99,2025-08-04,2,3,0,2,0,0,4,4,0,60,18,OF2
Trevor Larnach,663616,237.16,2025-06-23,3,1,0,2,3,0,4,4,0,60,25,OF3
Tommy Pham,502054,238.55,2025-06-23,5,0,0,2,1,0,4,7,0,60,25,OF3
Tommy Pham,502054,238.55,2025-08-18,3,2,0,1,2,1,4,4,1,60,21,OF2
Wenceel Perez,672761,238.7,2025-06-16,2,0,1,2,2,0,4,6,0,60,26,OF3
Mike Yastrzemski,573262,238.77,2025-08-18,4,1,0,2,2,0,5,3,0,60,21,OF2
Davis Schneider,676914,239.99,2025-08-04,3,2,0,2,1,0,2,6,0,60,18,OF2
Harrison Bader,664056,239.99,2025-08-25,5,2,1,1,1,0,4,2,0,60,29,OF3
Mickey Moniak,666160,NA,2025-08-25,2,3,2,0,0,0,2,6,1,60,29,OF3
Trent Grisham,663757,NA,2025-05-05,0,0,1,2,4,0,5,5,0,60,18,OF2
Jake Mangum,663968,NA,2025-06-09,8,1,0,0,3,1,4,5,0,60,23,OF2
Jake Mangum,663968,NA,2025-09-01,8,2,0,0,1,1,2,1,3,60,19,OF2
Ramon Laureano,657656,NA,2025-09-01,6,2,0,1,2,0,3,2,1,60,19,OF2
Austin Martin,668885,NA,2025-09-08,5,3,0,0,5,0,6,0,0,60,15,OF2
Juan Soto,665742,3.25,2025-07-21,2,1,0,1,5,0,2,5,2,59,19,OF2
Corbin Carroll,682998,6.36,2025-07-07,2,2,1,1,1,0,5,3,1,59,28,OF3
Jarren Duran,680776,15.71,2025-09-15,7,0,0,1,4,0,4,2,1,59,17,OF2
Brent Rooker,667670,20.89,2025-08-11,3,2,0,1,3,1,6,2,0,59,22,OF2
Brent Rooker,667670,20.89,2025-08-25,3,3,0,1,2,0,3,5,0,59,31,OF3
Brent Rooker,667670,20.89,2025-09-08,3,2,0,2,2,0,3,3,0,59,19,OF2
Mike Trout,545361,36.46,2025-06-23,3,0,0,1,8,0,5,3,0,59,28,OF3
Mike Trout,545361,36.46,2025-06-30,3,1,0,1,7,1,4,1,0,59,25,OF3
Lawrence Butler,671732,38.6,2025-04-14,5,1,0,1,2,0,5,2,2,59,23,OF2
Bryan Reynolds,668804,42.05,2025-04-14,8,0,0,1,2,1,4,4,0,59,23,OF2
Bryan Reynolds,668804,42.05,2025-09-01,4,1,0,1,5,0,6,2,0,59,21,OF2
Cody Bellinger,641355,47.51,2025-07-21,1,2,1,2,2,0,3,2,0,59,19,OF2
Randy Arozarena,668227,53.57,2025-06-23,7,1,0,0,3,1,6,2,1,59,28,OF3
Seiya Suzuki,673548,54.65,2025-06-16,0,1,0,3,1,0,4,6,0,59,27,OF3
Nick Castellanos,592206,65.98,2025-07-21,3,1,0,2,0,0,5,5,1,59,19,OF2
Jurickson Profar,595777,69.27,2025-09-15,4,1,0,1,4,1,5,3,0,59,17,OF2
Spencer Steer,668715,80.57,2025-04-21,6,0,0,1,2,1,5,4,1,59,20,OF2
Taylor Ward,621493,83.15,2025-08-04,4,1,0,1,5,0,3,5,0,59,20,OF2
Heliot Ramos,671218,108.52,2025-06-02,6,1,0,1,3,0,4,4,0,59,16,OF2
Josh Lowe,666139,138.27,2025-06-23,7,2,0,1,0,0,4,2,1,59,28,OF3
Andy Pages,681624,228.33,2025-08-25,5,1,0,2,0,0,3,6,0,59,31,OF3
Brandon Marsh,669016,230.99,2025-09-08,2,2,1,1,1,0,5,5,0,59,19,OF2
Max Kepler,596146,234.12,2025-04-28,1,1,0,3,0,0,5,5,0,59,20,OF2
Sal Frelick,686217,236.71,2025-09-15,0,2,0,2,3,0,4,5,0,59,17,OF2
Tommy Pham,502054,238.55,2025-07-07,3,2,0,2,2,0,3,3,0,59,28,OF3
Gavin Sheets,657757,239.88,2025-06-09,6,2,0,1,3,0,3,2,0,59,25,OF3
Starling Marte,516782,239.99,2025-08-18,3,1,0,2,2,0,2,3,2,59,24,OF2
Miguel Andujar,609280,NA,2025-08-04,3,2,0,1,3,1,5,3,0,59,20,OF2
Miguel Andujar,609280,NA,2025-08-11,6,0,0,2,1,0,3,6,0,59,22,OF2
Mickey Moniak,666160,NA,2025-07-21,5,0,0,2,2,0,5,4,0,59,19,OF2
Jarren Duran,680776,15.71,2025-08-11,2,2,0,0,5,3,3,1,2,58,24,OF2
Brent Rooker,667670,20.89,2025-04-28,4,0,0,2,3,1,4,3,0,58,21,OF2
James Wood,695578,32.36,2025-08-04,1,4,0,1,0,1,3,6,0,58,22,OF2
Bryan Reynolds,668804,42.05,2025-08-11,3,2,0,2,1,0,2,5,0,58,24,OF2
Cody Bellinger,641355,47.51,2025-04-28,2,1,0,2,4,0,2,5,0,58,21,OF2
Randy Arozarena,668227,53.57,2025-06-16,2,5,0,0,1,1,5,3,0,58,28,OF3
Randy Arozarena,668227,53.57,2025-09-22,6,2,0,0,2,0,2,3,3,58,16,OF2
Brenton Doyle,686668,56.73,2025-06-09,4,1,1,0,4,0,5,3,1,58,26,OF3
Colton Cowser,681297,70.73,2025-07-28,2,2,0,1,4,0,5,4,0,58,23,OF2
Dylan Crews,686611,71.02,2025-09-08,3,1,0,2,1,0,4,6,0,58,21,OF2
Dylan Crews,686611,71.02,2025-09-15,7,1,0,0,3,0,4,1,3,58,20,OF2
Steven Kwan,680757,82.5,2025-05-05,5,2,0,0,5,0,5,1,1,58,20,OF2
George Springer,543807,107.02,2025-03-31,4,1,1,1,2,0,3,3,1,58,29,OF3
Byron Buxton,621439,140.84,2025-04-21,1,0,1,2,1,0,5,5,1,58,21,OF2
Jo Adell,666176,198.16,2025-06-09,4,0,0,2,0,2,3,5,1,58,26,OF3
Jesus Sanchez,660821,210.78,2025-05-26,7,0,0,2,1,0,5,2,0,58,19,OF2
Jordan Walker,691023,219.58,2025-03-31,7,0,0,1,3,0,3,2,2,58,29,OF3
Parker Meadows,678009,227.67,2025-09-08,7,1,0,1,1,0,5,4,0,58,21,OF2
Brandon Marsh,669016,230.99,2025-07-28,4,2,0,2,0,0,4,3,0,58,23,OF2
Max Kepler,596146,234.12,2025-04-21,6,1,0,1,4,0,4,2,0,58,21,OF2
Andrew McCutchen,457705,235.95,2025-08-18,1,2,0,1,5,0,3,6,0,58,25,OF3
Trevor Larnach,663616,237.16,2025-05-26,6,2,0,1,0,0,2,5,1,58,19,OF2
Wenceel Perez,672761,238.7,2025-06-02,2,2,0,2,1,1,4,3,0,58,17,OF2
Alek Thomas,677950,239.91,2025-07-28,6,0,0,2,2,0,4,3,0,58,23,OF2
Hunter Goodman,696100,239.98,2025-06-09,4,2,1,1,0,0,5,3,0,58,26,OF3
Trent Grisham,663757,NA,2025-06-16,3,1,0,2,3,0,4,3,0,58,28,OF3
Jake Mangum,663968,NA,2025-06-16,7,3,0,0,1,0,3,5,0,58,28,OF3
Shohei Ohtani,660271,1.11,2025-04-07,5,0,1,1,2,0,3,2,2,57,16,OF2
Shohei Ohtani,660271,1.11,2025-04-14,3,0,0,2,2,0,6,3,1,57,25,OF3
Shohei Ohtani,660271,1.11,2025-04-21,3,3,1,0,2,0,5,1,1,57,23,OF2
Shohei Ohtani,660271,1.11,2025-07-28,4,2,0,0,5,0,3,2,2,57,26,OF3
Kyle Tucker,663656,7.8,2025-04-21,3,0,0,1,4,0,3,2,4,57,23,OF2
Kyle Tucker,663656,7.8,2025-05-26,5,1,0,0,4,2,3,2,2,57,21,OF2
Julio Rodriguez,677594,14.08,2025-05-26,7,0,0,1,1,1,3,3,2,57,21,OF2
Brent Rooker,667670,20.89,2025-04-21,2,3,0,1,3,0,4,3,0,57,23,OF2
Jackson Merrill,701538,22.38,2025-05-26,2,3,0,1,3,0,3,4,0,57,21,OF2
Wyatt Langford,694671,24.34,2025-03-31,1,0,0,2,3,1,3,4,2,57,31,OF3
Mike Trout,545361,36.46,2025-06-16,6,0,0,1,6,1,3,1,0,57,31,OF3
Riley Greene,682985,44.7,2025-07-07,3,0,1,2,0,0,3,7,0,57,30,OF3
Cody Bellinger,641355,47.51,2025-08-18,6,0,0,2,1,0,3,3,1,57,26,OF3
Adolis Garcia,666969,49.79,2025-03-24,0,2,0,2,2,1,2,4,1,57,4,OF1
Adolis Garcia,666969,49.79,2025-06-16,3,2,0,1,4,0,4,3,0,57,31,OF3
Randy Arozarena,668227,53.57,2025-08-04,5,0,0,1,2,2,6,2,1,57,23,OF2
Brenton Doyle,686668,56.73,2025-08-11,3,2,0,1,2,0,4,4,1,57,26,OF3
Christian Yelich,592885,58.87,2025-04-07,1,1,0,2,2,0,4,5,1,57,16,OF2
Steven Kwan,680757,82.5,2025-08-11,6,1,0,1,1,0,5,1,2,57,26,OF3
Jorge Soler,624585,93.81,2025-04-07,4,1,0,2,2,1,2,3,0,57,16,OF2
Cedric Mullins,656775,133.6,2025-03-24,3,0,0,2,1,1,3,6,1,57,4,OF1
Josh Lowe,666139,138.27,2025-09-01,4,1,0,1,2,1,4,4,1,57,22,OF2
Byron Buxton,621439,140.84,2025-04-28,9,0,0,1,2,0,2,3,1,57,23,OF2
Ceddanne Rafaela,678882,156.21,2025-04-21,4,1,0,1,1,0,4,5,2,57,23,OF2
Brendan Donovan,680977,177.69,2025-05-12,7,3,0,0,1,1,4,2,0,57,21,OF2
Lars Nootbaar,663457,186.05,2025-05-05,3,2,0,1,4,0,3,4,0,57,21,OF2
Austin Hays,669720,212.98,2025-09-01,3,1,0,2,0,0,4,7,0,57,22,OF2
Jordan Beck,687597,234.82,2025-09-01,5,2,0,1,0,0,2,6,1,57,22,OF2
Andrew McCutchen,457705,235.95,2025-07-28,3,0,0,2,2,0,4,7,0,57,26,OF3
Trevor Larnach,663616,237.16,2025-05-05,3,2,0,2,0,0,4,4,0,57,21,OF2
Tyler Freeman,671289,239.42,2025-06-02,5,3,1,0,2,0,4,1,0,57,18,OF2
Harrison Bader,664056,239.99,2025-04-28,7,2,0,0,2,0,5,2,1,57,23,OF2
Will Benson,666181,239.99,2025-09-08,0,0,1,3,1,0,3,5,0,57,23,OF2
Kyle Stowers,669065,NA,2025-07-28,2,1,0,2,1,0,3,8,0,57,26,OF3
Trent Grisham,663757,NA,2025-09-01,3,0,0,2,2,0,4,7,0,57,22,OF2
Angel Martinez,682657,NA,2025-07-21,5,2,0,0,4,2,5,1,0,57,23,OF2
Jake Mangum,663968,NA,2025-04-14,8,1,0,0,3,0,3,2,2,57,25,OF3
Dylan Carlson,666185,NA,2025-05-26,4,2,0,1,1,0,3,5,1,57,21,OF2
Shohei Ohtani,660271,1.11,2025-06-02,6,1,0,1,3,1,3,2,0,56,19,OF2
Aaron Judge,592450,2.1,2025-06-09,1,0,0,3,1,0,3,5,1,56,29,OF3
Kyle Tucker,663656,7.8,2025-05-12,2,1,2,0,4,0,3,1,2,56,22,OF2
Marcell Ozuna,542303,25.41,2025-03-31,2,1,0,1,6,0,5,3,0,56,32,OF3
Marcell Ozuna,542303,25.41,2025-08-11,3,1,0,1,4,1,4,4,0,56,28,OF3
Riley Greene,682985,44.7,2025-08-11,1,3,0,1,5,0,2,3,0,56,28,OF3
Riley Greene,682985,44.7,2025-09-08,1,2,0,2,1,0,4,5,0,56,24,OF2
Adolis Garcia,666969,49.79,2025-06-30,6,1,0,1,0,0,2,7,1,56,26,OF3
Dylan Crews,686611,71.02,2025-05-12,4,0,0,1,3,1,2,5,2,56,22,OF2
Steven Kwan,680757,82.5,2025-04-07,6,0,0,1,1,1,4,5,1,56,19,OF2
Heliot Ramos,671218,108.52,2025-04-14,5,3,0,0,3,0,7,0,0,56,27,OF3
Kerry Carpenter,681481,130.48,2025-08-11,4,1,0,1,2,2,5,3,0,56,28,OF3
Nolan Jones,666134,157.02,2025-07-07,5,1,1,0,5,0,3,1,1,56,31,OF3
Brendan Donovan,680977,177.69,2025-07-21,4,2,0,1,2,0,3,5,0,56,24,OF2
Roman Anthony,701350,198.72,2025-06-16,1,1,0,1,6,1,4,2,1,56,33,OF3
Andy Pages,681624,228.33,2025-08-04,4,3,0,0,2,0,3,3,2,56,24,OF2
Jordan Beck,687597,234.82,2025-05-05,5,1,1,1,0,1,5,2,0,56,23,OF2
Mike Yastrzemski,573262,238.77,2025-04-14,1,3,0,1,2,1,3,5,0,56,27,OF3
Griffin Conine,665052,239.92,2025-04-07,5,2,0,0,5,0,3,4,0,56,19,OF2
Jake Meyers,676694,239.95,2025-05-19,7,1,0,1,1,0,4,2,1,56,19,OF2
Dane Myers,667472,240,2025-06-09,8,1,0,1,0,0,3,3,1,56,29,OF3
Miguel Vargas,678246,NA,2025-04-28,6,0,0,1,4,0,4,4,0,56,25,OF3
Miguel Vargas,678246,NA,2025-06-16,3,2,1,0,2,1,4,3,1,56,33,OF3
Tyrone Taylor,621438,NA,2025-08-25,3,3,0,0,2,1,5,5,0,56,33,OF3
Addison Barger,680718,NA,2025-07-28,2,1,0,2,1,1,4,5,0,56,29,OF3
Trent Grisham,663757,NA,2025-04-14,2,0,0,3,2,0,3,4,0,56,27,OF3
Alex Call,669743,NA,2025-08-18,4,2,0,1,2,0,5,3,0,56,27,OF3
Ramon Laureano,657656,NA,2025-05-05,0,2,0,2,2,0,5,2,1,56,23,OF2
Austin Martin,668885,NA,2025-08-25,5,1,0,0,5,0,4,0,3,56,33,OF3
Aaron Judge,592450,2.1,2025-06-16,4,1,0,1,7,0,2,1,0,55,35,OF3
Jackson Chourio,694192,13.9,2025-05-19,7,1,0,0,4,0,4,2,1,55,20,OF2
Teoscar Hernandez,606192,29.24,2025-08-04,1,3,0,2,0,0,2,5,0,55,25,OF3
James Wood,695578,32.36,2025-04-14,3,0,0,2,1,1,4,6,0,55,30,OF3
Lawrence Butler,671732,38.6,2025-09-08,5,0,0,1,2,0,3,3,3,55,25,OF3
Cody Bellinger,641355,47.51,2025-09-01,3,1,0,1,4,0,4,5,0,55,26,OF3
Jasson Dominguez,691176,70.56,2025-04-21,2,2,0,1,3,0,4,3,1,55,27,OF3
Taylor Ward,621493,83.15,2025-06-16,2,2,0,1,3,0,4,5,0,55,35,OF3
Taylor Ward,621493,83.15,2025-07-21,4,1,0,1,5,0,2,4,0,55,25,OF3
George Springer,543807,107.02,2025-06-02,0,2,0,2,3,0,3,4,0,55,20,OF2
JJ Bleday,668709,111.18,2025-08-04,6,1,0,1,1,0,3,6,0,55,25,OF3
Matt Wallner,670242,122.55,2025-08-04,1,1,0,2,3,1,5,2,0,55,25,OF3
Kerry Carpenter,681481,130.48,2025-04-14,9,1,0,1,0,0,4,2,0,55,30,OF3
Byron Buxton,621439,140.84,2025-06-02,3,1,0,0,6,0,1,8,1,55,20,OF2
Michael Conforto,624424,163,2025-03-31,1,1,0,2,3,1,4,3,0,55,33,OF3
TJ Friedl,670770,168.11,2025-09-01,3,2,0,1,4,0,3,3,0,55,26,OF3
Jo Adell,666176,198.16,2025-05-26,4,2,0,1,2,1,2,4,0,55,25,OF3
Roman Anthony,701350,198.72,2025-06-30,6,2,0,0,2,1,4,4,0,55,27,OF3
Alec Burleson,676475,219.26,2025-06-23,1,2,0,2,0,0,3,7,0,55,31,OF3
Alec Burleson,676475,219.26,2025-08-11,6,0,1,1,1,0,2,4,1,55,31,OF3
Andrew McCutchen,457705,235.95,2025-05-26,3,1,0,2,2,0,3,4,0,55,25,OF3
Tommy Pham,502054,238.55,2025-08-25,3,1,0,1,4,0,2,7,0,55,35,OF3
Andrew Benintendi,643217,238.69,2025-06-16,3,0,1,2,0,0,3,6,0,55,35,OF3
Alek Thomas,677950,239.91,2025-06-09,5,1,0,1,2,0,6,1,1,55,31,OF3
Joey Loperfido,694388,239.98,2025-07-28,8,1,0,1,1,0,4,2,0,55,30,OF3
Addison Barger,680718,NA,2025-06-16,2,3,0,1,3,0,4,2,0,55,35,OF3
Yordan Alvarez,670541,9.59,2025-04-07,5,1,0,0,7,0,2,2,1,54,21,OF2
Julio Rodriguez,677594,14.08,2025-07-28,2,2,0,2,0,0,2,4,1,54,31,OF3
Brent Rooker,667670,20.89,2025-06-23,2,1,0,2,2,0,5,3,0,54,32,OF3
Brent Rooker,667670,20.89,2025-07-28,3,0,0,2,1,0,3,6,1,54,31,OF3
Ian Happ,664023,38.05,2025-09-15,4,1,0,1,3,1,2,5,0,54,21,OF2
Adolis Garcia,666969,49.79,2025-05-05,4,1,0,1,2,0,3,5,1,54,25,OF3
Adolis Garcia,666969,49.79,2025-07-28,3,1,0,2,1,0,4,4,0,54,31,OF3
Brandon Nimmo,607043,51.96,2025-05-26,6,1,0,1,2,0,5,2,0,54,27,OF3
Brenton Doyle,686668,56.73,2025-08-04,5,0,0,2,1,0,2,4,1,54,28,OF3
Christian Yelich,592885,58.87,2025-05-05,3,0,0,2,1,0,4,3,2,54,25,OF3
Steven Kwan,680757,82.5,2025-06-16,6,3,0,0,2,0,3,1,1,54,39,OF4
Taylor Ward,621493,83.15,2025-06-02,1,1,0,2,1,0,4,7,0,54,22,OF2
Jorge Soler,624585,93.81,2025-03-31,4,0,0,2,0,2,4,4,0,54,34,OF3
Cedric Mullins,656775,133.6,2025-05-12,1,2,0,2,1,0,2,6,0,54,24,OF2
Byron Buxton,621439,140.84,2025-09-15,2,3,0,0,4,0,5,0,2,54,21,OF2
Ceddanne Rafaela,678882,156.21,2025-09-22,4,3,1,0,2,0,2,1,1,54,17,OF2
TJ Friedl,670770,168.11,2025-04-21,5,3,0,0,1,0,3,2,2,54,28,OF3
Brendan Donovan,680977,177.69,2025-06-23,3,0,0,2,3,0,4,4,0,54,32,OF3
Lars Nootbaar,663457,186.05,2025-05-26,4,2,0,1,2,0,4,3,0,54,27,OF3
Evan Carter,694497,197.41,2025-06-23,7,1,0,0,3,0,4,1,2,54,32,OF3
Austin Hays,669720,212.98,2025-08-25,2,1,0,2,2,0,3,5,0,54,36,OF3
Parker Meadows,678009,227.67,2025-06-02,3,1,1,0,5,0,4,0,2,54,22,OF2
Wenceel Perez,672761,238.7,2025-08-18,4,0,0,2,1,1,3,3,1,54,28,OF3
Harrison Bader,664056,239.99,2025-05-05,3,1,0,1,3,0,3,3,2,54,25,OF3
Addison Barger,680718,NA,2025-09-08,0,3,0,1,3,1,2,5,0,54,26,OF3
Mike Tauchman,643565,NA,2025-07-21,4,1,0,2,0,0,4,4,0,54,26,OF3
Trent Grisham,663757,NA,2025-05-12,3,0,0,2,5,0,3,2,0,54,24,OF2
Kyle Schwarber,656941,12.34,2025-07-14,1,1,0,2,2,0,4,5,0,53,2,OF1
Jarren Duran,680776,15.71,2025-04-14,4,1,0,1,2,1,3,3,1,53,32,OF3
Jackson Merrill,701538,22.38,2025-09-22,3,2,0,1,2,0,3,5,0,53,18,OF2
James Wood,695578,32.36,2025-08-11,5,2,0,0,2,0,5,3,1,53,32,OF3
Bryan Reynolds,668804,42.05,2025-07-21,4,3,0,0,0,1,5,5,0,53,27,OF3
Riley Greene,682985,44.7,2025-05-19,3,1,0,1,4,0,4,4,0,53,21,OF2
Cody Bellinger,641355,47.51,2025-07-28,4,0,1,1,1,0,3,7,0,53,34,OF3
Seiya Suzuki,673548,54.65,2025-04-07,7,0,1,0,2,0,3,4,1,53,22,OF2
Nick Castellanos,592206,65.98,2025-03-31,3,1,0,2,0,0,4,5,0,53,35,OF3
Nick Castellanos,592206,65.98,2025-06-09,3,1,1,1,2,0,3,4,0,53,32,OF3
Spencer Steer,668715,80.57,2025-04-28,5,1,0,1,2,0,3,3,1,53,26,OF3
Spencer Steer,668715,80.57,2025-08-11,2,1,0,1,5,0,3,5,0,53,32,OF3
Joc Pederson,592626,151.33,2025-05-05,2,2,0,1,5,0,2,3,0,53,28,OF3
Joc Pederson,592626,151.33,2025-08-04,1,1,0,2,4,0,3,3,0,53,29,OF3
Brendan Donovan,680977,177.69,2025-07-07,6,0,0,1,3,0,4,4,0,53,32,OF3
Lars Nootbaar,663457,186.05,2025-04-28,0,3,0,1,3,0,5,1,1,53,26,OF3
Victor Robles,645302,198.36,2025-03-31,7,2,0,0,0,0,2,2,3,53,35,OF3
Austin Hays,669720,212.98,2025-08-18,6,1,1,0,1,0,1,4,2,53,29,OF3
Andy Pages,681624,228.33,2025-04-28,5,0,0,1,2,0,4,3,2,53,26,OF3
Sal Frelick,686217,236.71,2025-05-26,9,1,0,0,0,0,3,3,2,53,29,OF3
Giancarlo Stanton,519317,238.16,2025-08-11,4,1,0,2,1,0,2,4,0,53,32,OF3
Tommy Pham,502054,238.55,2025-07-28,5,1,0,1,2,0,5,3,0,53,34,OF3
Mike Yastrzemski,573262,238.77,2025-04-28,5,1,0,1,2,0,4,4,0,53,26,OF3
Mike Yastrzemski,573262,238.77,2025-06-09,5,2,0,0,4,0,3,4,0,53,32,OF3
Gavin Sheets,657757,239.88,2025-09-08,1,5,0,0,3,1,1,3,0,53,27,OF3
Jake Meyers,676694,239.95,2025-06-02,6,2,0,0,3,0,3,0,2,53,24,OF2
Miguel Vargas,678246,NA,2025-07-21,6,0,0,1,3,0,5,3,0,53,27,OF3
Addison Barger,680718,NA,2025-07-21,3,2,1,0,2,0,3,6,0,53,27,OF3
Mike Tauchman,643565,NA,2025-06-02,1,1,0,1,6,0,4,4,0,53,24,OF2
Aaron Judge,592450,2.1,2025-09-01,5,0,0,0,7,0,4,0,2,52,28,OF3
Corbin Carroll,682998,6.36,2025-09-08,3,0,0,0,7,0,3,2,3,52,28,OF3
Yordan Alvarez,670541,9.59,2025-08-25,3,0,0,1,7,0,3,3,0,52,37,OF4
Jackson Chourio,694192,13.9,2025-05-05,5,1,0,1,1,0,2,1,3,52,29,OF3
Julio Rodriguez,677594,14.08,2025-06-09,7,3,0,0,0,1,2,1,1,52,34,OF3
Julio Rodriguez,677594,14.08,2025-09-15,4,1,0,1,2,0,4,3,1,52,23,OF2
Brent Rooker,667670,20.89,2025-06-30,3,2,0,1,3,0,2,4,0,52,28,OF3
Mike Trout,545361,36.46,2025-06-02,5,0,0,1,5,0,3,3,0,52,26,OF3
Ian Happ,664023,38.05,2025-04-21,4,3,0,0,4,0,3,2,0,52,29,OF3
Brandon Nimmo,607043,51.96,2025-03-31,3,1,0,2,1,0,2,5,0,52,37,OF4
Brandon Nimmo,607043,51.96,2025-09-22,7,0,0,1,1,0,3,4,1,52,19,OF2
Nick Castellanos,592206,65.98,2025-05-19,5,1,0,0,3,0,5,4,1,52,22,OF2
Spencer Steer,668715,80.57,2025-07-28,1,0,1,1,5,0,3,5,0,52,36,OF3
Jorge Soler,624585,93.81,2025-04-28,1,1,0,2,3,0,3,4,0,52,30,OF3
Jorge Soler,624585,93.81,2025-05-19,3,2,0,1,1,0,4,5,0,52,22,OF2
George Springer,543807,107.02,2025-04-28,1,1,0,1,7,0,3,1,1,52,30,OF3
Heliot Ramos,671218,108.52,2025-07-28,6,1,0,0,4,0,5,1,1,52,36,OF3
Cedric Mullins,656775,133.6,2025-06-30,2,1,0,1,4,0,3,2,2,52,28,OF3
Byron Buxton,621439,140.84,2025-04-07,0,1,0,2,1,1,5,3,1,52,23,OF2
Roman Anthony,701350,198.72,2025-07-21,1,3,1,0,4,1,2,2,0,52,30,OF3
Jordan Walker,691023,219.58,2025-07-21,5,3,0,0,3,0,3,2,0,52,30,OF3
Max Kepler,596146,234.12,2025-09-01,2,1,0,1,4,0,4,3,1,52,28,OF3
Giancarlo Stanton,519317,238.16,2025-07-21,2,0,0,3,0,0,4,4,0,52,30,OF3
Leody Taveras,665750,238.9,2025-05-19,4,1,0,2,0,0,2,3,1,52,22,OF2
Dominic Canzone,686527,239.73,2025-06-09,3,1,0,1,3,0,3,4,1,52,34,OF3
Hunter Goodman,696100,239.98,2025-03-31,1,1,0,2,1,2,3,4,0,52,37,OF4
Harrison Bader,664056,239.99,2025-06-30,1,0,0,3,1,0,3,5,0,52,28,OF3
Johan Rojas,679032,239.99,2025-04-14,5,2,0,0,1,0,5,2,2,52,33,OF3
Miguel Vargas,678246,NA,2025-05-26,1,3,0,1,3,0,3,3,0,52,30,OF3
Luis Matos,682641,NA,2025-08-25,6,1,0,1,0,0,5,4,0,52,37,OF4
Ramon Laureano,657656,NA,2025-08-04,5,1,1,0,3,0,1,6,0,52,30,OF3
Shohei Ohtani,660271,1.11,2025-05-19,1,1,0,2,2,0,4,2,1,51,25,OF3
Juan Soto,665742,3.25,2025-09-22,3,0,0,1,4,0,3,1,3,51,20,OF2
Kyle Tucker,663656,7.8,2025-07-28,5,1,0,0,6,0,3,3,0,51,38,OF4
Julio Rodriguez,677594,14.08,2025-04-21,4,1,0,1,3,0,2,5,0,51,30,OF3
Marcell Ozuna,542303,25.41,2025-05-26,6,0,0,1,5,0,3,1,0,51,31,OF3
Lawrence Butler,671732,38.6,2025-09-01,6,0,0,1,3,0,4,3,0,51,30,OF3
Michael Harris II,671739,42.59,2025-07-28,8,1,1,0,1,0,4,1,0,51,38,OF4
Riley Greene,682985,44.7,2025-05-26,3,3,0,1,0,0,1,6,0,51,31,OF3
Randy Arozarena,668227,53.57,2025-05-12,4,1,0,1,1,2,4,1,1,51,26,OF3
Randy Arozarena,668227,53.57,2025-07-21,1,1,0,2,1,1,3,3,1,51,33,OF3
Christian Yelich,592885,58.87,2025-09-15,4,2,0,1,1,0,3,4,0,51,24,OF2
George Springer,543807,107.02,2025-04-07,5,1,0,1,2,0,2,5,0,51,24,OF2
Matt Wallner,670242,122.55,2025-03-31,4,2,1,0,3,0,4,1,0,51,39,OF4
Jung Hoo Lee,808982,132.35,2025-04-21,6,1,1,0,3,0,3,2,0,51,30,OF3
TJ Friedl,670770,168.11,2025-06-02,2,1,0,1,4,1,4,3,0,51,27,OF3
TJ Friedl,670770,168.11,2025-08-04,7,1,0,0,3,1,1,3,1,51,31,OF3
Lars Nootbaar,663457,186.05,2025-08-18,6,2,0,0,3,0,3,3,0,51,30,OF3
Wilyer Abreu,677800,217.36,2025-08-11,3,2,0,1,2,0,2,5,0,51,35,OF3
Jordan Walker,691023,219.58,2025-08-04,7,0,0,1,0,0,3,3,2,51,31,OF3
Hunter Goodman,696100,239.98,2025-04-14,5,0,0,1,4,0,4,3,0,51,34,OF3
Harrison Bader,664056,239.99,2025-09-15,4,1,0,1,3,0,4,1,1,51,24,OF2
Kameron Misner,670224,NA,2025-04-14,3,0,0,2,2,0,4,4,0,51,34,OF3
Kyle Stowers,669065,NA,2025-06-30,3,0,0,3,0,0,3,3,0,51,31,OF3
Addison Barger,680718,NA,2025-07-07,1,1,0,2,0,0,4,5,1,51,33,OF3
Trent Grisham,663757,NA,2025-09-22,2,0,0,1,7,0,5,2,0,51,20,OF2
Alex Call,669743,NA,2025-06-02,4,0,0,2,1,2,3,2,0,51,27,OF3
Ramon Laureano,657656,NA,2025-06-30,3,4,0,0,1,1,4,2,0,51,31,OF3
Juan Soto,665742,3.25,2025-03-31,3,2,0,0,3,0,7,1,1,50,40,OF4
Juan Soto,665742,3.25,2025-05-12,3,0,0,0,7,0,3,1,3,50,27,OF3
Jackson Chourio,694192,13.9,2025-09-22,2,1,0,1,2,0,4,1,3,50,22,OF2
Julio Rodriguez,677594,14.08,2025-09-22,2,0,0,1,5,1,3,1,2,50,22,OF2
Jarren Duran,680776,15.71,2025-04-07,4,2,0,0,4,0,2,1,2,50,25,OF3
Wyatt Langford,694671,24.34,2025-05-26,1,0,0,2,3,0,3,4,1,50,33,OF3
Teoscar Hernandez,606192,29.24,2025-07-21,3,0,0,2,3,0,2,4,0,50,34,OF3
Anthony Santander,623993,32.63,2025-04-14,3,2,0,1,1,0,3,5,0,50,36,OF3
Mike Trout,545361,36.46,2025-08-04,4,1,0,1,2,0,5,3,0,50,33,OF3
Bryan Reynolds,668804,42.05,2025-05-19,4,2,0,0,3,1,2,5,0,50,26,OF3
Bryan Reynolds,668804,42.05,2025-09-15,3,1,0,1,4,1,3,2,0,50,26,OF3
Cody Bellinger,641355,47.51,2025-05-05,6,0,0,1,2,0,4,2,1,50,30,OF3
Randy Arozarena,668227,53.57,2025-03-31,0,3,0,1,4,0,2,3,0,50,40,OF4
Randy Arozarena,668227,53.57,2025-08-18,1,2,0,1,2,1,5,3,0,50,31,OF3
Brenton Doyle,686668,56.73,2025-07-28,5,1,0,1,1,0,5,3,0,50,40,OF4
Colton Cowser,681297,70.73,2025-06-23,3,3,0,0,2,1,4,3,0,50,35,OF3
Spencer Steer,668715,80.57,2025-06-30,1,2,0,1,2,1,3,5,0,50,33,OF3
Taylor Ward,621493,83.15,2025-07-28,3,0,0,2,1,0,2,5,1,50,40,OF4
Tyler O'Neill,641933,104.59,2025-03-31,3,3,1,0,1,0,3,3,0,50,40,OF4
Brendan Donovan,680977,177.69,2025-04-07,7,2,0,0,1,0,3,2,1,50,25,OF3
Brendan Donovan,680977,177.69,2025-04-28,6,0,0,0,5,1,4,3,0,50,32,OF3
Lars Nootbaar,663457,186.05,2025-06-16,3,1,0,1,4,1,2,3,0,50,40,OF4
Jesus Sanchez,660821,210.78,2025-06-30,5,1,2,0,1,0,2,1,1,50,33,OF3
Jesus Sanchez,660821,210.78,2025-08-04,2,4,0,0,1,1,6,1,0,50,33,OF3
Alec Burleson,676475,219.26,2025-07-21,3,2,0,1,2,1,3,2,0,50,34,OF3
Jordan Walker,691023,219.58,2025-09-22,1,1,0,1,3,0,3,4,2,50,22,OF2
Andy Pages,681624,228.33,2025-06-30,4,1,0,1,2,0,3,3,1,50,33,OF3
Max Kepler,596146,234.12,2025-05-19,1,3,0,1,2,1,2,3,0,50,26,OF3
Jordan Beck,687597,234.82,2025-04-28,3,3,1,0,1,0,5,1,0,50,32,OF3
Jordan Beck,687597,234.82,2025-06-02,5,3,0,0,1,0,1,4,1,50,29,OF3
Jordan Beck,687597,234.82,2025-07-14,5,0,1,1,1,0,3,2,1,50,3,OF1
Heston Kjerstad,677008,238.03,2025-04-14,2,0,0,2,1,1,3,6,0,50,36,OF3
Giancarlo Stanton,519317,238.16,2025-07-28,4,0,0,2,0,0,3,6,0,50,40,OF4
Mike Yastrzemski,573262,238.77,2025-06-16,5,1,0,1,3,0,3,2,0,50,40,OF4
Mike Yastrzemski,573262,238.77,2025-08-04,1,3,0,1,3,0,4,1,0,50,33,OF3
Alex Verdugo,657077,238.85,2025-04-21,4,3,0,0,2,0,3,4,0,50,32,OF3
Dominic Canzone,686527,239.73,2025-09-22,4,1,0,1,2,0,3,3,1,50,22,OF2
Hunter Goodman,696100,239.98,2025-04-28,8,0,0,1,0,0,2,6,0,50,32,OF3
Miguel Vargas,678246,NA,2025-04-21,6,1,0,1,2,0,3,2,0,50,32,OF3
Miguel Vargas,678246,NA,2025-07-14,0,3,0,1,2,0,5,3,0,50,3,OF1
Kyle Stowers,669065,NA,2025-06-16,1,1,1,1,3,0,5,2,0,50,40,OF4
Angel Martinez,682657,NA,2025-05-05,3,1,0,1,1,0,4,5,1,50,30,OF3
Juan Soto,665742,3.25,2025-04-07,4,1,0,0,7,0,4,1,0,49,27,OF3
Kyle Schwarber,656941,12.34,2025-03-24,3,0,0,2,1,1,3,4,0,49,6,OF1
Julio Rodriguez,677594,14.08,2025-04-07,3,1,1,0,2,0,5,3,1,49,27,OF3
Jarren Duran,680776,15.71,2025-03-31,5,0,1,0,0,0,4,7,1,49,43,OF4
Jackson Merrill,701538,22.38,2025-07-07,1,0,0,2,4,0,4,3,0,49,34,OF3
Wyatt Langford,694671,24.34,2025-05-05,2,1,0,0,5,0,4,1,3,49,32,OF3
Marcell Ozuna,542303,25.41,2025-06-09,4,0,0,1,2,1,2,7,0,49,36,OF3
Ian Happ,664023,38.05,2025-03-31,5,1,0,0,4,0,7,1,0,49,43,OF4
Ian Happ,664023,38.05,2025-06-02,4,1,0,1,3,0,2,4,0,49,30,OF3
Ian Happ,664023,38.05,2025-09-22,3,3,0,0,2,0,3,5,0,49,26,OF3
Lawrence Butler,671732,38.6,2025-08-11,2,1,0,2,1,0,3,4,0,49,36,OF3
Bryan Reynolds,668804,42.05,2025-08-18,1,4,0,0,4,0,3,2,0,49,32,OF3
Michael Harris II,671739,42.59,2025-04-21,8,1,0,0,1,0,2,4,1,49,34,OF3
Brandon Nimmo,607043,51.96,2025-05-05,3,1,0,1,3,1,2,2,1,49,32,OF3
Christian Yelich,592885,58.87,2025-03-31,2,0,0,1,4,1,3,4,1,49,43,OF4
Kerry Carpenter,681481,130.48,2025-05-12,7,1,0,0,2,0,6,0,1,49,28,OF3
Jung Hoo Lee,808982,132.35,2025-05-12,3,1,0,2,0,0,2,5,0,49,28,OF3
Josh Lowe,666139,138.27,2025-08-18,4,1,0,0,2,1,3,0,4,49,32,OF3
Ceddanne Rafaela,678882,156.21,2025-08-25,4,2,0,1,0,1,3,3,0,49,39,OF4
TJ Friedl,670770,168.11,2025-09-08,3,0,0,1,4,2,3,1,1,49,29,OF3
Brendan Donovan,680977,177.69,2025-06-02,4,2,0,0,4,1,3,2,0,49,30,OF3
Lars Nootbaar,663457,186.05,2025-08-25,4,2,1,0,3,0,4,0,0,49,39,OF4
Jake McCarthy,664983,205.86,2025-08-11,7,1,0,0,0,0,3,2,3,49,36,OF3
Jesus Sanchez,660821,210.78,2025-08-18,4,2,0,1,1,0,4,2,0,49,32,OF3
Austin Hays,669720,212.98,2025-07-14,1,0,0,2,4,0,4,3,0,49,5,OF1
Wilyer Abreu,677800,217.36,2025-04-21,2,1,0,1,3,0,2,3,2,49,34,OF3
Jordan Beck,687597,234.82,2025-05-19,7,3,0,0,0,0,3,0,1,49,28,OF3
Andrew McCutchen,457705,235.95,2025-08-25,4,2,0,0,5,0,2,3,0,49,39,OF4
Mike Yastrzemski,573262,238.77,2025-04-07,0,3,0,1,3,0,4,2,0,49,27,OF3
Pavin Smith,656976,239.18,2025-04-07,2,3,0,1,1,0,4,2,0,49,27,OF3
Gavin Sheets,657757,239.88,2025-06-16,4,2,0,0,3,0,3,5,0,49,43,OF4
Miguel Andujar,609280,NA,2025-05-19,7,2,0,0,2,0,4,1,0,49,28,OF3
Kyle Stowers,669065,NA,2025-04-21,5,0,0,1,2,0,3,4,1,49,34,OF3
Kyle Stowers,669065,NA,2025-07-14,1,1,0,2,2,0,2,5,0,49,5,OF1
Addison Barger,680718,NA,2025-06-02,2,1,0,2,1,0,3,4,0,49,30,OF3
Mike Tauchman,643565,NA,2025-08-18,7,1,0,0,2,0,5,3,0,49,32,OF3
Sam Haggerty,664059,NA,2025-05-26,3,0,1,0,2,0,5,4,2,49,34,OF3
Jake Mangum,663968,NA,2025-07-07,7,1,0,0,2,0,3,1,2,49,34,OF3
Shohei Ohtani,660271,1.11,2025-03-31,4,0,0,1,4,0,4,1,1,48,46,OF4
Aaron Judge,592450,2.1,2025-08-18,2,1,0,1,4,0,4,1,1,48,36,OF3
Corbin Carroll,682998,6.36,2025-07-14,1,1,3,0,1,0,3,1,1,48,7,OF1
Yordan Alvarez,670541,9.59,2025-04-21,3,1,0,1,3,0,2,5,0,48,37,OF4
Brent Rooker,667670,20.89,2025-09-01,2,4,0,0,1,1,1,3,1,48,31,OF3
Jackson Merrill,701538,22.38,2025-06-09,4,1,1,0,4,0,2,3,0,48,37,OF4
Jackson Merrill,701538,22.38,2025-07-21,6,2,0,0,0,0,3,6,0,48,36,OF3
Wyatt Langford,694671,24.34,2025-09-01,1,2,0,1,5,0,2,2,0,48,31,OF3
Mike Trout,545361,36.46,2025-08-11,3,0,0,0,9,0,4,2,0,48,38,OF4
Lawrence Butler,671732,38.6,2025-04-21,1,1,0,2,1,0,4,2,1,48,37,OF4
Lawrence Butler,671732,38.6,2025-09-15,2,1,0,1,2,0,4,4,1,48,27,OF3
Bryan Reynolds,668804,42.05,2025-04-28,3,1,0,1,3,0,2,3,1,48,35,OF3
Michael Harris II,671739,42.59,2025-05-05,4,2,1,0,2,0,0,5,0,48,34,OF3
Adolis Garcia,666969,49.79,2025-04-14,2,1,0,2,0,0,2,4,1,48,38,OF4
Brandon Nimmo,607043,51.96,2025-09-15,5,0,0,1,1,0,4,6,0,48,27,OF3
Nick Castellanos,592206,65.98,2025-05-05,5,1,0,1,1,0,3,4,0,48,34,OF3
Dylan Crews,686611,71.02,2025-08-18,2,2,1,0,2,0,6,2,0,48,36,OF3
Matt Wallner,670242,122.55,2025-04-07,1,2,0,1,4,1,2,2,0,48,31,OF3
Jung Hoo Lee,808982,132.35,2025-06-02,2,3,0,0,4,0,3,1,1,48,33,OF3
Josh Lowe,666139,138.27,2025-05-19,2,2,0,1,2,0,4,1,1,48,30,OF3
Ceddanne Rafaela,678882,156.21,2025-05-05,3,3,1,0,1,0,5,0,0,48,34,OF3
Ceddanne Rafaela,678882,156.21,2025-06-23,3,1,0,1,0,1,4,4,1,48,36,OF3
Nolan Jones,666134,157.02,2025-08-25,2,1,0,2,0,0,4,2,1,48,42,OF4
Michael Conforto,624424,163,2025-05-12,2,4,0,0,2,2,3,0,0,48,30,OF3
Daulton Varsho,662139,183.34,2025-04-28,1,0,0,2,3,0,3,3,1,48,35,OF3
Jo Adell,666176,198.16,2025-05-05,2,0,0,3,0,0,3,3,0,48,34,OF3
Austin Hays,669720,212.98,2025-05-12,3,2,0,1,1,0,1,4,1,48,30,OF3
Alec Burleson,676475,219.26,2025-07-28,3,0,0,1,5,0,4,3,0,48,43,OF4
Andy Pages,681624,228.33,2025-06-02,6,2,0,1,0,0,2,2,0,48,33,OF3
Max Kepler,596146,234.12,2025-08-04,1,2,0,1,1,0,4,4,1,48,36,OF3
Max Kepler,596146,234.12,2025-09-08,5,0,0,1,2,1,2,5,0,48,30,OF3
Andrew McCutchen,457705,235.95,2025-05-19,6,1,0,0,5,1,3,0,0,48,30,OF3
Giancarlo Stanton,519317,238.16,2025-06-30,2,1,0,1,4,0,2,5,0,48,36,OF3
Wenceel Perez,672761,238.7,2025-06-09,3,2,0,1,1,0,2,3,1,48,37,OF4
Wenceel Perez,672761,238.7,2025-06-23,2,2,1,0,2,0,4,4,0,48,36,OF3
Wenceel Perez,672761,238.7,2025-08-04,3,0,1,1,3,0,2,2,1,48,36,OF3
Myles Straw,664702,238.89,2025-07-28,4,1,0,1,0,0,3,5,1,48,43,OF4
Alek Thomas,677950,239.91,2025-09-08,3,1,0,1,1,0,5,3,1,48,30,OF3
Jake Meyers,676694,239.95,2025-04-07,6,0,0,0,2,0,4,2,3,48,31,OF3
Jake Meyers,676694,239.95,2025-04-14,6,2,0,0,0,0,3,2,2,48,38,OF4
Miguel Vargas,678246,NA,2025-06-02,4,0,0,1,4,0,4,3,0,48,33,OF3
Blake Perkins,663368,NA,2025-09-15,4,0,1,0,2,0,2,5,2,48,27,OF3
Mickey Moniak,666160,NA,2025-09-01,5,0,0,1,3,0,5,2,0,48,31,OF3
Julio Rodriguez,677594,14.08,2025-05-05,7,0,0,1,1,1,4,1,0,47,38,OF4
Wyatt Langford,694671,24.34,2025-09-15,2,0,0,1,5,0,1,1,3,47,30,OF3
James Wood,695578,32.36,2025-08-18,3,2,0,1,2,0,2,3,0,47,38,OF4
Ian Happ,664023,38.05,2025-06-23,4,0,0,1,3,0,3,5,0,47,38,OF4
Ian Happ,664023,38.05,2025-07-21,2,0,0,1,5,0,5,1,1,47,37,OF4
Lawrence Butler,671732,38.6,2025-08-25,5,1,0,1,2,0,3,2,0,47,43,OF4
Michael Harris II,671739,42.59,2025-08-25,5,0,0,1,1,1,1,5,1,47,43,OF4
Brandon Nimmo,607043,51.96,2025-07-07,6,1,0,0,3,0,4,1,1,47,36,OF3
Randy Arozarena,668227,53.57,2025-06-02,5,2,0,0,2,0,1,2,2,47,36,OF3
Seiya Suzuki,673548,54.65,2025-05-26,1,4,0,0,4,0,1,3,0,47,35,OF3
Seiya Suzuki,673548,54.65,2025-08-25,4,2,0,0,5,0,2,2,0,47,43,OF4
Heliot Ramos,671218,108.52,2025-04-21,7,0,0,0,3,1,4,1,1,47,39,OF4
JJ Bleday,668709,111.18,2025-04-07,3,1,0,1,2,0,3,5,0,47,33,OF3
JJ Bleday,668709,111.18,2025-04-14,3,1,0,1,2,0,4,4,0,47,40,OF4
Joc Pederson,592626,151.33,2025-08-18,3,1,0,2,0,0,2,4,0,47,38,OF4
Ceddanne Rafaela,678882,156.21,2025-06-16,1,2,0,2,0,0,3,3,0,47,44,OF4
Ceddanne Rafaela,678882,156.21,2025-09-15,6,2,0,0,1,0,5,2,0,47,30,OF3
Daulton Varsho,662139,183.34,2025-08-18,1,1,0,2,0,0,3,6,0,47,38,OF4
Evan Carter,694497,197.41,2025-08-11,3,1,0,1,1,1,3,3,1,47,39,OF4
Alec Burleson,676475,219.26,2025-06-09,6,3,0,0,1,0,3,1,0,47,39,OF4
Giancarlo Stanton,519317,238.16,2025-09-15,2,1,0,1,3,0,1,7,0,47,30,OF3
Myles Straw,664702,238.89,2025-08-11,3,0,0,2,0,0,4,5,0,47,39,OF4
Johan Rojas,679032,239.99,2025-04-28,4,0,1,1,1,0,2,3,1,47,37,OF4
Jack Suwinski,669261,NA,2025-08-04,2,1,0,1,2,1,3,3,1,47,38,OF4
Miguel Andujar,609280,NA,2025-07-28,1,2,0,2,0,0,2,4,0,47,45,OF4
Trent Grisham,663757,NA,2025-05-26,4,1,0,1,3,0,3,2,0,47,35,OF3
Trent Grisham,663757,NA,2025-08-11,7,0,0,0,4,0,6,1,0,47,39,OF4
Sam Haggerty,664059,NA,2025-06-16,5,1,1,0,4,0,3,0,0,47,44,OF4
Jake Mangum,663968,NA,2025-08-18,5,2,0,0,0,0,3,3,2,47,38,OF4
Ramon Laureano,657656,NA,2025-04-14,1,0,0,3,0,0,3,4,0,47,40,OF4
Jonatan Clase,682729,NA,2025-05-19,3,2,0,0,4,0,2,3,1,47,32,OF3
Julio Rodriguez,677594,14.08,2025-06-02,6,0,1,0,0,0,3,1,3,46,37,OF4
Julio Rodriguez,677594,14.08,2025-08-18,3,2,0,1,1,0,2,4,0,46,42,OF4
Brent Rooker,667670,20.89,2025-06-16,5,0,1,0,5,0,4,0,0,46,46,OF4
Jackson Merrill,701538,22.38,2025-08-11,4,3,0,1,0,0,1,2,0,46,42,OF4
Wyatt Langford,694671,24.34,2025-09-08,1,1,1,0,4,1,3,2,1,46,32,OF3
Marcell Ozuna,542303,25.41,2025-09-22,5,0,0,1,3,0,3,3,0,46,27,OF3
Teoscar Hernandez,606192,29.24,2025-08-11,4,0,0,2,0,0,2,5,0,46,42,OF4
James Wood,695578,32.36,2025-08-25,4,2,0,0,6,0,1,1,0,46,46,OF4
Anthony Santander,623993,32.63,2025-04-28,2,1,0,1,4,0,3,3,0,46,38,OF4
Mike Trout,545361,36.46,2025-04-14,1,0,0,2,3,0,3,2,1,46,42,OF4
Lawrence Butler,671732,38.6,2025-07-21,1,0,0,2,1,0,4,4,1,46,38,OF4
Michael Harris II,671739,42.59,2025-08-18,4,0,0,2,0,0,3,4,0,46,42,OF4
Cody Bellinger,641355,47.51,2025-05-19,3,1,1,1,1,0,2,3,0,46,33,OF3
Cody Bellinger,641355,47.51,2025-09-08,4,1,0,1,2,0,1,5,0,46,32,OF3
Nick Castellanos,592206,65.98,2025-04-07,4,4,0,0,0,0,1,4,0,46,34,OF3
Nick Castellanos,592206,65.98,2025-05-12,5,2,0,0,0,1,2,4,1,46,32,OF3
Nick Castellanos,592206,65.98,2025-06-30,2,0,0,2,2,0,2,5,0,46,37,OF4
Jurickson Profar,595777,69.27,2025-06-30,4,0,0,2,0,0,4,3,0,46,37,OF4
Jasson Dominguez,691176,70.56,2025-05-19,3,0,0,1,3,0,2,3,2,46,33,OF3
Colton Cowser,681297,70.73,2025-06-02,3,1,0,2,1,0,2,2,0,46,37,OF4
Taylor Ward,621493,83.15,2025-07-07,3,1,0,1,1,0,3,6,0,46,37,OF4
Taylor Ward,621493,83.15,2025-09-08,3,1,0,1,1,0,4,3,1,46,32,OF3
Heliot Ramos,671218,108.52,2025-07-21,5,1,0,0,3,2,4,1,0,46,38,OF4
Matt Wallner,670242,122.55,2025-07-21,1,1,0,1,5,0,4,2,0,46,38,OF4
Jung Hoo Lee,808982,132.35,2025-07-07,5,1,1,0,3,0,0,4,0,46,37,OF4
Jung Hoo Lee,808982,132.35,2025-09-01,8,0,1,0,2,0,3,1,0,46,34,OF3
Ceddanne Rafaela,678882,156.21,2025-03-31,5,0,0,0,3,0,5,4,1,46,47,OF4
Michael Conforto,624424,163,2025-06-23,1,1,0,2,1,0,3,4,0,46,39,OF4
Michael Conforto,624424,163,2025-07-21,1,4,0,1,1,0,2,1,0,46,38,OF4
Brendan Donovan,680977,177.69,2025-05-19,5,2,0,0,2,1,4,1,0,46,33,OF3
Austin Hays,669720,212.98,2025-07-07,8,0,0,0,2,0,2,6,0,46,37,OF4
Alec Burleson,676475,219.26,2025-09-08,2,1,1,1,2,0,2,3,0,46,32,OF3
Pavin Smith,656976,239.18,2025-04-21,0,1,0,1,6,0,4,2,0,46,40,OF4
Jesse Winker,608385,239.37,2025-04-28,4,1,0,0,4,0,5,3,0,46,38,OF4
Jacob Young,696285,239.49,2025-04-28,4,1,0,0,1,1,6,1,2,46,38,OF4
Jake Meyers,676694,239.95,2025-09-08,7,0,0,0,3,0,4,2,1,46,32,OF3
Alexander Canario,672744,239.96,2025-05-12,7,0,0,1,1,0,3,3,0,46,32,OF3
Hunter Goodman,696100,239.98,2025-09-15,6,1,1,0,2,0,3,1,0,46,33,OF3
Blake Perkins,663368,NA,2025-08-04,4,1,0,1,0,0,5,2,1,46,39,OF4
Mickey Moniak,666160,NA,2025-07-14,3,2,0,1,1,0,4,2,0,46,8,OF1
Weston Wilson,642215,NA,2025-09-15,1,2,0,1,3,0,2,4,0,46,33,OF3
Sam Haggerty,664059,NA,2025-05-19,2,1,1,1,2,0,2,1,1,46,33,OF3
Ramon Laureano,657656,NA,2025-05-12,6,2,0,0,1,1,3,2,0,46,32,OF3
Julio Rodriguez,677594,14.08,2025-04-28,4,1,0,1,1,0,4,3,0,45,41,OF4
Julio Rodriguez,677594,14.08,2025-05-12,5,1,0,1,0,0,3,4,0,45,35,OF3
Wyatt Langford,694671,24.34,2025-07-28,6,3,0,0,1,0,1,2,0,45,46,OF4
Marcell Ozuna,542303,25.41,2025-05-19,6,0,0,1,3,0,2,2,0,45,37,OF4
Teoscar Hernandez,606192,29.24,2025-09-22,3,1,1,1,0,0,2,4,0,45,28,OF3
Michael Harris II,671739,42.59,2025-03-31,4,2,0,1,1,0,3,1,0,45,48,OF4
Michael Harris II,671739,42.59,2025-04-14,2,1,0,1,1,0,3,3,2,45,43,OF4
Michael Harris II,671739,42.59,2025-06-09,3,0,0,2,0,0,3,5,0,45,40,OF4
Cody Bellinger,641355,47.51,2025-08-11,1,0,0,2,2,0,2,6,0,45,44,OF4
Seiya Suzuki,673548,54.65,2025-06-02,3,0,0,2,2,0,2,3,0,45,39,OF4
Seiya Suzuki,673548,54.65,2025-08-04,3,1,0,1,4,0,2,2,0,45,40,OF4
Spencer Steer,668715,80.57,2025-08-25,3,1,0,1,4,0,3,1,0,45,47,OF4
Steven Kwan,680757,82.5,2025-03-24,4,1,0,1,1,0,4,3,0,45,7,OF1
Steven Kwan,680757,82.5,2025-05-19,6,3,0,0,0,1,2,1,0,45,37,OF4
Lane Thomas,657041,93.37,2025-06-09,4,0,0,1,3,0,2,3,1,45,40,OF4
Heliot Ramos,671218,108.52,2025-06-09,3,1,0,0,5,1,3,3,0,45,40,OF4
Jung Hoo Lee,808982,132.35,2025-04-14,6,2,0,0,1,0,3,3,0,45,43,OF4
Cedric Mullins,656775,133.6,2025-05-19,3,1,0,1,2,0,1,4,1,45,37,OF4
Cedric Mullins,656775,133.6,2025-06-09,2,2,0,1,1,0,4,3,0,45,40,OF4
Ceddanne Rafaela,678882,156.21,2025-07-28,4,2,1,0,0,1,3,2,0,45,46,OF4
Nolan Jones,666134,157.02,2025-05-26,7,0,1,0,0,0,2,6,0,45,37,OF4
Michael Conforto,624424,163,2025-09-08,5,0,0,1,2,0,2,5,0,45,37,OF4
TJ Friedl,670770,168.11,2025-04-07,2,2,0,0,2,1,5,2,1,45,35,OF3
Daulton Varsho,662139,183.34,2025-09-08,3,2,1,0,0,0,5,3,0,45,37,OF4
Lars Nootbaar,663457,186.05,2025-03-24,3,0,0,1,3,1,3,4,0,45,7,OF1
Victor Robles,645302,198.36,2025-09-15,1,0,1,1,1,1,3,4,1,45,35,OF3
Jesus Sanchez,660821,210.78,2025-07-28,2,2,0,1,3,0,2,2,0,45,46,OF4
Alec Burleson,676475,219.26,2025-06-02,6,0,0,1,1,0,3,4,0,45,39,OF4
Andy Pages,681624,228.33,2025-06-09,3,1,0,1,0,0,3,7,0,45,40,OF4
Brandon Marsh,669016,230.99,2025-06-16,3,2,1,0,2,0,4,1,0,45,47,OF4
Jordan Beck,687597,234.82,2025-08-11,4,3,0,0,1,0,2,2,1,45,44,OF4
Andrew McCutchen,457705,235.95,2025-06-16,4,2,0,1,1,0,2,2,0,45,47,OF4
Sal Frelick,686217,236.71,2025-06-16,7,1,0,0,0,0,5,4,0,45,47,OF4
Trevor Larnach,663616,237.16,2025-09-01,8,1,0,0,1,0,2,2,1,45,35,OF3
Andrew Benintendi,643217,238.69,2025-08-25,7,1,0,1,0,0,2,2,0,45,47,OF4
Starling Marte,516782,239.99,2025-06-02,4,1,0,1,1,0,6,1,0,45,39,OF4
Harrison Bader,664056,239.99,2025-03-31,2,0,0,2,1,0,2,6,0,45,48,OF4
Will Benson,666181,239.99,2025-07-28,5,0,0,1,0,0,3,5,1,45,46,OF4
Mitch Garver,641598,NA,2025-06-16,1,0,0,2,2,0,3,5,0,45,47,OF4
Kyle Stowers,669065,NA,2025-08-11,2,3,0,0,3,0,4,2,0,45,44,OF4
Addison Barger,680718,NA,2025-06-23,2,2,0,1,1,0,5,2,0,45,40,OF4
Angel Martinez,682657,NA,2025-05-19,1,2,0,1,0,0,4,6,0,45,37,OF4
Shohei Ohtani,660271,1.11,2025-06-30,2,0,0,1,4,0,4,2,1,44,39,OF4
Shohei Ohtani,660271,1.11,2025-07-14,1,0,0,2,1,0,2,5,1,44,9,OF1
Jackson Chourio,694192,13.9,2025-06-23,3,0,0,1,3,0,4,4,0,44,41,OF4
Wyatt Langford,694671,24.34,2025-07-21,2,2,0,0,4,0,3,4,0,44,42,OF4
Ian Happ,664023,38.05,2025-04-07,4,1,0,0,2,0,5,3,1,44,36,OF3
Michael Harris II,671739,42.59,2025-04-07,3,0,0,1,1,0,2,5,2,44,36,OF3
Michael Harris II,671739,42.59,2025-09-15,6,2,0,0,2,0,3,1,0,44,36,OF3
Cody Bellinger,641355,47.51,2025-09-22,6,0,0,0,6,0,3,1,0,44,29,OF3
Adolis Garcia,666969,49.79,2025-07-21,3,0,0,1,3,0,5,3,0,44,42,OF4
Brandon Nimmo,607043,51.96,2025-07-28,5,1,0,0,2,1,4,3,0,44,50,Unusable
Christian Yelich,592885,58.87,2025-06-02,4,0,0,1,4,0,3,2,0,44,42,OF4
Heliot Ramos,671218,108.52,2025-04-28,2,0,0,2,2,0,4,2,0,44,42,OF4
Matt Wallner,670242,122.55,2025-09-01,2,1,0,1,4,0,3,2,0,44,36,OF3
Jung Hoo Lee,808982,132.35,2025-05-19,5,2,0,0,3,0,2,2,0,44,41,OF4
Jung Hoo Lee,808982,132.35,2025-08-11,5,1,1,0,1,0,2,0,2,44,47,OF4
Nolan Jones,666134,157.02,2025-06-09,2,1,0,1,3,1,1,2,1,44,45,OF4
Michael Conforto,624424,163,2025-05-26,2,0,0,1,6,0,2,3,0,44,38,OF4
TJ Friedl,670770,168.11,2025-06-16,5,2,0,0,0,1,3,4,0,44,51,Unusable
Daulton Varsho,662139,183.34,2025-09-22,4,1,0,1,0,0,4,4,0,44,29,OF3
Lars Nootbaar,663457,186.05,2025-05-12,7,0,0,1,1,0,3,2,0,44,36,OF3
Wilyer Abreu,677800,217.36,2025-06-23,3,1,0,1,1,0,2,6,0,44,41,OF4
Andy Pages,681624,228.33,2025-08-18,2,1,0,1,2,0,5,1,1,44,44,OF4
Brandon Marsh,669016,230.99,2025-05-19,6,1,0,0,2,0,4,1,1,44,41,OF4
Brandon Marsh,669016,230.99,2025-06-09,6,2,0,0,0,0,2,3,1,44,45,OF4
Max Kepler,596146,234.12,2025-03-31,2,1,0,1,4,0,4,1,0,44,50,Unusable
Jordan Beck,687597,234.82,2025-06-30,6,2,0,0,0,0,2,3,1,44,39,OF4
Sal Frelick,686217,236.71,2025-09-01,5,1,0,0,3,0,4,1,1,44,36,OF3
Trevor Larnach,663616,237.16,2025-09-15,1,1,0,1,3,0,4,2,1,44,36,OF3
Andrew Benintendi,643217,238.69,2025-04-28,3,0,0,1,3,0,5,3,0,44,42,OF4
Andrew Benintendi,643217,238.69,2025-06-02,2,4,0,0,2,0,3,1,0,44,42,OF4
Andrew Benintendi,643217,238.69,2025-07-07,4,0,0,1,4,0,2,1,1,44,40,OF4
Tyler Freeman,671289,239.42,2025-09-15,6,1,0,0,1,1,3,2,1,44,36,OF3
Dane Myers,667472,240,2025-06-23,3,0,0,0,3,0,3,0,5,44,41,OF4
Miguel Andujar,609280,NA,2025-04-07,5,0,0,1,1,0,4,4,0,44,36,OF3
Mickey Moniak,666160,NA,2025-05-05,5,2,0,0,1,0,2,3,1,44,39,OF4
Randal Grichuk,545341,NA,2025-07-07,1,1,0,2,1,0,2,4,0,44,40,OF4
Mauricio Dubon,643289,NA,2025-05-19,5,1,0,1,1,0,3,2,0,44,41,OF4
Mauricio Dubon,643289,NA,2025-07-07,1,3,0,1,1,0,3,2,0,44,40,OF4
Jake Fraley,641584,NA,2025-06-09,4,0,0,1,2,0,4,2,1,44,45,OF4
Mike Tauchman,643565,NA,2025-07-14,0,2,0,1,1,1,2,6,0,44,9,OF1
Angel Martinez,682657,NA,2025-04-21,7,1,0,0,1,0,3,2,1,44,41,OF4
Ramon Laureano,657656,NA,2025-06-09,4,0,0,1,4,0,3,2,0,44,45,OF4
Ramon Laureano,657656,NA,2025-06-16,3,0,0,1,2,1,3,5,0,44,51,Unusable
Drew Waters,671221,NA,2025-05-05,4,1,0,0,2,0,5,1,2,44,39,OF4
Kyle Tucker,663656,7.8,2025-06-30,4,0,0,0,3,0,4,3,2,43,41,OF4
Kyle Schwarber,656941,12.34,2025-05-12,2,1,0,1,3,0,3,3,0,43,37,OF4
Marcell Ozuna,542303,25.41,2025-07-07,1,1,0,2,2,0,2,2,0,43,43,OF4
James Wood,695578,32.36,2025-03-31,3,1,0,1,2,0,3,3,0,43,51,Unusable
James Wood,695578,32.36,2025-05-05,5,1,0,1,2,0,1,2,0,43,41,OF4
Mike Trout,545361,36.46,2025-06-09,4,0,0,1,3,0,2,4,0,43,49,Unusable
Ian Happ,664023,38.05,2025-05-26,3,3,0,0,2,0,3,0,1,43,39,OF4
Ian Happ,664023,38.05,2025-07-28,1,3,0,1,0,0,2,4,0,43,51,Unusable
Bryan Reynolds,668804,42.05,2025-04-07,2,2,0,1,3,0,2,1,0,43,39,OF4
Riley Greene,682985,44.7,2025-04-21,3,1,0,1,2,0,1,5,0,43,42,OF4
Randy Arozarena,668227,53.57,2025-04-21,4,0,0,0,4,1,4,0,2,43,42,OF4
Brenton Doyle,686668,56.73,2025-08-25,2,2,0,0,3,0,1,3,2,43,49,Unusable
Nick Castellanos,592206,65.98,2025-05-26,6,1,0,1,1,0,2,1,0,43,39,OF4
Nick Castellanos,592206,65.98,2025-07-28,4,0,0,1,1,0,6,3,0,43,51,Unusable
Spencer Steer,668715,80.57,2025-05-12,3,3,0,1,0,0,2,1,0,43,37,OF4
Steven Kwan,680757,82.5,2025-05-26,3,1,0,1,2,0,1,3,1,43,39,OF4
Steven Kwan,680757,82.5,2025-09-08,5,1,0,0,4,0,4,1,0,43,39,OF4
Taylor Ward,621493,83.15,2025-08-18,1,2,0,1,2,0,2,4,0,43,45,OF4
Heliot Ramos,671218,108.52,2025-03-24,1,1,0,2,0,0,3,4,0,43,9,OF1
Byron Buxton,621439,140.84,2025-09-08,4,0,0,1,1,2,2,2,1,43,39,OF4
Brendan Donovan,680977,177.69,2025-06-30,4,1,0,1,3,0,2,1,0,43,41,OF4
Lars Nootbaar,663457,186.05,2025-06-23,1,0,0,2,2,0,3,4,0,43,44,OF4
Jo Adell,666176,198.16,2025-08-11,3,1,0,1,0,0,3,6,0,43,48,OF4
Jesus Sanchez,660821,210.78,2025-04-21,2,0,0,1,5,0,1,3,1,43,42,OF4
Brandon Marsh,669016,230.99,2025-08-25,5,1,0,1,2,0,1,2,0,43,49,Unusable
Max Kepler,596146,234.12,2025-04-14,3,3,0,0,1,1,2,3,0,43,45,OF4
Jordan Beck,687597,234.82,2025-09-08,5,1,0,0,2,0,3,1,2,43,39,OF4
Andrew McCutchen,457705,235.95,2025-04-14,2,1,0,0,5,0,5,1,1,43,45,OF4
Luke Raley,670042,237.24,2025-06-23,2,1,0,1,1,2,2,4,0,43,44,OF4
Masataka Yoshida,807799,238.11,2025-09-15,6,1,0,0,1,0,1,5,1,43,39,OF4
Mike Yastrzemski,573262,238.77,2025-08-11,0,1,0,1,5,0,4,2,0,43,48,OF4
Alex Verdugo,657077,238.85,2025-05-12,7,1,0,0,2,0,3,2,0,43,37,OF4
Gavin Sheets,657757,239.88,2025-04-14,5,2,0,0,2,0,2,3,0,43,45,OF4
Harrison Bader,664056,239.99,2025-05-19,3,0,0,1,1,1,2,3,2,43,44,OF4
Tyrone Taylor,621438,NA,2025-06-16,3,1,0,1,0,0,4,3,1,43,53,Unusable
Addison Barger,680718,NA,2025-05-19,4,2,0,0,3,0,1,2,1,43,44,OF4
Mike Tauchman,643565,NA,2025-07-07,3,2,0,0,4,0,2,3,0,43,43,OF4
Angel Martinez,682657,NA,2025-07-14,3,2,0,1,0,0,3,3,0,43,11,OF1
Ramon Laureano,657656,NA,2025-09-15,2,2,0,1,1,0,3,1,1,43,39,OF4
Derek Hill,656537,NA,2025-05-19,5,2,0,0,2,0,1,0,2,43,44,OF4
Juan Soto,665742,3.25,2025-05-19,3,1,0,0,3,0,1,4,2,42,47,OF4
Corbin Carroll,682998,6.36,2025-05-26,0,2,0,1,1,1,4,1,1,42,42,OF4
Marcell Ozuna,542303,25.41,2025-06-16,3,3,0,0,1,0,1,5,0,42,54,Unusable
Ian Happ,664023,38.05,2025-08-04,5,0,0,1,3,0,2,2,0,42,41,OF4
Lawrence Butler,671732,38.6,2025-04-28,4,1,0,1,0,0,1,4,1,42,44,OF4
Adolis Garcia,666969,49.79,2025-05-12,2,2,0,1,2,0,2,2,0,42,40,OF4
Randy Arozarena,668227,53.57,2025-04-28,4,1,0,1,2,0,3,1,0,42,44,OF4
Randy Arozarena,668227,53.57,2025-05-05,3,2,0,0,4,1,1,2,0,42,42,OF4
Brenton Doyle,686668,56.73,2025-04-28,2,1,0,1,2,0,3,2,1,42,44,OF4
Brenton Doyle,686668,56.73,2025-06-30,4,1,0,1,0,0,3,2,1,42,43,OF4
Christian Yelich,592885,58.87,2025-06-30,4,0,0,1,2,0,4,1,1,42,43,OF4
Nick Castellanos,592206,65.98,2025-06-02,3,2,0,1,0,1,2,2,0,42,44,OF4
Colton Cowser,681297,70.73,2025-06-30,1,1,0,2,1,0,2,3,0,42,43,OF4
Colton Cowser,681297,70.73,2025-09-15,0,1,0,1,2,0,1,3,3,42,41,OF4
Colton Cowser,681297,70.73,2025-09-22,1,1,0,1,3,0,3,2,1,42,31,OF3
Steven Kwan,680757,82.5,2025-06-30,6,2,0,0,2,0,0,3,0,42,43,OF4
George Springer,543807,107.02,2025-04-21,3,2,0,0,3,0,1,1,2,42,45,OF4
Heliot Ramos,671218,108.52,2025-08-04,9,0,0,0,3,0,3,0,0,42,41,OF4
Matt Wallner,670242,122.55,2025-06-02,1,0,0,2,3,0,3,2,0,42,44,OF4
Kerry Carpenter,681481,130.48,2025-04-07,3,1,0,1,1,2,3,1,0,42,40,OF4
Kerry Carpenter,681481,130.48,2025-05-05,3,0,1,1,1,0,4,2,0,42,42,OF4
Ceddanne Rafaela,678882,156.21,2025-05-26,6,1,0,1,0,0,3,1,0,42,42,OF4
Brendan Donovan,680977,177.69,2025-09-15,5,2,0,0,1,0,4,2,0,42,41,OF4
Roman Anthony,701350,198.72,2025-06-23,4,3,0,0,2,0,3,0,0,42,46,OF4
Jesus Sanchez,660821,210.78,2025-08-25,3,1,0,1,3,0,1,3,0,42,51,Unusable
Wilyer Abreu,677800,217.36,2025-07-07,2,1,0,1,2,0,4,3,0,42,45,OF4
Wilyer Abreu,677800,217.36,2025-07-28,3,2,0,0,1,0,3,4,1,42,53,Unusable
Parker Meadows,678009,227.67,2025-06-16,2,1,0,1,2,0,3,4,0,42,54,Unusable
Andy Pages,681624,228.33,2025-06-23,5,2,0,0,1,0,3,3,0,42,46,OF4
Max Kepler,596146,234.12,2025-07-21,3,0,0,1,3,0,4,1,1,42,44,OF4
Sal Frelick,686217,236.71,2025-04-07,3,1,0,0,2,1,3,2,2,42,40,OF4
Luke Raley,670042,237.24,2025-04-14,1,1,0,1,4,1,2,2,0,42,48,OF4
Luke Raley,670042,237.24,2025-07-07,2,0,0,1,3,1,4,3,0,42,45,OF4
Andrew Benintendi,643217,238.69,2025-03-31,6,0,0,1,0,0,4,3,0,42,52,Unusable
Wenceel Perez,672761,238.7,2025-09-22,2,1,0,1,4,0,2,2,0,42,31,OF3
Mike Yastrzemski,573262,238.77,2025-04-21,5,0,0,1,3,0,2,2,0,42,45,OF4
Tyler Freeman,671289,239.42,2025-09-01,6,0,0,0,3,1,5,1,0,42,38,OF4
Alek Thomas,677950,239.91,2025-06-30,4,1,0,1,2,0,3,1,0,42,43,OF4
Hunter Goodman,696100,239.98,2025-09-22,3,2,0,1,1,0,1,3,0,42,31,OF3
James Outman,681546,240,2025-09-08,1,1,0,2,1,0,3,2,0,42,42,OF4
Mickey Moniak,666160,NA,2025-07-28,2,2,0,1,0,0,3,4,0,42,53,Unusable
Randal Grichuk,545341,NA,2025-06-30,0,2,0,2,0,0,2,3,0,42,43,OF4
Mike Tauchman,643565,NA,2025-08-04,3,0,0,1,5,0,2,2,0,42,41,OF4
Trent Grisham,663757,NA,2025-04-28,6,0,0,1,2,0,3,1,0,42,44,OF4
Trent Grisham,663757,NA,2025-06-30,6,0,0,1,2,0,3,1,0,42,43,OF4
Sam Haggerty,664059,NA,2025-06-23,2,0,0,0,3,1,4,2,3,42,46,OF4
Alex Call,669743,NA,2025-03-31,5,1,0,0,3,0,1,3,1,42,52,Unusable
Shohei Ohtani,660271,1.11,2025-03-24,2,0,0,1,3,0,5,1,1,41,10,OF1
Kyle Schwarber,656941,12.34,2025-09-15,2,1,0,1,3,0,3,2,0,41,43,OF4
Jackson Chourio,694192,13.9,2025-06-02,4,0,0,1,1,0,2,2,2,41,46,OF4
Julio Rodriguez,677594,14.08,2025-04-14,2,1,0,0,4,1,5,0,1,41,49,Unusable
Jarren Duran,680776,15.71,2025-06-23,1,2,1,0,3,1,3,0,0,41,49,Unusable
Bryan Reynolds,668804,42.05,2025-09-22,4,2,0,0,1,2,4,0,0,41,34,OF3
Christian Yelich,592885,58.87,2025-09-08,3,1,0,1,0,0,2,4,1,41,43,OF4
Christian Yelich,592885,58.87,2025-09-22,4,1,0,0,4,1,1,3,0,41,34,OF3
Nick Castellanos,592206,65.98,2025-07-07,5,0,0,1,0,0,4,2,1,41,47,OF4
Jurickson Profar,595777,69.27,2025-07-28,4,1,1,0,3,0,2,1,0,41,55,Unusable
Steven Kwan,680757,82.5,2025-07-07,4,0,0,0,3,0,6,4,0,41,47,OF4
George Springer,543807,107.02,2025-07-14,4,1,0,1,1,0,2,1,1,41,12,OF1
Heliot Ramos,671218,108.52,2025-06-30,3,1,0,1,1,1,2,3,0,41,50,Unusable
Matt Wallner,670242,122.55,2025-06-23,0,2,0,1,3,0,2,3,0,41,49,Unusable
Jung Hoo Lee,808982,132.35,2025-08-18,5,1,0,1,2,0,1,1,0,41,46,OF4
Cedric Mullins,656775,133.6,2025-04-07,1,2,0,0,4,0,2,5,0,41,42,OF4
Cedric Mullins,656775,133.6,2025-04-21,5,0,0,0,4,0,2,1,2,41,47,OF4
Josh Lowe,666139,138.27,2025-06-30,4,1,0,1,1,0,2,3,0,41,50,Unusable
Josh Lowe,666139,138.27,2025-08-04,2,2,0,0,3,0,3,0,2,41,44,OF4
Byron Buxton,621439,140.84,2025-06-30,2,1,0,1,1,0,4,2,1,41,50,Unusable
Joc Pederson,592626,151.33,2025-05-12,1,0,0,1,6,0,3,2,0,41,41,OF4
Ceddanne Rafaela,678882,156.21,2025-05-12,4,2,0,0,1,0,4,3,0,41,41,OF4
Nolan Jones,666134,157.02,2025-04-21,1,1,0,1,2,0,3,3,1,41,47,OF4
Lars Nootbaar,663457,186.05,2025-07-07,1,2,0,1,2,0,4,1,0,41,47,OF4
Jake McCarthy,664983,205.86,2025-06-23,2,0,1,1,1,0,3,2,1,41,49,Unusable
Jesus Sanchez,660821,210.78,2025-05-05,6,0,0,0,0,1,1,3,3,41,44,OF4
Austin Hays,669720,212.98,2025-07-21,5,0,0,0,4,0,4,1,1,41,45,OF4
Austin Hays,669720,212.98,2025-08-11,3,2,0,0,2,0,4,3,0,41,50,Unusable
Andy Pages,681624,228.33,2025-08-11,4,0,0,1,3,0,1,2,1,41,50,Unusable
Sal Frelick,686217,236.71,2025-06-02,5,0,0,1,2,0,2,1,1,41,46,OF4
Sal Frelick,686217,236.71,2025-08-25,6,0,0,1,1,0,2,3,0,41,52,Unusable
Trevor Larnach,663616,237.16,2025-04-14,3,0,0,1,3,1,4,1,0,41,49,Unusable
Masataka Yoshida,807799,238.11,2025-08-04,3,1,0,1,1,1,1,4,0,41,44,OF4
Giancarlo Stanton,519317,238.16,2025-08-04,2,0,0,1,5,0,1,4,0,41,44,OF4
Jonny DeLuca,676356,239.58,2025-03-31,5,0,1,0,0,0,4,1,2,41,54,Unusable
Dominic Canzone,686527,239.73,2025-06-23,3,0,0,2,0,0,4,2,0,41,49,Unusable
Dominic Canzone,686527,239.73,2025-08-04,3,1,0,1,2,0,2,3,0,41,44,OF4
Gavin Sheets,657757,239.88,2025-03-31,4,2,0,0,1,0,2,5,0,41,54,Unusable
Hunter Goodman,696100,239.98,2025-06-30,0,1,0,2,1,0,4,2,0,41,50,Unusable
Joey Loperfido,694388,239.98,2025-07-21,5,0,0,1,1,1,2,1,1,41,45,OF4
Davis Schneider,676914,239.99,2025-08-11,3,0,0,1,2,0,4,4,0,41,50,Unusable
Miguel Vargas,678246,NA,2025-05-19,2,2,0,1,1,0,3,2,0,41,48,OF4
Mauricio Dubon,643289,NA,2025-06-30,6,2,0,0,1,0,4,0,0,41,50,Unusable
Kameron Misner,670224,NA,2025-03-31,3,3,0,0,0,0,3,4,0,41,54,Unusable
Addison Barger,680718,NA,2025-09-22,1,1,0,1,4,0,3,2,0,41,34,OF3
Mike Tauchman,643565,NA,2025-06-30,8,0,0,0,2,1,2,2,0,41,50,Unusable
Mike Tauchman,643565,NA,2025-09-15,2,0,0,1,4,1,4,1,0,41,43,OF4
Kyle Tucker,663656,7.8,2025-05-05,2,0,0,1,4,0,2,2,1,40,45,OF4
Kyle Tucker,663656,7.8,2025-07-21,2,1,0,0,6,0,2,1,1,40,47,OF4
Ian Happ,664023,38.05,2025-03-24,1,1,0,1,3,0,3,3,0,40,11,OF1
Lawrence Butler,671732,38.6,2025-04-07,4,1,0,0,4,0,2,1,1,40,43,OF4
Riley Greene,682985,44.7,2025-05-05,0,1,0,1,4,0,3,1,1,40,45,OF4
Riley Greene,682985,44.7,2025-06-02,7,1,0,0,1,0,1,4,0,40,48,OF4
Riley Greene,682985,44.7,2025-07-28,2,2,0,1,0,0,3,3,0,40,56,Unusable
Riley Greene,682985,44.7,2025-09-22,2,0,0,2,2,0,2,2,0,40,37,OF4
Cody Bellinger,641355,47.51,2025-03-24,3,0,0,1,1,0,3,6,0,40,11,OF1
Adolis Garcia,666969,49.79,2025-04-07,5,1,0,0,2,1,2,1,1,40,43,OF4
Adolis Garcia,666969,49.79,2025-04-28,5,1,0,0,1,0,2,6,0,40,48,OF4
Brandon Nimmo,607043,51.96,2025-06-23,6,1,0,0,1,1,1,2,1,40,53,Unusable
Seiya Suzuki,673548,54.65,2025-06-09,6,0,0,1,0,0,1,3,1,40,50,Unusable
Seiya Suzuki,673548,54.65,2025-07-07,4,2,0,0,2,0,5,0,0,40,50,Unusable
Seiya Suzuki,673548,54.65,2025-08-18,4,0,0,0,6,0,2,1,1,40,47,OF4
Nick Castellanos,592206,65.98,2025-08-18,6,1,0,0,2,0,5,0,0,40,47,OF4
Colton Cowser,681297,70.73,2025-08-25,3,1,0,1,1,0,1,3,1,40,53,Unusable
Steven Kwan,680757,82.5,2025-06-02,5,1,0,0,3,0,2,1,1,40,48,OF4
Taylor Ward,621493,83.15,2025-09-22,1,0,0,2,3,0,2,2,0,40,37,OF4
Heliot Ramos,671218,108.52,2025-09-08,2,0,0,1,4,0,4,2,0,40,44,OF4
JJ Bleday,668709,111.18,2025-05-05,0,2,0,1,2,0,3,3,0,40,45,OF4
Kerry Carpenter,681481,130.48,2025-08-25,5,1,0,0,2,1,3,2,0,40,53,Unusable
Jung Hoo Lee,808982,132.35,2025-09-22,6,1,1,0,0,0,1,3,0,40,37,OF4
Josh Lowe,666139,138.27,2025-06-09,3,1,0,0,2,1,3,3,1,40,50,Unusable
Ceddanne Rafaela,678882,156.21,2025-04-07,4,0,1,0,1,1,3,2,1,40,43,OF4
Ceddanne Rafaela,678882,156.21,2025-08-11,2,2,0,0,2,0,3,1,2,40,53,Unusable
Daulton Varsho,662139,183.34,2025-05-26,2,2,0,1,2,0,2,1,0,40,44,OF4
Jo Adell,666176,198.16,2025-04-07,1,0,0,2,1,0,2,5,0,40,43,OF4
Alec Burleson,676475,219.26,2025-05-12,2,0,0,2,0,0,2,5,0,40,43,OF4
Jordan Walker,691023,219.58,2025-05-19,4,2,0,0,0,0,3,5,0,40,49,Unusable
Brandon Marsh,669016,230.99,2025-06-30,3,0,0,1,1,0,4,3,1,40,56,Unusable
Jordan Beck,687597,234.82,2025-06-09,5,1,0,0,2,1,3,2,0,40,50,Unusable
Jordan Beck,687597,234.82,2025-06-23,4,2,0,0,2,0,3,2,0,40,53,Unusable
Andrew McCutchen,457705,235.95,2025-09-01,1,1,0,1,3,0,4,2,0,40,39,OF4
Dominic Canzone,686527,239.73,2025-06-16,2,1,0,2,0,0,2,2,0,40,56,Unusable
Gavin Sheets,657757,239.88,2025-04-28,2,0,0,1,3,1,4,2,0,40,48,OF4
Jake Meyers,676694,239.95,2025-05-12,6,1,0,0,2,0,4,1,0,40,43,OF4
Davis Schneider,676914,239.99,2025-08-25,1,0,0,2,1,0,3,4,0,40,53,Unusable
Miguel Vargas,678246,NA,2025-09-15,2,1,0,1,2,0,2,4,0,40,45,OF4
Colby Thomas,687515,NA,2025-09-01,2,0,0,1,2,0,4,5,0,40,39,OF4
Jake Mangum,663968,NA,2025-06-23,6,0,1,0,0,0,2,3,1,40,53,Unusable
Austin Martin,668885,NA,2025-08-04,2,0,1,1,2,0,2,1,1,40,48,OF4
Corbin Carroll,682998,6.36,2025-09-22,2,1,0,0,5,0,1,1,2,39,40,OF4
Jackson Chourio,694192,13.9,2025-08-25,3,2,0,1,0,0,3,1,0,39,56,Unusable
Julio Rodriguez,677594,14.08,2025-03-24,1,0,0,1,3,1,1,2,2,39,13,OF2
Wyatt Langford,694671,24.34,2025-08-04,3,1,0,0,6,0,2,1,0,39,49,Unusable
Ian Happ,664023,38.05,2025-08-18,3,1,0,0,6,0,3,0,0,39,49,Unusable
Cody Bellinger,641355,47.51,2025-04-14,1,1,0,1,2,0,1,4,1,39,51,Unusable
Seiya Suzuki,673548,54.65,2025-04-21,3,3,0,0,0,0,1,5,0,39,49,Unusable
Seiya Suzuki,673548,54.65,2025-07-28,3,1,0,0,6,0,2,1,0,39,57,Unusable
Jurickson Profar,595777,69.27,2025-09-08,5,1,0,0,2,0,3,1,1,39,45,OF4
Jasson Dominguez,691176,70.56,2025-06-23,5,2,0,0,0,0,2,0,2,39,56,Unusable
Steven Kwan,680757,82.5,2025-04-28,7,1,0,0,2,0,2,1,0,39,50,Unusable
Steven Kwan,680757,82.5,2025-06-23,2,1,1,0,3,0,2,1,1,39,56,Unusable
Jorge Soler,624585,93.81,2025-06-30,1,1,0,1,3,1,1,3,0,39,57,Unusable
Tyler O'Neill,641933,104.59,2025-03-24,3,0,0,1,2,0,3,4,0,39,13,OF2
Jung Hoo Lee,808982,132.35,2025-09-08,3,0,0,1,1,1,4,3,0,39,45,OF4
Ceddanne Rafaela,678882,156.21,2025-04-14,1,1,0,1,1,1,2,3,1,39,51,Unusable
Ceddanne Rafaela,678882,156.21,2025-06-09,6,1,0,0,1,0,1,1,2,39,53,Unusable
Brendan Donovan,680977,177.69,2025-05-26,3,1,0,1,2,0,2,2,0,39,45,OF4
Brendan Donovan,680977,177.69,2025-06-16,4,1,0,0,3,0,5,1,0,39,57,Unusable
Evan Carter,694497,197.41,2025-05-05,5,0,0,1,0,0,3,2,1,39,48,OF4
Austin Hays,669720,212.98,2025-09-08,5,0,0,1,2,0,1,1,1,39,45,OF4
Alec Burleson,676475,219.26,2025-08-18,6,1,0,0,1,0,2,4,0,39,49,Unusable
Sal Frelick,686217,236.71,2025-06-30,4,1,0,1,0,1,2,2,0,39,57,Unusable
Trevor Larnach,663616,237.16,2025-06-16,3,2,0,0,1,1,3,3,0,39,57,Unusable
Trevor Larnach,663616,237.16,2025-08-11,1,2,0,1,2,0,3,1,0,39,54,Unusable
Trevor Larnach,663616,237.16,2025-08-18,4,2,0,0,3,0,1,2,0,39,49,Unusable
Andrew Benintendi,643217,238.69,2025-06-23,1,0,0,2,2,0,2,3,0,39,56,Unusable
Mike Yastrzemski,573262,238.77,2025-05-12,3,2,0,0,4,0,1,0,1,39,45,OF4
Pavin Smith,656976,239.18,2025-05-05,5,1,0,0,4,0,2,1,0,39,48,OF4
Tyler Freeman,671289,239.42,2025-06-09,4,0,0,0,4,1,2,2,1,39,53,Unusable
Tyler Freeman,671289,239.42,2025-06-23,3,1,0,0,4,0,3,1,1,39,56,Unusable
Tyler Freeman,671289,239.42,2025-08-25,6,0,0,0,2,1,2,2,1,39,56,Unusable
Dominic Canzone,686527,239.73,2025-07-28,6,0,0,0,5,0,1,0,1,39,57,Unusable
Gavin Sheets,657757,239.88,2025-07-07,4,1,0,1,1,0,3,1,0,39,51,Unusable
Alexander Canario,672744,239.96,2025-05-19,4,1,1,0,1,0,2,1,1,39,50,Unusable
Miguel Vargas,678246,NA,2025-08-25,0,2,0,1,1,0,3,4,0,39,56,Unusable
Mauricio Dubon,643289,NA,2025-07-28,5,1,0,0,2,0,3,1,1,39,57,Unusable
Kameron Misner,670224,NA,2025-04-07,2,1,1,0,2,1,2,1,1,39,47,OF4
Kyle Stowers,669065,NA,2025-05-19,6,2,0,0,1,0,0,1,1,39,50,Unusable
Trent Grisham,663757,NA,2025-07-14,1,1,0,1,2,0,2,5,0,39,13,OF2
Kyle Isbel,664728,NA,2025-04-07,5,1,0,1,0,0,2,2,0,39,47,OF4
Angel Martinez,682657,NA,2025-09-15,2,1,1,0,3,0,2,3,0,39,46,OF4
Juan Soto,665742,3.25,2025-04-21,4,1,0,0,4,0,4,0,0,38,50,Unusable
Kyle Tucker,663656,7.8,2025-07-07,4,1,0,0,4,0,3,1,0,38,52,Unusable
Jackson Chourio,694192,13.9,2025-04-14,2,2,0,0,2,0,3,2,1,38,53,Unusable
Jarren Duran,680776,15.71,2025-08-18,2,1,0,0,4,0,1,4,1,38,52,Unusable
Teoscar Hernandez,606192,29.24,2025-04-07,6,0,0,1,0,0,2,3,0,38,49,Unusable
Teoscar Hernandez,606192,29.24,2025-06-16,5,0,0,1,1,0,4,1,0,38,59,Unusable
Michael Harris II,671739,42.59,2025-05-12,4,0,1,0,4,0,1,2,0,38,46,OF4
Cody Bellinger,641355,47.51,2025-04-21,3,2,0,0,3,0,3,1,0,38,50,Unusable
Adolis Garcia,666969,49.79,2025-08-18,0,1,0,1,2,0,2,2,2,38,52,Unusable
Colton Cowser,681297,70.73,2025-09-01,2,0,0,1,1,1,2,4,1,38,41,OF4
Taylor Ward,621493,83.15,2025-05-26,2,0,0,1,4,0,2,1,1,38,46,OF4
Matt Wallner,670242,122.55,2025-09-08,1,1,0,1,2,1,2,3,0,38,48,OF4
Jung Hoo Lee,808982,132.35,2025-08-04,2,2,1,0,0,0,4,2,0,38,50,Unusable
Josh Lowe,666139,138.27,2025-05-12,3,1,0,1,1,0,3,2,0,38,46,OF4
Michael Conforto,624424,163,2025-07-07,3,1,0,1,0,1,3,2,0,38,52,Unusable
Brendan Donovan,680977,177.69,2025-04-21,4,2,0,0,2,0,1,3,0,38,50,Unusable
Brendan Donovan,680977,177.69,2025-09-22,0,5,0,0,0,0,2,2,0,38,41,OF4
Lars Nootbaar,663457,186.05,2025-08-11,4,1,0,1,0,0,4,1,0,38,55,Unusable
Jesus Sanchez,660821,210.78,2025-05-12,5,0,0,0,5,0,3,1,0,38,46,OF4
Alec Burleson,676475,219.26,2025-06-30,2,1,0,1,4,0,1,1,0,38,59,Unusable
Andy Pages,681624,228.33,2025-09-22,1,0,0,2,1,0,2,4,0,38,41,OF4
Sal Frelick,686217,236.71,2025-07-28,3,1,0,1,1,0,3,2,0,38,60,Unusable
Sal Frelick,686217,236.71,2025-09-08,4,1,0,0,2,0,4,3,0,38,48,OF4
Mike Yastrzemski,573262,238.77,2025-06-30,4,0,0,1,2,0,2,1,1,38,59,Unusable
Dominic Canzone,686527,239.73,2025-08-11,5,1,0,0,3,0,2,2,0,38,55,Unusable
Alek Thomas,677950,239.91,2025-06-23,2,0,0,1,2,0,3,3,1,38,60,Unusable
Dane Myers,667472,240,2025-07-21,2,0,0,1,2,0,2,2,2,38,48,OF4
Miguel Andujar,609280,NA,2025-05-12,4,1,0,1,0,0,2,3,0,38,46,OF4
Randal Grichuk,545341,NA,2025-06-16,3,1,1,0,1,0,2,4,0,38,59,Unusable
Tyrone Taylor,621438,NA,2025-04-14,3,1,1,0,0,1,4,2,0,38,53,Unusable
Addison Barger,680718,NA,2025-07-14,4,1,0,1,0,0,3,2,0,38,14,OF2
Mike Tauchman,643565,NA,2025-06-09,3,1,0,1,1,0,2,3,0,38,55,Unusable
Angel Martinez,682657,NA,2025-06-16,1,2,0,1,1,0,2,1,1,38,59,Unusable
Alex Call,669743,NA,2025-06-30,6,1,0,0,0,0,4,3,0,38,59,Unusable
Jake Mangum,663968,NA,2025-09-22,5,0,0,1,1,0,1,2,1,38,41,OF4
Derek Hill,656537,NA,2025-03-24,3,2,0,0,1,0,4,1,1,38,15,OF2
Sam Hilliard,656541,NA,2025-06-02,0,3,1,0,2,0,2,1,0,38,50,Unusable
Juan Soto,665742,3.25,2025-03-24,1,1,0,1,4,0,1,2,0,37,16,OF2
Yordan Alvarez,670541,9.59,2025-03-31,4,0,0,1,1,0,1,5,0,37,57,Unusable
Brent Rooker,667670,20.89,2025-07-14,0,1,1,1,1,0,3,2,0,37,15,OF2
Jackson Merrill,701538,22.38,2025-06-23,4,1,0,0,4,1,2,0,0,37,61,Unusable
Marcell Ozuna,542303,25.41,2025-08-18,1,1,0,0,6,0,4,1,0,37,54,Unusable
James Wood,695578,32.36,2025-07-21,1,2,0,0,4,0,2,1,1,37,49,Unusable
James Wood,695578,32.36,2025-09-01,3,0,0,1,2,0,4,2,0,37,42,OF4
Ian Happ,664023,38.05,2025-08-11,1,2,0,0,6,0,1,1,0,37,57,Unusable
Lawrence Butler,671732,38.6,2025-05-12,1,3,0,0,2,0,1,4,0,37,50,Unusable
Bryan Reynolds,668804,42.05,2025-04-21,5,0,0,0,2,0,2,4,1,37,53,Unusable
Bryan Reynolds,668804,42.05,2025-06-02,3,0,0,1,4,0,1,2,0,37,51,Unusable
Bryan Reynolds,668804,42.05,2025-07-28,6,1,0,0,3,0,1,1,0,37,61,Unusable
Michael Harris II,671739,42.59,2025-04-28,1,2,0,0,0,0,1,6,2,37,51,Unusable
Michael Harris II,671739,42.59,2025-05-26,7,1,0,0,0,0,1,2,1,37,47,OF4
Cody Bellinger,641355,47.51,2025-06-16,5,1,0,1,0,0,1,2,0,37,62,Unusable
Brandon Nimmo,607043,51.96,2025-09-01,7,0,0,0,2,0,2,3,0,37,42,OF4
Christian Yelich,592885,58.87,2025-06-09,4,1,0,1,1,0,1,2,0,37,56,Unusable
Colton Cowser,681297,70.73,2025-09-08,1,0,0,1,4,0,3,1,1,37,50,Unusable
Jorge Soler,624585,93.81,2025-07-07,2,1,0,1,1,0,3,3,0,37,54,Unusable
Matt Wallner,670242,122.55,2025-07-07,2,0,0,2,1,0,2,2,0,37,54,Unusable
Kerry Carpenter,681481,130.48,2025-05-19,1,2,0,1,2,0,2,1,0,37,52,Unusable
Cedric Mullins,656775,133.6,2025-07-07,4,1,0,0,1,0,2,0,3,37,54,Unusable
Michael Conforto,624424,163,2025-08-25,2,2,0,1,1,0,2,1,0,37,59,Unusable
TJ Friedl,670770,168.11,2025-08-25,6,0,0,0,5,0,0,2,0,37,59,Unusable
TJ Friedl,670770,168.11,2025-09-15,3,0,0,1,2,0,3,3,0,37,47,OF4
Jo Adell,666176,198.16,2025-08-25,2,1,0,1,1,0,1,3,1,37,59,Unusable
Jesus Sanchez,660821,210.78,2025-06-16,0,1,1,1,1,0,2,1,1,37,62,Unusable
Alec Burleson,676475,219.26,2025-05-05,2,1,0,1,1,0,1,3,1,37,50,Unusable
Brandon Marsh,669016,230.99,2025-09-15,2,0,0,1,1,0,4,3,1,37,47,OF4
Max Kepler,596146,234.12,2025-08-18,3,1,0,1,0,0,4,2,0,37,54,Unusable
Andrew McCutchen,457705,235.95,2025-08-04,2,1,0,0,7,0,1,1,0,37,51,Unusable
Giancarlo Stanton,519317,238.16,2025-07-14,4,1,0,0,3,0,3,2,0,37,15,OF2
Tommy Pham,502054,238.55,2025-09-22,3,0,0,1,4,0,1,2,0,37,44,OF4
Andrew Benintendi,643217,238.69,2025-04-21,4,0,0,1,2,1,1,2,0,37,53,Unusable
Andrew Benintendi,643217,238.69,2025-07-28,1,1,0,1,2,0,5,1,0,37,61,Unusable
Mike Yastrzemski,573262,238.77,2025-05-05,5,0,0,0,2,0,4,0,2,37,50,Unusable
Myles Straw,664702,238.89,2025-05-26,3,1,0,0,2,0,4,2,1,37,47,OF4
Jesse Winker,608385,239.37,2025-03-31,1,1,2,0,2,0,0,3,0,37,57,Unusable
Matt Vierling,663837,239.52,2025-08-04,3,1,0,1,0,0,2,4,0,37,51,Unusable
Alek Thomas,677950,239.91,2025-07-07,3,2,0,0,2,0,3,2,0,37,54,Unusable
Griffin Conine,665052,239.92,2025-04-14,0,4,0,0,1,0,3,2,0,37,55,Unusable
Harrison Bader,664056,239.99,2025-07-21,3,2,0,0,2,0,1,2,1,37,49,Unusable
Dane Myers,667472,240,2025-04-14,3,0,0,1,0,0,4,3,1,37,55,Unusable
Mitch Garver,641598,NA,2025-04-21,1,1,0,1,2,0,1,5,0,37,53,Unusable
Kameron Misner,670224,NA,2025-04-21,2,3,0,0,1,0,4,1,0,37,53,Unusable
Kameron Misner,670224,NA,2025-05-19,1,0,0,0,4,0,4,1,3,37,52,Unusable
Austin Martin,668885,NA,2025-09-01,5,1,0,0,4,0,2,0,0,37,42,OF4
Kyle Schwarber,656941,12.34,2025-09-01,3,0,0,0,5,2,2,1,0,36,45,OF4
Jackson Merrill,701538,22.38,2025-03-24,5,1,0,0,1,0,1,5,0,36,17,OF2
Jackson Merrill,701538,22.38,2025-09-01,2,1,0,1,1,1,3,1,0,36,45,OF4
Wyatt Langford,694671,24.34,2025-04-28,3,1,0,0,3,0,2,4,0,36,52,Unusable
Anthony Santander,623993,32.63,2025-04-07,3,1,0,1,1,0,2,2,0,36,50,Unusable
Michael Harris II,671739,42.59,2025-06-02,5,0,0,1,0,1,1,3,0,36,52,Unusable
Riley Greene,682985,44.7,2025-09-01,4,1,0,0,2,0,4,2,0,36,45,OF4
Cody Bellinger,641355,47.51,2025-05-26,3,0,0,0,4,1,3,1,1,36,49,Unusable
Brandon Nimmo,607043,51.96,2025-05-12,2,3,0,0,2,0,1,2,0,36,51,Unusable
Randy Arozarena,668227,53.57,2025-05-19,3,1,1,0,1,2,2,0,0,36,54,Unusable
Randy Arozarena,668227,53.57,2025-07-14,1,1,0,1,2,1,3,1,0,36,17,OF2
Randy Arozarena,668227,53.57,2025-08-11,4,0,0,0,1,1,4,1,2,36,58,Unusable
Brenton Doyle,686668,56.73,2025-09-01,6,1,0,0,0,0,2,2,1,36,45,OF4
Nick Castellanos,592206,65.98,2025-06-23,3,1,0,1,1,0,1,3,0,36,62,Unusable
Jasson Dominguez,691176,70.56,2025-04-14,3,1,0,0,3,0,2,4,0,36,57,Unusable
Dylan Crews,686611,71.02,2025-08-25,4,0,0,0,3,1,2,0,2,36,62,Unusable
Spencer Steer,668715,80.57,2025-05-19,6,1,0,0,2,0,1,2,0,36,54,Unusable
Spencer Steer,668715,80.57,2025-07-07,4,0,0,1,1,1,2,2,0,36,58,Unusable
Spencer Steer,668715,80.57,2025-09-01,3,1,0,0,3,0,5,1,0,36,45,OF4
Taylor Ward,621493,83.15,2025-08-25,0,1,0,0,8,0,3,0,0,36,62,Unusable
Heliot Ramos,671218,108.52,2025-09-15,2,1,0,1,2,0,3,1,0,36,49,Unusable
JJ Bleday,668709,111.18,2025-03-31,3,0,0,0,5,0,4,0,1,36,59,Unusable
JJ Bleday,668709,111.18,2025-04-21,3,2,0,0,3,0,2,1,0,36,57,Unusable
Kerry Carpenter,681481,130.48,2025-09-01,0,1,0,1,2,0,4,3,0,36,45,OF4
Jung Hoo Lee,808982,132.35,2025-05-05,4,0,0,1,0,0,3,4,0,36,52,Unusable
Cedric Mullins,656775,133.6,2025-08-11,1,3,0,0,1,0,4,2,0,36,58,Unusable
Joc Pederson,592626,151.33,2025-04-21,1,2,1,0,2,1,1,1,0,36,57,Unusable
Michael Conforto,624424,163,2025-06-30,3,0,0,1,1,0,3,4,0,36,62,Unusable
Jo Adell,666176,198.16,2025-07-07,2,3,0,0,1,1,1,2,0,36,58,Unusable
Jake McCarthy,664983,205.86,2025-06-30,3,0,0,1,1,0,1,4,1,36,62,Unusable
Jesus Sanchez,660821,210.78,2025-06-23,4,1,0,0,2,0,6,0,0,36,62,Unusable
Jesus Sanchez,660821,210.78,2025-07-07,6,1,0,0,0,0,4,2,0,36,58,Unusable
Wilyer Abreu,677800,217.36,2025-07-14,0,0,0,2,2,0,2,3,0,36,17,OF2
Andy Pages,681624,228.33,2025-09-08,5,1,0,0,0,1,5,1,0,36,51,Unusable
Trevor Larnach,663616,237.16,2025-03-31,3,1,0,0,3,0,2,4,0,36,59,Unusable
Luke Raley,670042,237.24,2025-03-31,2,0,0,1,2,2,3,1,0,36,59,Unusable
Luke Raley,670042,237.24,2025-04-07,2,1,0,0,2,0,1,4,2,36,50,Unusable
Giancarlo Stanton,519317,238.16,2025-08-25,0,1,0,1,2,0,2,5,0,36,62,Unusable
Tommy Pham,502054,238.55,2025-08-04,4,0,0,0,4,0,2,2,1,36,53,Unusable
Pavin Smith,656976,239.18,2025-06-09,1,0,0,1,5,0,3,1,0,36,57,Unusable
Jacob Young,696285,239.49,2025-08-25,1,1,0,1,1,0,2,5,0,36,62,Unusable
Alek Thomas,677950,239.91,2025-03-24,3,2,0,0,1,0,3,3,0,36,17,OF2
Alek Thomas,677950,239.91,2025-04-14,3,1,0,0,2,1,2,0,2,36,57,Unusable
Hunter Goodman,696100,239.98,2025-08-04,4,0,0,1,2,0,2,2,0,36,53,Unusable
Hunter Goodman,696100,239.98,2025-08-18,3,2,0,0,1,0,2,4,0,36,56,Unusable
Harrison Bader,664056,239.99,2025-04-14,5,0,0,0,3,0,2,2,1,36,57,Unusable
Harrison Bader,664056,239.99,2025-06-16,2,1,0,1,2,0,1,3,0,36,64,Unusable
Harrison Bader,664056,239.99,2025-08-18,5,1,0,0,2,1,3,0,0,36,56,Unusable
Will Benson,666181,239.99,2025-07-07,2,0,1,1,0,0,4,2,0,36,58,Unusable
Mauricio Dubon,643289,NA,2025-07-21,4,1,0,0,3,1,1,2,0,36,51,Unusable
Blake Dunn,694362,NA,2025-04-07,1,1,0,0,3,2,2,2,1,36,50,Unusable
Tyrone Taylor,621438,NA,2025-06-02,2,1,0,0,3,1,0,2,2,36,52,Unusable
Addison Barger,680718,NA,2025-09-01,2,0,0,1,2,0,1,4,1,36,45,OF4
Chris Taylor,621035,NA,2025-09-01,1,1,0,0,3,2,4,0,1,36,45,OF4
Kyle Isbel,664728,NA,2025-05-05,4,0,1,1,0,0,2,1,0,36,52,Unusable
Alex Call,669743,NA,2025-04-28,5,0,0,0,3,0,3,3,0,36,52,Unusable
Alex Call,669743,NA,2025-07-21,3,0,0,1,1,0,2,5,0,36,51,Unusable
Brandon Lockridge,663604,NA,2025-07-28,4,0,0,0,2,0,3,4,1,36,63,Unusable
Jake Mangum,663968,NA,2025-06-30,3,1,0,1,1,0,3,1,0,36,62,Unusable
Jake Mangum,663968,NA,2025-09-15,5,1,0,0,1,0,0,2,2,36,49,Unusable
Johnathan Rodriguez,671286,NA,2025-09-22,2,0,0,1,2,0,1,4,1,36,45,OF4
Drew Waters,671221,NA,2025-05-19,5,2,0,0,0,1,3,0,0,36,54,Unusable
Corbin Carroll,682998,6.36,2025-05-19,1,0,1,1,2,0,2,2,0,35,57,Unusable
Jarren Duran,680776,15.71,2025-06-09,1,1,0,1,2,0,2,1,1,35,58,Unusable
Brent Rooker,667670,20.89,2025-07-21,4,1,0,0,3,0,3,1,0,35,53,Unusable
Brent Rooker,667670,20.89,2025-08-18,1,1,0,1,2,0,3,2,0,35,58,Unusable
Wyatt Langford,694671,24.34,2025-05-19,4,1,0,0,3,0,2,0,1,35,57,Unusable
Marcell Ozuna,542303,25.41,2025-09-15,3,2,0,0,2,0,1,3,0,35,51,Unusable
Lawrence Butler,671732,38.6,2025-06-09,2,1,0,1,1,0,2,1,1,35,58,Unusable
Bryan Reynolds,668804,42.05,2025-03-31,2,1,0,1,1,0,2,3,0,35,62,Unusable
Seiya Suzuki,673548,54.65,2025-03-24,2,1,0,1,1,0,3,2,0,35,19,OF2
Brenton Doyle,686668,56.73,2025-09-22,1,2,0,1,0,0,2,1,1,35,46,OF4
Spencer Steer,668715,80.57,2025-06-02,5,1,0,0,2,0,1,3,0,35,54,Unusable
Heliot Ramos,671218,108.52,2025-05-19,4,0,0,1,0,1,2,3,0,35,57,Unusable
Jung Hoo Lee,808982,132.35,2025-07-21,4,2,0,0,3,0,0,1,0,35,53,Unusable
Cedric Mullins,656775,133.6,2025-07-21,2,1,0,1,1,0,2,3,0,35,53,Unusable
Cedric Mullins,656775,133.6,2025-08-04,2,0,0,1,3,0,1,2,1,35,55,Unusable
Michael Conforto,624424,163,2025-06-09,1,1,0,1,2,0,2,3,0,35,58,Unusable
Jo Adell,666176,198.16,2025-09-22,3,1,0,1,0,0,3,2,0,35,46,OF4
Austin Hays,669720,212.98,2025-07-28,4,0,0,0,3,0,3,2,1,35,64,Unusable
Wilyer Abreu,677800,217.36,2025-04-14,1,1,0,1,2,0,2,3,0,35,60,Unusable
Brandon Marsh,669016,230.99,2025-03-24,3,0,0,1,2,0,2,3,0,35,19,OF2
Jordan Beck,687597,234.82,2025-08-04,3,0,0,0,5,1,2,0,1,35,55,Unusable
Trevor Larnach,663616,237.16,2025-04-28,6,0,0,0,3,0,2,2,0,35,54,Unusable
Wenceel Perez,672761,238.7,2025-08-11,3,1,0,0,4,0,2,2,0,35,60,Unusable
Tyler Freeman,671289,239.42,2025-09-08,4,2,0,0,0,1,3,1,0,35,52,Unusable
Jacob Young,696285,239.49,2025-04-07,6,0,0,0,3,0,3,1,0,35,53,Unusable
Dominic Canzone,686527,239.73,2025-06-30,5,1,0,1,0,0,1,1,0,35,65,Unusable
Gavin Sheets,657757,239.88,2025-05-26,1,0,0,1,4,0,2,3,0,35,50,Unusable
Alek Thomas,677950,239.91,2025-08-11,5,2,0,0,0,0,1,1,1,35,60,Unusable
Jake Meyers,676694,239.95,2025-05-05,5,0,0,0,4,0,4,0,0,35,54,Unusable
Jake Meyers,676694,239.95,2025-06-09,4,1,0,0,3,0,2,0,1,35,58,Unusable
Hunter Goodman,696100,239.98,2025-07-07,1,0,1,1,2,0,2,2,0,35,62,Unusable
Starling Marte,516782,239.99,2025-07-21,3,3,0,0,2,0,1,0,0,35,53,Unusable
Starling Marte,516782,239.99,2025-08-25,3,0,0,0,3,1,5,2,0,35,66,Unusable
Starling Marte,516782,239.99,2025-09-15,3,1,0,1,0,0,3,2,0,35,51,Unusable
Miguel Andujar,609280,NA,2025-08-18,2,3,0,0,1,0,2,2,0,35,58,Unusable
Blake Dunn,694362,NA,2025-04-14,2,0,0,0,3,2,5,2,0,35,60,Unusable
Colby Thomas,687515,NA,2025-08-04,2,0,0,1,1,0,2,4,1,35,55,Unusable
Trent Grisham,663757,NA,2025-06-23,2,2,0,0,3,0,3,1,0,35,64,Unusable
Angel Martinez,682657,NA,2025-08-04,1,1,0,1,1,1,3,2,0,35,55,Unusable
Corbin Carroll,682998,6.36,2025-03-24,2,2,0,0,2,2,1,1,0,34,21,OF2
Marcell Ozuna,542303,25.41,2025-05-05,3,1,0,0,5,0,1,1,0,34,55,Unusable
Marcell Ozuna,542303,25.41,2025-06-23,5,0,0,0,5,0,2,0,0,34,65,Unusable
Anthony Santander,623993,32.63,2025-05-19,3,0,0,1,3,0,1,2,0,34,60,Unusable
Mike Trout,545361,36.46,2025-09-15,2,1,0,1,2,0,2,1,0,34,53,Unusable
Ian Happ,664023,38.05,2025-05-05,0,0,0,1,3,1,1,3,1,34,55,Unusable
Riley Greene,682985,44.7,2025-08-04,4,0,0,1,0,0,3,3,0,34,59,Unusable
Seiya Suzuki,673548,54.65,2025-08-11,3,1,0,0,3,0,3,2,0,34,62,Unusable
Jurickson Profar,595777,69.27,2025-09-22,2,0,0,0,7,1,1,1,0,34,48,OF4
Jasson Dominguez,691176,70.56,2025-05-12,2,1,0,0,4,0,1,2,1,34,52,Unusable
Jasson Dominguez,691176,70.56,2025-07-07,4,1,0,0,2,0,4,1,0,34,63,Unusable
Dylan Crews,686611,71.02,2025-05-05,0,1,0,1,1,1,3,3,0,34,55,Unusable
Spencer Steer,668715,80.57,2025-09-22,2,1,0,0,5,1,1,1,0,34,48,OF4
Steven Kwan,680757,82.5,2025-08-04,5,1,0,0,1,0,4,1,0,34,59,Unusable
Steven Kwan,680757,82.5,2025-08-25,4,1,0,0,2,0,2,3,0,34,67,Unusable
Jung Hoo Lee,808982,132.35,2025-03-24,2,1,0,0,2,0,4,2,1,34,21,OF2
Nolan Jones,666134,157.02,2025-07-28,2,1,0,0,3,1,3,2,0,34,65,Unusable
TJ Friedl,670770,168.11,2025-04-28,4,0,0,0,2,0,3,1,2,34,55,Unusable
Brendan Donovan,680977,177.69,2025-05-05,2,3,0,0,2,0,2,0,0,34,55,Unusable
Daulton Varsho,662139,183.34,2025-05-19,0,0,1,1,0,0,2,6,0,34,60,Unusable
Lars Nootbaar,663457,186.05,2025-09-08,5,1,0,0,3,0,0,2,0,34,53,Unusable
Jake McCarthy,664983,205.86,2025-09-08,3,1,1,0,0,1,0,4,0,34,53,Unusable
Alec Burleson,676475,219.26,2025-05-19,4,2,0,0,2,0,2,0,0,34,60,Unusable
Alec Burleson,676475,219.26,2025-08-25,3,1,0,1,1,0,2,1,0,34,67,Unusable
Andy Pages,681624,228.33,2025-04-07,1,0,0,2,1,0,2,2,0,34,54,Unusable
Brandon Marsh,669016,230.99,2025-05-26,1,0,0,1,3,0,2,2,1,34,51,Unusable
Sal Frelick,686217,236.71,2025-05-12,4,0,0,1,0,0,1,3,1,34,52,Unusable
Trevor Larnach,663616,237.16,2025-08-04,1,0,0,2,0,1,2,2,0,34,59,Unusable
Giancarlo Stanton,519317,238.16,2025-09-01,1,0,0,2,1,0,2,2,0,34,53,Unusable
Tommy Pham,502054,238.55,2025-09-08,0,0,0,1,6,0,2,1,0,34,53,Unusable
Pavin Smith,656976,239.18,2025-06-16,1,0,0,1,3,0,2,4,0,34,65,Unusable
Dominic Canzone,686527,239.73,2025-07-07,6,2,0,0,0,0,1,1,0,34,63,Unusable
Alek Thomas,677950,239.91,2025-04-07,2,0,1,0,1,1,2,3,1,34,54,Unusable
Starling Marte,516782,239.99,2025-06-30,6,1,0,0,0,0,2,1,1,34,66,Unusable
Starling Marte,516782,239.99,2025-08-04,0,1,0,2,0,0,2,2,0,34,59,Unusable
Davis Schneider,676914,239.99,2025-09-08,1,0,0,1,3,0,2,2,1,34,53,Unusable
Harrison Bader,664056,239.99,2025-07-07,3,0,0,1,1,0,2,2,1,34,63,Unusable
Harrison Bader,664056,239.99,2025-08-04,2,0,0,1,1,1,3,3,0,34,59,Unusable
Miguel Vargas,678246,NA,2025-07-28,4,0,0,1,0,0,3,3,0,34,65,Unusable
Mickey Moniak,666160,NA,2025-06-09,2,1,0,1,2,0,2,1,0,34,62,Unusable
Mickey Moniak,666160,NA,2025-08-11,4,0,0,1,0,0,2,4,0,34,62,Unusable
Mauricio Dubon,643289,NA,2025-08-04,4,2,0,0,0,0,3,2,0,34,59,Unusable
Kyle Stowers,669065,NA,2025-03-24,4,0,0,0,3,1,1,2,1,34,21,OF2
Weston Wilson,642215,NA,2025-08-04,3,0,0,1,1,0,3,3,0,34,59,Unusable
Ramon Laureano,657656,NA,2025-08-18,7,0,0,0,1,0,2,3,0,34,60,Unusable
Dylan Carlson,666185,NA,2025-06-02,3,0,0,1,3,0,1,2,0,34,55,Unusable
Dominic Fletcher,666150,NA,2025-09-22,1,1,0,1,1,0,2,2,1,34,48,OF4
Shohei Ohtani,660271,1.11,2025-03-17,1,1,0,1,2,0,3,1,0,33,1,OF1
Kyle Schwarber,656941,12.34,2025-04-21,2,1,0,0,4,1,1,2,0,33,59,Unusable
Jackson Chourio,694192,13.9,2025-09-15,4,1,0,0,1,0,4,2,0,33,54,Unusable
Marcell Ozuna,542303,25.41,2025-03-24,2,0,0,0,7,0,1,2,0,33,24,OF2
Mike Trout,545361,36.46,2025-07-28,2,1,0,0,4,1,3,0,0,33,67,Unusable
Mike Trout,545361,36.46,2025-09-01,2,1,0,0,4,1,3,0,0,33,54,Unusable
Ian Happ,664023,38.05,2025-06-30,0,1,0,0,7,0,1,2,0,33,67,Unusable
Michael Harris II,671739,42.59,2025-05-19,3,1,0,0,0,0,0,5,2,33,63,Unusable
Brandon Nimmo,607043,51.96,2025-07-14,3,1,0,0,2,0,3,1,1,33,19,OF2
Seiya Suzuki,673548,54.65,2025-04-14,1,0,0,2,0,0,2,3,0,33,62,Unusable
Seiya Suzuki,673548,54.65,2025-09-01,4,0,0,0,3,0,3,1,1,33,54,Unusable
Nick Castellanos,592206,65.98,2025-04-21,3,2,0,0,1,1,2,1,0,33,59,Unusable
Nick Castellanos,592206,65.98,2025-09-08,2,2,0,0,1,0,2,4,0,33,57,Unusable
Jurickson Profar,595777,69.27,2025-09-01,1,2,0,1,0,0,3,1,0,33,54,Unusable
Jasson Dominguez,691176,70.56,2025-05-26,3,1,0,0,2,0,1,1,2,33,52,Unusable
Jasson Dominguez,691176,70.56,2025-06-16,3,0,0,0,4,0,3,1,1,33,66,Unusable
Jasson Dominguez,691176,70.56,2025-08-25,1,1,0,1,0,0,2,5,0,33,69,Unusable
Taylor Ward,621493,83.15,2025-06-09,3,1,0,0,3,1,1,2,0,33,63,Unusable
Jorge Soler,624585,93.81,2025-05-26,3,0,0,1,2,0,2,2,0,33,52,Unusable
Heliot Ramos,671218,108.52,2025-08-18,2,1,0,1,0,1,1,3,0,33,61,Unusable
Matt Wallner,670242,122.55,2025-06-16,2,1,0,1,1,0,2,2,0,33,66,Unusable
Jung Hoo Lee,808982,132.35,2025-06-30,3,1,1,0,0,0,3,2,0,33,67,Unusable
Ceddanne Rafaela,678882,156.21,2025-08-18,1,2,0,0,1,1,3,1,1,33,61,Unusable
Ceddanne Rafaela,678882,156.21,2025-09-01,2,0,0,1,0,1,3,4,0,33,54,Unusable
Lars Nootbaar,663457,186.05,2025-06-02,4,0,0,0,4,1,3,0,0,33,56,Unusable
Jo Adell,666176,198.16,2025-07-14,1,0,0,2,0,0,2,3,0,33,19,OF2
Jesus Sanchez,660821,210.78,2025-06-09,1,1,0,1,0,0,2,3,1,33,63,Unusable
Max Kepler,596146,234.12,2025-06-16,2,0,0,1,3,0,2,2,0,33,66,Unusable
Max Kepler,596146,234.12,2025-06-30,3,0,0,1,2,0,2,2,0,33,67,Unusable
Andrew McCutchen,457705,235.95,2025-06-23,6,0,0,0,1,0,3,3,0,33,66,Unusable
Masataka Yoshida,807799,238.11,2025-08-11,3,1,0,0,2,0,1,5,0,33,64,Unusable
Andrew Benintendi,643217,238.69,2025-08-18,7,0,0,0,2,0,3,0,0,33,61,Unusable
Wenceel Perez,672761,238.7,2025-05-26,2,1,0,1,0,1,3,1,0,33,52,Unusable
Alex Verdugo,657077,238.85,2025-05-05,1,2,0,0,1,1,3,1,1,33,59,Unusable
Jake Meyers,676694,239.95,2025-03-31,0,2,0,0,3,0,2,0,2,33,63,Unusable
Starling Marte,516782,239.99,2025-04-28,2,0,0,1,1,0,1,4,1,33,56,Unusable
Harrison Bader,664056,239.99,2025-04-21,2,1,0,0,3,2,3,0,0,33,59,Unusable
Harrison Bader,664056,239.99,2025-07-14,0,1,0,1,2,1,2,2,0,33,19,OF2
Dane Myers,667472,240,2025-03-24,3,2,0,0,0,0,2,2,1,33,24,OF2
Miguel Vargas,678246,NA,2025-03-31,2,1,0,0,4,1,2,1,0,33,63,Unusable
Miguel Andujar,609280,NA,2025-09-22,7,1,0,0,0,0,2,1,0,33,51,Unusable
Luis Matos,682641,NA,2025-04-28,1,1,0,1,2,0,3,1,0,33,56,Unusable
Randal Grichuk,545341,NA,2025-05-26,3,0,0,1,2,0,2,2,0,33,52,Unusable
Tyrone Taylor,621438,NA,2025-05-05,2,1,1,0,1,0,3,0,1,33,59,Unusable
Tyrone Taylor,621438,NA,2025-05-19,7,0,0,0,1,1,1,2,0,33,63,Unusable
Everson Pereira,677592,NA,2025-08-25,2,0,0,1,1,0,3,4,0,33,69,Unusable
Kameron Misner,670224,NA,2025-05-26,2,1,0,0,3,0,1,3,1,33,52,Unusable
Kyle Stowers,669065,NA,2025-03-31,2,0,0,1,3,0,2,2,0,33,63,Unusable
Trent Grisham,663757,NA,2025-06-09,4,1,0,0,3,0,2,1,0,33,63,Unusable
Trent Grisham,663757,NA,2025-07-21,4,1,0,0,2,1,2,1,0,33,57,Unusable
Derek Hill,656537,NA,2025-05-12,2,0,0,1,1,0,3,2,1,33,54,Unusable
Jason Heyward,518792,NA,2025-04-07,4,0,0,1,1,0,2,2,0,33,56,Unusable
Sam Hilliard,656541,NA,2025-06-16,1,0,0,1,2,0,2,1,2,33,66,Unusable
Aaron Judge,592450,2.1,2025-07-14,2,0,0,1,2,0,4,1,0,32,22,OF2
Yordan Alvarez,670541,9.59,2025-09-08,5,2,0,0,1,0,1,0,0,32,58,Unusable
Julio Rodriguez,677594,14.08,2025-06-30,2,1,0,0,2,0,2,1,2,32,70,Unusable
Anthony Santander,623993,32.63,2025-05-05,4,0,0,1,0,0,1,4,0,32,61,Unusable
Mike Trout,545361,36.46,2025-04-21,1,0,1,1,1,0,2,2,0,32,62,Unusable
Mike Trout,545361,36.46,2025-08-25,1,2,0,0,3,0,2,2,0,32,71,Unusable
Nick Castellanos,592206,65.98,2025-09-15,3,0,0,1,1,0,1,4,0,32,55,Unusable
Dylan Crews,686611,71.02,2025-04-28,2,0,0,0,3,1,1,0,3,32,58,Unusable
Steven Kwan,680757,82.5,2025-03-31,6,0,0,0,2,0,4,0,0,32,66,Unusable
Jorge Soler,624585,93.81,2025-05-05,3,1,0,0,3,0,1,3,0,32,61,Unusable
Heliot Ramos,671218,108.52,2025-06-23,3,2,0,0,2,1,0,1,0,32,67,Unusable
Cedric Mullins,656775,133.6,2025-06-23,2,1,0,0,2,0,3,4,0,32,67,Unusable
Nolan Jones,666134,157.02,2025-05-05,0,1,0,1,2,0,2,1,1,32,61,Unusable
Jesus Sanchez,660821,210.78,2025-09-08,0,0,0,0,4,0,3,1,3,32,58,Unusable
Wilyer Abreu,677800,217.36,2025-04-07,2,1,0,0,4,0,2,0,1,32,57,Unusable
Alec Burleson,676475,219.26,2025-03-31,5,1,0,0,1,0,3,1,0,32,66,Unusable
Alec Burleson,676475,219.26,2025-09-22,5,1,0,0,1,0,1,3,0,32,52,Unusable
Brandon Marsh,669016,230.99,2025-05-05,3,2,0,0,1,0,2,2,0,32,61,Unusable
Andrew McCutchen,457705,235.95,2025-09-15,4,0,0,0,4,0,2,2,0,32,55,Unusable
Trevor Larnach,663616,237.16,2025-07-28,4,0,0,0,4,0,1,3,0,32,68,Unusable
Trevor Larnach,663616,237.16,2025-08-25,6,0,0,0,2,0,1,3,0,32,71,Unusable
Trevor Larnach,663616,237.16,2025-09-08,2,1,0,0,4,0,2,2,0,32,58,Unusable
Tommy Pham,502054,238.55,2025-04-21,5,1,0,0,1,0,3,1,0,32,62,Unusable
Alex Verdugo,657077,238.85,2025-04-28,5,0,0,0,3,0,3,1,0,32,58,Unusable
Jonny DeLuca,676356,239.58,2025-07-28,4,0,1,0,0,0,1,3,1,32,68,Unusable
Alek Thomas,677950,239.91,2025-04-21,4,2,0,0,0,0,2,2,0,32,62,Unusable
Alek Thomas,677950,239.91,2025-06-02,4,0,0,1,0,0,3,2,0,32,57,Unusable
Alek Thomas,677950,239.91,2025-08-25,6,1,0,0,0,0,2,2,0,32,71,Unusable
Alexander Canario,672744,239.96,2025-04-07,1,0,0,1,3,0,4,1,0,32,57,Unusable
Alexander Canario,672744,239.96,2025-05-05,0,2,0,1,2,0,1,1,0,32,61,Unusable
Hunter Goodman,696100,239.98,2025-08-25,4,0,0,1,0,0,2,3,0,32,71,Unusable
Joey Loperfido,694388,239.98,2025-07-07,3,0,0,1,1,0,1,4,0,32,66,Unusable
Starling Marte,516782,239.99,2025-06-09,4,1,0,0,2,0,1,3,0,32,66,Unusable
Davis Schneider,676914,239.99,2025-07-28,4,0,0,0,2,0,2,3,1,32,68,Unusable
Dane Myers,667472,240,2025-05-05,6,0,0,0,0,0,2,1,2,32,61,Unusable
Dane Myers,667472,240,2025-06-02,2,3,0,0,1,1,0,1,0,32,57,Unusable
Miguel Vargas,678246,NA,2025-04-07,2,1,0,0,2,0,2,3,1,32,57,Unusable
Mitch Garver,641598,NA,2025-06-23,2,1,0,1,0,0,1,4,0,32,67,Unusable
Blake Perkins,663368,NA,2025-08-11,3,0,0,0,2,1,3,0,2,32,65,Unusable
Blake Perkins,663368,NA,2025-09-01,1,2,0,0,3,0,1,3,0,32,58,Unusable
Miguel Andujar,609280,NA,2025-04-21,2,0,1,1,0,0,2,2,0,32,62,Unusable
Kyle Isbel,664728,NA,2025-08-18,5,0,0,0,3,0,2,2,0,32,64,Unusable
Angel Martinez,682657,NA,2025-05-26,2,1,0,1,0,0,2,3,0,32,57,Unusable
Alex Call,669743,NA,2025-06-09,4,1,0,0,1,1,3,1,0,32,66,Unusable
Jackson Chourio,694192,13.9,2025-09-01,0,0,0,1,2,1,3,3,0,31,59,Unusable
Brent Rooker,667670,20.89,2025-09-15,3,0,0,1,2,0,1,2,0,31,57,Unusable
Wyatt Langford,694671,24.34,2025-03-24,4,0,0,1,1,0,2,1,0,31,26,OF3
Marcell Ozuna,542303,25.41,2025-04-28,3,1,0,0,3,1,1,1,0,31,60,Unusable
Teoscar Hernandez,606192,29.24,2025-03-24,0,1,0,1,1,0,1,5,0,31,26,OF3
Teoscar Hernandez,606192,29.24,2025-05-26,4,1,0,0,1,0,4,1,0,31,58,Unusable
Mike Trout,545361,36.46,2025-07-14,2,2,0,0,1,0,2,3,0,31,23,OF2
Lawrence Butler,671732,38.6,2025-06-16,5,0,0,1,0,0,1,2,0,31,70,Unusable
Bryan Reynolds,668804,42.05,2025-03-24,3,1,0,0,2,0,1,2,1,31,26,OF3
Bryan Reynolds,668804,42.05,2025-06-09,1,1,1,0,2,0,1,3,0,31,68,Unusable
Riley Greene,682985,44.7,2025-04-14,5,0,0,0,2,0,2,3,0,31,63,Unusable
Cody Bellinger,641355,47.51,2025-08-04,4,0,0,0,3,0,2,1,1,31,66,Unusable
Jasson Dominguez,691176,70.56,2025-07-21,2,0,0,1,0,1,2,2,1,31,58,Unusable
Spencer Steer,668715,80.57,2025-05-05,2,1,0,0,3,0,3,0,1,31,67,Unusable
Steven Kwan,680757,82.5,2025-05-12,3,1,0,0,1,1,1,0,2,31,55,Unusable
Steven Kwan,680757,82.5,2025-07-28,6,0,0,0,1,0,4,1,0,31,71,Unusable
Tyler O'Neill,641933,104.59,2025-09-22,3,0,0,1,2,0,1,2,0,31,53,Unusable
George Springer,543807,107.02,2025-03-24,3,1,0,0,2,0,1,2,1,31,26,OF3
Heliot Ramos,671218,108.52,2025-09-01,6,0,0,0,0,1,4,1,0,31,59,Unusable
Matt Wallner,670242,122.55,2025-06-30,2,0,0,1,3,0,2,1,0,31,71,Unusable
Cedric Mullins,656775,133.6,2025-09-15,2,0,0,1,1,0,2,2,1,31,57,Unusable
TJ Friedl,670770,168.11,2025-08-11,3,1,0,0,1,1,5,0,0,31,66,Unusable
Lars Nootbaar,663457,186.05,2025-09-22,2,1,0,0,5,0,2,0,0,31,53,Unusable
Jo Adell,666176,198.16,2025-05-19,1,0,0,1,2,2,1,2,0,31,65,Unusable
Jesus Sanchez,660821,210.78,2025-07-21,4,0,0,1,1,0,1,2,0,31,58,Unusable
Wilyer Abreu,677800,217.36,2025-05-19,2,1,0,1,1,0,2,1,0,31,65,Unusable
Andrew McCutchen,457705,235.95,2025-04-28,2,2,0,0,2,1,0,2,0,31,60,Unusable
Heston Kjerstad,677008,238.03,2025-05-12,2,0,0,1,2,1,2,1,0,31,55,Unusable
Masataka Yoshida,807799,238.11,2025-07-28,2,0,0,1,0,1,1,3,1,31,71,Unusable
Wenceel Perez,672761,238.7,2025-08-25,3,2,0,0,2,0,0,2,0,31,75,Unusable
Myles Straw,664702,238.89,2025-04-14,1,0,0,1,2,0,3,1,1,31,63,Unusable
Jesse Winker,608385,239.37,2025-04-21,2,1,0,1,1,0,2,1,0,31,66,Unusable
Tyler Freeman,671289,239.42,2025-05-26,3,0,0,1,0,0,1,3,1,31,58,Unusable
Jacob Young,696285,239.49,2025-06-16,5,1,0,0,2,0,2,0,0,31,70,Unusable
Alexander Canario,672744,239.96,2025-08-18,3,0,0,1,0,0,2,2,1,31,65,Unusable
Davis Schneider,676914,239.99,2025-09-15,4,0,0,0,5,0,2,0,0,31,57,Unusable
Harrison Bader,664056,239.99,2025-06-02,0,1,0,1,3,0,1,2,0,31,59,Unusable
Jack Suwinski,669261,NA,2025-08-11,0,1,0,1,2,1,2,1,0,31,66,Unusable
Jack Suwinski,669261,NA,2025-09-22,2,2,0,0,0,1,1,2,1,31,53,Unusable
Luis Matos,682641,NA,2025-03-31,2,0,0,1,1,0,3,1,1,31,68,Unusable
Jacob Melton,689200,NA,2025-06-09,3,0,1,0,0,0,1,4,1,31,68,Unusable
Kyle Stowers,669065,NA,2025-08-04,5,0,0,0,4,0,2,0,0,31,66,Unusable
Addison Barger,680718,NA,2025-05-12,2,1,0,1,1,0,2,1,0,31,55,Unusable
Kyle Isbel,664728,NA,2025-04-28,3,0,0,1,0,0,2,2,1,31,60,Unusable
Kyle Isbel,664728,NA,2025-08-04,5,1,0,0,0,0,2,3,0,31,66,Unusable
Kyle Isbel,664728,NA,2025-08-11,2,0,0,1,3,0,1,2,0,31,66,Unusable
Angel Martinez,682657,NA,2025-09-08,1,1,0,1,2,0,2,1,0,31,61,Unusable
Brandon Lockridge,663604,NA,2025-08-11,3,1,1,0,0,0,3,1,0,31,66,Unusable
Dylan Carlson,666185,NA,2025-05-19,2,1,0,1,1,0,1,2,0,31,65,Unusable
Drew Waters,671221,NA,2025-04-14,3,1,0,0,2,0,2,1,1,31,63,Unusable
Shohei Ohtani,660271,1.11,2025-08-25,4,0,0,0,4,0,2,1,0,30,76,Unusable
Corbin Carroll,682998,6.36,2025-06-16,0,1,1,0,3,1,2,0,0,30,72,Unusable
Corbin Carroll,682998,6.36,2025-07-21,2,2,0,0,0,0,2,2,1,30,60,Unusable
Jackson Merrill,701538,22.38,2025-05-19,5,1,0,0,1,0,2,1,0,30,68,Unusable
Marcell Ozuna,542303,25.41,2025-04-14,2,0,0,1,2,0,3,1,0,30,66,Unusable
Teoscar Hernandez,606192,29.24,2025-08-25,2,1,0,0,3,1,3,0,0,30,76,Unusable
Lawrence Butler,671732,38.6,2025-06-23,1,0,0,0,5,0,2,0,2,30,70,Unusable
Bryan Reynolds,668804,42.05,2025-05-12,2,0,0,1,2,0,1,3,0,30,58,Unusable
Adolis Garcia,666969,49.79,2025-05-19,1,1,0,1,1,0,1,3,0,30,68,Unusable
Brandon Nimmo,607043,51.96,2025-09-08,4,0,0,1,0,0,2,2,0,30,62,Unusable
Randy Arozarena,668227,53.57,2025-05-26,2,0,0,1,1,1,1,3,0,30,60,Unusable
Brenton Doyle,686668,56.73,2025-06-16,2,2,0,0,0,0,4,0,1,30,72,Unusable
Colton Cowser,681297,70.73,2025-07-07,5,0,0,0,0,1,1,1,2,30,67,Unusable
Dylan Crews,686611,71.02,2025-08-11,2,1,0,0,2,0,2,2,1,30,70,Unusable
Spencer Steer,668715,80.57,2025-08-18,1,1,0,1,1,0,1,3,0,30,66,Unusable
JJ Bleday,668709,111.18,2025-07-28,2,1,0,1,0,0,3,1,0,30,73,Unusable
Jung Hoo Lee,808982,132.35,2025-06-23,1,0,1,0,3,2,2,0,0,30,70,Unusable
Byron Buxton,621439,140.84,2025-05-12,1,0,0,1,3,0,3,1,0,30,58,Unusable
Byron Buxton,621439,140.84,2025-07-21,2,0,0,1,2,0,2,2,0,30,60,Unusable
Nolan Jones,666134,157.02,2025-06-23,2,1,0,0,2,0,2,2,1,30,70,Unusable
Michael Conforto,624424,163,2025-04-14,2,0,0,0,5,1,3,0,0,30,66,Unusable
TJ Friedl,670770,168.11,2025-08-18,5,0,0,0,3,0,1,2,0,30,66,Unusable
Jo Adell,666176,198.16,2025-03-31,2,1,0,0,1,1,2,4,0,30,69,Unusable
Jesus Sanchez,660821,210.78,2025-09-01,1,0,0,1,3,0,3,1,0,30,61,Unusable
Jordan Walker,691023,219.58,2025-05-12,2,0,0,1,0,0,2,3,1,30,58,Unusable
Parker Meadows,678009,227.67,2025-07-21,2,2,0,0,2,0,3,0,0,30,60,Unusable
Parker Meadows,678009,227.67,2025-09-15,1,1,1,0,3,0,0,0,1,30,60,Unusable
Brandon Marsh,669016,230.99,2025-09-22,2,2,0,0,2,0,0,1,1,30,56,Unusable
Jordan Beck,687597,234.82,2025-07-21,4,1,0,0,2,0,1,2,0,30,60,Unusable
Sal Frelick,686217,236.71,2025-04-28,3,1,0,0,2,1,2,1,0,30,63,Unusable
Heston Kjerstad,677008,238.03,2025-03-31,4,1,0,0,0,0,3,3,0,30,69,Unusable
Tommy Pham,502054,238.55,2025-09-01,2,2,0,0,0,0,2,4,0,30,61,Unusable
Andrew Benintendi,643217,238.69,2025-06-30,3,1,0,0,1,0,4,2,0,30,72,Unusable
Wenceel Perez,672761,238.7,2025-06-30,3,0,0,1,1,0,2,2,0,30,72,Unusable
Wenceel Perez,672761,238.7,2025-07-07,4,0,0,0,2,0,3,1,1,30,67,Unusable
Pavin Smith,656976,239.18,2025-03-24,1,3,0,0,1,0,2,1,0,30,30,OF3
Pavin Smith,656976,239.18,2025-05-26,1,1,1,0,1,0,1,4,0,30,60,Unusable
Jacob Young,696285,239.49,2025-05-05,3,1,0,0,1,0,1,3,1,30,68,Unusable
Chas McCormick,676801,239.53,2025-07-21,4,1,0,0,0,0,3,1,1,30,60,Unusable
Jarred Kelenic,672284,239.76,2025-04-07,1,1,0,0,5,0,3,0,0,30,60,Unusable
Gavin Sheets,657757,239.88,2025-05-12,3,0,0,1,0,1,2,2,0,30,58,Unusable
Hunter Goodman,696100,239.98,2025-07-21,5,1,0,0,1,0,1,2,0,30,60,Unusable
Starling Marte,516782,239.99,2025-04-07,2,1,0,0,1,1,0,4,1,30,60,Unusable
Starling Marte,516782,239.99,2025-05-19,5,0,0,0,2,1,2,1,0,30,68,Unusable
Dane Myers,667472,240,2025-06-16,3,1,0,0,2,1,1,2,0,30,72,Unusable
Mitch Garver,641598,NA,2025-05-19,3,1,0,0,1,0,1,3,1,30,68,Unusable
Miguel Andujar,609280,NA,2025-03-31,5,1,0,0,1,0,2,1,0,30,69,Unusable
Miguel Andujar,609280,NA,2025-05-05,4,1,0,0,0,0,1,5,0,30,68,Unusable
Randal Grichuk,545341,NA,2025-05-19,1,1,0,1,1,0,2,2,0,30,68,Unusable
Randal Grichuk,545341,NA,2025-08-11,2,2,0,0,2,0,2,1,0,30,70,Unusable
Kyle Isbel,664728,NA,2025-07-07,3,1,1,0,1,0,2,0,0,30,67,Unusable
Ramon Laureano,657656,NA,2025-04-28,1,2,0,0,3,0,0,1,1,30,63,Unusable
Ramon Laureano,657656,NA,2025-09-08,1,1,0,0,3,0,2,4,0,30,62,Unusable
Jonatan Clase,682729,NA,2025-06-09,3,0,0,1,1,0,3,1,0,30,70,Unusable
Julio Rodriguez,677594,14.08,2025-06-16,3,1,0,0,2,0,3,1,0,29,75,Unusable
Julio Rodriguez,677594,14.08,2025-07-14,3,0,0,0,2,0,2,1,2,29,24,OF2
Jarren Duran,680776,15.71,2025-03-24,3,1,0,0,1,1,0,0,2,29,31,OF3
Brent Rooker,667670,20.89,2025-03-24,3,0,0,1,0,0,2,3,0,29,31,OF3
Teoscar Hernandez,606192,29.24,2025-08-18,1,1,0,1,0,0,2,3,0,29,68,Unusable
Anthony Santander,623993,32.63,2025-03-31,3,1,0,0,4,0,1,0,0,29,72,Unusable
Mike Trout,545361,36.46,2025-08-18,4,1,0,0,3,0,1,0,0,29,68,Unusable
Brenton Doyle,686668,56.73,2025-06-23,1,1,0,1,0,0,3,2,0,29,73,Unusable
Spencer Steer,668715,80.57,2025-03-31,1,0,0,1,2,0,2,3,0,29,72,Unusable
George Springer,543807,107.02,2025-04-14,1,2,0,0,2,0,3,1,0,29,68,Unusable
Jung Hoo Lee,808982,132.35,2025-04-28,4,0,0,0,0,1,3,4,0,29,65,Unusable
Jung Hoo Lee,808982,132.35,2025-05-26,5,0,0,0,1,1,0,0,2,29,62,Unusable
Nolan Jones,666134,157.02,2025-04-07,1,1,0,0,4,0,1,1,1,29,62,Unusable
Daulton Varsho,662139,183.34,2025-05-05,1,1,0,1,0,0,1,4,0,29,70,Unusable
Lars Nootbaar,663457,186.05,2025-04-07,2,0,0,0,5,0,0,0,2,29,62,Unusable
Lars Nootbaar,663457,186.05,2025-09-01,6,0,0,0,1,0,3,1,0,29,63,Unusable
Austin Hays,669720,212.98,2025-09-15,5,1,0,0,0,0,4,0,0,29,61,Unusable
Jordan Walker,691023,219.58,2025-04-07,3,0,0,1,0,0,1,4,0,29,62,Unusable
Max Kepler,596146,234.12,2025-05-05,1,1,0,0,3,1,1,3,0,29,70,Unusable
Andrew McCutchen,457705,235.95,2025-06-30,3,1,0,0,4,0,1,0,0,29,74,Unusable
Sal Frelick,686217,236.71,2025-04-21,4,1,0,0,1,0,2,2,0,29,67,Unusable
Trevor Larnach,663616,237.16,2025-06-30,3,3,0,0,0,0,1,0,0,29,74,Unusable
Trevor Larnach,663616,237.16,2025-07-07,0,0,0,1,3,0,2,3,0,29,70,Unusable
Luke Raley,670042,237.24,2025-04-21,4,0,0,0,1,2,3,1,0,29,67,Unusable
Masataka Yoshida,807799,238.11,2025-07-07,2,2,0,0,0,1,1,1,1,29,70,Unusable
Giancarlo Stanton,519317,238.16,2025-06-16,5,1,0,0,2,0,0,1,0,29,75,Unusable
Tommy Pham,502054,238.55,2025-04-07,2,1,0,0,3,0,2,2,0,29,62,Unusable
Tommy Pham,502054,238.55,2025-04-14,3,1,0,0,2,0,3,1,0,29,68,Unusable
Alex Verdugo,657077,238.85,2025-05-19,5,0,0,0,1,1,3,1,0,29,73,Unusable
Myles Straw,664702,238.89,2025-04-07,4,0,0,0,1,0,3,2,1,29,62,Unusable
Myles Straw,664702,238.89,2025-08-18,0,1,0,0,3,0,2,1,2,29,68,Unusable
Myles Straw,664702,238.89,2025-08-25,4,1,0,0,1,0,2,2,0,29,78,Unusable
Jerar Encarnacion,666464,239.3,2025-09-15,4,1,0,0,1,0,1,3,0,29,61,Unusable
Jacob Young,696285,239.49,2025-07-21,3,1,0,0,1,1,1,3,0,29,66,Unusable
Alek Thomas,677950,239.91,2025-08-04,2,0,0,1,0,1,2,3,0,29,69,Unusable
Starling Marte,516782,239.99,2025-09-08,5,1,0,0,0,0,1,3,0,29,64,Unusable
Dane Myers,667472,240,2025-09-15,3,1,0,0,0,0,1,4,1,29,61,Unusable
Mitch Garver,641598,NA,2025-04-28,2,0,0,0,5,0,2,0,1,29,65,Unusable
Mitch Garver,641598,NA,2025-08-18,2,0,0,1,1,0,3,2,0,29,68,Unusable
Miguel Andujar,609280,NA,2025-07-21,4,0,0,1,1,0,1,1,0,29,66,Unusable
Randal Grichuk,545341,NA,2025-03-31,1,2,0,0,2,0,1,3,0,29,72,Unusable
Randal Grichuk,545341,NA,2025-07-28,2,0,0,1,1,0,4,1,0,29,74,Unusable
Kameron Misner,670224,NA,2025-05-12,3,0,0,1,0,0,3,2,0,29,62,Unusable
Kyle Stowers,669065,NA,2025-05-05,1,0,0,1,4,0,1,1,0,29,70,Unusable
Mike Tauchman,643565,NA,2025-05-19,1,0,0,1,2,0,3,2,0,29,73,Unusable
Mike Tauchman,643565,NA,2025-06-23,5,2,0,0,0,0,1,0,0,29,73,Unusable
Trent Grisham,663757,NA,2025-05-19,3,1,0,0,2,0,2,2,0,29,73,Unusable
Trent Grisham,663757,NA,2025-08-04,3,0,0,1,2,0,1,1,0,29,69,Unusable
Jake Mangum,663968,NA,2025-09-08,6,0,0,0,1,0,1,1,1,29,64,Unusable
Ramon Laureano,657656,NA,2025-06-02,2,0,0,1,1,0,1,4,0,29,60,Unusable
Dylan Carlson,666185,NA,2025-06-16,5,1,0,0,0,0,2,0,1,29,75,Unusable
Jason Heyward,518792,NA,2025-05-05,1,0,0,1,0,0,3,5,0,29,70,Unusable
Kyle Tucker,663656,7.8,2025-06-02,1,2,0,0,3,0,1,1,0,28,61,Unusable
Kyle Tucker,663656,7.8,2025-08-04,3,0,0,0,2,1,2,1,1,28,71,Unusable
Jackson Merrill,701538,22.38,2025-06-30,3,0,0,0,3,0,2,3,0,28,76,Unusable
Marcell Ozuna,542303,25.41,2025-09-08,2,2,0,0,2,0,2,0,0,28,66,Unusable
Teoscar Hernandez,606192,29.24,2025-06-23,3,2,0,0,1,0,0,2,0,28,75,Unusable
Lawrence Butler,671732,38.6,2025-08-18,0,2,0,0,2,0,2,3,0,28,72,Unusable
Brenton Doyle,686668,56.73,2025-05-05,5,0,0,0,1,0,1,2,1,28,74,Unusable
Christian Yelich,592885,58.87,2025-07-21,5,0,0,0,1,0,2,1,1,28,68,Unusable
Spencer Steer,668715,80.57,2025-04-14,2,1,0,0,2,0,4,1,0,28,70,Unusable
Matt Wallner,670242,122.55,2025-05-26,1,0,0,1,1,2,1,2,0,28,63,Unusable
Matt Wallner,670242,122.55,2025-08-18,1,1,0,1,0,1,1,2,0,28,72,Unusable
Byron Buxton,621439,140.84,2025-05-26,4,0,0,0,0,0,3,3,1,28,63,Unusable
Joc Pederson,592626,151.33,2025-09-08,2,0,0,0,4,0,1,4,0,28,66,Unusable
Joc Pederson,592626,151.33,2025-09-15,3,1,0,0,2,1,2,0,0,28,64,Unusable
Michael Conforto,624424,163,2025-05-05,3,1,0,0,2,1,2,0,0,28,74,Unusable
Michael Conforto,624424,163,2025-07-28,2,1,0,0,4,0,2,0,0,28,75,Unusable
Michael Conforto,624424,163,2025-09-22,1,0,0,0,5,0,5,0,0,28,57,Unusable
TJ Friedl,670770,168.11,2025-06-23,5,0,0,0,3,0,1,1,0,28,75,Unusable
TJ Friedl,670770,168.11,2025-06-30,4,1,0,0,1,1,2,0,0,28,76,Unusable
Garrett Mitchell,669003,170.7,2025-03-31,3,1,0,0,3,0,1,1,0,28,75,Unusable
Garrett Mitchell,669003,170.7,2025-04-14,0,2,1,0,0,0,3,1,0,28,70,Unusable
Evan Carter,694497,197.41,2025-06-02,2,1,0,1,0,0,1,2,0,28,61,Unusable
Jordan Walker,691023,219.58,2025-09-15,4,0,0,0,3,1,1,1,0,28,64,Unusable
Brandon Marsh,669016,230.99,2025-07-21,3,1,0,0,3,0,2,0,0,28,68,Unusable
Andrew McCutchen,457705,235.95,2025-03-24,0,1,0,1,2,0,1,2,0,28,33,OF3
Andrew McCutchen,457705,235.95,2025-05-05,3,1,0,0,3,0,0,2,0,28,74,Unusable
Andrew McCutchen,457705,235.95,2025-05-12,4,0,0,0,4,0,2,0,0,28,63,Unusable
Tommy Pham,502054,238.55,2025-06-16,1,2,0,0,1,0,1,4,0,28,78,Unusable
Jhonkensy Noel,678877,238.56,2025-04-07,5,0,0,0,1,0,4,1,0,28,67,Unusable
Wenceel Perez,672761,238.7,2025-09-08,2,1,0,0,2,0,3,2,0,28,66,Unusable
Mike Yastrzemski,573262,238.77,2025-07-07,2,1,0,0,4,0,2,0,0,28,72,Unusable
Mike Yastrzemski,573262,238.77,2025-09-08,2,2,0,0,2,0,2,0,0,28,66,Unusable
Myles Straw,664702,238.89,2025-06-30,2,1,0,0,2,0,5,0,0,28,76,Unusable
Jerar Encarnacion,666464,239.3,2025-08-04,0,0,0,2,0,0,2,2,0,28,71,Unusable
Gavin Sheets,657757,239.88,2025-06-02,2,0,1,0,2,0,0,4,0,28,61,Unusable
Gavin Sheets,657757,239.88,2025-09-15,3,0,0,0,3,0,2,3,0,28,64,Unusable
Alek Thomas,677950,239.91,2025-05-12,2,0,0,1,2,0,1,2,0,28,63,Unusable
Jake Meyers,676694,239.95,2025-06-23,5,0,0,0,1,0,3,0,1,28,75,Unusable
Alexander Canario,672744,239.96,2025-06-23,0,2,0,0,2,0,3,2,0,28,75,Unusable
Davis Schneider,676914,239.99,2025-07-07,0,0,0,2,0,0,2,2,0,28,72,Unusable
Will Benson,666181,239.99,2025-06-16,1,1,0,0,3,0,1,4,0,28,78,Unusable
Miguel Vargas,678246,NA,2025-09-08,2,1,0,0,1,1,2,1,1,28,66,Unusable
Mickey Moniak,666160,NA,2025-06-02,1,0,0,1,1,0,2,2,1,28,61,Unusable
Jake Fraley,641584,NA,2025-04-28,1,0,0,1,3,0,2,1,0,28,67,Unusable
Jacob Melton,689200,NA,2025-06-02,2,0,0,0,2,0,2,2,2,28,61,Unusable
Chris Taylor,621035,NA,2025-09-08,2,0,0,1,0,0,1,5,0,28,66,Unusable
Angel Martinez,682657,NA,2025-04-14,4,0,1,0,0,0,2,0,1,28,70,Unusable
Angel Martinez,682657,NA,2025-06-30,3,2,0,0,1,0,1,1,0,28,76,Unusable
Alex Call,669743,NA,2025-09-15,1,1,0,1,1,0,1,2,0,28,64,Unusable
Jake Mangum,663968,NA,2025-08-11,4,0,0,0,0,0,3,1,2,28,72,Unusable
Dylan Carlson,666185,NA,2025-06-09,4,0,0,1,0,0,2,1,0,28,71,Unusable
Austin Martin,668885,NA,2025-09-22,3,0,0,0,3,0,2,1,1,28,57,Unusable
Aaron Judge,592450,2.1,2025-08-04,3,0,0,0,4,0,2,1,0,27,73,Unusable
Jackson Chourio,694192,13.9,2025-05-12,2,1,0,0,1,0,0,0,3,27,65,Unusable
Jarren Duran,680776,15.71,2025-09-01,3,1,0,0,2,0,2,1,0,27,64,Unusable
Jarren Duran,680776,15.71,2025-09-22,1,2,0,0,1,1,1,2,0,27,59,Unusable
Wyatt Langford,694671,24.34,2025-06-16,2,2,0,0,1,0,2,1,0,27,80,Unusable
Teoscar Hernandez,606192,29.24,2025-09-15,1,1,0,0,3,1,2,1,0,27,68,Unusable
Ian Happ,664023,38.05,2025-05-19,3,0,0,0,2,0,4,2,0,27,76,Unusable
Ian Happ,664023,38.05,2025-07-14,1,1,0,1,0,0,2,2,0,27,25,OF3
Lawrence Butler,671732,38.6,2025-05-05,2,0,0,1,1,0,1,3,0,27,77,Unusable
Cody Bellinger,641355,47.51,2025-04-07,2,0,1,0,1,0,3,2,0,27,68,Unusable
Nick Castellanos,592206,65.98,2025-04-28,5,1,0,0,0,0,1,2,0,27,68,Unusable
Jasson Dominguez,691176,70.56,2025-08-11,5,0,0,0,0,0,1,3,1,27,73,Unusable
Spencer Steer,668715,80.57,2025-04-07,1,2,0,0,2,0,3,0,0,27,68,Unusable
Spencer Steer,668715,80.57,2025-05-26,4,0,0,0,3,0,0,3,0,27,65,Unusable
Taylor Ward,621493,83.15,2025-04-21,1,0,0,1,2,0,2,2,0,27,69,Unusable
Joc Pederson,592626,151.33,2025-09-22,2,0,0,1,1,0,3,1,0,27,59,Unusable
Lars Nootbaar,663457,186.05,2025-08-04,3,2,0,0,0,0,1,2,0,27,73,Unusable
Jo Adell,666176,198.16,2025-04-14,3,2,0,0,0,0,0,3,0,27,73,Unusable
Alec Burleson,676475,219.26,2025-04-28,2,0,0,1,1,0,2,2,0,27,68,Unusable
Jordan Walker,691023,219.58,2025-05-26,2,0,1,0,1,0,2,3,0,27,65,Unusable
Andy Pages,681624,228.33,2025-07-07,5,0,0,0,2,0,0,1,1,27,74,Unusable
Brandon Marsh,669016,230.99,2025-07-07,5,0,0,0,2,0,2,1,0,27,74,Unusable
Max Kepler,596146,234.12,2025-08-25,2,0,0,1,1,0,2,2,0,27,79,Unusable
Bryan De La Cruz,650559,234.2,2025-04-07,4,1,0,0,1,0,1,0,1,27,68,Unusable
Heston Kjerstad,677008,238.03,2025-04-07,1,1,0,1,0,0,2,2,0,27,68,Unusable
Andrew Benintendi,643217,238.69,2025-03-24,1,0,0,1,2,0,1,3,0,27,34,OF3
Andrew Benintendi,643217,238.69,2025-09-15,0,0,0,1,3,0,1,3,0,27,68,Unusable
Alex Verdugo,657077,238.85,2025-04-14,3,2,0,0,0,0,2,1,0,27,73,Unusable
Myles Straw,664702,238.89,2025-05-05,5,0,0,0,0,0,2,4,0,27,77,Unusable
Pavin Smith,656976,239.18,2025-05-12,2,2,0,0,1,0,2,1,0,27,65,Unusable
Jacob Young,696285,239.49,2025-07-07,4,0,0,0,1,0,1,3,1,27,74,Unusable
Gavin Sheets,657757,239.88,2025-03-24,3,0,0,1,0,0,1,1,1,27,34,OF3
Griffin Conine,665052,239.92,2025-03-31,4,1,0,0,1,0,3,0,0,27,76,Unusable
Joey Loperfido,694388,239.98,2025-08-04,4,1,0,0,0,1,2,1,0,27,73,Unusable
Davis Schneider,676914,239.99,2025-06-02,2,0,0,1,1,0,3,1,0,27,66,Unusable
Will Benson,666181,239.99,2025-06-02,1,0,0,1,2,0,3,1,0,27,66,Unusable
Dane Myers,667472,240,2025-08-11,2,0,0,1,1,0,2,2,0,27,73,Unusable
James Outman,681546,240,2025-08-18,1,2,0,0,1,1,2,1,0,27,74,Unusable
Miguel Vargas,678246,NA,2025-07-07,3,1,0,0,1,1,2,1,0,27,74,Unusable
Miguel Andujar,609280,NA,2025-04-14,4,1,0,0,1,0,1,2,0,27,73,Unusable
Miguel Andujar,609280,NA,2025-08-25,4,1,0,0,1,0,1,2,0,27,79,Unusable
Luis Matos,682641,NA,2025-06-30,0,3,0,0,1,0,1,2,0,27,80,Unusable
Mauricio Dubon,643289,NA,2025-09-01,3,1,0,0,2,0,1,2,0,27,64,Unusable
Jake Fraley,641584,NA,2025-07-21,3,1,0,0,2,0,1,2,0,27,70,Unusable
Jake Fraley,641584,NA,2025-07-28,1,0,0,1,2,0,2,2,0,27,76,Unusable
Stuart Fairchild,656413,NA,2025-05-12,1,1,0,0,2,0,2,2,1,27,65,Unusable
Seth Brown,664913,NA,2025-04-28,1,1,0,0,1,1,3,1,1,27,68,Unusable
Kameron Misner,670224,NA,2025-06-09,2,1,0,0,1,0,2,2,1,27,72,Unusable
Kyle Stowers,669065,NA,2025-04-14,5,0,0,0,2,0,2,1,0,27,73,Unusable
Mike Tauchman,643565,NA,2025-09-01,3,1,0,0,2,0,1,2,0,27,64,Unusable
Trent Grisham,663757,NA,2025-06-02,2,0,0,0,5,0,2,1,0,27,66,Unusable
Kyle Isbel,664728,NA,2025-05-12,2,1,1,0,1,0,2,0,0,27,65,Unusable
Angel Martinez,682657,NA,2025-04-07,3,2,0,0,0,0,0,3,0,27,68,Unusable
Angel Martinez,682657,NA,2025-06-09,5,0,0,0,0,0,4,2,0,27,72,Unusable
Travis Jankowski,608671,NA,2025-05-05,2,1,0,0,1,0,2,2,1,27,77,Unusable
Drew Waters,671221,NA,2025-04-28,6,0,0,0,1,0,1,2,0,27,68,Unusable
Drew Waters,671221,NA,2025-05-26,5,0,0,0,0,0,0,4,1,27,65,Unusable
Juan Soto,665742,3.25,2025-07-14,0,0,0,1,2,0,2,1,1,26,26,OF3
Jarren Duran,680776,15.71,2025-05-26,3,1,0,0,1,0,1,1,1,26,68,Unusable
Brent Rooker,667670,20.89,2025-04-07,1,1,1,0,3,0,0,0,0,26,73,Unusable
Jackson Merrill,701538,22.38,2025-05-12,3,0,1,0,1,0,2,1,0,26,69,Unusable
Jackson Merrill,701538,22.38,2025-06-02,4,1,0,0,0,0,3,1,0,26,69,Unusable
Jackson Merrill,701538,22.38,2025-08-04,1,1,0,0,3,0,2,2,0,26,76,Unusable
Bryan Reynolds,668804,42.05,2025-05-05,1,0,0,1,1,0,3,2,0,26,80,Unusable
Michael Harris II,671739,42.59,2025-07-07,2,2,0,0,0,0,3,1,0,26,78,Unusable
Cody Bellinger,641355,47.51,2025-03-31,2,0,0,0,2,0,3,0,2,26,77,Unusable
Jasson Dominguez,691176,70.56,2025-06-09,4,1,0,0,0,0,1,1,1,26,74,Unusable
Jasson Dominguez,691176,70.56,2025-09-15,1,1,0,0,0,1,2,1,2,26,70,Unusable
Colton Cowser,681297,70.73,2025-07-21,2,0,0,0,2,0,3,0,2,26,71,Unusable
Steven Kwan,680757,82.5,2025-09-22,3,1,0,0,1,0,3,1,0,26,61,Unusable
Taylor Ward,621493,83.15,2025-03-31,4,0,0,0,2,0,2,2,0,26,77,Unusable
Jorge Soler,624585,93.81,2025-07-14,2,0,0,1,2,0,1,1,0,26,26,OF3
Tyler O'Neill,641933,104.59,2025-04-07,1,0,0,1,1,2,1,1,0,26,73,Unusable
Tyler O'Neill,641933,104.59,2025-07-28,1,0,0,1,1,0,1,4,0,26,77,Unusable
George Springer,543807,107.02,2025-05-19,1,1,0,0,2,1,2,0,1,26,77,Unusable
George Springer,543807,107.02,2025-06-09,3,1,0,0,1,0,1,3,0,26,74,Unusable
Kerry Carpenter,681481,130.48,2025-09-15,3,0,0,1,1,0,1,1,0,26,70,Unusable
Cedric Mullins,656775,133.6,2025-04-28,3,0,0,1,1,0,1,1,0,26,72,Unusable
Josh Lowe,666139,138.27,2025-07-07,1,1,0,0,3,0,1,3,0,26,78,Unusable
Ceddanne Rafaela,678882,156.21,2025-07-21,5,0,0,0,1,0,2,0,1,26,71,Unusable
Ceddanne Rafaela,678882,156.21,2025-08-04,2,0,0,0,2,0,2,1,2,26,76,Unusable
Garrett Mitchell,669003,170.7,2025-04-07,2,1,0,0,2,0,1,1,1,26,73,Unusable
Lars Nootbaar,663457,186.05,2025-05-19,2,1,0,0,1,1,3,1,0,26,77,Unusable
Evan Carter,694497,197.41,2025-05-12,0,0,0,0,3,1,2,1,2,26,69,Unusable
Evan Carter,694497,197.41,2025-08-18,3,0,0,0,1,2,1,1,1,26,75,Unusable
Jo Adell,666176,198.16,2025-05-12,1,1,0,0,3,0,3,1,0,26,69,Unusable
Jesus Sanchez,660821,210.78,2025-09-22,2,0,0,1,0,0,1,2,1,26,61,Unusable
Wilyer Abreu,677800,217.36,2025-05-26,3,0,0,1,1,0,1,1,0,26,68,Unusable
Alec Burleson,676475,219.26,2025-08-04,5,0,0,0,1,0,2,2,0,26,76,Unusable
Jordan Walker,691023,219.58,2025-07-28,3,1,0,0,1,0,0,2,1,26,77,Unusable
Jordan Beck,687597,234.82,2025-08-18,5,1,0,0,1,0,1,0,0,26,75,Unusable
Heston Kjerstad,677008,238.03,2025-06-02,1,1,1,0,1,0,0,3,0,26,69,Unusable
Tommy Pham,502054,238.55,2025-06-30,5,0,0,0,1,0,1,3,0,26,81,Unusable
Tommy Pham,502054,238.55,2025-08-11,2,0,0,1,2,0,1,1,0,26,75,Unusable
Andrew Benintendi,643217,238.69,2025-08-11,2,1,0,0,2,0,1,3,0,26,75,Unusable
Mike Yastrzemski,573262,238.77,2025-06-23,2,0,0,1,2,0,1,1,0,26,79,Unusable
Mike Yastrzemski,573262,238.77,2025-07-28,1,0,0,1,1,0,2,3,0,26,77,Unusable
Myles Straw,664702,238.89,2025-07-07,1,1,0,0,2,1,1,1,1,26,78,Unusable
Leody Taveras,665750,238.9,2025-03-31,2,0,0,0,0,0,1,3,3,26,77,Unusable
Leody Taveras,665750,238.9,2025-04-21,0,2,0,1,0,0,1,1,0,26,70,Unusable
Tyler Freeman,671289,239.42,2025-05-19,2,2,0,0,0,0,1,1,1,26,77,Unusable
Tyler Freeman,671289,239.42,2025-07-07,6,0,0,0,2,0,1,0,0,26,78,Unusable
Tyler Freeman,671289,239.42,2025-07-14,0,3,0,0,0,0,2,2,0,26,26,OF3
Tyler Freeman,671289,239.42,2025-08-04,3,1,0,0,1,0,2,0,1,26,76,Unusable
Jacob Young,696285,239.49,2025-08-04,3,0,0,0,1,0,3,0,2,26,76,Unusable
Jonny DeLuca,676356,239.58,2025-03-24,4,0,0,0,2,0,0,0,2,26,36,OF3
Gavin Sheets,657757,239.88,2025-07-28,0,0,0,1,2,0,1,2,1,26,77,Unusable
Hunter Goodman,696100,239.98,2025-07-14,2,0,0,1,0,0,2,3,0,26,26,OF3
Starling Marte,516782,239.99,2025-05-26,0,0,0,1,1,1,2,1,1,26,68,Unusable
Harrison Bader,664056,239.99,2025-08-11,3,1,0,0,2,1,0,1,0,26,75,Unusable
Will Benson,666181,239.99,2025-06-09,2,1,0,0,2,0,2,2,0,26,74,Unusable
Johan Rojas,679032,239.99,2025-05-26,1,0,1,0,1,0,2,2,1,26,68,Unusable
Dane Myers,667472,240,2025-07-07,4,0,0,0,0,0,2,3,1,26,78,Unusable
James Outman,681546,240,2025-05-05,0,0,0,1,2,0,2,3,0,26,80,Unusable
Miguel Vargas,678246,NA,2025-05-05,1,2,0,0,3,0,1,0,0,26,80,Unusable
Miguel Andujar,609280,NA,2025-04-28,5,0,0,0,1,0,1,1,1,26,72,Unusable
Mauricio Dubon,643289,NA,2025-08-18,1,0,0,1,1,0,3,2,0,26,75,Unusable
Tyrone Taylor,621438,NA,2025-05-26,2,1,0,0,2,0,1,1,1,26,68,Unusable
Tyrone Taylor,621438,NA,2025-07-07,2,2,0,0,0,0,1,1,1,26,78,Unusable
Addison Barger,680718,NA,2025-06-09,3,1,0,0,1,0,3,1,0,26,74,Unusable
Mike Tauchman,643565,NA,2025-07-28,5,0,0,0,3,0,1,0,0,26,77,Unusable
Kyle Isbel,664728,NA,2025-06-30,2,1,0,0,2,0,2,2,0,26,81,Unusable
Alex Call,669743,NA,2025-05-05,2,1,0,0,2,0,2,2,0,26,80,Unusable
Brandon Lockridge,663604,NA,2025-08-18,1,2,0,0,1,0,1,1,1,26,75,Unusable
Dylan Carlson,666185,NA,2025-08-25,0,3,0,0,2,0,0,1,0,26,81,Unusable
Jonatan Clase,682729,NA,2025-06-23,3,0,0,0,3,0,2,2,0,26,79,Unusable
Austin Martin,668885,NA,2025-08-11,3,1,0,0,1,0,2,0,1,26,75,Unusable
Kyle Tucker,663656,7.8,2025-07-14,1,0,0,1,2,0,2,1,0,25,30,OF3
Yordan Alvarez,670541,9.59,2025-04-14,0,1,0,1,1,0,1,2,0,25,77,Unusable
Kyle Schwarber,656941,12.34,2025-06-02,2,0,0,1,1,0,1,2,0,25,71,Unusable
Jarren Duran,680776,15.71,2025-05-05,4,0,0,0,0,1,3,2,0,25,84,Unusable
Jarren Duran,680776,15.71,2025-06-16,3,0,1,0,0,0,2,0,1,25,81,Unusable
James Wood,695578,32.36,2025-07-07,1,0,0,1,2,0,1,2,0,25,84,Unusable
Michael Harris II,671739,42.59,2025-07-14,2,0,0,1,1,0,1,2,0,25,30,OF3
Michael Harris II,671739,42.59,2025-09-01,1,1,0,0,0,0,2,6,0,25,67,Unusable
Adolis Garcia,666969,49.79,2025-09-22,1,0,0,1,2,0,2,1,0,25,63,Unusable
Randy Arozarena,668227,53.57,2025-03-24,0,0,0,1,3,0,2,1,0,25,37,OF4
Brenton Doyle,686668,56.73,2025-05-26,2,0,0,1,1,0,1,2,0,25,73,Unusable
Christian Yelich,592885,58.87,2025-05-12,2,1,0,0,2,1,2,0,0,25,72,Unusable
Christian Yelich,592885,58.87,2025-08-04,2,1,0,0,1,0,4,1,0,25,81,Unusable
Nick Castellanos,592206,65.98,2025-08-11,1,1,0,1,0,0,2,1,0,25,79,Unusable
Jasson Dominguez,691176,70.56,2025-04-07,2,1,0,0,1,0,1,2,1,25,76,Unusable
Colton Cowser,681297,70.73,2025-03-24,1,0,0,1,1,1,2,1,0,25,37,OF4
Spencer Steer,668715,80.57,2025-06-09,3,0,0,1,0,0,1,2,0,25,78,Unusable
Jorge Soler,624585,93.81,2025-04-14,4,1,0,0,1,0,1,1,0,25,77,Unusable
Jorge Soler,624585,93.81,2025-05-12,3,0,0,0,4,0,2,0,0,25,72,Unusable
Tyler O'Neill,641933,104.59,2025-09-15,1,0,0,0,4,0,1,0,2,25,72,Unusable
Ceddanne Rafaela,678882,156.21,2025-04-28,2,1,0,0,1,0,3,0,1,25,74,Unusable
Michael Conforto,624424,163,2025-09-15,3,0,0,1,0,0,1,2,0,25,72,Unusable
Daulton Varsho,662139,183.34,2025-09-15,2,0,0,1,1,0,2,1,0,25,72,Unusable
Roman Anthony,701350,198.72,2025-07-14,2,1,0,0,3,0,1,1,0,25,30,OF3
Jesus Sanchez,660821,210.78,2025-07-14,1,0,0,1,2,0,2,1,0,25,30,OF3
Alec Burleson,676475,219.26,2025-04-07,3,1,0,0,2,0,0,2,0,25,76,Unusable
Alec Burleson,676475,219.26,2025-04-14,4,0,0,0,1,0,0,1,2,25,77,Unusable
Alec Burleson,676475,219.26,2025-04-21,6,0,0,0,1,0,2,0,0,25,71,Unusable
Jordan Walker,691023,219.58,2025-08-11,0,1,0,0,3,0,3,0,1,25,79,Unusable
Brandon Marsh,669016,230.99,2025-06-23,3,1,0,0,0,0,2,1,1,25,81,Unusable
Jordan Beck,687597,234.82,2025-09-15,3,0,0,0,2,0,0,1,2,25,72,Unusable
Sal Frelick,686217,236.71,2025-03-24,5,0,0,0,1,1,1,1,0,25,37,OF4
Masataka Yoshida,807799,238.11,2025-09-08,4,0,0,0,1,0,2,3,0,25,72,Unusable
Giancarlo Stanton,519317,238.16,2025-09-08,2,0,0,1,1,0,2,1,0,25,72,Unusable
Tommy Pham,502054,238.55,2025-03-24,1,1,0,0,1,1,1,0,2,25,37,OF4
Kris Bryant,592178,238.62,2025-03-31,3,1,0,0,2,0,1,1,0,25,80,Unusable
Andrew Benintendi,643217,238.69,2025-07-14,1,1,0,0,2,0,3,2,0,25,30,OF3
Myles Straw,664702,238.89,2025-07-21,2,1,0,0,1,0,4,1,0,25,73,Unusable
Jesse Winker,608385,239.37,2025-04-14,0,2,0,0,1,0,1,2,1,25,77,Unusable
Matt Vierling,663837,239.52,2025-06-30,1,1,0,0,4,0,1,1,0,25,83,Unusable
Dominic Canzone,686527,239.73,2025-09-08,2,1,0,0,1,0,1,4,0,25,72,Unusable
Gavin Sheets,657757,239.88,2025-04-07,1,0,0,1,2,0,1,2,0,25,76,Unusable
Gavin Sheets,657757,239.88,2025-09-22,3,0,0,0,2,0,3,2,0,25,63,Unusable
Jake Meyers,676694,239.95,2025-05-26,2,2,0,0,1,0,2,0,0,25,73,Unusable
Hunter Goodman,696100,239.98,2025-05-19,4,0,0,0,1,0,1,2,1,25,80,Unusable
Hunter Goodman,696100,239.98,2025-09-08,2,0,0,1,1,0,2,1,0,25,72,Unusable
Miguel Vargas,678246,NA,2025-04-14,1,2,0,0,1,1,2,0,0,25,77,Unusable
Mitch Garver,641598,NA,2025-07-14,2,0,0,1,0,1,2,1,0,25,30,OF3
Mitch Garver,641598,NA,2025-08-11,1,0,0,1,2,0,2,1,0,25,79,Unusable
Jack Suwinski,669261,NA,2025-03-24,1,1,0,0,2,0,0,1,2,25,37,OF4
Jack Suwinski,669261,NA,2025-07-28,0,0,0,0,6,1,2,0,0,25,82,Unusable
Blake Perkins,663368,NA,2025-07-14,2,0,1,0,1,0,2,0,1,25,30,OF3
Mickey Moniak,666160,NA,2025-05-26,2,0,0,1,1,0,2,1,0,25,73,Unusable
Luis Matos,682641,NA,2025-05-26,1,0,0,1,0,0,1,3,1,25,73,Unusable
Mauricio Dubon,643289,NA,2025-09-22,1,1,0,0,2,0,4,1,0,25,63,Unusable
Tyrone Taylor,621438,NA,2025-09-22,3,1,0,0,0,0,1,2,1,25,63,Unusable
Jake Fraley,641584,NA,2025-06-02,2,0,0,0,3,0,4,1,0,25,71,Unusable
Jake Fraley,641584,NA,2025-06-16,3,1,0,0,0,0,2,3,0,25,81,Unusable
Kyle Isbel,664728,NA,2025-09-01,2,1,0,0,2,1,1,1,0,25,67,Unusable
Rece Hinds,677956,NA,2025-05-05,0,1,0,1,1,0,1,2,0,25,84,Unusable
Angel Martinez,682657,NA,2025-06-02,2,0,0,1,1,0,1,2,0,25,71,Unusable
Angel Martinez,682657,NA,2025-09-01,5,0,0,0,1,1,2,0,0,25,67,Unusable
Sam Haggerty,664059,NA,2025-05-12,2,1,0,0,1,0,3,0,1,25,72,Unusable
Derek Hill,656537,NA,2025-04-07,0,0,0,1,1,0,2,2,1,25,76,Unusable
Derek Hill,656537,NA,2025-08-04,0,1,0,1,1,0,2,1,0,25,81,Unusable
Drew Waters,671221,NA,2025-06-02,3,0,0,0,2,0,3,0,1,25,71,Unusable
Aaron Judge,592450,2.1,2025-07-21,0,0,0,1,2,0,1,3,0,24,74,Unusable
Juan Soto,665742,3.25,2025-07-28,3,0,0,0,0,1,1,1,2,24,83,Unusable
Brent Rooker,667670,20.89,2025-09-22,2,0,0,0,4,0,1,2,0,24,67,Unusable
Wyatt Langford,694671,24.34,2025-06-02,3,1,0,0,1,0,1,2,0,24,75,Unusable
Marcell Ozuna,542303,25.41,2025-06-02,0,1,0,0,2,0,3,3,0,24,75,Unusable
Mike Trout,545361,36.46,2025-05-26,4,1,0,0,0,0,1,2,0,24,77,Unusable
Cody Bellinger,641355,47.51,2025-07-14,2,0,0,1,0,0,2,2,0,24,37,OF4
Seiya Suzuki,673548,54.65,2025-07-14,1,0,0,1,1,0,1,3,0,24,37,OF4
Taylor Ward,621493,83.15,2025-09-01,2,0,0,0,4,0,2,1,0,24,70,Unusable
George Springer,543807,107.02,2025-06-16,5,0,0,0,1,0,2,1,0,24,83,Unusable
George Springer,543807,107.02,2025-08-11,1,0,0,1,0,1,2,2,0,24,82,Unusable
JJ Bleday,668709,111.18,2025-03-24,2,1,0,0,2,0,2,1,0,24,42,OF4
Jung Hoo Lee,808982,132.35,2025-08-25,3,1,0,0,1,0,2,1,0,24,82,Unusable
Josh Lowe,666139,138.27,2025-06-02,0,2,0,0,2,0,1,0,1,24,75,Unusable
Josh Lowe,666139,138.27,2025-08-11,0,2,0,0,0,0,2,2,1,24,82,Unusable
Nolan Jones,666134,157.02,2025-04-14,3,1,0,0,3,0,0,0,0,24,82,Unusable
Michael Conforto,624424,163,2025-04-07,3,0,0,0,3,0,3,0,0,24,80,Unusable
Michael Conforto,624424,163,2025-04-28,0,0,0,0,4,0,3,1,1,24,75,Unusable
Garrett Mitchell,669003,170.7,2025-04-21,2,0,0,0,2,0,2,0,2,24,72,Unusable
Jo Adell,666176,198.16,2025-07-21,2,1,0,0,2,0,0,3,0,24,74,Unusable
Jake McCarthy,664983,205.86,2025-09-15,2,2,0,0,0,0,3,0,0,24,76,Unusable
Jordan Walker,691023,219.58,2025-08-25,1,0,0,1,1,0,2,2,0,24,82,Unusable
Jordan Beck,687597,234.82,2025-04-14,1,0,1,0,1,0,2,3,0,24,82,Unusable
Luke Raley,670042,237.24,2025-06-16,3,1,0,0,0,1,1,2,0,24,83,Unusable
Heston Kjerstad,677008,238.03,2025-04-28,3,1,0,0,1,0,1,0,1,24,75,Unusable
Masataka Yoshida,807799,238.11,2025-09-01,2,2,0,0,0,0,2,1,0,24,70,Unusable
Jhonkensy Noel,678877,238.56,2025-09-01,2,0,0,1,0,0,3,1,0,24,70,Unusable
Mike Yastrzemski,573262,238.77,2025-05-19,2,0,1,0,2,0,2,0,0,24,81,Unusable
Mike Yastrzemski,573262,238.77,2025-09-01,1,1,0,0,3,0,2,1,0,24,70,Unusable
Myles Straw,664702,238.89,2025-09-08,1,1,0,0,1,0,3,1,1,24,76,Unusable
Leody Taveras,665750,238.9,2025-04-14,2,1,0,0,0,0,2,2,1,24,82,Unusable
Leody Taveras,665750,238.9,2025-05-05,2,1,0,0,0,0,1,3,1,24,86,Unusable
Pavin Smith,656976,239.18,2025-03-31,3,0,0,0,3,0,2,1,0,24,81,Unusable
Jacob Young,696285,239.49,2025-04-14,3,0,0,0,3,0,1,0,1,24,82,Unusable
Zac Veen,691728,239.66,2025-04-14,0,0,0,1,1,1,1,1,1,24,82,Unusable
Gavin Sheets,657757,239.88,2025-06-30,5,0,0,0,3,0,0,0,0,24,84,Unusable
Starling Marte,516782,239.99,2025-03-31,0,0,0,1,0,2,2,2,0,24,81,Unusable
Davis Schneider,676914,239.99,2025-07-21,0,1,0,0,4,0,2,1,0,24,74,Unusable
Will Benson,666181,239.99,2025-06-30,2,0,0,1,0,0,2,2,0,24,84,Unusable
James Outman,681546,240,2025-05-12,1,0,0,1,1,0,3,1,0,24,75,Unusable
Blake Perkins,663368,NA,2025-07-21,1,1,0,0,1,0,1,3,1,24,74,Unusable
Mickey Moniak,666160,NA,2025-05-19,2,0,0,1,0,0,2,2,0,24,81,Unusable
Mauricio Dubon,643289,NA,2025-05-26,3,1,0,0,1,0,1,2,0,24,77,Unusable
Tyrone Taylor,621438,NA,2025-04-07,3,0,1,0,0,1,1,1,0,24,80,Unusable
Tyrone Taylor,621438,NA,2025-05-12,0,2,0,0,0,2,1,0,1,24,75,Unusable
Jake Fraley,641584,NA,2025-07-14,2,2,0,0,0,0,1,2,0,24,37,OF4
Kyle Stowers,669065,NA,2025-06-09,4,0,0,0,2,0,3,0,0,24,79,Unusable
Colby Thomas,687515,NA,2025-09-08,2,0,0,1,0,0,3,1,0,24,76,Unusable
Addison Barger,680718,NA,2025-08-18,1,1,0,0,3,0,3,0,0,24,79,Unusable
Kyle Isbel,664728,NA,2025-07-21,4,0,0,0,1,1,3,0,0,24,74,Unusable
Angel Martinez,682657,NA,2025-05-12,3,0,0,0,2,1,1,0,1,24,75,Unusable
Alex Call,669743,NA,2025-04-21,3,1,0,0,1,0,2,1,0,24,72,Unusable
Brandon Lockridge,663604,NA,2025-05-05,1,1,0,0,1,0,2,0,2,24,86,Unusable
Garrett Hampson,641658,NA,2025-03-31,1,0,0,0,3,0,4,0,1,24,81,Unusable
Corbin Carroll,682998,6.36,2025-04-28,4,0,0,0,0,1,1,3,0,23,77,Unusable
Kyle Tucker,663656,7.8,2025-08-11,2,0,0,0,3,0,2,0,1,23,84,Unusable
Wyatt Langford,694671,24.34,2025-04-07,0,1,0,1,1,0,1,1,0,23,82,Unusable
Teoscar Hernandez,606192,29.24,2025-06-02,1,1,0,0,2,0,3,1,0,23,78,Unusable
Teoscar Hernandez,606192,29.24,2025-07-07,2,1,0,0,1,0,1,3,0,23,85,Unusable
Anthony Santander,623993,32.63,2025-04-21,0,0,0,1,3,0,1,1,0,23,74,Unusable
Michael Harris II,671739,42.59,2025-06-30,3,0,1,0,0,0,1,0,1,23,86,Unusable
Riley Greene,682985,44.7,2025-07-21,4,0,0,0,1,0,2,2,0,23,79,Unusable
Adolis Garcia,666969,49.79,2025-06-02,5,0,0,0,0,0,1,1,1,23,78,Unusable
Adolis Garcia,666969,49.79,2025-08-04,3,2,0,0,0,0,1,0,0,23,83,Unusable
Seiya Suzuki,673548,54.65,2025-07-21,2,0,0,0,3,0,1,1,1,23,79,Unusable
Steven Kwan,680757,82.5,2025-06-09,1,0,0,1,2,0,1,1,0,23,80,Unusable
Taylor Ward,621493,83.15,2025-04-14,1,3,0,0,0,0,1,0,0,23,87,Unusable
George Springer,543807,107.02,2025-07-07,1,1,0,0,2,0,2,0,1,23,85,Unusable
Kerry Carpenter,681481,130.48,2025-08-18,1,0,1,0,2,0,1,2,0,23,80,Unusable
Byron Buxton,621439,140.84,2025-08-18,3,0,0,0,2,0,1,1,1,23,80,Unusable
Joc Pederson,592626,151.33,2025-03-31,1,1,0,0,3,1,1,0,0,23,84,Unusable
Michael Conforto,624424,163,2025-03-24,0,2,0,0,1,0,2,2,0,23,43,OF4
Michael Conforto,624424,163,2025-09-01,4,0,0,0,3,0,1,0,0,23,74,Unusable
Brendan Donovan,680977,177.69,2025-03-24,4,0,0,0,1,0,2,2,0,23,43,OF4
Evan Carter,694497,197.41,2025-06-30,2,0,0,0,1,0,1,0,3,23,86,Unusable
Jo Adell,666176,198.16,2025-07-28,2,0,1,0,1,0,2,1,0,23,84,Unusable
Roman Anthony,701350,198.72,2025-08-04,3,1,0,0,2,0,0,1,0,23,83,Unusable
Jesus Sanchez,660821,210.78,2025-04-14,3,1,0,0,2,0,1,0,0,23,87,Unusable
Alec Burleson,676475,219.26,2025-07-14,2,0,0,1,1,0,1,1,0,23,40,OF4
Andy Pages,681624,228.33,2025-04-14,3,0,0,0,1,1,1,3,0,23,87,Unusable
Luke Raley,670042,237.24,2025-06-30,2,2,0,0,1,0,1,0,0,23,86,Unusable
Heston Kjerstad,677008,238.03,2025-05-19,2,1,0,0,1,0,3,1,0,23,83,Unusable
Masataka Yoshida,807799,238.11,2025-08-25,4,0,0,0,3,0,1,0,0,23,84,Unusable
Myles Straw,664702,238.89,2025-03-31,3,2,0,0,0,0,1,0,0,23,84,Unusable
Myles Straw,664702,238.89,2025-05-12,3,1,0,0,0,0,1,1,1,23,78,Unusable
Myles Straw,664702,238.89,2025-06-02,1,1,0,0,0,0,2,3,1,23,78,Unusable
Alek Thomas,677950,239.91,2025-05-05,4,1,0,0,0,1,1,0,0,23,88,Unusable
Alexander Canario,672744,239.96,2025-05-26,4,0,0,0,1,0,2,0,1,23,79,Unusable
Alexander Canario,672744,239.96,2025-09-08,2,0,0,1,1,0,1,1,0,23,78,Unusable
Harrison Bader,664056,239.99,2025-07-28,3,0,0,0,2,0,2,0,1,23,84,Unusable
Miguel Vargas,678246,NA,2025-08-11,4,0,0,0,3,0,1,0,0,23,84,Unusable
Mike Tauchman,643565,NA,2025-08-11,3,0,0,0,4,0,1,0,0,23,84,Unusable
Kyle Isbel,664728,NA,2025-05-19,3,1,0,0,0,0,2,2,0,23,83,Unusable
Sam Haggerty,664059,NA,2025-07-21,1,1,0,0,0,0,2,1,2,23,79,Unusable
Sam Haggerty,664059,NA,2025-08-04,4,1,0,0,1,0,0,1,0,23,83,Unusable
Jake Mangum,663968,NA,2025-06-02,3,0,0,0,0,0,0,3,2,23,78,Unusable
Johnathan Rodriguez,671286,NA,2025-07-14,0,1,0,1,1,0,1,1,0,23,40,OF4
Sam Hilliard,656541,NA,2025-05-26,2,0,0,1,1,0,1,1,0,23,79,Unusable
Jonatan Clase,682729,NA,2025-05-26,4,0,0,0,1,0,2,0,1,23,79,Unusable
Drew Waters,671221,NA,2025-05-12,3,0,1,0,0,0,2,1,0,23,78,Unusable
Teoscar Hernandez,606192,29.24,2025-07-28,4,1,0,0,0,0,0,2,0,22,86,Unusable
James Wood,695578,32.36,2025-09-15,2,1,0,0,2,0,1,1,0,22,77,Unusable
Anthony Santander,623993,32.63,2025-03-24,3,0,0,0,3,0,1,1,0,22,45,OF4
Lawrence Butler,671732,38.6,2025-03-24,1,1,0,0,3,0,2,0,0,22,45,OF4
Bryan Reynolds,668804,42.05,2025-07-14,2,2,0,0,0,0,2,0,0,22,42,OF4
Nick Castellanos,592206,65.98,2025-03-24,2,0,0,0,4,0,2,0,0,22,45,OF4
Lane Thomas,657041,93.37,2025-06-30,0,0,0,1,2,0,2,1,0,22,89,Unusable
Jorge Soler,624585,93.81,2025-04-21,0,3,0,0,0,0,2,0,0,22,75,Unusable
Tyler O'Neill,641933,104.59,2025-06-30,1,0,0,1,1,0,2,1,0,22,89,Unusable
Heliot Ramos,671218,108.52,2025-07-14,4,1,0,0,0,0,0,2,0,22,42,OF4
JJ Bleday,668709,111.18,2025-06-09,0,1,0,1,0,0,1,2,0,22,81,Unusable
JJ Bleday,668709,111.18,2025-06-16,1,0,0,1,1,0,2,1,0,22,85,Unusable
Matt Wallner,670242,122.55,2025-06-09,0,1,0,1,0,0,2,1,0,22,81,Unusable
Byron Buxton,621439,140.84,2025-07-14,2,0,0,1,0,0,2,1,0,22,42,OF4
Evan Carter,694497,197.41,2025-07-21,1,0,1,0,0,1,2,2,0,22,82,Unusable
Jake McCarthy,664983,205.86,2025-04-07,2,1,0,0,1,1,1,1,0,22,83,Unusable
Jake McCarthy,664983,205.86,2025-08-18,2,0,0,1,0,0,2,1,0,22,82,Unusable
Jake McCarthy,664983,205.86,2025-09-22,0,0,1,1,0,0,1,1,0,22,68,Unusable
Jesus Sanchez,660821,210.78,2025-09-15,2,1,0,0,0,0,3,2,0,22,77,Unusable
Jordan Walker,691023,219.58,2025-05-05,1,0,0,0,2,1,2,3,0,22,89,Unusable
Parker Meadows,678009,227.67,2025-06-23,4,0,0,0,2,0,2,0,0,22,82,Unusable
Parker Meadows,678009,227.67,2025-09-01,0,0,0,1,2,0,1,2,0,22,75,Unusable
Parker Meadows,678009,227.67,2025-09-22,3,0,0,0,3,0,1,1,0,22,68,Unusable
Andy Pages,681624,228.33,2025-09-01,2,0,0,1,0,0,1,2,0,22,75,Unusable
Jordan Beck,687597,234.82,2025-09-22,0,1,0,1,0,0,2,1,0,22,68,Unusable
Trevor Larnach,663616,237.16,2025-04-07,3,0,0,0,3,0,2,0,0,22,83,Unusable
MJ Melendez,669004,237.22,2025-03-31,2,0,0,0,2,2,2,0,0,22,86,Unusable
Jhonkensy Noel,678877,238.56,2025-04-28,2,0,0,1,0,0,1,2,0,22,78,Unusable
Mike Yastrzemski,573262,238.77,2025-09-15,1,2,0,0,1,0,1,1,0,22,77,Unusable
Myles Straw,664702,238.89,2025-06-23,3,0,0,0,1,0,2,1,1,22,82,Unusable
Leody Taveras,665750,238.9,2025-03-24,3,0,0,0,1,0,1,0,2,22,45,OF4
Tyler Freeman,671289,239.42,2025-07-21,2,0,0,0,4,0,1,1,0,22,82,Unusable
Jacob Young,696285,239.49,2025-08-18,3,1,0,0,1,0,1,1,0,22,82,Unusable
Jacob Young,696285,239.49,2025-09-22,1,0,0,1,1,0,1,2,0,22,68,Unusable
Jarred Kelenic,672284,239.76,2025-04-14,2,0,0,1,0,0,2,1,0,22,90,Unusable
Gavin Sheets,657757,239.88,2025-09-01,1,0,0,1,1,0,2,1,0,22,75,Unusable
Alek Thomas,677950,239.91,2025-03-31,2,0,1,0,0,0,0,4,0,22,86,Unusable
Alek Thomas,677950,239.91,2025-04-28,4,1,0,0,0,0,1,1,0,22,78,Unusable
Hunter Goodman,696100,239.98,2025-03-24,2,2,0,0,0,0,1,1,0,22,45,OF4
Harrison Bader,664056,239.99,2025-03-24,0,1,0,1,0,0,1,2,0,22,45,OF4
Harrison Bader,664056,239.99,2025-06-09,3,1,0,0,1,0,0,0,1,22,81,Unusable
Will Benson,666181,239.99,2025-06-23,4,1,0,0,0,0,1,1,0,22,82,Unusable
James Outman,681546,240,2025-08-25,3,0,0,0,1,0,2,1,1,22,85,Unusable
James Outman,681546,240,2025-09-15,0,0,0,1,2,0,1,2,0,22,77,Unusable
Miguel Andujar,609280,NA,2025-09-15,2,0,0,1,0,0,1,2,0,22,77,Unusable
Mickey Moniak,666160,NA,2025-04-07,0,2,0,0,2,0,2,0,0,22,83,Unusable
Mickey Moniak,666160,NA,2025-04-28,3,0,1,0,1,0,1,0,0,22,78,Unusable
Randal Grichuk,545341,NA,2025-09-22,2,0,0,1,0,0,2,1,0,22,68,Unusable
Blake Dunn,694362,NA,2025-03-31,0,0,0,1,0,2,2,1,0,22,86,Unusable
Tyrone Taylor,621438,NA,2025-08-18,3,1,0,0,1,0,1,1,0,22,82,Unusable
Jake Fraley,641584,NA,2025-04-21,1,0,0,0,3,0,1,0,2,22,75,Unusable
Jake Fraley,641584,NA,2025-08-25,4,1,0,0,0,0,2,0,0,22,85,Unusable
Addison Barger,680718,NA,2025-04-21,2,2,0,0,0,0,0,2,0,22,75,Unusable
Addison Barger,680718,NA,2025-08-25,3,1,0,0,1,0,0,2,0,22,85,Unusable
Kyle Isbel,664728,NA,2025-04-21,4,0,0,0,0,0,0,5,0,22,75,Unusable
Angel Martinez,682657,NA,2025-09-22,2,0,0,0,1,1,3,0,1,22,68,Unusable
Sam Haggerty,664059,NA,2025-07-07,2,1,0,0,0,0,3,0,1,22,87,Unusable
Alex Call,669743,NA,2025-05-19,1,0,1,0,2,1,1,0,0,22,85,Unusable
Drew Waters,671221,NA,2025-06-16,4,0,0,0,2,0,1,1,0,22,85,Unusable
Kyle Tucker,663656,7.8,2025-09-01,1,0,0,1,0,0,1,3,0,21,78,Unusable
Lawrence Butler,671732,38.6,2025-08-04,0,1,0,0,3,0,3,0,0,21,86,Unusable
Cody Bellinger,641355,47.51,2025-06-09,2,0,1,0,1,0,1,1,0,21,84,Unusable
Adolis Garcia,666969,49.79,2025-04-21,3,1,0,0,0,0,1,2,0,21,79,Unusable
Jorge Soler,624585,93.81,2025-06-02,2,0,0,0,3,0,2,1,0,21,82,Unusable
Matt Wallner,670242,122.55,2025-07-14,1,0,0,1,0,0,1,3,0,21,45,OF4
Cedric Mullins,656775,133.6,2025-09-01,0,0,0,0,3,0,3,1,1,21,78,Unusable
Josh Lowe,666139,138.27,2025-07-21,4,0,0,0,1,0,1,2,0,21,84,Unusable
Josh Lowe,666139,138.27,2025-09-08,1,0,0,1,0,0,1,3,0,21,79,Unusable
Nolan Jones,666134,157.02,2025-07-21,1,0,0,0,2,0,2,2,1,21,84,Unusable
Nolan Jones,666134,157.02,2025-09-08,1,1,0,0,2,0,0,3,0,21,79,Unusable
Lars Nootbaar,663457,186.05,2025-06-30,3,0,0,0,1,1,2,1,0,21,91,Unusable
Jo Adell,666176,198.16,2025-09-15,3,0,0,0,2,0,2,1,0,21,82,Unusable
Victor Robles,645302,198.36,2025-09-08,5,0,0,0,0,0,1,0,1,21,79,Unusable
Wilyer Abreu,677800,217.36,2025-06-16,3,1,0,0,0,0,1,2,0,21,87,Unusable
Parker Meadows,678009,227.67,2025-06-30,4,0,0,0,1,0,2,1,0,21,91,Unusable
Andy Pages,681624,228.33,2025-07-28,4,0,0,0,0,1,0,1,1,21,87,Unusable
Max Kepler,596146,234.12,2025-05-26,1,1,0,0,2,0,1,2,0,21,82,Unusable
Jordan Beck,687597,234.82,2025-05-26,2,0,0,0,2,1,1,0,1,21,82,Unusable
Andrew Benintendi,643217,238.69,2025-06-09,0,3,0,0,1,0,0,0,0,21,84,Unusable
Alex Verdugo,657077,238.85,2025-06-16,4,0,0,0,1,0,2,1,0,21,87,Unusable
Leody Taveras,665750,238.9,2025-04-07,3,0,1,0,0,0,1,1,0,21,86,Unusable
Leody Taveras,665750,238.9,2025-05-12,1,1,0,0,2,0,2,1,0,21,80,Unusable
Jacob Young,696285,239.49,2025-03-24,0,1,0,0,2,1,1,0,1,21,51,Unusable
Matt Vierling,663837,239.52,2025-07-21,4,0,0,0,1,0,2,1,0,21,84,Unusable
Chas McCormick,676801,239.53,2025-04-21,3,1,0,0,0,0,3,0,0,21,79,Unusable
Jonny DeLuca,676356,239.58,2025-08-04,1,1,1,0,0,0,0,0,1,21,86,Unusable
Dominic Canzone,686527,239.73,2025-07-14,1,1,0,0,1,1,1,2,0,21,45,OF4
Gavin Sheets,657757,239.88,2025-07-21,3,0,0,0,1,1,2,1,0,21,84,Unusable
Alek Thomas,677950,239.91,2025-09-22,3,2,0,0,0,0,0,0,0,21,74,Unusable
Griffin Conine,665052,239.92,2025-09-22,1,0,0,1,0,0,3,1,0,21,74,Unusable
Manuel Margot,622534,239.94,2025-03-24,5,0,0,0,0,0,0,3,0,21,51,Unusable
Will Benson,666181,239.99,2025-05-19,1,1,0,0,1,1,1,2,0,21,86,Unusable
Johan Rojas,679032,239.99,2025-05-05,2,0,0,0,1,0,3,1,1,21,90,Unusable
Mitch Garver,641598,NA,2025-04-14,3,0,0,0,2,0,2,1,0,21,91,Unusable
Jack Suwinski,669261,NA,2025-07-07,0,0,0,1,1,0,1,1,1,21,88,Unusable
Mickey Moniak,666160,NA,2025-07-07,3,0,0,0,1,1,1,2,0,21,88,Unusable
Mauricio Dubon,643289,NA,2025-04-28,3,0,0,0,0,0,2,4,0,21,81,Unusable
Jake Fraley,641584,NA,2025-03-31,3,1,0,0,0,0,2,1,0,21,89,Unusable
Mike Tauchman,643565,NA,2025-09-08,0,2,0,0,0,1,1,2,0,21,79,Unusable
Kyle Isbel,664728,NA,2025-06-23,1,2,0,0,0,0,2,1,0,21,85,Unusable
Kyle Isbel,664728,NA,2025-08-25,4,0,0,0,1,0,2,1,0,21,88,Unusable
Weston Wilson,642215,NA,2025-04-28,1,0,0,1,0,0,1,3,0,21,81,Unusable
Sam Haggerty,664059,NA,2025-06-09,0,0,0,1,1,0,1,3,0,21,84,Unusable
Brandon Lockridge,663604,NA,2025-06-02,5,0,0,0,0,0,1,0,1,21,82,Unusable
Jake Mangum,663968,NA,2025-05-26,1,0,0,1,0,0,1,3,0,21,82,Unusable
Jake Mangum,663968,NA,2025-08-04,2,1,0,0,1,0,1,2,0,21,86,Unusable
Daz Cameron,663662,NA,2025-06-02,1,0,0,1,0,0,2,2,0,21,82,Unusable
Jason Heyward,518792,NA,2025-03-31,1,1,0,0,2,0,0,3,0,21,89,Unusable
Jason Heyward,518792,NA,2025-04-28,2,1,0,0,1,0,2,1,0,21,81,Unusable
Ian Happ,664023,38.05,2025-07-07,4,0,0,0,2,0,0,1,0,20,90,Unusable
Seiya Suzuki,673548,54.65,2025-05-05,2,1,0,0,0,0,1,3,0,20,91,Unusable
Seiya Suzuki,673548,54.65,2025-09-08,3,0,0,0,3,0,0,1,0,20,83,Unusable
Brenton Doyle,686668,56.73,2025-04-21,1,0,0,0,3,0,1,1,1,20,81,Unusable
Nick Castellanos,592206,65.98,2025-09-01,2,0,1,0,0,0,2,1,0,20,80,Unusable
Dylan Crews,686611,71.02,2025-09-22,1,0,0,1,1,0,1,1,0,20,76,Unusable
JJ Bleday,668709,111.18,2025-06-02,1,0,0,0,5,0,0,1,0,20,85,Unusable
JJ Bleday,668709,111.18,2025-08-25,0,1,0,0,2,0,4,0,0,20,89,Unusable
Matt Wallner,670242,122.55,2025-08-11,0,1,0,0,3,1,1,0,0,20,87,Unusable
Matt Wallner,670242,122.55,2025-09-15,0,1,0,0,2,0,2,0,1,20,83,Unusable
Josh Lowe,666139,138.27,2025-09-15,0,1,0,0,2,0,2,0,1,20,83,Unusable
Joc Pederson,592626,151.33,2025-05-19,1,0,0,0,2,1,2,0,1,20,87,Unusable
Nolan Jones,666134,157.02,2025-05-19,3,0,0,0,0,1,1,3,0,20,87,Unusable
Nolan Jones,666134,157.02,2025-06-30,4,0,0,0,1,1,0,1,0,20,93,Unusable
Michael Conforto,624424,163,2025-06-02,3,0,0,0,1,2,0,1,0,20,85,Unusable
TJ Friedl,670770,168.11,2025-05-12,0,1,0,0,3,1,1,0,0,20,81,Unusable
Brendan Donovan,680977,177.69,2025-09-08,1,0,0,1,1,0,1,1,0,20,83,Unusable
Jo Adell,666176,198.16,2025-04-21,1,1,0,0,1,0,0,2,1,20,81,Unusable
Wilyer Abreu,677800,217.36,2025-05-12,2,0,0,1,0,0,1,1,0,20,81,Unusable
Alec Burleson,676475,219.26,2025-03-24,1,1,0,0,1,0,2,2,0,20,53,Unusable
Jordan Walker,691023,219.58,2025-07-14,1,2,0,0,1,0,0,1,0,20,47,OF4
Max Kepler,596146,234.12,2025-09-22,0,1,0,1,0,0,1,1,0,20,76,Unusable
Jordan Beck,687597,234.82,2025-03-31,2,0,0,0,2,0,1,1,1,20,91,Unusable
Andrew McCutchen,457705,235.95,2025-04-07,2,1,0,0,0,0,1,3,0,20,87,Unusable
Andrew McCutchen,457705,235.95,2025-07-21,1,0,0,1,1,0,1,1,0,20,88,Unusable
Andrew McCutchen,457705,235.95,2025-09-08,3,0,0,0,1,0,1,3,0,20,83,Unusable
Trevor Larnach,663616,237.16,2025-03-24,3,0,0,0,1,0,2,0,1,20,53,Unusable
Luke Raley,670042,237.24,2025-09-22,1,1,0,0,1,2,1,0,0,20,76,Unusable
Tommy Pham,502054,238.55,2025-05-19,5,0,0,0,1,0,0,1,0,20,87,Unusable
Jhonkensy Noel,678877,238.56,2025-09-22,1,0,0,1,1,0,1,1,0,20,76,Unusable
Andrew Benintendi,643217,238.69,2025-05-19,1,1,0,0,1,0,1,3,0,20,87,Unusable
Pavin Smith,656976,239.18,2025-08-25,2,2,0,0,0,0,1,0,0,20,89,Unusable
Jacob Young,696285,239.49,2025-09-15,3,0,0,0,1,0,1,1,1,20,83,Unusable
Dominic Canzone,686527,239.73,2025-07-21,1,1,0,0,1,0,1,3,0,20,88,Unusable
Gavin Sheets,657757,239.88,2025-04-21,2,0,0,1,0,0,1,1,0,20,81,Unusable
Hunter Renfroe,592669,239.98,2025-04-21,3,1,0,0,1,0,0,1,0,20,81,Unusable
Starling Marte,516782,239.99,2025-04-21,1,0,0,0,2,1,2,2,0,20,81,Unusable
Davis Schneider,676914,239.99,2025-06-16,1,1,0,0,1,0,1,3,0,20,89,Unusable
Miguel Vargas,678246,NA,2025-06-23,1,0,0,0,3,0,2,0,1,20,86,Unusable
Randal Grichuk,545341,NA,2025-07-21,2,2,0,0,0,0,1,0,0,20,88,Unusable
Mauricio Dubon,643289,NA,2025-04-07,1,0,0,0,1,0,2,1,2,20,87,Unusable
Mauricio Dubon,643289,NA,2025-08-25,3,1,0,0,1,0,1,0,0,20,89,Unusable
Everson Pereira,677592,NA,2025-08-18,1,0,0,0,3,0,2,0,1,20,85,Unusable
Everson Pereira,677592,NA,2025-09-15,0,0,0,1,0,0,1,4,0,20,83,Unusable
Kameron Misner,670224,NA,2025-03-24,2,0,0,1,0,0,1,1,0,20,53,Unusable
Kameron Misner,670224,NA,2025-05-05,2,0,0,0,2,0,2,0,1,20,91,Unusable
Colby Thomas,687515,NA,2025-08-25,1,0,0,1,1,0,1,1,0,20,89,Unusable
Trent Grisham,663757,NA,2025-04-21,0,0,0,1,2,0,1,1,0,20,81,Unusable
Sam Haggerty,664059,NA,2025-06-02,4,0,0,0,0,0,2,0,1,20,85,Unusable
Billy McKinney,641856,NA,2025-09-22,2,1,0,0,0,0,3,1,0,20,76,Unusable
Alex Call,669743,NA,2025-05-12,0,2,0,0,0,2,1,0,0,20,81,Unusable
Brandon Lockridge,663604,NA,2025-04-07,3,0,0,0,1,0,0,0,2,20,87,Unusable
Garrett Hampson,641658,NA,2025-04-28,2,0,0,0,2,0,2,0,1,20,84,Unusable
Jake Mangum,663968,NA,2025-07-28,3,0,0,0,1,0,0,0,2,20,88,Unusable
Ramon Laureano,657656,NA,2025-05-19,2,0,0,1,0,0,1,1,0,20,87,Unusable
Johnathan Rodriguez,671286,NA,2025-06-16,0,1,1,0,0,0,2,1,0,20,89,Unusable
Yordan Alvarez,670541,9.59,2025-03-24,0,1,0,0,3,0,0,2,0,19,56,Unusable
Jackson Chourio,694192,13.9,2025-07-28,1,0,1,0,2,0,1,0,0,19,89,Unusable
Teoscar Hernandez,606192,29.24,2025-09-01,3,0,0,0,2,0,1,1,0,19,81,Unusable
James Wood,695578,32.36,2025-07-28,3,0,0,0,2,0,1,1,0,19,89,Unusable
Lawrence Butler,671732,38.6,2025-07-28,4,0,0,0,1,0,2,0,0,19,89,Unusable
Bryan Reynolds,668804,42.05,2025-07-07,3,1,0,0,0,0,1,1,0,19,91,Unusable
Bryan Reynolds,668804,42.05,2025-09-08,3,0,0,0,2,0,1,1,0,19,86,Unusable
Riley Greene,682985,44.7,2025-09-15,3,0,0,0,1,1,1,1,0,19,87,Unusable
Adolis Garcia,666969,49.79,2025-06-23,3,0,0,0,0,0,0,5,0,19,87,Unusable
Brandon Nimmo,607043,51.96,2025-04-14,4,0,0,0,1,0,1,1,0,19,92,Unusable
Brenton Doyle,686668,56.73,2025-07-07,3,0,0,0,2,0,1,1,0,19,91,Unusable
Brenton Doyle,686668,56.73,2025-07-21,5,0,0,0,0,0,1,1,0,19,91,Unusable
Brenton Doyle,686668,56.73,2025-09-15,2,0,0,0,1,0,2,1,1,19,87,Unusable
Nick Castellanos,592206,65.98,2025-08-25,0,0,0,0,4,1,2,0,0,19,93,Unusable
Colton Cowser,681297,70.73,2025-07-14,4,0,0,0,1,0,0,0,1,19,48,OF4
Dylan Crews,686611,71.02,2025-04-07,2,0,0,0,1,0,3,0,1,19,90,Unusable
Jorge Soler,624585,93.81,2025-03-24,1,1,0,0,2,0,1,1,0,19,56,Unusable
Heliot Ramos,671218,108.52,2025-04-07,0,1,0,0,2,1,2,0,0,19,90,Unusable
Heliot Ramos,671218,108.52,2025-08-11,2,1,0,0,1,0,1,1,0,19,88,Unusable
JJ Bleday,668709,111.18,2025-05-12,1,0,0,1,0,0,1,2,0,19,84,Unusable
Michael Conforto,624424,163,2025-08-04,1,1,0,0,1,1,1,1,0,19,89,Unusable
Evan Carter,694497,197.41,2025-06-16,2,0,0,0,1,2,0,0,1,19,91,Unusable
Victor Robles,645302,198.36,2025-03-24,2,1,0,0,0,1,1,1,0,19,56,Unusable
Victor Robles,645302,198.36,2025-09-01,2,1,0,0,1,0,2,0,0,19,81,Unusable
Jesus Sanchez,660821,210.78,2025-04-28,2,1,0,0,1,0,1,1,0,19,85,Unusable
Austin Hays,669720,212.98,2025-05-26,0,0,1,0,1,0,3,1,0,19,85,Unusable
Andy Pages,681624,228.33,2025-05-19,3,0,0,0,0,0,1,2,1,19,92,Unusable
Brandon Marsh,669016,230.99,2025-05-12,1,1,0,0,2,0,1,1,0,19,84,Unusable
Max Kepler,596146,234.12,2025-03-24,0,1,0,0,3,0,2,0,0,19,56,Unusable
Max Kepler,596146,234.12,2025-07-07,2,0,0,0,3,0,1,1,0,19,91,Unusable
Andrew McCutchen,457705,235.95,2025-07-07,3,0,0,0,2,0,2,0,0,19,91,Unusable
Andrew McCutchen,457705,235.95,2025-07-14,2,1,0,0,1,0,2,0,0,19,48,OF4
Jhonkensy Noel,678877,238.56,2025-09-08,1,0,0,1,0,0,2,1,0,19,86,Unusable
Andrew Benintendi,643217,238.69,2025-04-14,0,0,0,1,1,0,2,1,0,19,92,Unusable
Andrew Benintendi,643217,238.69,2025-09-08,1,0,0,1,0,0,1,2,0,19,86,Unusable
Leody Taveras,665750,238.9,2025-04-28,4,0,0,0,1,0,1,1,0,19,85,Unusable
Pavin Smith,656976,239.18,2025-04-28,2,0,0,0,3,0,2,0,0,19,85,Unusable
Pavin Smith,656976,239.18,2025-05-19,5,0,0,0,0,0,1,1,0,19,92,Unusable
Pavin Smith,656976,239.18,2025-06-02,2,0,0,0,3,0,0,0,1,19,88,Unusable
Pavin Smith,656976,239.18,2025-06-30,1,1,0,0,2,0,2,0,0,19,94,Unusable
Tyler Freeman,671289,239.42,2025-08-18,4,0,0,0,1,0,1,1,0,19,86,Unusable
Jacob Young,696285,239.49,2025-05-12,3,0,1,0,0,0,0,1,0,19,84,Unusable
Chas McCormick,676801,239.53,2025-08-11,0,0,0,1,1,0,1,2,0,19,88,Unusable
Dominic Canzone,686527,239.73,2025-09-01,3,0,0,0,1,1,2,0,0,19,81,Unusable
Hunter Renfroe,592669,239.98,2025-03-31,3,0,0,0,2,0,0,2,0,19,92,Unusable
Hunter Renfroe,592669,239.98,2025-05-12,1,2,0,0,0,0,2,0,0,19,84,Unusable
Joey Loperfido,694388,239.98,2025-07-14,2,1,0,0,1,0,1,1,0,19,48,OF4
Johan Rojas,679032,239.99,2025-06-30,3,0,0,0,0,0,1,0,2,19,94,Unusable
James Outman,681546,240,2025-09-22,0,0,0,1,1,0,2,1,0,19,81,Unusable
Mitch Garver,641598,NA,2025-09-08,0,0,0,1,1,0,2,1,0,19,86,Unusable
Jack Suwinski,669261,NA,2025-08-25,1,1,0,0,2,0,1,1,0,19,93,Unusable
Blake Perkins,663368,NA,2025-08-25,3,0,0,0,2,0,1,1,0,19,93,Unusable
Mickey Moniak,666160,NA,2025-03-31,1,0,1,0,2,0,1,0,0,19,92,Unusable
Randal Grichuk,545341,NA,2025-04-28,1,2,0,0,0,0,1,1,0,19,85,Unusable
Randal Grichuk,545341,NA,2025-06-23,3,0,0,0,0,0,5,0,0,19,87,Unusable
Jake Fraley,641584,NA,2025-05-26,0,0,0,1,1,0,1,2,0,19,85,Unusable
Addison Barger,680718,NA,2025-09-15,3,1,0,0,0,0,0,2,0,19,87,Unusable
Corey Julks,667452,NA,2025-08-04,1,2,0,0,0,0,2,0,0,19,89,Unusable
Mike Tauchman,643565,NA,2025-08-25,4,0,0,0,1,0,1,1,0,19,93,Unusable
Kyle Isbel,664728,NA,2025-05-26,4,0,0,0,1,0,1,1,0,19,85,Unusable
Kyle Isbel,664728,NA,2025-06-02,5,0,0,0,0,0,2,0,0,19,88,Unusable
Angel Martinez,682657,NA,2025-04-28,3,1,0,0,0,0,1,1,0,19,85,Unusable
Weston Wilson,642215,NA,2025-09-01,0,0,0,1,0,1,1,2,0,19,81,Unusable
Alex Call,669743,NA,2025-07-07,0,1,0,0,3,0,1,1,0,19,91,Unusable
Brandon Lockridge,663604,NA,2025-04-28,1,1,0,0,0,0,2,1,1,19,85,Unusable
Jackson Chourio,694192,13.9,2025-04-28,2,1,0,0,0,0,2,1,0,18,91,Unusable
Jackson Chourio,694192,13.9,2025-07-14,4,0,0,0,0,0,1,0,1,18,51,Unusable
Adolis Garcia,666969,49.79,2025-03-31,0,1,0,0,1,1,1,0,1,18,94,Unusable
Brandon Nimmo,607043,51.96,2025-04-21,3,0,0,0,1,0,1,2,0,18,87,Unusable
Brandon Nimmo,607043,51.96,2025-08-04,0,0,0,0,6,0,0,0,0,18,91,Unusable
Randy Arozarena,668227,53.57,2025-09-15,1,0,0,0,2,1,3,0,0,18,90,Unusable
Seiya Suzuki,673548,54.65,2025-09-15,1,1,0,0,2,1,0,0,0,18,90,Unusable
Spencer Steer,668715,80.57,2025-07-21,2,0,0,0,2,0,2,1,0,18,92,Unusable
Steven Kwan,680757,82.5,2025-08-18,3,0,0,0,1,0,1,0,1,18,87,Unusable
Lane Thomas,657041,93.37,2025-06-16,2,0,0,0,2,0,1,0,1,18,92,Unusable
Nolan Jones,666134,157.02,2025-07-14,2,0,0,0,2,0,2,1,0,18,51,Unusable
Michael Conforto,624424,163,2025-08-11,3,0,0,0,1,0,1,2,0,18,90,Unusable
TJ Friedl,670770,168.11,2025-07-14,0,0,0,0,0,4,3,0,0,18,51,Unusable
TJ Friedl,670770,168.11,2025-07-28,2,1,0,0,2,0,0,0,0,18,92,Unusable
Roman Anthony,701350,198.72,2025-06-09,0,1,0,0,2,0,0,3,0,18,87,Unusable
Austin Hays,669720,212.98,2025-08-04,1,1,0,0,1,0,2,1,0,18,91,Unusable
Alec Burleson,676475,219.26,2025-05-26,3,1,0,0,1,0,0,0,0,18,88,Unusable
Jordan Walker,691023,219.58,2025-04-14,2,1,0,0,0,0,2,1,0,18,94,Unusable
Jordan Walker,691023,219.58,2025-04-28,1,1,0,0,1,0,1,2,0,18,91,Unusable
Jordan Walker,691023,219.58,2025-09-01,1,1,0,0,1,0,1,2,0,18,85,Unusable
Parker Meadows,678009,227.67,2025-06-09,0,0,0,1,0,0,1,3,0,18,87,Unusable
Andrew McCutchen,457705,235.95,2025-06-02,3,0,0,0,1,0,0,3,0,18,90,Unusable
Trevor Larnach,663616,237.16,2025-09-22,2,2,0,0,0,0,0,0,0,18,82,Unusable
Tommy Pham,502054,238.55,2025-05-26,4,0,0,0,0,0,2,1,0,18,88,Unusable
Myles Straw,664702,238.89,2025-08-04,3,0,0,0,1,0,1,0,1,18,91,Unusable
Myles Straw,664702,238.89,2025-09-22,1,0,1,0,1,0,1,1,0,18,82,Unusable
Jose Siri,642350,239.12,2025-03-31,0,1,0,0,2,0,2,1,0,18,94,Unusable
Alek Thomas,677950,239.91,2025-07-14,2,1,0,0,0,0,2,1,0,18,51,Unusable
Alek Thomas,677950,239.91,2025-08-18,2,0,1,0,0,0,2,0,0,18,87,Unusable
Alexander Canario,672744,239.96,2025-06-16,3,0,0,0,1,0,1,2,0,18,92,Unusable
Davis Schneider,676914,239.99,2025-04-07,1,0,0,0,3,0,2,1,0,18,92,Unusable
Will Benson,666181,239.99,2025-05-26,3,0,0,0,1,0,2,1,0,18,88,Unusable
Will Benson,666181,239.99,2025-09-15,2,1,0,0,0,0,0,3,0,18,90,Unusable
Johan Rojas,679032,239.99,2025-05-19,2,0,0,0,0,0,1,1,2,18,94,Unusable
Miguel Vargas,678246,NA,2025-03-24,1,1,0,0,1,0,1,2,0,18,60,Unusable
Mitch Garver,641598,NA,2025-04-07,2,0,0,0,1,1,1,0,1,18,92,Unusable
Mitch Garver,641598,NA,2025-05-12,3,0,0,0,1,0,2,1,0,18,88,Unusable
Luis Matos,682641,NA,2025-07-07,0,0,0,1,0,0,1,3,0,18,96,Unusable
Mauricio Dubon,643289,NA,2025-05-12,0,2,0,0,0,0,2,1,0,18,88,Unusable
Tyrone Taylor,621438,NA,2025-06-09,1,1,0,0,1,0,0,1,1,18,87,Unusable
Jake Fraley,641584,NA,2025-04-07,2,0,0,0,2,0,1,0,1,18,92,Unusable
Stuart Fairchild,656413,NA,2025-06-23,0,3,0,0,0,0,0,0,0,18,89,Unusable
Trent Grisham,663757,NA,2025-03-24,2,0,0,0,1,1,3,0,0,18,60,Unusable
Daz Cameron,663662,NA,2025-05-26,2,1,0,0,0,0,3,0,0,18,88,Unusable
Luke Williams,663897,NA,2025-07-28,0,1,0,0,0,0,1,3,1,18,92,Unusable
Kevin Pillar,607680,NA,2025-04-21,2,0,0,0,0,0,2,0,2,18,87,Unusable
Jarren Duran,680776,15.71,2025-07-14,1,0,0,0,4,0,1,0,0,17,55,Unusable
Brent Rooker,667670,20.89,2025-05-12,3,0,0,0,2,0,1,0,0,17,90,Unusable
Bryan Reynolds,668804,42.05,2025-06-16,2,1,0,0,1,0,1,0,0,17,94,Unusable
Riley Greene,682985,44.7,2025-07-14,1,0,0,1,0,0,1,1,0,17,55,Unusable
Adolis Garcia,666969,49.79,2025-07-14,1,1,0,0,0,0,2,0,1,17,55,Unusable
Dylan Crews,686611,71.02,2025-05-19,0,0,0,1,1,0,1,1,0,17,95,Unusable
Taylor Ward,621493,83.15,2025-03-24,3,1,0,0,0,0,1,0,0,17,62,Unusable
Lane Thomas,657041,93.37,2025-03-31,1,1,0,0,0,0,0,2,1,17,96,Unusable
George Springer,543807,107.02,2025-05-12,0,1,0,0,3,0,1,0,0,17,90,Unusable
Cedric Mullins,656775,133.6,2025-05-05,1,1,0,0,0,0,2,0,1,17,93,Unusable
Cedric Mullins,656775,133.6,2025-06-16,0,0,0,1,1,0,1,1,0,17,94,Unusable
Ceddanne Rafaela,678882,156.21,2025-05-19,1,0,0,0,1,1,3,1,0,17,95,Unusable
Nolan Jones,666134,157.02,2025-05-12,5,0,0,0,0,0,0,1,0,17,90,Unusable
Jo Adell,666176,198.16,2025-09-08,1,0,0,1,0,0,1,1,0,17,90,Unusable
Jake McCarthy,664983,205.86,2025-07-07,2,0,0,0,3,0,1,0,0,17,97,Unusable
Jake McCarthy,664983,205.86,2025-07-21,1,1,1,0,0,0,0,0,0,17,93,Unusable
Wilyer Abreu,677800,217.36,2025-09-22,2,1,0,0,1,0,1,0,0,17,84,Unusable
Jordan Walker,691023,219.58,2025-03-24,2,0,0,0,2,1,1,0,0,17,62,Unusable
Jordan Walker,691023,219.58,2025-09-08,2,0,0,0,1,0,2,0,1,17,90,Unusable
Andy Pages,681624,228.33,2025-03-17,0,1,0,0,3,0,1,0,0,17,2,OF1
Brandon Marsh,669016,230.99,2025-06-02,2,0,0,0,3,0,1,0,0,17,91,Unusable
Max Kepler,596146,234.12,2025-06-23,2,0,0,0,3,0,0,1,0,17,90,Unusable
Max Kepler,596146,234.12,2025-09-15,0,0,0,1,1,0,1,1,0,17,93,Unusable
Tommy Pham,502054,238.55,2025-03-31,1,0,0,0,2,0,0,2,1,17,96,Unusable
Jhonkensy Noel,678877,238.56,2025-09-15,1,0,0,1,0,0,1,1,0,17,93,Unusable
Wenceel Perez,672761,238.7,2025-07-21,2,0,0,0,1,0,1,1,1,17,93,Unusable
Mike Yastrzemski,573262,238.77,2025-06-02,0,1,0,0,1,0,1,3,0,17,91,Unusable
Alex Verdugo,657077,238.85,2025-06-09,3,0,0,0,2,0,1,0,0,17,90,Unusable
Leody Taveras,665750,238.9,2025-05-26,3,0,0,0,0,0,1,1,1,17,92,Unusable
Tyler Freeman,671289,239.42,2025-03-31,1,0,0,0,1,1,3,1,0,17,96,Unusable
Matt Vierling,663837,239.52,2025-07-28,2,1,0,0,0,1,0,1,0,17,94,Unusable
Zac Veen,691728,239.66,2025-04-07,2,1,0,0,1,0,0,1,0,17,95,Unusable
Jarred Kelenic,672284,239.76,2025-03-24,1,0,0,1,0,0,1,1,0,17,62,Unusable
Gavin Sheets,657757,239.88,2025-08-11,1,2,0,0,0,0,1,0,0,17,91,Unusable
Griffin Conine,665052,239.92,2025-03-24,1,0,0,1,0,0,1,1,0,17,62,Unusable
Alexander Canario,672744,239.96,2025-08-25,1,0,0,1,0,0,1,1,0,17,97,Unusable
Joey Loperfido,694388,239.98,2025-09-08,1,1,0,0,0,0,1,3,0,17,90,Unusable
Johan Rojas,679032,239.99,2025-04-21,2,0,0,0,1,0,1,3,0,17,89,Unusable
Mitch Garver,641598,NA,2025-07-07,1,0,0,1,0,0,1,1,0,17,97,Unusable
Mitch Garver,641598,NA,2025-09-01,1,0,1,0,0,0,1,2,0,17,86,Unusable
Mickey Moniak,666160,NA,2025-09-22,1,2,0,0,0,0,1,0,0,17,84,Unusable
Randal Grichuk,545341,NA,2025-04-14,1,1,0,0,0,0,2,2,0,17,95,Unusable
Randal Grichuk,545341,NA,2025-08-04,1,1,0,0,1,1,0,1,0,17,94,Unusable
Randal Grichuk,545341,NA,2025-08-18,3,0,0,0,2,0,1,0,0,17,89,Unusable
Mauricio Dubon,643289,NA,2025-04-14,2,1,0,0,1,0,0,1,0,17,95,Unusable
Tyrone Taylor,621438,NA,2025-04-21,1,0,0,0,2,0,2,0,1,17,89,Unusable
Kameron Misner,670224,NA,2025-06-02,1,0,0,1,0,0,1,1,0,17,91,Unusable
Angel Martinez,682657,NA,2025-08-18,3,1,0,0,0,0,1,0,0,17,89,Unusable
Weston Wilson,642215,NA,2025-08-11,1,1,0,0,0,0,1,3,0,17,91,Unusable
Ji Hwan Bae,678225,NA,2025-09-08,0,0,0,0,3,0,0,0,2,17,90,Unusable
Brandon Lockridge,663604,NA,2025-03-24,0,1,0,0,1,0,1,1,1,17,62,Unusable
Jake Mangum,663968,NA,2025-08-25,3,1,0,0,0,0,1,0,0,17,97,Unusable
Dylan Carlson,666185,NA,2025-07-21,2,0,0,0,0,1,1,3,0,17,93,Unusable
Dylan Carlson,666185,NA,2025-09-01,1,0,0,0,4,0,1,0,0,17,86,Unusable
Derek Hill,656537,NA,2025-07-07,2,0,0,0,1,0,2,2,0,17,97,Unusable
Derek Hill,656537,NA,2025-08-25,2,1,0,0,0,1,0,1,0,17,97,Unusable
Travis Jankowski,608671,NA,2025-04-28,3,0,0,0,0,0,2,0,1,17,93,Unusable
Dominic Fletcher,666150,NA,2025-09-15,0,2,0,0,1,0,1,0,0,17,93,Unusable
Jonatan Clase,682729,NA,2025-06-16,0,0,0,1,0,1,1,1,0,17,94,Unusable
Oscar Gonzalez,660757,NA,2025-04-14,3,1,0,0,0,0,0,1,0,17,95,Unusable
Oscar Gonzalez,660757,NA,2025-04-21,4,0,0,0,1,0,0,1,0,17,89,Unusable
Kevin Pillar,607680,NA,2025-03-31,1,1,0,0,0,0,2,0,1,17,96,Unusable
Jackson Chourio,694192,13.9,2025-03-24,2,1,0,0,0,0,1,1,0,16,67,Unusable
James Wood,695578,32.36,2025-03-24,1,1,0,0,1,0,0,0,1,16,67,Unusable
Jurickson Profar,595777,69.27,2025-03-24,3,0,0,0,1,0,2,0,0,16,67,Unusable
Spencer Steer,668715,80.57,2025-07-14,2,0,0,0,1,1,1,1,0,16,58,Unusable
Tyler O'Neill,641933,104.59,2025-08-04,0,0,0,1,0,0,1,2,0,16,95,Unusable
JJ Bleday,668709,111.18,2025-09-22,0,2,0,0,0,0,1,1,0,16,86,Unusable
Jung Hoo Lee,808982,132.35,2025-07-14,2,1,0,0,0,0,1,1,0,16,58,Unusable
Jung Hoo Lee,808982,132.35,2025-09-15,2,0,0,0,2,0,2,0,0,16,96,Unusable
Ceddanne Rafaela,678882,156.21,2025-09-08,1,0,0,0,3,0,2,0,0,16,94,Unusable
Nolan Jones,666134,157.02,2025-06-16,1,1,0,0,1,0,1,1,0,16,97,Unusable
Brendan Donovan,680977,177.69,2025-06-09,3,0,0,0,0,1,2,0,0,16,91,Unusable
Brendan Donovan,680977,177.69,2025-07-28,2,0,0,0,2,0,2,0,0,16,95,Unusable
Brendan Donovan,680977,177.69,2025-08-04,3,0,0,0,1,0,1,1,0,16,95,Unusable
Brendan Donovan,680977,177.69,2025-08-11,2,1,0,0,0,0,0,2,0,16,93,Unusable
Lars Nootbaar,663457,186.05,2025-09-15,2,0,0,0,1,1,1,1,0,16,96,Unusable
Evan Carter,694497,197.41,2025-07-28,1,1,0,0,1,0,1,1,0,16,95,Unusable
Victor Robles,645302,198.36,2025-08-18,2,0,0,0,0,0,1,2,1,16,91,Unusable
Jordan Walker,691023,219.58,2025-08-18,4,0,0,0,0,0,1,1,0,16,91,Unusable
Brandon Marsh,669016,230.99,2025-08-18,3,0,0,0,1,0,2,0,0,16,91,Unusable
Jordan Beck,687597,234.82,2025-03-24,1,0,0,0,1,0,1,0,2,16,67,Unusable
Giancarlo Stanton,519317,238.16,2025-06-23,2,0,0,0,2,0,1,1,0,16,91,Unusable
Jhonkensy Noel,678877,238.56,2025-04-21,0,0,0,1,0,0,1,2,0,16,92,Unusable
Matt Vierling,663837,239.52,2025-07-07,1,0,0,0,1,2,0,0,1,16,100,Unusable
Esteury Ruiz,665923,239.76,2025-07-07,2,0,0,0,0,0,0,1,2,16,100,Unusable
Alexander Canario,672744,239.96,2025-04-28,3,0,0,0,1,0,1,1,0,16,94,Unusable
Hunter Goodman,696100,239.98,2025-06-23,3,0,0,0,1,0,2,0,0,16,91,Unusable
Starling Marte,516782,239.99,2025-06-23,2,0,0,0,2,0,1,1,0,16,91,Unusable
Davis Schneider,676914,239.99,2025-09-22,1,0,0,0,3,0,2,0,0,16,86,Unusable
Harrison Bader,664056,239.99,2025-04-07,3,0,0,0,0,1,0,2,0,16,96,Unusable
Harrison Bader,664056,239.99,2025-05-26,0,1,0,0,1,1,1,1,0,16,93,Unusable
Mitch Garver,641598,NA,2025-08-25,2,0,0,0,2,0,2,0,0,16,100,Unusable
Mitch Garver,641598,NA,2025-09-22,3,0,0,0,0,1,2,0,0,16,86,Unusable
Jack Suwinski,669261,NA,2025-03-31,1,0,0,0,1,0,3,0,1,16,100,Unusable
Miguel Andujar,609280,NA,2025-05-26,1,1,0,0,1,0,2,0,0,16,93,Unusable
Miguel Andujar,609280,NA,2025-07-14,2,1,0,0,0,0,0,2,0,16,58,Unusable
Mickey Moniak,666160,NA,2025-03-24,0,0,0,1,0,0,1,2,0,16,67,Unusable
Luis Matos,682641,NA,2025-05-05,0,0,0,1,0,0,1,2,0,16,94,Unusable
Randal Grichuk,545341,NA,2025-05-05,0,0,0,1,0,0,2,1,0,16,94,Unusable
Mauricio Dubon,643289,NA,2025-08-11,3,0,0,0,1,0,1,1,0,16,93,Unusable
Blake Dunn,694362,NA,2025-04-21,1,1,0,0,1,0,0,2,0,16,92,Unusable
Tyrone Taylor,621438,NA,2025-07-21,0,0,0,0,2,0,2,1,1,16,96,Unusable
Colby Thomas,687515,NA,2025-09-22,1,1,0,0,1,0,2,0,0,16,86,Unusable
Weston Wilson,642215,NA,2025-08-25,0,0,0,1,0,0,2,1,0,16,100,Unusable
Sam Haggerty,664059,NA,2025-07-28,1,1,0,0,0,1,2,0,0,16,95,Unusable
Brandon Lockridge,663604,NA,2025-03-31,1,1,0,0,1,0,2,0,0,16,100,Unusable
Jake Mangum,663968,NA,2025-04-07,2,0,0,0,0,0,1,0,2,16,96,Unusable
Derek Hill,656537,NA,2025-08-18,1,0,0,0,1,0,3,0,1,16,91,Unusable
Dominic Fletcher,666150,NA,2025-09-01,0,2,0,0,0,0,2,0,0,16,88,Unusable
Sam Hilliard,656541,NA,2025-06-09,0,0,0,0,4,0,2,0,0,16,91,Unusable
Yordan Alvarez,670541,9.59,2025-04-28,2,0,0,0,1,0,1,2,0,15,95,Unusable
Marcell Ozuna,542303,25.41,2025-06-30,1,0,0,0,4,0,0,0,0,15,96,Unusable
Marcell Ozuna,542303,25.41,2025-09-01,2,1,0,0,1,0,0,0,0,15,89,Unusable
Michael Harris II,671739,42.59,2025-06-16,1,1,0,0,0,0,0,1,1,15,98,Unusable
Christian Yelich,592885,58.87,2025-03-24,1,0,0,0,2,0,0,1,1,15,72,Unusable
Nick Castellanos,592206,65.98,2025-09-22,2,0,0,0,1,0,1,2,0,15,90,Unusable
Dylan Crews,686611,71.02,2025-03-31,3,0,0,0,0,0,1,0,1,15,102,Unusable
Jorge Soler,624585,93.81,2025-06-09,2,0,0,0,1,0,1,2,0,15,93,Unusable
Kerry Carpenter,681481,130.48,2025-05-26,3,0,0,0,0,0,3,0,0,15,95,Unusable
Joc Pederson,592626,151.33,2025-08-11,2,0,0,0,1,0,1,0,1,15,95,Unusable
Parker Meadows,678009,227.67,2025-07-07,3,0,0,0,0,0,0,1,1,15,102,Unusable
Bryan De La Cruz,650559,234.2,2025-03-31,3,0,0,0,2,0,0,0,0,15,102,Unusable
Jordan Beck,687597,234.82,2025-07-07,4,0,0,0,1,0,0,0,0,15,102,Unusable
Andrew McCutchen,457705,235.95,2025-03-31,4,0,0,0,1,0,0,0,0,15,102,Unusable
Matt Vierling,663837,239.52,2025-07-14,3,0,0,0,0,0,0,1,1,15,61,Unusable
Chas McCormick,676801,239.53,2025-08-04,0,2,0,0,1,0,0,0,0,15,97,Unusable
Starling Marte,516782,239.99,2025-04-14,1,1,0,0,0,0,1,0,1,15,98,Unusable
Starling Marte,516782,239.99,2025-08-11,4,0,0,0,1,0,0,0,0,15,95,Unusable
Luis Matos,682641,NA,2025-09-08,1,0,0,0,2,0,2,1,0,15,95,Unusable
Mauricio Dubon,643289,NA,2025-07-14,4,0,0,0,1,0,0,0,0,15,61,Unusable
Grant McCray,687529,NA,2025-07-28,1,0,1,0,0,0,1,1,0,15,98,Unusable
Kyle Isbel,664728,NA,2025-04-14,0,0,1,0,1,0,1,1,0,15,98,Unusable
Kyle Isbel,664728,NA,2025-06-16,0,1,0,0,1,0,1,0,1,15,98,Unusable
Alex Call,669743,NA,2025-08-11,1,0,0,0,2,0,1,0,1,15,95,Unusable
Dylan Carlson,666185,NA,2025-08-18,1,1,0,0,2,0,0,0,0,15,95,Unusable
Derek Hill,656537,NA,2025-03-31,1,0,0,0,1,1,1,0,1,15,102,Unusable
Austin Martin,668885,NA,2025-08-18,1,0,0,0,2,0,0,1,1,15,95,Unusable
Oscar Gonzalez,660757,NA,2025-04-07,3,0,0,0,0,0,1,2,0,15,98,Unusable
Marcell Ozuna,542303,25.41,2025-08-25,1,1,0,0,1,0,0,1,0,14,102,Unusable
James Wood,695578,32.36,2025-06-02,1,1,0,0,1,0,0,1,0,14,94,Unusable
Ian Happ,664023,38.05,2025-03-17,2,0,0,0,2,0,0,1,0,14,3,OF1
Riley Greene,682985,44.7,2025-03-24,2,1,0,0,0,0,1,0,0,14,73,Unusable
Nick Castellanos,592206,65.98,2025-07-14,2,0,0,0,2,0,0,1,0,14,63,Unusable
Jasson Dominguez,691176,70.56,2025-03-24,1,0,0,0,3,0,1,0,0,14,73,Unusable
Jorge Soler,624585,93.81,2025-07-21,0,0,0,1,0,0,1,1,0,14,97,Unusable
Tyler O'Neill,641933,104.59,2025-05-05,1,0,0,0,3,0,1,0,0,14,96,Unusable
Tyler O'Neill,641933,104.59,2025-07-14,0,2,0,0,0,0,1,0,0,14,63,Unusable
JJ Bleday,668709,111.18,2025-08-18,1,1,0,0,1,0,1,0,0,14,97,Unusable
Matt Wallner,670242,122.55,2025-03-24,0,1,0,0,2,0,1,0,0,14,73,Unusable
Matt Wallner,670242,122.55,2025-04-14,2,0,1,0,0,0,0,0,0,14,100,Unusable
Cedric Mullins,656775,133.6,2025-05-26,2,0,0,0,0,0,2,0,1,14,96,Unusable
Cedric Mullins,656775,133.6,2025-09-08,3,0,0,0,1,0,1,0,0,14,96,Unusable
Joc Pederson,592626,151.33,2025-07-28,2,0,0,0,1,1,1,0,0,14,99,Unusable
Nolan Jones,666134,157.02,2025-03-24,0,1,0,0,2,0,1,0,0,14,73,Unusable
Nolan Jones,666134,157.02,2025-09-01,4,0,0,0,0,0,1,0,0,14,90,Unusable
Wilyer Abreu,677800,217.36,2025-06-02,2,0,0,0,0,0,1,3,0,14,94,Unusable
Jordan Walker,691023,219.58,2025-04-21,2,0,0,0,2,0,1,0,0,14,94,Unusable
Andy Pages,681624,228.33,2025-03-31,1,0,0,0,2,1,1,0,0,14,106,Unusable
Brandon Marsh,669016,230.99,2025-08-11,1,1,0,0,1,0,1,0,0,14,98,Unusable
Max Kepler,596146,234.12,2025-04-07,4,0,0,0,0,0,1,0,0,14,99,Unusable
Andrew McCutchen,457705,235.95,2025-09-22,3,0,0,0,1,0,1,0,0,14,91,Unusable
Trevor Larnach,663616,237.16,2025-05-19,4,0,0,0,0,0,1,0,0,14,97,Unusable
MJ Melendez,669004,237.22,2025-04-14,0,0,0,1,0,0,1,1,0,14,100,Unusable
Jhonkensy Noel,678877,238.56,2025-04-14,0,1,0,0,0,0,2,2,0,14,100,Unusable
Mike Yastrzemski,573262,238.77,2025-05-26,2,0,0,0,2,0,1,0,0,14,96,Unusable
Mike Yastrzemski,573262,238.77,2025-07-21,1,0,0,0,3,0,1,0,0,14,97,Unusable
Alex Verdugo,657077,238.85,2025-06-02,2,1,0,0,0,0,0,1,0,14,94,Unusable
Myles Straw,664702,238.89,2025-04-21,2,1,0,0,0,0,1,0,0,14,94,Unusable
Jacob Young,696285,239.49,2025-06-30,2,0,0,0,2,0,0,1,0,14,97,Unusable
Jacob Young,696285,239.49,2025-09-01,2,0,0,0,0,0,1,1,1,14,90,Unusable
Esteury Ruiz,665923,239.76,2025-07-14,0,0,0,1,0,0,1,1,0,14,63,Unusable
Esteury Ruiz,665923,239.76,2025-07-21,0,0,0,0,2,0,0,0,2,14,97,Unusable
Jake Meyers,676694,239.95,2025-09-01,2,0,0,0,0,0,1,1,1,14,90,Unusable
Hunter Renfroe,592669,239.98,2025-04-14,2,0,0,0,2,0,1,0,0,14,100,Unusable
Joey Loperfido,694388,239.98,2025-09-15,0,0,0,1,0,0,1,1,0,14,98,Unusable
Starling Marte,516782,239.99,2025-05-05,2,0,0,0,1,1,1,0,0,14,96,Unusable
Harrison Bader,664056,239.99,2025-05-12,1,1,0,0,0,1,0,1,0,14,93,Unusable
Harrison Bader,664056,239.99,2025-06-23,4,0,0,0,0,0,1,0,0,14,94,Unusable
Johan Rojas,679032,239.99,2025-07-07,1,0,0,0,1,0,2,0,1,14,104,Unusable
Dane Myers,667472,240,2025-07-28,1,0,0,0,3,0,1,0,0,14,99,Unusable
Dane Myers,667472,240,2025-08-04,0,1,0,0,2,0,1,0,0,14,98,Unusable
James Outman,681546,240,2025-09-01,0,1,0,0,2,0,1,0,0,14,90,Unusable
Miguel Vargas,678246,NA,2025-06-30,1,1,0,0,1,0,1,0,0,14,97,Unusable
Jack Suwinski,669261,NA,2025-09-15,1,1,0,0,1,0,1,0,0,14,98,Unusable
Miguel Andujar,609280,NA,2025-03-24,2,0,0,0,2,0,0,1,0,14,73,Unusable
Randal Grichuk,545341,NA,2025-03-24,0,2,0,0,0,0,1,0,0,14,73,Unusable
Everson Pereira,677592,NA,2025-08-11,1,1,0,0,1,0,1,0,0,14,98,Unusable
Seth Brown,664913,NA,2025-04-14,0,0,0,1,0,0,1,1,0,14,100,Unusable
Jacob Melton,689200,NA,2025-08-18,0,0,0,0,1,1,2,0,1,14,97,Unusable
Kyle Stowers,669065,NA,2025-06-02,2,1,0,0,0,0,0,1,0,14,94,Unusable
Colby Thomas,687515,NA,2025-07-21,1,1,0,0,0,1,0,1,0,14,97,Unusable
Trent Grisham,663757,NA,2025-09-08,1,0,0,0,2,1,1,0,0,14,96,Unusable
Kyle Isbel,664728,NA,2025-06-09,0,1,0,0,2,0,1,0,0,14,94,Unusable
Kyle Isbel,664728,NA,2025-07-14,3,0,0,0,1,0,1,0,0,14,63,Unusable
Rece Hinds,677956,NA,2025-05-12,0,0,0,1,0,0,1,1,0,14,93,Unusable
Angel Martinez,682657,NA,2025-08-25,1,0,0,0,1,0,1,1,1,14,102,Unusable
Alex Call,669743,NA,2025-08-04,1,1,0,0,1,0,1,0,0,14,98,Unusable
Jake Mangum,663968,NA,2025-04-21,1,1,0,0,1,0,0,1,0,14,94,Unusable
Jake Mangum,663968,NA,2025-07-21,2,1,0,0,0,0,1,0,0,14,97,Unusable
Daz Cameron,663662,NA,2025-04-28,1,0,0,0,1,0,1,1,1,14,96,Unusable
Dylan Carlson,666185,NA,2025-09-15,1,1,0,0,1,0,1,0,0,14,98,Unusable
Johnathan Rodriguez,671286,NA,2025-06-09,1,1,0,0,1,0,1,0,0,14,94,Unusable
Kevin Alcantara,682634,NA,2025-09-22,2,0,0,0,0,0,1,1,1,14,91,Unusable
Austin Martin,668885,NA,2025-07-28,4,0,0,0,0,0,1,0,0,14,99,Unusable
Wyatt Langford,694671,24.34,2025-06-30,1,0,0,0,2,0,2,0,0,13,99,Unusable
Teoscar Hernandez,606192,29.24,2025-06-30,3,0,0,0,0,0,1,1,0,13,99,Unusable
Anthony Santander,623993,32.63,2025-09-22,1,0,0,0,1,1,2,0,0,13,93,Unusable
Lawrence Butler,671732,38.6,2025-09-22,2,0,0,0,1,0,0,0,1,13,93,Unusable
Brandon Nimmo,607043,51.96,2025-08-18,2,0,0,0,1,0,1,1,0,13,99,Unusable
Jurickson Profar,595777,69.27,2025-07-14,1,0,0,0,2,0,2,0,0,13,67,Unusable
Jung Hoo Lee,808982,132.35,2025-06-16,1,0,0,0,2,0,2,0,0,13,100,Unusable
Josh Lowe,666139,138.27,2025-07-14,0,1,0,0,1,0,0,2,0,13,67,Unusable
Nolan Jones,666134,157.02,2025-08-11,1,0,0,0,2,0,2,0,0,13,100,Unusable
Nolan Jones,666134,157.02,2025-08-18,2,0,0,0,0,1,1,1,0,13,99,Unusable
Garrett Mitchell,669003,170.7,2025-03-24,2,0,0,0,0,1,2,0,0,13,79,Unusable
Daulton Varsho,662139,183.34,2025-08-25,0,1,0,0,0,1,0,2,0,13,104,Unusable
Roman Anthony,701350,198.72,2025-09-01,3,0,0,0,0,0,1,1,0,13,94,Unusable
Brandon Marsh,669016,230.99,2025-04-28,1,1,0,0,0,0,1,1,0,13,97,Unusable
Max Kepler,596146,234.12,2025-05-12,2,0,0,0,1,0,1,1,0,13,95,Unusable
Sal Frelick,686217,236.71,2025-09-22,3,0,0,0,0,0,1,1,0,13,93,Unusable
Jhonkensy Noel,678877,238.56,2025-05-05,0,1,0,0,1,0,1,1,0,13,98,Unusable
Jacob Young,696285,239.49,2025-04-21,1,1,0,0,0,0,2,0,0,13,97,Unusable
Chas McCormick,676801,239.53,2025-05-26,1,1,0,0,0,0,1,1,0,13,98,Unusable
Alek Thomas,677950,239.91,2025-09-01,2,0,0,0,1,0,2,0,0,13,94,Unusable
Harrison Bader,664056,239.99,2025-09-22,3,0,0,0,0,0,2,0,0,13,93,Unusable
Will Benson,666181,239.99,2025-09-01,1,1,0,0,0,0,1,1,0,13,94,Unusable
Johan Rojas,679032,239.99,2025-03-31,2,0,0,0,1,0,0,0,1,13,107,Unusable
Dane Myers,667472,240,2025-08-18,2,0,0,0,1,0,0,0,1,13,99,Unusable
Mickey Moniak,666160,NA,2025-08-18,3,0,0,0,0,0,2,0,0,13,99,Unusable
Randal Grichuk,545341,NA,2025-05-12,3,0,0,0,0,0,2,0,0,13,95,Unusable
Randal Grichuk,545341,NA,2025-09-15,3,0,0,0,0,0,1,1,0,13,101,Unusable
Seth Brown,664913,NA,2025-05-19,2,0,0,0,1,0,1,1,0,13,98,Unusable
Kameron Misner,670224,NA,2025-04-28,2,0,0,0,1,0,0,0,1,13,97,Unusable
Kyle Stowers,669065,NA,2025-05-26,1,0,0,0,2,0,1,1,0,13,98,Unusable
Colby Thomas,687515,NA,2025-08-18,1,1,0,0,0,0,2,0,0,13,99,Unusable
Kyle Isbel,664728,NA,2025-03-24,1,1,0,0,0,0,2,0,0,13,79,Unusable
Alex Call,669743,NA,2025-06-16,2,0,0,0,1,0,2,0,0,13,100,Unusable
Garrett Hampson,641658,NA,2025-04-07,1,0,0,0,2,0,2,0,0,13,100,Unusable
Ramon Laureano,657656,NA,2025-04-21,1,1,0,0,0,0,1,1,0,13,97,Unusable
Johnathan Rodriguez,671286,NA,2025-07-21,1,1,0,0,0,0,0,2,0,13,102,Unusable
Jonatan Clase,682729,NA,2025-05-05,1,1,0,0,0,0,0,2,0,13,98,Unusable
Luke Williams,663897,NA,2025-05-26,1,1,0,0,0,0,0,2,0,13,98,Unusable
Brenton Doyle,686668,56.73,2025-07-14,2,0,0,0,0,0,1,0,1,12,69,Unusable
Nick Castellanos,592206,65.98,2025-08-04,2,0,0,0,0,0,3,0,0,12,100,Unusable
Jasson Dominguez,691176,70.56,2025-08-04,0,0,0,0,2,0,1,0,1,12,100,Unusable
Jasson Dominguez,691176,70.56,2025-09-01,1,0,0,0,1,0,2,1,0,12,97,Unusable
Dylan Crews,686611,71.02,2025-09-01,1,1,0,0,1,0,0,0,0,12,97,Unusable
Lane Thomas,657041,93.37,2025-03-24,3,0,0,0,1,0,0,0,0,12,81,Unusable
Heliot Ramos,671218,108.52,2025-07-07,3,0,0,0,1,0,0,0,0,12,105,Unusable
Cedric Mullins,656775,133.6,2025-07-14,2,0,0,0,0,0,0,1,1,12,69,Unusable
Cedric Mullins,656775,133.6,2025-08-25,0,0,0,0,2,0,0,1,1,12,105,Unusable
Joc Pederson,592626,151.33,2025-09-01,3,0,0,0,1,0,0,0,0,12,97,Unusable
Michael Conforto,624424,163,2025-03-17,1,1,0,0,1,0,0,0,0,12,4,OF1
Jordan Beck,687597,234.82,2025-08-25,2,0,0,0,2,0,0,0,0,12,105,Unusable
Trevor Larnach,663616,237.16,2025-07-14,2,0,0,0,2,0,0,0,0,12,69,Unusable
Heston Kjerstad,677008,238.03,2025-05-26,0,0,1,0,0,0,1,1,0,12,101,Unusable
Masataka Yoshida,807799,238.11,2025-08-18,1,1,0,0,1,0,0,0,0,12,104,Unusable
Tommy Pham,502054,238.55,2025-05-05,1,0,0,0,3,0,0,0,0,12,100,Unusable
Wenceel Perez,672761,238.7,2025-09-15,1,0,0,0,1,0,0,1,1,12,102,Unusable
Alex Verdugo,657077,238.85,2025-05-26,1,1,0,0,1,0,0,0,0,12,101,Unusable
Jerar Encarnacion,666464,239.3,2025-09-08,0,1,0,0,0,0,1,2,0,12,98,Unusable
Tyler Freeman,671289,239.42,2025-05-12,1,0,0,0,1,0,1,0,1,12,97,Unusable
Jacob Young,696285,239.49,2025-09-08,2,0,0,0,0,0,1,2,0,12,98,Unusable
Alek Thomas,677950,239.91,2025-09-15,2,0,0,0,2,0,0,0,0,12,102,Unusable
Hunter Goodman,696100,239.98,2025-05-26,3,0,0,0,1,0,0,0,0,12,101,Unusable
Starling Marte,516782,239.99,2025-05-12,1,1,0,0,1,0,0,0,0,12,97,Unusable
Starling Marte,516782,239.99,2025-06-16,2,1,0,0,0,0,0,0,0,12,102,Unusable
Johan Rojas,679032,239.99,2025-05-12,0,0,0,0,2,0,3,0,0,12,97,Unusable
Johan Rojas,679032,239.99,2025-06-16,1,0,0,0,1,0,0,1,1,12,102,Unusable
Johan Rojas,679032,239.99,2025-07-21,1,0,0,0,1,0,1,2,0,12,103,Unusable
Mitch Garver,641598,NA,2025-07-21,2,1,0,0,0,0,0,0,0,12,103,Unusable
Mitch Garver,641598,NA,2025-08-04,1,0,0,0,3,0,0,0,0,12,100,Unusable
Mauricio Dubon,643289,NA,2025-06-09,1,0,0,0,1,0,1,2,0,12,96,Unusable
Seth Brown,664913,NA,2025-03-31,2,0,0,0,2,0,0,0,0,12,108,Unusable
Mike Tauchman,643565,NA,2025-04-07,3,0,0,0,1,0,0,0,0,12,101,Unusable
Weston Wilson,642215,NA,2025-09-22,1,0,0,0,1,0,1,0,1,12,97,Unusable
Alex Call,669743,NA,2025-09-01,3,0,0,0,1,0,0,0,0,12,97,Unusable
Jake Mangum,663968,NA,2025-07-14,1,0,0,0,1,0,1,0,1,12,69,Unusable
Travis Jankowski,608671,NA,2025-03-31,3,0,0,0,1,0,0,0,0,12,108,Unusable
Kyle Tucker,663656,7.8,2025-03-17,0,1,0,0,1,0,0,1,0,11,5,OF1
Teoscar Hernandez,606192,29.24,2025-04-14,1,1,0,0,0,0,0,1,0,11,105,Unusable
Teoscar Hernandez,606192,29.24,2025-05-05,1,1,0,0,0,0,0,1,0,11,101,Unusable
Teoscar Hernandez,606192,29.24,2025-07-14,0,1,0,0,1,0,0,1,0,11,73,Unusable
Anthony Santander,623993,32.63,2025-05-26,0,0,0,0,3,0,1,0,0,11,104,Unusable
Bryan Reynolds,668804,42.05,2025-06-30,2,0,0,0,1,0,1,0,0,11,101,Unusable
Riley Greene,682985,44.7,2025-04-07,1,0,0,0,2,0,1,0,0,11,102,Unusable
Brandon Nimmo,607043,51.96,2025-03-24,2,0,0,0,1,0,1,0,0,11,82,Unusable
Brenton Doyle,686668,56.73,2025-05-12,2,0,0,0,1,0,1,0,0,11,100,Unusable
Christian Yelich,592885,58.87,2025-04-28,1,0,0,0,2,0,1,0,0,11,99,Unusable
Jasson Dominguez,691176,70.56,2025-04-28,2,0,0,0,1,0,1,0,0,11,99,Unusable
Tyler O'Neill,641933,104.59,2025-05-12,0,0,0,0,1,0,0,0,2,11,100,Unusable
Kerry Carpenter,681481,130.48,2025-06-16,0,1,0,0,0,1,1,0,0,11,104,Unusable
Nolan Jones,666134,157.02,2025-03-31,1,1,0,0,0,0,0,1,0,11,110,Unusable
Nolan Jones,666134,157.02,2025-06-02,2,0,0,0,1,0,1,0,0,11,98,Unusable
Nolan Jones,666134,157.02,2025-09-15,1,1,0,0,0,0,1,0,0,11,104,Unusable
Michael Conforto,624424,163,2025-05-19,1,0,0,0,2,0,1,0,0,11,99,Unusable
Brendan Donovan,680977,177.69,2025-07-14,1,0,0,0,1,1,0,1,0,11,73,Unusable
Jake McCarthy,664983,205.86,2025-07-28,0,1,0,0,1,0,1,0,0,11,102,Unusable
Jordan Walker,691023,219.58,2025-06-09,2,0,0,0,1,0,1,0,0,11,97,Unusable
Andy Pages,681624,228.33,2025-03-24,2,0,0,0,0,1,1,0,0,11,82,Unusable
Andy Pages,681624,228.33,2025-07-14,1,1,0,0,0,0,1,0,0,11,73,Unusable
Brandon Marsh,669016,230.99,2025-03-31,0,0,0,0,3,0,0,1,0,11,110,Unusable
Andrew McCutchen,457705,235.95,2025-08-11,0,1,0,0,1,0,0,1,0,11,101,Unusable
Sal Frelick,686217,236.71,2025-08-04,2,0,0,0,1,0,0,1,0,11,103,Unusable
Trevor Larnach,663616,237.16,2025-06-09,0,1,0,0,1,0,1,0,0,11,97,Unusable
Trevor Larnach,663616,237.16,2025-07-21,1,0,0,0,2,0,0,1,0,11,105,Unusable
MJ Melendez,669004,237.22,2025-04-07,0,1,0,0,1,0,1,0,0,11,102,Unusable
Luke Raley,670042,237.24,2025-09-01,2,0,0,0,1,0,1,0,0,11,101,Unusable
Heston Kjerstad,677008,238.03,2025-05-05,3,0,0,0,0,0,0,1,0,11,101,Unusable
Masataka Yoshida,807799,238.11,2025-07-21,1,1,0,0,0,0,1,0,0,11,105,Unusable
Tommy Pham,502054,238.55,2025-06-02,1,0,0,0,2,0,1,0,0,11,98,Unusable
Kris Bryant,592178,238.62,2025-04-07,1,1,0,0,0,0,1,0,0,11,102,Unusable
Andrew Benintendi,643217,238.69,2025-08-04,3,0,0,0,0,0,0,1,0,11,103,Unusable
Wenceel Perez,672761,238.7,2025-07-14,2,0,0,0,1,0,1,0,0,11,73,Unusable
Myles Straw,664702,238.89,2025-06-16,1,1,0,0,0,0,1,0,0,11,104,Unusable
Jose Siri,642350,239.12,2025-04-07,0,0,0,0,1,0,2,0,1,11,102,Unusable
Tirso Ornelas,672359,239.16,2025-04-21,1,0,0,0,2,0,0,1,0,11,99,Unusable
Jerar Encarnacion,666464,239.3,2025-06-09,1,1,0,0,0,0,1,0,0,11,97,Unusable
Jacob Young,696285,239.49,2025-07-14,3,0,0,0,0,0,1,0,0,11,73,Unusable
Jacob Young,696285,239.49,2025-07-28,1,0,0,0,2,0,0,1,0,11,102,Unusable
Chas McCormick,676801,239.53,2025-05-19,2,0,0,0,0,1,0,1,0,11,99,Unusable
Jake Meyers,676694,239.95,2025-09-15,2,0,0,0,0,1,1,0,0,11,104,Unusable
Hunter Renfroe,592669,239.98,2025-03-24,0,1,0,0,1,0,0,1,0,11,82,Unusable
Hunter Renfroe,592669,239.98,2025-05-19,0,1,0,0,1,0,1,0,0,11,99,Unusable
James Outman,681546,240,2025-07-07,0,1,0,0,1,0,1,0,0,11,106,Unusable
Mitch Garver,641598,NA,2025-06-09,1,1,0,0,0,0,0,1,0,11,97,Unusable
Jack Suwinski,669261,NA,2025-04-07,0,0,0,0,3,0,1,0,0,11,102,Unusable
Jack Suwinski,669261,NA,2025-08-18,1,0,0,0,2,0,0,1,0,11,105,Unusable
Blake Perkins,663368,NA,2025-09-08,3,0,0,0,0,0,1,0,0,11,100,Unusable
Mickey Moniak,666160,NA,2025-08-04,1,1,0,0,0,0,0,1,0,11,103,Unusable
Luis Matos,682641,NA,2025-09-01,2,0,0,0,1,0,1,0,0,11,101,Unusable
Mauricio Dubon,643289,NA,2025-05-05,3,0,0,0,0,0,1,0,0,11,101,Unusable
Seth Brown,664913,NA,2025-05-05,2,0,0,0,1,0,1,0,0,11,101,Unusable
Addison Barger,680718,NA,2025-04-14,0,1,0,0,1,0,1,0,0,11,105,Unusable
Chris Taylor,621035,NA,2025-05-05,1,1,0,0,0,0,0,1,0,11,101,Unusable
Chris Taylor,621035,NA,2025-07-21,0,1,0,0,0,1,0,1,0,11,105,Unusable
Chris Taylor,621035,NA,2025-09-22,2,0,0,0,1,0,0,1,0,11,98,Unusable
Trent Grisham,663757,NA,2025-07-07,1,0,0,0,2,0,1,0,0,11,106,Unusable
Angel Martinez,682657,NA,2025-06-23,2,0,0,0,1,0,1,0,0,11,95,Unusable
Weston Wilson,642215,NA,2025-09-08,1,0,0,0,0,0,2,0,1,11,100,Unusable
Sam Haggerty,664059,NA,2025-08-11,0,0,0,0,1,0,2,0,1,11,101,Unusable
Garrett Hampson,641658,NA,2025-06-30,0,1,0,0,1,0,1,0,0,11,101,Unusable
Derek Hill,656537,NA,2025-09-22,2,0,0,0,0,1,0,1,0,11,98,Unusable
Johnathan Rodriguez,671286,NA,2025-06-23,1,0,0,0,2,0,1,0,0,11,95,Unusable
Travis Jankowski,608671,NA,2025-04-21,1,1,0,0,0,0,1,0,0,11,99,Unusable
Kyle Tucker,663656,7.8,2025-09-22,1,0,0,0,1,0,2,0,0,10,100,Unusable
Wyatt Langford,694671,24.34,2025-04-14,1,0,0,0,1,0,0,0,1,10,107,Unusable
Teoscar Hernandez,606192,29.24,2025-03-17,1,0,0,0,1,0,1,1,0,10,6,OF1
James Wood,695578,32.36,2025-07-14,1,0,0,0,1,0,0,0,1,10,78,Unusable
Michael Harris II,671739,42.59,2025-09-08,2,0,0,0,0,0,0,0,1,10,102,Unusable
Jasson Dominguez,691176,70.56,2025-08-18,1,0,0,0,1,0,0,0,1,10,106,Unusable
Lane Thomas,657041,93.37,2025-04-14,2,0,0,0,0,0,2,0,0,10,107,Unusable
Tyler O'Neill,641933,104.59,2025-04-14,1,0,0,0,1,0,1,1,0,10,107,Unusable
Michael Conforto,624424,163,2025-08-18,0,0,0,0,2,0,1,1,0,10,106,Unusable
TJ Friedl,670770,168.11,2025-03-24,2,0,0,0,0,0,1,1,0,10,85,Unusable
Jake McCarthy,664983,205.86,2025-03-31,0,0,0,0,2,0,0,0,1,10,112,Unusable
Austin Hays,669720,212.98,2025-06-23,0,1,0,0,0,0,1,1,0,10,97,Unusable
Brandon Marsh,669016,230.99,2025-07-14,1,0,0,0,1,0,2,0,0,10,78,Unusable
Max Kepler,596146,234.12,2025-06-02,1,0,0,0,1,0,1,1,0,10,100,Unusable
Luke Raley,670042,237.24,2025-07-14,1,0,0,0,1,0,1,1,0,10,78,Unusable
Myles Straw,664702,238.89,2025-06-09,2,0,0,0,0,0,1,1,0,10,101,Unusable
Pavin Smith,656976,239.18,2025-08-18,1,0,0,0,1,0,2,0,0,10,106,Unusable
Jacob Young,696285,239.49,2025-08-11,1,0,0,0,1,0,0,0,1,10,103,Unusable
Matt Vierling,663837,239.52,2025-06-23,1,0,0,0,1,0,1,1,0,10,97,Unusable
Chas McCormick,676801,239.53,2025-04-14,1,0,0,0,1,0,0,0,1,10,107,Unusable
Alek Thomas,677950,239.91,2025-05-26,2,0,0,0,0,0,1,1,0,10,105,Unusable
Alexander Canario,672744,239.96,2025-09-22,0,1,0,0,0,0,1,1,0,10,100,Unusable
Will Benson,666181,239.99,2025-05-05,0,1,0,0,0,0,1,1,0,10,106,Unusable
Jack Suwinski,669261,NA,2025-06-16,0,0,0,0,2,0,0,0,1,10,106,Unusable
Luis Matos,682641,NA,2025-07-21,1,0,0,0,1,0,1,1,0,10,108,Unusable
Everson Pereira,677592,NA,2025-09-08,1,0,0,0,1,0,0,0,1,10,102,Unusable
Grant McCray,687529,NA,2025-09-22,0,0,0,0,2,0,2,0,0,10,100,Unusable
Stuart Fairchild,656413,NA,2025-03-31,0,0,1,0,0,0,1,0,0,10,112,Unusable
Kameron Misner,670224,NA,2025-06-16,2,0,0,0,0,0,0,2,0,10,106,Unusable
Jacob Melton,689200,NA,2025-08-25,1,0,0,0,1,0,0,0,1,10,107,Unusable
Jacob Melton,689200,NA,2025-09-22,1,0,0,0,1,0,0,0,1,10,100,Unusable
Mike Tauchman,643565,NA,2025-06-16,1,0,0,0,1,0,1,1,0,10,106,Unusable
Kyle Isbel,664728,NA,2025-03-31,2,0,0,0,0,0,1,1,0,10,112,Unusable
Rece Hinds,677956,NA,2025-06-23,2,0,0,0,0,0,2,0,0,10,97,Unusable
Sam Haggerty,664059,NA,2025-06-30,1,0,0,0,1,0,2,0,0,10,103,Unusable
Ji Hwan Bae,678225,NA,2025-05-05,0,0,0,0,0,0,1,0,2,10,106,Unusable
Ji Hwan Bae,678225,NA,2025-05-12,1,0,0,0,1,0,2,0,0,10,102,Unusable
Brandon Lockridge,663604,NA,2025-05-12,2,0,0,0,0,0,0,2,0,10,102,Unusable
Garrett Hampson,641658,NA,2025-04-14,1,0,0,0,1,0,2,0,0,10,107,Unusable
Dylan Carlson,666185,NA,2025-07-28,0,0,0,0,1,1,0,0,1,10,104,Unusable
Jason Heyward,518792,NA,2025-04-14,1,0,0,0,1,0,1,1,0,10,107,Unusable
Kevin Pillar,607680,NA,2025-03-24,2,0,0,0,0,0,1,1,0,10,85,Unusable
Anthony Santander,623993,32.63,2025-05-12,1,0,0,0,2,0,0,0,0,9,104,Unusable
Mike Trout,545361,36.46,2025-03-24,1,0,0,0,1,1,0,0,0,9,87,Unusable
Jasson Dominguez,691176,70.56,2025-09-08,2,0,0,0,1,0,0,0,0,9,104,Unusable
Dylan Crews,686611,71.02,2025-03-24,0,0,0,0,1,0,1,0,1,9,87,Unusable
Taylor Ward,621493,83.15,2025-04-28,0,1,0,0,1,0,0,0,0,9,101,Unusable
Tyler O'Neill,641933,104.59,2025-07-07,1,0,0,0,1,1,0,0,0,9,108,Unusable
JJ Bleday,668709,111.18,2025-05-19,2,0,0,0,1,0,0,0,0,9,102,Unusable
JJ Bleday,668709,111.18,2025-08-11,0,0,0,0,3,0,0,0,0,9,104,Unusable
Josh Lowe,666139,138.27,2025-09-22,2,0,0,0,1,0,0,0,0,9,104,Unusable
Ceddanne Rafaela,678882,156.21,2025-03-24,1,0,0,0,0,0,0,1,1,9,87,Unusable
Jo Adell,666176,198.16,2025-03-24,2,0,0,0,1,0,0,0,0,9,87,Unusable
Jake McCarthy,664983,205.86,2025-09-01,1,0,0,0,0,0,0,3,0,9,103,Unusable
Max Kepler,596146,234.12,2025-07-28,1,0,0,0,0,0,1,2,0,9,105,Unusable
Max Kepler,596146,234.12,2025-08-11,3,0,0,0,0,0,0,0,0,9,104,Unusable
Luke Raley,670042,237.24,2025-07-21,1,0,0,0,1,1,0,0,0,9,109,Unusable
Jose Siri,642350,239.12,2025-03-24,0,0,0,0,1,0,1,0,1,9,87,Unusable
Dominic Canzone,686527,239.73,2025-08-25,2,0,0,0,1,0,0,0,0,9,108,Unusable
Alek Thomas,677950,239.91,2025-05-19,0,1,0,0,0,1,0,0,0,9,102,Unusable
Alexander Canario,672744,239.96,2025-09-15,3,0,0,0,0,0,0,0,0,9,106,Unusable
Hunter Goodman,696100,239.98,2025-04-07,1,0,0,0,2,0,0,0,0,9,107,Unusable
Davis Schneider,676914,239.99,2025-06-09,1,0,0,0,2,0,0,0,0,9,102,Unusable
Will Benson,666181,239.99,2025-09-22,2,0,0,0,1,0,0,0,0,9,104,Unusable
Dane Myers,667472,240,2025-03-31,2,0,0,0,1,0,0,0,0,9,115,Unusable
Dane Myers,667472,240,2025-04-07,3,0,0,0,0,0,0,0,0,9,107,Unusable
Dane Myers,667472,240,2025-06-30,3,0,0,0,0,0,0,0,0,9,104,Unusable
Mitch Garver,641598,NA,2025-03-31,1,0,0,0,2,0,0,0,0,9,115,Unusable
Mitch Garver,641598,NA,2025-06-30,2,0,0,0,1,0,0,0,0,9,104,Unusable
Miguel Andujar,609280,NA,2025-07-07,2,0,0,0,1,0,0,0,0,9,108,Unusable
Mickey Moniak,666160,NA,2025-04-21,2,0,0,0,1,0,0,0,0,9,101,Unusable
Mickey Moniak,666160,NA,2025-06-23,0,1,0,0,1,0,0,0,0,9,100,Unusable
Luis Matos,682641,NA,2025-03-24,1,1,0,0,0,0,0,0,0,9,87,Unusable
Randal Grichuk,545341,NA,2025-04-07,0,1,0,0,1,0,0,0,0,9,107,Unusable
Blake Dunn,694362,NA,2025-04-28,1,0,0,0,1,1,0,0,0,9,101,Unusable
Seth Brown,664913,NA,2025-03-24,0,0,0,0,2,1,0,0,0,9,87,Unusable
Addison Barger,680718,NA,2025-08-11,3,0,0,0,0,0,0,0,0,9,104,Unusable
Weston Wilson,642215,NA,2025-05-19,1,0,0,0,2,0,0,0,0,9,102,Unusable
Alex Call,669743,NA,2025-08-25,1,0,0,0,0,0,3,0,0,9,108,Unusable
Brandon Lockridge,663604,NA,2025-05-19,0,0,0,0,0,1,1,0,1,9,102,Unusable
Garrett Hampson,641658,NA,2025-05-26,2,0,0,0,1,0,0,0,0,9,106,Unusable
Drew Waters,671221,NA,2025-06-23,1,0,0,0,2,0,0,0,0,9,100,Unusable
Kevin Pillar,607680,NA,2025-04-14,1,1,0,0,0,0,0,0,0,9,113,Unusable
Jackson Merrill,701538,22.38,2025-06-16,0,1,0,0,0,0,1,0,0,8,109,Unusable
Jackson Merrill,701538,22.38,2025-07-14,1,0,0,0,0,1,1,0,0,8,81,Unusable
Adolis Garcia,666969,49.79,2025-08-11,0,1,0,0,0,0,0,1,0,8,107,Unusable
Brenton Doyle,686668,56.73,2025-03-24,2,0,0,0,0,0,0,1,0,8,94,Unusable
Christian Yelich,592885,58.87,2025-09-01,0,0,0,0,2,0,1,0,0,8,104,Unusable
Jasson Dominguez,691176,70.56,2025-06-02,1,0,0,0,1,0,1,0,0,8,101,Unusable
Tyler O'Neill,641933,104.59,2025-09-08,1,0,0,0,1,0,0,1,0,8,105,Unusable
George Springer,543807,107.02,2025-07-28,0,0,0,0,1,1,1,0,0,8,106,Unusable
Joc Pederson,592626,151.33,2025-03-24,1,0,0,0,1,0,1,0,0,8,94,Unusable
Ceddanne Rafaela,678882,156.21,2025-07-14,2,0,0,0,0,0,1,0,0,8,81,Unusable
Michael Conforto,624424,163,2025-04-21,1,0,0,0,1,0,1,0,0,8,102,Unusable
Jake McCarthy,664983,205.86,2025-08-04,0,0,1,0,0,0,0,0,0,8,106,Unusable
Brandon Marsh,669016,230.99,2025-04-07,0,0,0,0,2,0,1,0,0,8,110,Unusable
MJ Melendez,669004,237.22,2025-07-28,0,1,0,0,0,0,1,0,0,8,106,Unusable
Luke Raley,670042,237.24,2025-03-24,1,0,0,0,1,0,1,0,0,8,94,Unusable
Luke Raley,670042,237.24,2025-08-25,0,1,0,0,0,0,0,1,0,8,110,Unusable
Alex Verdugo,657077,238.85,2025-06-23,2,0,0,0,0,0,1,0,0,8,102,Unusable
Leody Taveras,665750,238.9,2025-06-02,1,0,0,0,1,0,0,1,0,8,101,Unusable
Jose Siri,642350,239.12,2025-09-08,0,1,0,0,0,0,1,0,0,8,105,Unusable
Jesse Winker,608385,239.37,2025-03-24,1,0,0,0,1,0,0,1,0,8,94,Unusable
Chas McCormick,676801,239.53,2025-03-31,1,0,0,0,1,0,1,0,0,8,117,Unusable
Chas McCormick,676801,239.53,2025-08-18,0,0,0,0,2,0,1,0,0,8,109,Unusable
Dominic Canzone,686527,239.73,2025-08-18,1,0,0,0,0,1,1,0,0,8,109,Unusable
Jarred Kelenic,672284,239.76,2025-04-21,0,1,0,0,0,0,1,0,0,8,102,Unusable
Gavin Sheets,657757,239.88,2025-07-14,1,0,0,0,1,0,0,1,0,8,81,Unusable
Jake Meyers,676694,239.95,2025-03-24,2,0,0,0,0,0,0,1,0,8,94,Unusable
Alexander Canario,672744,239.96,2025-06-02,1,0,0,0,1,0,1,0,0,8,101,Unusable
Hunter Renfroe,592669,239.98,2025-04-28,0,1,0,0,0,0,1,0,0,8,103,Unusable
Starling Marte,516782,239.99,2025-03-24,1,0,0,0,0,1,1,0,0,8,94,Unusable
Davis Schneider,676914,239.99,2025-05-26,1,0,0,0,1,0,1,0,0,8,107,Unusable
Johan Rojas,679032,239.99,2025-03-24,2,0,0,0,0,0,0,1,0,8,94,Unusable
Johan Rojas,679032,239.99,2025-06-23,0,1,0,0,0,0,1,0,0,8,102,Unusable
Dane Myers,667472,240,2025-05-26,0,0,0,0,2,0,1,0,0,8,107,Unusable
James Outman,681546,240,2025-08-11,0,0,1,0,0,0,0,0,0,8,107,Unusable
Mitch Garver,641598,NA,2025-06-02,1,0,0,0,1,0,1,0,0,8,101,Unusable
Luis Matos,682641,NA,2025-07-14,0,1,0,0,0,0,1,0,0,8,81,Unusable
Tyrone Taylor,621438,NA,2025-06-23,0,1,0,0,0,0,0,1,0,8,102,Unusable
Jake Fraley,641584,NA,2025-08-04,0,1,0,0,0,0,1,0,0,8,106,Unusable
Stuart Fairchild,656413,NA,2025-05-19,2,0,0,0,0,0,1,0,0,8,106,Unusable
Jacob Melton,689200,NA,2025-08-11,2,0,0,0,0,0,0,1,0,8,107,Unusable
Jacob Melton,689200,NA,2025-09-01,0,0,0,0,0,0,2,0,1,8,104,Unusable
Colby Thomas,687515,NA,2025-06-30,0,1,0,0,0,0,1,0,0,8,106,Unusable
Addison Barger,680718,NA,2025-04-28,0,0,0,0,1,1,1,0,0,8,103,Unusable
Chris Taylor,621035,NA,2025-04-07,2,0,0,0,0,0,1,0,0,8,110,Unusable
Chris Taylor,621035,NA,2025-05-12,0,1,0,0,0,0,1,0,0,8,105,Unusable
Mike Tauchman,643565,NA,2025-03-31,1,0,0,0,1,0,1,0,0,8,117,Unusable
Kyle Isbel,664728,NA,2025-09-15,2,0,0,0,0,0,0,1,0,8,107,Unusable
Angel Martinez,682657,NA,2025-08-11,1,0,0,0,1,0,1,0,0,8,107,Unusable
Weston Wilson,642215,NA,2025-05-12,1,0,0,0,1,0,1,0,0,8,105,Unusable
Weston Wilson,642215,NA,2025-06-09,2,0,0,0,0,0,0,1,0,8,103,Unusable
Sam Haggerty,664059,NA,2025-05-05,2,0,0,0,0,0,0,1,0,8,108,Unusable
Billy McKinney,641856,NA,2025-06-30,1,0,0,0,1,0,1,0,0,8,106,Unusable
Alex Call,669743,NA,2025-09-22,1,0,0,0,1,0,1,0,0,8,106,Unusable
Brandon Lockridge,663604,NA,2025-06-09,2,0,0,0,0,0,0,1,0,8,103,Unusable
Garrett Hampson,641658,NA,2025-06-23,2,0,0,0,0,0,0,1,0,8,102,Unusable
Ramon Laureano,657656,NA,2025-09-22,1,0,0,0,1,0,1,0,0,8,106,Unusable
Derek Hill,656537,NA,2025-08-11,2,0,0,0,0,0,0,1,0,8,107,Unusable
Kevin Alcantara,682634,NA,2025-09-01,1,0,0,0,1,0,1,0,0,8,104,Unusable
Sam Hilliard,656541,NA,2025-06-23,1,0,0,0,1,0,1,0,0,8,102,Unusable
Drew Waters,671221,NA,2025-04-07,2,0,0,0,0,0,1,0,0,8,110,Unusable
Oscar Gonzalez,660757,NA,2025-04-28,1,0,0,0,1,0,1,0,0,8,103,Unusable
Michael Harris II,671739,42.59,2025-06-23,0,0,0,0,0,1,1,1,0,7,107,Unusable
Brenton Doyle,686668,56.73,2025-06-02,1,0,0,0,0,0,1,1,0,7,105,Unusable
Spencer Steer,668715,80.57,2025-09-08,1,0,0,0,0,0,0,0,1,7,107,Unusable
Victor Robles,645302,198.36,2025-09-22,0,0,0,0,0,1,2,0,0,7,108,Unusable
Jordan Walker,691023,219.58,2025-06-16,1,0,0,0,0,0,2,0,0,7,110,Unusable
Luke Raley,670042,237.24,2025-09-08,0,0,0,0,0,1,2,0,0,7,107,Unusable
Heston Kjerstad,677008,238.03,2025-03-24,0,0,0,0,0,1,1,1,0,7,101,Unusable
Jhonkensy Noel,678877,238.56,2025-05-19,1,0,0,0,0,0,2,0,0,7,107,Unusable
Jerar Encarnacion,666464,239.3,2025-06-02,1,0,0,0,0,0,0,0,1,7,105,Unusable
Tyler Freeman,671289,239.42,2025-04-07,0,0,0,0,1,0,0,0,1,7,113,Unusable
Matt Vierling,663837,239.52,2025-05-19,1,0,0,0,0,0,0,2,0,7,107,Unusable
Chas McCormick,676801,239.53,2025-07-14,1,0,0,0,0,0,2,0,0,7,85,Unusable
Alexander Canario,672744,239.96,2025-09-01,1,0,0,0,0,0,0,2,0,7,107,Unusable
Davis Schneider,676914,239.99,2025-08-18,1,0,0,0,0,0,0,0,1,7,111,Unusable
Johan Rojas,679032,239.99,2025-07-14,0,0,0,0,1,0,1,1,0,7,85,Unusable
Blake Perkins,663368,NA,2025-08-18,0,0,0,0,1,0,1,1,0,7,111,Unusable
Mauricio Dubon,643289,NA,2025-09-08,1,0,0,0,0,0,0,2,0,7,107,Unusable
Chris Taylor,621035,NA,2025-04-14,1,0,0,0,0,0,1,1,0,7,114,Unusable
Dylan Carlson,666185,NA,2025-03-31,0,0,0,0,1,0,1,1,0,7,119,Unusable
Johnathan Rodriguez,671286,NA,2025-07-07,1,0,0,0,0,0,0,2,0,7,110,Unusable
Jonatan Clase,682729,NA,2025-05-12,1,0,0,0,0,0,0,0,1,7,107,Unusable
Luke Williams,663897,NA,2025-06-02,0,0,0,0,0,1,0,0,1,7,105,Unusable
Luke Williams,663897,NA,2025-09-01,1,0,0,0,0,0,0,0,1,7,107,Unusable
Mike Trout,545361,36.46,2025-04-28,2,0,0,0,0,0,0,0,0,6,106,Unusable
Brenton Doyle,686668,56.73,2025-09-08,0,1,0,0,0,0,0,0,0,6,110,Unusable
Christian Yelich,592885,58.87,2025-07-14,2,0,0,0,0,0,0,0,0,6,87,Unusable
Colton Cowser,681297,70.73,2025-06-09,1,0,0,0,1,0,0,0,0,6,105,Unusable
Colton Cowser,681297,70.73,2025-08-04,0,1,0,0,0,0,0,0,0,6,108,Unusable
JJ Bleday,668709,111.18,2025-09-08,1,0,0,0,1,0,0,0,0,6,110,Unusable
Kerry Carpenter,681481,130.48,2025-06-09,1,0,0,0,0,1,0,0,0,6,105,Unusable
Kerry Carpenter,681481,130.48,2025-09-22,2,0,0,0,0,0,0,0,0,6,109,Unusable
Nolan Jones,666134,157.02,2025-04-28,0,0,0,0,2,0,0,0,0,6,106,Unusable
Michael Conforto,624424,163,2025-07-14,1,0,0,0,1,0,0,0,0,6,87,Unusable
Evan Carter,694497,197.41,2025-07-14,0,0,0,0,2,0,0,0,0,6,87,Unusable
Victor Robles,645302,198.36,2025-08-25,1,0,0,0,1,0,0,0,0,6,111,Unusable
Sal Frelick,686217,236.71,2025-05-05,1,0,0,0,1,0,0,0,0,6,109,Unusable
Heston Kjerstad,677008,238.03,2025-04-21,1,0,0,0,0,1,0,0,0,6,104,Unusable
Masataka Yoshida,807799,238.11,2025-07-14,2,0,0,0,0,0,0,0,0,6,87,Unusable
Tommy Pham,502054,238.55,2025-04-28,2,0,0,0,0,0,0,0,0,6,106,Unusable
Tommy Pham,502054,238.55,2025-06-09,0,0,0,0,2,0,0,0,0,6,105,Unusable
Mike Yastrzemski,573262,238.77,2025-03-24,2,0,0,0,0,0,0,0,0,6,102,Unusable
Jacob Young,696285,239.49,2025-06-02,2,0,0,0,0,0,0,0,0,6,108,Unusable
Chas McCormick,676801,239.53,2025-03-24,1,0,0,0,1,0,0,0,0,6,102,Unusable
Jarred Kelenic,672284,239.76,2025-03-31,2,0,0,0,0,0,0,0,0,6,120,Unusable
Hunter Renfroe,592669,239.98,2025-04-07,1,0,0,0,1,0,0,0,0,6,114,Unusable
Hunter Renfroe,592669,239.98,2025-05-05,2,0,0,0,0,0,0,0,0,6,109,Unusable
Davis Schneider,676914,239.99,2025-03-31,0,0,0,0,1,1,0,0,0,6,120,Unusable
Davis Schneider,676914,239.99,2025-06-23,0,0,0,0,2,0,0,0,0,6,108,Unusable
Davis Schneider,676914,239.99,2025-07-14,0,0,0,0,2,0,0,0,0,6,87,Unusable
Dane Myers,667472,240,2025-08-25,1,0,0,0,1,0,0,0,0,6,111,Unusable
Mitch Garver,641598,NA,2025-03-24,1,0,0,0,1,0,0,0,0,6,102,Unusable
Jack Suwinski,669261,NA,2025-04-14,2,0,0,0,0,0,0,0,0,6,115,Unusable
Mickey Moniak,666160,NA,2025-05-12,2,0,0,0,0,0,0,0,0,6,108,Unusable
Randal Grichuk,545341,NA,2025-06-02,1,0,0,0,1,0,0,0,0,6,108,Unusable
Randal Grichuk,545341,NA,2025-09-01,1,0,0,0,1,0,0,0,0,6,109,Unusable
Mauricio Dubon,643289,NA,2025-03-31,0,1,0,0,0,0,0,0,0,6,120,Unusable
Mauricio Dubon,643289,NA,2025-04-21,2,0,0,0,0,0,0,0,0,6,104,Unusable
Jake Fraley,641584,NA,2025-09-01,1,0,0,0,1,0,0,0,0,6,109,Unusable
Everson Pereira,677592,NA,2025-09-01,1,0,0,0,1,0,0,0,0,6,109,Unusable
Stuart Fairchild,656413,NA,2025-05-26,1,0,0,0,1,0,0,0,0,6,109,Unusable
Stuart Fairchild,656413,NA,2025-06-30,2,0,0,0,0,0,0,0,0,6,108,Unusable
Will Brennan,686823,NA,2025-05-19,1,0,0,0,1,0,0,0,0,6,109,Unusable
Seth Brown,664913,NA,2025-04-21,0,1,0,0,0,0,0,0,0,6,104,Unusable
Seth Brown,664913,NA,2025-06-02,1,0,0,0,1,0,0,0,0,6,108,Unusable
Colby Thomas,687515,NA,2025-07-28,0,0,0,0,2,0,0,0,0,6,108,Unusable
Colby Thomas,687515,NA,2025-09-15,2,0,0,0,0,0,0,0,0,6,108,Unusable
Kyle Isbel,664728,NA,2025-09-08,1,0,0,0,1,0,0,0,0,6,110,Unusable
Weston Wilson,642215,NA,2025-05-26,0,0,0,0,2,0,0,0,0,6,109,Unusable
Weston Wilson,642215,NA,2025-07-28,0,1,0,0,0,0,0,0,0,6,108,Unusable
Garrett Hampson,641658,NA,2025-06-02,0,1,0,0,0,0,0,0,0,6,108,Unusable
Garrett Hampson,641658,NA,2025-07-07,0,0,0,0,0,0,1,0,1,6,111,Unusable
Ramon Laureano,657656,NA,2025-03-31,1,0,0,0,1,0,0,0,0,6,120,Unusable
Dylan Carlson,666185,NA,2025-09-08,1,0,0,0,1,0,0,0,0,6,110,Unusable
Jason Heyward,518792,NA,2025-05-12,1,0,0,0,1,0,0,0,0,6,108,Unusable
Luke Williams,663897,NA,2025-05-12,0,0,0,0,0,0,1,0,1,6,108,Unusable
Yordan Alvarez,670541,9.59,2025-09-15,0,0,0,0,1,0,1,0,0,5,109,Unusable
Adolis Garcia,666969,49.79,2025-09-15,1,0,0,0,0,0,0,1,0,5,109,Unusable
Lane Thomas,657041,93.37,2025-05-19,0,0,0,0,1,0,0,1,0,5,110,Unusable
JJ Bleday,668709,111.18,2025-06-23,0,0,0,0,1,0,1,0,0,5,109,Unusable
Kerry Carpenter,681481,130.48,2025-03-24,1,0,0,0,0,0,0,1,0,5,105,Unusable
Byron Buxton,621439,140.84,2025-03-24,1,0,0,0,0,0,0,1,0,5,105,Unusable
Michael Conforto,624424,163,2025-06-16,1,0,0,0,0,0,1,0,0,5,111,Unusable
Lars Nootbaar,663457,186.05,2025-07-28,1,0,0,0,0,0,0,1,0,5,110,Unusable
Jo Adell,666176,198.16,2025-04-28,1,0,0,0,0,0,1,0,0,5,109,Unusable
Jake McCarthy,664983,205.86,2025-04-14,0,0,0,0,1,0,1,0,0,5,116,Unusable
Jake McCarthy,664983,205.86,2025-08-25,1,0,0,0,0,0,1,0,0,5,113,Unusable
Austin Hays,669720,212.98,2025-04-28,0,0,0,0,1,0,1,0,0,5,109,Unusable
Tommy Pham,502054,238.55,2025-09-15,0,0,0,0,1,0,1,0,0,5,109,Unusable
Jhonkensy Noel,678877,238.56,2025-03-24,1,0,0,0,0,0,0,1,0,5,105,Unusable
Jhonkensy Noel,678877,238.56,2025-05-26,1,0,0,0,0,0,1,0,0,5,111,Unusable
Myles Straw,664702,238.89,2025-07-14,0,0,0,0,1,0,1,0,0,5,92,Unusable
Myles Straw,664702,238.89,2025-09-15,1,0,0,0,0,0,1,0,0,5,109,Unusable
Tyler Freeman,671289,239.42,2025-03-24,0,0,0,0,0,1,1,0,0,5,105,Unusable
Jacob Young,696285,239.49,2025-03-31,0,0,0,0,1,0,1,0,0,5,124,Unusable
Chas McCormick,676801,239.53,2025-05-12,0,0,0,0,1,0,1,0,0,5,111,Unusable
Gavin Sheets,657757,239.88,2025-08-04,0,0,0,0,1,0,1,0,0,5,109,Unusable
Manuel Margot,622534,239.94,2025-03-31,1,0,0,0,0,0,1,0,0,5,124,Unusable
Alexander Canario,672744,239.96,2025-06-09,0,0,0,0,1,0,0,1,0,5,108,Unusable
Alexander Canario,672744,239.96,2025-07-07,1,0,0,0,0,0,0,1,0,5,112,Unusable
Alexander Canario,672744,239.96,2025-07-28,0,0,0,0,1,0,1,0,0,5,110,Unusable
Joey Loperfido,694388,239.98,2025-06-30,1,0,0,0,0,0,0,1,0,5,109,Unusable
Starling Marte,516782,239.99,2025-09-01,1,0,0,0,0,0,0,1,0,5,112,Unusable
Starling Marte,516782,239.99,2025-09-22,1,0,0,0,0,0,1,0,0,5,110,Unusable
Will Benson,666181,239.99,2025-08-11,0,0,0,0,1,0,1,0,0,5,112,Unusable
Will Benson,666181,239.99,2025-08-18,0,0,0,0,1,0,1,0,0,5,113,Unusable
Johan Rojas,679032,239.99,2025-04-07,0,0,0,0,1,0,0,1,0,5,115,Unusable
Dane Myers,667472,240,2025-04-21,1,0,0,0,0,0,1,0,0,5,107,Unusable
James Outman,681546,240,2025-07-21,0,0,0,0,0,1,1,0,0,5,110,Unusable
Mitch Garver,641598,NA,2025-07-28,0,0,0,0,1,0,0,1,0,5,110,Unusable
Mitch Garver,641598,NA,2025-09-15,0,0,0,0,1,0,0,1,0,5,109,Unusable
Miguel Andujar,609280,NA,2025-09-08,1,0,0,0,0,0,0,1,0,5,114,Unusable
Luis Matos,682641,NA,2025-05-12,0,0,0,0,1,0,1,0,0,5,111,Unusable
Tyrone Taylor,621438,NA,2025-06-30,0,0,0,0,1,0,1,0,0,5,109,Unusable
Tyrone Taylor,621438,NA,2025-07-14,1,0,0,0,0,0,1,0,0,5,92,Unusable
Tyrone Taylor,621438,NA,2025-08-04,1,0,0,0,0,0,0,1,0,5,109,Unusable
Jake Fraley,641584,NA,2025-06-23,0,0,0,0,0,1,1,0,0,5,109,Unusable
Chris Taylor,621035,NA,2025-04-21,1,0,0,0,0,0,1,0,0,5,107,Unusable
Trent Grisham,663757,NA,2025-04-07,1,0,0,0,0,0,1,0,0,5,115,Unusable
Angel Martinez,682657,NA,2025-07-28,1,0,0,0,0,0,1,0,0,5,110,Unusable
Weston Wilson,642215,NA,2025-04-21,1,0,0,0,0,0,1,0,0,5,107,Unusable
Ji Hwan Bae,678225,NA,2025-09-01,0,0,0,0,1,0,1,0,0,5,112,Unusable
Alex Call,669743,NA,2025-04-14,1,0,0,0,0,0,0,1,0,5,116,Unusable
Alex Call,669743,NA,2025-07-28,0,0,0,0,1,0,1,0,0,5,110,Unusable
Ramon Laureano,657656,NA,2025-07-14,1,0,0,0,0,0,0,1,0,5,92,Unusable
Daz Cameron,663662,NA,2025-05-05,1,0,0,0,0,0,1,0,0,5,111,Unusable
Travis Jankowski,608671,NA,2025-05-12,0,0,0,0,1,0,1,0,0,5,111,Unusable
Luke Williams,663897,NA,2025-08-04,0,0,0,0,1,0,1,0,0,5,109,Unusable
Kevin Pillar,607680,NA,2025-04-07,1,0,0,0,0,0,1,0,0,5,115,Unusable
Jake McCarthy,664983,205.86,2025-03-24,0,0,0,0,0,0,0,2,0,4,109,Unusable
Myles Straw,664702,238.89,2025-09-01,0,0,0,0,0,0,2,0,0,4,114,Unusable
Stuart Fairchild,656413,NA,2025-04-07,0,0,0,0,0,0,0,0,1,4,118,Unusable
Stuart Fairchild,656413,NA,2025-05-05,0,0,0,0,0,0,2,0,0,4,112,Unusable
Rece Hinds,677956,NA,2025-06-30,0,0,0,0,0,0,2,0,0,4,111,Unusable
Garrett Hampson,641658,NA,2025-08-04,0,0,0,0,0,0,2,0,0,4,112,Unusable
Luke Williams,663897,NA,2025-05-05,0,0,0,0,0,0,0,0,1,4,112,Unusable
Wyatt Langford,694671,24.34,2025-06-23,1,0,0,0,0,0,0,0,0,3,111,Unusable
Marcell Ozuna,542303,25.41,2025-07-21,0,0,0,0,1,0,0,0,0,3,111,Unusable
Michael Harris II,671739,42.59,2025-03-24,1,0,0,0,0,0,0,0,0,3,110,Unusable
Adolis Garcia,666969,49.79,2025-05-26,1,0,0,0,0,0,0,0,0,3,112,Unusable
Adolis Garcia,666969,49.79,2025-09-08,0,0,0,0,0,1,0,0,0,3,115,Unusable
Seiya Suzuki,673548,54.65,2025-03-17,0,0,0,0,1,0,0,0,0,3,7,OF1
Colton Cowser,681297,70.73,2025-08-11,1,0,0,0,0,0,0,0,0,3,113,Unusable
Lane Thomas,657041,93.37,2025-04-07,0,0,0,0,0,1,0,0,0,3,119,Unusable
Lane Thomas,657041,93.37,2025-05-26,0,0,0,0,1,0,0,0,0,3,112,Unusable
Jorge Soler,624585,93.81,2025-06-16,1,0,0,0,0,0,0,0,0,3,112,Unusable
JJ Bleday,668709,111.18,2025-09-15,1,0,0,0,0,0,0,0,0,3,114,Unusable
Kerry Carpenter,681481,130.48,2025-04-21,0,0,0,0,1,0,0,0,0,3,110,Unusable
Cedric Mullins,656775,133.6,2025-09-22,0,0,0,0,1,0,0,0,0,3,111,Unusable
Josh Lowe,666139,138.27,2025-03-24,1,0,0,0,0,0,0,0,0,3,110,Unusable
Joc Pederson,592626,151.33,2025-04-07,0,0,0,0,1,0,0,0,0,3,119,Unusable
Joc Pederson,592626,151.33,2025-04-28,1,0,0,0,0,0,0,0,0,3,111,Unusable
Nolan Jones,666134,157.02,2025-08-04,1,0,0,0,0,0,0,0,0,3,113,Unusable
Daulton Varsho,662139,183.34,2025-07-28,0,0,0,0,1,0,0,0,0,3,115,Unusable
Lars Nootbaar,663457,186.05,2025-06-09,0,0,0,0,1,0,0,0,0,3,109,Unusable
Austin Hays,669720,212.98,2025-05-05,1,0,0,0,0,0,0,0,0,3,114,Unusable
Bryan De La Cruz,650559,234.2,2025-04-14,1,0,0,0,0,0,0,0,0,3,118,Unusable
Sal Frelick,686217,236.71,2025-07-21,1,0,0,0,0,0,0,0,0,3,111,Unusable
Luke Raley,670042,237.24,2025-09-15,1,0,0,0,0,0,0,0,0,3,114,Unusable
Tommy Pham,502054,238.55,2025-05-12,1,0,0,0,0,0,0,0,0,3,114,Unusable
Tommy Pham,502054,238.55,2025-07-14,1,0,0,0,0,0,0,0,0,3,95,Unusable
Jhonkensy Noel,678877,238.56,2025-03-31,0,0,0,0,1,0,0,0,0,3,126,Unusable
Jhonkensy Noel,678877,238.56,2025-06-02,1,0,0,0,0,0,0,0,0,3,112,Unusable
Mike Yastrzemski,573262,238.77,2025-07-14,1,0,0,0,0,0,0,0,0,3,95,Unusable
Alex Verdugo,657077,238.85,2025-06-30,0,0,0,0,1,0,0,0,0,3,112,Unusable
Myles Straw,664702,238.89,2025-05-19,1,0,0,0,0,0,0,0,0,3,111,Unusable
Jacob Young,696285,239.49,2025-06-09,1,0,0,0,0,0,0,0,0,3,109,Unusable
Matt Vierling,663837,239.52,2025-05-26,1,0,0,0,0,0,0,0,0,3,112,Unusable
Chas McCormick,676801,239.53,2025-04-07,0,0,0,0,1,0,0,0,0,3,119,Unusable
Chas McCormick,676801,239.53,2025-08-25,1,0,0,0,0,0,0,0,0,3,114,Unusable
Jonny DeLuca,676356,239.58,2025-07-21,1,0,0,0,0,0,0,0,0,3,111,Unusable
Esteury Ruiz,665923,239.76,2025-06-30,1,0,0,0,0,0,0,0,0,3,112,Unusable
Alek Thomas,677950,239.91,2025-06-16,0,0,0,0,1,0,0,0,0,3,112,Unusable
Jake Meyers,676694,239.95,2025-09-22,0,0,0,0,1,0,0,0,0,3,111,Unusable
Alexander Canario,672744,239.96,2025-07-21,0,0,0,0,1,0,0,0,0,3,111,Unusable
Joey Loperfido,694388,239.98,2025-08-11,0,0,0,0,0,1,0,0,0,3,113,Unusable
Davis Schneider,676914,239.99,2025-03-24,0,0,0,0,1,0,0,0,0,3,110,Unusable
Johan Rojas,679032,239.99,2025-06-02,1,0,0,0,0,0,0,0,0,3,112,Unusable
Johan Rojas,679032,239.99,2025-07-28,1,0,0,0,0,0,0,0,0,3,115,Unusable
Jack Suwinski,669261,NA,2025-07-21,1,0,0,0,0,0,0,0,0,3,111,Unusable
Blake Perkins,663368,NA,2025-09-22,1,0,0,0,0,0,0,0,0,3,111,Unusable
Miguel Andujar,609280,NA,2025-09-01,1,0,0,0,0,0,0,0,0,3,115,Unusable
Luis Matos,682641,NA,2025-04-21,1,0,0,0,0,0,0,0,0,3,110,Unusable
Luis Matos,682641,NA,2025-07-28,1,0,0,0,0,0,0,0,0,3,115,Unusable
Randal Grichuk,545341,NA,2025-04-21,0,0,0,0,1,0,0,0,0,3,110,Unusable
Mauricio Dubon,643289,NA,2025-03-24,0,0,0,0,1,0,0,0,0,3,110,Unusable
Mauricio Dubon,643289,NA,2025-06-02,1,0,0,0,0,0,0,0,0,3,112,Unusable
Mauricio Dubon,643289,NA,2025-06-23,1,0,0,0,0,0,0,0,0,3,111,Unusable
Mauricio Dubon,643289,NA,2025-09-15,1,0,0,0,0,0,0,0,0,3,114,Unusable
Blake Dunn,694362,NA,2025-03-24,1,0,0,0,0,0,0,0,0,3,110,Unusable
Tyrone Taylor,621438,NA,2025-03-24,1,0,0,0,0,0,0,0,0,3,110,Unusable
Tyrone Taylor,621438,NA,2025-03-31,1,0,0,0,0,0,0,0,0,3,126,Unusable
Jake Fraley,641584,NA,2025-07-07,0,0,0,0,1,0,0,0,0,3,113,Unusable
Jake Fraley,641584,NA,2025-09-08,1,0,0,0,0,0,0,0,0,3,115,Unusable
Stuart Fairchild,656413,NA,2025-07-07,0,0,0,0,1,0,0,0,0,3,113,Unusable
Will Brennan,686823,NA,2025-05-12,0,0,0,0,0,1,0,0,0,3,114,Unusable
Seth Brown,664913,NA,2025-04-07,1,0,0,0,0,0,0,0,0,3,119,Unusable
Seth Brown,664913,NA,2025-06-09,0,0,0,0,1,0,0,0,0,3,109,Unusable
Jacob Melton,689200,NA,2025-05-26,1,0,0,0,0,0,0,0,0,3,112,Unusable
Jacob Melton,689200,NA,2025-07-28,0,0,0,0,1,0,0,0,0,3,115,Unusable
Chris Taylor,621035,NA,2025-05-26,1,0,0,0,0,0,0,0,0,3,112,Unusable
Chris Taylor,621035,NA,2025-06-09,0,0,0,0,0,1,0,0,0,3,109,Unusable
Weston Wilson,642215,NA,2025-06-02,0,0,0,0,1,0,0,0,0,3,112,Unusable
Weston Wilson,642215,NA,2025-07-21,0,0,0,0,1,0,0,0,0,3,111,Unusable
Alex Call,669743,NA,2025-06-23,1,0,0,0,0,0,0,0,0,3,111,Unusable
Alex Call,669743,NA,2025-07-14,0,0,0,0,1,0,0,0,0,3,95,Unusable
Alex Call,669743,NA,2025-09-08,0,0,0,0,1,0,0,0,0,3,115,Unusable
Brandon Lockridge,663604,NA,2025-08-04,0,0,0,0,1,0,0,0,0,3,113,Unusable
Garrett Hampson,641658,NA,2025-03-24,0,0,0,0,1,0,0,0,0,3,110,Unusable
Jake Mangum,663968,NA,2025-03-24,0,0,0,0,1,0,0,0,0,3,110,Unusable
Daz Cameron,663662,NA,2025-06-09,1,0,0,0,0,0,0,0,0,3,109,Unusable
Dylan Carlson,666185,NA,2025-09-22,0,0,0,0,1,0,0,0,0,3,111,Unusable
Eddie Rosario,592696,NA,2025-04-14,1,0,0,0,0,0,0,0,0,3,118,Unusable
Jason Heyward,518792,NA,2025-05-19,1,0,0,0,0,0,0,0,0,3,111,Unusable
Johnathan Rodriguez,671286,NA,2025-06-02,1,0,0,0,0,0,0,0,0,3,112,Unusable
Kevin Alcantara,682634,NA,2025-09-15,1,0,0,0,0,0,0,0,0,3,114,Unusable
Jonatan Clase,682729,NA,2025-06-02,0,0,0,0,1,0,0,0,0,3,112,Unusable
Jonatan Clase,682729,NA,2025-06-30,1,0,0,0,0,0,0,0,0,3,112,Unusable
Drew Waters,671221,NA,2025-06-09,1,0,0,0,0,0,0,0,0,3,109,Unusable
Oscar Gonzalez,660757,NA,2025-05-05,1,0,0,0,0,0,0,0,0,3,114,Unusable
Wyatt Langford,694671,24.34,2025-07-14,0,0,0,0,0,0,1,0,0,2,98,Unusable
Adolis Garcia,666969,49.79,2025-09-01,0,0,0,0,0,0,1,0,0,2,116,Unusable
Jasson Dominguez,691176,70.56,2025-09-22,0,0,0,0,0,0,1,0,0,2,115,Unusable
Tyler O'Neill,641933,104.59,2025-04-21,0,0,0,0,0,0,0,1,0,2,113,Unusable
Brandon Marsh,669016,230.99,2025-04-14,0,0,0,0,0,0,0,1,0,2,120,Unusable
Jose Siri,642350,239.12,2025-09-15,0,0,0,0,0,0,1,0,0,2,118,Unusable
Esteury Ruiz,665923,239.76,2025-08-04,0,0,0,0,0,0,1,0,0,2,115,Unusable
Alexander Canario,672744,239.96,2025-08-04,0,0,0,0,0,0,1,0,0,2,115,Unusable
Starling Marte,516782,239.99,2025-07-28,0,0,0,0,0,0,0,1,0,2,119,Unusable
Will Benson,666181,239.99,2025-07-21,0,0,0,0,0,0,0,1,0,2,117,Unusable
James Outman,681546,240,2025-07-28,0,0,0,0,0,0,1,0,0,2,119,Unusable
Blake Dunn,694362,NA,2025-05-05,0,0,0,0,0,0,1,0,0,2,116,Unusable
Grant McCray,687529,NA,2025-09-15,0,0,0,0,0,0,0,1,0,2,118,Unusable
Stuart Fairchild,656413,NA,2025-04-21,0,0,0,0,0,0,1,0,0,2,113,Unusable
Corey Julks,667452,NA,2025-09-22,0,0,0,0,0,0,0,1,0,2,115,Unusable
Brandon Lockridge,663604,NA,2025-08-25,0,0,0,0,0,0,1,0,0,2,115,Unusable
Garrett Hampson,641658,NA,2025-07-28,0,0,0,0,0,0,1,0,0,2,119,Unusable
Garrett Hampson,641658,NA,2025-08-11,0,0,0,0,0,0,1,0,0,2,115,Unusable
Garrett Hampson,641658,NA,2025-08-18,0,0,0,0,0,0,1,0,0,2,114,Unusable
Garrett Hampson,641658,NA,2025-08-25,0,0,0,0,0,0,1,0,0,2,115,Unusable
Garrett Hampson,641658,NA,2025-09-01,0,0,0,0,0,0,1,0,0,2,116,Unusable
Dylan Carlson,666185,NA,2025-04-28,0,0,0,0,0,0,0,1,0,2,112,Unusable
Derek Hill,656537,NA,2025-07-14,0,0,0,0,0,0,1,0,0,2,98,Unusable
Eddie Rosario,592696,NA,2025-05-05,0,0,0,0,0,0,1,0,0,2,116,Unusable
Jason Heyward,518792,NA,2025-03-24,0,0,0,0,0,0,1,0,0,2,118,Unusable
Travis Jankowski,608671,NA,2025-03-24,0,0,0,0,0,0,1,0,0,2,118,Unusable
Travis Jankowski,608671,NA,2025-06-30,0,0,0,0,0,0,1,0,0,2,115,Unusable
Luke Williams,663897,NA,2025-05-19,0,0,0,0,0,0,1,0,0,2,113,Unusable
Luke Williams,663897,NA,2025-06-16,0,0,0,0,0,0,1,0,0,2,114,Unusable
Corbin Carroll,682998,6.36,2025-06-30,0,0,0,0,0,0,0,0,0,0,116,Unusable
Wyatt Langford,694671,24.34,2025-09-22,0,0,0,0,0,0,0,0,0,0,117,Unusable
Marcell Ozuna,542303,25.41,2025-07-14,0,0,0,0,0,0,0,0,0,0,100,Unusable
Lawrence Butler,671732,38.6,2025-07-14,0,0,0,0,0,0,0,0,0,0,100,Unusable
Brandon Nimmo,607043,51.96,2025-05-19,0,0,0,0,0,0,0,0,0,0,114,Unusable
Brenton Doyle,686668,56.73,2025-04-14,0,0,0,0,0,0,0,0,0,0,121,Unusable
Jasson Dominguez,691176,70.56,2025-07-14,0,0,0,0,0,0,0,0,0,0,100,Unusable
Spencer Steer,668715,80.57,2025-03-24,0,0,0,0,0,0,0,0,0,0,120,Unusable
Kerry Carpenter,681481,130.48,2025-07-21,0,0,0,0,0,0,0,0,0,0,118,Unusable
Joc Pederson,592626,151.33,2025-04-14,0,0,0,0,0,0,0,0,0,0,121,Unusable
Joc Pederson,592626,151.33,2025-07-21,0,0,0,0,0,0,0,0,0,0,118,Unusable
Jake McCarthy,664983,205.86,2025-07-14,0,0,0,0,0,0,0,0,0,0,100,Unusable
Jesus Sanchez,660821,210.78,2025-08-11,0,0,0,0,0,0,0,0,0,0,116,Unusable
Austin Hays,669720,212.98,2025-09-22,0,0,0,0,0,0,0,0,0,0,117,Unusable
Wilyer Abreu,677800,217.36,2025-07-21,0,0,0,0,0,0,0,0,0,0,118,Unusable
Wilyer Abreu,677800,217.36,2025-09-15,0,0,0,0,0,0,0,0,0,0,120,Unusable
Parker Meadows,678009,227.67,2025-07-14,0,0,0,0,0,0,0,0,0,0,100,Unusable
Max Kepler,596146,234.12,2025-07-14,0,0,0,0,0,0,0,0,0,0,100,Unusable
Bryan De La Cruz,650559,234.2,2025-03-24,0,0,0,0,0,0,0,0,0,0,120,Unusable
MJ Melendez,669004,237.22,2025-03-24,0,0,0,0,0,0,0,0,0,0,120,Unusable
MJ Melendez,669004,237.22,2025-07-21,0,0,0,0,0,0,0,0,0,0,118,Unusable
Luke Raley,670042,237.24,2025-08-18,0,0,0,0,0,0,0,0,0,0,115,Unusable
Jhonkensy Noel,678877,238.56,2025-05-12,0,0,0,0,0,0,0,0,0,0,116,Unusable
Jhonkensy Noel,678877,238.56,2025-07-07,0,0,0,0,0,0,0,0,0,0,115,Unusable
Kris Bryant,592178,238.62,2025-03-24,0,0,0,0,0,0,0,0,0,0,120,Unusable
Myles Straw,664702,238.89,2025-03-24,0,0,0,0,0,0,0,0,0,0,120,Unusable
Myles Straw,664702,238.89,2025-04-28,0,0,0,0,0,0,0,0,0,0,113,Unusable
Jose Siri,642350,239.12,2025-09-22,0,0,0,0,0,0,0,0,0,0,117,Unusable
Tirso Ornelas,672359,239.16,2025-04-14,0,0,0,0,0,0,0,0,0,0,121,Unusable
Jerar Encarnacion,666464,239.3,2025-09-22,0,0,0,0,0,0,0,0,0,0,117,Unusable
Jesse Winker,608385,239.37,2025-04-07,0,0,0,0,0,0,0,0,0,0,123,Unusable
Jesse Winker,608385,239.37,2025-07-07,0,0,0,0,0,0,0,0,0,0,115,Unusable
Chas McCormick,676801,239.53,2025-04-28,0,0,0,0,0,0,0,0,0,0,113,Unusable
Chas McCormick,676801,239.53,2025-05-05,0,0,0,0,0,0,0,0,0,0,118,Unusable
Chas McCormick,676801,239.53,2025-07-28,0,0,0,0,0,0,0,0,0,0,122,Unusable
Zac Veen,691728,239.66,2025-04-21,0,0,0,0,0,0,0,0,0,0,115,Unusable
Dominic Canzone,686527,239.73,2025-04-07,0,0,0,0,0,0,0,0,0,0,123,Unusable
Jarred Kelenic,672284,239.76,2025-07-28,0,0,0,0,0,0,0,0,0,0,122,Unusable
Esteury Ruiz,665923,239.76,2025-07-28,0,0,0,0,0,0,0,0,0,0,122,Unusable
Alek Thomas,677950,239.91,2025-07-21,0,0,0,0,0,0,0,0,0,0,118,Unusable
Manuel Margot,622534,239.94,2025-04-07,0,0,0,0,0,0,0,0,0,0,123,Unusable
Jake Meyers,676694,239.95,2025-04-21,0,0,0,0,0,0,0,0,0,0,115,Unusable
Jake Meyers,676694,239.95,2025-07-07,0,0,0,0,0,0,0,0,0,0,115,Unusable
Alexander Canario,672744,239.96,2025-03-31,0,0,0,0,0,0,0,0,0,0,128,Unusable
Alexander Canario,672744,239.96,2025-04-14,0,0,0,0,0,0,0,0,0,0,121,Unusable
Alexander Canario,672744,239.96,2025-04-21,0,0,0,0,0,0,0,0,0,0,115,Unusable
Alexander Canario,672744,239.96,2025-06-30,0,0,0,0,0,0,0,0,0,0,116,Unusable
Alexander Canario,672744,239.96,2025-07-14,0,0,0,0,0,0,0,0,0,0,100,Unusable
Alexander Canario,672744,239.96,2025-08-11,0,0,0,0,0,0,0,0,0,0,116,Unusable
Joey Loperfido,694388,239.98,2025-09-22,0,0,0,0,0,0,0,0,0,0,117,Unusable
Davis Schneider,676914,239.99,2025-09-01,0,0,0,0,0,0,0,0,0,0,118,Unusable
Will Benson,666181,239.99,2025-04-07,0,0,0,0,0,0,0,0,0,0,123,Unusable
Will Benson,666181,239.99,2025-08-25,0,0,0,0,0,0,0,0,0,0,117,Unusable
Johan Rojas,679032,239.99,2025-06-09,0,0,0,0,0,0,0,0,0,0,115,Unusable
Dane Myers,667472,240,2025-07-14,0,0,0,0,0,0,0,0,0,0,100,Unusable
Dane Myers,667472,240,2025-09-22,0,0,0,0,0,0,0,0,0,0,117,Unusable
James Outman,681546,240,2025-07-14,0,0,0,0,0,0,0,0,0,0,100,Unusable
Mitch Garver,641598,NA,2025-05-05,0,0,0,0,0,0,0,0,0,0,118,Unusable
Mitch Garver,641598,NA,2025-05-26,0,0,0,0,0,0,0,0,0,0,117,Unusable
Jack Suwinski,669261,NA,2025-07-14,0,0,0,0,0,0,0,0,0,0,100,Unusable
Luis Matos,682641,NA,2025-04-07,0,0,0,0,0,0,0,0,0,0,123,Unusable
Luis Matos,682641,NA,2025-04-14,0,0,0,0,0,0,0,0,0,0,121,Unusable
Luis Matos,682641,NA,2025-05-19,0,0,0,0,0,0,0,0,0,0,114,Unusable
Randal Grichuk,545341,NA,2025-06-09,0,0,0,0,0,0,0,0,0,0,115,Unusable
Randal Grichuk,545341,NA,2025-07-14,0,0,0,0,0,0,0,0,0,0,100,Unusable
Randal Grichuk,545341,NA,2025-08-25,0,0,0,0,0,0,0,0,0,0,117,Unusable
Randal Grichuk,545341,NA,2025-09-08,0,0,0,0,0,0,0,0,0,0,118,Unusable
Tyrone Taylor,621438,NA,2025-07-28,0,0,0,0,0,0,0,0,0,0,122,Unusable
Tyrone Taylor,621438,NA,2025-08-11,0,0,0,0,0,0,0,0,0,0,116,Unusable
Jake Fraley,641584,NA,2025-03-24,0,0,0,0,0,0,0,0,0,0,120,Unusable
Jake Fraley,641584,NA,2025-05-05,0,0,0,0,0,0,0,0,0,0,118,Unusable
Jake Fraley,641584,NA,2025-08-11,0,0,0,0,0,0,0,0,0,0,116,Unusable
Everson Pereira,677592,NA,2025-09-22,0,0,0,0,0,0,0,0,0,0,117,Unusable
Grant McCray,687529,NA,2025-08-04,0,0,0,0,0,0,0,0,0,0,117,Unusable
Grant McCray,687529,NA,2025-08-11,0,0,0,0,0,0,0,0,0,0,116,Unusable
Grant McCray,687529,NA,2025-08-18,0,0,0,0,0,0,0,0,0,0,115,Unusable
Grant McCray,687529,NA,2025-09-01,0,0,0,0,0,0,0,0,0,0,118,Unusable
Grant McCray,687529,NA,2025-09-08,0,0,0,0,0,0,0,0,0,0,118,Unusable
Stuart Fairchild,656413,NA,2025-04-14,0,0,0,0,0,0,0,0,0,0,121,Unusable
Stuart Fairchild,656413,NA,2025-06-16,0,0,0,0,0,0,0,0,0,0,115,Unusable
Seth Brown,664913,NA,2025-05-12,0,0,0,0,0,0,0,0,0,0,116,Unusable
Colby Thomas,687515,NA,2025-07-07,0,0,0,0,0,0,0,0,0,0,115,Unusable
Corey Julks,667452,NA,2025-07-28,0,0,0,0,0,0,0,0,0,0,122,Unusable
Chris Taylor,621035,NA,2025-03-31,0,0,0,0,0,0,0,0,0,0,128,Unusable
Chris Taylor,621035,NA,2025-04-28,0,0,0,0,0,0,0,0,0,0,113,Unusable
Chris Taylor,621035,NA,2025-09-15,0,0,0,0,0,0,0,0,0,0,120,Unusable
Rece Hinds,677956,NA,2025-05-19,0,0,0,0,0,0,0,0,0,0,114,Unusable
Rece Hinds,677956,NA,2025-07-28,0,0,0,0,0,0,0,0,0,0,122,Unusable
Weston Wilson,642215,NA,2025-05-05,0,0,0,0,0,0,0,0,0,0,118,Unusable
Weston Wilson,642215,NA,2025-08-18,0,0,0,0,0,0,0,0,0,0,115,Unusable
Ji Hwan Bae,678225,NA,2025-03-24,0,0,0,0,0,0,0,0,0,0,120,Unusable
Brandon Lockridge,663604,NA,2025-05-26,0,0,0,0,0,0,0,0,0,0,117,Unusable
Brandon Lockridge,663604,NA,2025-06-16,0,0,0,0,0,0,0,0,0,0,115,Unusable
Garrett Hampson,641658,NA,2025-04-21,0,0,0,0,0,0,0,0,0,0,115,Unusable
Garrett Hampson,641658,NA,2025-05-05,0,0,0,0,0,0,0,0,0,0,118,Unusable
Garrett Hampson,641658,NA,2025-06-09,0,0,0,0,0,0,0,0,0,0,115,Unusable
Garrett Hampson,641658,NA,2025-06-16,0,0,0,0,0,0,0,0,0,0,115,Unusable
Garrett Hampson,641658,NA,2025-07-14,0,0,0,0,0,0,0,0,0,0,100,Unusable
Garrett Hampson,641658,NA,2025-07-21,0,0,0,0,0,0,0,0,0,0,118,Unusable
Ramon Laureano,657656,NA,2025-03-24,0,0,0,0,0,0,0,0,0,0,120,Unusable
Ramon Laureano,657656,NA,2025-04-07,0,0,0,0,0,0,0,0,0,0,123,Unusable
Daz Cameron,663662,NA,2025-04-21,0,0,0,0,0,0,0,0,0,0,115,Unusable
Daz Cameron,663662,NA,2025-05-12,0,0,0,0,0,0,0,0,0,0,116,Unusable
Daz Cameron,663662,NA,2025-05-19,0,0,0,0,0,0,0,0,0,0,114,Unusable
Daz Cameron,663662,NA,2025-06-16,0,0,0,0,0,0,0,0,0,0,115,Unusable
Daz Cameron,663662,NA,2025-06-23,0,0,0,0,0,0,0,0,0,0,114,Unusable
Dylan Carlson,666185,NA,2025-04-21,0,0,0,0,0,0,0,0,0,0,115,Unusable
Dylan Carlson,666185,NA,2025-05-05,0,0,0,0,0,0,0,0,0,0,118,Unusable
Dylan Carlson,666185,NA,2025-06-23,0,0,0,0,0,0,0,0,0,0,114,Unusable
Dylan Carlson,666185,NA,2025-06-30,0,0,0,0,0,0,0,0,0,0,116,Unusable
Dylan Carlson,666185,NA,2025-08-04,0,0,0,0,0,0,0,0,0,0,117,Unusable
Derek Hill,656537,NA,2025-04-14,0,0,0,0,0,0,0,0,0,0,121,Unusable
Derek Hill,656537,NA,2025-06-30,0,0,0,0,0,0,0,0,0,0,116,Unusable
Derek Hill,656537,NA,2025-07-21,0,0,0,0,0,0,0,0,0,0,118,Unusable
Derek Hill,656537,NA,2025-09-01,0,0,0,0,0,0,0,0,0,0,118,Unusable
Eddie Rosario,592696,NA,2025-04-28,0,0,0,0,0,0,0,0,0,0,113,Unusable
Johnathan Rodriguez,671286,NA,2025-03-31,0,0,0,0,0,0,0,0,0,0,128,Unusable
Johnathan Rodriguez,671286,NA,2025-06-30,0,0,0,0,0,0,0,0,0,0,116,Unusable
Johnathan Rodriguez,671286,NA,2025-07-28,0,0,0,0,0,0,0,0,0,0,122,Unusable
Travis Jankowski,608671,NA,2025-06-23,0,0,0,0,0,0,0,0,0,0,114,Unusable
Travis Jankowski,608671,NA,2025-07-07,0,0,0,0,0,0,0,0,0,0,115,Unusable
Dominic Fletcher,666150,NA,2025-09-08,0,0,0,0,0,0,0,0,0,0,118,Unusable
Kevin Alcantara,682634,NA,2025-09-08,0,0,0,0,0,0,0,0,0,0,118,Unusable
Jonatan Clase,682729,NA,2025-04-21,0,0,0,0,0,0,0,0,0,0,115,Unusable
Drew Waters,671221,NA,2025-06-30,0,0,0,0,0,0,0,0,0,0,116,Unusable
Luke Williams,663897,NA,2025-06-09,0,0,0,0,0,0,0,0,0,0,115,Unusable
Luke Williams,663897,NA,2025-06-23,0,0,0,0,0,0,0,0,0,0,114,Unusable
Luke Williams,663897,NA,2025-06-30,0,0,0,0,0,0,0,0,0,0,116,Unusable
Luke Williams,663897,NA,2025-07-07,0,0,0,0,0,0,0,0,0,0,115,Unusable
Luke Williams,663897,NA,2025-07-14,0,0,0,0,0,0,0,0,0,0,100,Unusable
Luke Williams,663897,NA,2025-07-21,0,0,0,0,0,0,0,0,0,0,118,Unusable
Luke Williams,663897,NA,2025-08-11,0,0,0,0,0,0,0,0,0,0,116,Unusable
Luke Williams,663897,NA,2025-08-18,0,0,0,0,0,0,0,0,0,0,115,Unusable
Luke Williams,663897,NA,2025-09-15,0,0,0,0,0,0,0,0,0,0,120,Unusable
Terrin Vavra,679631,NA,2025-07-28,0,0,0,0,0,0,0,0,0,0,122,Unusable
Kevin Pillar,607680,NA,2025-04-28,0,0,0,0,0,0,0,0,0,0,113,Unusable
Kevin Pillar,607680,NA,2025-05-12,0,0,0,0,0,0,0,0,0,0,116,Unusable
Kevin Pillar,607680,NA,2025-05-19,0,0,0,0,0,0,0,0,0,0,114,Unusable
