player_name,mlbid,final_adp,week,w,qs,outs,so,er,ud_points,week_rank,rank_group
Zack Wheeler,554430,40.13,2025-06-30,2,2,51,22,1,134,1,P1
Ranger Suarez,624133,230.82,2025-08-18,2,2,41,21,2,118,1,P1
Garrett Crochet,676979,45.81,2025-05-26,1,2,41,23,3,116,1,P1
Garrett Crochet,676979,45.81,2025-09-08,2,2,39,22,3,116,1,P1
Merrill Kelly,518876,229.59,2025-05-12,2,2,42,19,1,116,1,P1
Cole Ragans,666142,57.5,2025-04-07,1,2,41,21,2,113,1,P1
Hunter Greene,668881,97.59,2025-04-07,2,2,47,15,0,112,2,P1
Hunter Brown,686613,102.8,2025-04-21,2,2,39,18,1,110,1,P1
Bryan Woo,693433,161.21,2025-09-08,2,2,36,22,4,110,2,P1
Tarik Skubal,669373,28.21,2025-05-19,1,1,44,21,3,108,1,P1
Zack Wheeler,554430,40.13,2025-05-05,2,2,42,17,2,107,1,P1
Hunter Greene,668881,97.59,2025-09-01,1,2,40,19,2,106,1,P1
Kris Bubic,663460,238.54,2025-03-31,2,2,38,16,0,106,1,P1
Tarik Skubal,669373,28.21,2025-06-23,2,1,39,21,4,105,1,P1
Kevin Gausman,592332,125.67,2025-07-21,1,2,39,18,1,105,1,P1
Trevor Rogers,669432,NA,2025-08-18,2,2,42,16,2,104,2,P1
Jesus Luzardo,666200,176.07,2025-05-19,1,2,39,20,4,102,2,P1
Ryan Pepiot,686752,190.49,2025-06-16,2,1,39,18,2,102,1,P1
Brayan Bello,678394,239.54,2025-07-07,2,2,46,15,3,102,1,P1
Paul Skenes,694973,19.33,2025-07-21,2,2,36,15,0,101,2,P1
Tarik Skubal,669373,28.21,2025-08-25,1,2,41,16,1,101,1,P1
Spencer Schwellenbach,680885,86.92,2025-06-23,2,2,42,16,3,101,2,P1
Bryan Woo,693433,161.21,2025-08-04,2,2,39,18,4,101,1,P1
Jose Soriano,667755,238.37,2025-06-16,1,2,41,16,1,101,2,P1
Lucas Giolito,608337,238.53,2025-08-25,2,2,42,14,1,101,1,P1
Tyler Glasnow,607192,109,2025-09-08,2,2,41,15,2,100,3,P1
Nathan Eovaldi,543135,193.86,2025-07-07,2,2,41,14,1,100,2,P1
Paul Skenes,694973,19.33,2025-06-02,0,2,47,15,1,99,1,P1
Bryan Woo,693433,161.21,2025-06-23,1,2,36,18,2,99,3,P1
Ronel Blanco,669854,220.43,2025-05-05,1,2,42,17,3,99,2,P1
Jake Irvin,663623,NA,2025-04-14,2,2,40,15,2,99,1,P1
Nathan Eovaldi,543135,193.86,2025-05-05,2,2,39,14,1,98,3,P1
Ranger Suarez,624133,230.82,2025-06-23,1,2,44,15,2,98,4,P1
Logan Webb,657277,89.7,2025-06-02,0,2,42,17,2,97,2,P1
Freddy Peralta,642547,106.07,2025-07-07,2,2,38,14,1,97,3,P1
Grant Holmes,656550,230.63,2025-06-09,0,1,35,24,5,97,1,P1
George Kirby,669923,127.32,2025-06-30,2,2,37,14,1,96,2,P1
Sonny Gray,543243,129.65,2025-08-04,1,2,42,15,2,96,2,P1
Kris Bubic,663460,238.54,2025-05-19,1,2,42,14,1,96,3,P1
David Peterson,656849,239.2,2025-08-18,1,1,41,18,3,96,3,P1
Dean Kremer,665152,239.89,2025-08-11,1,2,45,13,1,96,1,P1
Yoshinobu Yamamoto,808967,87.21,2025-07-28,2,1,38,15,1,95,1,P1
Jose Soriano,667755,238.37,2025-08-25,2,1,38,14,0,95,3,P1
Seth Lugo,607625,136.46,2025-06-16,1,2,37,16,2,94,3,P1
Cristopher Sanchez,650911,137.12,2025-07-07,1,2,43,14,2,94,4,P1
Taj Bradley,671737,174.81,2025-05-26,0,2,42,16,2,94,2,P1
Paul Skenes,694973,19.33,2025-08-18,1,2,39,15,2,93,4,P1
Zack Wheeler,554430,40.13,2025-06-09,1,2,36,16,2,93,2,P1
Framber Valdez,664285,83.25,2025-05-12,1,2,45,15,4,93,2,P1
Robbie Ray,592662,127.55,2025-05-19,1,2,39,14,1,93,4,P1
Nick Pivetta,601713,150.28,2025-08-18,1,2,36,17,3,93,4,P1
Tylor Megill,656731,239.59,2025-04-21,1,1,35,19,3,93,2,P1
Tyler Mahle,641816,NA,2025-04-14,1,2,39,13,0,93,2,P1
Hunter Brown,686613,102.8,2025-05-26,2,2,36,13,1,92,3,P1
Zac Gallen,668678,113.12,2025-09-15,2,2,39,15,4,92,1,P1
Jack Flaherty,656427,136.28,2025-06-02,2,2,36,13,1,92,3,P1
Paul Skenes,694973,19.33,2025-05-12,0,2,42,15,2,91,3,P1
Garrett Crochet,676979,45.81,2025-04-07,1,1,39,16,2,91,3,P1
Chris Sale,519242,66.64,2025-05-05,0,1,37,18,2,90,4,P1
Eury Perez,691587,237.61,2025-07-07,2,1,36,14,1,90,5,P1
Lucas Giolito,608337,238.53,2025-06-16,1,2,36,15,2,90,4,P1
Jack Leiter,683004,238.35,2025-07-21,2,2,36,14,3,89,3,P1
Eduardo Rodriguez,593958,239.58,2025-06-23,1,1,34,16,1,89,5,P1
Charlie Morton,450203,238.52,2025-05-26,2,2,38,12,2,88,4,P1
Shane Smith,681343,239.56,2025-09-22,1,1,33,16,1,88,1,P1
Martin Perez,527048,NA,2025-03-31,1,2,37,13,1,88,2,P1
Sandy Alcantara,645261,112.89,2025-08-25,1,2,42,13,3,87,4,P1
Sonny Gray,543243,129.65,2025-05-19,1,2,36,15,3,87,5,P1
Nick Pivetta,601713,150.28,2025-07-07,0,1,37,15,0,87,6,P1
Brady Singer,663903,227.02,2025-03-31,2,1,36,15,3,87,3,P1
Justin Verlander,434378,238.33,2025-08-25,2,1,33,15,2,87,4,P1
Matthew Boyd,571510,239.73,2025-06-30,2,1,36,14,2,87,3,P1
Freddy Peralta,642547,106.07,2025-04-28,2,2,36,12,2,86,1,P1
Shota Imanaga,684007,101.3,2025-08-04,0,2,39,16,4,85,3,P1
George Kirby,669923,127.32,2025-06-02,1,1,36,17,4,85,4,P1
Cristopher Sanchez,650911,137.12,2025-09-22,0,1,38,14,0,85,2,P1
Yusei Kikuchi,579328,146.02,2025-06-09,1,1,39,15,3,85,3,P1
Bryan Woo,693433,161.21,2025-05-12,1,2,40,11,1,85,4,P1
Grant Holmes,656550,230.63,2025-06-30,0,2,36,15,2,85,4,P1
Max Meyer,676974,239.43,2025-04-21,1,1,30,20,5,85,3,P1
Spencer Strider,675911,71.74,2025-09-15,2,1,36,12,1,84,2,P1
Max Fried,608331,108.44,2025-04-14,2,2,43,9,2,84,3,P1
Max Fried,608331,108.44,2025-06-09,1,2,42,13,4,84,4,P1
Cristopher Sanchez,650911,137.12,2025-06-02,1,2,39,13,3,84,5,P1
Brady Singer,663903,227.02,2025-08-18,1,2,36,13,2,84,6,P1
Zack Littell,641793,239.48,2025-05-26,2,2,46,10,4,84,5,P1
Matthew Boyd,571510,239.73,2025-05-05,1,2,36,15,4,84,5,P1
Landen Roupp,694738,239.78,2025-04-14,2,1,36,17,6,84,3,P1
Andrew Abbott,671096,239.97,2025-08-11,0,2,44,13,3,84,2,P1
Edward Cabrera,665795,239.99,2025-06-30,1,2,42,11,2,84,5,P1
Hayden Wesneski,669713,NA,2025-04-07,1,2,39,15,5,84,4,P1
Logan Gilbert,669302,55.11,2025-07-21,1,1,34,17,4,83,4,P1
Walker Buehler,621111,190.38,2025-04-21,2,2,39,12,4,83,4,P1
Lucas Giolito,608337,238.53,2025-07-28,2,2,42,9,2,83,2,P1
Will Warren,701542,238.96,2025-06-16,0,2,37,17,5,83,5,P1
Clarke Schmidt,657376,239.76,2025-06-16,1,2,44,8,0,83,5,P1
Ryne Nelson,669194,239.82,2025-06-30,1,2,41,12,3,83,6,P1
Matthew Liberatore,669461,NA,2025-06-23,2,2,39,10,2,83,6,P1
Logan Webb,657277,89.7,2025-04-07,1,1,36,15,3,82,5,P1
Mitch Keller,656605,182.86,2025-08-25,1,1,33,16,3,82,6,P1
Brayan Bello,678394,239.54,2025-06-09,1,2,40,12,3,82,5,P1
Cole Ragans,666142,57.5,2025-09-22,1,0,28,18,2,81,3,P1
Framber Valdez,664285,83.25,2025-06-23,1,2,39,9,0,81,7,P1
Carlos Rodon,607074,148.15,2025-09-15,1,2,39,12,3,81,3,P1
Merrill Kelly,518876,229.59,2025-04-14,1,1,35,14,2,81,5,P1
Merrill Kelly,518876,229.59,2025-08-18,1,2,39,11,2,81,7,P1
Chris Paddack,663978,239.98,2025-05-26,0,1,40,15,3,81,6,P1
Cole Ragans,666142,57.5,2025-05-05,1,0,30,19,4,80,6,P1
Michael King,650633,76.46,2025-04-07,2,1,44,10,3,80,6,P1
Brandon Pfaadt,694297,168.26,2025-04-21,2,2,36,11,3,80,5,P1
Tarik Skubal,669373,28.21,2025-04-14,1,1,36,13,2,79,6,P1
Freddy Peralta,642547,106.07,2025-08-18,1,1,33,12,0,79,8,P1
Tyler Glasnow,607192,109,2025-08-04,0,1,38,15,3,79,4,P1
Bailey Ober,641927,118.13,2025-04-28,2,2,41,8,2,79,2,P1
Clay Holmes,605280,151.97,2025-04-14,1,1,33,14,2,79,6,P1
Shane Baz,669358,218.42,2025-09-01,1,1,33,14,2,79,2,P1
Will Warren,701542,238.96,2025-05-19,1,0,29,17,2,79,6,P1
Shane Smith,681343,239.56,2025-08-25,1,2,40,10,2,79,7,P1
Edward Cabrera,665795,239.99,2025-05-19,1,0,32,17,3,79,6,P1
Simeon Woods Richardson,680573,239.99,2025-09-15,1,1,33,14,2,79,4,P1
Martin Perez,527048,NA,2025-08-25,0,2,39,12,2,79,7,P1
Logan Webb,657277,89.7,2025-06-30,1,2,39,13,5,78,7,P1
Luis Castillo,622491,101.92,2025-05-19,1,2,39,11,3,78,8,P1
Nick Lodolo,666157,188.35,2025-04-21,1,1,38,13,3,78,6,P1
Brandon Woodruff,605540,204.68,2025-07-21,1,2,36,11,2,78,5,P1
Ranger Suarez,624133,230.82,2025-05-26,1,2,36,10,1,78,7,P1
Jack Leiter,683004,238.35,2025-08-18,1,1,32,15,3,78,9,P1
Michael Soroka,647336,239.82,2025-06-16,0,1,34,19,6,78,7,P1
Edward Cabrera,665795,239.99,2025-07-28,1,2,36,11,2,78,3,P1
Max Fried,608331,108.44,2025-09-01,2,2,42,9,4,77,3,P1
Jesus Luzardo,666200,176.07,2025-08-04,2,2,36,11,4,77,5,P1
Jackson Jobe,695549,180.19,2025-05-12,2,1,35,12,3,77,5,P1
Jeffrey Springs,605488,237.55,2025-05-12,1,2,41,9,2,77,5,P1
Eury Perez,691587,237.61,2025-09-15,1,0,27,15,0,77,5,P1
Zack Wheeler,554430,40.13,2025-07-21,0,1,35,18,6,76,6,P1
Joe Ryan,657746,132.76,2025-06-30,0,2,39,12,3,76,8,P1
Carlos Rodon,607074,148.15,2025-05-05,0,1,38,15,4,76,7,P1
Mitch Keller,656605,182.86,2025-05-19,0,2,36,12,2,76,9,P1
Grant Holmes,656550,230.63,2025-04-14,2,1,40,11,4,76,8,P1
Jameson Taillon,592791,239.25,2025-05-26,2,2,38,9,3,76,8,P1
Andrew Abbott,671096,239.97,2025-05-12,1,1,33,12,1,76,7,P1
Paul Skenes,694973,19.33,2025-04-14,1,2,39,10,3,75,9,P1
Paul Skenes,694973,19.33,2025-06-30,0,0,30,15,0,75,9,P1
Yoshinobu Yamamoto,808967,87.21,2025-08-18,1,2,39,12,5,75,10,P1
Jacob deGrom,594798,96.37,2025-04-28,2,1,33,10,1,75,3,P1
Hunter Brown,686613,102.8,2025-08-25,0,2,38,12,3,75,9,P1
Kevin Gausman,592332,125.67,2025-05-26,1,1,38,13,4,75,9,P1
Sonny Gray,543243,129.65,2025-04-14,1,2,39,10,3,75,9,P1
Cristopher Sanchez,650911,137.12,2025-07-28,1,1,44,11,4,75,4,P1
Kodai Senga,673540,141.74,2025-04-07,2,1,36,8,0,75,7,P1
Yusei Kikuchi,579328,146.02,2025-08-04,2,1,33,14,5,75,6,P1
Reese Olson,681857,209.22,2025-04-28,1,0,34,15,3,75,3,P1
Tyler Mahle,641816,NA,2025-05-12,2,2,37,8,2,75,8,P1
Joe Boyle,671212,NA,2025-09-15,0,1,31,14,1,75,6,P1
Pablo Lopez,641154,86.1,2025-05-05,1,0,33,17,5,74,8,P1
Logan Webb,657277,89.7,2025-09-22,1,1,34,13,3,74,4,P1
George Kirby,669923,127.32,2025-09-08,1,1,31,16,5,74,4,P1
Matthew Liberatore,669461,NA,2025-04-07,1,1,37,14,5,74,8,P1
Garrett Crochet,676979,45.81,2025-04-28,1,1,36,12,3,73,5,P1
Dylan Cease,656302,52.79,2025-07-28,1,0,29,18,5,73,5,P1
Logan Gilbert,669302,55.11,2025-04-07,1,0,32,14,2,73,9,P1
Freddy Peralta,642547,106.07,2025-06-02,0,2,36,12,3,73,6,P1
Joe Ryan,657746,132.76,2025-08-25,1,1,36,15,6,73,10,P1
Tomoyuki Sugano,608372,238.15,2025-04-28,1,1,33,12,2,73,5,P1
Trevor Rogers,669432,NA,2025-06-30,1,1,36,11,2,73,10,P1
Jack Flaherty,656427,136.28,2025-07-07,0,1,34,15,4,72,7,P1
Yusei Kikuchi,579328,146.02,2025-04-14,0,1,34,12,1,72,11,P1
Jameson Taillon,592791,239.25,2025-09-15,1,2,39,7,1,72,7,P1
Michael Lorenzen,547179,239.59,2025-06-30,1,1,35,12,3,72,11,P1
Nick Martinez,607259,239.65,2025-04-28,1,2,36,9,2,72,7,P1
Chad Patrick,694477,NA,2025-05-26,1,1,32,12,2,72,10,P1
MacKenzie Gore,669022,158.05,2025-04-28,0,1,33,15,4,71,8,P1
Garrett Crochet,676979,45.81,2025-06-30,2,0,33,16,7,70,12,P1
Max Fried,608331,108.44,2025-09-15,1,1,21,13,0,70,8,P1
Sonny Gray,543243,129.65,2025-06-23,1,1,27,11,0,70,8,P1
Cristopher Sanchez,650911,137.12,2025-07-21,1,1,27,12,1,70,7,P1
MacKenzie Gore,669022,158.05,2025-04-07,1,1,36,14,6,70,10,P1
Nick Lodolo,666157,188.35,2025-05-19,1,1,33,13,4,70,10,P1
Chris Bassitt,605135,203.48,2025-06-16,0,2,36,12,4,70,8,P1
Shane Baz,669358,218.42,2025-06-09,1,1,36,11,3,70,6,P1
Merrill Kelly,518876,229.59,2025-07-07,1,1,36,10,2,70,8,P1
Griffin Canning,656288,238.91,2025-05-05,1,1,33,11,2,70,9,P1
David Peterson,656849,239.2,2025-05-12,0,2,36,11,3,70,9,P1
Drew Rasmussen,656876,239.34,2025-06-02,1,1,33,11,2,70,7,P1
Edward Cabrera,665795,239.99,2025-08-25,1,1,33,14,5,70,11,P1
Matthew Liberatore,669461,NA,2025-09-15,1,1,33,12,3,70,8,P1
Zac Gallen,668678,113.12,2025-03-31,1,1,20,13,0,69,4,P1
Tanner Bibee,676440,118.48,2025-06-02,0,2,38,12,5,69,8,P1
Jack Leiter,683004,238.35,2025-05-12,1,2,39,9,4,69,10,P1
David Peterson,656849,239.2,2025-03-31,1,1,32,12,3,69,4,P1
Clarke Schmidt,657376,239.76,2025-05-12,1,2,36,11,5,69,10,P1
Logan Allen,671106,NA,2025-04-14,1,0,34,11,1,69,12,P1
Chad Patrick,694477,NA,2025-06-23,0,0,30,17,4,69,9,P1
Jose Quintana,500779,NA,2025-04-21,2,1,33,9,2,69,7,P1
Logan Gilbert,669302,55.11,2025-09-15,2,1,35,9,3,68,10,P1
Framber Valdez,664285,83.25,2025-07-28,0,1,36,15,6,68,6,P1
Logan Webb,657277,89.7,2025-08-11,1,1,40,10,4,68,3,P1
Jacob deGrom,594798,96.37,2025-08-25,1,0,30,13,2,68,12,P1
Max Fried,608331,108.44,2025-05-12,0,1,33,13,3,68,12,P1
Merrill Kelly,518876,229.59,2025-06-09,0,1,33,14,4,68,7,P1
Drew Rasmussen,656876,239.34,2025-07-28,2,0,31,11,2,68,6,P1
Jacob Misiorowski,694819,239.39,2025-09-01,1,1,34,12,4,68,4,P1
Shane Smith,681343,239.56,2025-05-05,0,1,33,12,2,68,10,P1
Jordan Hicks,663855,239.84,2025-03-31,1,1,34,11,3,68,6,P1
Corbin Burnes,669203,62,2025-05-26,0,1,35,12,3,67,11,P1
Blake Snell,605483,68.13,2025-09-15,1,1,21,12,0,67,11,P1
Spencer Strider,675911,71.74,2025-06-09,1,1,18,13,0,67,8,P1
Spencer Strider,675911,71.74,2025-06-23,1,1,36,12,5,67,10,P1
Spencer Schwellenbach,680885,86.92,2025-04-21,0,2,39,11,5,67,8,P1
Tanner Bibee,676440,118.48,2025-09-08,1,1,27,10,0,67,5,P1
Jack Flaherty,656427,136.28,2025-07-21,1,1,27,13,3,67,8,P1
Yusei Kikuchi,579328,146.02,2025-06-23,1,1,21,12,0,67,10,P1
Carlos Rodon,607074,148.15,2025-06-02,1,1,36,13,6,67,9,P1
MacKenzie Gore,669022,158.05,2025-06-09,0,2,36,11,4,67,8,P1
Jeffrey Springs,605488,237.55,2025-07-07,2,2,38,7,4,67,9,P1
Shane Smith,681343,239.56,2025-04-07,0,2,36,9,2,67,11,P1
Tyler Anderson,542881,239.77,2025-05-05,0,1,35,12,3,67,11,P1
Kyle Hendricks,543294,239.97,2025-06-16,1,1,33,11,3,67,9,P1
Chase Dollander,801403,239.99,2025-05-12,0,1,32,13,3,67,13,P2
Jose Quintana,500779,NA,2025-08-11,1,2,37,7,2,67,4,P1
Aaron Nola,605400,75.01,2025-04-21,0,1,40,12,5,66,9,P1
Michael King,650633,76.46,2025-05-12,0,0,33,16,5,66,14,P2
Shota Imanaga,684007,101.3,2025-07-07,1,2,39,7,3,66,10,P1
Zac Gallen,668678,113.12,2025-05-05,1,1,38,11,5,66,12,P1
Tanner Bibee,676440,118.48,2025-07-21,2,1,36,12,7,66,9,P1
Cristopher Sanchez,650911,137.12,2025-03-31,0,0,33,16,5,66,7,P1
Jesus Luzardo,666200,176.07,2025-06-16,1,1,35,11,4,66,10,P1
Ryan Pepiot,686752,190.49,2025-05-19,1,2,39,7,3,66,11,P1
Brayan Bello,678394,239.54,2025-08-04,1,1,35,12,5,66,7,P1
Andrew Abbott,671096,239.97,2025-06-16,1,1,38,8,2,66,10,P1
Dylan Cease,656302,52.79,2025-05-19,0,1,36,14,6,65,12,P1
Logan Gilbert,669302,55.11,2025-06-16,1,0,30,16,6,65,12,P1
Robbie Ray,592662,127.55,2025-04-21,0,1,36,12,4,65,10,P1
Nick Lodolo,666157,188.35,2025-09-22,1,1,19,12,0,65,5,P1
Max Scherzer,453286,213.93,2025-07-21,0,1,36,15,7,65,10,P1
Shane Baz,669358,218.42,2025-07-07,0,2,37,10,4,65,11,P1
Grant Holmes,656550,230.63,2025-05-12,0,2,37,9,3,65,15,P2
Kris Bubic,663460,238.54,2025-06-23,0,1,33,13,4,65,12,P1
Will Warren,701542,238.96,2025-08-11,1,1,34,10,3,65,5,P1
Landen Roupp,694738,239.78,2025-07-07,0,1,33,11,2,65,11,P1
Jake Irvin,663623,NA,2025-06-16,1,1,34,12,5,65,12,P1
Tony Gonsolin,664062,NA,2025-05-05,1,0,30,12,2,65,13,P2
Tarik Skubal,669373,28.21,2025-05-05,1,1,21,12,1,64,14,P2
Zack Wheeler,554430,40.13,2025-04-14,1,1,21,13,2,64,13,P2
Garrett Crochet,676979,45.81,2025-07-07,1,1,27,9,0,64,13,P2
Dylan Cease,656302,52.79,2025-06-09,1,1,21,11,0,64,10,P1
Aaron Nola,605400,75.01,2025-09-08,1,1,36,12,6,64,6,P1
Spencer Schwellenbach,680885,86.92,2025-03-31,1,1,24,10,0,64,8,P1
Logan Webb,657277,89.7,2025-04-28,1,1,36,12,6,64,9,P1
Hunter Greene,668881,97.59,2025-09-15,1,1,27,9,0,64,12,P1
Max Fried,608331,108.44,2025-04-07,1,1,21,11,0,64,12,P1
Zac Gallen,668678,113.12,2025-08-18,0,2,36,10,4,64,11,P1
Kevin Gausman,592332,125.67,2025-09-08,1,1,27,9,0,64,6,P1
George Kirby,669923,127.32,2025-07-21,1,1,36,12,6,64,11,P1
Robbie Ray,592662,127.55,2025-07-07,0,1,35,11,3,64,13,P2
Joe Ryan,657746,132.76,2025-04-21,1,1,21,11,0,64,11,P1
Yusei Kikuchi,579328,146.02,2025-05-12,0,1,35,11,3,64,16,P2
Ranger Suarez,624133,230.82,2025-09-08,1,1,18,12,0,64,6,P1
JP Sears,676664,239.71,2025-04-28,1,1,36,9,3,64,9,P1
Landen Roupp,694738,239.78,2025-06-02,1,2,37,7,3,64,10,P1
Ryne Nelson,669194,239.82,2025-09-01,0,2,36,10,4,64,5,P1
Dean Kremer,665152,239.89,2025-06-16,1,0,32,11,2,64,14,P2
Edward Cabrera,665795,239.99,2025-08-04,1,1,24,11,1,64,8,P1
Andre Pallante,669467,NA,2025-07-28,1,1,36,8,2,64,8,P1
Dylan Cease,656302,52.79,2025-06-16,1,1,35,13,7,63,15,P2
Freddy Peralta,642547,106.07,2025-04-07,1,0,31,12,3,63,13,P2
Zac Gallen,668678,113.12,2025-06-02,1,1,41,9,5,63,11,P1
Jesus Luzardo,666200,176.07,2025-04-14,0,1,37,11,4,63,14,P2
Mitch Keller,656605,182.86,2025-07-07,0,2,38,8,3,63,15,P2
Luis Gil,661563,237.86,2025-08-25,1,0,31,12,3,63,13,P2
Tomoyuki Sugano,608372,238.15,2025-07-21,1,1,29,12,4,63,12,P1
Jose Soriano,667755,238.37,2025-08-11,1,1,35,11,5,63,6,P1
Charlie Morton,450203,238.52,2025-07-28,1,2,36,8,4,63,9,P1
Jameson Taillon,592791,239.25,2025-08-18,2,1,33,7,2,63,12,P1
Zack Littell,641793,239.48,2025-08-04,1,1,35,11,5,63,9,P1
Cade Horton,690990,NA,2025-08-18,1,1,26,10,1,63,12,P1
Logan Gilbert,669302,55.11,2025-07-07,0,0,32,14,4,62,16,P2
Spencer Schwellenbach,680885,86.92,2025-05-26,1,1,19,11,0,62,12,P1
Jacob deGrom,594798,96.37,2025-07-07,0,1,33,13,5,62,16,P2
Kodai Senga,673540,141.74,2025-05-19,1,1,34,10,4,62,13,P2
Carlos Rodon,607074,148.15,2025-08-18,2,1,35,8,4,62,14,P2
MacKenzie Gore,669022,158.05,2025-03-24,0,1,18,13,0,62,1,P1
Shane Baz,669358,218.42,2025-04-14,1,1,28,14,6,62,15,P2
Ryan Weathers,677960,219.68,2025-05-26,0,0,35,13,4,62,12,P1
Bowden Francis,670102,233.52,2025-03-31,1,1,34,10,4,62,9,P1
Eury Perez,691587,237.61,2025-08-18,1,1,31,10,3,62,14,P2
Michael Wacha,608379,238.28,2025-05-12,1,1,34,9,3,62,17,P2
Tarik Skubal,669373,28.21,2025-04-21,1,1,18,11,0,61,12,P1
Garrett Crochet,676979,45.81,2025-08-18,1,1,21,11,1,61,16,P2
Chris Sale,519242,66.64,2025-06-09,1,1,21,11,1,61,11,P1
Blake Snell,605483,68.13,2025-09-08,1,1,18,11,0,61,9,P1
Framber Valdez,664285,83.25,2025-05-26,1,1,27,9,1,61,14,P2
Yoshinobu Yamamoto,808967,87.21,2025-04-14,1,1,21,10,0,61,16,P2
Hunter Greene,668881,97.59,2025-04-28,1,1,18,12,1,61,11,P1
Zac Gallen,668678,113.12,2025-07-07,1,1,33,12,6,61,18,P2
Tanner Bibee,676440,118.48,2025-04-28,1,1,36,8,3,61,11,P1
Sonny Gray,543243,129.65,2025-05-26,1,1,21,10,0,61,14,P2
Joe Ryan,657746,132.76,2025-07-14,1,1,21,11,1,61,1,P1
Cristopher Sanchez,650911,137.12,2025-04-14,1,1,21,12,2,61,16,P2
Carlos Rodon,607074,148.15,2025-05-26,1,1,21,10,0,61,14,P2
Nick Pivetta,601713,150.28,2025-04-07,1,1,21,10,0,61,14,P2
Nick Pivetta,601713,150.28,2025-06-09,1,1,33,12,6,61,11,P1
Nick Pivetta,601713,150.28,2025-06-23,1,1,21,10,0,61,13,P2
Gavin Williams,668909,157.88,2025-07-14,1,1,21,11,1,61,1,P1
MacKenzie Gore,669022,158.05,2025-04-14,1,1,18,13,2,61,16,P2
Jesus Luzardo,666200,176.07,2025-08-18,1,1,18,12,1,61,16,P2
Jesus Luzardo,666200,176.07,2025-08-25,0,1,32,12,4,61,14,P2
Jesus Luzardo,666200,176.07,2025-09-22,1,1,21,10,0,61,6,P1
Nick Lodolo,666157,188.35,2025-07-21,1,1,27,8,0,61,13,P2
Nathan Eovaldi,543135,193.86,2025-03-31,1,1,27,8,0,61,10,P1
Shane Baz,669358,218.42,2025-06-23,1,1,24,9,0,61,13,P2
Casey Mize,663554,234.59,2025-06-16,1,1,33,9,3,61,16,P2
Erick Fedde,607200,237.02,2025-05-05,1,1,27,8,0,61,15,P2
Jacob Misiorowski,694819,239.39,2025-07-07,1,1,18,12,1,61,18,P2
Cade Povich,700249,239.66,2025-08-04,0,1,35,12,5,61,10,P1
Emerson Hancock,676106,NA,2025-06-09,1,1,36,7,2,61,11,P1
Seth Lugo,607625,136.46,2025-05-05,0,2,38,8,4,60,16,P2
Brady Singer,663903,227.02,2025-07-07,0,1,34,12,5,60,20,P2
Casey Mize,663554,234.59,2025-08-04,2,1,33,9,5,60,11,P1
Shane Bieber,669456,239.6,2025-09-08,1,1,35,9,4,60,10,P1
Cade Povich,700249,239.66,2025-03-31,0,1,31,12,4,60,11,P1
Garrett Crochet,676979,45.81,2025-08-11,0,1,33,13,6,59,7,P1
Dylan Cease,656302,52.79,2025-09-01,1,0,27,12,3,59,6,P1
Shota Imanaga,684007,101.3,2025-09-08,0,1,33,13,6,59,11,P1
Luis Castillo,622491,101.92,2025-07-28,1,1,34,8,3,59,10,P1
Luis Castillo,622491,101.92,2025-09-22,1,1,22,10,1,59,7,P1
Tyler Glasnow,607192,109,2025-07-21,0,1,21,12,1,59,14,P2
Kevin Gausman,592332,125.67,2025-04-07,0,1,24,10,0,59,15,P2
Gavin Williams,668909,157.88,2025-05-26,1,1,34,9,4,59,17,P2
Ryan Pepiot,686752,190.49,2025-04-14,0,1,36,15,9,59,19,P2
Chris Bassitt,605135,203.48,2025-09-01,0,1,33,9,2,59,6,P1
Jose Soriano,667755,238.37,2025-06-09,0,1,21,12,1,59,14,P2
Kris Bubic,663460,238.54,2025-04-21,0,1,36,10,4,59,13,P2
Zebby Matthews,805673,NA,2025-08-11,0,0,29,15,5,59,7,P1
Chad Patrick,694477,NA,2025-03-31,1,0,30,9,1,59,12,P1
Zack Wheeler,554430,40.13,2025-03-31,1,1,21,10,1,58,13,P2
Garrett Crochet,676979,45.81,2025-03-31,1,1,24,8,0,58,13,P2
Corbin Burnes,669203,62,2025-05-12,1,1,18,10,0,58,18,P2
Aaron Nola,605400,75.01,2025-09-22,1,1,24,9,1,58,8,P1
Framber Valdez,664285,83.25,2025-06-02,1,1,21,11,2,58,12,P1
Framber Valdez,664285,83.25,2025-09-22,1,1,21,10,1,58,8,P1
Spencer Schwellenbach,680885,86.92,2025-06-09,1,1,27,9,2,58,15,P2
Yoshinobu Yamamoto,808967,87.21,2025-09-01,0,1,26,10,1,58,8,P1
Zac Gallen,668678,113.12,2025-06-30,1,1,21,10,1,58,13,P2
Kevin Gausman,592332,125.67,2025-05-19,1,1,21,9,0,58,14,P2
Jack Flaherty,656427,136.28,2025-08-18,1,1,36,12,8,58,18,P2
Seth Lugo,607625,136.46,2025-04-21,1,1,24,8,0,58,14,P2
Cristopher Sanchez,650911,137.12,2025-05-19,0,1,32,13,6,58,14,P2
Carlos Rodon,607074,148.15,2025-07-07,1,1,24,8,0,58,21,P2
Gavin Williams,668909,157.88,2025-06-30,0,1,35,10,4,58,13,P2
Gavin Williams,668909,157.88,2025-09-22,1,1,18,12,2,58,8,P1
Ryan Pepiot,686752,190.49,2025-07-07,0,2,36,9,5,58,21,P2
Shane Baz,669358,218.42,2025-03-31,1,1,18,10,0,58,13,P2
Brady Singer,663903,227.02,2025-07-28,1,1,18,10,0,58,11,P1
Yu Darvish,506433,239.07,2025-08-11,1,1,30,11,5,58,9,P1
Andrew Abbott,671096,239.97,2025-04-14,1,1,18,11,1,58,20,P2
Jake Irvin,663623,NA,2025-05-12,1,2,37,7,5,58,18,P2
Chad Patrick,694477,NA,2025-05-05,1,1,33,10,5,58,17,P2
Kyle Freeland,607536,NA,2025-09-01,1,1,24,10,2,58,8,P1
Chris Sale,519242,66.64,2025-06-16,1,1,26,7,0,57,17,P2
Spencer Schwellenbach,680885,86.92,2025-05-12,2,1,42,6,6,57,20,P2
George Kirby,669923,127.32,2025-08-11,1,1,35,11,7,57,10,P1
Cristopher Sanchez,650911,137.12,2025-08-25,0,1,37,12,7,57,15,P2
Carlos Rodon,607074,148.15,2025-07-21,1,0,31,12,5,57,15,P2
Nestor Cortes,641482,223.32,2025-08-18,1,1,35,8,4,57,19,P2
Casey Mize,663554,234.59,2025-04-07,1,1,35,9,5,57,16,P2
Brayan Bello,678394,239.54,2025-04-21,2,1,33,7,4,57,15,P2
Matthew Liberatore,669461,NA,2025-05-12,0,1,34,9,3,57,20,P2
Paul Skenes,694973,19.33,2025-04-21,1,1,19,9,0,56,16,P2
Tarik Skubal,669373,28.21,2025-06-30,0,1,21,10,0,56,15,P2
Tarik Skubal,669373,28.21,2025-08-18,0,1,21,10,0,56,20,P2
Garrett Crochet,676979,45.81,2025-06-23,0,1,21,10,0,56,15,P2
Dylan Cease,656302,52.79,2025-04-14,0,0,32,12,4,56,21,P2
Chris Sale,519242,66.64,2025-09-15,0,1,24,9,0,56,13,P2
Logan Webb,657277,89.7,2025-04-14,0,1,18,12,1,56,21,P2
Hunter Brown,686613,102.8,2025-06-09,0,1,21,12,2,56,16,P2
Kevin Gausman,592332,125.67,2025-06-30,0,0,32,12,4,56,15,P2
Robbie Ray,592662,127.55,2025-06-16,0,1,33,12,6,56,18,P2
Carlos Rodon,607074,148.15,2025-04-07,0,0,35,16,9,56,17,P2
Nick Lodolo,666157,188.35,2025-06-23,0,0,29,11,2,56,15,P2
Hayden Birdsong,806185,236.52,2025-06-30,1,0,27,12,4,56,15,P2
Drew Rasmussen,656876,239.34,2025-03-31,1,0,30,8,1,56,16,P2
Tylor Megill,656731,239.59,2025-06-02,1,0,33,12,6,56,13,P2
Matthew Boyd,571510,239.73,2025-07-28,0,1,36,10,5,56,12,P1
Tyler Anderson,542881,239.77,2025-06-30,0,1,33,9,3,56,15,P2
Richard Fitts,690916,239.84,2025-04-07,0,1,33,9,3,56,17,P2
German Marquez,608566,239.88,2025-06-23,0,0,29,11,2,56,15,P2
Tarik Skubal,669373,28.21,2025-07-14,0,1,20,11,1,55,3,P1
Garrett Crochet,676979,45.81,2025-05-05,1,1,21,9,1,55,18,P2
Logan Gilbert,669302,55.11,2025-08-18,1,1,24,14,7,55,21,P2
Yoshinobu Yamamoto,808967,87.21,2025-04-07,1,1,18,9,0,55,19,P2
Logan Webb,657277,89.7,2025-06-16,1,1,21,9,1,55,19,P2
Logan Webb,657277,89.7,2025-08-04,1,1,18,10,1,55,12,P1
Logan Webb,657277,89.7,2025-09-08,1,1,30,12,7,55,12,P1
Jacob deGrom,594798,96.37,2025-05-12,1,1,24,7,0,55,22,P2
Jacob deGrom,594798,96.37,2025-06-02,1,1,21,8,0,55,14,P2
Luis Castillo,622491,101.92,2025-06-30,1,1,21,8,0,55,19,P2
Luis Castillo,622491,101.92,2025-09-01,1,1,30,11,6,55,10,P1
Freddy Peralta,642547,106.07,2025-09-15,1,1,18,10,1,55,14,P2
Sandy Alcantara,645261,112.89,2025-06-16,1,1,33,9,5,55,19,P2
Sandy Alcantara,645261,112.89,2025-08-18,1,1,21,9,1,55,21,P2
Tanner Bibee,676440,118.48,2025-05-19,1,1,21,8,0,55,16,P2
Robbie Ray,592662,127.55,2025-04-28,1,1,21,8,0,55,13,P2
Sonny Gray,543243,129.65,2025-05-05,1,1,21,8,0,55,18,P2
Joe Ryan,657746,132.76,2025-05-12,1,1,18,9,0,55,22,P2
Justin Steele,657006,140.83,2025-04-07,1,1,21,8,0,55,19,P2
Carlos Rodon,607074,148.15,2025-04-14,1,1,18,9,0,55,23,P2
Carlos Rodon,607074,148.15,2025-04-21,1,1,21,8,0,55,17,P2
Jose Berrios,621244,167.54,2025-04-07,1,1,36,8,5,55,19,P2
Jose Berrios,621244,167.54,2025-05-26,1,1,18,9,0,55,18,P2
Jose Berrios,621244,167.54,2025-06-23,1,1,21,8,0,55,18,P2
Jesus Luzardo,666200,176.07,2025-03-31,1,1,21,8,0,55,17,P2
Jesus Luzardo,666200,176.07,2025-06-09,1,1,18,10,1,55,17,P2
Merrill Kelly,518876,229.59,2025-06-02,1,1,21,8,0,55,14,P2
Hayden Birdsong,806185,236.52,2025-05-26,1,0,29,11,4,55,18,P2
Jeffrey Springs,605488,237.55,2025-03-24,1,1,18,9,0,55,2,P1
Jack Leiter,683004,238.35,2025-09-22,1,1,21,10,2,55,11,P1
Yu Darvish,506433,239.07,2025-09-08,1,0,32,12,6,55,12,P1
David Peterson,656849,239.2,2025-06-09,1,1,27,6,0,55,17,P2
Michael Soroka,647336,239.82,2025-05-12,1,0,29,12,5,55,22,P2
Andrew Heaney,571760,239.82,2025-04-21,1,1,18,9,0,55,17,P2
Dean Kremer,665152,239.89,2025-05-19,1,0,32,10,4,55,16,P2
Andrew Abbott,671096,239.97,2025-05-26,1,1,21,8,0,55,18,P2
Simeon Woods Richardson,680573,239.99,2025-04-07,1,0,32,11,5,55,19,P2
Jake Irvin,663623,NA,2025-05-19,1,1,24,7,0,55,16,P2
Logan Allen,671106,NA,2025-09-15,1,1,24,7,0,55,14,P2
Zack Wheeler,554430,40.13,2025-05-19,1,1,20,8,0,54,19,P2
Robbie Ray,592662,127.55,2025-08-18,1,1,35,6,3,54,23,P2
Cristopher Sanchez,650911,137.12,2025-08-18,0,1,19,12,2,54,23,P2
Clay Holmes,605280,151.97,2025-05-26,1,1,38,6,4,54,21,P2
Luis Severino,622663,232.8,2025-09-01,0,0,30,11,3,54,11,P1
Casey Mize,663554,234.59,2025-09-15,0,0,33,13,6,54,16,P2
Eury Perez,691587,237.61,2025-07-21,0,0,30,11,3,54,16,P2
Taijuan Walker,592836,239.58,2025-08-11,0,2,38,5,3,54,11,P1
Michael Lorenzen,547179,239.59,2025-04-07,1,1,35,7,4,54,23,P2
Matthew Boyd,571510,239.73,2025-06-09,1,2,36,3,2,54,19,P2
Hurston Waldrep,694462,NA,2025-08-25,0,0,33,9,2,54,16,P2
Michael King,650633,76.46,2025-03-31,1,0,15,11,0,53,18,P2
Framber Valdez,664285,83.25,2025-07-07,0,1,18,10,0,53,23,P2
Framber Valdez,664285,83.25,2025-09-01,0,1,36,13,9,53,12,P1
Spencer Schwellenbach,680885,86.92,2025-05-19,0,1,21,11,2,53,20,P2
Yoshinobu Yamamoto,808967,87.21,2025-05-19,0,1,21,9,0,53,20,P2
Yoshinobu Yamamoto,808967,87.21,2025-08-25,0,1,21,10,1,53,17,P2
Yoshinobu Yamamoto,808967,87.21,2025-09-08,0,1,21,10,1,53,14,P2
Hunter Brown,686613,102.8,2025-05-12,0,1,24,9,1,53,25,P3
Hunter Brown,686613,102.8,2025-06-23,0,1,21,9,0,53,19,P2
Sonny Gray,543243,129.65,2025-07-07,1,0,24,11,3,53,23,P2
Cristopher Sanchez,650911,137.12,2025-06-23,0,1,18,11,1,53,19,P2
Bryan Woo,693433,161.21,2025-04-28,1,1,19,8,0,53,14,P2
Brandon Pfaadt,694297,168.26,2025-09-15,0,1,27,7,0,53,17,P2
Ryan Pepiot,686752,190.49,2025-08-11,1,0,36,12,8,53,12,P1
Reese Olson,681857,209.22,2025-04-21,1,1,22,7,0,53,19,P2
Erick Fedde,607200,237.02,2025-05-26,0,1,33,10,5,53,22,P2
Tomoyuki Sugano,608372,238.15,2025-06-02,1,1,34,7,4,53,16,P2
Justin Verlander,434378,238.33,2025-09-22,1,1,31,10,6,53,12,P1
Andrew Heaney,571760,239.82,2025-03-31,0,1,21,10,1,53,18,P2
Aaron Civale,650644,239.95,2025-07-28,1,1,19,8,0,53,13,P2
Edward Cabrera,665795,239.99,2025-09-22,1,0,27,10,3,53,12,P1
Logan Allen,671106,NA,2025-08-11,0,0,29,11,3,53,12,P1
Davis Martin,663436,NA,2025-05-19,0,2,40,5,4,53,20,P2
Paul Skenes,694973,19.33,2025-08-04,1,1,18,8,0,52,13,P2
Paul Skenes,694973,19.33,2025-09-01,1,1,18,8,0,52,13,P2
Tarik Skubal,669373,28.21,2025-07-28,1,1,21,10,3,52,14,P2
Garrett Crochet,676979,45.81,2025-07-21,1,1,18,10,2,52,17,P2
Garrett Crochet,676979,45.81,2025-09-22,1,1,24,6,0,52,14,P2
Chris Sale,519242,66.64,2025-05-12,1,1,21,8,1,52,26,P3
Chris Sale,519242,66.64,2025-05-26,1,1,18,8,0,52,23,P2
Spencer Strider,675911,71.74,2025-07-14,1,1,18,8,0,52,4,P1
Aaron Nola,605400,75.01,2025-04-28,1,1,18,8,0,52,15,P2
Yoshinobu Yamamoto,808967,87.21,2025-06-30,1,1,21,8,1,52,20,P2
Jacob deGrom,594798,96.37,2025-06-23,1,1,21,7,0,52,21,P2
Jacob deGrom,594798,96.37,2025-07-21,1,1,18,9,1,52,17,P2
Shota Imanaga,684007,101.3,2025-04-28,1,0,32,7,2,52,15,P2
Hunter Brown,686613,102.8,2025-09-01,1,1,18,8,0,52,13,P2
Freddy Peralta,642547,106.07,2025-08-25,1,1,18,8,0,52,18,P2
Max Fried,608331,108.44,2025-06-23,1,1,21,7,0,52,21,P2
Zac Gallen,668678,113.12,2025-08-25,1,1,18,8,0,52,18,P2
Kevin Gausman,592332,125.67,2025-06-23,1,1,24,6,0,52,21,P2
Kevin Gausman,592332,125.67,2025-08-04,1,1,21,8,1,52,13,P2
Robbie Ray,592662,127.55,2025-06-02,1,1,21,9,2,52,17,P2
Robbie Ray,592662,127.55,2025-06-30,1,1,27,7,2,52,20,P2
Joe Ryan,657746,132.76,2025-06-02,2,0,30,10,6,52,17,P2
Joe Ryan,657746,132.76,2025-06-23,1,1,18,8,0,52,21,P2
Jack Flaherty,656427,136.28,2025-05-26,1,1,18,8,0,52,23,P2
Carlos Rodon,607074,148.15,2025-05-19,1,1,18,8,0,52,23,P2
Gavin Williams,668909,157.88,2025-08-25,1,1,21,8,1,52,18,P2
MacKenzie Gore,669022,158.05,2025-06-02,1,1,21,7,0,52,17,P2
Bryan Woo,693433,161.21,2025-06-30,1,1,18,8,0,52,20,P2
Jesus Luzardo,666200,176.07,2025-07-07,1,1,21,7,0,52,25,P3
Mitch Keller,656605,182.86,2025-06-09,0,2,36,7,5,52,20,P2
Mitch Keller,656605,182.86,2025-06-30,1,1,21,7,0,52,20,P2
Walker Buehler,621111,190.38,2025-07-21,0,1,35,8,4,52,17,P2
Nathan Eovaldi,543135,193.86,2025-08-04,1,1,24,6,0,52,13,P2
Nathan Eovaldi,543135,193.86,2025-08-11,1,1,36,9,7,52,14,P2
Chris Bassitt,605135,203.48,2025-03-31,0,1,20,9,0,52,20,P2
Brandon Woodruff,605540,204.68,2025-09-01,1,1,18,8,0,52,13,P2
Ranger Suarez,624133,230.82,2025-06-16,1,1,21,8,1,52,21,P2
Dustin May,669160,236.03,2025-06-30,1,1,21,9,2,52,20,P2
Dustin May,669160,236.03,2025-08-11,1,1,18,8,0,52,14,P2
Jose Soriano,667755,238.37,2025-06-30,1,1,21,7,0,52,20,P2
Kris Bubic,663460,238.54,2025-05-05,1,1,21,7,0,52,20,P2
Yu Darvish,506433,239.07,2025-07-28,1,1,21,7,0,52,14,P2
Jameson Taillon,592791,239.25,2025-04-14,0,0,31,10,3,52,24,P2
Shane Bieber,669456,239.6,2025-08-18,1,1,18,9,1,52,25,P3
Matthew Boyd,571510,239.73,2025-05-26,1,1,18,8,0,52,23,P2
Matthew Boyd,571510,239.73,2025-07-07,1,1,24,6,0,52,25,P3
Dean Kremer,665152,239.89,2025-07-07,1,1,21,7,0,52,25,P3
Andrew Abbott,671096,239.97,2025-06-09,1,1,27,5,0,52,20,P2
Clayton Kershaw,477132,239.98,2025-09-01,1,0,32,11,6,52,13,P2
Simeon Woods Richardson,680573,239.99,2025-07-07,1,0,29,7,1,52,25,P3
Logan Allen,671106,NA,2025-06-23,0,1,35,10,6,52,21,P2
Michael McGreevy,700241,NA,2025-08-25,1,1,36,7,5,52,18,P2
Matthew Liberatore,669461,NA,2025-05-05,1,1,21,8,1,52,20,P2
Hurston Waldrep,694462,NA,2025-08-18,1,1,21,7,0,52,25,P3
Paul Skenes,694973,19.33,2025-05-26,1,1,20,7,0,51,26,P3
Hunter Greene,668881,97.59,2025-08-18,0,1,19,12,3,51,27,P3
Luis Castillo,622491,101.92,2025-07-14,1,1,20,7,0,51,5,P1
Max Fried,608331,108.44,2025-07-28,1,1,20,9,2,51,16,P2
Bryce Miller,682243,120.1,2025-08-25,2,1,33,7,6,51,22,P2
Seth Lugo,607625,136.46,2025-04-14,0,1,40,9,7,51,25,P3
Gavin Williams,668909,157.88,2025-08-04,1,1,26,6,1,51,16,P2
Michael Wacha,608379,238.28,2025-08-18,1,1,35,7,5,51,27,P3
Lucas Giolito,608337,238.53,2025-06-30,1,1,23,7,1,51,26,P3
Michael Lorenzen,547179,239.59,2025-04-28,1,1,32,9,6,51,17,P2
Michael Lorenzen,547179,239.59,2025-09-01,0,1,34,10,6,51,17,P2
Andrew Heaney,571760,239.82,2025-06-30,1,1,20,7,0,51,26,P3
Andre Pallante,669467,NA,2025-06-09,0,1,31,10,5,51,22,P2
Chris Sale,519242,66.64,2025-04-28,0,1,21,10,2,50,18,P2
Chris Sale,519242,66.64,2025-06-02,0,1,18,10,1,50,20,P2
Blake Snell,605483,68.13,2025-08-04,1,0,15,10,0,50,17,P2
Framber Valdez,664285,83.25,2025-06-09,1,0,15,12,2,50,23,P2
Yoshinobu Yamamoto,808967,87.21,2025-06-02,0,1,18,9,0,50,20,P2
Freddy Peralta,642547,106.07,2025-03-31,0,1,24,8,1,50,21,P2
Max Fried,608331,108.44,2025-05-19,1,1,22,7,1,50,24,P2
Kevin Gausman,592332,125.67,2025-04-28,0,1,18,9,0,50,18,P2
Robbie Ray,592662,127.55,2025-05-26,0,1,21,9,1,50,27,P3
Nick Pivetta,601713,150.28,2025-09-08,0,1,21,8,0,50,15,P2
Nathan Eovaldi,543135,193.86,2025-08-18,0,1,21,9,1,50,29,P3
Chris Bassitt,605135,203.48,2025-04-14,1,0,15,10,0,50,26,P3
Shane Baz,669358,218.42,2025-06-30,0,1,21,11,3,50,28,P3
Justin Verlander,434378,238.33,2025-06-23,0,1,33,8,4,50,26,P3
Justin Verlander,434378,238.33,2025-08-11,0,1,21,8,0,50,16,P2
Charlie Morton,450203,238.52,2025-06-09,1,0,15,10,0,50,23,P2
Kris Bubic,663460,238.54,2025-05-26,0,1,21,9,1,50,27,P3
Will Warren,701542,238.96,2025-05-05,1,1,22,7,1,50,22,P2
Zack Littell,641793,239.48,2025-06-16,0,1,33,8,4,50,22,P2
German Marquez,608566,239.88,2025-03-31,0,1,33,7,3,50,21,P2
Antonio Senzatela,622608,239.92,2025-06-16,2,0,31,5,2,50,22,P2
Kyle Hendricks,543294,239.97,2025-09-08,1,1,31,12,9,50,15,P2
Simeon Woods Richardson,680573,239.99,2025-09-22,0,1,18,9,0,50,15,P2
Davis Martin,663436,NA,2025-09-01,1,1,34,7,5,50,18,P2
Trevor Rogers,669432,NA,2025-07-28,0,1,24,8,1,50,17,P2
Paul Skenes,694973,19.33,2025-03-31,1,1,21,6,0,49,23,P2
Tarik Skubal,669373,28.21,2025-06-09,1,1,21,6,0,49,25,P3
Tarik Skubal,669373,28.21,2025-09-01,1,1,21,6,0,49,19,P2
Garrett Crochet,676979,45.81,2025-06-16,1,1,18,8,1,49,24,P2
Garrett Crochet,676979,45.81,2025-08-04,1,1,21,8,2,49,18,P2
Dylan Cease,656302,52.79,2025-05-05,0,1,20,9,1,49,23,P2
Dylan Cease,656302,52.79,2025-05-12,0,1,20,10,2,49,27,P3
Chris Sale,519242,66.64,2025-09-01,0,1,20,9,1,49,19,P2
Spencer Strider,675911,71.74,2025-06-16,1,1,18,8,1,49,24,P2
Spencer Strider,675911,71.74,2025-07-07,0,1,20,11,3,49,29,P3
Framber Valdez,664285,83.25,2025-05-05,1,1,21,7,1,49,23,P2
Yoshinobu Yamamoto,808967,87.21,2025-09-22,1,1,18,7,0,49,16,P2
Hunter Brown,686613,102.8,2025-05-05,1,0,17,9,0,49,23,P2
Freddy Peralta,642547,106.07,2025-08-11,1,1,18,7,0,49,17,P2
Max Fried,608331,108.44,2025-04-28,1,1,21,6,0,49,20,P2
Max Fried,608331,108.44,2025-06-02,1,1,18,7,0,49,22,P2
Max Fried,608331,108.44,2025-09-22,1,1,21,7,1,49,16,P2
Sandy Alcantara,645261,112.89,2025-09-08,1,1,21,8,2,49,17,P2
Zac Gallen,668678,113.12,2025-04-28,1,1,18,8,1,49,20,P2
Tanner Bibee,676440,118.48,2025-09-15,1,1,18,8,1,49,18,P2
George Kirby,669923,127.32,2025-08-04,1,1,18,9,2,49,18,P2
George Kirby,669923,127.32,2025-09-15,1,1,18,7,0,49,18,P2
Nick Pivetta,601713,150.28,2025-04-21,1,1,21,6,0,49,20,P2
Bryan Woo,693433,161.21,2025-04-07,1,1,21,7,1,49,24,P2
Bryan Woo,693433,161.21,2025-06-16,1,1,21,6,0,49,24,P2
Bryan Woo,693433,161.21,2025-08-18,1,1,21,7,1,49,30,P3
Brandon Pfaadt,694297,168.26,2025-07-14,1,1,21,6,0,49,6,P1
Taj Bradley,671737,174.81,2025-06-23,1,1,36,6,5,49,27,P3
Zach Eflin,621107,184.56,2025-05-26,1,1,21,6,0,49,29,P3
Ryan Pepiot,686752,190.49,2025-06-30,1,1,18,9,2,49,29,P3
Nathan Eovaldi,543135,193.86,2025-04-21,1,1,18,7,0,49,20,P2
Chris Bassitt,605135,203.48,2025-05-19,1,1,30,8,5,49,25,P3
Brandon Woodruff,605540,204.68,2025-06-30,1,1,18,8,1,49,29,P3
Brandon Woodruff,605540,204.68,2025-08-04,1,1,21,8,2,49,18,P2
Shane Baz,669358,218.42,2025-04-21,1,1,21,6,0,49,20,P2
Ranger Suarez,624133,230.82,2025-06-09,1,1,21,6,0,49,25,P3
Luis Severino,622663,232.8,2025-07-21,1,1,21,8,2,49,20,P2
Casey Mize,663554,234.59,2025-05-05,1,1,18,8,1,49,23,P2
Dustin May,669160,236.03,2025-05-19,1,1,18,8,1,49,25,P3
Eury Perez,691587,237.61,2025-06-30,1,1,18,7,0,49,29,P3
Griffin Canning,656288,238.91,2025-04-14,1,1,18,8,1,49,27,P3
Griffin Canning,656288,238.91,2025-06-02,1,1,18,7,0,49,22,P2
Jameson Taillon,592791,239.25,2025-09-22,1,1,18,8,1,49,16,P2
Eduardo Rodriguez,593958,239.58,2025-09-15,1,1,33,7,5,49,18,P2
Nick Martinez,607259,239.65,2025-06-23,1,1,24,6,1,49,27,P3
Matthew Boyd,571510,239.73,2025-07-21,1,1,21,6,0,49,20,P2
Clarke Schmidt,657376,239.76,2025-06-09,1,1,18,7,0,49,25,P3
Landen Roupp,694738,239.78,2025-06-16,1,1,18,7,0,49,24,P2
Michael Soroka,647336,239.82,2025-06-02,1,1,18,7,0,49,22,P2
Dean Kremer,665152,239.89,2025-06-23,1,1,21,6,0,49,27,P3
Andrew Abbott,671096,239.97,2025-09-08,1,1,24,6,1,49,17,P2
Clayton Kershaw,477132,239.98,2025-06-02,1,0,29,9,4,49,22,P2
Zebby Matthews,805673,NA,2025-07-21,1,1,18,7,0,49,20,P2
Michael McGreevy,700241,NA,2025-09-15,1,1,21,6,0,49,18,P2
Chad Patrick,694477,NA,2025-08-18,0,0,31,11,5,49,30,P3
Hurston Waldrep,694462,NA,2025-08-11,1,1,18,7,0,49,17,P2
Joey Cantillo,676282,NA,2025-09-08,1,1,24,5,0,49,17,P2
Trevor Rogers,669432,NA,2025-09-15,1,1,18,7,0,49,18,P2
Tarik Skubal,669373,28.21,2025-06-02,1,1,23,6,1,48,26,P3
Garrett Crochet,676979,45.81,2025-06-09,0,1,25,7,1,48,28,P3
Yoshinobu Yamamoto,808967,87.21,2025-05-26,1,1,29,9,6,48,30,P3
Freddy Peralta,642547,106.07,2025-05-12,1,0,31,9,5,48,28,P3
Bailey Ober,641927,118.13,2025-09-01,1,0,31,9,5,48,21,P2
Kevin Gausman,592332,125.67,2025-08-18,0,0,33,11,6,48,32,P3
Joe Ryan,657746,132.76,2025-04-14,0,0,30,13,7,48,28,P3
Joe Ryan,657746,132.76,2025-08-11,1,1,20,7,1,48,19,P2
Jose Berrios,621244,167.54,2025-06-16,1,1,23,5,0,48,28,P3
Max Scherzer,453286,213.93,2025-06-30,0,0,27,11,4,48,32,P3
Ranger Suarez,624133,230.82,2025-05-19,1,1,20,6,0,48,27,P3
Kris Bubic,663460,238.54,2025-05-12,0,1,19,9,1,48,28,P3
David Peterson,656849,239.2,2025-05-19,1,1,23,7,2,48,27,P3
Clarke Schmidt,657376,239.76,2025-04-21,0,0,27,13,6,48,23,P2
Kyle Hendricks,543294,239.97,2025-05-19,1,1,35,8,7,48,27,P3
Jake Irvin,663623,NA,2025-09-15,1,0,34,10,7,48,23,P2
Ben Lively,594902,NA,2025-04-07,0,0,33,9,4,48,25,P3
Cade Horton,690990,NA,2025-06-02,1,0,31,9,5,48,26,P3
Carmen Mlodzinski,669387,NA,2025-04-07,1,0,28,10,5,48,25,P3
Kyle Freeland,607536,NA,2025-09-15,1,1,35,8,7,48,23,P2
Tarik Skubal,669373,28.21,2025-05-26,0,1,21,7,0,47,31,P3
Tarik Skubal,669373,28.21,2025-09-15,0,1,18,9,1,47,25,P3
Zack Wheeler,554430,40.13,2025-06-23,0,1,18,8,0,47,30,P3
Dylan Cease,656302,52.79,2025-03-31,1,1,19,7,1,47,24,P2
Logan Gilbert,669302,55.11,2025-03-24,0,1,21,8,1,47,3,P1
Chris Sale,519242,66.64,2025-08-25,0,1,18,9,1,47,23,P2
Framber Valdez,664285,83.25,2025-04-07,0,1,18,8,0,47,27,P3
Logan Webb,657277,89.7,2025-04-21,1,1,19,6,0,47,24,P2
Logan Webb,657277,89.7,2025-05-05,0,1,21,9,2,47,27,P3
Logan Webb,657277,89.7,2025-07-28,0,0,17,11,1,47,18,P2
Jacob deGrom,594798,96.37,2025-05-19,0,1,21,9,2,47,30,P3
Jacob deGrom,594798,96.37,2025-05-26,1,1,34,4,3,47,31,P3
Hunter Greene,668881,97.59,2025-03-31,0,1,21,8,1,47,24,P2
Max Fried,608331,108.44,2025-05-05,0,1,21,8,1,47,27,P3
Kevin Gausman,592332,125.67,2025-08-25,0,1,21,8,1,47,23,P2
Seth Lugo,607625,136.46,2025-06-30,1,1,19,7,1,47,33,P3
Yusei Kikuchi,579328,146.02,2025-06-16,0,1,21,9,2,47,29,P3
Gavin Williams,668909,157.88,2025-04-21,1,1,19,8,2,47,24,P2
Gavin Williams,668909,157.88,2025-07-28,0,1,18,8,0,47,18,P2
Gavin Williams,668909,157.88,2025-09-15,1,0,15,9,0,47,25,P3
MacKenzie Gore,669022,158.05,2025-05-19,0,1,18,9,1,47,30,P3
MacKenzie Gore,669022,158.05,2025-05-26,0,1,18,8,0,47,31,P3
Brandon Pfaadt,694297,168.26,2025-05-05,1,1,19,6,0,47,27,P3
Taj Bradley,671737,174.81,2025-09-22,0,1,18,9,1,47,19,P2
Jesus Luzardo,666200,176.07,2025-03-24,1,0,15,11,2,47,3,P1
Jesus Luzardo,666200,176.07,2025-09-08,1,0,24,10,4,47,20,P2
Chris Bassitt,605135,203.48,2025-07-21,1,1,22,8,3,47,23,P2
Luis Severino,622663,232.8,2025-04-07,0,0,38,9,6,47,27,P3
Jeffrey Springs,605488,237.55,2025-06-16,1,1,22,6,1,47,29,P3
Will Warren,701542,238.96,2025-07-07,1,0,33,5,2,47,30,P3
Eduardo Rodriguez,593958,239.58,2025-07-28,1,0,33,10,7,47,18,P2
Eduardo Rodriguez,593958,239.58,2025-09-08,1,1,19,6,0,47,20,P2
Michael Lorenzen,547179,239.59,2025-05-05,0,1,21,7,0,47,27,P3
Chris Paddack,663978,239.98,2025-05-05,1,1,22,6,1,47,27,P3
Chase Dollander,801403,239.99,2025-08-11,0,0,29,11,5,47,20,P2
Andre Pallante,669467,NA,2025-05-05,1,1,22,7,2,47,27,P3
Joey Cantillo,676282,NA,2025-07-21,1,0,27,9,4,47,23,P2
Tarik Skubal,669373,28.21,2025-04-07,1,1,18,6,0,46,29,P3
Zack Wheeler,554430,40.13,2025-05-12,1,1,18,6,0,46,30,P3
Garrett Crochet,676979,45.81,2025-09-15,1,1,18,9,3,46,27,P3
Dylan Cease,656302,52.79,2025-07-14,0,0,16,10,0,46,7,P1
Corbin Burnes,669203,62,2025-05-05,1,1,21,5,0,46,33,P3
Framber Valdez,664285,83.25,2025-08-25,1,1,21,5,0,46,25,P3
Pablo Lopez,641154,86.1,2025-05-12,1,1,18,6,0,46,30,P3
Yoshinobu Yamamoto,808967,87.21,2025-04-28,1,1,18,6,0,46,22,P2
Logan Webb,657277,89.7,2025-03-31,1,1,21,6,1,46,26,P3
Hunter Greene,668881,97.59,2025-08-11,1,1,18,6,0,46,21,P2
Shota Imanaga,684007,101.3,2025-07-14,1,1,21,5,0,46,7,P1
Hunter Brown,686613,102.8,2025-03-31,1,1,18,8,2,46,26,P3
Hunter Brown,686613,102.8,2025-04-28,1,1,18,9,3,46,22,P2
Hunter Brown,686613,102.8,2025-06-30,1,1,18,8,2,46,34,P3
Max Fried,608331,108.44,2025-08-25,1,1,21,6,1,46,25,P3
Sandy Alcantara,645261,112.89,2025-06-09,1,1,18,6,0,46,29,P3
Bailey Ober,641927,118.13,2025-05-19,0,1,29,6,2,46,32,P3
Kevin Gausman,592332,125.67,2025-09-01,1,1,24,5,1,46,22,P2
George Kirby,669923,127.32,2025-07-28,1,1,18,6,0,46,21,P2
Robbie Ray,592662,127.55,2025-05-12,1,1,18,9,3,46,30,P3
Sonny Gray,543243,129.65,2025-09-15,1,1,18,7,1,46,27,P3
Joe Ryan,657746,132.76,2025-05-05,1,1,18,7,1,46,33,P3
Seth Lugo,607625,136.46,2025-06-23,1,0,17,8,0,46,31,P3
Nick Pivetta,601713,150.28,2025-05-26,1,1,18,8,2,46,34,P3
Gavin Williams,668909,157.88,2025-08-18,1,0,26,8,3,46,33,P3
MacKenzie Gore,669022,158.05,2025-07-07,1,1,18,7,1,46,31,P3
Bryan Woo,693433,161.21,2025-04-21,1,1,18,8,2,46,26,P3
Brandon Pfaadt,694297,168.26,2025-09-01,1,1,18,7,1,46,22,P2
Taj Bradley,671737,174.81,2025-04-07,1,1,18,7,1,46,29,P3
Taj Bradley,671737,174.81,2025-07-14,1,1,18,6,0,46,7,P1
Jesus Luzardo,666200,176.07,2025-05-12,1,1,21,6,1,46,30,P3
Jesus Luzardo,666200,176.07,2025-09-01,1,1,18,8,2,46,22,P2
Nick Lodolo,666157,188.35,2025-07-14,1,1,21,7,2,46,7,P1
Chris Bassitt,605135,203.48,2025-03-24,1,1,18,7,1,46,5,P1
Chris Bassitt,605135,203.48,2025-06-02,1,1,21,6,1,46,28,P3
Brandon Woodruff,605540,204.68,2025-07-28,1,1,18,8,2,46,21,P2
Nestor Cortes,641482,223.32,2025-03-31,1,1,18,6,0,46,26,P3
Brady Singer,663903,227.02,2025-04-21,1,1,18,8,2,46,26,P3
Brady Singer,663903,227.02,2025-08-11,1,1,18,6,0,46,21,P2
Grant Holmes,656550,230.63,2025-05-19,1,1,21,6,1,46,32,P3
Ranger Suarez,624133,230.82,2025-05-05,1,1,21,5,0,46,33,P3
Kumar Rocker,677958,231.61,2025-04-14,1,1,21,8,3,46,29,P3
Casey Mize,663554,234.59,2025-09-08,1,1,18,8,2,46,22,P2
Dustin May,669160,236.03,2025-04-14,1,1,18,7,1,46,29,P3
Jeffrey Springs,605488,237.55,2025-07-28,1,1,18,7,1,46,21,P2
Michael Wacha,608379,238.28,2025-04-21,1,1,18,6,0,46,26,P3
Michael Wacha,608379,238.28,2025-05-05,1,1,21,5,0,46,33,P3
Michael Wacha,608379,238.28,2025-07-28,1,1,24,5,1,46,21,P2
Justin Verlander,434378,238.33,2025-04-14,0,1,35,7,5,46,29,P3
Jose Soriano,667755,238.37,2025-03-24,1,1,21,5,0,46,5,P1
Charlie Morton,450203,238.52,2025-06-16,1,1,18,7,1,46,31,P3
Charlie Morton,450203,238.52,2025-08-18,1,1,18,8,2,46,33,P3
Lucas Giolito,608337,238.53,2025-06-23,1,1,21,5,0,46,31,P3
Lucas Giolito,608337,238.53,2025-07-07,1,1,18,6,0,46,31,P3
Brayan Bello,678394,239.54,2025-08-18,1,1,21,5,0,46,33,P3
Eduardo Rodriguez,593958,239.58,2025-08-11,1,1,21,6,1,46,21,P2
Michael Lorenzen,547179,239.59,2025-04-21,1,1,18,7,1,46,26,P3
JP Sears,676664,239.71,2025-06-30,1,1,18,6,0,46,34,P3
Matthew Boyd,571510,239.73,2025-08-25,0,0,34,13,9,46,25,P3
Tyler Anderson,542881,239.77,2025-04-14,1,1,18,6,0,46,29,P3
Dean Kremer,665152,239.89,2025-05-26,1,1,18,7,1,46,34,P3
Aaron Civale,650644,239.95,2025-07-14,1,1,18,6,0,46,7,P1
Andrew Abbott,671096,239.97,2025-09-15,0,0,28,9,3,46,27,P3
Kyle Hendricks,543294,239.97,2025-09-15,1,1,21,5,0,46,27,P3
Clayton Kershaw,477132,239.98,2025-06-09,1,1,21,5,0,46,29,P3
Zebby Matthews,805673,NA,2025-09-22,1,1,21,6,1,46,20,P2
Logan Allen,671106,NA,2025-05-12,1,1,18,6,0,46,30,P3
Tony Gonsolin,664062,NA,2025-04-28,1,1,18,9,3,46,22,P2
Joey Cantillo,676282,NA,2025-07-07,0,0,28,13,7,46,31,P3
Joey Cantillo,676282,NA,2025-09-01,1,1,18,7,1,46,22,P2
Joey Cantillo,676282,NA,2025-09-15,0,0,28,8,2,46,27,P3
Gunnar Hoglund,680684,NA,2025-04-28,1,1,18,7,1,46,22,P2
Trevor Rogers,669432,NA,2025-06-23,1,1,24,4,0,46,31,P3
Trevor Rogers,669432,NA,2025-07-07,0,1,20,8,1,46,31,P3
Trevor Rogers,669432,NA,2025-07-21,1,1,21,5,0,46,25,P3
Sandy Alcantara,645261,112.89,2025-09-15,1,1,20,8,3,45,32,P3
Seth Lugo,607625,136.46,2025-07-28,1,0,31,8,5,45,25,P3
Spencer Arrighetti,681293,157.16,2025-08-25,0,1,19,8,1,45,28,P3
Brandon Pfaadt,694297,168.26,2025-08-04,2,0,32,6,5,45,21,P2
Mitch Keller,656605,182.86,2025-04-07,0,1,22,6,0,45,31,P3
Michael Wacha,608379,238.28,2025-04-14,0,0,33,9,5,45,33,P3
Justin Verlander,434378,238.33,2025-08-04,0,0,30,10,5,45,21,P2
Jack Leiter,683004,238.35,2025-09-15,0,1,37,8,7,45,32,P3
Eduardo Rodriguez,593958,239.58,2025-04-14,1,0,16,9,1,45,33,P3
Andrew Abbott,671096,239.97,2025-07-07,1,1,23,5,1,45,35,P3
Kyle Hendricks,543294,239.97,2025-07-21,1,1,32,5,4,45,26,P3
Jake Irvin,663623,NA,2025-07-07,0,0,33,8,4,45,35,P3
Paul Skenes,694973,19.33,2025-05-19,0,1,18,8,1,44,34,P3
Paul Skenes,694973,19.33,2025-06-16,0,1,18,9,2,44,32,P3
Paul Skenes,694973,19.33,2025-09-22,0,1,18,7,0,44,21,P2
Tarik Skubal,669373,28.21,2025-04-28,0,1,18,8,1,44,26,P3
Tarik Skubal,669373,28.21,2025-07-21,0,1,18,7,0,44,27,P3
Tarik Skubal,669373,28.21,2025-09-22,0,1,18,8,1,44,21,P2
Zack Wheeler,554430,40.13,2025-03-24,0,1,18,8,1,44,7,P1
Zack Wheeler,554430,40.13,2025-04-21,0,1,18,9,2,44,30,P3
Zack Wheeler,554430,40.13,2025-07-28,0,1,18,10,3,44,26,P3
Garrett Crochet,676979,45.81,2025-04-14,0,1,18,7,0,44,35,P3
Garrett Crochet,676979,45.81,2025-05-12,0,1,21,8,2,44,35,P3
Logan Webb,657277,89.7,2025-05-26,0,1,18,10,3,44,36,P3
Jacob deGrom,594798,96.37,2025-04-14,0,1,21,7,1,44,35,P3
Jacob deGrom,594798,96.37,2025-05-05,1,0,15,10,2,44,37,Unusable
Hunter Brown,686613,102.8,2025-09-15,0,1,18,9,2,44,34,P3
Max Fried,608331,108.44,2025-08-18,0,1,18,7,0,44,36,P3
Bryce Miller,682243,120.1,2025-04-14,1,0,15,8,0,44,35,P3
Sonny Gray,543243,129.65,2025-06-02,1,1,19,5,0,44,29,P3
Sonny Gray,543243,129.65,2025-08-25,0,1,21,7,1,44,29,P3
Joe Ryan,657746,132.76,2025-04-28,0,1,18,8,1,44,26,P3
Jack Flaherty,656427,136.28,2025-04-21,0,1,18,9,2,44,30,P3
Jack Flaherty,656427,136.28,2025-04-28,0,0,32,12,8,44,26,P3
Kodai Senga,673540,141.74,2025-05-26,1,1,19,7,2,44,36,P3
Gavin Williams,668909,157.88,2025-05-05,1,0,15,8,0,44,37,Unusable
Bryan Woo,693433,161.21,2025-08-11,0,1,18,8,1,44,24,P2
Jose Berrios,621244,167.54,2025-05-05,0,1,18,9,2,44,37,Unusable
Taj Bradley,671737,174.81,2025-04-28,1,1,37,3,4,44,26,P3
Mitch Keller,656605,182.86,2025-05-12,0,1,21,8,2,44,35,P3
Ryan Pepiot,686752,190.49,2025-03-24,0,1,18,8,1,44,7,P1
Nathan Eovaldi,543135,193.86,2025-03-24,0,1,18,9,2,44,7,P1
Nathan Eovaldi,543135,193.86,2025-04-28,0,1,18,8,1,44,26,P3
Chris Bassitt,605135,203.48,2025-07-14,1,1,19,5,0,44,12,P1
Brandon Woodruff,605540,204.68,2025-09-15,1,0,15,9,1,44,34,P3
Merrill Kelly,518876,229.59,2025-09-01,0,1,21,7,1,44,26,P3
Grant Holmes,656550,230.63,2025-04-28,0,1,18,9,2,44,26,P3
Kumar Rocker,677958,231.61,2025-07-14,1,1,19,5,0,44,12,P1
Luis Severino,622663,232.8,2025-09-22,1,1,19,5,0,44,21,P2
Tomoyuki Sugano,608372,238.15,2025-05-05,1,1,22,5,1,44,37,Unusable
Michael Wacha,608379,238.28,2025-05-26,0,1,21,6,0,44,36,P3
Jose Soriano,667755,238.37,2025-07-28,0,1,21,7,1,44,26,P3
Lucas Giolito,608337,238.53,2025-05-19,0,1,21,6,0,44,34,P3
Jameson Taillon,592791,239.25,2025-06-09,1,1,19,7,2,44,31,P3
Jacob Misiorowski,694819,239.39,2025-06-23,1,0,15,8,0,44,34,P3
Andrew Heaney,571760,239.82,2025-04-14,1,1,22,4,0,44,35,P3
Miles Mikolas,571945,239.88,2025-09-08,1,0,30,7,4,44,23,P2
German Marquez,608566,239.88,2025-07-07,0,1,18,8,1,44,37,Unusable
Dean Kremer,665152,239.89,2025-05-05,0,1,21,8,2,44,37,Unusable
Aaron Civale,650644,239.95,2025-06-09,0,0,29,9,4,44,31,P3
Mitchell Parker,680730,239.95,2025-03-24,1,1,19,5,0,44,7,P1
Mitchell Parker,680730,239.95,2025-06-16,0,1,18,8,1,44,32,P3
Chris Paddack,663978,239.98,2025-07-21,0,1,18,8,1,44,27,P3
Trevor Williams,592866,NA,2025-03-31,1,0,30,9,6,44,29,P3
Kyle Freeland,607536,NA,2025-03-24,0,1,18,7,0,44,7,P1
Paul Skenes,694973,19.33,2025-08-25,1,1,18,6,1,43,30,P3
Dylan Cease,656302,52.79,2025-08-04,1,1,18,7,2,43,23,P2
Dylan Cease,656302,52.79,2025-09-08,1,1,18,6,1,43,24,P2
Corbin Burnes,669203,62,2025-03-31,0,0,28,11,6,43,30,P3
Framber Valdez,664285,83.25,2025-03-24,1,1,21,4,0,43,12,P1
Pablo Lopez,641154,86.1,2025-03-31,1,1,21,5,1,43,30,P3
Logan Webb,657277,89.7,2025-05-12,1,1,24,4,1,43,37,Unusable
Jacob deGrom,594798,96.37,2025-06-16,1,1,18,7,2,43,34,P3
Hunter Greene,668881,97.59,2025-04-21,1,1,18,8,3,43,32,P3
Luis Castillo,622491,101.92,2025-04-21,1,1,18,5,0,43,32,P3
Freddy Peralta,642547,106.07,2025-06-09,1,1,18,6,1,43,33,P3
Sandy Alcantara,645261,112.89,2025-07-21,1,1,21,4,0,43,29,P3
Zac Gallen,668678,113.12,2025-08-04,1,1,18,6,1,43,23,P2
Zac Gallen,668678,113.12,2025-09-01,1,1,18,5,0,43,27,P3
Bailey Ober,641927,118.13,2025-04-21,1,1,18,6,1,43,32,P3
Bailey Ober,641927,118.13,2025-09-22,1,1,18,5,0,43,24,P2
Joe Ryan,657746,132.76,2025-04-07,1,1,21,4,0,43,32,P3
Jack Flaherty,656427,136.28,2025-04-07,0,0,16,9,0,43,32,P3
Seth Lugo,607625,136.46,2025-08-18,0,1,32,10,8,43,37,Unusable
Cristopher Sanchez,650911,137.12,2025-05-05,1,1,18,5,0,43,42,Unusable
Cristopher Sanchez,650911,137.12,2025-06-16,1,1,24,4,1,43,34,P3
Cristopher Sanchez,650911,137.12,2025-06-30,1,1,21,5,1,43,36,P3
Cristopher Sanchez,650911,137.12,2025-08-04,1,1,18,6,1,43,23,P2
Cristopher Sanchez,650911,137.12,2025-09-01,1,1,21,5,1,43,27,P3
Cristopher Sanchez,650911,137.12,2025-09-08,1,1,18,6,1,43,24,P2
Yusei Kikuchi,579328,146.02,2025-07-07,1,0,32,9,7,43,38,Unusable
Carlos Rodon,607074,148.15,2025-04-28,1,1,18,7,2,43,32,P3
Carlos Rodon,607074,148.15,2025-08-11,1,1,21,5,1,43,25,P3
Nick Pivetta,601713,150.28,2025-03-24,1,1,21,4,0,43,12,P1
Nick Pivetta,601713,150.28,2025-04-14,1,1,18,6,1,43,39,Unusable
Nick Pivetta,601713,150.28,2025-06-30,1,1,18,6,1,43,36,P3
Nick Pivetta,601713,150.28,2025-07-28,1,1,21,5,1,43,28,P3
Clay Holmes,605280,151.97,2025-06-02,1,1,18,6,1,43,30,P3
Gavin Williams,668909,157.88,2025-05-19,1,1,18,6,1,43,36,P3
MacKenzie Gore,669022,158.05,2025-08-04,1,1,27,10,8,43,23,P2
Jose Berrios,621244,167.54,2025-04-28,0,1,20,8,2,43,32,P3
Taj Bradley,671737,174.81,2025-03-24,1,1,18,7,2,43,12,P1
Taj Bradley,671737,174.81,2025-05-19,1,1,18,7,2,43,36,P3
Jesus Luzardo,666200,176.07,2025-04-21,1,1,18,5,0,43,32,P3
Jesus Luzardo,666200,176.07,2025-07-28,1,1,21,4,0,43,28,P3
Nick Lodolo,666157,188.35,2025-07-28,0,0,16,11,2,43,28,P3
Walker Buehler,621111,190.38,2025-06-09,1,1,21,7,3,43,33,P3
Max Scherzer,453286,213.93,2025-07-07,1,1,18,8,3,43,38,Unusable
Brady Singer,663903,227.02,2025-08-25,1,1,18,8,3,43,30,P3
Merrill Kelly,518876,229.59,2025-06-16,1,1,18,7,2,43,34,P3
Ranger Suarez,624133,230.82,2025-07-21,1,0,17,8,1,43,29,P3
Casey Mize,663554,234.59,2025-06-30,1,1,21,4,0,43,36,P3
Eury Perez,691587,237.61,2025-07-28,1,1,18,5,0,43,28,P3
Michael Wacha,608379,238.28,2025-09-22,1,1,18,5,0,43,24,P2
Jack Leiter,683004,238.35,2025-08-25,1,1,18,7,2,43,30,P3
Charlie Morton,450203,238.52,2025-08-11,1,1,18,5,0,43,25,P3
Sean Burke,680732,239.12,2025-04-28,1,1,18,5,0,43,32,P3
Sean Burke,680732,239.12,2025-05-19,1,1,18,6,1,43,36,P3
Jameson Taillon,592791,239.25,2025-03-31,1,1,18,7,2,43,30,P3
Jameson Taillon,592791,239.25,2025-06-02,1,1,21,5,1,43,30,P3
Drew Rasmussen,656876,239.34,2025-05-12,1,1,18,5,0,43,37,Unusable
Drew Rasmussen,656876,239.34,2025-05-26,1,1,18,5,0,43,39,Unusable
Zack Littell,641793,239.48,2025-06-23,1,1,21,5,1,43,35,P3
Brayan Bello,678394,239.54,2025-09-01,1,1,33,6,6,43,27,P3
Michael Lorenzen,547179,239.59,2025-09-22,1,0,17,9,2,43,24,P2
Nick Martinez,607259,239.65,2025-06-02,1,1,18,6,1,43,30,P3
Matthew Boyd,571510,239.73,2025-03-31,1,1,18,5,0,43,30,P3
Matthew Boyd,571510,239.73,2025-05-12,1,1,18,8,3,43,37,Unusable
Ben Brown,676962,239.83,2025-04-07,1,1,18,5,0,43,32,P3
Mitchell Parker,680730,239.95,2025-04-21,1,1,39,4,6,43,32,P3
Landon Knack,689017,NA,2025-05-26,1,1,18,6,1,43,39,Unusable
Davis Martin,663436,NA,2025-04-07,1,1,18,6,1,43,32,P3
Hurston Waldrep,694462,NA,2025-08-04,1,1,18,6,1,43,23,P2
Cade Horton,690990,NA,2025-08-11,1,0,17,8,1,43,25,P3
Emerson Hancock,676106,NA,2025-04-21,1,1,18,7,2,43,32,P3
Andre Pallante,669467,NA,2025-04-07,1,1,21,4,0,43,32,P3
Trevor Rogers,669432,NA,2025-08-04,1,1,18,6,1,43,23,P2
Trevor Rogers,669432,NA,2025-08-25,1,1,21,5,1,43,30,P3
Cole Ragans,666142,57.5,2025-03-31,0,0,15,10,1,42,34,P3
Michael King,650633,76.46,2025-04-21,0,0,15,9,0,42,38,Unusable
Tanner Bibee,676440,118.48,2025-07-07,1,0,31,8,6,42,40,Unusable
Sonny Gray,543243,129.65,2025-09-01,1,0,34,11,10,42,30,P3
Nick Pivetta,601713,150.28,2025-08-11,1,1,20,5,1,42,28,P3
Jose Berrios,621244,167.54,2025-05-12,0,1,34,8,7,42,40,Unusable
Jose Berrios,621244,167.54,2025-08-18,0,1,19,8,2,42,38,Unusable
Brandon Pfaadt,694297,168.26,2025-05-19,1,1,35,5,6,42,39,Unusable
Brandon Pfaadt,694297,168.26,2025-06-16,0,0,30,10,6,42,37,Unusable
Zach Eflin,621107,184.56,2025-06-09,1,1,20,5,1,42,35,P3
Walker Buehler,621111,190.38,2025-04-07,0,1,19,7,1,42,37,Unusable
Brady Singer,663903,227.02,2025-07-21,1,1,29,9,8,42,31,P3
Casey Mize,663554,234.59,2025-08-11,1,0,19,10,4,42,28,P3
Casey Mize,663554,234.59,2025-09-22,0,1,19,8,2,42,27,P3
Jose Soriano,667755,238.37,2025-04-07,1,1,23,4,1,42,37,Unusable
Charlie Morton,450203,238.52,2025-07-21,1,1,20,7,3,42,31,P3
Will Warren,701542,238.96,2025-04-28,0,0,24,13,7,42,35,P3
Sean Burke,680732,239.12,2025-05-05,0,1,31,4,2,42,43,Unusable
Michael Lorenzen,547179,239.59,2025-09-15,1,1,23,4,1,42,36,P3
Cade Povich,700249,239.66,2025-04-21,1,1,20,5,1,42,38,Unusable
Tyler Anderson,542881,239.77,2025-03-31,0,0,30,9,5,42,34,P3
Ryne Nelson,669194,239.82,2025-05-26,1,1,20,4,0,42,41,Unusable
Miles Mikolas,571945,239.88,2025-05-05,1,0,31,6,4,42,43,Unusable
Clayton Kershaw,477132,239.98,2025-09-22,1,0,16,7,0,42,27,P3
Matthew Liberatore,669461,NA,2025-09-01,1,0,16,7,0,42,30,P3
Cal Quantrill,615698,NA,2025-05-12,1,0,28,7,4,42,40,Unusable
Davis Martin,663436,NA,2025-05-12,1,1,20,5,1,42,40,Unusable
Jack Kochanowicz,686799,NA,2025-05-12,1,1,20,5,1,42,40,Unusable
Kyle Freeland,607536,NA,2025-05-19,0,0,30,9,5,42,39,Unusable
Logan Gilbert,669302,55.11,2025-09-01,0,1,18,7,1,41,32,P3
Corbin Burnes,669203,62,2025-05-19,0,1,21,8,3,41,41,Unusable
Chris Sale,519242,66.64,2025-05-19,0,1,21,6,1,41,41,Unusable
Spencer Strider,675911,71.74,2025-06-02,0,1,33,9,8,41,33,P3
Spencer Strider,675911,71.74,2025-09-08,0,1,18,8,2,41,26,P3
Spencer Schwellenbach,680885,86.92,2025-05-05,0,1,18,6,0,41,45,Unusable
Shota Imanaga,684007,101.3,2025-03-31,1,1,22,4,1,41,36,P3
Shota Imanaga,684007,101.3,2025-08-11,0,1,21,6,1,41,30,P3
Luis Castillo,622491,101.92,2025-06-23,0,1,33,7,6,41,36,P3
Hunter Brown,686613,102.8,2025-07-28,0,1,21,6,1,41,32,P3
Hunter Brown,686613,102.8,2025-08-18,0,1,18,6,0,41,39,Unusable
Tyler Glasnow,607192,109,2025-03-31,1,0,21,10,5,41,36,P3
Sandy Alcantara,645261,112.89,2025-05-05,0,0,32,12,9,41,45,Unusable
Sandy Alcantara,645261,112.89,2025-08-11,0,1,18,7,1,41,30,P3
Robbie Ray,592662,127.55,2025-07-28,0,1,21,6,1,41,32,P3
Robbie Ray,592662,127.55,2025-08-04,0,1,18,8,2,41,29,P3
Robbie Ray,592662,127.55,2025-09-08,1,0,27,10,7,41,26,P3
Joe Ryan,657746,132.76,2025-06-09,0,1,21,7,2,41,36,P3
Jack Flaherty,656427,136.28,2025-07-28,0,1,18,7,1,41,32,P3
Jack Flaherty,656427,136.28,2025-09-08,1,0,15,7,0,41,26,P3
Cristopher Sanchez,650911,137.12,2025-05-12,0,1,18,8,2,41,44,Unusable
Nick Pivetta,601713,150.28,2025-05-12,0,1,18,7,1,41,44,Unusable
Nick Pivetta,601713,150.28,2025-05-19,0,1,18,7,1,41,41,Unusable
Gavin Williams,668909,157.88,2025-06-16,0,1,18,6,0,41,38,Unusable
MacKenzie Gore,669022,158.05,2025-04-21,0,1,18,8,2,41,40,Unusable
Bryan Woo,693433,161.21,2025-09-15,1,0,15,7,0,41,37,Unusable
Mitch Keller,656605,182.86,2025-04-14,0,1,33,6,5,41,40,Unusable
Ryan Pepiot,686752,190.49,2025-06-02,0,1,18,8,2,41,33,P3
Ryan Pepiot,686752,190.49,2025-07-21,0,1,18,6,0,41,33,P3
Nathan Eovaldi,543135,193.86,2025-07-21,1,0,15,7,0,41,33,P3
Chris Bassitt,605135,203.48,2025-08-18,0,0,17,10,2,41,39,Unusable
Tanner Houck,656557,205.65,2025-04-28,0,1,21,6,1,41,36,P3
Reese Olson,681857,209.22,2025-05-12,0,1,18,6,0,41,44,Unusable
Brady Singer,663903,227.02,2025-06-16,0,1,18,7,1,41,38,Unusable
Bubba Chandler,696149,228.57,2025-09-08,0,1,18,7,1,41,26,P3
Luis Severino,622663,232.8,2025-03-24,0,1,18,6,0,41,15,P2
Luis Gil,661563,237.86,2025-09-22,0,1,33,5,4,41,29,P3
Michael Wacha,608379,238.28,2025-06-23,0,1,18,9,3,41,36,P3
Justin Verlander,434378,238.33,2025-05-12,0,1,30,6,4,41,44,Unusable
Justin Verlander,434378,238.33,2025-09-01,0,1,18,6,0,41,32,P3
Jack Leiter,683004,238.35,2025-06-23,0,1,18,7,1,41,36,P3
Jack Leiter,683004,238.35,2025-09-01,0,1,18,8,2,41,32,P3
Jose Soriano,667755,238.37,2025-05-12,0,1,21,5,0,41,44,Unusable
Lucas Giolito,608337,238.53,2025-05-05,1,1,31,7,7,41,45,Unusable
Cristian Javier,664299,238.76,2025-08-11,1,0,24,7,3,41,30,P3
Cristian Javier,664299,238.76,2025-08-25,0,1,18,6,0,41,34,P3
Will Warren,701542,238.96,2025-06-23,1,0,15,7,0,41,36,P3
Sean Burke,680732,239.12,2025-06-23,1,0,15,7,0,41,36,P3
David Peterson,656849,239.2,2025-07-07,0,1,21,6,1,41,41,Unusable
Max Meyer,676974,239.43,2025-04-07,1,1,19,4,0,41,39,Unusable
Zack Littell,641793,239.48,2025-03-24,0,1,18,7,1,41,15,P2
Shane Smith,681343,239.56,2025-04-21,1,0,15,7,0,41,40,Unusable
Tylor Megill,656731,239.59,2025-05-19,0,0,14,10,1,41,41,Unusable
Nick Martinez,607259,239.65,2025-08-18,0,1,18,7,1,41,39,Unusable
Ryne Nelson,669194,239.82,2025-09-22,0,1,18,9,3,41,29,P3
Ben Brown,676962,239.83,2025-06-02,0,1,21,7,2,41,33,P3
Miles Mikolas,571945,239.88,2025-06-09,0,1,33,9,8,41,36,P3
German Marquez,608566,239.88,2025-06-02,1,0,30,9,7,41,33,P3
Dean Kremer,665152,239.89,2025-07-14,0,1,21,6,1,41,14,P2
Dean Kremer,665152,239.89,2025-09-22,1,1,19,4,0,41,29,P3
Andrew Abbott,671096,239.97,2025-07-21,0,1,18,7,1,41,33,P3
Chase Dollander,801403,239.99,2025-08-25,0,1,18,7,1,41,34,P3
Cal Quantrill,615698,NA,2025-06-23,0,0,29,8,4,41,36,P3
Ryan Feltner,663372,NA,2025-04-07,0,1,18,7,1,41,39,Unusable
Cade Horton,690990,NA,2025-06-30,0,1,21,5,0,41,39,Unusable
Wade Miley,489119,NA,2025-06-09,1,0,30,7,5,41,36,P3
Joe Boyle,671212,NA,2025-04-07,1,0,15,7,0,41,39,Unusable
Kyle Freeland,607536,NA,2025-06-02,1,1,19,4,0,41,33,P3
Trevor Rogers,669432,NA,2025-08-11,0,1,21,6,1,41,30,P3
Zack Wheeler,554430,40.13,2025-04-28,0,1,20,7,2,40,37,Unusable
Garrett Crochet,676979,45.81,2025-07-14,1,1,18,5,1,40,15,P2
Aaron Nola,605400,75.01,2025-08-18,1,1,18,6,2,40,42,Unusable
Framber Valdez,664285,83.25,2025-05-19,1,1,18,5,1,40,45,Unusable
Framber Valdez,664285,83.25,2025-07-21,1,1,21,4,1,40,36,P3
Yoshinobu Yamamoto,808967,87.21,2025-07-07,0,1,23,7,3,40,42,Unusable
Logan Webb,657277,89.7,2025-08-18,1,1,18,5,1,40,42,Unusable
Jacob deGrom,594798,96.37,2025-06-30,1,1,18,6,2,40,40,Unusable
Jacob deGrom,594798,96.37,2025-07-28,0,0,31,13,10,40,35,P3
Jacob deGrom,594798,96.37,2025-08-04,0,1,20,8,3,40,30,P3
Shota Imanaga,684007,101.3,2025-03-24,1,1,21,4,1,40,17,P2
Luis Castillo,622491,101.92,2025-03-31,1,1,21,5,2,40,38,Unusable
Hunter Brown,686613,102.8,2025-04-14,1,1,18,4,0,40,41,Unusable
Hunter Brown,686613,102.8,2025-06-02,0,0,16,9,1,40,38,Unusable
Freddy Peralta,642547,106.07,2025-06-30,1,1,18,6,2,40,40,Unusable
Tanner Bibee,676440,118.48,2025-09-22,1,1,18,5,1,40,32,P3
Kevin Gausman,592332,125.67,2025-04-14,1,1,18,6,2,40,41,Unusable
Kevin Gausman,592332,125.67,2025-09-22,0,0,28,12,8,40,32,P3
Robbie Ray,592662,127.55,2025-05-05,1,1,18,5,1,40,48,Unusable
Joe Ryan,657746,132.76,2025-05-26,1,1,18,5,1,40,42,Unusable
Jack Flaherty,656427,136.28,2025-03-31,1,0,17,7,1,40,38,Unusable
Jack Flaherty,656427,136.28,2025-05-19,0,1,20,8,3,40,45,Unusable
Seth Lugo,607625,136.46,2025-07-21,1,1,18,6,2,40,36,P3
Kodai Senga,673540,141.74,2025-05-05,1,1,18,4,0,40,48,Unusable
Carlos Rodon,607074,148.15,2025-06-16,1,1,18,7,3,40,40,Unusable
Carlos Rodon,607074,148.15,2025-08-25,1,1,18,5,1,40,36,P3
Nick Pivetta,601713,150.28,2025-07-14,1,1,18,5,1,40,15,P2
Clay Holmes,605280,151.97,2025-05-05,1,1,18,5,1,40,48,Unusable
Spencer Arrighetti,681293,157.16,2025-03-24,1,1,18,5,1,40,17,P2
Bryan Woo,693433,161.21,2025-03-24,1,1,18,5,1,40,17,P2
Jose Berrios,621244,167.54,2025-07-21,1,1,18,6,2,40,36,P3
Brandon Pfaadt,694297,168.26,2025-07-07,1,1,24,4,2,40,42,Unusable
Zach Eflin,621107,184.56,2025-06-02,1,1,18,7,3,40,38,Unusable
Nick Lodolo,666157,188.35,2025-07-07,1,1,18,4,0,40,42,Unusable
Walker Buehler,621111,190.38,2025-08-04,1,1,18,4,0,40,30,P3
Nathan Eovaldi,543135,193.86,2025-07-28,1,1,21,4,1,40,35,P3
Chris Bassitt,605135,203.48,2025-06-30,1,0,17,9,3,40,40,Unusable
Max Scherzer,453286,213.93,2025-07-28,1,1,18,5,1,40,35,P3
Brady Singer,663903,227.02,2025-09-01,1,1,18,5,1,40,35,P3
Ranger Suarez,624133,230.82,2025-05-12,1,1,21,6,3,40,49,Unusable
Ranger Suarez,624133,230.82,2025-09-01,1,1,18,4,0,40,35,P3
Bowden Francis,670102,233.52,2025-04-14,1,1,18,5,1,40,41,Unusable
Casey Mize,663554,234.59,2025-03-31,1,0,17,6,0,40,38,Unusable
Eury Perez,691587,237.61,2025-09-22,0,0,16,11,3,40,32,P3
Luis Gil,661563,237.86,2025-09-08,1,1,18,4,0,40,30,P3
Tomoyuki Sugano,608372,238.15,2025-08-04,1,1,21,4,1,40,30,P3
Michael Wacha,608379,238.28,2025-06-16,1,1,18,5,1,40,40,Unusable
Jack Leiter,683004,238.35,2025-05-26,1,0,17,6,0,40,42,Unusable
Jose Soriano,667755,238.37,2025-07-14,1,1,21,5,2,40,15,P2
Lucas Giolito,608337,238.53,2025-06-09,1,1,18,4,0,40,39,Unusable
Kris Bubic,663460,238.54,2025-06-30,1,1,21,6,3,40,40,Unusable
Yu Darvish,506433,239.07,2025-08-18,1,1,18,5,1,40,42,Unusable
Drew Rasmussen,656876,239.34,2025-08-11,1,1,18,5,1,40,34,P3
Jacob Misiorowski,694819,239.39,2025-06-16,1,1,18,6,2,40,40,Unusable
Zack Littell,641793,239.48,2025-09-15,1,0,32,7,6,40,38,Unusable
Brayan Bello,678394,239.54,2025-07-28,1,1,21,4,1,40,35,P3
Brayan Bello,678394,239.54,2025-08-25,0,1,20,6,1,40,36,P3
Taijuan Walker,592836,239.58,2025-03-31,1,1,18,4,0,40,38,Unusable
Taijuan Walker,592836,239.58,2025-08-04,1,1,18,4,0,40,30,P3
Nick Martinez,607259,239.65,2025-05-12,1,1,21,3,0,40,49,Unusable
Nick Martinez,607259,239.65,2025-08-04,1,1,21,4,1,40,30,P3
JP Sears,676664,239.71,2025-03-24,0,1,20,7,2,40,17,P2
Clarke Schmidt,657376,239.76,2025-05-26,1,1,18,4,0,40,42,Unusable
Tyler Anderson,542881,239.77,2025-04-07,1,0,17,6,0,40,42,Unusable
Ben Brown,676962,239.83,2025-04-28,1,1,18,4,0,40,37,Unusable
Miles Mikolas,571945,239.88,2025-05-12,1,1,18,4,0,40,49,Unusable
Miles Mikolas,571945,239.88,2025-07-07,1,0,17,6,0,40,42,Unusable
David Festa,701581,239.97,2025-06-23,1,0,17,6,0,40,42,Unusable
Clayton Kershaw,477132,239.98,2025-06-23,1,1,18,5,1,40,42,Unusable
Chris Paddack,663978,239.98,2025-05-12,1,1,21,3,0,40,49,Unusable
Chris Paddack,663978,239.98,2025-07-28,1,1,18,5,1,40,35,P3
Tyler Mahle,641816,NA,2025-04-07,1,1,21,4,1,40,42,Unusable
Logan Allen,671106,NA,2025-06-09,1,1,18,6,2,40,39,Unusable
Hurston Waldrep,694462,NA,2025-09-22,1,1,18,5,1,40,32,P3
Jose Quintana,500779,NA,2025-08-04,1,1,18,7,3,40,30,P3
Cade Horton,690990,NA,2025-08-04,1,0,17,6,0,40,30,P3
Andre Pallante,669467,NA,2025-06-16,1,1,18,4,0,40,40,Unusable
Caden Dana,702674,NA,2025-09-15,0,1,29,9,7,40,38,Unusable
Paul Skenes,694973,19.33,2025-09-08,0,0,15,8,0,39,31,P3
Zack Wheeler,554430,40.13,2025-06-16,0,0,15,8,0,39,44,Unusable
Chris Sale,519242,66.64,2025-04-07,0,0,27,12,8,39,44,Unusable
Yoshinobu Yamamoto,808967,87.21,2025-03-24,0,0,15,10,2,39,21,P2
Hunter Brown,686613,102.8,2025-08-11,1,1,20,4,1,39,35,P3
Freddy Peralta,642547,106.07,2025-07-21,0,0,15,9,1,39,39,Unusable
Freddy Peralta,642547,106.07,2025-09-01,0,0,15,8,0,39,37,Unusable
Freddy Peralta,642547,106.07,2025-09-22,0,0,21,9,3,39,36,P3
Zac Gallen,668678,113.12,2025-07-21,0,0,36,11,10,39,39,Unusable
Tanner Bibee,676440,118.48,2025-06-16,0,0,24,10,5,39,44,Unusable
George Kirby,669923,127.32,2025-09-22,0,0,15,10,2,39,36,P3
Joe Ryan,657746,132.76,2025-09-22,0,0,15,9,1,39,36,P3
Carlos Rodon,607074,148.15,2025-03-24,1,0,16,7,1,39,21,P2
Nick Pivetta,601713,150.28,2025-04-28,1,0,16,9,3,39,39,Unusable
Clay Holmes,605280,151.97,2025-04-07,1,0,16,10,4,39,44,Unusable
Jose Berrios,621244,167.54,2025-06-09,0,1,34,6,6,39,41,Unusable
Casey Mize,663554,234.59,2025-06-23,1,1,20,5,2,39,44,Unusable
Dustin May,669160,236.03,2025-04-28,0,0,33,9,7,39,39,Unusable
Dustin May,669160,236.03,2025-08-18,0,1,31,8,7,39,45,Unusable
Frankie Montas,593423,237.83,2025-06-23,0,0,27,10,6,39,44,Unusable
Jose Soriano,667755,238.37,2025-05-19,1,1,32,5,6,39,47,Unusable
David Peterson,656849,239.2,2025-06-30,1,1,20,4,1,39,44,Unusable
Tobias Myers,668964,239.32,2025-05-05,1,0,28,5,3,39,51,Unusable
Shane Smith,681343,239.56,2025-06-02,1,0,16,6,0,39,40,Unusable
Eduardo Rodriguez,593958,239.58,2025-03-31,0,0,15,12,4,39,42,Unusable
Matthew Boyd,571510,239.73,2025-06-02,0,1,22,6,2,39,40,Unusable
Landen Roupp,694738,239.78,2025-05-05,0,0,30,7,4,39,51,Unusable
Andrew Abbott,671096,239.97,2025-05-05,0,0,15,8,0,39,51,Unusable
Kyle Hendricks,543294,239.97,2025-04-28,1,1,23,3,1,39,39,Unusable
Simeon Woods Richardson,680573,239.99,2025-04-21,1,0,16,7,1,39,42,Unusable
Kyle Freeland,607536,NA,2025-08-18,0,0,27,11,7,39,45,Unusable
Javier Assad,665871,NA,2025-09-22,1,0,16,6,0,39,36,P3
Trevor Rogers,669432,NA,2025-05-19,0,1,19,5,0,39,47,Unusable
Garrett Crochet,676979,45.81,2025-08-25,0,1,18,7,2,38,38,Unusable
Framber Valdez,664285,83.25,2025-04-21,0,1,24,5,2,38,43,Unusable
Yoshinobu Yamamoto,808967,87.21,2025-03-31,0,1,18,5,0,38,43,Unusable
Yoshinobu Yamamoto,808967,87.21,2025-06-23,1,0,15,6,0,38,46,Unusable
Logan Webb,657277,89.7,2025-08-25,0,1,21,7,3,38,38,Unusable
Logan Webb,657277,89.7,2025-09-15,0,1,21,5,1,38,40,Unusable
Hunter Greene,668881,97.59,2025-09-22,0,1,18,7,2,38,40,Unusable
Luis Castillo,622491,101.92,2025-05-12,0,1,18,6,1,38,53,Unusable
Luis Castillo,622491,101.92,2025-05-26,0,1,18,5,0,38,45,Unusable
Luis Castillo,622491,101.92,2025-06-09,0,1,18,7,2,38,42,Unusable
Hunter Brown,686613,102.8,2025-03-24,0,1,18,7,2,38,23,P2
Freddy Peralta,642547,106.07,2025-08-04,1,0,15,7,1,38,37,Unusable
Max Fried,608331,108.44,2025-06-30,1,0,33,7,7,38,45,Unusable
Tyler Glasnow,607192,109,2025-04-07,0,1,18,7,2,38,46,Unusable
Tyler Glasnow,607192,109,2025-07-14,0,1,18,6,1,38,18,P2
Tanner Bibee,676440,118.48,2025-06-23,0,1,18,7,2,38,46,Unusable
Bryce Miller,682243,120.1,2025-04-28,1,0,15,6,0,38,42,Unusable
Bryce Miller,682243,120.1,2025-09-08,0,0,17,11,4,38,32,P3
Kevin Gausman,592332,125.67,2025-09-15,0,1,18,6,1,38,40,Unusable
George Kirby,669923,127.32,2025-08-25,0,1,21,6,2,38,38,Unusable
Robbie Ray,592662,127.55,2025-06-23,0,1,18,6,1,38,46,Unusable
Sonny Gray,543243,129.65,2025-09-22,0,1,18,7,2,38,40,Unusable
Kodai Senga,673540,141.74,2025-05-12,0,0,17,7,0,38,53,Unusable
Kodai Senga,673540,141.74,2025-06-02,0,1,18,6,1,38,42,Unusable
Yusei Kikuchi,579328,146.02,2025-05-05,0,1,18,6,1,38,54,Unusable
Carlos Rodon,607074,148.15,2025-06-23,0,1,18,5,0,38,46,Unusable
Gavin Williams,668909,157.88,2025-04-07,1,0,15,7,1,38,46,Unusable
MacKenzie Gore,669022,158.05,2025-06-23,0,1,18,6,1,38,46,Unusable
MacKenzie Gore,669022,158.05,2025-08-11,0,1,18,7,2,38,36,P3
Jesus Luzardo,666200,176.07,2025-04-07,0,1,18,6,1,38,46,Unusable
Nick Lodolo,666157,188.35,2025-05-05,0,1,18,7,2,38,54,Unusable
Nick Lodolo,666157,188.35,2025-05-26,0,1,18,5,0,38,45,Unusable
Nick Lodolo,666157,188.35,2025-06-30,0,1,18,8,3,38,45,Unusable
Ryan Pepiot,686752,190.49,2025-08-25,1,0,15,6,0,38,38,Unusable
Ryan Pepiot,686752,190.49,2025-09-01,1,0,15,6,0,38,38,Unusable
Nathan Eovaldi,543135,193.86,2025-04-14,0,1,18,7,2,38,44,Unusable
Nathan Eovaldi,543135,193.86,2025-05-19,0,1,18,6,1,38,49,Unusable
Brandon Woodruff,605540,204.68,2025-08-25,1,0,30,11,10,38,38,Unusable
Shane Baz,669358,218.42,2025-04-07,0,1,21,6,2,38,46,Unusable
Bubba Chandler,696149,228.57,2025-09-15,1,0,15,6,0,38,40,Unusable
Kumar Rocker,677958,231.61,2025-06-09,1,0,15,6,0,38,42,Unusable
Luis Severino,622663,232.8,2025-05-12,0,1,18,5,0,38,53,Unusable
Dustin May,669160,236.03,2025-05-26,1,0,15,9,3,38,45,Unusable
Justin Verlander,434378,238.33,2025-07-07,0,1,18,7,2,38,46,Unusable
Jack Leiter,683004,238.35,2025-03-31,1,0,15,6,0,38,43,Unusable
Jose Soriano,667755,238.37,2025-04-28,0,1,18,5,0,38,42,Unusable
Max Meyer,676974,239.43,2025-03-31,0,1,18,8,3,38,43,Unusable
Max Meyer,676974,239.43,2025-04-14,0,1,18,8,3,38,44,Unusable
Brayan Bello,678394,239.54,2025-06-16,0,1,18,6,1,38,46,Unusable
Eduardo Rodriguez,593958,239.58,2025-06-09,1,1,19,5,2,38,42,Unusable
Nick Martinez,607259,239.65,2025-07-28,0,1,18,7,2,38,40,Unusable
Cade Povich,700249,239.66,2025-05-12,0,0,17,9,2,38,53,Unusable
Landen Roupp,694738,239.78,2025-05-12,0,1,18,5,0,38,53,Unusable
Landen Roupp,694738,239.78,2025-07-21,1,0,15,6,0,38,41,Unusable
Ryne Nelson,669194,239.82,2025-08-11,0,0,35,10,9,38,36,P3
Ben Brown,676962,239.83,2025-03-31,1,0,27,10,8,38,43,Unusable
German Marquez,608566,239.88,2025-05-19,0,1,21,5,1,38,49,Unusable
Mitchell Parker,680730,239.95,2025-04-14,0,1,18,6,1,38,44,Unusable
Mitchell Parker,680730,239.95,2025-06-02,0,1,18,5,0,38,42,Unusable
Simeon Woods Richardson,680573,239.99,2025-06-23,1,0,15,6,0,38,46,Unusable
Tyler Mahle,641816,NA,2025-04-28,0,1,18,6,1,38,42,Unusable
Tyler Mahle,641816,NA,2025-05-26,0,1,18,5,0,38,45,Unusable
Chad Patrick,694477,NA,2025-04-14,0,1,18,7,2,38,44,Unusable
Chad Patrick,694477,NA,2025-06-02,0,1,18,6,1,38,42,Unusable
Davis Martin,663436,NA,2025-06-02,0,1,18,7,2,38,42,Unusable
Jose Quintana,500779,NA,2025-09-01,1,1,19,6,3,38,38,Unusable
Cade Horton,690990,NA,2025-07-21,1,1,19,3,0,38,41,Unusable
Kyle Freeland,607536,NA,2025-08-11,1,1,22,2,0,38,36,P3
Tarik Skubal,669373,28.21,2025-05-12,0,0,19,11,5,37,58,Unusable
Zack Wheeler,554430,40.13,2025-04-07,0,0,34,10,9,37,50,Unusable
Corbin Burnes,669203,62,2025-04-21,0,0,16,8,1,37,44,Unusable
Blake Snell,605483,68.13,2025-08-11,1,1,18,3,0,37,39,Unusable
Michael King,650633,76.46,2025-04-28,1,0,17,6,1,37,45,Unusable
Yoshinobu Yamamoto,808967,87.21,2025-05-12,1,1,18,6,3,37,58,Unusable
Yoshinobu Yamamoto,808967,87.21,2025-09-15,0,0,16,7,0,37,43,Unusable
Logan Webb,657277,89.7,2025-06-09,1,1,21,4,2,37,45,Unusable
Luis Castillo,622491,101.92,2025-09-15,1,1,18,3,0,37,43,Unusable
Max Fried,608331,108.44,2025-03-31,1,0,17,6,1,37,47,Unusable
Max Fried,608331,108.44,2025-04-21,1,1,18,3,0,37,44,Unusable
Zac Gallen,668678,113.12,2025-04-07,0,1,32,7,7,37,50,Unusable
Tanner Bibee,676440,118.48,2025-04-21,1,1,18,5,2,37,44,Unusable
Seth Lugo,607625,136.46,2025-04-28,1,1,18,5,2,37,45,Unusable
Kodai Senga,673540,141.74,2025-06-09,1,0,17,5,0,37,45,Unusable
Clay Holmes,605280,151.97,2025-08-11,1,0,26,8,6,37,39,Unusable
Gavin Williams,668909,157.88,2025-09-01,1,1,21,3,1,37,40,Unusable
Jose Berrios,621244,167.54,2025-07-07,1,1,27,5,5,37,47,Unusable
Brandon Pfaadt,694297,168.26,2025-04-07,1,1,18,3,0,37,50,Unusable
Brandon Pfaadt,694297,168.26,2025-04-14,1,0,17,6,1,37,48,Unusable
Mitch Keller,656605,182.86,2025-03-24,1,1,18,4,1,37,24,P2
Nick Lodolo,666157,188.35,2025-03-31,0,1,20,4,0,37,47,Unusable
Nick Lodolo,666157,188.35,2025-04-07,1,1,18,3,0,37,50,Unusable
Nick Lodolo,666157,188.35,2025-09-08,0,0,31,7,5,37,33,P3
Walker Buehler,621111,190.38,2025-05-19,0,0,22,7,2,37,51,Unusable
Ryan Pepiot,686752,190.49,2025-05-26,0,1,20,4,0,37,49,Unusable
Brandon Woodruff,605540,204.68,2025-07-07,0,0,13,10,2,37,47,Unusable
Reese Olson,681857,209.22,2025-03-31,1,1,18,5,2,37,47,Unusable
Max Scherzer,453286,213.93,2025-08-11,1,1,21,3,1,37,39,Unusable
Max Scherzer,453286,213.93,2025-08-18,1,1,18,4,1,37,47,Unusable
Brady Singer,663903,227.02,2025-06-09,1,1,18,4,1,37,45,Unusable
Brady Singer,663903,227.02,2025-09-15,1,0,17,6,1,37,43,Unusable
Bubba Chandler,696149,228.57,2025-09-22,1,0,17,6,1,37,42,Unusable
Merrill Kelly,518876,229.59,2025-07-14,1,1,18,5,2,37,19,P2
Grant Holmes,656550,230.63,2025-06-16,1,0,17,5,0,37,47,Unusable
Casey Mize,663554,234.59,2025-04-14,1,1,21,3,1,37,48,Unusable
Jeffrey Springs,605488,237.55,2025-07-21,1,1,18,5,2,37,43,Unusable
Marcus Stroman,573186,238.94,2025-07-14,1,1,18,4,1,37,19,P2
Sean Burke,680732,239.12,2025-03-24,1,1,18,3,0,37,24,P2
David Peterson,656849,239.2,2025-07-21,1,1,18,4,1,37,43,Unusable
Jameson Taillon,592791,239.25,2025-04-28,1,1,18,5,2,37,45,Unusable
Drew Rasmussen,656876,239.34,2025-05-19,1,1,18,3,0,37,51,Unusable
Zack Littell,641793,239.48,2025-04-21,1,1,33,3,5,37,44,Unusable
Zack Littell,641793,239.48,2025-06-02,1,1,18,4,1,37,46,Unusable
Brayan Bello,678394,239.54,2025-04-28,0,1,20,5,1,37,45,Unusable
Shane Smith,681343,239.56,2025-06-09,1,1,18,4,1,37,45,Unusable
Eduardo Rodriguez,593958,239.58,2025-09-01,1,1,18,4,1,37,40,Unusable
JP Sears,676664,239.71,2025-06-09,0,0,16,9,2,37,45,Unusable
Matthew Boyd,571510,239.73,2025-06-23,1,1,18,3,0,37,52,Unusable
Ryne Nelson,669194,239.82,2025-07-14,1,1,18,4,1,37,19,P2
Ryne Nelson,669194,239.82,2025-07-28,0,0,16,8,1,37,41,Unusable
Miles Mikolas,571945,239.88,2025-05-19,1,1,18,4,1,37,51,Unusable
Miles Mikolas,571945,239.88,2025-08-11,0,1,35,4,5,37,39,Unusable
Dean Kremer,665152,239.89,2025-04-28,1,1,21,2,0,37,45,Unusable
Mitchell Parker,680730,239.95,2025-06-23,1,1,33,4,6,37,52,Unusable
Clayton Kershaw,477132,239.98,2025-07-28,1,1,18,3,0,37,41,Unusable
Clayton Kershaw,477132,239.98,2025-08-04,1,1,18,4,1,37,38,Unusable
Edward Cabrera,665795,239.99,2025-05-26,1,0,17,5,0,37,49,Unusable
Edward Cabrera,665795,239.99,2025-07-21,1,0,17,6,1,37,43,Unusable
Logan Allen,671106,NA,2025-07-07,1,1,18,5,2,37,47,Unusable
Michael McGreevy,700241,NA,2025-08-04,1,1,18,3,0,37,38,Unusable
Michael McGreevy,700241,NA,2025-08-18,1,1,18,5,2,37,47,Unusable
Matthew Liberatore,669461,NA,2025-04-14,0,1,20,6,2,37,48,Unusable
Matthew Liberatore,669461,NA,2025-04-21,1,1,18,4,1,37,44,Unusable
Matthew Liberatore,669461,NA,2025-08-18,0,0,28,10,7,37,47,Unusable
Davis Martin,663436,NA,2025-07-28,1,0,17,7,2,37,41,Unusable
Trevor Williams,592866,NA,2025-04-28,1,0,32,9,9,37,45,Unusable
Luis Garcia,677651,NA,2025-09-01,1,1,18,6,3,37,40,Unusable
Jose Quintana,500779,NA,2025-04-07,1,1,21,2,0,37,50,Unusable
Luis Garcia,677651,NA,2025-09-01,1,1,18,6,3,37,40,Unusable
Jonathan Cannon,686563,NA,2025-04-28,1,1,18,5,2,37,45,Unusable
Andre Pallante,669467,NA,2025-05-12,1,1,21,4,2,37,58,Unusable
Carmen Mlodzinski,669387,NA,2025-05-05,0,0,31,4,2,37,56,Unusable
Joe Boyle,671212,NA,2025-07-28,0,0,25,8,4,37,41,Unusable
Dylan Cease,656302,52.79,2025-09-22,0,0,15,8,1,36,43,Unusable
Logan Gilbert,669302,55.11,2025-03-31,0,0,15,10,3,36,50,Unusable
Logan Gilbert,669302,55.11,2025-08-11,0,1,19,6,2,36,43,Unusable
Pablo Lopez,641154,86.1,2025-04-28,0,1,19,6,2,36,52,Unusable
Jacob deGrom,594798,96.37,2025-09-22,0,0,15,8,1,36,43,Unusable
Shota Imanaga,684007,101.3,2025-04-14,0,0,15,7,0,36,51,Unusable
Hunter Brown,686613,102.8,2025-07-07,0,0,33,11,10,36,50,Unusable
Max Fried,608331,108.44,2025-08-04,0,0,30,10,8,36,40,Unusable
Bryan Woo,693433,161.21,2025-07-07,0,1,22,5,2,36,50,Unusable
Chris Bassitt,605135,203.48,2025-07-28,0,1,25,9,7,36,45,Unusable
Ronel Blanco,669854,220.43,2025-04-21,1,1,20,3,1,36,49,Unusable
Brady Singer,663903,227.02,2025-06-02,0,0,30,7,5,36,47,Unusable
Charlie Morton,450203,238.52,2025-06-30,1,0,16,7,2,36,47,Unusable
Lucas Giolito,608337,238.53,2025-08-11,0,1,19,5,1,36,43,Unusable
Will Warren,701542,238.96,2025-03-31,0,0,27,9,6,36,50,Unusable
Will Warren,701542,238.96,2025-05-12,0,0,15,9,2,36,61,Unusable
Drew Rasmussen,656876,239.34,2025-04-07,0,0,15,7,0,36,55,Unusable
Jacob Misiorowski,694819,239.39,2025-08-25,0,0,15,10,3,36,43,Unusable
Michael Lorenzen,547179,239.59,2025-06-02,1,1,26,9,9,36,47,Unusable
Tyler Anderson,542881,239.77,2025-06-02,0,0,27,11,8,36,47,Unusable
Mitchell Parker,680730,239.95,2025-08-25,0,1,19,7,3,36,43,Unusable
Edward Cabrera,665795,239.99,2025-06-16,0,1,19,5,1,36,48,Unusable
Jake Irvin,663623,NA,2025-04-21,0,1,22,4,1,36,49,Unusable
Paul Skenes,694973,19.33,2025-05-05,0,1,18,6,2,35,57,Unusable
Zack Wheeler,554430,40.13,2025-08-04,1,0,15,7,2,35,41,Unusable
Garrett Crochet,676979,45.81,2025-06-02,1,0,18,9,5,35,50,Unusable
Logan Gilbert,669302,55.11,2025-04-14,0,0,14,9,2,35,52,Unusable
Logan Gilbert,669302,55.11,2025-07-28,0,1,18,7,3,35,46,Unusable
Logan Gilbert,669302,55.11,2025-09-08,0,0,14,8,1,35,34,P3
Blake Snell,605483,68.13,2025-08-18,0,1,21,5,2,35,50,Unusable
Blake Snell,605483,68.13,2025-09-22,0,1,18,5,1,35,45,Unusable
Spencer Schwellenbach,680885,86.92,2025-03-24,0,1,18,4,0,35,26,P3
Spencer Schwellenbach,680885,86.92,2025-04-07,0,1,18,5,1,35,56,Unusable
Logan Webb,657277,89.7,2025-06-23,0,1,18,6,2,35,54,Unusable
Logan Webb,657277,89.7,2025-09-01,1,0,15,7,2,35,44,Unusable
Jacob deGrom,594798,96.37,2025-06-09,0,1,18,6,2,35,50,Unusable
Shota Imanaga,684007,101.3,2025-07-28,1,0,15,8,3,35,46,Unusable
Shota Imanaga,684007,101.3,2025-08-18,0,1,21,5,2,35,50,Unusable
Luis Castillo,622491,101.92,2025-08-04,0,1,21,5,2,35,41,Unusable
Luis Castillo,622491,101.92,2025-09-08,0,1,18,5,1,35,34,P3
Freddy Peralta,642547,106.07,2025-04-14,1,0,15,5,0,35,52,Unusable
Freddy Peralta,642547,106.07,2025-06-23,1,0,15,8,3,35,54,Unusable
Max Fried,608331,108.44,2025-06-16,0,1,18,7,3,35,49,Unusable
Tyler Glasnow,607192,109,2025-08-25,0,1,21,6,3,35,45,Unusable
Bailey Ober,641927,118.13,2025-04-14,1,1,19,5,3,35,52,Unusable
Robbie Ray,592662,127.55,2025-04-07,1,0,12,7,1,35,56,Unusable
Jack Flaherty,656427,136.28,2025-06-23,0,1,18,7,3,35,54,Unusable
Cristopher Sanchez,650911,137.12,2025-04-07,1,1,19,3,1,35,56,Unusable
Cristopher Sanchez,650911,137.12,2025-06-09,0,1,21,5,2,35,50,Unusable
Yusei Kikuchi,579328,146.02,2025-08-18,0,1,21,4,1,35,50,Unusable
Yusei Kikuchi,579328,146.02,2025-09-22,1,0,15,6,1,35,45,Unusable
Carlos Rodon,607074,148.15,2025-09-08,0,1,18,6,2,35,34,P3
Clay Holmes,605280,151.97,2025-08-18,1,1,19,4,2,35,50,Unusable
Gavin Williams,668909,157.88,2025-09-08,0,1,18,6,2,35,34,P3
Bryan Woo,693433,161.21,2025-07-21,0,1,18,6,2,35,46,Unusable
Jose Berrios,621244,167.54,2025-03-31,0,0,17,8,2,35,52,Unusable
Jose Berrios,621244,167.54,2025-06-02,0,1,18,5,1,35,50,Unusable
Brandon Pfaadt,694297,168.26,2025-08-18,0,1,21,5,2,35,50,Unusable
Taj Bradley,671737,174.81,2025-07-07,0,1,18,5,1,35,52,Unusable
Jesus Luzardo,666200,176.07,2025-08-11,0,1,18,7,3,35,45,Unusable
Mitch Keller,656605,182.86,2025-04-21,0,1,18,6,2,35,51,Unusable
Ryan Pepiot,686752,190.49,2025-05-12,0,1,18,7,3,35,62,Unusable
Ryan Pepiot,686752,190.49,2025-06-09,0,0,17,9,3,35,50,Unusable
Nathan Eovaldi,543135,193.86,2025-04-07,0,0,29,7,5,35,56,Unusable
Nathan Eovaldi,543135,193.86,2025-06-30,1,0,15,5,0,35,48,Unusable
Reese Olson,681857,209.22,2025-04-14,1,0,15,5,0,35,52,Unusable
Shane Baz,669358,218.42,2025-08-25,0,1,18,7,3,35,45,Unusable
Ronel Blanco,669854,220.43,2025-04-07,1,0,15,7,2,35,56,Unusable
Grant Holmes,656550,230.63,2025-05-26,0,0,17,9,3,35,51,Unusable
Ranger Suarez,624133,230.82,2025-06-02,0,1,21,5,2,35,50,Unusable
Kumar Rocker,677958,231.61,2025-06-23,0,1,18,6,2,35,54,Unusable
Luis Severino,622663,232.8,2025-04-21,0,1,18,7,3,35,51,Unusable
Luis Severino,622663,232.8,2025-07-07,0,0,14,8,1,35,52,Unusable
Luis Severino,622663,232.8,2025-07-28,1,0,15,6,1,35,46,Unusable
Erick Fedde,607200,237.02,2025-04-14,0,1,18,5,1,35,52,Unusable
Jeffrey Springs,605488,237.55,2025-08-04,0,1,18,5,1,35,41,Unusable
Justin Verlander,434378,238.33,2025-04-21,0,1,18,5,1,35,51,Unusable
Justin Verlander,434378,238.33,2025-09-08,0,1,21,4,1,35,34,P3
Justin Verlander,434378,238.33,2025-09-15,0,1,21,3,0,35,46,Unusable
Lucas Giolito,608337,238.53,2025-04-28,0,1,18,7,3,35,53,Unusable
Griffin Canning,656288,238.91,2025-04-28,1,0,15,5,0,35,53,Unusable
Will Warren,701542,238.96,2025-09-08,0,1,33,7,8,35,34,P3
Sean Burke,680732,239.12,2025-06-02,0,1,21,5,2,35,50,Unusable
David Peterson,656849,239.2,2025-05-05,0,1,18,6,2,35,57,Unusable
David Peterson,656849,239.2,2025-06-02,0,1,21,6,3,35,50,Unusable
David Peterson,656849,239.2,2025-06-16,0,1,33,7,8,35,49,Unusable
David Peterson,656849,239.2,2025-07-14,0,1,18,4,0,35,22,P2
Jameson Taillon,592791,239.25,2025-05-12,0,1,18,7,3,35,62,Unusable
Drew Rasmussen,656876,239.34,2025-04-14,0,0,17,7,1,35,52,Unusable
Drew Rasmussen,656876,239.34,2025-06-23,1,0,15,5,0,35,54,Unusable
Drew Rasmussen,656876,239.34,2025-08-04,0,1,18,4,0,35,41,Unusable
Drew Rasmussen,656876,239.34,2025-08-18,0,1,18,6,2,35,50,Unusable
Jacob Misiorowski,694819,239.39,2025-06-09,1,0,15,5,0,35,50,Unusable
Max Meyer,676974,239.43,2025-03-24,0,0,17,7,1,35,26,P3
Zack Littell,641793,239.48,2025-04-14,0,1,18,5,1,35,52,Unusable
Zack Littell,641793,239.48,2025-06-30,0,1,18,5,1,35,48,Unusable
Eduardo Rodriguez,593958,239.58,2025-08-25,1,1,25,5,5,35,45,Unusable
Tylor Megill,656731,239.59,2025-03-24,1,0,15,6,1,35,26,P3
Matthew Boyd,571510,239.73,2025-04-07,0,1,18,7,3,35,56,Unusable
Matthew Boyd,571510,239.73,2025-08-11,0,1,21,5,2,35,45,Unusable
Michael Soroka,647336,239.82,2025-06-23,0,1,18,5,1,35,54,Unusable
Andrew Heaney,571760,239.82,2025-06-02,0,1,18,5,1,35,50,Unusable
Andrew Heaney,571760,239.82,2025-06-09,0,1,18,7,3,35,50,Unusable
Ryne Nelson,669194,239.82,2025-07-21,0,1,18,4,0,35,46,Unusable
Ryne Nelson,669194,239.82,2025-08-04,0,0,17,8,2,35,41,Unusable
Ryne Nelson,669194,239.82,2025-09-08,0,1,18,4,0,35,34,P3
German Marquez,608566,239.88,2025-05-26,0,1,18,6,2,35,51,Unusable
German Marquez,608566,239.88,2025-09-15,0,1,21,5,2,35,46,Unusable
Kyle Harrison,690986,239.91,2025-05-26,1,0,15,5,0,35,51,Unusable
Kyle Harrison,690986,239.91,2025-09-15,0,1,18,5,1,35,46,Unusable
Antonio Senzatela,622608,239.92,2025-04-14,1,1,31,3,5,35,52,Unusable
Clayton Kershaw,477132,239.98,2025-08-25,1,0,15,6,1,35,45,Unusable
Simeon Woods Richardson,680573,239.99,2025-06-09,0,0,29,8,6,35,50,Unusable
Zebby Matthews,805673,NA,2025-08-04,1,0,15,6,1,35,41,Unusable
Zebby Matthews,805673,NA,2025-09-01,0,1,18,5,1,35,44,Unusable
Tyler Mahle,641816,NA,2025-03-31,1,0,15,5,0,35,52,Unusable
Logan Allen,671106,NA,2025-06-30,0,1,18,5,1,35,48,Unusable
Brandon Sproat,687075,NA,2025-09-01,0,1,18,7,3,35,44,Unusable
Landon Knack,689017,NA,2025-05-05,1,0,15,5,0,35,57,Unusable
Landon Knack,689017,NA,2025-05-19,0,1,18,5,1,35,54,Unusable
Matthew Liberatore,669461,NA,2025-05-19,0,1,21,4,1,35,54,Unusable
Davis Martin,663436,NA,2025-08-11,0,1,18,4,0,35,45,Unusable
Hurston Waldrep,694462,NA,2025-09-15,1,0,15,8,3,35,46,Unusable
Jack Kochanowicz,686799,NA,2025-04-28,0,1,33,7,8,35,53,Unusable
Cooper Criswell,681867,NA,2025-07-28,0,1,21,4,1,35,46,Unusable
Ryan Feltner,663372,NA,2025-04-21,0,1,21,4,1,35,51,Unusable
Cade Horton,690990,NA,2025-05-26,0,1,18,6,2,35,51,Unusable
Cade Horton,690990,NA,2025-09-15,1,0,15,6,1,35,46,Unusable
Andre Pallante,669467,NA,2025-06-30,0,1,21,3,0,35,48,Unusable
Joey Cantillo,676282,NA,2025-09-22,0,0,17,8,2,35,45,Unusable
Tarik Skubal,669373,28.21,2025-06-16,1,0,17,6,2,34,51,Unusable
Corbin Burnes,669203,62,2025-04-28,1,1,18,3,1,34,56,Unusable
Framber Valdez,664285,83.25,2025-08-11,0,1,20,6,3,34,48,Unusable
Sandy Alcantara,645261,112.89,2025-09-22,1,1,21,3,2,34,48,Unusable
Kevin Gausman,592332,125.67,2025-03-24,1,1,18,4,2,34,29,P3
Jack Flaherty,656427,136.28,2025-05-12,1,0,17,6,2,34,64,Unusable
Kodai Senga,673540,141.74,2025-04-14,1,0,17,4,0,34,60,Unusable
Yusei Kikuchi,579328,146.02,2025-05-19,1,0,17,4,0,34,56,Unusable
Carlos Rodon,607074,148.15,2025-09-01,1,1,18,3,1,34,47,Unusable
Carlos Rodon,607074,148.15,2025-09-22,1,1,18,5,3,34,48,Unusable
Clay Holmes,605280,151.97,2025-09-22,1,1,18,2,0,34,48,Unusable
Bryan Woo,693433,161.21,2025-08-25,1,0,17,6,2,34,49,Unusable
Jackson Jobe,695549,180.19,2025-04-07,1,1,18,2,0,34,62,Unusable
Mitch Keller,656605,182.86,2025-07-21,1,1,18,5,3,34,48,Unusable
Nick Lodolo,666157,188.35,2025-06-16,1,1,18,4,2,34,51,Unusable
Ryan Pepiot,686752,190.49,2025-04-21,1,1,18,3,1,34,55,Unusable
Ryan Pepiot,686752,190.49,2025-08-04,1,0,17,6,2,34,47,Unusable
Brady Singer,663903,227.02,2025-05-26,1,1,21,3,2,34,55,Unusable
Merrill Kelly,518876,229.59,2025-04-07,1,1,18,4,2,34,62,Unusable
Luis Severino,622663,232.8,2025-04-14,1,1,24,1,1,34,60,Unusable
Luis Severino,622663,232.8,2025-08-04,1,1,18,5,3,34,47,Unusable
Dustin May,669160,236.03,2025-05-05,0,1,20,5,2,34,60,Unusable
Erick Fedde,607200,237.02,2025-04-21,0,1,35,7,9,34,55,Unusable
Frankie Montas,593423,237.83,2025-07-21,1,0,17,6,2,34,48,Unusable
Tomoyuki Sugano,608372,238.15,2025-04-14,1,1,21,3,2,34,60,Unusable
Michael Wacha,608379,238.28,2025-09-01,1,0,17,5,1,34,47,Unusable
Jose Soriano,667755,238.37,2025-05-26,1,1,18,2,0,34,55,Unusable
Cristian Javier,664299,238.76,2025-09-15,1,1,18,4,2,34,51,Unusable
Sean Burke,680732,239.12,2025-06-16,0,0,16,7,1,34,51,Unusable
David Peterson,656849,239.2,2025-04-14,0,0,16,9,3,34,60,Unusable
David Peterson,656849,239.2,2025-05-26,1,0,17,5,1,34,55,Unusable
Jameson Taillon,592791,239.25,2025-05-19,1,1,21,2,1,34,56,Unusable
Zack Littell,641793,239.48,2025-04-28,1,1,21,3,2,34,56,Unusable
Shane Smith,681343,239.56,2025-09-08,1,0,17,4,0,34,41,Unusable
Tylor Megill,656731,239.59,2025-05-26,1,0,17,6,2,34,55,Unusable
JP Sears,676664,239.71,2025-04-14,1,1,18,2,0,34,60,Unusable
JP Sears,676664,239.71,2025-06-23,1,0,17,4,0,34,60,Unusable
Landen Roupp,694738,239.78,2025-05-19,1,1,18,2,0,34,56,Unusable
Ryne Nelson,669194,239.82,2025-08-25,1,1,18,3,1,34,49,Unusable
Richard Fitts,690916,239.84,2025-07-07,1,0,17,6,2,34,54,Unusable
German Marquez,608566,239.88,2025-05-05,1,1,21,2,1,34,60,Unusable
Mitchell Parker,680730,239.95,2025-07-14,1,1,18,4,2,34,23,P2
David Festa,701581,239.97,2025-06-09,1,1,18,4,2,34,56,Unusable
Clayton Kershaw,477132,239.98,2025-08-11,1,1,18,3,1,34,48,Unusable
Logan Allen,671106,NA,2025-07-28,1,1,21,3,2,34,50,Unusable
Matthew Liberatore,669461,NA,2025-06-16,1,1,18,4,2,34,51,Unusable
Trevor Williams,592866,NA,2025-05-26,1,1,18,2,0,34,55,Unusable
Jack Kochanowicz,686799,NA,2025-05-26,0,0,31,9,8,34,55,Unusable
Jack Kochanowicz,686799,NA,2025-06-16,0,0,16,8,2,34,51,Unusable
Jonathan Cannon,686563,NA,2025-07-14,1,1,21,2,1,34,23,P2
Kyle Freeland,607536,NA,2025-07-14,1,1,18,3,1,34,23,P2
Chris Sale,519242,66.64,2025-09-08,0,0,15,9,3,33,42,Unusable
Pablo Lopez,641154,86.1,2025-09-08,0,0,15,6,0,33,42,Unusable
Spencer Schwellenbach,680885,86.92,2025-06-16,0,0,21,8,4,33,56,Unusable
Jacob deGrom,594798,96.37,2025-03-24,0,0,15,6,0,33,30,P3
Hunter Greene,668881,97.59,2025-03-24,0,0,15,8,2,33,30,P3
Luis Castillo,622491,101.92,2025-04-07,0,0,15,6,0,33,64,Unusable
Freddy Peralta,642547,106.07,2025-03-24,0,0,15,8,2,33,30,P3
Max Fried,608331,108.44,2025-09-08,1,0,16,6,2,33,42,Unusable
Tyler Glasnow,607192,109,2025-08-11,0,0,15,8,2,33,50,Unusable
Bailey Ober,641927,118.13,2025-09-08,0,0,18,9,4,33,42,Unusable
Sonny Gray,543243,129.65,2025-09-08,0,0,15,8,2,33,42,Unusable
Jack Flaherty,656427,136.28,2025-06-30,0,0,15,9,3,33,52,Unusable
Kodai Senga,673540,141.74,2025-03-31,0,0,15,8,2,33,54,Unusable
Yusei Kikuchi,579328,146.02,2025-07-14,0,0,15,8,2,33,26,P3
Nick Pivetta,601713,150.28,2025-05-05,0,0,27,10,8,33,62,Unusable
Gavin Williams,668909,157.88,2025-04-28,0,0,18,11,6,33,58,Unusable
Jackson Jobe,695549,180.19,2025-03-31,0,0,27,7,5,33,54,Unusable
Chris Bassitt,605135,203.48,2025-04-21,0,0,33,8,8,33,57,Unusable
Reese Olson,681857,209.22,2025-07-14,0,0,15,6,0,33,26,P3
Merrill Kelly,518876,229.59,2025-05-05,0,1,19,6,3,33,62,Unusable
Luis Severino,622663,232.8,2025-06-09,1,1,23,1,1,33,57,Unusable
Bowden Francis,670102,233.52,2025-05-26,0,0,15,6,0,33,61,Unusable
Casey Mize,663554,234.59,2025-04-21,1,0,16,5,1,33,57,Unusable
Dustin May,669160,236.03,2025-03-31,0,0,15,6,0,33,54,Unusable
Justin Verlander,434378,238.33,2025-07-28,0,0,15,7,1,33,51,Unusable
Drew Rasmussen,656876,239.34,2025-09-01,0,0,30,4,3,33,49,Unusable
Shane Smith,681343,239.56,2025-08-04,0,0,15,8,2,33,49,Unusable
Eduardo Rodriguez,593958,239.58,2025-07-21,0,1,19,3,0,33,50,Unusable
Taijuan Walker,592836,239.58,2025-04-14,0,0,27,7,5,33,65,Unusable
Tylor Megill,656731,239.59,2025-03-31,1,0,16,4,0,33,54,Unusable
Tylor Megill,656731,239.59,2025-04-07,0,0,12,7,0,33,64,Unusable
Nick Martinez,607259,239.65,2025-05-26,1,1,35,4,8,33,61,Unusable
JP Sears,676664,239.71,2025-07-21,0,0,15,7,1,33,50,Unusable
Landen Roupp,694738,239.78,2025-06-23,1,0,16,4,0,33,61,Unusable
Ryne Nelson,669194,239.82,2025-06-23,0,0,15,7,1,33,61,Unusable
Ben Brown,676962,239.83,2025-05-05,0,0,15,9,3,33,62,Unusable
Jordan Hicks,663855,239.84,2025-04-21,0,0,30,8,7,33,57,Unusable
Miles Mikolas,571945,239.88,2025-04-28,1,0,16,4,0,33,58,Unusable
German Marquez,608566,239.88,2025-06-09,0,0,15,7,1,33,57,Unusable
Aaron Civale,650644,239.95,2025-07-21,0,0,15,6,0,33,50,Unusable
Mitchell Parker,680730,239.95,2025-09-08,1,1,23,2,2,33,42,Unusable
Kyle Hendricks,543294,239.97,2025-09-22,0,0,15,8,2,33,51,Unusable
Zebby Matthews,805673,NA,2025-05-19,0,0,12,9,2,33,59,Unusable
Cade Horton,690990,NA,2025-09-01,0,0,15,6,0,33,49,Unusable
Emerson Hancock,676106,NA,2025-09-22,0,0,12,7,0,33,51,Unusable
Trevor Rogers,669432,NA,2025-09-08,0,0,15,6,0,33,42,Unusable
Tarik Skubal,669373,28.21,2025-03-31,0,0,17,8,3,32,58,Unusable
Logan Gilbert,669302,55.11,2025-06-30,0,0,14,7,1,32,53,Unusable
Logan Gilbert,669302,55.11,2025-08-25,0,1,18,6,3,32,51,Unusable
Spencer Strider,675911,71.74,2025-05-26,0,0,14,7,1,32,63,Unusable
Spencer Strider,675911,71.74,2025-06-30,0,1,18,6,3,32,53,Unusable
Spencer Strider,675911,71.74,2025-08-25,0,1,21,3,1,32,51,Unusable
Michael King,650633,76.46,2025-04-14,0,0,17,7,2,32,66,Unusable
Framber Valdez,664285,83.25,2025-06-30,1,0,18,7,4,32,53,Unusable
Pablo Lopez,641154,86.1,2025-04-07,0,0,14,6,0,32,66,Unusable
Pablo Lopez,641154,86.1,2025-04-21,1,0,15,6,2,32,60,Unusable
Shota Imanaga,684007,101.3,2025-08-25,0,1,21,5,3,32,51,Unusable
Hunter Brown,686613,102.8,2025-04-07,0,1,18,3,0,32,66,Unusable
Sandy Alcantara,645261,112.89,2025-07-28,1,0,15,4,0,32,52,Unusable
Bailey Ober,641927,118.13,2025-04-07,0,1,18,4,1,32,66,Unusable
Bailey Ober,641927,118.13,2025-06-23,0,0,38,12,14,32,63,Unusable
Bailey Ober,641927,118.13,2025-08-04,0,1,18,4,1,32,50,Unusable
Bailey Ober,641927,118.13,2025-08-18,0,0,17,7,2,32,56,Unusable
Tanner Bibee,676440,118.48,2025-05-05,0,1,21,3,1,32,65,Unusable
Sonny Gray,543243,129.65,2025-03-24,1,0,15,6,2,32,33,P3
Joe Ryan,657746,132.76,2025-07-07,1,0,15,5,1,32,55,Unusable
Joe Ryan,657746,132.76,2025-08-04,1,0,15,5,1,32,50,Unusable
Seth Lugo,607625,136.46,2025-07-07,0,1,18,5,2,32,55,Unusable
Cristopher Sanchez,650911,137.12,2025-04-28,1,0,15,6,2,32,60,Unusable
Cristopher Sanchez,650911,137.12,2025-08-11,0,1,18,6,3,32,51,Unusable
Kodai Senga,673540,141.74,2025-04-21,0,1,18,5,2,32,60,Unusable
Kodai Senga,673540,141.74,2025-08-11,0,0,17,7,2,32,51,Unusable
Kodai Senga,673540,141.74,2025-08-25,0,0,26,10,8,32,51,Unusable
Yusei Kikuchi,579328,146.02,2025-03-31,0,1,18,6,3,32,58,Unusable
Yusei Kikuchi,579328,146.02,2025-06-30,0,0,17,7,2,32,53,Unusable
Carlos Rodon,607074,148.15,2025-05-12,1,0,15,5,1,32,65,Unusable
Nick Pivetta,601713,150.28,2025-09-01,0,1,18,5,2,32,51,Unusable
Clay Holmes,605280,151.97,2025-05-19,0,1,18,5,2,32,60,Unusable
Spencer Arrighetti,681293,157.16,2025-08-18,0,0,32,7,7,32,56,Unusable
MacKenzie Gore,669022,158.05,2025-05-12,0,0,11,9,2,32,65,Unusable
Bryan Woo,693433,161.21,2025-05-19,0,1,18,5,2,32,60,Unusable
Brandon Pfaadt,694297,168.26,2025-09-22,0,1,30,9,10,32,53,Unusable
Taj Bradley,671737,174.81,2025-05-05,0,1,18,5,2,32,65,Unusable
Jackson Jobe,695549,180.19,2025-04-14,1,0,15,5,1,32,66,Unusable
Mitch Keller,656605,182.86,2025-05-05,0,1,18,6,3,32,65,Unusable
Nathan Eovaldi,543135,193.86,2025-05-12,0,0,17,5,0,32,65,Unusable
Chris Bassitt,605135,203.48,2025-05-12,0,0,17,6,1,32,65,Unusable
Max Scherzer,453286,213.93,2025-08-04,0,1,18,5,2,32,50,Unusable
Shane Baz,669358,218.42,2025-05-12,0,0,32,8,8,32,65,Unusable
Shane Baz,669358,218.42,2025-09-15,1,0,15,4,0,32,52,Unusable
Sean Manaea,640455,219.32,2025-07-21,1,0,15,5,1,32,53,Unusable
Sean Manaea,640455,219.32,2025-08-25,0,0,14,8,2,32,51,Unusable
Ryan Weathers,677960,219.68,2025-05-12,1,0,15,5,1,32,65,Unusable
Ryan Weathers,677960,219.68,2025-09-08,1,0,15,4,0,32,49,Unusable
Brady Singer,663903,227.02,2025-04-28,0,1,18,4,1,32,60,Unusable
Merrill Kelly,518876,229.59,2025-08-11,0,1,18,5,2,32,51,Unusable
Ranger Suarez,624133,230.82,2025-07-28,0,1,21,5,3,32,52,Unusable
Luis Severino,622663,232.8,2025-05-19,0,1,18,5,2,32,60,Unusable
Luis Severino,622663,232.8,2025-05-26,0,1,18,4,1,32,63,Unusable
Dustin May,669160,236.03,2025-06-02,0,1,18,5,2,32,56,Unusable
Hayden Birdsong,806185,236.52,2025-05-19,1,0,15,4,0,32,60,Unusable
Hayden Birdsong,806185,236.52,2025-06-09,0,1,18,6,3,32,59,Unusable
Jeffrey Springs,605488,237.55,2025-05-19,0,1,18,6,3,32,60,Unusable
Eury Perez,691587,237.61,2025-08-11,1,0,15,8,4,32,51,Unusable
Frankie Montas,593423,237.83,2025-07-07,1,0,15,5,1,32,55,Unusable
Tomoyuki Sugano,608372,238.15,2025-09-08,0,1,18,4,1,32,49,Unusable
Jose Soriano,667755,238.37,2025-07-21,0,1,18,5,2,32,53,Unusable
Charlie Morton,450203,238.52,2025-07-07,0,1,18,4,1,32,55,Unusable
Lucas Giolito,608337,238.53,2025-09-08,0,0,17,6,1,32,49,Unusable
Kris Bubic,663460,238.54,2025-04-07,0,1,18,5,2,32,66,Unusable
Griffin Canning,656288,238.91,2025-04-21,1,0,15,5,1,32,60,Unusable
Will Warren,701542,238.96,2025-04-07,1,0,15,6,2,32,66,Unusable
Will Warren,701542,238.96,2025-07-21,0,0,17,7,2,32,53,Unusable
Will Warren,701542,238.96,2025-07-28,0,1,18,4,1,32,52,Unusable
David Peterson,656849,239.2,2025-04-07,0,1,18,5,2,32,66,Unusable
Jameson Taillon,592791,239.25,2025-04-07,0,1,18,6,3,32,66,Unusable
Drew Rasmussen,656876,239.34,2025-08-25,0,1,18,5,2,32,51,Unusable
Jacob Misiorowski,694819,239.39,2025-07-21,0,0,11,7,0,32,53,Unusable
Max Meyer,676974,239.43,2025-05-12,1,0,15,7,3,32,65,Unusable
Max Meyer,676974,239.43,2025-05-19,0,1,18,4,1,32,60,Unusable
Zack Littell,641793,239.48,2025-05-05,0,1,18,5,2,32,65,Unusable
Clarke Schmidt,657376,239.76,2025-06-02,0,0,17,8,3,32,56,Unusable
Tyler Anderson,542881,239.77,2025-04-28,0,1,18,5,2,32,60,Unusable
Landen Roupp,694738,239.78,2025-04-07,0,1,18,4,1,32,66,Unusable
Michael Soroka,647336,239.82,2025-07-21,0,0,17,6,1,32,53,Unusable
Andrew Heaney,571760,239.82,2025-07-21,1,0,15,4,0,32,53,Unusable
Ryne Nelson,669194,239.82,2025-08-18,0,1,18,6,3,32,56,Unusable
Jordan Hicks,663855,239.84,2025-05-05,0,1,18,6,3,32,65,Unusable
Miles Mikolas,571945,239.88,2025-07-28,0,1,18,5,2,32,52,Unusable
Andrew Abbott,671096,239.97,2025-04-07,1,0,15,5,1,32,66,Unusable
Andrew Abbott,671096,239.97,2025-07-14,0,1,18,5,2,32,28,P3
Chase Dollander,801403,239.99,2025-04-07,0,0,17,7,2,32,66,Unusable
Tyler Mahle,641816,NA,2025-09-15,0,0,14,6,0,32,52,Unusable
Brandon Sproat,687075,NA,2025-09-08,0,1,18,3,0,32,49,Unusable
Michael McGreevy,700241,NA,2025-09-08,0,1,18,4,1,32,49,Unusable
Chad Patrick,694477,NA,2025-05-19,0,0,14,7,1,32,60,Unusable
Cal Quantrill,615698,NA,2025-03-31,1,0,27,6,6,32,58,Unusable
Cal Quantrill,615698,NA,2025-07-14,0,1,18,3,0,32,28,P3
Davis Martin,663436,NA,2025-08-04,1,0,30,7,8,32,50,Unusable
Davis Martin,663436,NA,2025-08-18,1,0,15,6,2,32,56,Unusable
Jack Kochanowicz,686799,NA,2025-07-28,0,0,32,5,5,32,52,Unusable
Jose Quintana,500779,NA,2025-07-07,0,1,18,4,1,32,55,Unusable
Cade Horton,690990,NA,2025-09-08,1,1,19,2,1,32,49,Unusable
Emerson Hancock,676106,NA,2025-06-02,0,0,17,6,1,32,56,Unusable
Joey Cantillo,676282,NA,2025-07-28,0,0,17,9,4,32,52,Unusable
Kyle Freeland,607536,NA,2025-08-25,0,1,18,6,3,32,51,Unusable
Javier Assad,665871,NA,2025-08-18,0,1,18,4,1,32,56,Unusable
Paul Skenes,694973,19.33,2025-03-24,0,0,16,7,2,31,34,P3
Chris Sale,519242,66.64,2025-04-14,0,0,13,8,2,31,68,Unusable
Blake Snell,605483,68.13,2025-08-25,0,0,16,8,3,31,58,Unusable
Framber Valdez,664285,83.25,2025-06-16,1,1,18,3,2,31,57,Unusable
Jacob deGrom,594798,96.37,2025-09-01,0,0,16,8,3,31,52,Unusable
Zac Gallen,668678,113.12,2025-07-28,1,1,18,3,2,31,58,Unusable
Tanner Bibee,676440,118.48,2025-08-11,1,0,17,5,2,31,55,Unusable
Tanner Bibee,676440,118.48,2025-08-25,0,0,37,7,9,31,58,Unusable
Robbie Ray,592662,127.55,2025-03-31,1,1,18,2,1,31,61,Unusable
Seth Lugo,607625,136.46,2025-03-31,1,1,18,2,1,31,61,Unusable
Justin Steele,657006,140.83,2025-03-31,1,0,20,6,4,31,61,Unusable
MacKenzie Gore,669022,158.05,2025-09-15,0,0,16,5,0,31,54,Unusable
Jose Berrios,621244,167.54,2025-08-11,1,0,29,5,6,31,55,Unusable
Shane Baz,669358,218.42,2025-05-19,1,0,17,4,1,31,67,Unusable
Merrill Kelly,518876,229.59,2025-07-21,0,1,20,3,1,31,59,Unusable
Merrill Kelly,518876,229.59,2025-09-08,1,0,17,6,3,31,55,Unusable
Ranger Suarez,624133,230.82,2025-07-07,0,1,20,5,3,31,60,Unusable
Bowden Francis,670102,233.52,2025-05-05,0,1,20,5,3,31,70,Unusable
Casey Mize,663554,234.59,2025-06-09,0,0,16,7,2,31,60,Unusable
Dustin May,669160,236.03,2025-06-09,1,1,33,4,8,31,60,Unusable
Erick Fedde,607200,237.02,2025-03-24,1,1,18,2,1,31,34,P3
Jeffrey Springs,605488,237.55,2025-04-07,1,1,18,4,3,31,76,Unusable
Jeffrey Springs,605488,237.55,2025-04-28,1,1,18,1,0,31,63,Unusable
Luis Gil,661563,237.86,2025-08-04,0,0,16,7,2,31,54,Unusable
Michael Wacha,608379,238.28,2025-08-04,1,1,18,3,2,31,54,Unusable
JP Sears,676664,239.71,2025-08-18,1,1,18,2,1,31,61,Unusable
Matthew Boyd,571510,239.73,2025-04-21,1,1,18,4,3,31,63,Unusable
Ryne Nelson,669194,239.82,2025-06-16,1,0,17,4,1,31,57,Unusable
Antonio Senzatela,622608,239.92,2025-07-14,1,1,21,3,3,31,30,P3
Mitchell Parker,680730,239.95,2025-03-31,1,1,18,2,1,31,61,Unusable
David Festa,701581,239.97,2025-04-14,0,0,13,6,0,31,68,Unusable
Kyle Hendricks,543294,239.97,2025-06-09,1,1,18,3,2,31,60,Unusable
Chris Paddack,663978,239.98,2025-08-11,0,0,34,8,9,31,55,Unusable
Chase Dollander,801403,239.99,2025-04-28,1,0,17,4,1,31,63,Unusable
Zebby Matthews,805673,NA,2025-08-25,1,1,18,3,2,31,58,Unusable
Jake Irvin,663623,NA,2025-06-30,1,1,18,4,3,31,57,Unusable
Davis Martin,663436,NA,2025-09-15,1,1,18,4,3,31,54,Unusable
Jack Kochanowicz,686799,NA,2025-05-05,1,0,17,4,1,31,70,Unusable
Jose Quintana,500779,NA,2025-04-14,1,0,17,4,1,31,68,Unusable
Jose Quintana,500779,NA,2025-06-16,1,1,18,1,0,31,57,Unusable
Martin Perez,527048,NA,2025-08-18,0,0,16,5,0,31,61,Unusable
Trevor Rogers,669432,NA,2025-07-14,1,1,18,3,2,31,30,P3
Paul Skenes,694973,19.33,2025-06-09,0,0,15,5,0,30,63,Unusable
Garrett Crochet,676979,45.81,2025-04-21,0,0,15,9,4,30,64,Unusable
Logan Gilbert,669302,55.11,2025-08-04,0,0,15,6,1,30,56,Unusable
Blake Snell,605483,68.13,2025-07-28,0,0,15,8,3,30,59,Unusable
Aaron Nola,605400,75.01,2025-04-07,0,0,15,7,2,30,77,Unusable
Yoshinobu Yamamoto,808967,87.21,2025-06-16,0,1,19,5,3,30,60,Unusable
Yoshinobu Yamamoto,808967,87.21,2025-07-21,0,0,15,8,3,30,60,Unusable
Jacob deGrom,594798,96.37,2025-08-11,0,0,15,5,0,30,58,Unusable
Hunter Greene,668881,97.59,2025-06-02,0,0,15,7,2,30,59,Unusable
Luis Castillo,622491,101.92,2025-04-14,1,0,28,8,9,30,71,Unusable
Hunter Brown,686613,102.8,2025-09-08,1,1,20,2,2,30,56,Unusable
Tyler Glasnow,607192,109,2025-04-14,0,0,12,6,0,30,71,Unusable
Tyler Glasnow,607192,109,2025-07-07,0,0,15,5,0,30,61,Unusable
Sandy Alcantara,645261,112.89,2025-08-04,0,0,36,9,11,30,56,Unusable
Bailey Ober,641927,118.13,2025-05-05,0,0,15,6,1,30,72,Unusable
Tanner Bibee,676440,118.48,2025-08-04,1,0,16,7,4,30,56,Unusable
Sonny Gray,543243,129.65,2025-03-31,0,0,18,9,5,30,65,Unusable
Carlos Rodon,607074,148.15,2025-06-30,0,0,30,8,8,30,58,Unusable
Nick Pivetta,601713,150.28,2025-07-21,0,1,19,4,2,30,60,Unusable
Clay Holmes,605280,151.97,2025-07-07,0,0,30,7,7,30,61,Unusable
Brandon Pfaadt,694297,168.26,2025-06-23,0,0,15,7,2,30,64,Unusable
Brandon Pfaadt,694297,168.26,2025-06-30,0,0,18,8,4,30,58,Unusable
Taj Bradley,671737,174.81,2025-08-25,0,0,15,6,1,30,61,Unusable
Taj Bradley,671737,174.81,2025-09-08,0,1,19,5,3,30,56,Unusable
Jesus Luzardo,666200,176.07,2025-06-23,0,0,15,7,2,30,64,Unusable
Mitch Keller,656605,182.86,2025-06-23,1,0,16,4,1,30,64,Unusable
Mitch Keller,656605,182.86,2025-09-01,0,1,19,4,2,30,53,Unusable
Chris Bassitt,605135,203.48,2025-09-08,0,0,15,6,1,30,56,Unusable
Shane Baz,669358,218.42,2025-08-11,0,0,21,7,4,30,58,Unusable
Brady Singer,663903,227.02,2025-06-23,0,0,15,9,4,30,64,Unusable
Grant Holmes,656550,230.63,2025-04-07,0,0,12,6,0,30,77,Unusable
Ranger Suarez,624133,230.82,2025-06-30,0,0,15,6,1,30,58,Unusable
Casey Mize,663554,234.59,2025-05-19,0,0,15,6,1,30,68,Unusable
Luis Gil,661563,237.86,2025-08-11,1,0,16,4,1,30,58,Unusable
Tomoyuki Sugano,608372,238.15,2025-03-31,1,0,16,4,1,30,65,Unusable
Justin Verlander,434378,238.33,2025-04-28,0,1,19,4,2,30,65,Unusable
Jack Leiter,683004,238.35,2025-06-02,0,0,15,6,1,30,59,Unusable
Jack Leiter,683004,238.35,2025-07-07,1,0,16,6,3,30,61,Unusable
Jose Soriano,667755,238.37,2025-07-07,0,0,27,7,6,30,61,Unusable
Charlie Morton,450203,238.52,2025-03-31,0,0,15,10,5,30,65,Unusable
Kris Bubic,663460,238.54,2025-06-16,1,0,16,6,3,30,60,Unusable
Will Warren,701542,238.96,2025-08-04,0,0,15,5,0,30,56,Unusable
David Peterson,656849,239.2,2025-09-08,0,0,15,8,3,30,56,Unusable
Shane Smith,681343,239.56,2025-08-11,0,0,15,5,0,30,58,Unusable
Shane Bieber,669456,239.6,2025-09-15,0,1,19,4,2,30,56,Unusable
Cade Povich,700249,239.66,2025-05-19,0,0,15,6,1,30,68,Unusable
Matthew Boyd,571510,239.73,2025-03-24,0,0,15,5,0,30,36,P3
Landen Roupp,694738,239.78,2025-05-26,0,0,12,7,1,30,65,Unusable
Aaron Civale,650644,239.95,2025-06-02,1,0,16,5,2,30,59,Unusable
Andrew Abbott,671096,239.97,2025-08-25,0,0,15,7,2,30,61,Unusable
Chris Paddack,663978,239.98,2025-04-14,0,0,15,6,1,30,71,Unusable
Chris Paddack,663978,239.98,2025-04-28,0,0,30,4,4,30,65,Unusable
Simeon Woods Richardson,680573,239.99,2025-09-01,0,0,15,7,2,30,53,Unusable
Zebby Matthews,805673,NA,2025-05-26,0,0,21,7,4,30,65,Unusable
Jake Irvin,663623,NA,2025-07-21,1,1,32,3,7,30,60,Unusable
Logan Allen,671106,NA,2025-08-04,0,0,15,6,1,30,56,Unusable
Michael McGreevy,700241,NA,2025-07-21,1,1,35,3,8,30,60,Unusable
Ben Lively,594902,NA,2025-04-14,1,0,16,3,0,30,71,Unusable
Cal Quantrill,615698,NA,2025-05-05,0,0,15,6,1,30,72,Unusable
Cal Quantrill,615698,NA,2025-05-26,0,0,15,7,2,30,65,Unusable
Jonathan Cannon,686563,NA,2025-03-24,0,0,15,5,0,30,36,P3
Andre Pallante,669467,NA,2025-08-25,0,0,30,9,9,30,61,Unusable
Dylan Cease,656302,52.79,2025-08-18,1,0,15,7,4,29,63,Unusable
Chris Sale,519242,66.64,2025-04-21,1,0,15,4,1,29,65,Unusable
Spencer Strider,675911,71.74,2025-09-22,0,1,18,5,3,29,54,Unusable
Pablo Lopez,641154,86.1,2025-05-19,0,0,17,5,1,29,70,Unusable
Pablo Lopez,641154,86.1,2025-09-01,0,1,18,4,2,29,55,Unusable
Yoshinobu Yamamoto,808967,87.21,2025-03-17,1,0,15,4,1,29,1,P1
Roki Sasaki,808963,100.42,2025-04-14,0,1,18,4,2,29,75,Unusable
Shota Imanaga,684007,101.3,2025-06-23,1,0,15,3,0,29,68,Unusable
Luis Castillo,622491,101.92,2025-06-16,0,1,18,5,3,29,62,Unusable
Luis Castillo,622491,101.92,2025-07-07,1,0,15,6,3,29,65,Unusable
Freddy Peralta,642547,106.07,2025-06-16,1,0,15,6,3,29,62,Unusable
Tyler Glasnow,607192,109,2025-09-15,1,0,15,7,4,29,57,Unusable
Sandy Alcantara,645261,112.89,2025-03-24,0,0,14,7,2,29,38,Unusable
Sandy Alcantara,645261,112.89,2025-06-02,0,1,18,4,2,29,62,Unusable
Kevin Gausman,592332,125.67,2025-06-02,0,1,18,5,3,29,62,Unusable
Kevin Gausman,592332,125.67,2025-08-11,0,1,21,3,2,29,62,Unusable
George Kirby,669923,127.32,2025-06-23,0,1,18,3,1,29,68,Unusable
George Kirby,669923,127.32,2025-08-18,0,1,18,3,1,29,63,Unusable
Sonny Gray,543243,129.65,2025-04-07,1,0,15,4,1,29,79,Unusable
Sonny Gray,543243,129.65,2025-08-18,1,0,15,6,3,29,63,Unusable
Joe Ryan,657746,132.76,2025-07-28,0,1,18,4,2,29,60,Unusable
Seth Lugo,607625,136.46,2025-04-07,0,0,17,6,2,29,79,Unusable
Yusei Kikuchi,579328,146.02,2025-03-24,0,1,18,5,3,29,38,Unusable
Yusei Kikuchi,579328,146.02,2025-09-08,0,1,18,3,1,29,60,Unusable
Carlos Rodon,607074,148.15,2025-07-28,0,0,14,9,4,29,60,Unusable
Clay Holmes,605280,151.97,2025-03-31,0,0,14,6,1,29,68,Unusable
Gavin Williams,668909,157.88,2025-06-02,0,1,18,5,3,29,62,Unusable
MacKenzie Gore,669022,158.05,2025-05-05,0,0,20,7,4,29,74,Unusable
Bryan Woo,693433,161.21,2025-04-14,0,1,21,4,3,29,75,Unusable
Brandon Pfaadt,694297,168.26,2025-03-24,0,1,18,5,3,29,38,Unusable
Zach Eflin,621107,184.56,2025-03-31,0,1,18,5,3,29,68,Unusable
Zach Eflin,621107,184.56,2025-05-05,1,0,15,5,2,29,74,Unusable
Ryan Pepiot,686752,190.49,2025-05-05,0,1,18,3,1,29,74,Unusable
Ryan Pepiot,686752,190.49,2025-08-18,1,0,15,3,0,29,63,Unusable
Chris Bassitt,605135,203.48,2025-04-07,0,0,17,5,1,29,79,Unusable
Chris Bassitt,605135,203.48,2025-05-05,1,0,18,6,4,29,74,Unusable
Chris Bassitt,605135,203.48,2025-08-25,0,0,17,6,2,29,64,Unusable
Max Scherzer,453286,213.93,2025-08-25,1,0,30,6,8,29,64,Unusable
Ronel Blanco,669854,220.43,2025-05-12,0,1,18,5,3,29,72,Unusable
Nestor Cortes,641482,223.32,2025-08-11,0,0,14,6,1,29,62,Unusable
Brady Singer,663903,227.02,2025-09-08,0,1,18,4,2,29,60,Unusable
Brady Singer,663903,227.02,2025-09-22,0,0,26,8,7,29,54,Unusable
Merrill Kelly,518876,229.59,2025-04-21,0,1,18,4,2,29,65,Unusable
Merrill Kelly,518876,229.59,2025-07-28,0,0,17,6,2,29,60,Unusable
Ranger Suarez,624133,230.82,2025-09-15,0,1,30,7,9,29,57,Unusable
Dustin May,669160,236.03,2025-06-16,0,1,18,5,3,29,62,Unusable
Erick Fedde,607200,237.02,2025-04-07,0,1,18,2,0,29,79,Unusable
Jeffrey Springs,605488,237.55,2025-09-01,0,1,18,4,2,29,55,Unusable
Eury Perez,691587,237.61,2025-09-08,0,0,17,7,3,29,60,Unusable
Michael Wacha,608379,238.28,2025-06-02,0,1,18,5,3,29,62,Unusable
Justin Verlander,434378,238.33,2025-04-07,0,0,17,9,5,29,79,Unusable
Justin Verlander,434378,238.33,2025-07-21,1,0,15,3,0,29,64,Unusable
Jack Leiter,683004,238.35,2025-03-24,1,0,15,4,1,29,38,Unusable
Kris Bubic,663460,238.54,2025-04-28,1,0,15,3,0,29,67,Unusable
Will Warren,701542,238.96,2025-06-09,0,0,17,4,0,29,64,Unusable
Will Warren,701542,238.96,2025-08-25,1,0,15,3,0,29,64,Unusable
Will Warren,701542,238.96,2025-09-22,1,0,15,7,4,29,54,Unusable
David Peterson,656849,239.2,2025-07-28,0,1,18,4,2,29,60,Unusable
Jameson Taillon,592791,239.25,2025-04-21,0,1,21,2,1,29,65,Unusable
Zack Littell,641793,239.48,2025-05-12,1,1,22,2,3,29,72,Unusable
Zack Littell,641793,239.48,2025-08-11,0,1,18,3,1,29,62,Unusable
Zack Littell,641793,239.48,2025-08-25,0,1,21,4,3,29,64,Unusable
Zack Littell,641793,239.48,2025-09-08,0,1,18,4,2,29,60,Unusable
Brayan Bello,678394,239.54,2025-08-11,1,1,19,2,2,29,62,Unusable
Taijuan Walker,592836,239.58,2025-04-07,0,0,14,5,0,29,79,Unusable
Nick Martinez,607259,239.65,2025-04-07,0,0,17,8,4,29,79,Unusable
Nick Martinez,607259,239.65,2025-05-05,0,1,18,5,3,29,74,Unusable
Nick Martinez,607259,239.65,2025-05-19,0,1,18,3,1,29,70,Unusable
Nick Martinez,607259,239.65,2025-07-14,1,0,15,5,2,29,32,P3
Nick Martinez,607259,239.65,2025-07-21,1,0,15,5,2,29,64,Unusable
Cade Povich,700249,239.66,2025-09-08,0,0,17,6,2,29,60,Unusable
JP Sears,676664,239.71,2025-04-21,1,0,15,5,2,29,65,Unusable
Matthew Boyd,571510,239.73,2025-09-01,0,1,21,3,2,29,55,Unusable
Clarke Schmidt,657376,239.76,2025-05-05,0,1,18,4,2,29,74,Unusable
Clarke Schmidt,657376,239.76,2025-05-19,0,0,14,8,3,29,70,Unusable
Tyler Anderson,542881,239.77,2025-05-26,0,1,18,3,1,29,68,Unusable
Tyler Anderson,542881,239.77,2025-07-21,0,0,32,5,6,29,64,Unusable
Andrew Heaney,571760,239.82,2025-05-19,1,0,15,4,1,29,70,Unusable
Ryne Nelson,669194,239.82,2025-06-09,1,0,15,3,0,29,64,Unusable
Ben Brown,676962,239.83,2025-06-16,1,0,15,5,2,29,62,Unusable
Ben Brown,676962,239.83,2025-07-21,1,0,15,4,1,29,64,Unusable
Miles Mikolas,571945,239.88,2025-04-21,0,1,18,2,0,29,65,Unusable
Kyle Hendricks,543294,239.97,2025-03-31,0,1,18,4,2,29,68,Unusable
Osvaldo Bido,674370,239.98,2025-03-24,1,0,15,4,1,29,38,Unusable
Chris Paddack,663978,239.98,2025-06-23,0,0,29,7,7,29,68,Unusable
Simeon Woods Richardson,680573,239.99,2025-09-08,1,0,15,6,3,29,60,Unusable
Zebby Matthews,805673,NA,2025-06-02,1,0,15,4,1,29,62,Unusable
Cal Quantrill,615698,NA,2025-07-28,1,0,15,3,0,29,60,Unusable
Davis Martin,663436,NA,2025-03-24,0,1,18,2,0,29,38,Unusable
Jack Kochanowicz,686799,NA,2025-03-24,0,1,18,4,2,29,38,Unusable
Mitch Spence,687765,NA,2025-06-02,1,0,15,4,1,29,62,Unusable
Mitch Spence,687765,NA,2025-06-16,0,0,29,5,5,29,62,Unusable
Cade Horton,690990,NA,2025-06-09,0,0,17,4,0,29,64,Unusable
Cade Horton,690990,NA,2025-07-14,0,0,17,4,0,29,32,P3
Cade Horton,690990,NA,2025-07-28,1,0,15,3,0,29,60,Unusable
Emerson Hancock,676106,NA,2025-05-12,0,0,29,8,8,29,72,Unusable
Andre Pallante,669467,NA,2025-05-26,0,0,17,7,3,29,68,Unusable
Kyle Freeland,607536,NA,2025-04-28,0,1,18,5,3,29,67,Unusable
Kyle Freeland,607536,NA,2025-05-12,0,1,18,5,3,29,72,Unusable
Kyle Freeland,607536,NA,2025-06-09,0,1,18,5,3,29,64,Unusable
Kyle Freeland,607536,NA,2025-09-08,0,0,17,5,1,29,60,Unusable
Garrett Crochet,676979,45.81,2025-05-19,0,0,16,5,1,28,74,Unusable
Jacob deGrom,594798,96.37,2025-04-21,0,0,16,6,2,28,70,Unusable
Jacob deGrom,594798,96.37,2025-09-08,1,1,21,2,3,28,67,Unusable
Tanner Bibee,676440,118.48,2025-03-24,1,0,17,2,0,28,45,Unusable
Tanner Bibee,676440,118.48,2025-09-01,0,1,20,3,2,28,58,Unusable
Joe Ryan,657746,132.76,2025-06-16,0,0,16,7,3,28,67,Unusable
Clay Holmes,605280,151.97,2025-04-28,1,1,18,3,3,28,69,Unusable
Jose Berrios,621244,167.54,2025-04-21,0,0,16,4,0,28,70,Unusable
Jesus Luzardo,666200,176.07,2025-04-28,0,0,16,6,2,28,69,Unusable
Zach Eflin,621107,184.56,2025-03-24,1,1,18,2,2,28,45,Unusable
Zach Eflin,621107,184.56,2025-04-07,1,1,18,1,1,28,86,Unusable
Chris Bassitt,605135,203.48,2025-07-07,1,1,18,1,1,28,66,Unusable
Tanner Houck,656557,205.65,2025-04-07,0,1,20,2,1,28,86,Unusable
Luis Gil,661563,237.86,2025-09-01,1,1,18,1,1,28,58,Unusable
Michael Wacha,608379,238.28,2025-07-21,0,0,16,5,1,28,68,Unusable
Jack Leiter,683004,238.35,2025-07-28,0,0,13,7,2,28,66,Unusable
Jose Soriano,667755,238.37,2025-03-31,0,0,16,9,5,28,71,Unusable
Yu Darvish,506433,239.07,2025-07-07,0,0,25,7,6,28,66,Unusable
Sean Burke,680732,239.12,2025-04-14,0,0,25,7,6,28,77,Unusable
Eduardo Rodriguez,593958,239.58,2025-04-28,0,0,28,11,11,28,69,Unusable
Michael Lorenzen,547179,239.59,2025-03-31,0,0,16,7,3,28,71,Unusable
Shane Bieber,669456,239.6,2025-08-25,0,0,16,6,2,28,68,Unusable
JP Sears,676664,239.71,2025-09-22,1,0,17,4,2,28,57,Unusable
Ben Brown,676962,239.83,2025-05-12,0,0,16,6,2,28,76,Unusable
German Marquez,608566,239.88,2025-06-16,1,0,17,2,0,28,67,Unusable
Dean Kremer,665152,239.89,2025-09-15,1,0,17,4,2,28,59,Unusable
Antonio Senzatela,622608,239.92,2025-05-19,0,0,31,7,8,28,74,Unusable
Mitchell Parker,680730,239.95,2025-07-21,1,0,17,4,2,28,68,Unusable
Edward Cabrera,665795,239.99,2025-06-23,0,0,16,6,2,28,71,Unusable
Trevor Williams,592866,NA,2025-06-16,0,0,16,6,2,28,67,Unusable
Emerson Hancock,676106,NA,2025-05-19,1,1,18,3,3,28,74,Unusable
Joey Cantillo,676282,NA,2025-08-04,1,0,17,3,1,28,61,Unusable
Trevor Rogers,669432,NA,2025-09-01,0,0,16,6,2,28,58,Unusable
Paul Skenes,694973,19.33,2025-07-07,0,0,15,6,2,27,68,Unusable
Paul Skenes,694973,19.33,2025-07-28,0,0,15,8,4,27,67,Unusable
Zack Wheeler,554430,40.13,2025-08-11,0,0,15,6,2,27,66,Unusable
Dylan Cease,656302,52.79,2025-06-02,0,0,15,7,3,27,68,Unusable
Dylan Cease,656302,52.79,2025-06-23,0,0,12,8,3,27,72,Unusable
Chris Sale,519242,66.64,2025-03-24,0,0,15,7,3,27,47,Unusable
Spencer Strider,675911,71.74,2025-07-21,0,0,15,7,3,27,70,Unusable
Framber Valdez,664285,83.25,2025-03-31,0,0,15,9,5,27,73,Unusable
Yoshinobu Yamamoto,808967,87.21,2025-04-21,0,0,15,5,1,27,72,Unusable
Hunter Greene,668881,97.59,2025-05-05,0,0,9,6,0,27,80,Unusable
Luis Castillo,622491,101.92,2025-07-21,0,0,15,7,3,27,70,Unusable
Hunter Brown,686613,102.8,2025-07-21,0,0,15,5,1,27,70,Unusable
Freddy Peralta,642547,106.07,2025-09-08,0,0,15,9,5,27,68,Unusable
Bryce Miller,682243,120.1,2025-04-07,0,0,15,5,1,27,88,Unusable
Sonny Gray,543243,129.65,2025-06-16,0,0,15,5,1,27,70,Unusable
Joe Ryan,657746,132.76,2025-03-24,0,0,15,5,1,27,47,Unusable
Cristopher Sanchez,650911,137.12,2025-09-15,0,0,21,6,4,27,60,Unusable
Kodai Senga,673540,141.74,2025-04-28,0,0,12,6,1,27,72,Unusable
Kodai Senga,673540,141.74,2025-07-21,0,0,24,8,7,27,70,Unusable
Nick Pivetta,601713,150.28,2025-08-25,0,0,15,6,2,27,69,Unusable
Clay Holmes,605280,151.97,2025-08-04,0,0,15,6,2,27,62,Unusable
Gavin Williams,668909,157.88,2025-05-12,0,0,15,6,2,27,77,Unusable
Jose Berrios,621244,167.54,2025-08-04,1,0,16,5,3,27,62,Unusable
Taj Bradley,671737,174.81,2025-06-09,0,0,12,5,0,27,68,Unusable
Jesus Luzardo,666200,176.07,2025-09-15,0,0,21,6,4,27,60,Unusable
Ryan Pepiot,686752,190.49,2025-07-14,0,0,18,8,5,27,34,P3
Shane Baz,669358,218.42,2025-08-04,0,0,12,9,4,27,62,Unusable
Sean Manaea,640455,219.32,2025-07-14,0,0,12,6,1,27,34,P3
Merrill Kelly,518876,229.59,2025-06-23,0,0,15,7,3,27,72,Unusable
Grant Holmes,656550,230.63,2025-06-23,0,0,15,6,2,27,72,Unusable
Kumar Rocker,677958,231.61,2025-06-16,1,0,16,4,2,27,70,Unusable
Dustin May,669160,236.03,2025-05-12,0,0,15,8,4,27,77,Unusable
Erick Fedde,607200,237.02,2025-08-04,1,0,31,4,7,27,62,Unusable
Jeffrey Springs,605488,237.55,2025-04-14,1,0,22,7,7,27,78,Unusable
Michael Wacha,608379,238.28,2025-07-07,0,0,15,5,1,27,68,Unusable
Griffin Canning,656288,238.91,2025-03-31,0,0,12,6,1,27,73,Unusable
Will Warren,701542,238.96,2025-06-02,1,0,16,6,4,27,68,Unusable
Sean Burke,680732,239.12,2025-07-07,0,0,30,7,8,27,68,Unusable
Sean Burke,680732,239.12,2025-07-21,0,0,12,5,0,27,70,Unusable
Sean Burke,680732,239.12,2025-07-28,0,0,15,7,3,27,67,Unusable
David Peterson,656849,239.2,2025-08-04,0,0,18,7,4,27,62,Unusable
Jacob Misiorowski,694819,239.39,2025-07-28,0,0,12,7,2,27,67,Unusable
Zack Littell,641793,239.48,2025-05-19,0,0,15,6,2,27,77,Unusable
Zack Littell,641793,239.48,2025-07-28,0,0,15,4,0,27,67,Unusable
Brayan Bello,678394,239.54,2025-05-19,0,0,12,7,2,27,77,Unusable
Shane Smith,681343,239.56,2025-05-12,0,0,15,5,1,27,77,Unusable
Eduardo Rodriguez,593958,239.58,2025-04-07,0,1,19,3,2,27,88,Unusable
Matthew Boyd,571510,239.73,2025-04-28,0,0,15,6,2,27,72,Unusable
Matthew Boyd,571510,239.73,2025-06-16,0,0,15,6,2,27,70,Unusable
Clarke Schmidt,657376,239.76,2025-06-23,0,0,18,7,4,27,72,Unusable
Landen Roupp,694738,239.78,2025-03-31,0,0,12,8,3,27,73,Unusable
Michael Soroka,647336,239.82,2025-05-05,0,0,15,8,4,27,80,Unusable
Ben Brown,676962,239.83,2025-04-14,0,0,12,6,1,27,78,Unusable
Jordan Hicks,663855,239.84,2025-04-28,0,0,15,7,3,27,72,Unusable
Miles Mikolas,571945,239.88,2025-06-16,0,0,15,6,2,27,70,Unusable
Miles Mikolas,571945,239.88,2025-08-25,0,0,15,5,1,27,69,Unusable
David Festa,701581,239.97,2025-06-30,0,0,18,7,4,27,61,Unusable
Kyle Hendricks,543294,239.97,2025-04-07,0,0,27,5,5,27,88,Unusable
Kyle Hendricks,543294,239.97,2025-06-23,0,0,15,5,1,27,72,Unusable
Chris Paddack,663978,239.98,2025-04-07,0,0,15,5,1,27,88,Unusable
Edward Cabrera,665795,239.99,2025-04-21,0,0,15,7,3,27,72,Unusable
Chase Dollander,801403,239.99,2025-09-08,0,0,15,5,1,27,68,Unusable
Jake Irvin,663623,NA,2025-04-07,0,0,18,7,4,27,88,Unusable
Logan Allen,671106,NA,2025-06-16,1,0,16,4,2,27,70,Unusable
Tony Gonsolin,664062,NA,2025-06-02,0,0,15,6,2,27,68,Unusable
Michael McGreevy,700241,NA,2025-06-16,0,0,15,5,1,27,70,Unusable
Chad Patrick,694477,NA,2025-09-22,0,0,9,6,0,27,58,Unusable
Ben Lively,594902,NA,2025-05-05,1,0,16,3,1,27,80,Unusable
Trevor Williams,592866,NA,2025-04-14,0,0,15,5,1,27,78,Unusable
Trevor Williams,592866,NA,2025-04-21,0,0,15,5,1,27,72,Unusable
Mitch Spence,687765,NA,2025-06-09,0,0,15,4,0,27,68,Unusable
Andre Pallante,669467,NA,2025-04-28,0,1,28,5,7,27,72,Unusable
Andre Pallante,669467,NA,2025-08-11,0,0,15,8,4,27,66,Unusable
Joey Cantillo,676282,NA,2025-08-11,0,0,15,5,1,27,66,Unusable
Tarik Skubal,669373,28.21,2025-08-11,0,1,21,3,3,26,69,Unusable
Corbin Burnes,669203,62,2025-04-14,0,1,18,3,2,26,81,Unusable
Pablo Lopez,641154,86.1,2025-06-02,1,0,15,4,2,26,71,Unusable
Spencer Schwellenbach,680885,86.92,2025-06-02,0,1,18,4,3,26,71,Unusable
Luis Castillo,622491,101.92,2025-04-28,0,1,18,2,1,26,76,Unusable
Sandy Alcantara,645261,112.89,2025-03-31,1,0,15,4,2,26,76,Unusable
Sandy Alcantara,645261,112.89,2025-04-21,0,1,18,4,3,26,75,Unusable
Tanner Bibee,676440,118.48,2025-04-07,0,0,14,4,0,26,93,Unusable
Bryce Miller,682243,120.1,2025-09-22,0,0,29,6,7,26,59,Unusable
George Kirby,669923,127.32,2025-07-07,1,0,15,6,4,26,71,Unusable
Robbie Ray,592662,127.55,2025-09-01,0,0,14,8,4,26,61,Unusable
Sonny Gray,543243,129.65,2025-04-21,0,1,18,4,3,26,75,Unusable
Jack Flaherty,656427,136.28,2025-03-24,0,0,17,5,2,26,49,Unusable
Jack Flaherty,656427,136.28,2025-08-25,0,0,17,4,1,26,71,Unusable
Cristopher Sanchez,650911,137.12,2025-05-26,0,0,17,5,2,26,70,Unusable
Clay Holmes,605280,151.97,2025-04-21,1,0,15,2,0,26,75,Unusable
Clay Holmes,605280,151.97,2025-09-01,0,0,14,6,2,26,61,Unusable
Gavin Williams,668909,157.88,2025-07-21,0,1,18,3,2,26,75,Unusable
Brandon Pfaadt,694297,168.26,2025-06-09,1,0,15,4,2,26,70,Unusable
Mitch Keller,656605,182.86,2025-06-16,0,0,17,5,2,26,76,Unusable
Mitch Keller,656605,182.86,2025-09-22,0,0,11,6,1,26,59,Unusable
Nick Lodolo,666157,188.35,2025-06-02,0,1,18,4,3,26,71,Unusable
Walker Buehler,621111,190.38,2025-09-08,1,0,15,3,1,26,70,Unusable
Walker Buehler,621111,190.38,2025-09-22,1,0,15,2,0,26,59,Unusable
Ryan Pepiot,686752,190.49,2025-04-07,1,0,15,5,3,26,93,Unusable
Shane Baz,669358,218.42,2025-06-02,1,0,15,5,3,26,71,Unusable
Sean Manaea,640455,219.32,2025-08-04,0,0,29,8,9,26,67,Unusable
Sean Manaea,640455,219.32,2025-08-18,0,0,14,8,4,26,67,Unusable
Ronel Blanco,669854,220.43,2025-03-31,0,0,20,9,7,26,76,Unusable
Merrill Kelly,518876,229.59,2025-08-25,1,1,19,2,3,26,71,Unusable
Luis Severino,622663,232.8,2025-09-15,1,0,15,3,1,26,62,Unusable
Casey Mize,663554,234.59,2025-04-28,1,0,21,4,4,26,76,Unusable
Casey Mize,663554,234.59,2025-09-01,1,0,15,3,1,26,61,Unusable
Erick Fedde,607200,237.02,2025-05-12,0,0,17,3,0,26,80,Unusable
Jeffrey Springs,605488,237.55,2025-09-22,1,0,15,3,1,26,59,Unusable
Tomoyuki Sugano,608372,238.15,2025-05-19,0,1,18,3,2,26,79,Unusable
Kris Bubic,663460,238.54,2025-07-07,0,0,17,6,3,26,71,Unusable
Kris Bubic,663460,238.54,2025-07-14,1,0,15,2,0,26,36,P3
Yu Darvish,506433,239.07,2025-09-22,1,0,15,4,2,26,59,Unusable
Zack Littell,641793,239.48,2025-07-14,0,1,18,3,2,26,36,P3
Brayan Bello,678394,239.54,2025-06-02,0,1,18,4,3,26,71,Unusable
Brayan Bello,678394,239.54,2025-07-14,0,1,18,4,3,26,36,P3
Shane Smith,681343,239.56,2025-09-01,1,0,15,6,4,26,61,Unusable
Michael Lorenzen,547179,239.59,2025-06-09,0,1,18,4,3,26,70,Unusable
Shane Bieber,669456,239.6,2025-09-01,1,0,18,6,5,26,61,Unusable
Cade Povich,700249,239.66,2025-05-26,0,0,14,9,5,26,70,Unusable
JP Sears,676664,239.71,2025-03-31,1,1,19,2,3,26,76,Unusable
Tyler Anderson,542881,239.77,2025-06-23,0,0,14,5,1,26,77,Unusable
Andrew Heaney,571760,239.82,2025-05-26,0,0,32,5,7,26,70,Unusable
Richard Fitts,690916,239.84,2025-03-24,0,1,18,4,3,26,49,Unusable
Mitchell Parker,680730,239.95,2025-05-26,0,0,29,6,7,26,70,Unusable
David Festa,701581,239.97,2025-04-07,0,0,14,4,0,26,93,Unusable
Kyle Hendricks,543294,239.97,2025-05-12,0,1,18,4,3,26,80,Unusable
Kyle Hendricks,543294,239.97,2025-08-25,0,1,18,2,1,26,71,Unusable
Clayton Kershaw,477132,239.98,2025-06-16,1,0,15,4,2,26,76,Unusable
Clayton Kershaw,477132,239.98,2025-07-07,0,1,18,3,2,26,71,Unusable
Edward Cabrera,665795,239.99,2025-04-07,0,0,17,5,2,26,93,Unusable
Edward Cabrera,665795,239.99,2025-04-28,0,0,29,6,7,26,76,Unusable
Simeon Woods Richardson,680573,239.99,2025-06-30,1,0,15,3,1,26,62,Unusable
Chase Dollander,801403,239.99,2025-03-31,1,0,15,6,4,26,76,Unusable
Chase Dollander,801403,239.99,2025-06-09,0,1,18,4,3,26,70,Unusable
Logan Allen,671106,NA,2025-04-07,0,0,14,4,0,26,93,Unusable
Matthew Liberatore,669461,NA,2025-03-31,0,1,18,4,3,26,76,Unusable
Jack Kochanowicz,686799,NA,2025-03-31,1,0,15,4,2,26,76,Unusable
Jack Kochanowicz,686799,NA,2025-04-21,0,1,18,3,2,26,75,Unusable
Jose Quintana,500779,NA,2025-07-14,1,0,18,5,4,26,36,P3
Jose Quintana,500779,NA,2025-07-28,1,0,15,4,2,26,71,Unusable
Jose Quintana,500779,NA,2025-09-08,0,0,32,6,8,26,70,Unusable
Cade Horton,690990,NA,2025-08-25,1,0,15,4,2,26,71,Unusable
Emerson Hancock,676106,NA,2025-04-28,0,1,18,4,3,26,76,Unusable
Andre Pallante,669467,NA,2025-09-01,0,1,18,3,2,26,61,Unusable
Caden Dana,702674,NA,2025-09-08,0,0,14,9,5,26,70,Unusable
Kyle Freeland,607536,NA,2025-05-26,0,1,18,4,3,26,70,Unusable
Kyle Freeland,607536,NA,2025-07-07,0,0,17,6,3,26,71,Unusable
Kyle Freeland,607536,NA,2025-09-22,0,1,18,4,3,26,59,Unusable
Gunnar Hoglund,680684,NA,2025-05-19,0,0,29,7,8,26,79,Unusable
Dylan Cease,656302,52.79,2025-03-24,0,0,13,7,3,25,51,Unusable
Dylan Cease,656302,52.79,2025-04-21,0,0,13,6,2,25,79,Unusable
Logan Gilbert,669302,55.11,2025-06-23,0,0,16,7,4,25,78,Unusable
Aaron Nola,605400,75.01,2025-03-24,0,0,16,8,5,25,51,Unusable
Shota Imanaga,684007,101.3,2025-09-01,1,1,18,2,3,25,67,Unusable
Hunter Brown,686613,102.8,2025-08-04,0,0,16,5,2,25,68,Unusable
Zac Gallen,668678,113.12,2025-06-09,0,0,19,6,4,25,73,Unusable
Sonny Gray,543243,129.65,2025-06-30,0,0,19,6,4,25,63,Unusable
Bryan Woo,693433,161.21,2025-05-26,0,1,20,3,3,25,75,Unusable
Jose Berrios,621244,167.54,2025-07-14,1,0,17,5,4,25,40,Unusable
Brandon Pfaadt,694297,168.26,2025-07-21,0,0,16,5,2,25,76,Unusable
Nick Lodolo,666157,188.35,2025-03-24,1,1,18,1,2,25,51,Unusable
Max Scherzer,453286,213.93,2025-09-01,0,0,13,8,4,25,67,Unusable
Tomoyuki Sugano,608372,238.15,2025-07-07,1,1,18,2,3,25,75,Unusable
Tomoyuki Sugano,608372,238.15,2025-08-25,0,0,28,10,11,25,75,Unusable
Michael Wacha,608379,238.28,2025-08-11,1,0,17,3,2,25,70,Unusable
Charlie Morton,450203,238.52,2025-08-04,0,0,13,10,6,25,68,Unusable
Kris Bubic,663460,238.54,2025-04-14,0,0,16,6,3,25,82,Unusable
Will Warren,701542,238.96,2025-09-15,0,0,16,4,1,25,63,Unusable
Sean Burke,680732,239.12,2025-08-04,0,0,10,7,2,25,68,Unusable
Drew Rasmussen,656876,239.34,2025-05-05,0,0,28,5,6,25,83,Unusable
Drew Rasmussen,656876,239.34,2025-06-16,0,0,16,5,2,25,78,Unusable
Zack Littell,641793,239.48,2025-07-07,1,0,17,4,3,25,75,Unusable
Michael Lorenzen,547179,239.59,2025-05-12,0,0,22,5,4,25,82,Unusable
Cade Povich,700249,239.66,2025-06-02,0,0,16,5,2,25,76,Unusable
JP Sears,676664,239.71,2025-07-28,0,0,13,6,2,25,72,Unusable
JP Sears,676664,239.71,2025-09-08,0,0,13,8,4,25,73,Unusable
Miles Mikolas,571945,239.88,2025-09-01,1,1,18,0,1,25,67,Unusable
Antonio Senzatela,622608,239.92,2025-03-31,0,0,16,3,0,25,82,Unusable
Andrew Abbott,671096,239.97,2025-05-19,1,0,17,2,1,25,81,Unusable
Osvaldo Bido,674370,239.98,2025-05-05,0,0,16,6,3,25,83,Unusable
Clayton Kershaw,477132,239.98,2025-09-15,0,0,13,6,2,25,63,Unusable
Michael McGreevy,700241,NA,2025-09-22,1,0,29,5,8,25,65,Unusable
Cal Quantrill,615698,NA,2025-04-21,1,0,17,5,4,25,79,Unusable
Jose Quintana,500779,NA,2025-06-23,1,0,17,5,4,25,78,Unusable
Jonathan Cannon,686563,NA,2025-04-14,0,0,13,4,0,25,82,Unusable
Jonathan Cannon,686563,NA,2025-07-21,0,0,13,9,5,25,76,Unusable
Andre Pallante,669467,NA,2025-03-31,0,0,13,6,2,25,82,Unusable
Martin Perez,527048,NA,2025-09-08,0,1,20,3,3,25,73,Unusable
Joey Cantillo,676282,NA,2025-06-30,0,0,10,5,0,25,63,Unusable
Kyle Freeland,607536,NA,2025-03-31,0,1,20,3,3,25,82,Unusable
Kyle Freeland,607536,NA,2025-04-07,0,0,34,7,10,25,98,Unusable
Paul Skenes,694973,19.33,2025-04-07,0,0,18,7,5,24,99,Unusable
Zack Wheeler,554430,40.13,2025-07-07,0,0,18,6,4,24,77,Unusable
Dylan Cease,656302,52.79,2025-07-07,0,0,18,8,6,24,77,Unusable
Dylan Cease,656302,52.79,2025-07-21,0,0,15,5,2,24,78,Unusable
Dylan Cease,656302,52.79,2025-09-15,0,0,18,6,4,24,65,Unusable
Logan Gilbert,669302,55.11,2025-09-22,0,0,15,5,2,24,66,Unusable
Cole Ragans,666142,57.5,2025-05-12,0,0,15,7,4,24,83,Unusable
Spencer Strider,675911,71.74,2025-04-14,0,0,15,5,2,24,84,Unusable
Shota Imanaga,684007,101.3,2025-06-30,1,0,16,4,3,24,65,Unusable
Hunter Brown,686613,102.8,2025-06-16,0,0,15,4,1,24,79,Unusable
Hunter Brown,686613,102.8,2025-07-14,0,0,12,7,3,24,41,Unusable
Freddy Peralta,642547,106.07,2025-05-26,0,0,15,6,3,24,76,Unusable
Zac Gallen,668678,113.12,2025-04-21,0,0,15,6,3,24,81,Unusable
Bailey Ober,641927,118.13,2025-03-31,0,0,12,5,1,24,85,Unusable
Tanner Bibee,676440,118.48,2025-05-26,0,0,15,7,4,24,76,Unusable
Kevin Gausman,592332,125.67,2025-06-09,0,0,15,7,4,24,74,Unusable
George Kirby,669923,127.32,2025-06-09,0,0,15,5,2,24,74,Unusable
Robbie Ray,592662,127.55,2025-03-24,1,0,16,4,3,24,54,Unusable
Robbie Ray,592662,127.55,2025-04-14,0,0,12,8,4,24,84,Unusable
Jack Flaherty,656427,136.28,2025-09-15,0,0,15,4,1,24,65,Unusable
Seth Lugo,607625,136.46,2025-06-02,0,0,15,5,2,24,77,Unusable
Kodai Senga,673540,141.74,2025-07-07,0,0,12,4,0,24,77,Unusable
Yusei Kikuchi,579328,146.02,2025-04-28,0,0,15,5,2,24,80,Unusable
Yusei Kikuchi,579328,146.02,2025-05-26,0,0,15,4,1,24,76,Unusable
MacKenzie Gore,669022,158.05,2025-07-21,0,0,15,4,1,24,78,Unusable
Bryan Woo,693433,161.21,2025-03-31,0,0,18,6,4,24,85,Unusable
Bryan Woo,693433,161.21,2025-06-02,0,0,18,6,4,24,77,Unusable
Bryan Woo,693433,161.21,2025-07-14,0,0,18,6,4,24,41,Unusable
Taj Bradley,671737,174.81,2025-03-31,0,0,15,7,4,24,85,Unusable
Taj Bradley,671737,174.81,2025-09-01,0,0,15,7,4,24,70,Unusable
Zach Eflin,621107,184.56,2025-07-21,0,0,15,5,2,24,78,Unusable
Brandon Woodruff,605540,204.68,2025-08-11,0,0,12,4,0,24,71,Unusable
Max Scherzer,453286,213.93,2025-09-08,0,0,15,5,2,24,75,Unusable
Shane Baz,669358,218.42,2025-06-16,1,0,16,6,5,24,79,Unusable
Shane Baz,669358,218.42,2025-07-21,0,0,27,9,10,24,78,Unusable
Shane Baz,669358,218.42,2025-07-28,0,0,15,8,5,24,73,Unusable
Sean Manaea,640455,219.32,2025-07-28,0,0,15,4,1,24,73,Unusable
Sean Manaea,640455,219.32,2025-08-11,0,0,15,7,4,24,71,Unusable
Ryan Weathers,677960,219.68,2025-05-19,0,0,15,4,1,24,82,Unusable
Ronel Blanco,669854,220.43,2025-04-28,0,0,15,6,3,24,80,Unusable
Merrill Kelly,518876,229.59,2025-05-19,0,0,18,6,4,24,82,Unusable
Luis Severino,622663,232.8,2025-04-28,0,0,15,4,1,24,80,Unusable
Luis Severino,622663,232.8,2025-06-16,0,0,15,5,2,24,79,Unusable
Erick Fedde,607200,237.02,2025-06-16,0,0,15,4,1,24,79,Unusable
Tomoyuki Sugano,608372,238.15,2025-08-11,1,0,16,2,1,24,71,Unusable
Tomoyuki Sugano,608372,238.15,2025-08-18,0,0,15,3,0,24,68,Unusable
Michael Wacha,608379,238.28,2025-04-28,0,1,19,3,3,24,80,Unusable
Justin Verlander,434378,238.33,2025-03-24,0,0,15,5,2,24,54,Unusable
Jose Soriano,667755,238.37,2025-05-05,0,0,15,6,3,24,85,Unusable
Cristian Javier,664299,238.76,2025-09-08,0,0,18,6,4,24,75,Unusable
Will Warren,701542,238.96,2025-04-21,0,0,15,5,2,24,81,Unusable
Zack Littell,641793,239.48,2025-06-09,0,0,18,6,4,24,74,Unusable
Shane Smith,681343,239.56,2025-04-28,0,0,15,4,1,24,80,Unusable
Shane Smith,681343,239.56,2025-05-19,0,0,15,6,3,24,82,Unusable
Cade Povich,700249,239.66,2025-08-25,0,0,15,5,2,24,76,Unusable
JP Sears,676664,239.71,2025-04-07,0,0,12,7,3,24,99,Unusable
JP Sears,676664,239.71,2025-05-05,0,0,15,4,1,24,85,Unusable
JP Sears,676664,239.71,2025-07-07,0,0,15,6,3,24,77,Unusable
Matthew Boyd,571510,239.73,2025-09-22,1,0,16,3,2,24,66,Unusable
Tyler Anderson,542881,239.77,2025-08-18,0,0,15,5,2,24,68,Unusable
Andrew Heaney,571760,239.82,2025-04-07,0,0,18,6,4,24,99,Unusable
Richard Fitts,690916,239.84,2025-06-23,0,0,12,6,2,24,80,Unusable
Miles Mikolas,571945,239.88,2025-04-07,0,0,15,6,3,24,99,Unusable
Dean Kremer,665152,239.89,2025-03-24,1,0,16,6,5,24,54,Unusable
Dean Kremer,665152,239.89,2025-04-14,1,0,16,2,1,24,84,Unusable
Dean Kremer,665152,239.89,2025-04-21,0,0,33,7,10,24,81,Unusable
Dean Kremer,665152,239.89,2025-08-04,0,0,18,6,4,24,71,Unusable
Kyle Harrison,690986,239.91,2025-06-09,0,0,15,6,3,24,74,Unusable
Aaron Civale,650644,239.95,2025-05-26,0,0,15,4,1,24,76,Unusable
Mitchell Parker,680730,239.95,2025-05-19,1,0,16,4,3,24,82,Unusable
David Festa,701581,239.97,2025-07-07,1,0,16,3,2,24,77,Unusable
Andrew Abbott,671096,239.97,2025-06-23,0,0,15,4,1,24,80,Unusable
Andrew Abbott,671096,239.97,2025-09-22,1,0,16,4,3,24,66,Unusable
Kyle Hendricks,543294,239.97,2025-08-04,0,0,15,6,3,24,71,Unusable
Osvaldo Bido,674370,239.98,2025-03-31,0,0,15,5,2,24,85,Unusable
Osvaldo Bido,674370,239.98,2025-04-07,0,0,15,5,2,24,99,Unusable
Chris Paddack,663978,239.98,2025-04-21,0,0,15,5,2,24,81,Unusable
Chris Paddack,663978,239.98,2025-06-30,0,0,15,5,2,24,65,Unusable
Edward Cabrera,665795,239.99,2025-06-02,0,0,12,5,1,24,77,Unusable
Tyler Mahle,641816,NA,2025-09-22,0,0,15,4,1,24,66,Unusable
Jake Irvin,663623,NA,2025-09-22,0,0,18,6,4,24,66,Unusable
Hayden Wesneski,669713,NA,2025-03-31,0,0,15,6,3,24,85,Unusable
Chad Patrick,694477,NA,2025-06-09,0,0,15,8,5,24,74,Unusable
Cal Quantrill,615698,NA,2025-06-09,0,0,15,6,3,24,74,Unusable
Cal Quantrill,615698,NA,2025-07-21,0,0,15,4,1,24,78,Unusable
Davis Martin,663436,NA,2025-04-21,0,0,15,3,0,24,81,Unusable
Hurston Waldrep,694462,NA,2025-09-01,0,0,15,5,2,24,70,Unusable
Ryan Feltner,663372,NA,2025-03-24,0,0,15,5,2,24,54,Unusable
Paul Blackburn,621112,NA,2025-06-02,0,0,15,3,0,24,77,Unusable
Jose Quintana,500779,NA,2025-06-02,0,0,15,4,1,24,77,Unusable
Mitch Spence,687765,NA,2025-06-23,0,0,15,5,2,24,80,Unusable
Jonathan Cannon,686563,NA,2025-07-07,0,0,15,5,2,24,77,Unusable
Caden Dana,702674,NA,2025-09-01,0,0,15,4,1,24,70,Unusable
Javier Assad,665871,NA,2025-08-11,0,0,24,5,5,24,71,Unusable
Dylan Cease,656302,52.79,2025-05-26,0,0,14,6,3,23,80,Unusable
Corbin Burnes,669203,62,2025-04-07,0,1,18,3,3,23,104,Unusable
Chris Sale,519242,66.64,2025-09-22,1,0,15,6,5,23,71,Unusable
Spencer Strider,675911,71.74,2025-07-28,1,0,15,3,2,23,75,Unusable
Aaron Nola,605400,75.01,2025-08-25,1,0,18,4,4,23,77,Unusable
Michael King,650633,76.46,2025-05-05,0,1,18,2,2,23,87,Unusable
Michael King,650633,76.46,2025-09-15,1,0,24,6,8,23,67,Unusable
Framber Valdez,664285,83.25,2025-04-14,0,1,30,5,9,23,87,Unusable
Roki Sasaki,808963,100.42,2025-04-28,1,0,15,4,3,23,85,Unusable
Seth Lugo,607625,136.46,2025-06-09,0,0,17,2,0,23,80,Unusable
Nick Pivetta,601713,150.28,2025-09-22,0,0,17,5,3,23,71,Unusable
Clay Holmes,605280,151.97,2025-06-23,1,0,15,2,1,23,83,Unusable
Clay Holmes,605280,151.97,2025-07-21,1,0,15,2,1,23,83,Unusable
Jose Berrios,621244,167.54,2025-04-14,0,1,18,3,3,23,87,Unusable
Jose Berrios,621244,167.54,2025-05-19,0,1,18,3,3,23,86,Unusable
Brandon Pfaadt,694297,168.26,2025-03-31,1,0,18,4,4,23,90,Unusable
Taj Bradley,671737,174.81,2025-04-21,0,1,18,3,3,23,86,Unusable
Taj Bradley,671737,174.81,2025-06-30,0,0,17,5,3,23,67,Unusable
Jesus Luzardo,666200,176.07,2025-07-14,0,0,14,7,4,23,43,Unusable
Mitch Keller,656605,182.86,2025-07-28,1,0,21,7,8,23,75,Unusable
Nick Lodolo,666157,188.35,2025-09-15,0,0,14,7,4,23,67,Unusable
Walker Buehler,621111,190.38,2025-04-14,1,0,15,3,2,23,87,Unusable
Chris Bassitt,605135,203.48,2025-05-26,1,0,15,6,5,23,80,Unusable
Chris Bassitt,605135,203.48,2025-06-09,1,0,21,3,4,23,80,Unusable
Ryan Weathers,677960,219.68,2025-09-22,0,0,14,8,5,23,71,Unusable
Brady Singer,663903,227.02,2025-05-12,1,0,15,4,3,23,84,Unusable
Merrill Kelly,518876,229.59,2025-06-30,0,1,18,3,3,23,67,Unusable
Luis Severino,622663,232.8,2025-07-14,1,0,15,3,2,23,43,Unusable
Bowden Francis,670102,233.52,2025-04-07,0,0,17,5,3,23,104,Unusable
Dustin May,669160,236.03,2025-04-07,0,1,18,1,1,23,104,Unusable
Erick Fedde,607200,237.02,2025-04-28,1,0,15,4,3,23,85,Unusable
Jeffrey Springs,605488,237.55,2025-06-09,0,1,18,2,2,23,80,Unusable
Jeffrey Springs,605488,237.55,2025-08-25,0,0,17,5,3,23,77,Unusable
Eury Perez,691587,237.61,2025-06-16,0,0,14,6,3,23,83,Unusable
Michael Wacha,608379,238.28,2025-07-14,0,1,18,1,1,23,43,Unusable
Justin Verlander,434378,238.33,2025-06-16,0,0,14,6,3,23,83,Unusable
Griffin Canning,656288,238.91,2025-03-24,0,0,17,4,2,23,58,Unusable
Griffin Canning,656288,238.91,2025-06-16,1,0,15,4,3,23,83,Unusable
David Peterson,656849,239.2,2025-04-28,1,0,15,2,1,23,85,Unusable
Eduardo Rodriguez,593958,239.58,2025-04-21,0,0,20,5,4,23,86,Unusable
Eduardo Rodriguez,593958,239.58,2025-06-16,0,0,14,4,1,23,83,Unusable
Tylor Megill,656731,239.59,2025-05-05,0,0,14,7,4,23,87,Unusable
Michael Lorenzen,547179,239.59,2025-05-19,0,0,14,5,2,23,86,Unusable
Shane Bieber,669456,239.6,2025-09-22,1,0,15,3,2,23,71,Unusable
Nick Martinez,607259,239.65,2025-04-21,0,0,17,4,2,23,86,Unusable
Andrew Heaney,571760,239.82,2025-05-05,0,1,18,2,2,23,87,Unusable
Miles Mikolas,571945,239.88,2025-07-21,1,0,15,1,0,23,83,Unusable
Aaron Civale,650644,239.95,2025-08-11,0,1,18,3,3,23,75,Unusable
Mitchell Parker,680730,239.95,2025-04-07,0,1,18,3,3,23,104,Unusable
Kyle Hendricks,543294,239.97,2025-05-26,0,0,17,6,4,23,80,Unusable
Chris Paddack,663978,239.98,2025-06-02,0,1,18,2,2,23,82,Unusable
Simeon Woods Richardson,680573,239.99,2025-06-16,0,1,18,3,3,23,83,Unusable
Chase Dollander,801403,239.99,2025-06-16,0,1,18,2,2,23,83,Unusable
Logan Allen,671106,NA,2025-04-28,0,0,17,4,2,23,85,Unusable
Michael McGreevy,700241,NA,2025-07-28,1,0,18,4,4,23,75,Unusable
Landon Knack,689017,NA,2025-05-12,0,0,14,8,5,23,84,Unusable
Ben Lively,594902,NA,2025-04-28,0,0,17,2,0,23,85,Unusable
Cal Quantrill,615698,NA,2025-06-30,0,0,11,6,2,23,67,Unusable
Trevor Williams,592866,NA,2025-06-02,0,0,26,6,7,23,82,Unusable
Emerson Hancock,676106,NA,2025-05-05,0,1,18,2,2,23,87,Unusable
Andre Pallante,669467,NA,2025-03-24,1,0,15,3,2,23,58,Unusable
Martin Perez,527048,NA,2025-04-07,0,0,14,5,2,23,104,Unusable
Aaron Nola,605400,75.01,2025-04-14,0,0,16,8,6,22,90,Unusable
Jack Flaherty,656427,136.28,2025-09-22,0,0,13,6,3,22,75,Unusable
Yusei Kikuchi,579328,146.02,2025-07-28,0,0,16,5,3,22,78,Unusable
Bryan Woo,693433,161.21,2025-07-28,0,0,19,6,5,22,78,Unusable
Jose Berrios,621244,167.54,2025-09-08,0,0,16,4,2,22,77,Unusable
Jesus Luzardo,666200,176.07,2025-05-05,0,0,16,4,2,22,91,Unusable
Mitch Keller,656605,182.86,2025-09-08,0,0,16,4,2,22,77,Unusable
Brandon Woodruff,605540,204.68,2025-08-18,0,0,13,6,3,22,70,Unusable
Brady Singer,663903,227.02,2025-04-14,0,0,13,6,3,22,90,Unusable
Kumar Rocker,677958,231.61,2025-06-30,0,0,16,4,2,22,70,Unusable
Hayden Birdsong,806185,236.52,2025-06-02,0,0,13,5,2,22,84,Unusable
Erick Fedde,607200,237.02,2025-06-02,0,0,16,2,0,22,84,Unusable
Erick Fedde,607200,237.02,2025-06-09,0,0,16,5,3,22,83,Unusable
Jeffrey Springs,605488,237.55,2025-06-30,0,0,16,4,2,22,70,Unusable
Jeffrey Springs,605488,237.55,2025-08-18,0,0,16,3,1,22,70,Unusable
Michael Wacha,608379,238.28,2025-04-07,0,0,16,4,2,22,109,Unusable
Lucas Giolito,608337,238.53,2025-07-14,0,0,16,6,4,22,46,Unusable
Griffin Canning,656288,238.91,2025-05-12,0,0,16,4,2,22,86,Unusable
Brayan Bello,678394,239.54,2025-07-21,0,0,16,5,3,22,85,Unusable
Eduardo Rodriguez,593958,239.58,2025-03-24,0,0,16,5,3,22,60,Unusable
Michael Lorenzen,547179,239.59,2025-06-16,0,0,16,4,2,22,89,Unusable
Michael Lorenzen,547179,239.59,2025-08-18,0,0,13,6,3,22,70,Unusable
Kyle Hendricks,543294,239.97,2025-08-18,0,0,31,5,8,22,70,Unusable
Clayton Kershaw,477132,239.98,2025-08-18,1,0,17,3,3,22,70,Unusable
Chad Patrick,694477,NA,2025-04-07,0,0,13,3,0,22,109,Unusable
Chad Patrick,694477,NA,2025-09-08,0,0,13,6,3,22,77,Unusable
Jose Quintana,500779,NA,2025-05-05,0,0,16,3,1,22,91,Unusable
Cade Horton,690990,NA,2025-05-19,0,0,16,3,1,22,88,Unusable
Emerson Hancock,676106,NA,2025-05-26,0,0,16,4,2,22,83,Unusable
Javier Assad,665871,NA,2025-08-25,1,1,18,1,3,22,79,Unusable
Garrett Crochet,676979,45.81,2025-03-24,0,0,15,4,2,21,61,Unusable
Cole Ragans,666142,57.5,2025-04-14,0,0,12,8,5,21,92,Unusable
Chris Sale,519242,66.64,2025-03-31,0,0,15,5,3,21,91,Unusable
Framber Valdez,664285,83.25,2025-04-28,0,0,15,6,4,21,90,Unusable
Logan Webb,657277,89.7,2025-03-24,0,0,15,5,3,21,61,Unusable
Logan Webb,657277,89.7,2025-07-07,1,0,16,6,6,21,83,Unusable
Roki Sasaki,808963,100.42,2025-03-31,0,0,12,4,1,21,91,Unusable
Roki Sasaki,808963,100.42,2025-04-07,0,0,15,3,1,21,111,Unusable
Luis Castillo,622491,101.92,2025-03-24,0,0,15,4,2,21,61,Unusable
Kevin Gausman,592332,125.67,2025-05-05,1,0,16,3,3,21,93,Unusable
Robbie Ray,592662,127.55,2025-06-09,0,0,12,5,2,21,84,Unusable
Sonny Gray,543243,129.65,2025-07-28,0,0,15,5,3,21,80,Unusable
Joe Ryan,657746,132.76,2025-03-31,0,0,15,6,4,21,91,Unusable
Yusei Kikuchi,579328,146.02,2025-04-07,0,0,18,5,4,21,111,Unusable
Yusei Kikuchi,579328,146.02,2025-06-02,0,0,15,5,3,21,86,Unusable
Carlos Rodon,607074,148.15,2025-03-31,0,0,18,5,4,21,91,Unusable
Clay Holmes,605280,151.97,2025-06-09,0,0,15,3,1,21,84,Unusable
Gavin Williams,668909,157.88,2025-07-07,0,0,15,5,3,21,83,Unusable
MacKenzie Gore,669022,158.05,2025-03-31,0,0,15,5,3,21,91,Unusable
MacKenzie Gore,669022,158.05,2025-09-08,0,0,15,4,2,21,80,Unusable
Bryan Woo,693433,161.21,2025-05-05,0,0,18,6,5,21,93,Unusable
Tanner Houck,656557,205.65,2025-03-31,0,0,12,6,3,21,91,Unusable
Tanner Houck,656557,205.65,2025-04-21,0,0,15,6,4,21,89,Unusable
Shane Baz,669358,218.42,2025-09-22,0,0,12,3,0,21,76,Unusable
Merrill Kelly,518876,229.59,2025-03-24,1,0,16,1,1,21,61,Unusable
Merrill Kelly,518876,229.59,2025-05-26,0,0,15,6,4,21,84,Unusable
Luis Severino,622663,232.8,2025-03-31,0,0,18,6,5,21,91,Unusable
Jeffrey Springs,605488,237.55,2025-05-05,0,0,15,4,2,21,93,Unusable
Jeffrey Springs,605488,237.55,2025-06-23,0,0,15,3,1,21,84,Unusable
Jeffrey Springs,605488,237.55,2025-09-15,0,0,12,3,0,21,69,Unusable
Eury Perez,691587,237.61,2025-06-09,0,0,21,5,5,21,84,Unusable
Luis Gil,661563,237.86,2025-08-18,0,0,15,3,1,21,75,Unusable
Tomoyuki Sugano,608372,238.15,2025-07-28,0,0,15,5,3,21,80,Unusable
Jack Leiter,683004,238.35,2025-08-11,0,0,15,3,1,21,76,Unusable
Charlie Morton,450203,238.52,2025-08-25,0,0,15,7,5,21,80,Unusable
Will Warren,701542,238.96,2025-09-01,0,0,15,4,2,21,73,Unusable
Yu Darvish,506433,239.07,2025-09-01,0,0,12,6,3,21,73,Unusable
David Peterson,656849,239.2,2025-09-01,1,0,16,4,4,21,73,Unusable
Drew Rasmussen,656876,239.34,2025-07-21,0,0,12,5,2,21,86,Unusable
Drew Rasmussen,656876,239.34,2025-09-08,0,0,15,5,3,21,80,Unusable
Brayan Bello,678394,239.54,2025-05-12,0,0,27,7,9,21,87,Unusable
Eduardo Rodriguez,593958,239.58,2025-09-22,0,0,18,6,5,21,76,Unusable
Taijuan Walker,592836,239.58,2025-08-18,0,0,15,5,3,21,75,Unusable
Tylor Megill,656731,239.59,2025-04-28,0,0,15,6,4,21,90,Unusable
Michael Lorenzen,547179,239.59,2025-08-11,0,0,12,3,0,21,76,Unusable
Michael Lorenzen,547179,239.59,2025-08-25,0,0,15,6,4,21,80,Unusable
Nick Martinez,607259,239.65,2025-03-24,0,0,18,5,4,21,61,Unusable
Cade Povich,700249,239.66,2025-09-15,0,0,15,5,3,21,69,Unusable
Tyler Anderson,542881,239.77,2025-07-28,0,0,18,5,4,21,80,Unusable
Michael Soroka,647336,239.82,2025-07-14,0,0,15,3,1,21,47,Unusable
Ben Brown,676962,239.83,2025-05-19,0,0,27,12,14,21,89,Unusable
Jordan Hicks,663855,239.84,2025-04-14,0,0,21,5,5,21,92,Unusable
Dean Kremer,665152,239.89,2025-07-28,0,0,15,5,3,21,80,Unusable
Dean Kremer,665152,239.89,2025-09-01,0,0,9,4,0,21,73,Unusable
Antonio Senzatela,622608,239.92,2025-08-11,0,0,15,2,0,21,76,Unusable
Aaron Civale,650644,239.95,2025-06-23,0,0,12,4,1,21,84,Unusable
Aaron Civale,650644,239.95,2025-06-30,0,0,15,4,2,21,72,Unusable
David Festa,701581,239.97,2025-04-21,0,0,12,5,2,21,89,Unusable
Andrew Abbott,671096,239.97,2025-04-28,0,0,12,3,0,21,90,Unusable
Andrew Abbott,671096,239.97,2025-06-02,0,0,18,6,5,21,86,Unusable
Kyle Hendricks,543294,239.97,2025-05-05,0,0,15,5,3,21,93,Unusable
Clayton Kershaw,477132,239.98,2025-05-26,0,0,15,3,1,21,84,Unusable
Simeon Woods Richardson,680573,239.99,2025-03-31,0,0,12,5,2,21,91,Unusable
Logan Allen,671106,NA,2025-08-25,0,0,18,5,4,21,80,Unusable
Hayden Wesneski,669713,NA,2025-04-14,0,0,15,4,2,21,92,Unusable
Michael McGreevy,700241,NA,2025-06-02,0,0,18,5,4,21,86,Unusable
Matthew Liberatore,669461,NA,2025-06-30,0,0,15,4,2,21,72,Unusable
Davis Martin,663436,NA,2025-04-28,0,0,15,5,3,21,90,Unusable
Davis Martin,663436,NA,2025-06-09,0,0,18,5,4,21,84,Unusable
Ryan Feltner,663372,NA,2025-03-31,0,0,15,4,2,21,91,Unusable
Emerson Hancock,676106,NA,2025-04-14,0,0,15,4,2,21,92,Unusable
Carmen Mlodzinski,669387,NA,2025-08-11,0,0,12,3,0,21,76,Unusable
Caden Dana,702674,NA,2025-09-22,0,0,21,5,5,21,76,Unusable
Javier Assad,665871,NA,2025-09-01,1,0,16,4,4,21,73,Unusable
Paul Skenes,694973,19.33,2025-09-15,0,0,11,6,3,20,71,Unusable
Tarik Skubal,669373,28.21,2025-08-04,0,0,14,6,4,20,73,Unusable
Blake Snell,605483,68.13,2025-03-24,1,0,15,2,2,20,66,Unusable
Aaron Nola,605400,75.01,2025-03-31,0,1,18,2,3,20,100,Unusable
Roki Sasaki,808963,100.42,2025-04-21,0,0,17,4,3,20,91,Unusable
Shota Imanaga,684007,101.3,2025-04-21,0,0,17,6,5,20,91,Unusable
Freddy Peralta,642547,106.07,2025-07-14,1,0,15,4,4,20,48,Unusable
Max Fried,608331,108.44,2025-03-24,0,0,14,4,2,20,66,Unusable
Bailey Ober,641927,118.13,2025-06-16,0,0,17,5,4,20,90,Unusable
Tanner Bibee,676440,118.48,2025-08-18,0,0,17,5,4,20,77,Unusable
Bryce Miller,682243,120.1,2025-03-24,0,0,17,4,3,20,66,Unusable
Kevin Gausman,592332,125.67,2025-04-21,0,0,26,8,10,20,91,Unusable
Robbie Ray,592662,127.55,2025-07-21,0,0,17,3,2,20,87,Unusable
Nick Pivetta,601713,150.28,2025-09-15,0,0,14,5,3,20,71,Unusable
Clay Holmes,605280,151.97,2025-03-24,0,0,14,4,2,20,66,Unusable
Clay Holmes,605280,151.97,2025-06-16,0,0,14,5,3,20,90,Unusable
Mitch Keller,656605,182.86,2025-08-04,0,0,17,3,2,20,73,Unusable
Nick Lodolo,666157,188.35,2025-04-14,0,0,14,6,4,20,96,Unusable
Nick Lodolo,666157,188.35,2025-08-25,0,0,14,6,4,20,83,Unusable
Walker Buehler,621111,190.38,2025-05-26,0,0,17,6,5,20,86,Unusable
Walker Buehler,621111,190.38,2025-06-30,1,0,15,2,2,20,74,Unusable
Walker Buehler,621111,190.38,2025-07-07,0,1,18,2,3,20,85,Unusable
Brady Singer,663903,227.02,2025-04-07,1,0,15,3,3,20,113,Unusable
Grant Holmes,656550,230.63,2025-07-14,0,1,18,2,3,20,48,Unusable
Bowden Francis,670102,233.52,2025-05-12,0,0,14,6,4,20,88,Unusable
Tomoyuki Sugano,608372,238.15,2025-04-21,0,1,21,1,3,20,91,Unusable
Michael Wacha,608379,238.28,2025-03-31,0,0,17,5,4,20,100,Unusable
Jack Leiter,683004,238.35,2025-06-16,0,0,29,6,9,20,90,Unusable
Jack Leiter,683004,238.35,2025-06-30,0,0,11,5,2,20,74,Unusable
Lucas Giolito,608337,238.53,2025-05-26,0,0,14,3,1,20,86,Unusable
Lucas Giolito,608337,238.53,2025-09-22,0,0,14,3,1,20,79,Unusable
Marcus Stroman,573186,238.94,2025-06-23,1,0,15,1,1,20,86,Unusable
Yu Darvish,506433,239.07,2025-09-15,0,0,14,4,2,20,71,Unusable
Zack Littell,641793,239.48,2025-09-22,0,0,14,3,1,20,79,Unusable
Shane Smith,681343,239.56,2025-03-31,0,0,17,3,2,20,100,Unusable
Eduardo Rodriguez,593958,239.58,2025-08-18,0,0,20,4,4,20,77,Unusable
Taijuan Walker,592836,239.58,2025-04-28,0,0,17,2,1,20,94,Unusable
Michael Soroka,647336,239.82,2025-05-19,0,1,18,2,3,20,90,Unusable
Miles Mikolas,571945,239.88,2025-06-02,0,1,18,2,3,20,89,Unusable
Antonio Senzatela,622608,239.92,2025-06-30,0,0,17,4,3,20,74,Unusable
Mitchell Parker,680730,239.95,2025-05-12,0,0,14,6,4,20,88,Unusable
Mitchell Parker,680730,239.95,2025-09-01,0,0,14,4,2,20,78,Unusable
Chris Paddack,663978,239.98,2025-08-18,1,0,15,1,1,20,77,Unusable
Simeon Woods Richardson,680573,239.99,2025-04-28,0,0,14,4,2,20,94,Unusable
Simeon Woods Richardson,680573,239.99,2025-07-28,0,0,14,5,3,20,84,Unusable
Tony Gonsolin,664062,NA,2025-05-26,1,0,18,4,5,20,86,Unusable
Michael McGreevy,700241,NA,2025-08-11,0,1,18,2,3,20,80,Unusable
Chad Patrick,694477,NA,2025-04-28,0,0,17,4,3,20,94,Unusable
Chad Patrick,694477,NA,2025-05-12,0,1,18,2,3,20,88,Unusable
Paul Blackburn,621112,NA,2025-06-23,0,0,17,7,6,20,86,Unusable
Jonathan Cannon,686563,NA,2025-05-05,0,1,18,1,2,20,97,Unusable
Kyle Freeland,607536,NA,2025-06-30,0,1,18,2,3,20,74,Unusable
Freddy Peralta,642547,106.07,2025-05-19,0,0,13,3,1,19,91,Unusable
Sandy Alcantara,645261,112.89,2025-05-19,0,0,16,6,5,19,91,Unusable
Bailey Ober,641927,118.13,2025-08-11,0,0,16,4,3,19,81,Unusable
Bryce Miller,682243,120.1,2025-09-01,0,0,16,3,2,19,79,Unusable
Sonny Gray,543243,129.65,2025-04-28,0,0,13,6,4,19,97,Unusable
MacKenzie Gore,669022,158.05,2025-08-18,0,0,13,5,3,19,80,Unusable
Nick Lodolo,666157,188.35,2025-05-12,0,0,16,4,3,19,91,Unusable
Chris Bassitt,605135,203.48,2025-04-28,0,0,16,4,3,19,97,Unusable
Reese Olson,681857,209.22,2025-06-30,0,0,13,3,1,19,78,Unusable
Grant Holmes,656550,230.63,2025-05-05,0,0,16,5,4,19,98,Unusable
Jose Soriano,667755,238.37,2025-04-21,0,0,25,6,8,19,95,Unusable
Sean Burke,680732,239.12,2025-09-08,0,0,13,5,3,19,82,Unusable
Max Meyer,676974,239.43,2025-05-05,0,0,19,5,5,19,98,Unusable
Shane Smith,681343,239.56,2025-07-28,0,0,13,4,2,19,85,Unusable
Nick Martinez,607259,239.65,2025-06-30,1,0,20,2,4,19,78,Unusable
Matthew Boyd,571510,239.73,2025-04-14,0,0,16,3,2,19,97,Unusable
David Festa,701581,239.97,2025-07-21,0,0,16,5,4,19,88,Unusable
Osvaldo Bido,674370,239.98,2025-04-14,1,0,17,0,1,19,97,Unusable
Edward Cabrera,665795,239.99,2025-08-11,0,0,16,6,5,19,81,Unusable
Edward Cabrera,665795,239.99,2025-08-18,0,0,13,6,4,19,80,Unusable
Tyler Mahle,641816,NA,2025-06-02,0,0,16,5,4,19,90,Unusable
Tyler Mahle,641816,NA,2025-06-09,1,0,17,3,4,19,88,Unusable
Logan Allen,671106,NA,2025-07-14,0,0,16,4,3,19,50,Unusable
Logan Allen,671106,NA,2025-07-21,0,0,19,4,4,19,88,Unusable
Matthew Liberatore,669461,NA,2025-07-21,0,0,13,3,1,19,88,Unusable
Davis Martin,663436,NA,2025-09-22,0,0,13,5,3,19,81,Unusable
Trevor Williams,592866,NA,2025-06-09,0,0,16,3,2,19,88,Unusable
Gunnar Hoglund,680684,NA,2025-05-05,0,0,16,3,2,19,98,Unusable
Gunnar Hoglund,680684,NA,2025-05-12,0,0,16,5,4,19,91,Unusable
Tarik Skubal,669373,28.21,2025-07-07,0,0,15,5,4,18,86,Unusable
Dylan Cease,656302,52.79,2025-06-30,0,0,18,4,4,18,80,Unusable
Logan Gilbert,669302,55.11,2025-04-21,0,0,9,3,0,18,96,Unusable
Blake Snell,605483,68.13,2025-03-31,0,0,12,2,0,18,103,Unusable
Blake Snell,605483,68.13,2025-09-01,0,0,15,6,5,18,80,Unusable
Aaron Nola,605400,75.01,2025-05-05,0,0,15,5,4,18,101,Unusable
Pablo Lopez,641154,86.1,2025-03-24,0,0,15,3,2,18,70,Unusable
Logan Webb,657277,89.7,2025-05-19,0,0,12,5,3,18,93,Unusable
Jacob deGrom,594798,96.37,2025-09-15,0,0,15,6,5,18,74,Unusable
Hunter Greene,668881,97.59,2025-05-26,0,0,15,3,2,18,89,Unusable
Shota Imanaga,684007,101.3,2025-03-17,0,0,12,2,0,18,2,P1
Shota Imanaga,684007,101.3,2025-09-15,0,0,15,4,3,18,74,Unusable
Luis Castillo,622491,101.92,2025-06-02,0,0,15,5,4,18,91,Unusable
Luis Castillo,622491,101.92,2025-08-25,0,0,15,6,5,18,84,Unusable
Hunter Brown,686613,102.8,2025-09-22,0,0,15,5,4,18,82,Unusable
Tyler Glasnow,607192,109,2025-09-22,0,0,9,3,0,18,82,Unusable
Sandy Alcantara,645261,112.89,2025-09-01,0,0,18,4,4,18,80,Unusable
Bailey Ober,641927,118.13,2025-05-26,0,0,12,4,2,18,89,Unusable
Bailey Ober,641927,118.13,2025-06-02,0,0,21,4,5,18,91,Unusable
Tanner Bibee,676440,118.48,2025-05-12,0,0,18,4,4,18,93,Unusable
Tanner Bibee,676440,118.48,2025-06-09,0,0,15,3,2,18,90,Unusable
Bryce Miller,682243,120.1,2025-09-15,0,0,15,4,3,18,74,Unusable
Kevin Gausman,592332,125.67,2025-07-28,0,0,18,5,5,18,86,Unusable
Robbie Ray,592662,127.55,2025-08-11,0,0,18,4,4,18,83,Unusable
Sonny Gray,543243,129.65,2025-08-11,0,0,15,7,6,18,83,Unusable
Joe Ryan,657746,132.76,2025-07-21,0,0,15,5,4,18,91,Unusable
Joe Ryan,657746,132.76,2025-09-08,0,0,12,4,2,18,83,Unusable
Joe Ryan,657746,132.76,2025-09-15,0,0,15,5,4,18,74,Unusable
Seth Lugo,607625,136.46,2025-03-24,0,0,15,4,3,18,70,Unusable
Seth Lugo,607625,136.46,2025-07-14,0,0,18,5,5,18,51,Unusable
Carlos Rodon,607074,148.15,2025-06-09,0,0,15,4,3,18,90,Unusable
Carlos Rodon,607074,148.15,2025-08-04,0,0,15,3,2,18,75,Unusable
Nick Pivetta,601713,150.28,2025-06-02,0,0,18,5,5,18,91,Unusable
Clay Holmes,605280,151.97,2025-05-12,0,0,18,4,4,18,93,Unusable
Spencer Arrighetti,681293,157.16,2025-08-11,0,0,15,3,2,18,83,Unusable
Gavin Williams,668909,157.88,2025-03-31,0,0,9,5,2,18,103,Unusable
Brandon Pfaadt,694297,168.26,2025-08-11,0,0,18,4,4,18,83,Unusable
Brandon Pfaadt,694297,168.26,2025-08-25,0,0,21,9,10,18,84,Unusable
Jesus Luzardo,666200,176.07,2025-07-21,0,0,15,7,6,18,91,Unusable
Jackson Jobe,695549,180.19,2025-05-19,0,0,15,3,2,18,93,Unusable
Walker Buehler,621111,190.38,2025-08-18,0,0,12,4,2,18,82,Unusable
Ryan Pepiot,686752,190.49,2025-03-31,0,0,15,3,2,18,103,Unusable
Chris Bassitt,605135,203.48,2025-08-11,0,0,15,4,3,18,83,Unusable
Reese Olson,681857,209.22,2025-05-05,0,0,12,5,3,18,101,Unusable
Max Scherzer,453286,213.93,2025-06-23,0,0,15,4,3,18,88,Unusable
Max Scherzer,453286,213.93,2025-09-22,0,0,15,5,4,18,82,Unusable
Sean Manaea,640455,219.32,2025-09-08,0,0,15,5,4,18,83,Unusable
Brady Singer,663903,227.02,2025-05-19,0,0,15,3,2,18,93,Unusable
Merrill Kelly,518876,229.59,2025-04-28,0,0,15,2,1,18,99,Unusable
Ranger Suarez,624133,230.82,2025-08-25,0,0,15,2,1,18,84,Unusable
Kumar Rocker,677958,231.61,2025-07-21,0,0,12,5,3,18,91,Unusable
Bowden Francis,670102,233.52,2025-05-19,0,0,12,4,2,18,93,Unusable
Dustin May,669160,236.03,2025-07-21,0,0,15,5,4,18,91,Unusable
Jeffrey Springs,605488,237.55,2025-08-11,0,0,24,7,9,18,83,Unusable
Jeffrey Springs,605488,237.55,2025-09-08,0,0,15,6,5,18,83,Unusable
Jack Leiter,683004,238.35,2025-05-19,0,0,15,3,2,18,93,Unusable
Charlie Morton,450203,238.52,2025-09-08,0,0,12,4,2,18,83,Unusable
Griffin Canning,656288,238.91,2025-04-07,1,0,16,3,4,18,114,Unusable
Marcus Stroman,573186,238.94,2025-06-30,0,0,15,4,3,18,80,Unusable
Marcus Stroman,573186,238.94,2025-07-07,0,0,15,3,2,18,86,Unusable
Yu Darvish,506433,239.07,2025-08-04,0,0,12,5,3,18,75,Unusable
Sean Burke,680732,239.12,2025-09-15,0,0,12,4,2,18,74,Unusable
Drew Rasmussen,656876,239.34,2025-04-21,0,0,15,5,4,18,96,Unusable
Jacob Misiorowski,694819,239.39,2025-08-18,0,0,12,5,3,18,82,Unusable
Max Meyer,676974,239.43,2025-06-02,0,0,15,5,4,18,91,Unusable
Brayan Bello,678394,239.54,2025-09-22,0,0,15,3,2,18,82,Unusable
Shane Smith,681343,239.56,2025-06-30,0,0,27,8,11,18,80,Unusable
Shane Smith,681343,239.56,2025-07-07,0,0,9,5,2,18,86,Unusable
Shane Smith,681343,239.56,2025-08-18,0,0,18,4,4,18,82,Unusable
Eduardo Rodriguez,593958,239.58,2025-06-02,0,0,15,3,2,18,91,Unusable
Taijuan Walker,592836,239.58,2025-05-26,0,0,12,6,4,18,89,Unusable
Taijuan Walker,592836,239.58,2025-07-07,0,0,12,3,1,18,86,Unusable
Tylor Megill,656731,239.59,2025-04-14,0,0,15,3,2,18,99,Unusable
Nick Martinez,607259,239.65,2025-06-09,0,0,15,5,4,18,90,Unusable
Matthew Boyd,571510,239.73,2025-08-18,1,0,16,3,4,18,82,Unusable
Tyler Anderson,542881,239.77,2025-06-16,0,0,18,4,4,18,93,Unusable
Tyler Anderson,542881,239.77,2025-08-25,0,0,15,1,0,18,84,Unusable
Landen Roupp,694738,239.78,2025-06-30,0,0,12,4,2,18,80,Unusable
Michael Soroka,647336,239.82,2025-05-26,1,0,16,3,4,18,89,Unusable
Michael Soroka,647336,239.82,2025-06-09,0,0,15,5,4,18,90,Unusable
Michael Soroka,647336,239.82,2025-07-07,0,0,12,4,2,18,86,Unusable
Andrew Heaney,571760,239.82,2025-03-24,0,0,15,2,1,18,70,Unusable
Andrew Heaney,571760,239.82,2025-05-12,0,0,15,2,1,18,93,Unusable
Ryne Nelson,669194,239.82,2025-05-19,0,0,15,2,1,18,93,Unusable
Miles Mikolas,571945,239.88,2025-09-15,0,0,15,3,2,18,74,Unusable
Dean Kremer,665152,239.89,2025-07-21,0,0,18,5,5,18,91,Unusable
Kyle Harrison,690986,239.91,2025-05-19,0,0,12,4,2,18,93,Unusable
Kyle Harrison,690986,239.91,2025-09-22,0,0,9,6,3,18,82,Unusable
Aaron Civale,650644,239.95,2025-08-18,0,0,15,5,4,18,82,Unusable
Mitchell Parker,680730,239.95,2025-06-30,0,0,18,4,4,18,80,Unusable
Kyle Hendricks,543294,239.97,2025-07-28,0,0,15,2,1,18,86,Unusable
Edward Cabrera,665795,239.99,2025-05-05,0,0,15,2,1,18,101,Unusable
Edward Cabrera,665795,239.99,2025-06-09,0,0,9,5,2,18,90,Unusable
Edward Cabrera,665795,239.99,2025-07-07,0,0,12,6,4,18,86,Unusable
Jake Irvin,663623,NA,2025-09-08,0,0,15,4,3,18,83,Unusable
Logan Allen,671106,NA,2025-09-01,0,0,15,4,3,18,80,Unusable
Logan Allen,671106,NA,2025-09-08,0,0,15,2,1,18,83,Unusable
Chad Patrick,694477,NA,2025-06-16,0,0,15,5,4,18,93,Unusable
Matthew Liberatore,669461,NA,2025-05-26,0,0,15,5,4,18,89,Unusable
Matthew Liberatore,669461,NA,2025-08-25,0,0,15,4,3,18,84,Unusable
Davis Martin,663436,NA,2025-09-08,0,0,15,3,2,18,83,Unusable
Trevor Williams,592866,NA,2025-05-05,0,0,18,4,4,18,101,Unusable
Jack Kochanowicz,686799,NA,2025-05-19,0,0,12,6,4,18,93,Unusable
Jack Kochanowicz,686799,NA,2025-06-23,0,0,27,3,6,18,88,Unusable
Jose Quintana,500779,NA,2025-05-26,0,0,15,3,2,18,89,Unusable
Mitch Spence,687765,NA,2025-06-30,0,0,15,5,4,18,80,Unusable
Jonathan Cannon,686563,NA,2025-04-21,0,0,18,4,4,18,96,Unusable
Jonathan Cannon,686563,NA,2025-06-23,0,0,9,4,1,18,88,Unusable
Jonathan Cannon,686563,NA,2025-06-30,1,0,16,1,2,18,80,Unusable
Carmen Mlodzinski,669387,NA,2025-04-21,0,0,15,4,3,18,96,Unusable
Carmen Mlodzinski,669387,NA,2025-04-28,0,0,12,4,2,18,99,Unusable
Carmen Mlodzinski,669387,NA,2025-08-25,0,0,9,4,1,18,84,Unusable
Joe Boyle,671212,NA,2025-09-22,0,0,15,5,4,18,82,Unusable
Kyle Freeland,607536,NA,2025-07-21,0,0,18,4,4,18,91,Unusable
Cole Ragans,666142,57.5,2025-09-15,0,0,11,4,2,17,80,Unusable
Spencer Strider,675911,71.74,2025-08-04,0,0,14,6,5,17,77,Unusable
Michael King,650633,76.46,2025-09-22,0,0,8,3,0,17,88,Unusable
Max Fried,608331,108.44,2025-08-11,1,0,15,6,7,17,89,Unusable
Zac Gallen,668678,113.12,2025-05-19,0,0,17,4,4,17,101,Unusable
Tanner Bibee,676440,118.48,2025-07-28,0,0,14,5,4,17,88,Unusable
Kevin Gausman,592332,125.67,2025-05-12,0,0,17,6,6,17,96,Unusable
Sonny Gray,543243,129.65,2025-07-21,1,0,15,5,6,17,97,Unusable
Jack Flaherty,656427,136.28,2025-04-14,0,0,14,4,3,17,100,Unusable
Justin Steele,657006,140.83,2025-03-24,1,0,15,2,3,17,73,Unusable
Yusei Kikuchi,579328,146.02,2025-07-21,0,0,14,4,3,17,97,Unusable
Yusei Kikuchi,579328,146.02,2025-09-15,0,0,17,2,2,17,80,Unusable
Gavin Williams,668909,157.88,2025-04-14,0,0,20,4,5,17,100,Unusable
Jackson Jobe,695549,180.19,2025-05-26,0,0,14,4,3,17,95,Unusable
Mitch Keller,656605,182.86,2025-05-26,0,1,18,1,3,17,95,Unusable
Walker Buehler,621111,190.38,2025-03-31,1,0,15,4,5,17,106,Unusable
Reese Olson,681857,209.22,2025-03-24,0,0,14,5,4,17,73,Unusable
Shane Baz,669358,218.42,2025-05-26,0,0,17,3,3,17,95,Unusable
Nestor Cortes,641482,223.32,2025-08-04,0,0,14,3,2,17,77,Unusable
Bowden Francis,670102,233.52,2025-06-09,0,0,11,4,2,17,95,Unusable
Casey Mize,663554,234.59,2025-06-02,0,0,14,3,2,17,96,Unusable
Tomoyuki Sugano,608372,238.15,2025-06-09,0,0,14,4,3,17,95,Unusable
Jack Leiter,683004,238.35,2025-09-08,0,0,14,4,3,17,90,Unusable
Lucas Giolito,608337,238.53,2025-08-18,0,0,14,4,3,17,87,Unusable
Cristian Javier,664299,238.76,2025-09-22,0,0,14,4,3,17,88,Unusable
Griffin Canning,656288,238.91,2025-06-09,0,0,29,6,10,17,95,Unusable
Griffin Canning,656288,238.91,2025-06-23,0,0,8,3,0,17,91,Unusable
Marcus Stroman,573186,238.94,2025-07-28,1,0,15,3,4,17,88,Unusable
Jameson Taillon,592791,239.25,2025-06-23,0,0,26,7,10,17,91,Unusable
Drew Rasmussen,656876,239.34,2025-06-09,1,0,15,3,4,17,95,Unusable
Brayan Bello,678394,239.54,2025-05-05,0,0,14,1,0,17,105,Unusable
Brayan Bello,678394,239.54,2025-05-26,0,0,14,2,1,17,95,Unusable
Brayan Bello,678394,239.54,2025-06-23,0,1,18,1,3,17,91,Unusable
Shane Smith,681343,239.56,2025-05-26,0,0,11,5,3,17,95,Unusable
Taijuan Walker,592836,239.58,2025-05-19,1,0,15,2,3,17,101,Unusable
Taijuan Walker,592836,239.58,2025-07-21,0,0,17,3,3,17,97,Unusable
Taijuan Walker,592836,239.58,2025-09-08,1,0,15,3,4,17,90,Unusable
Tylor Megill,656731,239.59,2025-06-09,0,0,11,5,3,17,95,Unusable
Michael Lorenzen,547179,239.59,2025-06-23,0,0,17,4,4,17,91,Unusable
Nick Martinez,607259,239.65,2025-04-14,0,0,14,4,3,17,100,Unusable
Cade Povich,700249,239.66,2025-06-09,0,0,14,6,5,17,95,Unusable
Cade Povich,700249,239.66,2025-08-18,0,0,14,5,4,17,87,Unusable
Cade Povich,700249,239.66,2025-09-01,1,0,15,3,4,17,83,Unusable
JP Sears,676664,239.71,2025-06-02,1,0,15,3,4,17,96,Unusable
Tyler Anderson,542881,239.77,2025-04-21,0,1,18,1,3,17,100,Unusable
Dean Kremer,665152,239.89,2025-05-12,0,0,17,4,4,17,96,Unusable
David Festa,701581,239.97,2025-06-16,0,0,11,4,2,17,95,Unusable
Andrew Abbott,671096,239.97,2025-08-04,0,0,20,3,4,17,77,Unusable
Kyle Hendricks,543294,239.97,2025-06-02,1,0,18,2,4,17,96,Unusable
Kyle Hendricks,543294,239.97,2025-09-01,0,1,18,0,2,17,83,Unusable
Chris Paddack,663978,239.98,2025-06-16,1,0,15,3,4,17,95,Unusable
Logan Allen,671106,NA,2025-05-19,0,0,20,5,6,17,101,Unusable
Davis Martin,663436,NA,2025-08-25,0,0,11,5,3,17,90,Unusable
Cade Horton,690990,NA,2025-05-12,1,0,15,2,3,17,96,Unusable
Cade Horton,690990,NA,2025-07-07,0,0,14,5,4,17,92,Unusable
Andre Pallante,669467,NA,2025-05-19,0,0,17,3,3,17,101,Unusable
Zack Wheeler,554430,40.13,2025-05-26,0,0,16,6,6,16,100,Unusable
Dylan Cease,656302,52.79,2025-08-25,0,0,13,5,4,16,91,Unusable
Aaron Nola,605400,75.01,2025-09-15,0,0,16,4,4,16,82,Unusable
Bryce Miller,682243,120.1,2025-03-31,0,0,16,4,4,16,107,Unusable
Jack Flaherty,656427,136.28,2025-08-11,0,0,13,6,5,16,90,Unusable
Kodai Senga,673540,141.74,2025-08-04,0,0,13,2,1,16,80,Unusable
MacKenzie Gore,669022,158.05,2025-06-30,0,0,16,2,2,16,87,Unusable
Jose Berrios,621244,167.54,2025-07-28,0,0,13,3,2,16,90,Unusable
Mitch Keller,656605,182.86,2025-06-02,0,0,19,5,6,16,99,Unusable
Ranger Suarez,624133,230.82,2025-09-22,0,0,13,4,3,16,90,Unusable
Frankie Montas,593423,237.83,2025-06-30,1,0,17,2,4,16,87,Unusable
Tomoyuki Sugano,608372,238.15,2025-05-12,0,0,19,3,4,16,99,Unusable
Tomoyuki Sugano,608372,238.15,2025-05-26,0,0,16,3,3,16,100,Unusable
Michael Wacha,608379,238.28,2025-06-09,0,0,16,5,5,16,101,Unusable
Jack Leiter,683004,238.35,2025-08-04,0,0,10,3,1,16,80,Unusable
Lucas Giolito,608337,238.53,2025-09-15,0,0,13,5,4,16,82,Unusable
David Peterson,656849,239.2,2025-04-21,0,0,16,2,2,16,101,Unusable
Drew Rasmussen,656876,239.34,2025-09-22,0,0,7,3,0,16,90,Unusable
Zack Littell,641793,239.48,2025-09-01,0,0,13,6,5,16,85,Unusable
Shane Smith,681343,239.56,2025-09-15,0,0,13,7,6,16,82,Unusable
JP Sears,676664,239.71,2025-06-16,0,0,25,5,8,16,97,Unusable
Michael Soroka,647336,239.82,2025-07-28,0,0,10,4,2,16,90,Unusable
Clayton Kershaw,477132,239.98,2025-07-14,0,0,13,2,1,16,52,Unusable
Chris Paddack,663978,239.98,2025-05-19,0,0,16,2,2,16,105,Unusable
Chris Paddack,663978,239.98,2025-09-22,0,0,13,5,4,16,90,Unusable
Jake Irvin,663623,NA,2025-08-04,0,0,16,3,3,16,80,Unusable
Chad Patrick,694477,NA,2025-09-15,0,0,13,3,2,16,82,Unusable
Trevor Williams,592866,NA,2025-05-12,0,0,13,4,3,16,99,Unusable
Jose Quintana,500779,NA,2025-06-30,0,0,16,3,3,16,87,Unusable
Jose Quintana,500779,NA,2025-08-18,0,0,16,2,2,16,89,Unusable
Jonathan Cannon,686563,NA,2025-04-07,0,0,16,6,6,16,115,Unusable
Dylan Cease,656302,52.79,2025-04-28,0,0,12,3,2,15,101,Unusable
Cole Ragans,666142,57.5,2025-03-24,0,0,15,3,3,15,75,Unusable
Aaron Nola,605400,75.01,2025-09-01,0,0,15,6,6,15,86,Unusable
Michael King,650633,76.46,2025-09-08,0,0,15,2,2,15,92,Unusable
Jacob deGrom,594798,96.37,2025-04-07,0,0,12,4,3,15,116,Unusable
Hunter Greene,668881,97.59,2025-08-25,0,0,15,3,3,15,92,Unusable
Roki Sasaki,808963,100.42,2025-03-17,0,0,9,3,1,15,3,P1
Freddy Peralta,642547,106.07,2025-04-21,0,0,15,3,3,15,102,Unusable
Sandy Alcantara,645261,112.89,2025-06-30,0,0,18,4,5,15,90,Unusable
Zac Gallen,668678,113.12,2025-04-14,0,0,18,5,6,15,103,Unusable
Bailey Ober,641927,118.13,2025-07-28,0,0,15,4,4,15,92,Unusable
Bryce Miller,682243,120.1,2025-08-18,0,0,15,4,4,15,90,Unusable
Joe Ryan,657746,132.76,2025-08-18,0,0,12,6,5,15,90,Unusable
Kodai Senga,673540,141.74,2025-08-18,0,0,15,4,4,15,90,Unusable
Clay Holmes,605280,151.97,2025-08-25,0,0,15,2,2,15,92,Unusable
Clay Holmes,605280,151.97,2025-09-08,0,0,12,5,4,15,92,Unusable
Gavin Williams,668909,157.88,2025-03-24,0,0,15,2,2,15,75,Unusable
MacKenzie Gore,669022,158.05,2025-08-25,0,0,15,3,3,15,92,Unusable
Bryan Woo,693433,161.21,2025-09-01,0,0,15,3,3,15,86,Unusable
Taj Bradley,671737,174.81,2025-05-12,0,0,12,6,5,15,101,Unusable
Jackson Jobe,695549,180.19,2025-04-28,0,0,12,4,3,15,101,Unusable
Mitch Keller,656605,182.86,2025-09-15,0,0,15,4,4,15,86,Unusable
Walker Buehler,621111,190.38,2025-06-23,0,0,24,6,9,15,95,Unusable
Walker Buehler,621111,190.38,2025-08-11,0,0,18,3,4,15,91,Unusable
Tanner Houck,656557,205.65,2025-04-14,0,1,25,8,13,15,103,Unusable
Brady Singer,663903,227.02,2025-06-30,0,0,9,4,2,15,90,Unusable
Kumar Rocker,677958,231.61,2025-03-31,0,0,24,4,7,15,108,Unusable
Luis Severino,622663,232.8,2025-05-05,0,0,30,7,12,15,106,Unusable
Casey Mize,663554,234.59,2025-07-21,0,0,12,5,4,15,100,Unusable
Erick Fedde,607200,237.02,2025-08-11,0,0,12,5,4,15,91,Unusable
Jeffrey Springs,605488,237.55,2025-04-21,0,0,18,4,5,15,102,Unusable
Michael Wacha,608379,238.28,2025-03-24,0,0,12,2,1,15,75,Unusable
Michael Wacha,608379,238.28,2025-06-30,0,0,27,5,9,15,90,Unusable
Justin Verlander,434378,238.33,2025-05-05,0,0,15,3,3,15,106,Unusable
Jose Soriano,667755,238.37,2025-09-08,0,0,12,4,3,15,92,Unusable
Charlie Morton,450203,238.52,2025-04-07,0,0,15,4,4,15,116,Unusable
Charlie Morton,450203,238.52,2025-06-23,0,0,15,3,3,15,95,Unusable
Lucas Giolito,608337,238.53,2025-09-01,0,0,15,2,2,15,86,Unusable
Drew Rasmussen,656876,239.34,2025-04-28,0,0,15,3,3,15,101,Unusable
Jacob Misiorowski,694819,239.39,2025-09-08,0,0,15,4,4,15,92,Unusable
Zack Littell,641793,239.48,2025-03-31,0,0,21,3,5,15,108,Unusable
Brayan Bello,678394,239.54,2025-09-08,0,0,15,4,4,15,92,Unusable
Taijuan Walker,592836,239.58,2025-04-21,0,0,9,4,2,15,102,Unusable
Taijuan Walker,592836,239.58,2025-07-14,0,0,12,4,3,15,53,Unusable
Nick Martinez,607259,239.65,2025-07-07,1,0,31,5,12,15,93,Unusable
Cade Povich,700249,239.66,2025-05-05,0,0,18,4,5,15,106,Unusable
Matthew Boyd,571510,239.73,2025-08-04,0,0,15,3,3,15,83,Unusable
Tyler Anderson,542881,239.77,2025-05-12,0,0,15,4,4,15,101,Unusable
Tyler Anderson,542881,239.77,2025-08-04,0,0,12,5,4,15,83,Unusable
Richard Fitts,690916,239.84,2025-05-26,0,0,9,2,0,15,102,Unusable
Miles Mikolas,571945,239.88,2025-09-22,0,0,15,4,4,15,93,Unusable
Antonio Senzatela,622608,239.92,2025-04-21,0,0,15,4,4,15,102,Unusable
Antonio Senzatela,622608,239.92,2025-04-28,0,0,15,4,4,15,101,Unusable
Aaron Civale,650644,239.95,2025-05-19,0,0,12,3,2,15,106,Unusable
Mitchell Parker,680730,239.95,2025-05-05,0,0,12,5,4,15,106,Unusable
Mitchell Parker,680730,239.95,2025-08-04,0,0,15,4,4,15,83,Unusable
Osvaldo Bido,674370,239.98,2025-04-28,0,0,15,4,4,15,101,Unusable
Clayton Kershaw,477132,239.98,2025-06-30,0,0,18,3,4,15,90,Unusable
Chris Paddack,663978,239.98,2025-07-14,0,0,15,5,5,15,53,Unusable
Edward Cabrera,665795,239.99,2025-04-14,0,0,12,6,5,15,103,Unusable
Zebby Matthews,805673,NA,2025-07-14,0,0,12,6,5,15,53,Unusable
Tyler Mahle,641816,NA,2025-05-19,0,0,15,3,3,15,106,Unusable
Jake Irvin,663623,NA,2025-03-24,0,0,15,2,2,15,75,Unusable
Jake Irvin,663623,NA,2025-06-02,0,0,15,3,3,15,100,Unusable
Jake Irvin,663623,NA,2025-06-09,0,0,15,4,4,15,102,Unusable
Jake Irvin,663623,NA,2025-08-25,0,0,18,3,4,15,92,Unusable
Aaron Ashby,676879,NA,2025-08-25,0,0,6,3,0,15,92,Unusable
Brandon Sproat,687075,NA,2025-09-15,0,0,12,5,4,15,86,Unusable
Tony Gonsolin,664062,NA,2025-05-19,0,0,15,4,4,15,106,Unusable
Chad Patrick,694477,NA,2025-06-30,0,0,15,2,2,15,90,Unusable
Ben Lively,594902,NA,2025-03-24,0,0,15,3,3,15,75,Unusable
Ben Lively,594902,NA,2025-04-21,0,0,15,4,4,15,102,Unusable
Cal Quantrill,615698,NA,2025-06-02,0,0,15,2,2,15,100,Unusable
Cal Quantrill,615698,NA,2025-07-07,0,0,15,5,5,15,93,Unusable
Davis Martin,663436,NA,2025-05-26,0,0,18,3,4,15,102,Unusable
Davis Martin,663436,NA,2025-07-21,0,0,15,3,3,15,100,Unusable
Jose Quintana,500779,NA,2025-04-28,0,0,15,6,6,15,101,Unusable
Jose Quintana,500779,NA,2025-07-21,0,0,15,2,2,15,100,Unusable
Jonathan Cannon,686563,NA,2025-05-12,0,0,15,3,3,15,101,Unusable
Emerson Hancock,676106,NA,2025-06-23,0,0,15,2,2,15,95,Unusable
Tyler Holton,663947,NA,2025-06-30,0,0,6,3,0,15,90,Unusable
Andre Pallante,669467,NA,2025-06-23,0,0,15,2,2,15,95,Unusable
Andre Pallante,669467,NA,2025-07-21,0,0,15,5,5,15,100,Unusable
Huascar Brazoban,623211,NA,2025-04-28,0,0,6,3,0,15,101,Unusable
Yoshinobu Yamamoto,808967,87.21,2025-08-11,0,0,14,6,6,14,93,Unusable
Jacob deGrom,594798,96.37,2025-03-31,0,0,17,3,4,14,110,Unusable
Zac Gallen,668678,113.12,2025-06-16,1,0,15,5,7,14,98,Unusable
Zac Gallen,668678,113.12,2025-09-08,0,0,20,3,5,14,97,Unusable
Bailey Ober,641927,118.13,2025-05-12,0,0,14,3,3,14,104,Unusable
Tanner Bibee,676440,118.48,2025-04-14,0,0,17,5,6,14,106,Unusable
Bryce Miller,682243,120.1,2025-04-21,0,0,14,4,4,14,107,Unusable
Robbie Ray,592662,127.55,2025-09-15,0,0,14,5,5,14,88,Unusable
Clay Holmes,605280,151.97,2025-07-28,0,0,11,3,2,14,93,Unusable
MacKenzie Gore,669022,158.05,2025-06-16,0,0,17,4,5,14,98,Unusable
Brandon Pfaadt,694297,168.26,2025-04-28,0,0,14,6,6,14,108,Unusable
Tanner Houck,656557,205.65,2025-05-05,0,0,14,2,2,14,110,Unusable
Reese Olson,681857,209.22,2025-07-21,0,0,17,4,5,14,104,Unusable
Sean Manaea,640455,219.32,2025-09-01,0,0,11,6,5,14,89,Unusable
Sean Manaea,640455,219.32,2025-09-22,0,0,5,3,0,14,94,Unusable
Kumar Rocker,677958,231.61,2025-07-28,0,0,14,3,3,14,93,Unusable
Dustin May,669160,236.03,2025-08-04,0,0,11,4,3,14,86,Unusable
Tomoyuki Sugano,608372,238.15,2025-06-16,0,0,11,4,3,14,98,Unusable
Michael Wacha,608379,238.28,2025-08-25,0,0,14,4,4,14,97,Unusable
Jose Soriano,667755,238.37,2025-04-14,0,0,17,2,3,14,106,Unusable
Marcus Stroman,573186,238.94,2025-03-24,0,0,14,3,3,14,80,Unusable
Sean Burke,680732,239.12,2025-08-11,0,0,11,3,2,14,93,Unusable
David Peterson,656849,239.2,2025-06-23,0,0,14,5,5,14,99,Unusable
Jacob Misiorowski,694819,239.39,2025-09-15,0,0,11,3,2,14,88,Unusable
Shane Smith,681343,239.56,2025-04-14,0,0,14,3,3,14,106,Unusable
Cade Povich,700249,239.66,2025-04-07,0,0,14,2,2,14,118,Unusable
Cade Povich,700249,239.66,2025-09-22,0,0,17,4,5,14,94,Unusable
Clarke Schmidt,657376,239.76,2025-04-14,0,0,17,2,3,14,106,Unusable
Andrew Heaney,571760,239.82,2025-08-04,0,0,14,1,1,14,86,Unusable
Ben Brown,676962,239.83,2025-06-09,0,0,17,5,6,14,103,Unusable
Andrew Abbott,671096,239.97,2025-09-01,0,0,14,5,5,14,89,Unusable
Osvaldo Bido,674370,239.98,2025-04-21,0,0,32,3,9,14,107,Unusable
Zebby Matthews,805673,NA,2025-08-18,0,0,14,4,4,14,93,Unusable
Zebby Matthews,805673,NA,2025-09-08,0,0,14,5,5,14,97,Unusable
Cal Quantrill,615698,NA,2025-08-18,0,0,14,3,3,14,93,Unusable
Jonathan Cannon,686563,NA,2025-05-26,0,0,17,4,5,14,104,Unusable
Andre Pallante,669467,NA,2025-09-22,0,0,8,4,2,14,94,Unusable
Max Fried,608331,108.44,2025-07-21,0,0,16,3,4,13,105,Unusable
Sandy Alcantara,645261,112.89,2025-04-07,1,0,17,1,4,13,119,Unusable
Seth Lugo,607625,136.46,2025-08-25,0,0,10,5,4,13,98,Unusable
Clay Holmes,605280,151.97,2025-06-30,0,0,16,1,2,13,96,Unusable
Clay Holmes,605280,151.97,2025-07-14,0,0,16,3,4,13,56,Unusable
Gavin Williams,668909,157.88,2025-06-23,0,0,16,2,3,13,100,Unusable
Chris Bassitt,605135,203.48,2025-09-15,0,0,13,3,3,13,90,Unusable
Merrill Kelly,518876,229.59,2025-08-04,0,0,13,4,4,13,88,Unusable
Grant Holmes,656550,230.63,2025-06-02,0,0,10,4,3,13,102,Unusable
Ranger Suarez,624133,230.82,2025-08-04,0,0,19,3,5,13,88,Unusable
Luis Severino,622663,232.8,2025-06-02,0,0,34,6,13,13,102,Unusable
Casey Mize,663554,234.59,2025-05-26,0,0,10,4,3,13,105,Unusable
Dustin May,669160,236.03,2025-08-25,0,0,16,5,6,13,98,Unusable
Hayden Birdsong,806185,236.52,2025-06-16,0,0,13,4,4,13,101,Unusable
Eury Perez,691587,237.61,2025-06-23,0,0,13,3,3,13,100,Unusable
Jack Leiter,683004,238.35,2025-04-21,0,0,10,3,2,13,109,Unusable
Jack Leiter,683004,238.35,2025-05-05,0,0,16,3,4,13,111,Unusable
Cristian Javier,664299,238.76,2025-09-01,0,0,13,4,4,13,91,Unusable
Jameson Taillon,592791,239.25,2025-09-08,0,0,13,2,2,13,99,Unusable
Tobias Myers,668964,239.32,2025-08-04,0,0,10,4,3,13,88,Unusable
Nick Martinez,607259,239.65,2025-08-25,0,0,16,3,4,13,98,Unusable
Landen Roupp,694738,239.78,2025-04-28,0,0,13,4,4,13,109,Unusable
Ryne Nelson,669194,239.82,2025-05-05,0,0,13,2,2,13,111,Unusable
Antonio Senzatela,622608,239.92,2025-03-24,0,0,13,0,0,13,81,Unusable
Andrew Abbott,671096,239.97,2025-07-28,0,0,16,1,2,13,95,Unusable
Kyle Hendricks,543294,239.97,2025-06-30,0,0,16,2,3,13,96,Unusable
Jake Irvin,663623,NA,2025-08-18,0,0,25,5,9,13,95,Unusable
Logan Allen,671106,NA,2025-09-22,0,0,13,4,4,13,97,Unusable
Landon Knack,689017,NA,2025-04-14,0,0,13,2,2,13,110,Unusable
Chad Patrick,694477,NA,2025-04-21,0,0,13,2,2,13,109,Unusable
Matthew Liberatore,669461,NA,2025-07-28,0,0,13,1,1,13,95,Unusable
Ben Lively,594902,NA,2025-03-31,0,0,13,4,4,13,111,Unusable
Cal Quantrill,615698,NA,2025-05-19,0,0,10,2,1,13,109,Unusable
Davis Martin,663436,NA,2025-04-14,0,0,16,3,4,13,110,Unusable
Jack Kochanowicz,686799,NA,2025-06-09,0,0,13,2,2,13,104,Unusable
Andre Pallante,669467,NA,2025-08-18,0,0,16,4,5,13,95,Unusable
Paul Skenes,694973,19.33,2025-04-28,0,0,15,2,3,12,110,Unusable
Paul Skenes,694973,19.33,2025-06-23,0,0,12,4,4,12,102,Unusable
Paul Skenes,694973,19.33,2025-08-11,0,0,12,4,4,12,95,Unusable
Pablo Lopez,641154,86.1,2025-05-26,0,0,15,3,4,12,106,Unusable
Pablo Lopez,641154,86.1,2025-09-15,0,0,12,2,2,12,91,Unusable
Yoshinobu Yamamoto,808967,87.21,2025-05-05,0,0,15,4,5,12,113,Unusable
Hunter Greene,668881,97.59,2025-05-19,0,0,12,2,2,12,110,Unusable
Shota Imanaga,684007,101.3,2025-04-07,0,0,15,4,5,12,120,Unusable
Hunter Brown,686613,102.8,2025-05-19,0,0,15,4,5,12,110,Unusable
Tyler Glasnow,607192,109,2025-08-18,0,0,12,3,3,12,97,Unusable
Sandy Alcantara,645261,112.89,2025-05-12,0,0,15,3,4,12,105,Unusable
Sandy Alcantara,645261,112.89,2025-07-14,0,0,18,2,4,12,57,Unusable
Zac Gallen,668678,113.12,2025-03-24,0,0,12,4,4,12,82,Unusable
Zac Gallen,668678,113.12,2025-05-12,0,0,15,5,6,12,105,Unusable
Bailey Ober,641927,118.13,2025-08-25,0,0,15,3,4,12,101,Unusable
Tanner Bibee,676440,118.48,2025-06-30,0,0,12,5,5,12,98,Unusable
Kevin Gausman,592332,125.67,2025-07-07,0,0,15,2,3,12,95,Unusable
George Kirby,669923,127.32,2025-06-16,0,0,15,3,4,12,102,Unusable
Justin Steele,657006,140.83,2025-03-17,0,0,12,5,5,12,4,P1
Kodai Senga,673540,141.74,2025-07-28,0,0,12,4,4,12,97,Unusable
Nick Pivetta,601713,150.28,2025-03-31,0,0,9,4,3,12,112,Unusable
Nick Pivetta,601713,150.28,2025-08-04,0,0,18,3,5,12,91,Unusable
Clay Holmes,605280,151.97,2025-09-15,0,0,12,2,2,12,91,Unusable
Bryan Woo,693433,161.21,2025-06-09,0,0,18,3,5,12,105,Unusable
Jose Berrios,621244,167.54,2025-03-24,0,0,15,5,6,12,82,Unusable
Mitch Keller,656605,182.86,2025-04-28,0,0,15,3,4,12,110,Unusable
Nathan Eovaldi,543135,193.86,2025-05-26,0,0,6,2,0,12,106,Unusable
Reese Olson,681857,209.22,2025-07-07,0,0,15,1,2,12,95,Unusable
Sean Burke,680732,239.12,2025-04-07,0,0,9,4,3,12,120,Unusable
Tobias Myers,668964,239.32,2025-04-21,0,0,12,2,2,12,111,Unusable
Drew Rasmussen,656876,239.34,2025-06-30,0,0,15,4,5,12,98,Unusable
Brayan Bello,678394,239.54,2025-09-15,0,0,12,3,3,12,91,Unusable
Eduardo Rodriguez,593958,239.58,2025-05-12,0,0,12,4,4,12,105,Unusable
Taijuan Walker,592836,239.58,2025-08-25,0,0,15,3,4,12,101,Unusable
Taijuan Walker,592836,239.58,2025-09-01,0,0,30,3,9,12,92,Unusable
Taijuan Walker,592836,239.58,2025-09-15,0,0,12,2,2,12,91,Unusable
JP Sears,676664,239.71,2025-08-04,0,0,15,4,5,12,91,Unusable
Matthew Boyd,571510,239.73,2025-09-15,0,0,9,5,4,12,91,Unusable
Tyler Anderson,542881,239.77,2025-07-07,0,0,15,3,4,12,95,Unusable
Michael Soroka,647336,239.82,2025-03-31,0,0,15,3,4,12,112,Unusable
Michael Soroka,647336,239.82,2025-08-04,0,0,6,3,1,12,91,Unusable
Ryne Nelson,669194,239.82,2025-09-15,0,0,15,1,2,12,91,Unusable
Richard Fitts,690916,239.84,2025-07-28,0,0,12,2,2,12,97,Unusable
Antonio Senzatela,622608,239.92,2025-07-07,0,0,15,3,4,12,95,Unusable
Aaron Civale,650644,239.95,2025-06-16,0,0,21,2,5,12,102,Unusable
Andrew Abbott,671096,239.97,2025-04-21,0,0,12,4,4,12,111,Unusable
Andrew Abbott,671096,239.97,2025-08-18,0,0,12,6,6,12,97,Unusable
Osvaldo Bido,674370,239.98,2025-08-25,0,0,9,5,4,12,101,Unusable
Zebby Matthews,805673,NA,2025-05-12,0,0,9,5,4,12,105,Unusable
Tyler Mahle,641816,NA,2025-04-21,0,0,15,1,2,12,111,Unusable
Jake Irvin,663623,NA,2025-03-31,0,0,15,3,4,12,112,Unusable
Logan Allen,671106,NA,2025-05-05,0,0,12,3,3,12,113,Unusable
Logan Allen,671106,NA,2025-06-02,0,0,18,2,4,12,104,Unusable
Bobby Miller,676272,NA,2025-04-14,0,0,9,7,6,12,112,Unusable
Hayden Wesneski,669713,NA,2025-04-21,0,0,15,1,2,12,111,Unusable
Matthew Liberatore,669461,NA,2025-06-09,0,0,15,4,5,12,105,Unusable
Matthew Liberatore,669461,NA,2025-08-11,0,0,12,3,3,12,95,Unusable
Ben Lively,594902,NA,2025-05-12,0,0,9,1,0,12,105,Unusable
Cal Quantrill,615698,NA,2025-04-07,0,0,15,2,3,12,120,Unusable
Trevor Williams,592866,NA,2025-06-23,0,0,15,3,4,12,102,Unusable
Cade Horton,690990,NA,2025-09-22,0,0,9,2,1,12,98,Unusable
Andre Pallante,669467,NA,2025-04-14,0,0,18,2,4,12,112,Unusable
Andre Pallante,669467,NA,2025-09-15,0,0,15,3,4,12,91,Unusable
Matt Sauer,669422,NA,2025-05-12,0,0,12,2,2,12,105,Unusable
Joe Boyle,671212,NA,2025-08-18,0,0,12,5,5,12,97,Unusable
Javier Assad,665871,NA,2025-09-15,0,0,12,2,2,12,91,Unusable
Chayce McDermott,694646,NA,2025-05-12,0,0,9,5,4,12,105,Unusable
Framber Valdez,664285,83.25,2025-09-15,0,0,14,4,5,11,99,Unusable
Yoshinobu Yamamoto,808967,87.21,2025-06-09,0,0,14,4,5,11,107,Unusable
Nick Pivetta,601713,150.28,2025-06-16,0,0,14,3,4,11,104,Unusable
Spencer Arrighetti,681293,157.16,2025-08-04,0,0,11,5,5,11,94,Unusable
Chris Bassitt,605135,203.48,2025-08-04,0,0,14,2,3,11,94,Unusable
Tanner Houck,656557,205.65,2025-03-24,0,0,17,2,4,11,84,Unusable
Grant Holmes,656550,230.63,2025-04-21,0,0,17,4,6,11,115,Unusable
Bowden Francis,670102,233.52,2025-04-21,0,0,14,2,3,11,115,Unusable
Erick Fedde,607200,237.02,2025-07-28,0,0,14,3,4,11,99,Unusable
Tomoyuki Sugano,608372,238.15,2025-06-30,0,0,14,5,6,11,100,Unusable
Marcus Stroman,573186,238.94,2025-07-21,0,0,11,4,4,11,106,Unusable
Will Warren,701542,238.96,2025-07-14,0,0,11,5,5,11,58,Unusable
Sean Burke,680732,239.12,2025-05-12,0,0,14,4,5,11,112,Unusable
Tobias Myers,668964,239.32,2025-05-12,0,0,11,4,4,11,112,Unusable
Michael Lorenzen,547179,239.59,2025-04-14,0,0,14,3,4,11,114,Unusable
Nick Martinez,607259,239.65,2025-03-31,0,0,14,2,3,11,115,Unusable
Cade Povich,700249,239.66,2025-04-28,0,0,14,2,3,11,112,Unusable
Matthew Boyd,571510,239.73,2025-09-08,1,0,15,1,4,11,100,Unusable
Miles Mikolas,571945,239.88,2025-04-14,0,0,14,1,2,11,114,Unusable
Aaron Civale,650644,239.95,2025-07-07,0,0,29,3,9,11,99,Unusable
Aaron Civale,650644,239.95,2025-08-25,0,0,14,4,5,11,104,Unusable
Matt Waldron,663362,239.97,2025-06-30,0,0,14,3,4,11,100,Unusable
Simeon Woods Richardson,680573,239.99,2025-05-05,0,0,14,1,2,11,115,Unusable
Chase Dollander,801403,239.99,2025-06-23,0,0,17,1,3,11,104,Unusable
Tyler Mahle,641816,NA,2025-03-24,0,0,5,3,1,11,84,Unusable
Brennan Bernardino,657514,NA,2025-06-30,0,0,5,2,0,11,100,Unusable
Ryan Feltner,663372,NA,2025-04-28,0,0,14,4,5,11,112,Unusable
Cade Horton,690990,NA,2025-06-16,0,0,14,2,3,11,104,Unusable
Jonathan Cannon,686563,NA,2025-03-31,0,0,11,3,3,11,115,Unusable
Carmen Mlodzinski,669387,NA,2025-03-31,0,0,11,4,4,11,115,Unusable
Spencer Strider,675911,71.74,2025-05-19,0,0,13,3,4,10,112,Unusable
Robbie Ray,592662,127.55,2025-08-25,0,0,13,5,6,10,105,Unusable
MacKenzie Gore,669022,158.05,2025-07-28,0,0,16,4,6,10,100,Unusable
Zach Eflin,621107,184.56,2025-07-28,0,0,13,3,4,10,100,Unusable
Nick Lodolo,666157,188.35,2025-04-28,0,0,16,4,6,10,114,Unusable
Nick Lodolo,666157,188.35,2025-06-09,0,0,10,6,6,10,108,Unusable
Walker Buehler,621111,190.38,2025-03-24,0,0,13,3,4,10,86,Unusable
Ryan Pepiot,686752,190.49,2025-04-28,0,0,13,1,2,10,114,Unusable
Reese Olson,681857,209.22,2025-04-07,0,0,13,3,4,10,123,Unusable
Merrill Kelly,518876,229.59,2025-09-15,0,0,22,5,9,10,100,Unusable
Kumar Rocker,677958,231.61,2025-06-02,0,0,10,5,5,10,105,Unusable
Tomoyuki Sugano,608372,238.15,2025-09-22,0,0,13,3,4,10,99,Unusable
Charlie Morton,450203,238.52,2025-06-02,0,0,7,5,4,10,105,Unusable
Eduardo Rodriguez,593958,239.58,2025-06-30,0,0,13,7,8,10,103,Unusable
Andrew Heaney,571760,239.82,2025-04-28,0,0,25,3,8,10,114,Unusable
Richard Fitts,690916,239.84,2025-07-21,0,0,10,4,4,10,107,Unusable
Dean Kremer,665152,239.89,2025-03-31,0,0,13,1,2,10,118,Unusable
Zebby Matthews,805673,NA,2025-07-28,0,0,13,4,5,10,100,Unusable
Jake Irvin,663623,NA,2025-05-05,0,0,16,0,2,10,116,Unusable
Cal Quantrill,615698,NA,2025-08-04,0,0,25,3,8,10,96,Unusable
Jack Kochanowicz,686799,NA,2025-06-02,0,0,10,4,4,10,105,Unusable
Jack Kochanowicz,686799,NA,2025-06-30,0,0,16,1,3,10,103,Unusable
Jose Quintana,500779,NA,2025-06-09,0,0,13,4,5,10,108,Unusable
Trevor Rogers,669432,NA,2025-06-16,0,0,7,4,3,10,106,Unusable
Tarik Skubal,669373,28.21,2025-03-24,0,0,15,2,4,9,87,Unusable
Garrett Crochet,676979,45.81,2025-09-01,0,0,18,4,7,9,93,Unusable
Cole Ragans,666142,57.5,2025-04-21,0,0,9,4,4,9,117,Unusable
Spencer Strider,675911,71.74,2025-09-01,0,0,15,1,3,9,93,Unusable
Logan Webb,657277,89.7,2025-07-14,0,0,18,1,4,9,59,Unusable
Luis Castillo,622491,101.92,2025-05-05,0,0,15,3,5,9,117,Unusable
Luis Castillo,622491,101.92,2025-08-11,0,0,12,5,6,9,97,Unusable
Luis Castillo,622491,101.92,2025-08-18,0,0,12,2,3,9,100,Unusable
Tyler Glasnow,607192,109,2025-07-28,0,0,12,3,4,9,103,Unusable
Sandy Alcantara,645261,112.89,2025-06-23,0,0,18,4,7,9,105,Unusable
Sandy Alcantara,645261,112.89,2025-07-07,0,0,15,4,6,9,100,Unusable
Zac Gallen,668678,113.12,2025-05-26,0,0,15,3,5,9,108,Unusable
Zac Gallen,668678,113.12,2025-08-11,0,0,15,1,3,9,97,Unusable
Bryce Miller,682243,120.1,2025-05-26,0,0,12,2,3,9,108,Unusable
George Kirby,669923,127.32,2025-05-26,0,0,15,4,6,9,108,Unusable
Yusei Kikuchi,579328,146.02,2025-08-11,0,0,12,3,4,9,97,Unusable
Gavin Williams,668909,157.88,2025-06-09,0,0,12,1,2,9,110,Unusable
Gavin Williams,668909,157.88,2025-08-11,0,0,9,4,4,9,97,Unusable
Reynaldo Lopez,625643,160.33,2025-03-24,0,0,15,1,3,9,87,Unusable
Brandon Pfaadt,694297,168.26,2025-05-12,0,0,12,3,4,9,114,Unusable
Mitch Keller,656605,182.86,2025-08-11,0,0,12,5,6,9,97,Unusable
Ryan Pepiot,686752,190.49,2025-09-22,0,0,9,3,3,9,100,Unusable
Sean Manaea,640455,219.32,2025-09-15,0,0,9,3,3,9,101,Unusable
Ryan Weathers,677960,219.68,2025-09-15,0,0,12,2,3,9,101,Unusable
Ronel Blanco,669854,220.43,2025-04-14,0,0,15,1,3,9,116,Unusable
Grant Holmes,656550,230.63,2025-03-31,0,0,12,3,4,9,119,Unusable
Dustin May,669160,236.03,2025-04-21,0,0,15,5,7,9,117,Unusable
Dustin May,669160,236.03,2025-06-23,0,0,12,3,4,9,105,Unusable
Erick Fedde,607200,237.02,2025-05-19,0,0,15,2,4,9,113,Unusable
Jeffrey Springs,605488,237.55,2025-07-14,0,0,12,4,5,9,59,Unusable
Tomoyuki Sugano,608372,238.15,2025-03-24,0,0,12,1,2,9,87,Unusable
Jack Leiter,683004,238.35,2025-06-09,0,0,12,3,4,9,110,Unusable
Charlie Morton,450203,238.52,2025-05-05,0,0,12,2,3,9,117,Unusable
Griffin Canning,656288,238.91,2025-05-26,0,0,9,3,3,9,108,Unusable
Marcus Stroman,573186,238.94,2025-03-31,0,0,12,3,4,9,119,Unusable
Yu Darvish,506433,239.07,2025-07-14,0,0,15,1,3,9,59,Unusable
Yu Darvish,506433,239.07,2025-08-25,0,0,12,3,4,9,106,Unusable
Jameson Taillon,592791,239.25,2025-05-05,0,0,12,4,5,9,117,Unusable
Tobias Myers,668964,239.32,2025-04-28,0,0,6,3,2,9,117,Unusable
Drew Rasmussen,656876,239.34,2025-09-15,0,0,9,2,2,9,101,Unusable
Zack Littell,641793,239.48,2025-07-21,0,0,18,2,5,9,108,Unusable
Zack Littell,641793,239.48,2025-08-18,0,0,9,3,3,9,100,Unusable
Eduardo Rodriguez,593958,239.58,2025-07-07,0,0,12,3,4,9,100,Unusable
Taijuan Walker,592836,239.58,2025-07-28,0,0,15,0,2,9,103,Unusable
JP Sears,676664,239.71,2025-05-19,0,0,15,4,6,9,113,Unusable
JP Sears,676664,239.71,2025-07-14,0,0,12,5,6,9,59,Unusable
Matthew Boyd,571510,239.73,2025-05-19,0,0,12,3,4,9,113,Unusable
Tyler Anderson,542881,239.77,2025-06-09,0,0,15,4,6,9,110,Unusable
Landen Roupp,694738,239.78,2025-08-11,0,0,9,5,5,9,97,Unusable
Michael Soroka,647336,239.82,2025-06-30,0,0,12,6,7,9,105,Unusable
Richard Fitts,690916,239.84,2025-06-30,0,0,9,1,1,9,105,Unusable
Miles Mikolas,571945,239.88,2025-05-26,0,0,12,3,4,9,108,Unusable
Miles Mikolas,571945,239.88,2025-06-23,0,0,12,5,6,9,105,Unusable
German Marquez,608566,239.88,2025-09-01,0,0,15,2,4,9,93,Unusable
Dean Kremer,665152,239.89,2025-08-18,0,0,15,4,6,9,100,Unusable
Antonio Senzatela,622608,239.92,2025-08-18,0,0,12,4,5,9,100,Unusable
Kyle Hendricks,543294,239.97,2025-04-14,0,0,15,1,3,9,116,Unusable
Clayton Kershaw,477132,239.98,2025-05-19,0,0,6,1,0,9,113,Unusable
Chase Dollander,801403,239.99,2025-04-14,0,0,12,5,6,9,116,Unusable
Chase Dollander,801403,239.99,2025-06-02,0,0,18,4,7,9,108,Unusable
Tyler Mahle,641816,NA,2025-05-05,0,0,15,0,2,9,117,Unusable
Brennan Bernardino,657514,NA,2025-08-25,0,0,3,2,0,9,106,Unusable
Hayden Wesneski,669713,NA,2025-05-05,0,0,12,3,4,9,117,Unusable
Tony Gonsolin,664062,NA,2025-05-12,0,0,12,3,4,9,114,Unusable
Matthew Liberatore,669461,NA,2025-04-28,0,0,9,2,2,9,117,Unusable
Matthew Liberatore,669461,NA,2025-08-04,0,0,12,1,2,9,97,Unusable
Cal Quantrill,615698,NA,2025-06-16,0,0,12,2,3,9,107,Unusable
Kyle Gibson,502043,NA,2025-05-05,0,0,12,4,5,9,117,Unusable
Jonathan Cannon,686563,NA,2025-06-02,0,0,9,5,5,9,108,Unusable
Jonathan Cannon,686563,NA,2025-07-28,0,0,18,3,6,9,103,Unusable
Andre Pallante,669467,NA,2025-09-08,0,0,15,0,2,9,101,Unusable
Keegan Akin,669211,NA,2025-05-19,0,0,3,2,0,9,113,Unusable
Keegan Akin,669211,NA,2025-06-09,0,0,3,2,0,9,110,Unusable
Kyle Freeland,607536,NA,2025-04-14,0,0,6,2,1,9,116,Unusable
Michael King,650633,76.46,2025-03-24,0,0,8,3,3,8,90,Unusable
Framber Valdez,664285,83.25,2025-08-04,0,0,17,1,4,8,98,Unusable
George Kirby,669923,127.32,2025-05-19,0,0,11,4,5,8,118,Unusable
Jack Flaherty,656427,136.28,2025-06-09,0,0,14,5,7,8,114,Unusable
Jack Flaherty,656427,136.28,2025-08-04,0,0,14,3,5,8,98,Unusable
Yusei Kikuchi,579328,146.02,2025-09-01,0,0,23,7,12,8,96,Unusable
Nick Lodolo,666157,188.35,2025-08-04,0,0,5,1,0,8,98,Unusable
Ranger Suarez,624133,230.82,2025-04-28,0,0,11,6,7,8,119,Unusable
Casey Mize,663554,234.59,2025-07-28,0,0,5,2,1,8,106,Unusable
Casey Mize,663554,234.59,2025-08-18,0,0,17,0,3,8,104,Unusable
Erick Fedde,607200,237.02,2025-07-07,0,0,14,1,3,8,102,Unusable
Luis Gil,661563,237.86,2025-09-15,0,0,14,2,4,8,104,Unusable
Charlie Morton,450203,238.52,2025-09-01,0,0,20,5,9,8,96,Unusable
Tylor Megill,656731,239.59,2025-05-12,0,0,8,4,4,8,116,Unusable
JP Sears,676664,239.71,2025-08-25,0,0,11,2,3,8,108,Unusable
Landen Roupp,694738,239.78,2025-04-21,0,0,11,2,3,8,119,Unusable
Ben Brown,676962,239.83,2025-04-21,0,0,11,5,6,8,119,Unusable
German Marquez,608566,239.88,2025-04-07,0,0,14,3,5,8,124,Unusable
Dean Kremer,665152,239.89,2025-04-07,0,0,14,4,6,8,124,Unusable
Antonio Senzatela,622608,239.92,2025-05-05,0,0,14,2,4,8,123,Unusable
Kyle Hendricks,543294,239.97,2025-07-07,0,0,11,3,4,8,102,Unusable
Clayton Kershaw,477132,239.98,2025-07-21,0,0,14,2,4,8,109,Unusable
Chase Dollander,801403,239.99,2025-04-21,0,0,14,3,5,8,119,Unusable
Brandon Sproat,687075,NA,2025-09-22,0,0,14,2,4,8,101,Unusable
Cal Quantrill,615698,NA,2025-04-28,0,0,11,3,4,8,119,Unusable
Luis Garcia,677651,NA,2025-09-08,0,0,5,1,0,8,102,Unusable
Paul Blackburn,621112,NA,2025-06-16,0,0,11,2,3,8,108,Unusable
Luis Garcia,677651,NA,2025-09-08,0,0,5,1,0,8,102,Unusable
Tyler Holton,663947,NA,2025-05-12,0,0,5,2,1,8,116,Unusable
Andre Pallante,669467,NA,2025-07-14,0,0,14,3,5,8,63,Unusable
Martin Perez,527048,NA,2025-09-15,0,0,11,2,3,8,104,Unusable
Keegan Akin,669211,NA,2025-04-21,0,0,5,1,0,8,119,Unusable
Kyle Freeland,607536,NA,2025-08-04,0,0,14,4,6,8,98,Unusable
Dylan Cease,656302,52.79,2025-08-11,0,0,10,2,3,7,103,Unusable
Zac Gallen,668678,113.12,2025-06-23,0,0,16,2,5,7,108,Unusable
Zac Gallen,668678,113.12,2025-09-22,0,0,13,3,5,7,102,Unusable
Kevin Gausman,592332,125.67,2025-03-31,0,0,16,0,3,7,121,Unusable
Robbie Ray,592662,127.55,2025-07-14,0,0,13,3,5,7,64,Unusable
Sonny Gray,543243,129.65,2025-06-09,0,0,13,4,6,7,115,Unusable
Jack Flaherty,656427,136.28,2025-09-01,0,0,13,2,4,7,98,Unusable
Seth Lugo,607625,136.46,2025-05-26,0,0,10,3,4,7,113,Unusable
Taj Bradley,671737,174.81,2025-04-14,0,0,16,3,6,7,120,Unusable
Mitch Keller,656605,182.86,2025-08-18,0,0,10,4,5,7,105,Unusable
Shane Baz,669358,218.42,2025-09-08,0,0,7,5,5,7,104,Unusable
Ranger Suarez,624133,230.82,2025-07-14,0,0,13,4,6,7,64,Unusable
Ranger Suarez,624133,230.82,2025-08-11,0,0,16,3,6,7,103,Unusable
Kumar Rocker,677958,231.61,2025-04-07,0,0,10,2,3,7,126,Unusable
Casey Mize,663554,234.59,2025-08-25,0,0,10,4,5,7,109,Unusable
Frankie Montas,593423,237.83,2025-07-28,0,0,25,6,12,7,107,Unusable
Justin Verlander,434378,238.33,2025-08-18,0,0,13,4,6,7,105,Unusable
Charlie Morton,450203,238.52,2025-03-24,0,0,10,3,4,7,91,Unusable
Charlie Morton,450203,238.52,2025-07-14,0,0,16,4,7,7,64,Unusable
Charlie Morton,450203,238.52,2025-09-22,0,0,4,1,0,7,102,Unusable
Kris Bubic,663460,238.54,2025-06-09,0,0,13,3,5,7,115,Unusable
David Peterson,656849,239.2,2025-08-11,0,0,10,5,6,7,103,Unusable
Eduardo Rodriguez,593958,239.58,2025-08-04,0,0,16,2,5,7,102,Unusable
Dean Kremer,665152,239.89,2025-06-02,0,0,16,2,5,7,110,Unusable
Dean Kremer,665152,239.89,2025-06-30,0,0,13,3,5,7,107,Unusable
Kyle Harrison,690986,239.91,2025-06-02,0,0,13,3,5,7,110,Unusable
Kyle Hendricks,543294,239.97,2025-08-11,0,0,10,4,5,7,103,Unusable
Logan Allen,671106,NA,2025-03-31,0,0,16,1,4,7,121,Unusable
Davis Martin,663436,NA,2025-05-05,0,0,13,2,4,7,124,Unusable
Tyler Holton,663947,NA,2025-06-02,0,0,4,2,1,7,110,Unusable
Joe Boyle,671212,NA,2025-08-04,0,0,10,5,6,7,102,Unusable
Kyle Freeland,607536,NA,2025-04-21,0,0,13,4,6,7,123,Unusable
Cole Ragans,666142,57.5,2025-06-02,0,0,9,4,5,6,113,Unusable
Logan Webb,657277,89.7,2025-07-21,0,0,12,4,6,6,110,Unusable
Hunter Greene,668881,97.59,2025-04-14,0,0,9,4,5,6,121,Unusable
Freddy Peralta,642547,106.07,2025-07-28,0,0,12,3,5,6,108,Unusable
Max Fried,608331,108.44,2025-05-26,0,0,15,3,6,6,114,Unusable
Max Fried,608331,108.44,2025-07-07,0,0,9,2,3,6,104,Unusable
Bryce Miller,682243,120.1,2025-05-05,0,0,27,4,11,6,125,Unusable
Bryce Miller,682243,120.1,2025-06-02,0,0,15,2,5,6,113,Unusable
Jack Flaherty,656427,136.28,2025-05-05,0,0,9,4,5,6,125,Unusable
Cristopher Sanchez,650911,137.12,2025-04-21,0,0,6,2,2,6,124,Unusable
Jose Berrios,621244,167.54,2025-09-01,0,0,6,2,2,6,99,Unusable
Zach Eflin,621107,184.56,2025-05-19,0,0,15,1,4,6,119,Unusable
Nathan Eovaldi,543135,193.86,2025-06-23,0,0,9,2,3,6,109,Unusable
Max Scherzer,453286,213.93,2025-03-24,0,0,9,1,2,6,92,Unusable
Nestor Cortes,641482,223.32,2025-08-25,0,0,9,2,3,6,110,Unusable
Grant Holmes,656550,230.63,2025-07-21,0,0,12,2,4,6,110,Unusable
Luis Severino,622663,232.8,2025-09-08,0,0,15,2,5,6,105,Unusable
Erick Fedde,607200,237.02,2025-07-21,0,0,9,5,6,6,110,Unusable
Jeffrey Springs,605488,237.55,2025-03-31,0,0,9,3,4,6,123,Unusable
Tomoyuki Sugano,608372,238.15,2025-09-15,0,0,9,3,4,6,106,Unusable
Michael Wacha,608379,238.28,2025-05-19,0,0,15,1,4,6,119,Unusable
Justin Verlander,434378,238.33,2025-06-30,0,0,9,5,6,6,108,Unusable
Cristian Javier,664299,238.76,2025-08-18,0,0,6,3,3,6,107,Unusable
Will Warren,701542,238.96,2025-08-18,0,0,12,3,5,6,107,Unusable
Drew Rasmussen,656876,239.34,2025-07-07,0,0,6,1,1,6,104,Unusable
JP Sears,676664,239.71,2025-05-12,0,0,12,2,4,6,118,Unusable
Andrew Heaney,571760,239.82,2025-08-11,0,0,12,3,5,6,107,Unusable
Miles Mikolas,571945,239.88,2025-03-31,0,0,24,4,10,6,123,Unusable
Miles Mikolas,571945,239.88,2025-06-30,0,0,18,4,8,6,108,Unusable
Miles Mikolas,571945,239.88,2025-07-14,0,0,12,3,5,6,67,Unusable
German Marquez,608566,239.88,2025-06-30,0,0,18,2,6,6,108,Unusable
German Marquez,608566,239.88,2025-07-14,0,0,9,2,3,6,67,Unusable
Mitchell Parker,680730,239.95,2025-08-18,0,0,15,3,6,6,107,Unusable
Simeon Woods Richardson,680573,239.99,2025-05-12,0,0,12,4,6,6,118,Unusable
Simeon Woods Richardson,680573,239.99,2025-07-21,0,0,9,2,3,6,110,Unusable
Jake Irvin,663623,NA,2025-04-28,0,0,18,2,6,6,121,Unusable
Griffin Jax,643377,NA,2025-09-01,0,0,3,1,0,6,99,Unusable
Griffin Jax,643377,NA,2025-09-08,0,0,3,1,0,6,105,Unusable
Emerson Hancock,676106,NA,2025-06-30,0,0,18,1,5,6,108,Unusable
Tyler Holton,663947,NA,2025-06-09,0,0,3,1,0,6,117,Unusable
Carmen Mlodzinski,669387,NA,2025-09-01,0,0,6,1,1,6,99,Unusable
Jalen Beeks,656222,NA,2025-08-18,0,0,3,1,0,6,107,Unusable
Huascar Brazoban,623211,NA,2025-04-14,0,0,3,1,0,6,121,Unusable
Huascar Brazoban,623211,NA,2025-06-30,0,0,3,1,0,6,108,Unusable
Spencer Schwellenbach,680885,86.92,2025-04-14,0,0,14,3,6,5,123,Unusable
Spencer Schwellenbach,680885,86.92,2025-04-28,0,0,11,4,6,5,122,Unusable
Roki Sasaki,808963,100.42,2025-03-24,0,0,5,2,2,5,93,Unusable
Spencer Arrighetti,681293,157.16,2025-03-31,0,0,11,3,5,5,125,Unusable
Brandon Pfaadt,694297,168.26,2025-09-08,0,0,14,2,5,5,107,Unusable
Brady Singer,663903,227.02,2025-08-04,0,0,11,2,4,5,104,Unusable
Luis Severino,622663,232.8,2025-06-23,0,0,26,5,12,5,110,Unusable
Dustin May,669160,236.03,2025-07-07,0,0,14,4,7,5,106,Unusable
Tomoyuki Sugano,608372,238.15,2025-04-07,0,0,14,0,3,5,127,Unusable
Tomoyuki Sugano,608372,238.15,2025-06-23,1,0,15,2,7,5,110,Unusable
Lucas Giolito,608337,238.53,2025-08-04,0,0,14,1,4,5,104,Unusable
Will Warren,701542,238.96,2025-04-14,0,0,5,1,1,5,123,Unusable
German Marquez,608566,239.88,2025-04-28,0,0,29,4,12,5,122,Unusable
Antonio Senzatela,622608,239.92,2025-05-12,0,0,14,3,6,5,120,Unusable
David Festa,701581,239.97,2025-06-02,0,0,11,6,8,5,115,Unusable
Chase Dollander,801403,239.99,2025-08-18,0,0,11,5,7,5,111,Unusable
Trevor Williams,592866,NA,2025-05-19,0,0,11,3,5,5,121,Unusable
Jack Kochanowicz,686799,NA,2025-04-14,0,0,14,1,4,5,123,Unusable
Tarik Skubal,669373,28.21,2025-09-08,0,0,10,2,4,4,108,Unusable
Kevin Gausman,592332,125.67,2025-06-16,0,0,13,4,7,4,109,Unusable
Jose Berrios,621244,167.54,2025-06-30,0,0,13,3,6,4,113,Unusable
Zach Eflin,621107,184.56,2025-05-12,0,0,16,4,8,4,121,Unusable
Walker Buehler,621111,190.38,2025-07-28,0,0,13,0,3,4,109,Unusable
Luis Severino,622663,232.8,2025-06-30,0,0,13,2,5,4,113,Unusable
Eury Perez,691587,237.61,2025-08-04,0,0,16,1,5,4,106,Unusable
Luis Gil,661563,237.86,2025-07-28,0,0,10,3,5,4,109,Unusable
Justin Verlander,434378,238.33,2025-03-31,0,0,7,2,3,4,126,Unusable
Shane Smith,681343,239.56,2025-06-16,0,0,13,2,5,4,109,Unusable
JP Sears,676664,239.71,2025-05-26,0,0,25,4,11,4,115,Unusable
Andrew Heaney,571760,239.82,2025-07-28,0,0,10,1,3,4,109,Unusable
Antonio Senzatela,622608,239.92,2025-06-23,0,0,13,2,5,4,112,Unusable
Andrew Abbott,671096,239.97,2025-06-30,0,0,10,2,4,4,113,Unusable
Jake Irvin,663623,NA,2025-06-23,0,0,13,5,8,4,112,Unusable
Andre Pallante,669467,NA,2025-04-21,0,0,13,1,4,4,125,Unusable
Carmen Mlodzinski,669387,NA,2025-05-12,0,0,10,2,4,4,121,Unusable
Michael King,650633,76.46,2025-08-04,0,0,6,1,2,3,107,Unusable
Framber Valdez,664285,83.25,2025-09-08,0,0,12,2,5,3,109,Unusable
Tanner Bibee,676440,118.48,2025-03-31,0,0,12,4,7,3,127,Unusable
Yusei Kikuchi,579328,146.02,2025-08-25,0,0,12,3,6,3,111,Unusable
MacKenzie Gore,669022,158.05,2025-09-22,0,0,6,3,4,3,104,Unusable
Jose Berrios,621244,167.54,2025-09-15,0,0,12,0,3,3,107,Unusable
Taj Bradley,671737,174.81,2025-09-15,0,0,12,4,7,3,107,Unusable
Jesus Luzardo,666200,176.07,2025-06-30,0,0,6,4,5,3,116,Unusable
Zach Eflin,621107,184.56,2025-06-16,0,0,24,6,13,3,111,Unusable
Ryan Pepiot,686752,190.49,2025-07-28,0,0,12,4,7,3,112,Unusable
Ryan Weathers,677960,219.68,2025-06-02,0,0,9,1,3,3,116,Unusable
Casey Mize,663554,234.59,2025-07-07,0,0,9,4,6,3,107,Unusable
Tomoyuki Sugano,608372,238.15,2025-09-01,0,0,9,1,3,3,102,Unusable
Jose Soriano,667755,238.37,2025-08-04,0,0,12,4,7,3,107,Unusable
Lucas Giolito,608337,238.53,2025-05-12,0,0,12,3,6,3,123,Unusable
Lucas Giolito,608337,238.53,2025-07-21,0,0,12,2,5,3,114,Unusable
Jameson Taillon,592791,239.25,2025-06-16,0,0,12,2,5,3,111,Unusable
Zack Littell,641793,239.48,2025-04-07,0,0,12,4,7,3,128,Unusable
Michael Lorenzen,547179,239.59,2025-05-26,0,0,15,2,6,3,116,Unusable
Clarke Schmidt,657376,239.76,2025-06-30,0,0,9,1,3,3,116,Unusable
Tyler Anderson,542881,239.77,2025-08-11,0,0,12,1,4,3,108,Unusable
Andrew Heaney,571760,239.82,2025-07-07,0,0,9,2,4,3,107,Unusable
Ryne Nelson,669194,239.82,2025-07-07,0,0,12,1,4,3,107,Unusable
German Marquez,608566,239.88,2025-04-21,0,0,12,3,6,3,126,Unusable
Antonio Senzatela,622608,239.92,2025-07-21,0,0,12,3,6,3,114,Unusable
Clayton Kershaw,477132,239.98,2025-05-12,0,0,12,2,5,3,123,Unusable
Clayton Kershaw,477132,239.98,2025-09-08,0,0,9,2,4,3,109,Unusable
Chris Paddack,663978,239.98,2025-07-07,0,0,15,2,6,3,107,Unusable
Chase Dollander,801403,239.99,2025-09-01,0,0,15,2,6,3,102,Unusable
Jake Irvin,663623,NA,2025-07-28,0,0,12,2,5,3,112,Unusable
Jake Irvin,663623,NA,2025-08-11,0,0,12,3,6,3,108,Unusable
Michael McGreevy,700241,NA,2025-09-01,0,0,12,3,6,3,102,Unusable
Brock Burke,656271,NA,2025-07-21,0,0,3,1,1,3,114,Unusable
Mitch Spence,687765,NA,2025-07-07,0,0,18,3,8,3,107,Unusable
Tyler Holton,663947,NA,2025-09-08,0,0,3,2,2,3,109,Unusable
Jalen Beeks,656222,NA,2025-09-22,0,0,3,1,1,3,104,Unusable
Joe Boyle,671212,NA,2025-08-11,0,0,6,3,4,3,108,Unusable
Kyle Freeland,607536,NA,2025-07-28,0,0,9,0,2,3,112,Unusable
Shota Imanaga,684007,101.3,2025-09-22,0,0,17,3,8,2,106,Unusable
Bailey Ober,641927,118.13,2025-06-09,0,0,14,3,7,2,118,Unusable
Sonny Gray,543243,129.65,2025-05-12,0,0,11,4,7,2,125,Unusable
Brandon Pfaadt,694297,168.26,2025-07-28,0,0,14,3,7,2,115,Unusable
Mitch Keller,656605,182.86,2025-03-31,0,0,11,4,7,2,128,Unusable
Ryan Pepiot,686752,190.49,2025-09-15,0,0,5,3,4,2,109,Unusable
Kris Bubic,663460,238.54,2025-07-21,0,0,8,1,3,2,117,Unusable
Griffin Canning,656288,238.91,2025-05-19,0,0,8,1,3,2,122,Unusable
Sean Burke,680732,239.12,2025-06-09,0,0,11,4,7,2,118,Unusable
Jacob Misiorowski,694819,239.39,2025-06-30,0,0,11,2,5,2,118,Unusable
Chris Paddack,663978,239.98,2025-08-25,0,0,11,0,3,2,112,Unusable
Simeon Woods Richardson,680573,239.99,2025-08-25,0,0,11,2,5,2,112,Unusable
Jake Irvin,663623,NA,2025-05-26,1,0,15,0,6,2,117,Unusable
Michael McGreevy,700241,NA,2025-06-23,0,0,14,1,5,2,114,Unusable
Trevor Williams,592866,NA,2025-04-07,0,0,14,2,6,2,129,Unusable
Hurston Waldrep,694462,NA,2025-09-08,0,0,14,4,8,2,112,Unusable
Kyle Gibson,502043,NA,2025-04-28,0,0,23,5,12,2,124,Unusable
Aaron Nola,605400,75.01,2025-08-11,0,0,7,4,6,1,111,Unusable
Hunter Greene,668881,97.59,2025-09-08,0,0,7,3,5,1,113,Unusable
Sonny Gray,543243,129.65,2025-07-14,0,0,10,5,8,1,69,Unusable
Shane Baz,669358,218.42,2025-05-05,0,0,10,3,6,1,127,Unusable
Brady Singer,663903,227.02,2025-05-05,0,0,25,3,11,1,127,Unusable
Kumar Rocker,677958,231.61,2025-07-07,0,0,13,2,6,1,112,Unusable
Jack Leiter,683004,238.35,2025-04-28,0,0,13,2,6,1,125,Unusable
Cade Povich,700249,239.66,2025-04-14,0,0,10,4,7,1,126,Unusable
Aaron Civale,650644,239.95,2025-08-04,0,0,10,6,9,1,109,Unusable
Anthony Banda,607455,239.95,2025-09-15,0,0,1,1,1,1,110,Unusable
Mitchell Parker,680730,239.95,2025-06-09,0,0,10,3,6,1,120,Unusable
Chase Dollander,801403,239.99,2025-06-30,0,0,19,3,9,1,119,Unusable
Landon Knack,689017,NA,2025-06-02,0,0,10,1,4,1,117,Unusable
Framber Valdez,664285,83.25,2025-08-18,0,0,15,2,7,0,112,Unusable
Bailey Ober,641927,118.13,2025-09-15,0,0,15,1,6,0,111,Unusable
Seth Lugo,607625,136.46,2025-08-11,0,0,12,2,6,0,112,Unusable
Shane Baz,669358,218.42,2025-08-18,0,0,9,3,6,0,112,Unusable
Jose Soriano,667755,238.37,2025-06-23,0,0,12,4,8,0,115,Unusable
Will Warren,701542,238.96,2025-06-30,0,0,12,4,8,0,120,Unusable
David Peterson,656849,239.2,2025-09-15,0,0,15,1,6,0,111,Unusable
Max Meyer,676974,239.43,2025-04-28,0,0,15,0,5,0,126,Unusable
Michael Lorenzen,547179,239.59,2025-09-08,0,0,9,3,6,0,114,Unusable
Andrew Heaney,571760,239.82,2025-06-23,0,0,12,3,7,0,115,Unusable
Ben Brown,676962,239.83,2025-06-23,0,0,15,3,8,0,115,Unusable
Jordan Hicks,663855,239.84,2025-04-07,0,0,12,3,7,0,130,Unusable
Aaron Civale,650644,239.95,2025-03-24,0,0,9,2,5,0,94,Unusable
Mitchell Parker,680730,239.95,2025-04-28,0,0,12,1,5,0,126,Unusable
Mitchell Parker,680730,239.95,2025-08-11,0,0,21,3,10,0,112,Unusable
Mitchell Parker,680730,239.95,2025-09-15,0,0,15,1,6,0,111,Unusable
Chris Paddack,663978,239.98,2025-08-04,0,0,12,0,4,0,110,Unusable
Matthew Liberatore,669461,NA,2025-09-08,0,0,12,1,5,0,114,Unusable
Davis Martin,663436,NA,2025-03-31,0,0,15,2,7,0,129,Unusable
Trevor Williams,592866,NA,2025-06-30,0,0,9,4,7,0,120,Unusable
Emerson Hancock,676106,NA,2025-06-16,0,0,12,5,9,0,113,Unusable
Andre Pallante,669467,NA,2025-07-07,0,0,18,1,7,0,113,Unusable
Kyle Freeland,607536,NA,2025-05-05,0,0,9,2,5,0,129,Unusable
Kyle Freeland,607536,NA,2025-06-23,0,0,12,2,6,0,115,Unusable
Trevor Rogers,669432,NA,2025-09-22,0,0,9,3,6,0,107,Unusable
Jackson Jobe,695549,180.19,2025-05-05,0,0,11,2,6,-1,130,Unusable
Shane Baz,669358,218.42,2025-04-28,0,0,17,1,7,-1,128,Unusable
Jose Soriano,667755,238.37,2025-06-02,0,0,11,3,7,-1,118,Unusable
Eduardo Rodriguez,593958,239.58,2025-05-05,0,0,8,3,6,-1,130,Unusable
Nick Martinez,607259,239.65,2025-06-16,0,0,8,4,7,-1,114,Unusable
Tyler Anderson,542881,239.77,2025-05-19,0,0,14,0,5,-1,123,Unusable
Miles Mikolas,571945,239.88,2025-08-18,0,0,8,1,4,-1,114,Unusable
Brennan Bernardino,657514,NA,2025-09-01,0,0,2,0,1,-1,105,Unusable
Jack Kochanowicz,686799,NA,2025-04-07,0,0,14,1,6,-1,131,Unusable
Jose Quintana,500779,NA,2025-08-25,0,0,11,2,6,-1,114,Unusable
Bowden Francis,670102,233.52,2025-04-28,0,0,22,3,11,-2,129,Unusable
Charlie Morton,450203,238.52,2025-04-14,0,0,22,4,12,-2,127,Unusable
Sean Burke,680732,239.12,2025-03-31,0,0,13,1,6,-2,130,Unusable
Jameson Taillon,592791,239.25,2025-03-24,0,0,13,1,6,-2,95,Unusable
Jacob Misiorowski,694819,239.39,2025-08-11,0,0,4,3,5,-2,114,Unusable
Max Meyer,676974,239.43,2025-05-26,0,0,10,0,4,-2,118,Unusable
Landen Roupp,694738,239.78,2025-08-18,0,0,7,2,5,-2,115,Unusable
German Marquez,608566,239.88,2025-09-22,0,0,13,1,6,-2,108,Unusable
Antonio Senzatela,622608,239.92,2025-04-07,0,0,13,3,8,-2,132,Unusable
Chris Paddack,663978,239.98,2025-03-31,0,0,22,4,12,-2,130,Unusable
Logan Allen,671106,NA,2025-04-21,0,0,13,2,7,-2,127,Unusable
Landon Knack,689017,NA,2025-04-07,0,0,7,2,5,-2,132,Unusable
Tyler Holton,663947,NA,2025-06-16,0,0,4,1,3,-2,115,Unusable
Andre Pallante,669467,NA,2025-06-02,0,0,13,2,7,-2,119,Unusable
Dylan Cease,656302,52.79,2025-04-07,0,0,12,4,9,-3,134,Unusable
Roki Sasaki,808963,100.42,2025-05-05,0,0,12,0,5,-3,132,Unusable
Tyler Glasnow,607192,109,2025-04-21,0,0,3,0,2,-3,128,Unusable
Joe Ryan,657746,132.76,2025-09-01,0,0,6,2,5,-3,106,Unusable
Brandon Pfaadt,694297,168.26,2025-06-02,0,0,9,2,6,-3,120,Unusable
Taj Bradley,671737,174.81,2025-06-02,0,0,12,2,7,-3,120,Unusable
Taj Bradley,671737,174.81,2025-08-18,0,0,15,1,7,-3,116,Unusable
Walker Buehler,621111,190.38,2025-06-02,0,0,6,2,5,-3,120,Unusable
Grant Holmes,656550,230.63,2025-07-07,0,0,9,1,5,-3,114,Unusable
Bowden Francis,670102,233.52,2025-06-02,0,0,15,4,10,-3,120,Unusable
Eury Perez,691587,237.61,2025-09-01,0,0,12,2,7,-3,106,Unusable
Shane Smith,681343,239.56,2025-06-23,0,0,6,2,5,-3,119,Unusable
Andrew Heaney,571760,239.82,2025-06-16,0,0,12,2,7,-3,116,Unusable
Ryne Nelson,669194,239.82,2025-06-02,0,0,9,3,7,-3,120,Unusable
Miles Mikolas,571945,239.88,2025-08-04,0,0,9,1,5,-3,111,Unusable
German Marquez,608566,239.88,2025-05-12,0,0,9,1,5,-3,126,Unusable
Antonio Senzatela,622608,239.92,2025-05-26,0,0,12,2,7,-3,119,Unusable
Antonio Senzatela,622608,239.92,2025-06-09,0,0,12,2,7,-3,121,Unusable
Mitchell Parker,680730,239.95,2025-07-28,0,0,12,3,8,-3,116,Unusable
Kyle Hendricks,543294,239.97,2025-04-21,0,0,9,3,7,-3,128,Unusable
Matthew Liberatore,669461,NA,2025-06-02,0,0,12,2,7,-3,120,Unusable
Cade Horton,690990,NA,2025-06-23,0,0,12,2,7,-3,119,Unusable
Martin Perez,527048,NA,2025-04-14,0,0,9,0,4,-3,128,Unusable
Carmen Mlodzinski,669387,NA,2025-04-14,0,0,12,0,5,-3,128,Unusable
Gunnar Hoglund,680684,NA,2025-05-26,0,0,18,1,8,-3,119,Unusable
Ryan Pepiot,686752,190.49,2025-06-23,0,0,5,1,4,-4,121,Unusable
Kumar Rocker,677958,231.61,2025-04-21,0,0,5,2,5,-4,130,Unusable
Erick Fedde,607200,237.02,2025-06-23,0,0,11,2,7,-4,121,Unusable
Michael Wacha,608379,238.28,2025-09-15,0,0,23,4,13,-4,114,Unusable
Justin Verlander,434378,238.33,2025-07-14,0,0,8,0,4,-4,70,Unusable
Nick Martinez,607259,239.65,2025-08-11,0,0,8,1,5,-4,115,Unusable
Cal Quantrill,615698,NA,2025-08-11,0,0,11,2,7,-4,115,Unusable
Ryan Feltner,663372,NA,2025-04-14,0,0,8,1,5,-4,130,Unusable
Nestor Cortes,641482,223.32,2025-09-01,0,0,7,2,6,-5,108,Unusable
Jose Soriano,667755,238.37,2025-09-01,0,0,7,4,8,-5,108,Unusable
Jose Soriano,667755,238.37,2025-09-15,0,0,4,0,3,-5,115,Unusable
Yu Darvish,506433,239.07,2025-07-21,0,0,10,3,8,-5,118,Unusable
Jake Irvin,663623,NA,2025-09-01,0,0,10,2,7,-5,108,Unusable
Mitch Spence,687765,NA,2025-09-15,0,0,10,1,6,-5,115,Unusable
Spencer Strider,675911,71.74,2025-08-11,0,0,12,2,8,-6,117,Unusable
Spencer Strider,675911,71.74,2025-08-18,0,0,9,2,7,-6,117,Unusable
Shota Imanaga,684007,101.3,2025-07-21,0,0,9,2,7,-6,119,Unusable
Sandy Alcantara,645261,112.89,2025-05-26,0,0,12,0,6,-6,121,Unusable
Seth Lugo,607625,136.46,2025-08-04,0,0,12,1,7,-6,112,Unusable
Yusei Kikuchi,579328,146.02,2025-04-21,0,0,6,0,4,-6,131,Unusable
Hayden Birdsong,806185,236.52,2025-06-23,0,0,12,1,7,-6,123,Unusable
Erick Fedde,607200,237.02,2025-03-31,0,0,9,1,6,-6,132,Unusable
Jeffrey Springs,605488,237.55,2025-05-26,0,0,6,2,6,-6,121,Unusable
Andrew Heaney,571760,239.82,2025-07-14,0,0,12,1,7,-6,71,Unusable
Jordan Hicks,663855,239.84,2025-05-12,0,0,6,1,5,-6,127,Unusable
Logan Allen,671106,NA,2025-08-18,0,0,15,2,9,-6,117,Unusable
Jack Kochanowicz,686799,NA,2025-08-04,0,0,9,1,6,-6,112,Unusable
Martin Perez,527048,NA,2025-09-01,0,0,12,0,6,-6,111,Unusable
Sandy Alcantara,645261,112.89,2025-04-28,0,0,8,2,7,-7,130,Unusable
Bailey Ober,641927,118.13,2025-03-24,0,0,8,3,8,-7,96,Unusable
Taj Bradley,671737,174.81,2025-07-21,0,0,5,0,4,-7,120,Unusable
Mitchell Parker,680730,239.95,2025-07-07,0,0,14,0,7,-7,115,Unusable
Osvaldo Bido,674370,239.98,2025-05-12,0,0,5,2,6,-7,128,Unusable
Jack Kochanowicz,686799,NA,2025-07-07,0,0,8,3,8,-7,115,Unusable
Jack Flaherty,656427,136.28,2025-06-16,0,0,7,3,8,-8,117,Unusable
Taj Bradley,671737,174.81,2025-06-16,0,0,4,2,6,-8,117,Unusable
Walker Buehler,621111,190.38,2025-06-16,0,0,10,2,8,-8,117,Unusable
Charlie Morton,450203,238.52,2025-09-15,0,0,4,2,6,-8,117,Unusable
David Peterson,656849,239.2,2025-09-22,0,0,4,1,5,-8,109,Unusable
German Marquez,608566,239.88,2025-09-08,0,0,22,2,12,-8,116,Unusable
Sandy Alcantara,645261,112.89,2025-04-14,0,0,6,1,6,-9,131,Unusable
Zach Eflin,621107,184.56,2025-06-23,0,0,3,0,4,-9,124,Unusable
Chris Bassitt,605135,203.48,2025-06-23,0,0,6,3,8,-9,124,Unusable
Dean Kremer,665152,239.89,2025-08-25,0,0,9,1,7,-9,115,Unusable
Chris Paddack,663978,239.98,2025-06-09,0,0,12,1,8,-9,122,Unusable
Chase Dollander,801403,239.99,2025-05-05,0,0,9,0,6,-9,133,Unusable
Matthew Liberatore,669461,NA,2025-07-07,0,0,9,0,6,-9,117,Unusable
Aaron Nola,605400,75.01,2025-05-12,0,0,11,2,9,-10,129,Unusable
Bubba Chandler,696149,228.57,2025-09-01,0,0,8,3,9,-10,112,Unusable
Merrill Kelly,518876,229.59,2025-03-31,0,0,11,2,9,-10,133,Unusable
Marcus Stroman,573186,238.94,2025-04-07,0,0,2,1,5,-10,135,Unusable
MacKenzie Gore,669022,158.05,2025-07-14,0,0,7,2,8,-11,72,Unusable
Jesus Luzardo,666200,176.07,2025-06-02,0,0,7,2,8,-11,126,Unusable
Erick Fedde,607200,237.02,2025-06-30,0,0,19,0,10,-11,122,Unusable
Will Warren,701542,238.96,2025-05-26,0,0,4,2,7,-11,123,Unusable
German Marquez,608566,239.88,2025-08-25,0,0,13,0,8,-11,116,Unusable
Cal Quantrill,615698,NA,2025-04-14,0,0,10,0,7,-11,132,Unusable
George Kirby,669923,127.32,2025-09-01,0,0,6,1,7,-12,113,Unusable
Nestor Cortes,641482,223.32,2025-03-24,0,0,6,2,8,-12,97,Unusable
Richard Fitts,690916,239.84,2025-06-02,0,0,3,0,5,-12,127,Unusable
Zebby Matthews,805673,NA,2025-09-15,0,0,9,2,9,-12,118,Unusable
Max Scherzer,453286,213.93,2025-09-15,0,0,2,2,7,-13,119,Unusable
Eury Perez,691587,237.61,2025-08-25,0,0,2,0,5,-13,117,Unusable
Lucas Giolito,608337,238.53,2025-06-02,0,0,5,1,7,-13,128,Unusable
Landen Roupp,694738,239.78,2025-06-09,0,0,5,0,6,-13,123,Unusable
Kyle Gibson,502043,NA,2025-05-12,0,0,2,1,6,-13,130,Unusable
Jonathan Cannon,686563,NA,2025-08-04,0,0,5,1,7,-13,114,Unusable
Andre Pallante,669467,NA,2025-08-04,0,0,5,0,6,-13,114,Unusable
Jesus Luzardo,666200,176.07,2025-05-26,0,0,10,4,12,-14,124,Unusable
Hayden Birdsong,806185,236.52,2025-07-21,0,0,0,0,5,-15,121,Unusable
David Peterson,656849,239.2,2025-08-25,0,0,6,1,8,-15,118,Unusable
German Marquez,608566,239.88,2025-04-14,0,0,2,1,7,-16,133,Unusable
Emerson Hancock,676106,NA,2025-03-31,0,0,2,0,6,-16,134,Unusable
Cal Quantrill,615698,NA,2025-08-25,0,0,10,0,9,-17,119,Unusable
Jack Kochanowicz,686799,NA,2025-08-25,0,0,10,1,10,-17,119,Unusable
Antonio Senzatela,622608,239.92,2025-07-28,0,0,2,0,8,-22,117,Unusable
Brandon Pfaadt,694297,168.26,2025-05-26,0,0,0,0,8,-24,125,Unusable
Tanner Houck,656557,205.65,2025-05-12,0,0,7,0,11,-26,131,Unusable
